date,Open,High,Low,Close,Volume
2008-01-02,55.610000610351562,55.610000610351562,55.610000610351562,55.610000610351562,0
2008-01-03,55.569999694824219,55.569999694824219,55.569999694824219,55.569999694824219,0
2008-01-04,54.569999694824219,54.569999694824219,54.569999694824219,54.569999694824219,0
2008-01-07,54.630001068115234,54.630001068115234,54.630001068115234,54.630001068115234,0
2008-01-08,55.060001373291016,55.060001373291016,55.060001373291016,55.060001373291016,0
2008-01-09,54.459999084472656,54.459999084472656,54.459999084472656,54.459999084472656,0
2008-01-10,54.110000610351562,54.110000610351562,54.110000610351562,54.110000610351562,0
2008-01-11,53.819999694824219,53.819999694824219,53.819999694824219,53.819999694824219,0
2008-01-14,54.139999389648438,54.139999389648438,54.139999389648438,54.139999389648438,0
2008-01-15,52.610000610351562,52.610000610351562,52.610000610351562,52.610000610351562,0
2008-01-16,52.360000610351562,52.360000610351562,52.360000610351562,52.360000610351562,0
2008-01-17,51.669998168945312,51.669998168945312,51.669998168945312,51.669998168945312,0
2008-01-18,51.020000457763672,51.020000457763672,51.020000457763672,51.020000457763672,0
2008-01-21,47.529998779296875,47.529998779296875,47.529998779296875,47.529998779296875,0
2008-01-22,48.520000457763672,48.520000457763672,48.520000457763672,48.520000457763672,0
2008-01-23,46.450000762939453,46.450000762939453,46.450000762939453,46.450000762939453,0
2008-01-24,49.25,49.25,49.25,49.25,0
2008-01-25,48.869998931884766,48.869998931884766,48.869998931884766,48.869998931884766,0
2008-01-28,48.569999694824219,48.569999694824219,48.569999694824219,48.569999694824219,0
2008-01-29,49.509998321533203,49.509998321533203,49.509998321533203,49.509998321533203,0
2008-01-30,48.830001831054688,48.830001831054688,48.830001831054688,48.830001831054688,0
2008-01-31,48.790000915527344,48.790000915527344,48.790000915527344,48.790000915527344,0
2008-02-01,49.869998931884766,49.869998931884766,49.869998931884766,49.869998931884766,0
2008-02-04,49.830001831054688,49.830001831054688,49.830001831054688,49.830001831054688,0
2008-02-05,47.849998474121094,47.849998474121094,47.849998474121094,47.849998474121094,0
2008-02-06,48.25,48.25,48.25,48.25,0
2008-02-07,47.319999694824219,47.319999694824219,47.319999694824219,47.319999694824219,0
2008-02-08,47.180000305175781,47.180000305175781,47.180000305175781,47.180000305175781,0
2008-02-11,46.909999847412109,46.909999847412109,46.909999847412109,46.909999847412109,0
2008-02-12,48.490001678466797,48.490001678466797,48.490001678466797,48.490001678466797,0
2008-02-13,48.639999389648438,48.639999389648438,48.639999389648438,48.639999389648438,0
2008-02-14,48.669998168945312,48.669998168945312,48.669998168945312,48.669998168945312,0
2008-02-15,47.799999237060547,47.799999237060547,47.799999237060547,47.799999237060547,0
2008-02-18,48.700000762939453,48.700000762939453,48.700000762939453,48.700000762939453,0
2008-02-19,48.939998626708984,48.939998626708984,48.939998626708984,48.939998626708984,0
2008-02-20,48.209999084472656,48.209999084472656,48.209999084472656,48.209999084472656,0
2008-02-21,48.669998168945312,48.669998168945312,48.669998168945312,48.669998168945312,0
2008-02-22,48.330001831054688,48.330001831054688,48.330001831054688,48.330001831054688,0
2008-02-25,49.279998779296875,49.279998779296875,49.279998779296875,49.279998779296875,0
2008-02-26,49.819999694824219,49.819999694824219,49.819999694824219,49.819999694824219,0
2008-02-27,49.770000457763672,49.770000457763672,49.770000457763672,49.770000457763672,0
2008-02-28,48.740001678466797,48.740001678466797,48.740001678466797,48.740001678466797,0
2008-02-29,47.990001678466797,47.990001678466797,47.990001678466797,47.990001678466797,0
2008-03-03,47.520000457763672,47.520000457763672,47.520000457763672,47.520000457763672,0
2008-03-04,46.849998474121094,46.849998474121094,46.849998474121094,46.849998474121094,0
2008-03-05,47.650001525878906,47.650001525878906,47.650001525878906,47.650001525878906,0
2008-03-06,46.869998931884766,46.869998931884766,46.869998931884766,46.869998931884766,0
2008-03-07,46.270000457763672,46.270000457763672,46.270000457763672,46.270000457763672,0
2008-03-10,45.75,45.75,45.75,45.75,0
2008-03-11,46.360000610351562,46.360000610351562,46.360000610351562,46.360000610351562,0
2008-03-12,47.060001373291016,47.060001373291016,47.060001373291016,47.060001373291016,0
2008-03-13,46.380001068115234,46.380001068115234,46.380001068115234,46.380001068115234,0
2008-03-14,46,46,46,46,0
2008-03-17,44.389999389648438,44.389999389648438,44.389999389648438,44.389999389648438,0
2008-03-18,45.909999847412109,45.909999847412109,45.909999847412109,45.909999847412109,0
2008-03-19,45.639999389648438,45.639999389648438,45.639999389648438,45.639999389648438,0
2008-03-20,45.419998168945312,45.419998168945312,45.419998168945312,45.419998168945312,0
2008-03-25,47,47,47,47,0
2008-03-26,46.849998474121094,46.849998474121094,46.849998474121094,46.849998474121094,0
2008-03-27,47.279998779296875,47.279998779296875,47.279998779296875,47.279998779296875,0
2008-03-28,47.040000915527344,47.040000915527344,47.040000915527344,47.040000915527344,0
2008-03-31,47.150001525878906,47.150001525878906,47.150001525878906,47.150001525878906,0
2008-04-01,48.740001678466797,48.740001678466797,48.740001678466797,48.740001678466797,0
2008-04-02,49.200000762939453,49.200000762939453,49.200000762939453,49.200000762939453,0
2008-04-03,48.959999084472656,48.959999084472656,48.959999084472656,48.959999084472656,0
2008-04-04,49.090000152587891,49.090000152587891,49.090000152587891,49.090000152587891,0
2008-04-07,49.529998779296875,49.529998779296875,49.529998779296875,49.529998779296875,0
2008-04-08,49.209999084472656,49.209999084472656,49.209999084472656,49.209999084472656,0
2008-04-09,48.830001831054688,48.830001831054688,48.830001831054688,48.830001831054688,0
2008-04-10,48.680000305175781,48.680000305175781,48.680000305175781,48.680000305175781,0
2008-04-11,48.060001373291016,48.060001373291016,48.060001373291016,48.060001373291016,0
2008-04-14,47.75,47.75,47.75,47.75,0
2008-04-15,47.889999389648438,47.889999389648438,47.889999389648438,47.889999389648438,0
2008-04-16,48.630001068115234,48.630001068115234,48.630001068115234,48.630001068115234,0
2008-04-17,48.700000762939453,48.700000762939453,48.700000762939453,48.700000762939453,0
2008-04-18,49.740001678466797,49.740001678466797,49.740001678466797,49.740001678466797,0
2008-04-21,49.229999542236328,49.229999542236328,49.229999542236328,49.229999542236328,0
2008-04-22,48.849998474121094,48.849998474121094,48.849998474121094,48.849998474121094,0
2008-04-23,49.569999694824219,49.569999694824219,49.569999694824219,49.569999694824219,0
2008-04-24,49.529998779296875,49.529998779296875,49.529998779296875,49.529998779296875,0
2008-04-25,50.080001831054688,50.080001831054688,50.080001831054688,50.080001831054688,0
2008-04-28,50.450000762939453,50.450000762939453,50.450000762939453,50.450000762939453,0
2008-04-29,50.090000152587891,50.090000152587891,50.090000152587891,50.090000152587891,0
2008-04-30,50.279998779296875,50.279998779296875,50.279998779296875,50.279998779296875,0
2008-05-02,51.029998779296875,51.029998779296875,51.029998779296875,51.029998779296875,0
2008-05-05,50.970001220703125,50.970001220703125,50.970001220703125,50.970001220703125,0
2008-05-06,50.740001678466797,50.740001678466797,50.740001678466797,50.740001678466797,0
2008-05-07,51.080001831054688,51.080001831054688,51.080001831054688,51.080001831054688,0
2008-05-08,50.889999389648438,50.889999389648438,50.889999389648438,50.889999389648438,0
2008-05-09,50.130001068115234,50.130001068115234,50.130001068115234,50.130001068115234,0
2008-05-12,50.330001831054688,50.330001831054688,50.330001831054688,50.330001831054688,0
2008-05-13,50.560001373291016,50.560001373291016,50.560001373291016,50.560001373291016,0
2008-05-14,51.159999847412109,51.159999847412109,51.159999847412109,51.159999847412109,0
2008-05-15,51.200000762939453,51.200000762939453,51.200000762939453,51.200000762939453,0
2008-05-16,51.529998779296875,51.529998779296875,51.529998779296875,51.529998779296875,0
2008-05-19,52.180000305175781,52.180000305175781,52.180000305175781,52.180000305175781,0
2008-05-20,51.470001220703125,51.470001220703125,51.470001220703125,51.470001220703125,0
2008-05-21,51.220001220703125,51.220001220703125,51.220001220703125,51.220001220703125,0
2008-05-22,51.299999237060547,51.299999237060547,51.299999237060547,51.299999237060547,0
2008-05-23,50.360000610351562,50.360000610351562,50.360000610351562,50.360000610351562,0
2008-05-26,50.569999694824219,50.569999694824219,50.569999694824219,50.569999694824219,0
2008-05-27,50.299999237060547,50.299999237060547,50.299999237060547,50.299999237060547,0
2008-05-28,50.979999542236328,50.979999542236328,50.979999542236328,50.979999542236328,0
2008-05-29,51.169998168945312,51.169998168945312,51.169998168945312,51.169998168945312,0
2008-05-30,51.580001831054688,51.580001831054688,51.580001831054688,51.580001831054688,0
2008-06-02,50.779998779296875,50.779998779296875,50.779998779296875,50.779998779296875,0
2008-06-03,51.299999237060547,51.299999237060547,51.299999237060547,51.299999237060547,0
2008-06-04,50.590000152587891,50.590000152587891,50.590000152587891,50.590000152587891,0
2008-06-05,50.509998321533203,50.509998321533203,50.509998321533203,50.509998321533203,0
2008-06-06,49.360000610351562,49.360000610351562,49.360000610351562,49.360000610351562,0
2008-06-09,49.400001525878906,49.400001525878906,49.400001525878906,49.400001525878906,0
2008-06-10,49,49,49,49,0
2008-06-11,47.990001678466797,47.990001678466797,47.990001678466797,47.990001678466797,0
2008-06-12,48.110000610351562,48.110000610351562,48.110000610351562,48.110000610351562,0
2008-06-13,48.229999542236328,48.229999542236328,48.229999542236328,48.229999542236328,0
2008-06-16,48.009998321533203,48.009998321533203,48.009998321533203,48.009998321533203,0
2008-06-17,48.310001373291016,48.310001373291016,48.310001373291016,48.310001373291016,0
2008-06-18,47.610000610351562,47.610000610351562,47.610000610351562,47.610000610351562,0
2008-06-19,47.319999694824219,47.319999694824219,47.319999694824219,47.319999694824219,0
2008-06-20,46.470001220703125,46.470001220703125,46.470001220703125,46.470001220703125,0
2008-06-23,46.5,46.5,46.5,46.5,0
2008-06-24,46.110000610351562,46.110000610351562,46.110000610351562,46.110000610351562,0
2008-06-25,46.75,46.75,46.75,46.75,0
2008-06-26,45.619998931884766,45.619998931884766,45.619998931884766,45.619998931884766,0
2008-06-27,45.330001831054688,45.330001831054688,45.330001831054688,45.330001831054688,0
2008-06-30,45.720001220703125,45.720001220703125,45.720001220703125,45.720001220703125,0
2008-07-01,44.75,44.75,44.75,44.75,0
2008-07-02,44.290000915527344,44.290000915527344,44.290000915527344,44.290000915527344,0
2008-07-03,44.779998779296875,44.779998779296875,44.779998779296875,44.779998779296875,0
2008-07-04,43.979999542236328,43.979999542236328,43.979999542236328,43.979999542236328,0
2008-07-07,44.759998321533203,44.759998321533203,44.759998321533203,44.759998321533203,0
2008-07-08,44.069999694824219,44.069999694824219,44.069999694824219,44.069999694824219,0
2008-07-09,44.729999542236328,44.729999542236328,44.729999542236328,44.729999542236328,0
2008-07-10,43.630001068115234,43.630001068115234,43.630001068115234,43.630001068115234,0
2008-07-11,42.270000457763672,42.270000457763672,42.270000457763672,42.270000457763672,0
2008-07-14,42.720001220703125,42.720001220703125,42.720001220703125,42.720001220703125,0
2008-07-15,41.869998931884766,41.869998931884766,41.869998931884766,41.869998931884766,0
2008-07-16,42.400001525878906,42.400001525878906,42.400001525878906,42.400001525878906,0
2008-07-17,43.580001831054688,43.580001831054688,43.580001831054688,43.580001831054688,0
2008-07-18,44.330001831054688,44.330001831054688,44.330001831054688,44.330001831054688,0
2008-07-21,44.619998931884766,44.619998931884766,44.619998931884766,44.619998931884766,0
2008-07-22,44.619998931884766,44.619998931884766,44.619998931884766,44.619998931884766,0
2008-07-23,45.459999084472656,45.459999084472656,45.459999084472656,45.459999084472656,0
2008-07-24,44.830001831054688,44.830001831054688,44.830001831054688,44.830001831054688,0
2008-07-25,45.139999389648438,45.139999389648438,45.139999389648438,45.139999389648438,0
2008-07-28,44.590000152587891,44.590000152587891,44.590000152587891,44.590000152587891,0
2008-07-29,44.549999237060547,44.549999237060547,44.549999237060547,44.549999237060547,0
2008-07-30,45.369998931884766,45.369998931884766,45.369998931884766,45.369998931884766,0
2008-07-31,45.290000915527344,45.290000915527344,45.290000915527344,45.290000915527344,0
2008-08-01,44.479999542236328,44.479999542236328,44.479999542236328,44.479999542236328,0
2008-08-04,44.139999389648438,44.139999389648438,44.139999389648438,44.139999389648438,0
2008-08-05,43.889999389648438,43.889999389648438,43.889999389648438,43.889999389648438,0
2008-08-06,44.509998321533203,44.509998321533203,44.509998321533203,44.509998321533203,0
2008-08-07,44.599998474121094,44.599998474121094,44.599998474121094,44.599998474121094,0
2008-08-08,44.939998626708984,44.939998626708984,44.939998626708984,44.939998626708984,0
2008-08-11,45.409999847412109,45.409999847412109,45.409999847412109,45.409999847412109,0
2008-08-12,45.209999084472656,45.209999084472656,45.209999084472656,45.209999084472656,0
2008-08-13,44.049999237060547,44.049999237060547,44.049999237060547,44.049999237060547,0
2008-08-14,44.229999542236328,44.229999542236328,44.229999542236328,44.229999542236328,0
2008-08-15,44.560001373291016,44.560001373291016,44.560001373291016,44.560001373291016,0
2008-08-18,44.509998321533203,44.509998321533203,44.509998321533203,44.509998321533203,0
2008-08-19,43.349998474121094,43.349998474121094,43.349998474121094,43.349998474121094,0
2008-08-20,43.680000305175781,43.680000305175781,43.680000305175781,43.680000305175781,0
2008-08-21,43.069999694824219,43.069999694824219,43.069999694824219,43.069999694824219,0
2008-08-22,44.029998779296875,44.029998779296875,44.029998779296875,44.029998779296875,0
2008-08-25,43.580001831054688,43.580001831054688,43.580001831054688,43.580001831054688,0
2008-08-26,43.709999084472656,43.709999084472656,43.709999084472656,43.709999084472656,0
2008-08-27,43.75,43.75,43.75,43.75,0
2008-08-28,44.639999389648438,44.639999389648438,44.639999389648438,44.639999389648438,0
2008-08-29,44.849998474121094,44.849998474121094,44.849998474121094,44.849998474121094,0
2008-09-01,44.740001678466797,44.740001678466797,44.740001678466797,44.740001678466797,0
2008-09-02,45.419998168945312,45.419998168945312,45.419998168945312,45.419998168945312,0
2008-09-03,44.5,44.5,44.5,44.5,0
2008-09-04,43.069999694824219,43.069999694824219,43.069999694824219,43.069999694824219,0
2008-09-05,41.990001678466797,41.990001678466797,41.990001678466797,41.990001678466797,0
2008-09-08,43.5,43.5,43.5,43.5,0
2008-09-09,43.029998779296875,43.029998779296875,43.029998779296875,43.029998779296875,0
2008-09-10,42.930000305175781,42.930000305175781,42.930000305175781,42.930000305175781,0
2008-09-11,42.580001831054688,42.580001831054688,42.580001831054688,42.580001831054688,0
2008-09-12,43.419998168945312,43.419998168945312,43.419998168945312,43.419998168945312,0
2008-09-15,41.779998779296875,41.779998779296875,41.779998779296875,41.779998779296875,0
2008-09-16,40.959999084472656,40.959999084472656,40.959999084472656,40.959999084472656,0
2008-09-17,40.080001831054688,40.080001831054688,40.080001831054688,40.080001831054688,0
2008-09-18,39.659999847412109,39.659999847412109,39.659999847412109,39.659999847412109,0
2008-09-19,43.330001831054688,43.330001831054688,43.330001831054688,43.330001831054688,0
2008-09-22,42.319999694824219,42.319999694824219,42.319999694824219,42.319999694824219,0
2008-09-23,41.479999542236328,41.479999542236328,41.479999542236328,41.479999542236328,0
2008-09-24,41.229999542236328,41.229999542236328,41.229999542236328,41.229999542236328,0
2008-09-25,42.349998474121094,42.349998474121094,42.349998474121094,42.349998474121094,0
2008-09-26,41.709999084472656,41.709999084472656,41.709999084472656,41.709999084472656,0
2008-09-29,39.599998474121094,39.599998474121094,39.599998474121094,39.599998474121094,0
2008-09-30,40.400001525878906,40.400001525878906,40.400001525878906,40.400001525878906,0
2008-10-01,40.619998931884766,40.619998931884766,40.619998931884766,40.619998931884766,0
2008-10-02,39.700000762939453,39.700000762939453,39.700000762939453,39.700000762939453,0
2008-10-03,40.880001068115234,40.880001068115234,40.880001068115234,40.880001068115234,0
2008-10-06,37.189998626708984,37.189998626708984,37.189998626708984,37.189998626708984,0
2008-10-07,37.380001068115234,37.380001068115234,37.380001068115234,37.380001068115234,0
2008-10-08,35.029998779296875,35.029998779296875,35.029998779296875,35.029998779296875,0
2008-10-09,34.479999542236328,34.479999542236328,34.479999542236328,34.479999542236328,0
2008-10-10,31.819999694824219,31.819999694824219,31.819999694824219,31.819999694824219,0
2008-10-13,35.380001068115234,35.380001068115234,35.380001068115234,35.380001068115234,0
2008-10-14,36.349998474121094,36.349998474121094,36.349998474121094,36.349998474121094,0
2008-10-15,33.869998931884766,33.869998931884766,33.869998931884766,33.869998931884766,0
2008-10-16,31.860000610351562,31.860000610351562,31.860000610351562,31.860000610351562,0
2008-10-17,33.360000610351562,33.360000610351562,33.360000610351562,33.360000610351562,0
2008-10-20,34.540000915527344,34.540000915527344,34.540000915527344,34.540000915527344,0
2008-10-21,34.810001373291016,34.810001373291016,34.810001373291016,34.810001373291016,0
2008-10-22,33.040000915527344,33.040000915527344,33.040000915527344,33.040000915527344,0
2008-10-23,33.159999847412109,33.159999847412109,33.159999847412109,33.159999847412109,0
2008-10-24,31.989999771118164,31.989999771118164,31.989999771118164,31.989999771118164,0
2008-10-27,30.719999313354492,30.719999313354492,30.719999313354492,30.719999313354492,0
2008-10-28,31.200000762939453,31.200000762939453,31.200000762939453,31.200000762939453,0
2008-10-29,34.080001831054688,34.080001831054688,34.080001831054688,34.080001831054688,0
2008-10-30,34.130001068115234,34.130001068115234,34.130001068115234,34.130001068115234,0
2008-10-31,34.930000305175781,34.930000305175781,34.930000305175781,34.930000305175781,0
2008-11-03,35.340000152587891,35.340000152587891,35.340000152587891,35.340000152587891,0
2008-11-04,36.970001220703125,36.970001220703125,36.970001220703125,36.970001220703125,0
2008-11-05,36.240001678466797,36.240001678466797,36.240001678466797,36.240001678466797,0
2008-11-06,33.930000305175781,33.930000305175781,33.930000305175781,33.930000305175781,0
2008-11-07,34.75,34.75,34.75,34.75,0
2008-11-10,35.110000610351562,35.110000610351562,35.110000610351562,35.110000610351562,0
2008-11-11,33.419998168945312,33.419998168945312,33.419998168945312,33.419998168945312,0
2008-11-12,32.389999389648438,32.389999389648438,32.389999389648438,32.389999389648438,0
2008-11-13,32.75,32.75,32.75,32.75,0
2008-11-14,33.119998931884766,33.119998931884766,33.119998931884766,33.119998931884766,0
2008-11-17,32.020000457763672,32.020000457763672,32.020000457763672,32.020000457763672,0
2008-11-18,32.369998931884766,32.369998931884766,32.369998931884766,32.369998931884766,0
2008-11-19,31.069999694824219,31.069999694824219,31.069999694824219,31.069999694824219,0
2008-11-20,29.989999771118164,29.989999771118164,29.989999771118164,29.989999771118164,0
2008-11-21,28.989999771118164,28.989999771118164,28.989999771118164,28.989999771118164,0
2008-11-24,31.979999542236328,31.979999542236328,31.979999542236328,31.979999542236328,0
2008-11-25,32.360000610351562,32.360000610351562,32.360000610351562,32.360000610351562,0
2008-11-26,31.959999084472656,31.959999084472656,31.959999084472656,31.959999084472656,0
2008-11-27,32.779998779296875,32.779998779296875,32.779998779296875,32.779998779296875,0
2008-11-28,32.900001525878906,32.900001525878906,32.900001525878906,32.900001525878906,0
2008-12-01,31.059999465942383,31.059999465942383,31.059999465942383,31.059999465942383,0
2008-12-02,31.799999237060547,31.799999237060547,31.799999237060547,31.799999237060547,0
2008-12-03,31.940000534057617,31.940000534057617,31.940000534057617,31.940000534057617,0
2008-12-04,31.889999389648438,31.889999389648438,31.889999389648438,31.889999389648438,0
2008-12-05,30.139999389648438,30.139999389648438,30.139999389648438,30.139999389648438,0
2008-12-08,32.759998321533203,32.759998321533203,32.759998321533203,32.759998321533203,0
2008-12-09,33.259998321533203,33.259998321533203,33.259998321533203,33.259998321533203,0
2008-12-10,33.490001678466797,33.490001678466797,33.490001678466797,33.490001678466797,0
2008-12-11,33.349998474121094,33.349998474121094,33.349998474121094,33.349998474121094,0
2008-12-12,32.430000305175781,32.430000305175781,32.430000305175781,32.430000305175781,0
2008-12-15,32.159999847412109,32.159999847412109,32.159999847412109,32.159999847412109,0
2008-12-16,32.819999694824219,32.819999694824219,32.819999694824219,32.819999694824219,0
2008-12-17,32.729999542236328,32.729999542236328,32.729999542236328,32.729999542236328,0
2008-12-18,32.650001525878906,32.650001525878906,32.650001525878906,32.650001525878906,0
2008-12-19,32.560001373291016,32.560001373291016,32.560001373291016,32.560001373291016,0
2008-12-22,31.809999465942383,31.809999465942383,31.809999465942383,31.809999465942383,0
2008-12-23,31.579999923706055,31.579999923706055,31.579999923706055,31.579999923706055,0
2008-12-29,31.600000381469727,31.600000381469727,31.600000381469727,31.600000381469727,0
2008-12-30,32.479999542236328,32.479999542236328,32.479999542236328,32.479999542236328,0
2008-12-31,32.479999542236328,32.479999542236328,32.479999542236328,32.479999542236328,0
2009-01-02,33.810001373291016,33.810001373291016,33.810001373291016,33.810001373291016,0
2009-01-05,33.919998168945312,33.919998168945312,33.919998168945312,33.919998168945312,0
2009-01-06,34.279998779296875,34.279998779296875,34.279998779296875,34.279998779296875,0
2009-01-07,33.770000457763672,33.770000457763672,33.770000457763672,33.770000457763672,0
2009-01-08,33.549999237060547,33.549999237060547,33.549999237060547,33.549999237060547,0
2009-01-09,33.299999237060547,33.299999237060547,33.299999237060547,33.299999237060547,0
2009-01-12,32.770000457763672,32.770000457763672,32.770000457763672,32.770000457763672,0
2009-01-13,32.279998779296875,32.279998779296875,32.279998779296875,32.279998779296875,0
2009-01-14,30.809999465942383,30.809999465942383,30.809999465942383,30.809999465942383,0
2009-01-15,30.239999771118164,30.239999771118164,30.239999771118164,30.239999771118164,0
2009-01-16,30.450000762939453,30.450000762939453,30.450000762939453,30.450000762939453,0
2009-01-19,30.180000305175781,30.180000305175781,30.180000305175781,30.180000305175781,0
2009-01-20,29.530000686645508,29.530000686645508,29.530000686645508,29.530000686645508,0
2009-01-21,29.329999923706055,29.329999923706055,29.329999923706055,29.329999923706055,0
2009-01-22,28.969999313354492,28.969999313354492,28.969999313354492,28.969999313354492,0
2009-01-23,28.760000228881836,28.760000228881836,28.760000228881836,28.760000228881836,0
2009-01-26,29.829999923706055,29.829999923706055,29.829999923706055,29.829999923706055,0
2009-01-27,29.819999694824219,29.819999694824219,29.819999694824219,29.819999694824219,0
2009-01-28,31.049999237060547,31.049999237060547,31.049999237060547,31.049999237060547,0
2009-01-29,30.379999160766602,30.379999160766602,30.379999160766602,30.379999160766602,0
2009-01-30,30.020000457763672,30.020000457763672,30.020000457763672,30.020000457763672,0
2009-02-02,29.579999923706055,29.579999923706055,29.579999923706055,29.579999923706055,0
2009-02-03,30.100000381469727,30.100000381469727,30.100000381469727,30.100000381469727,0
2009-02-04,30.979999542236328,30.979999542236328,30.979999542236328,30.979999542236328,0
2009-02-05,30.950000762939453,30.950000762939453,30.950000762939453,30.950000762939453,0
2009-02-06,31.520000457763672,31.520000457763672,31.520000457763672,31.520000457763672,0
2009-02-09,31.639999389648438,31.639999389648438,31.639999389648438,31.639999389648438,0
2009-02-10,30.489999771118164,30.489999771118164,30.489999771118164,30.489999771118164,0
2009-02-11,30.559999465942383,30.559999465942383,30.559999465942383,30.559999465942383,0
2009-02-12,29.920000076293945,29.920000076293945,29.920000076293945,29.920000076293945,0
2009-02-13,30.260000228881836,30.260000228881836,30.260000228881836,30.260000228881836,0
2009-02-16,29.899999618530273,29.899999618530273,29.899999618530273,29.899999618530273,0
2009-02-17,29.020000457763672,29.020000457763672,29.020000457763672,29.020000457763672,0
2009-02-18,29.010000228881836,29.010000228881836,29.010000228881836,29.010000228881836,0
2009-02-19,28.989999771118164,28.989999771118164,28.989999771118164,28.989999771118164,0
2009-02-20,27.770000457763672,27.770000457763672,27.770000457763672,27.770000457763672,0
2009-02-23,27.540000915527344,27.540000915527344,27.540000915527344,27.540000915527344,0
2009-02-24,27.340000152587891,27.340000152587891,27.340000152587891,27.340000152587891,0
2009-02-25,27.229999542236328,27.229999542236328,27.229999542236328,27.229999542236328,0
2009-02-26,27.709999084472656,27.709999084472656,27.709999084472656,27.709999084472656,0
2009-02-27,27.280000686645508,27.280000686645508,27.280000686645508,27.280000686645508,0
2009-03-02,26.059999465942383,26.059999465942383,26.059999465942383,26.059999465942383,0
2009-03-03,25.790000915527344,25.790000915527344,25.790000915527344,25.790000915527344,0
2009-03-04,27.010000228881836,27.010000228881836,27.010000228881836,27.010000228881836,0
2009-03-05,25.940000534057617,25.940000534057617,25.940000534057617,25.940000534057617,0
2009-03-06,25.579999923706055,25.579999923706055,25.579999923706055,25.579999923706055,0
2009-03-09,25.430000305175781,25.430000305175781,25.430000305175781,25.430000305175781,0
2009-03-10,26.889999389648438,26.889999389648438,26.889999389648438,26.889999389648438,0
2009-03-11,27,27,27,27,0
2009-03-12,27.200000762939453,27.200000762939453,27.200000762939453,27.200000762939453,0
2009-03-13,27.309999465942383,27.309999465942383,27.309999465942383,27.309999465942383,0
2009-03-16,28.180000305175781,28.180000305175781,28.180000305175781,28.180000305175781,0
2009-03-17,27.930000305175781,27.930000305175781,27.930000305175781,27.930000305175781,0
2009-03-18,27.860000610351562,27.860000610351562,27.860000610351562,27.860000610351562,0
2009-03-19,28.030000686645508,28.030000686645508,28.030000686645508,28.030000686645508,0
2009-03-20,28.180000305175781,28.180000305175781,28.180000305175781,28.180000305175781,0
2009-03-23,28.969999313354492,28.969999313354492,28.969999313354492,28.969999313354492,0
2009-03-24,29.020000457763672,29.020000457763672,29.020000457763672,29.020000457763672,0
2009-03-25,29.209999084472656,29.209999084472656,29.209999084472656,29.209999084472656,0
2009-03-26,29.190000534057617,29.190000534057617,29.190000534057617,29.190000534057617,0
2009-03-27,28.670000076293945,28.670000076293945,28.670000076293945,28.670000076293945,0
2009-03-30,27.450000762939453,27.450000762939453,27.450000762939453,27.450000762939453,0
2009-03-31,28.340000152587891,28.340000152587891,28.340000152587891,28.340000152587891,0
2009-04-01,28.659999847412109,28.659999847412109,28.659999847412109,28.659999847412109,0
2009-04-02,30.200000762939453,30.200000762939453,30.200000762939453,30.200000762939453,0
2009-04-03,29.860000610351562,29.860000610351562,29.860000610351562,29.860000610351562,0
2009-04-06,29.569999694824219,29.569999694824219,29.569999694824219,29.569999694824219,0
2009-04-07,29.290000915527344,29.290000915527344,29.290000915527344,29.290000915527344,0
2009-04-08,29.489999771118164,29.489999771118164,29.489999771118164,29.489999771118164,0
2009-04-09,30.030000686645508,30.030000686645508,30.030000686645508,30.030000686645508,0
2009-04-14,30.290000915527344,30.290000915527344,30.290000915527344,30.290000915527344,0
2009-04-15,30.149999618530273,30.149999618530273,30.149999618530273,30.149999618530273,0
2009-04-16,30.670000076293945,30.670000076293945,30.670000076293945,30.670000076293945,0
2009-04-17,31.219999313354492,31.219999313354492,31.219999313354492,31.219999313354492,0
2009-04-20,29.979999542236328,29.979999542236328,29.979999542236328,29.979999542236328,0
2009-04-21,30.049999237060547,30.049999237060547,30.049999237060547,30.049999237060547,0
2009-04-22,30.559999465942383,30.559999465942383,30.559999465942383,30.559999465942383,0
2009-04-23,30.530000686645508,30.530000686645508,30.530000686645508,30.530000686645508,0
2009-04-24,31.479999542236328,31.479999542236328,31.479999542236328,31.479999542236328,0
2009-04-27,31.479999542236328,31.479999542236328,31.479999542236328,31.479999542236328,0
2009-04-28,30.979999542236328,30.979999542236328,30.979999542236328,30.979999542236328,0
2009-04-29,31.649999618530273,31.649999618530273,31.649999618530273,31.649999618530273,0
2009-04-30,32.110000610351562,32.110000610351562,32.110000610351562,32.110000610351562,0
2009-05-04,33,33,33,33,0
2009-05-05,32.880001068115234,32.880001068115234,32.880001068115234,32.880001068115234,0
2009-05-06,33.520000457763672,33.520000457763672,33.520000457763672,33.520000457763672,0
2009-05-07,33.229999542236328,33.229999542236328,33.229999542236328,33.229999542236328,0
2009-05-08,33.849998474121094,33.849998474121094,33.849998474121094,33.849998474121094,0
2009-05-11,33.209999084472656,33.209999084472656,33.209999084472656,33.209999084472656,0
2009-05-12,33.130001068115234,33.130001068115234,33.130001068115234,33.130001068115234,0
2009-05-13,32.380001068115234,32.380001068115234,32.380001068115234,32.380001068115234,0
2009-05-14,32.409999847412109,32.409999847412109,32.409999847412109,32.409999847412109,0
2009-05-15,32.540000915527344,32.540000915527344,32.540000915527344,32.540000915527344,0
2009-05-18,33.330001831054688,33.330001831054688,33.330001831054688,33.330001831054688,0
2009-05-19,33.779998779296875,33.779998779296875,33.779998779296875,33.779998779296875,0
2009-05-20,34.169998168945312,34.169998168945312,34.169998168945312,34.169998168945312,0
2009-05-21,33.279998779296875,33.279998779296875,33.279998779296875,33.279998779296875,0
2009-05-22,33.439998626708984,33.439998626708984,33.439998626708984,33.439998626708984,0
2009-05-25,33.520000457763672,33.520000457763672,33.520000457763672,33.520000457763672,0
2009-05-26,33.869998931884766,33.869998931884766,33.869998931884766,33.869998931884766,0
2009-05-27,34.200000762939453,34.200000762939453,34.200000762939453,34.200000762939453,0
2009-05-28,33.889999389648438,33.889999389648438,33.889999389648438,33.889999389648438,0
2009-05-29,34.049999237060547,34.049999237060547,34.049999237060547,34.049999237060547,0
2009-06-01,35.119998931884766,35.119998931884766,35.119998931884766,35.119998931884766,0
2009-06-02,35.189998626708984,35.189998626708984,35.189998626708984,35.189998626708984,0
2009-06-03,34.479999542236328,34.479999542236328,34.479999542236328,34.479999542236328,0
2009-06-04,34.5,34.5,34.5,34.5,0
2009-06-05,34.790000915527344,34.790000915527344,34.790000915527344,34.790000915527344,0
2009-06-08,34.270000457763672,34.270000457763672,34.270000457763672,34.270000457763672,0
2009-06-09,34.349998474121094,34.349998474121094,34.349998474121094,34.349998474121094,0
2009-06-10,34.560001373291016,34.560001373291016,34.560001373291016,34.560001373291016,0
2009-06-11,34.790000915527344,34.790000915527344,34.790000915527344,34.790000915527344,0
2009-06-12,34.700000762939453,34.700000762939453,34.700000762939453,34.700000762939453,0
2009-06-15,33.580001831054688,33.580001831054688,33.580001831054688,33.580001831054688,0
2009-06-16,33.529998779296875,33.529998779296875,33.529998779296875,33.529998779296875,0
2009-06-17,32.970001220703125,32.970001220703125,32.970001220703125,32.970001220703125,0
2009-06-18,33.319999694824219,33.319999694824219,33.319999694824219,33.319999694824219,0
2009-06-19,33.599998474121094,33.599998474121094,33.599998474121094,33.599998474121094,0
2009-06-22,32.580001831054688,32.580001831054688,32.580001831054688,32.580001831054688,0
2009-06-23,32.509998321533203,32.509998321533203,32.509998321533203,32.509998321533203,0
2009-06-24,33.220001220703125,33.220001220703125,33.220001220703125,33.220001220703125,0
2009-06-25,33.009998321533203,33.009998321533203,33.009998321533203,33.009998321533203,0
2009-06-26,32.659999847412109,32.659999847412109,32.659999847412109,32.659999847412109,0
2009-06-29,33.319999694824219,33.319999694824219,33.319999694824219,33.319999694824219,0
2009-06-30,32.770000457763672,32.770000457763672,32.770000457763672,32.770000457763672,0
2009-07-01,33.580001831054688,33.580001831054688,33.580001831054688,33.580001831054688,0
2009-07-02,32.529998779296875,32.529998779296875,32.529998779296875,32.529998779296875,0
2009-07-03,32.569999694824219,32.569999694824219,32.569999694824219,32.569999694824219,0
2009-07-06,32.180000305175781,32.180000305175781,32.180000305175781,32.180000305175781,0
2009-07-07,31.829999923706055,31.829999923706055,31.829999923706055,31.829999923706055,0
2009-07-08,31.420000076293945,31.420000076293945,31.420000076293945,31.420000076293945,0
2009-07-09,31.590000152587891,31.590000152587891,31.590000152587891,31.590000152587891,0
2009-07-10,31.159999847412109,31.159999847412109,31.159999847412109,31.159999847412109,0
2009-07-13,31.879999160766602,31.879999160766602,31.879999160766602,31.879999160766602,0
2009-07-14,32.189998626708984,32.189998626708984,32.189998626708984,32.189998626708984,0
2009-07-15,33.119998931884766,33.119998931884766,33.119998931884766,33.119998931884766,0
2009-07-16,33.419998168945312,33.419998168945312,33.419998168945312,33.419998168945312,0
2009-07-17,33.610000610351562,33.610000610351562,33.610000610351562,33.610000610351562,0
2009-07-20,34.159999847412109,34.159999847412109,34.159999847412109,34.159999847412109,0
2009-07-21,34.5,34.5,34.5,34.5,0
2009-07-22,34.520000457763672,34.520000457763672,34.520000457763672,34.520000457763672,0
2009-07-23,35.229999542236328,35.229999542236328,35.229999542236328,35.229999542236328,0
2009-07-24,35.159999847412109,35.159999847412109,35.159999847412109,35.159999847412109,0
2009-07-27,35.220001220703125,35.220001220703125,35.220001220703125,35.220001220703125,0
2009-07-28,34.790000915527344,34.790000915527344,34.790000915527344,34.790000915527344,0
2009-07-29,35.150001525878906,35.150001525878906,35.150001525878906,35.150001525878906,0
2009-07-30,35.880001068115234,35.880001068115234,35.880001068115234,35.880001068115234,0
2009-07-31,35.779998779296875,35.779998779296875,35.779998779296875,35.779998779296875,0
2009-08-03,36.319999694824219,36.319999694824219,36.319999694824219,36.319999694824219,0
2009-08-04,36.299999237060547,36.299999237060547,36.299999237060547,36.299999237060547,0
2009-08-05,36.119998931884766,36.119998931884766,36.119998931884766,36.119998931884766,0
2009-08-06,36.319999694824219,36.319999694824219,36.319999694824219,36.319999694824219,0
2009-08-07,36.770000457763672,36.770000457763672,36.770000457763672,36.770000457763672,0
2009-08-11,36.090000152587891,36.090000152587891,36.090000152587891,36.090000152587891,0
2009-08-12,36.630001068115234,36.630001068115234,36.630001068115234,36.630001068115234,0
2009-08-13,36.799999237060547,36.799999237060547,36.799999237060547,36.799999237060547,0
2009-08-14,36.5,36.5,36.5,36.5,0
2009-08-17,35.709999084472656,35.709999084472656,35.709999084472656,35.709999084472656,0
2009-08-18,36.029998779296875,36.029998779296875,36.029998779296875,36.029998779296875,0
2009-08-19,36.029998779296875,36.029998779296875,36.029998779296875,36.029998779296875,0
2009-08-20,36.599998474121094,36.599998474121094,36.599998474121094,36.599998474121094,0
2009-08-21,37.759998321533203,37.759998321533203,37.759998321533203,37.759998321533203,0
2009-08-24,38.139999389648438,38.139999389648438,38.139999389648438,38.139999389648438,0
2009-08-25,38.439998626708984,38.439998626708984,38.439998626708984,38.439998626708984,0
2009-08-26,38.310001373291016,38.310001373291016,38.310001373291016,38.310001373291016,0
2009-08-27,38.110000610351562,38.110000610351562,38.110000610351562,38.110000610351562,0
2009-08-28,38.639999389648438,38.639999389648438,38.639999389648438,38.639999389648438,0
2009-08-31,38.220001220703125,38.220001220703125,38.220001220703125,38.220001220703125,0
2009-09-01,37.490001678466797,37.490001678466797,37.490001678466797,37.490001678466797,0
2009-09-02,37.380001068115234,37.380001068115234,37.380001068115234,37.380001068115234,0
2009-09-03,37.169998168945312,37.169998168945312,37.169998168945312,37.169998168945312,0
2009-09-04,37.650001525878906,37.650001525878906,37.650001525878906,37.650001525878906,0
2009-09-07,38.209999084472656,38.209999084472656,38.209999084472656,38.209999084472656,0
2009-09-08,38.299999237060547,38.299999237060547,38.299999237060547,38.299999237060547,0
2009-09-09,38.790000915527344,38.790000915527344,38.790000915527344,38.790000915527344,0
2009-09-10,38.770000457763672,38.770000457763672,38.770000457763672,38.770000457763672,0
2009-09-11,39.069999694824219,39.069999694824219,39.069999694824219,39.069999694824219,0
2009-09-14,39.020000457763672,39.020000457763672,39.020000457763672,39.020000457763672,0
2009-09-15,39.25,39.25,39.25,39.25,0
2009-09-16,39.889999389648438,39.889999389648438,39.889999389648438,39.889999389648438,0
2009-09-17,40.119998931884766,40.119998931884766,40.119998931884766,40.119998931884766,0
2009-09-18,40.040000915527344,40.040000915527344,40.040000915527344,40.040000915527344,0
2009-09-21,39.880001068115234,39.880001068115234,39.880001068115234,39.880001068115234,0
2009-09-22,40,40,40,40,0
2009-09-23,39.979999542236328,39.979999542236328,39.979999542236328,39.979999542236328,0
2009-09-24,39.310001373291016,39.310001373291016,39.310001373291016,39.310001373291016,0
2009-09-25,39.110000610351562,39.110000610351562,39.110000610351562,39.110000610351562,0
2009-09-28,40.009998321533203,40.009998321533203,40.009998321533203,40.009998321533203,0
2009-09-29,39.900001525878906,39.900001525878906,39.900001525878906,39.900001525878906,0
2009-09-30,39.700000762939453,39.700000762939453,39.700000762939453,39.700000762939453,0
2009-10-01,38.919998168945312,38.919998168945312,38.919998168945312,38.919998168945312,0
2009-10-02,38.180000305175781,38.180000305175781,38.180000305175781,38.180000305175781,0
2009-10-05,38.439998626708984,38.439998626708984,38.439998626708984,38.439998626708984,0
2009-10-06,39.439998626708984,39.439998626708984,39.439998626708984,39.439998626708984,0
2009-10-07,39.290000915527344,39.290000915527344,39.290000915527344,39.290000915527344,0
2009-10-08,39.819999694824219,39.819999694824219,39.819999694824219,39.819999694824219,0
2009-10-09,39.740001678466797,39.740001678466797,39.740001678466797,39.740001678466797,0
2009-10-12,40.220001220703125,40.220001220703125,40.220001220703125,40.220001220703125,0
2009-10-13,39.759998321533203,39.759998321533203,39.759998321533203,39.759998321533203,0
2009-10-14,40.610000610351562,40.610000610351562,40.610000610351562,40.610000610351562,0
2009-10-15,40.619998931884766,40.619998931884766,40.619998931884766,40.619998931884766,0
2009-10-16,40.029998779296875,40.029998779296875,40.029998779296875,40.029998779296875,0
2009-10-19,40.709999084472656,40.709999084472656,40.709999084472656,40.709999084472656,0
2009-10-20,40.490001678466797,40.490001678466797,40.490001678466797,40.490001678466797,0
2009-10-21,40.509998321533203,40.509998321533203,40.509998321533203,40.509998321533203,0
2009-10-22,39.959999084472656,39.959999084472656,39.959999084472656,39.959999084472656,0
2009-10-23,39.830001831054688,39.830001831054688,39.830001831054688,39.830001831054688,0
2009-10-26,39.159999847412109,39.159999847412109,39.159999847412109,39.159999847412109,0
2009-10-27,39.159999847412109,39.159999847412109,39.159999847412109,39.159999847412109,0
2009-10-28,38.319999694824219,38.319999694824219,38.319999694824219,38.319999694824219,0
2009-10-29,38.840000152587891,38.840000152587891,38.840000152587891,38.840000152587891,0
2009-10-30,37.729999542236328,37.729999542236328,37.729999542236328,37.729999542236328,0
2009-11-02,38.060001373291016,38.060001373291016,38.060001373291016,38.060001373291016,0
2009-11-03,37.479999542236328,37.479999542236328,37.479999542236328,37.479999542236328,0
2009-11-04,38.380001068115234,38.380001068115234,38.380001068115234,38.380001068115234,0
2009-11-05,38.779998779296875,38.779998779296875,38.779998779296875,38.779998779296875,0
2009-11-06,38.770000457763672,38.770000457763672,38.770000457763672,38.770000457763672,0
2009-11-09,39.590000152587891,39.590000152587891,39.590000152587891,39.590000152587891,0
2009-11-10,39.590000152587891,39.590000152587891,39.590000152587891,39.590000152587891,0
2009-11-11,39.889999389648438,39.889999389648438,39.889999389648438,39.889999389648438,0
2009-11-12,39.819999694824219,39.819999694824219,39.819999694824219,39.819999694824219,0
2009-11-13,39.939998626708984,39.939998626708984,39.939998626708984,39.939998626708984,0
2009-11-16,40.549999237060547,40.549999237060547,40.549999237060547,40.549999237060547,0
2009-11-17,40.189998626708984,40.189998626708984,40.189998626708984,40.189998626708984,0
2009-11-18,40.189998626708984,40.189998626708984,40.189998626708984,40.189998626708984,0
2009-11-19,39.479999542236328,39.479999542236328,39.479999542236328,39.479999542236328,0
2009-11-20,39.159999847412109,39.159999847412109,39.159999847412109,39.159999847412109,0
2009-11-23,40.040000915527344,40.040000915527344,40.040000915527344,40.040000915527344,0
2009-11-24,39.740001678466797,39.740001678466797,39.740001678466797,39.740001678466797,0
2009-11-25,40,40,40,40,0
2009-11-26,38.630001068115234,38.630001068115234,38.630001068115234,38.630001068115234,0
2009-11-27,39.080001831054688,39.080001831054688,39.080001831054688,39.080001831054688,0
2009-11-30,38.650001525878906,38.650001525878906,38.650001525878906,38.650001525878906,0
2009-12-01,39.650001525878906,39.650001525878906,39.650001525878906,39.650001525878906,0
2009-12-02,39.860000610351562,39.860000610351562,39.860000610351562,39.860000610351562,0
2009-12-03,39.900001525878906,39.900001525878906,39.900001525878906,39.900001525878906,0
2009-12-04,40.389999389648438,40.389999389648438,40.389999389648438,40.389999389648438,0
2009-12-07,40.330001831054688,40.330001831054688,40.330001831054688,40.330001831054688,0
2009-12-08,39.75,39.75,39.75,39.75,0
2009-12-09,39.459999084472656,39.459999084472656,39.459999084472656,39.459999084472656,0
2009-12-10,39.889999389648438,39.889999389648438,39.889999389648438,39.889999389648438,0
2009-12-11,39.939998626708984,39.939998626708984,39.939998626708984,39.939998626708984,0
2009-12-14,40.240001678466797,40.240001678466797,40.240001678466797,40.240001678466797,0
2009-12-15,40.330001831054688,40.330001831054688,40.330001831054688,40.330001831054688,0
2009-12-16,40.770000457763672,40.770000457763672,40.770000457763672,40.770000457763672,0
2009-12-17,40.299999237060547,40.299999237060547,40.299999237060547,40.299999237060547,0
2009-12-18,39.909999847412109,39.909999847412109,39.909999847412109,39.909999847412109,0
2009-12-21,40.729999542236328,40.729999542236328,40.729999542236328,40.729999542236328,0
2009-12-22,41.009998321533203,41.009998321533203,41.009998321533203,41.009998321533203,0
2009-12-23,41.139999389648438,41.139999389648438,41.139999389648438,41.139999389648438,0
2009-12-24,41.159999847412109,41.159999847412109,41.159999847412109,41.159999847412109,0
2009-12-28,41.520000457763672,41.520000457763672,41.520000457763672,41.520000457763672,0
2009-12-29,41.650001525878906,41.650001525878906,41.650001525878906,41.650001525878906,0
2009-12-30,41.400001525878906,41.400001525878906,41.400001525878906,41.400001525878906,0
2009-12-31,41.409999847412109,41.409999847412109,41.409999847412109,41.409999847412109,0
2010-01-04,42.220001220703125,42.220001220703125,42.220001220703125,42.220001220703125,0
2010-01-05,42.209999084472656,42.209999084472656,42.209999084472656,42.209999084472656,0
2010-01-06,42.259998321533203,42.259998321533203,42.259998321533203,42.259998321533203,0
2010-01-07,42.330001831054688,42.330001831054688,42.330001831054688,42.330001831054688,0
2010-01-08,42.549999237060547,42.549999237060547,42.549999237060547,42.549999237060547,0
2010-01-11,42.529998779296875,42.529998779296875,42.529998779296875,42.529998779296875,0
2010-01-12,42.069999694824219,42.069999694824219,42.069999694824219,42.069999694824219,0
2010-01-14,42.240001678466797,42.240001678466797,42.240001678466797,42.240001678466797,0
2010-01-15,41.590000152587891,41.590000152587891,41.590000152587891,41.590000152587891,0
2010-01-18,41.830001831054688,41.830001831054688,41.830001831054688,41.830001831054688,0
2010-01-19,42.169998168945312,42.169998168945312,42.169998168945312,42.169998168945312,0
2010-01-20,41.319999694824219,41.319999694824219,41.319999694824219,41.319999694824219,0
2010-01-21,40.619998931884766,40.619998931884766,40.619998931884766,40.619998931884766,0
2010-01-22,40.180000305175781,40.180000305175781,40.180000305175781,40.180000305175781,0
2010-01-25,39.770000457763672,39.770000457763672,39.770000457763672,39.770000457763672,0
2010-01-26,40.040000915527344,40.040000915527344,40.040000915527344,40.040000915527344,0
2010-01-27,39.540000915527344,39.540000915527344,39.540000915527344,39.540000915527344,0
2010-01-28,38.790000915527344,38.790000915527344,38.790000915527344,38.790000915527344,0
2010-01-29,39.330001831054688,39.330001831054688,39.330001831054688,39.330001831054688,0
2010-02-01,39.560001373291016,39.560001373291016,39.560001373291016,39.560001373291016,0
2010-02-02,40.090000152587891,40.090000152587891,40.090000152587891,40.090000152587891,0
2010-02-03,39.889999389648438,39.889999389648438,39.889999389648438,39.889999389648438,0
2010-02-04,38.799999237060547,38.799999237060547,38.799999237060547,38.799999237060547,0
2010-02-05,37.479999542236328,37.479999542236328,37.479999542236328,37.479999542236328,0
2010-02-08,37.930000305175781,37.930000305175781,37.930000305175781,37.930000305175781,0
2010-02-09,37.990001678466797,37.990001678466797,37.990001678466797,37.990001678466797,0
2010-02-10,38.229999542236328,38.229999542236328,38.229999542236328,38.229999542236328,0
2010-02-11,38.029998779296875,38.029998779296875,38.029998779296875,38.029998779296875,0
2010-02-12,37.849998474121094,37.849998474121094,37.849998474121094,37.849998474121094,0
2010-02-15,37.950000762939453,37.950000762939453,37.950000762939453,37.950000762939453,0
2010-02-16,38.580001831054688,38.580001831054688,38.580001831054688,38.580001831054688,0
2010-02-17,39.169998168945312,39.169998168945312,39.169998168945312,39.169998168945312,0
2010-02-18,39.409999847412109,39.409999847412109,39.409999847412109,39.409999847412109,0
2010-02-19,39.639999389648438,39.639999389648438,39.639999389648438,39.639999389648438,0
2010-02-22,39.509998321533203,39.509998321533203,39.509998321533203,39.509998321533203,0
2010-02-23,38.990001678466797,38.990001678466797,38.990001678466797,38.990001678466797,0
2010-02-24,39.080001831054688,39.080001831054688,39.080001831054688,39.080001831054688,0
2010-02-25,38.290000915527344,38.290000915527344,38.290000915527344,38.290000915527344,0
2010-02-26,39,39,39,39,0
2010-03-01,39.639999389648438,39.639999389648438,39.639999389648438,39.639999389648438,0
2010-03-02,40.090000152587891,40.090000152587891,40.090000152587891,40.090000152587891,0
2010-03-03,40.409999847412109,40.409999847412109,40.409999847412109,40.409999847412109,0
2010-03-04,40.259998321533203,40.259998321533203,40.259998321533203,40.259998321533203,0
2010-03-05,41.119998931884766,41.119998931884766,41.119998931884766,41.119998931884766,0
2010-03-08,41.049999237060547,41.049999237060547,41.049999237060547,41.049999237060547,0
2010-03-09,41.119998931884766,41.119998931884766,41.119998931884766,41.119998931884766,0
2010-03-10,41.470001220703125,41.470001220703125,41.470001220703125,41.470001220703125,0
2010-03-11,41.310001373291016,41.310001373291016,41.310001373291016,41.310001373291016,0
2010-03-12,41.299999237060547,41.299999237060547,41.299999237060547,41.299999237060547,0
2010-03-15,40.909999847412109,40.909999847412109,40.909999847412109,40.909999847412109,0
2010-03-16,41.419998168945312,41.419998168945312,41.419998168945312,41.419998168945312,0
2010-03-17,41.619998931884766,41.619998931884766,41.619998931884766,41.619998931884766,0
2010-03-18,41.409999847412109,41.409999847412109,41.409999847412109,41.409999847412109,0
2010-03-19,41.279998779296875,41.279998779296875,41.279998779296875,41.279998779296875,0
2010-03-22,41.299999237060547,41.299999237060547,41.299999237060547,41.299999237060547,0
2010-03-23,41.560001373291016,41.560001373291016,41.560001373291016,41.560001373291016,0
2010-03-24,41.529998779296875,41.529998779296875,41.529998779296875,41.529998779296875,0
2010-03-25,42.060001373291016,42.060001373291016,42.060001373291016,42.060001373291016,0
2010-03-26,41.939998626708984,41.939998626708984,41.939998626708984,41.939998626708984,0
2010-03-29,42.060001373291016,42.060001373291016,42.060001373291016,42.060001373291016,0
2010-03-30,41.919998168945312,41.919998168945312,41.919998168945312,41.919998168945312,0
2010-03-31,41.779998779296875,41.779998779296875,41.779998779296875,41.779998779296875,0
2010-04-01,42.409999847412109,42.409999847412109,42.409999847412109,42.409999847412109,0
2010-04-06,42.619998931884766,42.619998931884766,42.619998931884766,42.619998931884766,0
2010-04-07,42.340000152587891,42.340000152587891,42.340000152587891,42.340000152587891,0
2010-04-08,41.830001831054688,41.830001831054688,41.830001831054688,41.830001831054688,0
2010-04-09,42.580001831054688,42.580001831054688,42.580001831054688,42.580001831054688,0
2010-04-12,42.580001831054688,42.580001831054688,42.580001831054688,42.580001831054688,0
2010-04-14,42.659999847412109,42.659999847412109,42.659999847412109,42.659999847412109,0
2010-04-15,42.740001678466797,42.740001678466797,42.740001678466797,42.740001678466797,0
2010-04-16,41.909999847412109,41.909999847412109,41.909999847412109,41.909999847412109,0
2010-04-19,41.740001678466797,41.740001678466797,41.740001678466797,41.740001678466797,0
2010-04-20,42.330001831054688,42.330001831054688,42.330001831054688,42.330001831054688,0
2010-04-21,41.810001373291016,41.810001373291016,41.810001373291016,41.810001373291016,0
2010-04-22,41.259998321533203,41.259998321533203,41.259998321533203,41.259998321533203,0
2010-04-23,41.540000915527344,41.540000915527344,41.540000915527344,41.540000915527344,0
2010-04-26,42.020000457763672,42.020000457763672,42.020000457763672,42.020000457763672,0
2010-04-27,40.409999847412109,40.409999847412109,40.409999847412109,40.409999847412109,0
2010-04-28,39.810001373291016,39.810001373291016,39.810001373291016,39.810001373291016,0
2010-04-29,40.369998931884766,40.369998931884766,40.369998931884766,40.369998931884766,0
2010-04-30,40.139999389648438,40.139999389648438,40.139999389648438,40.139999389648438,0
2010-05-03,40.319999694824219,40.319999694824219,40.319999694824219,40.319999694824219,0
2010-05-04,38.950000762939453,38.950000762939453,38.950000762939453,38.950000762939453,0
2010-05-05,38.470001220703125,38.470001220703125,38.470001220703125,38.470001220703125,0
2010-05-06,37.729999542236328,37.729999542236328,37.729999542236328,37.729999542236328,0
2010-05-07,36.029998779296875,36.029998779296875,36.029998779296875,36.029998779296875,0
2010-05-10,39.509998321533203,39.509998321533203,39.509998321533203,39.509998321533203,0
2010-05-11,39.220001220703125,39.220001220703125,39.220001220703125,39.220001220703125,0
2010-05-12,39.689998626708984,39.689998626708984,39.689998626708984,39.689998626708984,0
2010-05-13,39.659999847412109,39.659999847412109,39.659999847412109,39.659999847412109,0
2010-05-14,37.900001525878906,37.900001525878906,37.900001525878906,37.900001525878906,0
2010-05-17,37.720001220703125,37.720001220703125,37.720001220703125,37.720001220703125,0
2010-05-18,38.509998321533203,38.509998321533203,38.509998321533203,38.509998321533203,0
2010-05-19,37.470001220703125,37.470001220703125,37.470001220703125,37.470001220703125,0
2010-05-20,36.790000915527344,36.790000915527344,36.790000915527344,36.790000915527344,0
2010-05-21,36.790000915527344,36.790000915527344,36.790000915527344,36.790000915527344,0
2010-05-24,36.799999237060547,36.799999237060547,36.799999237060547,36.799999237060547,0
2010-05-25,35.740001678466797,35.740001678466797,35.740001678466797,35.740001678466797,0
2010-05-26,36.569999694824219,36.569999694824219,36.569999694824219,36.569999694824219,0
2010-05-27,38,38,38,38,0
2010-05-28,37.889999389648438,37.889999389648438,37.889999389648438,37.889999389648438,0
2010-05-31,37.830001831054688,37.830001831054688,37.830001831054688,37.830001831054688,0
2010-06-01,37.790000915527344,37.790000915527344,37.790000915527344,37.790000915527344,0
2010-06-02,37.779998779296875,37.779998779296875,37.779998779296875,37.779998779296875,0
2010-06-03,38.380001068115234,38.380001068115234,38.380001068115234,38.380001068115234,0
2010-06-04,37.290000915527344,37.290000915527344,37.290000915527344,37.290000915527344,0
2010-06-07,36.840000152587891,36.840000152587891,36.840000152587891,36.840000152587891,0
2010-06-08,36.479999542236328,36.479999542236328,36.479999542236328,36.479999542236328,0
2010-06-09,37.229999542236328,37.229999542236328,37.229999542236328,37.229999542236328,0
2010-06-10,37.979999542236328,37.979999542236328,37.979999542236328,37.979999542236328,0
2010-06-11,38.400001525878906,38.400001525878906,38.400001525878906,38.400001525878906,0
2010-06-14,39.25,39.25,39.25,39.25,0
2010-06-15,39.639999389648438,39.639999389648438,39.639999389648438,39.639999389648438,0
2010-06-16,39.799999237060547,39.799999237060547,39.799999237060547,39.799999237060547,0
2010-06-17,39.869998931884766,39.869998931884766,39.869998931884766,39.869998931884766,0
2010-06-18,39.919998168945312,39.919998168945312,39.919998168945312,39.919998168945312,0
2010-06-21,40.450000762939453,40.450000762939453,40.450000762939453,40.450000762939453,0
2010-06-22,40.110000610351562,40.110000610351562,40.110000610351562,40.110000610351562,0
2010-06-23,39.430000305175781,39.430000305175781,39.430000305175781,39.430000305175781,0
2010-06-24,38.5,38.5,38.5,38.5,0
2010-06-25,38.119998931884766,38.119998931884766,38.119998931884766,38.119998931884766,0
2010-06-28,38.729999542236328,38.729999542236328,38.729999542236328,38.729999542236328,0
2010-06-29,37.180000305175781,37.180000305175781,37.180000305175781,37.180000305175781,0
2010-06-30,37.290000915527344,37.290000915527344,37.290000915527344,37.290000915527344,0
2010-07-01,36.189998626708984,36.189998626708984,36.189998626708984,36.189998626708984,0
2010-07-02,36.299999237060547,36.299999237060547,36.299999237060547,36.299999237060547,0
2010-07-05,36.130001068115234,36.130001068115234,36.130001068115234,36.130001068115234,0
2010-07-06,37.110000610351562,37.110000610351562,37.110000610351562,37.110000610351562,0
2010-07-07,37.759998321533203,37.759998321533203,37.759998321533203,37.759998321533203,0
2010-07-08,38.360000610351562,38.360000610351562,38.360000610351562,38.360000610351562,0
2010-07-09,38.529998779296875,38.529998779296875,38.529998779296875,38.529998779296875,0
2010-07-12,38.680000305175781,38.680000305175781,38.680000305175781,38.680000305175781,0
2010-07-13,39.430000305175781,39.430000305175781,39.430000305175781,39.430000305175781,0
2010-07-14,39.380001068115234,39.380001068115234,39.380001068115234,39.380001068115234,0
2010-07-15,38.830001831054688,38.830001831054688,38.830001831054688,38.830001831054688,0
2010-07-16,37.939998626708984,37.939998626708984,37.939998626708984,37.939998626708984,0
2010-07-19,37.790000915527344,37.790000915527344,37.790000915527344,37.790000915527344,0
2010-07-20,37.590000152587891,37.590000152587891,37.590000152587891,37.590000152587891,0
2010-07-21,37.869998931884766,37.869998931884766,37.869998931884766,37.869998931884766,0
2010-07-22,39.029998779296875,39.029998779296875,39.029998779296875,39.029998779296875,0
2010-07-23,39.099998474121094,39.099998474121094,39.099998474121094,39.099998474121094,0
2010-07-26,39.409999847412109,39.409999847412109,39.409999847412109,39.409999847412109,0
2010-07-27,39.740001678466797,39.740001678466797,39.740001678466797,39.740001678466797,0
2010-07-28,39.790000915527344,39.790000915527344,39.790000915527344,39.790000915527344,0
2010-07-29,39.580001831054688,39.580001831054688,39.580001831054688,39.580001831054688,0
2010-07-30,39.490001678466797,39.490001678466797,39.490001678466797,39.490001678466797,0
2010-08-02,40.669998168945312,40.669998168945312,40.669998168945312,40.669998168945312,0
2010-08-03,40.619998931884766,40.619998931884766,40.619998931884766,40.619998931884766,0
2010-08-04,40.759998321533203,40.759998321533203,40.759998321533203,40.759998321533203,0
2010-08-05,40.799999237060547,40.799999237060547,40.799999237060547,40.799999237060547,0
2010-08-06,40.279998779296875,40.279998779296875,40.279998779296875,40.279998779296875,0
2010-08-09,40.939998626708984,40.939998626708984,40.939998626708984,40.939998626708984,0
2010-08-10,40.439998626708984,40.439998626708984,40.439998626708984,40.439998626708984,0
2010-08-11,39.330001831054688,39.330001831054688,39.330001831054688,39.330001831054688,0
2010-08-12,39.25,39.25,39.25,39.25,0
2010-08-13,39.139999389648438,39.139999389648438,39.139999389648438,39.139999389648438,0
2010-08-16,38.990001678466797,38.990001678466797,38.990001678466797,38.990001678466797,0
2010-08-17,39.700000762939453,39.700000762939453,39.700000762939453,39.700000762939453,0
2010-08-18,39.540000915527344,39.540000915527344,39.540000915527344,39.540000915527344,0
2010-08-19,38.720001220703125,38.720001220703125,38.720001220703125,38.720001220703125,0
2010-08-20,38.220001220703125,38.220001220703125,38.220001220703125,38.220001220703125,0
2010-08-23,38.520000457763672,38.520000457763672,38.520000457763672,38.520000457763672,0
2010-08-24,37.840000152587891,37.840000152587891,37.840000152587891,37.840000152587891,0
2010-08-25,37.400001525878906,37.400001525878906,37.400001525878906,37.400001525878906,0
2010-08-26,37.669998168945312,37.669998168945312,37.669998168945312,37.669998168945312,0
2010-08-27,38.020000457763672,38.020000457763672,38.020000457763672,38.020000457763672,0
2010-08-30,37.860000610351562,37.860000610351562,37.860000610351562,37.860000610351562,0
2010-08-31,37.900001525878906,37.900001525878906,37.900001525878906,37.900001525878906,0
2010-09-01,39.349998474121094,39.349998474121094,39.349998474121094,39.349998474121094,0
2010-09-02,39.430000305175781,39.430000305175781,39.430000305175781,39.430000305175781,0
2010-09-03,39.880001068115234,39.880001068115234,39.880001068115234,39.880001068115234,0
2010-09-06,40.009998321533203,40.009998321533203,40.009998321533203,40.009998321533203,0
2010-09-07,39.569999694824219,39.569999694824219,39.569999694824219,39.569999694824219,0
2010-09-08,39.930000305175781,39.930000305175781,39.930000305175781,39.930000305175781,0
2010-09-09,40.419998168945312,40.419998168945312,40.419998168945312,40.419998168945312,0
2010-09-10,40.459999084472656,40.459999084472656,40.459999084472656,40.459999084472656,0
2010-09-13,40.900001525878906,40.900001525878906,40.900001525878906,40.900001525878906,0
2010-09-14,40.979999542236328,40.979999542236328,40.979999542236328,40.979999542236328,0
2010-09-15,40.779998779296875,40.779998779296875,40.779998779296875,40.779998779296875,0
2010-09-16,40.569999694824219,40.569999694824219,40.569999694824219,40.569999694824219,0
2010-09-17,40.409999847412109,40.409999847412109,40.409999847412109,40.409999847412109,0
2010-09-20,41.130001068115234,41.130001068115234,41.130001068115234,41.130001068115234,0
2010-09-21,41.090000152587891,41.090000152587891,41.090000152587891,41.090000152587891,0
2010-09-22,40.549999237060547,40.549999237060547,40.549999237060547,40.549999237060547,0
2010-09-23,40.290000915527344,40.290000915527344,40.290000915527344,40.290000915527344,0
2010-09-24,41.069999694824219,41.069999694824219,41.069999694824219,41.069999694824219,0
2010-09-27,40.889999389648438,40.889999389648438,40.889999389648438,40.889999389648438,0
2010-09-28,40.849998474121094,40.849998474121094,40.849998474121094,40.849998474121094,0
2010-09-29,40.569999694824219,40.569999694824219,40.569999694824219,40.569999694824219,0
2010-09-30,40.340000152587891,40.340000152587891,40.340000152587891,40.340000152587891,0
2010-10-01,40.090000152587891,40.090000152587891,40.090000152587891,40.090000152587891,0
2010-10-04,39.630001068115234,39.630001068115234,39.630001068115234,39.630001068115234,0
2010-10-05,40.520000457763672,40.520000457763672,40.520000457763672,40.520000457763672,0
2010-10-06,40.880001068115234,40.880001068115234,40.880001068115234,40.880001068115234,0
2010-10-07,40.939998626708984,40.939998626708984,40.939998626708984,40.939998626708984,0
2010-10-08,40.860000610351562,40.860000610351562,40.860000610351562,40.860000610351562,0
2010-10-11,40.909999847412109,40.909999847412109,40.909999847412109,40.909999847412109,0
2010-10-12,40.700000762939453,40.700000762939453,40.700000762939453,40.700000762939453,0
2010-10-13,41.560001373291016,41.560001373291016,41.560001373291016,41.560001373291016,0
2010-10-14,41.459999084472656,41.459999084472656,41.459999084472656,41.459999084472656,0
2010-10-15,41.549999237060547,41.549999237060547,41.549999237060547,41.549999237060547,0
2010-10-18,41.630001068115234,41.630001068115234,41.630001068115234,41.630001068115234,0
2010-10-19,41.330001831054688,41.330001831054688,41.330001831054688,41.330001831054688,0
2010-10-20,41.560001373291016,41.560001373291016,41.560001373291016,41.560001373291016,0
2010-10-21,42.099998474121094,42.099998474121094,42.099998474121094,42.099998474121094,0
2010-10-22,41.990001678466797,41.990001678466797,41.990001678466797,41.990001678466797,0
2010-10-25,42.009998321533203,42.009998321533203,42.009998321533203,42.009998321533203,0
2010-10-26,41.819999694824219,41.819999694824219,41.819999694824219,41.819999694824219,0
2010-10-27,41.419998168945312,41.419998168945312,41.419998168945312,41.419998168945312,0
2010-10-28,41.630001068115234,41.630001068115234,41.630001068115234,41.630001068115234,0
2010-10-29,41.610000610351562,41.610000610351562,41.610000610351562,41.610000610351562,0
2010-11-01,41.689998626708984,41.689998626708984,41.689998626708984,41.689998626708984,0
2010-11-02,41.959999084472656,41.959999084472656,41.959999084472656,41.959999084472656,0
2010-11-03,41.709999084472656,41.709999084472656,41.709999084472656,41.709999084472656,0
2010-11-04,42.520000457763672,42.520000457763672,42.520000457763672,42.520000457763672,0
2010-11-05,42.509998321533203,42.509998321533203,42.509998321533203,42.509998321533203,0
2010-11-08,42.479999542236328,42.479999542236328,42.479999542236328,42.479999542236328,0
2010-11-09,42.830001831054688,42.830001831054688,42.830001831054688,42.830001831054688,0
2010-11-10,42.270000457763672,42.270000457763672,42.270000457763672,42.270000457763672,0
2010-11-11,42.040000915527344,42.040000915527344,42.040000915527344,42.040000915527344,0
2010-11-12,41.790000915527344,41.790000915527344,41.790000915527344,41.790000915527344,0
2010-11-15,42.150001525878906,42.150001525878906,42.150001525878906,42.150001525878906,0
2010-11-16,41.040000915527344,41.040000915527344,41.040000915527344,41.040000915527344,0
2010-11-17,41.369998931884766,41.369998931884766,41.369998931884766,41.369998931884766,0
2010-11-18,42.189998626708984,42.189998626708984,42.189998626708984,42.189998626708984,0
2010-11-19,42.110000610351562,42.110000610351562,42.110000610351562,42.110000610351562,0
2010-11-22,41.659999847412109,41.659999847412109,41.659999847412109,41.659999847412109,0
2010-11-23,40.630001068115234,40.630001068115234,40.630001068115234,40.630001068115234,0
2010-11-24,40.889999389648438,40.889999389648438,40.889999389648438,40.889999389648438,0
2010-11-25,41.020000457763672,41.020000457763672,41.020000457763672,41.020000457763672,0
2010-11-26,40.680000305175781,40.680000305175781,40.680000305175781,40.680000305175781,0
2010-11-29,39.689998626708984,39.689998626708984,39.689998626708984,39.689998626708984,0
2010-11-30,39.400001525878906,39.400001525878906,39.400001525878906,39.400001525878906,0
2010-12-01,40.040000915527344,40.040000915527344,40.040000915527344,40.040000915527344,0
2010-12-02,40.889999389648438,40.889999389648438,40.889999389648438,40.889999389648438,0
2010-12-03,40.919998168945312,40.919998168945312,40.919998168945312,40.919998168945312,0
2010-12-06,40.909999847412109,40.909999847412109,40.909999847412109,40.909999847412109,0
2010-12-07,41.580001831054688,41.580001831054688,41.580001831054688,41.580001831054688,0
2010-12-08,41.810001373291016,41.810001373291016,41.810001373291016,41.810001373291016,0
2010-12-09,42.099998474121094,42.099998474121094,42.099998474121094,42.099998474121094,0
2010-12-10,42.090000152587891,42.090000152587891,42.090000152587891,42.090000152587891,0
2010-12-13,42.479999542236328,42.479999542236328,42.479999542236328,42.479999542236328,0
2010-12-14,42.610000610351562,42.610000610351562,42.610000610351562,42.610000610351562,0
2010-12-15,42.360000610351562,42.360000610351562,42.360000610351562,42.360000610351562,0
2010-12-16,42.450000762939453,42.450000762939453,42.450000762939453,42.450000762939453,0
2010-12-17,42.220001220703125,42.220001220703125,42.220001220703125,42.220001220703125,0
2010-12-20,42.409999847412109,42.409999847412109,42.409999847412109,42.409999847412109,0
2010-12-21,42.869998931884766,42.869998931884766,42.869998931884766,42.869998931884766,0
2010-12-22,42.790000915527344,42.790000915527344,42.790000915527344,42.790000915527344,0
2010-12-23,42.700000762939453,42.700000762939453,42.700000762939453,42.700000762939453,0
2010-12-27,42.159999847412109,42.159999847412109,42.159999847412109,42.159999847412109,0
2010-12-28,42.119998931884766,42.119998931884766,42.119998931884766,42.119998931884766,0
2010-12-29,42.470001220703125,42.470001220703125,42.470001220703125,42.470001220703125,0
2010-12-30,42.029998779296875,42.029998779296875,42.029998779296875,42.029998779296875,0
2011-01-03,42.580001831054688,42.580001831054688,42.580001831054688,42.580001831054688,0
2011-01-04,42.75,42.75,42.75,42.75,0
2011-01-05,42.619998931884766,42.619998931884766,42.619998931884766,42.619998931884766,0
2011-01-06,42.619998931884766,42.619998931884766,42.619998931884766,42.619998931884766,0
2011-01-07,42.189998626708984,42.189998626708984,42.189998626708984,42.189998626708984,0
2011-01-10,41.5,41.5,41.5,41.5,0
2011-01-11,42.150001525878906,42.150001525878906,42.150001525878906,42.150001525878906,0
2011-01-12,43.060001373291016,43.060001373291016,43.060001373291016,43.060001373291016,0
2011-01-13,43.380001068115234,43.380001068115234,43.380001068115234,43.380001068115234,0
2011-01-14,43.470001220703125,43.470001220703125,43.470001220703125,43.470001220703125,0
2011-01-17,43.389999389648438,43.389999389648438,43.389999389648438,43.389999389648438,0
2011-01-18,43.790000915527344,43.790000915527344,43.790000915527344,43.790000915527344,0
2011-01-19,43.400001525878906,43.400001525878906,43.400001525878906,43.400001525878906,0
2011-01-20,43.270000457763672,43.270000457763672,43.270000457763672,43.270000457763672,0
2011-01-21,43.849998474121094,43.849998474121094,43.849998474121094,43.849998474121094,0
2011-01-24,44.020000457763672,44.020000457763672,44.020000457763672,44.020000457763672,0
2011-01-25,43.869998931884766,43.869998931884766,43.869998931884766,43.869998931884766,0
2011-01-26,44.189998626708984,44.189998626708984,44.189998626708984,44.189998626708984,0
2011-01-27,44.299999237060547,44.299999237060547,44.299999237060547,44.299999237060547,0
2011-01-28,43.680000305175781,43.680000305175781,43.680000305175781,43.680000305175781,0
2011-01-31,43.709999084472656,43.709999084472656,43.709999084472656,43.709999084472656,0
2011-02-01,44.450000762939453,44.450000762939453,44.450000762939453,44.450000762939453,0
2011-02-02,44.380001068115234,44.380001068115234,44.380001068115234,44.380001068115234,0
2011-02-03,44.049999237060547,44.049999237060547,44.049999237060547,44.049999237060547,0
2011-02-04,44.169998168945312,44.169998168945312,44.169998168945312,44.169998168945312,0
2011-02-07,44.639999389648438,44.639999389648438,44.639999389648438,44.639999389648438,0
2011-02-08,44.830001831054688,44.830001831054688,44.830001831054688,44.830001831054688,0
2011-02-09,44.639999389648438,44.639999389648438,44.639999389648438,44.639999389648438,0
2011-02-10,44.689998626708984,44.689998626708984,44.689998626708984,44.689998626708984,0
2011-02-11,44.759998321533203,44.759998321533203,44.759998321533203,44.759998321533203,0
2011-02-14,44.700000762939453,44.700000762939453,44.700000762939453,44.700000762939453,0
2011-02-15,44.849998474121094,44.849998474121094,44.849998474121094,44.849998474121094,0
2011-02-16,45.299999237060547,45.299999237060547,45.299999237060547,45.299999237060547,0
2011-02-17,45.310001373291016,45.310001373291016,45.310001373291016,45.310001373291016,0
2011-02-18,45.369998931884766,45.369998931884766,45.369998931884766,45.369998931884766,0
2011-02-21,44.720001220703125,44.720001220703125,44.720001220703125,44.720001220703125,0
2011-02-22,44.200000762939453,44.200000762939453,44.200000762939453,44.200000762939453,0
2011-02-23,43.799999237060547,43.799999237060547,43.799999237060547,43.799999237060547,0
2011-02-24,43.759998321533203,43.759998321533203,43.759998321533203,43.759998321533203,0
2011-02-25,44.419998168945312,44.419998168945312,44.419998168945312,44.419998168945312,0
2011-02-28,44.849998474121094,44.849998474121094,44.849998474121094,44.849998474121094,0
2011-03-01,44.380001068115234,44.380001068115234,44.380001068115234,44.380001068115234,0
2011-03-02,44.020000457763672,44.020000457763672,44.020000457763672,44.020000457763672,0
2011-03-03,44.310001373291016,44.310001373291016,44.310001373291016,44.310001373291016,0
2011-03-04,43.869998931884766,43.869998931884766,43.869998931884766,43.869998931884766,0
2011-03-07,43.540000915527344,43.540000915527344,43.540000915527344,43.540000915527344,0
2011-03-08,43.819999694824219,43.819999694824219,43.819999694824219,43.819999694824219,0
2011-03-09,43.580001831054688,43.580001831054688,43.580001831054688,43.580001831054688,0
2011-03-10,43.25,43.25,43.25,43.25,0
2011-03-11,42.869998931884766,42.869998931884766,42.869998931884766,42.869998931884766,0
2011-03-14,42.310001373291016,42.310001373291016,42.310001373291016,42.310001373291016,0
2011-03-15,41.25,41.25,41.25,41.25,0
2011-03-16,40.330001831054688,40.330001831054688,40.330001831054688,40.330001831054688,0
2011-03-17,41.310001373291016,41.310001373291016,41.310001373291016,41.310001373291016,0
2011-03-18,41.569999694824219,41.569999694824219,41.569999694824219,41.569999694824219,0
2011-03-21,42.599998474121094,42.599998474121094,42.599998474121094,42.599998474121094,0
2011-03-22,42.470001220703125,42.470001220703125,42.470001220703125,42.470001220703125,0
2011-03-23,42.700000762939453,42.700000762939453,42.700000762939453,42.700000762939453,0
2011-03-24,43.299999237060547,43.299999237060547,43.299999237060547,43.299999237060547,0
2011-03-25,43.340000152587891,43.340000152587891,43.340000152587891,43.340000152587891,0
2011-03-28,43.389999389648438,43.389999389648438,43.389999389648438,43.389999389648438,0
2011-03-29,43.509998321533203,43.509998321533203,43.509998321533203,43.509998321533203,0
2011-03-30,43.909999847412109,43.909999847412109,43.909999847412109,43.909999847412109,0
2011-03-31,43.520000457763672,43.520000457763672,43.520000457763672,43.520000457763672,0
2011-04-01,44.240001678466797,44.240001678466797,44.240001678466797,44.240001678466797,0
2011-04-04,44.110000610351562,44.110000610351562,44.110000610351562,44.110000610351562,0
2011-04-05,44.090000152587891,44.090000152587891,44.090000152587891,44.090000152587891,0
2011-04-06,44.159999847412109,44.159999847412109,44.159999847412109,44.159999847412109,0
2011-04-07,43.950000762939453,43.950000762939453,43.950000762939453,43.950000762939453,0
2011-04-08,44.310001373291016,44.310001373291016,44.310001373291016,44.310001373291016,0
2011-04-11,44.060001373291016,44.060001373291016,44.060001373291016,44.060001373291016,0
2011-04-12,43.380001068115234,43.380001068115234,43.380001068115234,43.380001068115234,0
2011-04-13,43.700000762939453,43.700000762939453,43.700000762939453,43.700000762939453,0
2011-04-14,43.310001373291016,43.310001373291016,43.310001373291016,43.310001373291016,0
2011-04-15,43.360000610351562,43.360000610351562,43.360000610351562,43.360000610351562,0
2011-04-18,42.340000152587891,42.340000152587891,42.340000152587891,42.340000152587891,0
2011-04-19,42.639999389648438,42.639999389648438,42.639999389648438,42.639999389648438,0
2011-04-20,43.689998626708984,43.689998626708984,43.689998626708984,43.689998626708984,0
2011-04-21,43.869998931884766,43.869998931884766,43.869998931884766,43.869998931884766,0
2011-04-26,44.130001068115234,44.130001068115234,44.130001068115234,44.130001068115234,0
2011-04-27,44.369998931884766,44.369998931884766,44.369998931884766,44.369998931884766,0
2011-04-28,44.779998779296875,44.779998779296875,44.779998779296875,44.779998779296875,0
2011-04-29,44.970001220703125,44.970001220703125,44.970001220703125,44.970001220703125,0
2011-05-02,44.990001678466797,44.990001678466797,44.990001678466797,44.990001678466797,0
2011-05-03,44.860000610351562,44.860000610351562,44.860000610351562,44.860000610351562,0
2011-05-04,44.319999694824219,44.319999694824219,44.319999694824219,44.319999694824219,0
2011-05-05,44.040000915527344,44.040000915527344,44.040000915527344,44.040000915527344,0
2011-05-06,44.630001068115234,44.630001068115234,44.630001068115234,44.630001068115234,0
2011-05-09,44.069999694824219,44.069999694824219,44.069999694824219,44.069999694824219,0
2011-05-10,44.619998931884766,44.619998931884766,44.619998931884766,44.619998931884766,0
2011-05-11,44.720001220703125,44.720001220703125,44.720001220703125,44.720001220703125,0
2011-05-12,44.340000152587891,44.340000152587891,44.340000152587891,44.340000152587891,0
2011-05-13,44.290000915527344,44.290000915527344,44.290000915527344,44.290000915527344,0
2011-05-16,44.139999389648438,44.139999389648438,44.139999389648438,44.139999389648438,0
2011-05-17,43.610000610351562,43.610000610351562,43.610000610351562,43.610000610351562,0
2011-05-18,44.009998321533203,44.009998321533203,44.009998321533203,44.009998321533203,0
2011-05-19,44.560001373291016,44.560001373291016,44.560001373291016,44.560001373291016,0
2011-05-20,44.319999694824219,44.319999694824219,44.319999694824219,44.319999694824219,0
2011-05-23,43.580001831054688,43.580001831054688,43.580001831054688,43.580001831054688,0
2011-05-24,43.700000762939453,43.700000762939453,43.700000762939453,43.700000762939453,0
2011-05-25,43.830001831054688,43.830001831054688,43.830001831054688,43.830001831054688,0
2011-05-26,43.729999542236328,43.729999542236328,43.729999542236328,43.729999542236328,0
2011-05-27,44.099998474121094,44.099998474121094,44.099998474121094,44.099998474121094,0
2011-05-30,44.020000457763672,44.020000457763672,44.020000457763672,44.020000457763672,0
2011-05-31,44.819999694824219,44.819999694824219,44.819999694824219,44.819999694824219,0
2011-06-01,44.369998931884766,44.369998931884766,44.369998931884766,44.369998931884766,0
2011-06-02,43.549999237060547,43.549999237060547,43.549999237060547,43.549999237060547,0
2011-06-03,43.560001373291016,43.560001373291016,43.560001373291016,43.560001373291016,0
2011-06-06,43.290000915527344,43.290000915527344,43.290000915527344,43.290000915527344,0
2011-06-07,43.389999389648438,43.389999389648438,43.389999389648438,43.389999389648438,0
2011-06-08,43.009998321533203,43.009998321533203,43.009998321533203,43.009998321533203,0
2011-06-09,43.459999084472656,43.459999084472656,43.459999084472656,43.459999084472656,0
2011-06-10,42.729999542236328,42.729999542236328,42.729999542236328,42.729999542236328,0
2011-06-13,42.779998779296875,42.779998779296875,42.779998779296875,42.779998779296875,0
2011-06-14,43.419998168945312,43.419998168945312,43.419998168945312,43.419998168945312,0
2011-06-15,42.770000457763672,42.770000457763672,42.770000457763672,42.770000457763672,0
2011-06-16,42.619998931884766,42.619998931884766,42.619998931884766,42.619998931884766,0
2011-06-17,42.970001220703125,42.970001220703125,42.970001220703125,42.970001220703125,0
2011-06-20,42.700000762939453,42.700000762939453,42.700000762939453,42.700000762939453,0
2011-06-21,43.580001831054688,43.580001831054688,43.580001831054688,43.580001831054688,0
2011-06-22,43.509998321533203,43.509998321533203,43.509998321533203,43.509998321533203,0
2011-06-23,42.569999694824219,42.569999694824219,42.569999694824219,42.569999694824219,0
2011-06-24,42.540000915527344,42.540000915527344,42.540000915527344,42.540000915527344,0
2011-06-27,42.669998168945312,42.669998168945312,42.669998168945312,42.669998168945312,0
2011-06-28,43.290000915527344,43.290000915527344,43.290000915527344,43.290000915527344,0
2011-06-29,44.099998474121094,44.099998474121094,44.099998474121094,44.099998474121094,0
2011-06-30,44.770000457763672,44.770000457763672,44.770000457763672,44.770000457763672,0
2011-07-01,45.069999694824219,45.069999694824219,45.069999694824219,45.069999694824219,0
2011-07-04,45.020000457763672,45.020000457763672,45.020000457763672,45.020000457763672,0
2011-07-05,44.790000915527344,44.790000915527344,44.790000915527344,44.790000915527344,0
2011-07-06,44.590000152587891,44.590000152587891,44.590000152587891,44.590000152587891,0
2011-07-07,44.799999237060547,44.799999237060547,44.799999237060547,44.799999237060547,0
2011-07-08,44.049999237060547,44.049999237060547,44.049999237060547,44.049999237060547,0
2011-07-11,42.860000610351562,42.860000610351562,42.860000610351562,42.860000610351562,0
2011-07-12,42.479999542236328,42.479999542236328,42.479999542236328,42.479999542236328,0
2011-07-13,42.700000762939453,42.700000762939453,42.700000762939453,42.700000762939453,0
2011-07-14,42.229999542236328,42.229999542236328,42.229999542236328,42.229999542236328,0
2011-07-15,41.950000762939453,41.950000762939453,41.950000762939453,41.950000762939453,0
2011-07-18,41.090000152587891,41.090000152587891,41.090000152587891,41.090000152587891,0
2011-07-19,41.590000152587891,41.590000152587891,41.590000152587891,41.590000152587891,0
2011-07-20,42.259998321533203,42.259998321533203,42.259998321533203,42.259998321533203,0
2011-07-21,42.959999084472656,42.959999084472656,42.959999084472656,42.959999084472656,0
2011-07-22,43.25,43.25,43.25,43.25,0
2011-07-25,42.919998168945312,42.919998168945312,42.919998168945312,42.919998168945312,0
2011-07-26,42.639999389648438,42.639999389648438,42.639999389648438,42.639999389648438,0
2011-07-27,42.029998779296875,42.029998779296875,42.029998779296875,42.029998779296875,0
2011-07-28,41.790000915527344,41.790000915527344,41.790000915527344,41.790000915527344,0
2011-07-29,41.319999694824219,41.319999694824219,41.319999694824219,41.319999694824219,0
2011-08-01,40.380001068115234,40.380001068115234,40.380001068115234,40.380001068115234,0
2011-08-02,39.650001525878906,39.650001525878906,39.650001525878906,39.650001525878906,0
2011-08-03,38.880001068115234,38.880001068115234,38.880001068115234,38.880001068115234,0
2011-08-04,37.360000610351562,37.360000610351562,37.360000610351562,37.360000610351562,0
2011-08-05,36.900001525878906,36.900001525878906,36.900001525878906,36.900001525878906,0
2011-08-08,35.169998168945312,35.169998168945312,35.169998168945312,35.169998168945312,0
2011-08-09,35.740001678466797,35.740001678466797,35.740001678466797,35.740001678466797,0
2011-08-10,33.790000915527344,33.790000915527344,33.790000915527344,33.790000915527344,0
2011-08-11,34.770000457763672,34.770000457763672,34.770000457763672,34.770000457763672,0
2011-08-12,36.159999847412109,36.159999847412109,36.159999847412109,36.159999847412109,0
2011-08-15,36.450000762939453,36.450000762939453,36.450000762939453,36.450000762939453,0
2011-08-16,36.360000610351562,36.360000610351562,36.360000610351562,36.360000610351562,0
2011-08-17,36.619998931884766,36.619998931884766,36.619998931884766,36.619998931884766,0
2011-08-18,34.610000610351562,34.610000610351562,34.610000610351562,34.610000610351562,0
2011-08-19,33.950000762939453,33.950000762939453,33.950000762939453,33.950000762939453,0
2011-08-22,34.340000152587891,34.340000152587891,34.340000152587891,34.340000152587891,0
2011-08-23,34.709999084472656,34.709999084472656,34.709999084472656,34.709999084472656,0
2011-08-24,35.330001831054688,35.330001831054688,35.330001831054688,35.330001831054688,0
2011-08-25,35.099998474121094,35.099998474121094,35.099998474121094,35.099998474121094,0
2011-08-26,34.75,34.75,34.75,34.75,0
2011-08-29,35.5,35.5,35.5,35.5,0
2011-08-30,35.560001373291016,35.560001373291016,35.560001373291016,35.560001373291016,0
2011-08-31,36.650001525878906,36.650001525878906,36.650001525878906,36.650001525878906,0
2011-09-01,36.759998321533203,36.759998321533203,36.759998321533203,36.759998321533203,0
2011-09-02,35.430000305175781,35.430000305175781,35.430000305175781,35.430000305175781,0
2011-09-05,33.819999694824219,33.819999694824219,33.819999694824219,33.819999694824219,0
2011-09-06,33.439998626708984,33.439998626708984,33.439998626708984,33.439998626708984,0
2011-09-07,34.650001525878906,34.650001525878906,34.650001525878906,34.650001525878906,0
2011-09-08,34.799999237060547,34.799999237060547,34.799999237060547,34.799999237060547,0
2011-09-09,33.540000915527344,33.540000915527344,33.540000915527344,33.540000915527344,0
2011-09-12,32.189998626708984,32.189998626708984,32.189998626708984,32.189998626708984,0
2011-09-13,32.639999389648438,32.639999389648438,32.639999389648438,32.639999389648438,0
2011-09-14,33.25,33.25,33.25,33.25,0
2011-09-15,34.340000152587891,34.340000152587891,34.340000152587891,34.340000152587891,0
2011-09-16,34.180000305175781,34.180000305175781,34.180000305175781,34.180000305175781,0
2011-09-19,33.220001220703125,33.220001220703125,33.220001220703125,33.220001220703125,0
2011-09-20,33.720001220703125,33.720001220703125,33.720001220703125,33.720001220703125,0
2011-09-21,33.169998168945312,33.169998168945312,33.169998168945312,33.169998168945312,0
2011-09-22,31.430000305175781,31.430000305175781,31.430000305175781,31.430000305175781,0
2011-09-23,31.75,31.75,31.75,31.75,0
2011-09-26,32.310001373291016,32.310001373291016,32.310001373291016,32.310001373291016,0
2011-09-27,34.159999847412109,34.159999847412109,34.159999847412109,34.159999847412109,0
2011-09-28,33.849998474121094,33.849998474121094,33.849998474121094,33.849998474121094,0
2011-09-29,34.209999084472656,34.209999084472656,34.209999084472656,34.209999084472656,0
2011-09-30,33.689998626708984,33.689998626708984,33.689998626708984,33.689998626708984,0
2011-10-03,33.069999694824219,33.069999694824219,33.069999694824219,33.069999694824219,0
2011-10-04,32.200000762939453,32.200000762939453,32.200000762939453,32.200000762939453,0
2011-10-05,33.599998474121094,33.599998474121094,33.599998474121094,33.599998474121094,0
2011-10-06,34.740001678466797,34.740001678466797,34.740001678466797,34.740001678466797,0
2011-10-07,34.970001220703125,34.970001220703125,34.970001220703125,34.970001220703125,0
2011-10-10,35.720001220703125,35.720001220703125,35.720001220703125,35.720001220703125,0
2011-10-11,35.630001068115234,35.630001068115234,35.630001068115234,35.630001068115234,0
2011-10-12,36.490001678466797,36.490001678466797,36.490001678466797,36.490001678466797,0
2011-10-13,36,36,36,36,0
2011-10-14,36.349998474121094,36.349998474121094,36.349998474121094,36.349998474121094,0
2011-10-17,35.770000457763672,35.770000457763672,35.770000457763672,35.770000457763672,0
2011-10-18,35.490001678466797,35.490001678466797,35.490001678466797,35.490001678466797,0
2011-10-19,35.669998168945312,35.669998168945312,35.669998168945312,35.669998168945312,0
2011-10-20,34.840000152587891,34.840000152587891,34.840000152587891,34.840000152587891,0
2011-10-21,35.830001831054688,35.830001831054688,35.830001831054688,35.830001831054688,0
2011-10-24,36.380001068115234,36.380001068115234,36.380001068115234,36.380001068115234,0
2011-10-25,35.860000610351562,35.860000610351562,35.860000610351562,35.860000610351562,0
2011-10-26,35.810001373291016,35.810001373291016,35.810001373291016,35.810001373291016,0
2011-10-27,38.060001373291016,38.060001373291016,38.060001373291016,38.060001373291016,0
2011-10-28,37.830001831054688,37.830001831054688,37.830001831054688,37.830001831054688,0
2011-10-31,36.639999389648438,36.639999389648438,36.639999389648438,36.639999389648438,0
2011-11-01,34.659999847412109,34.659999847412109,34.659999847412109,34.659999847412109,0
2011-11-02,35.139999389648438,35.139999389648438,35.139999389648438,35.139999389648438,0
2011-11-03,36.099998474121094,36.099998474121094,36.099998474121094,36.099998474121094,0
2011-11-04,35.290000915527344,35.290000915527344,35.290000915527344,35.290000915527344,0
2011-11-07,35.060001373291016,35.060001373291016,35.060001373291016,35.060001373291016,0
2011-11-08,35.509998321533203,35.509998321533203,35.509998321533203,35.509998321533203,0
2011-11-09,34.740001678466797,34.740001678466797,34.740001678466797,34.740001678466797,0
2011-11-10,34.680000305175781,34.680000305175781,34.680000305175781,34.680000305175781,0
2011-11-11,35.639999389648438,35.639999389648438,35.639999389648438,35.639999389648438,0
2011-11-14,35.189998626708984,35.189998626708984,35.189998626708984,35.189998626708984,0
2011-11-15,34.509998321533203,34.509998321533203,34.509998321533203,34.509998321533203,0
2011-11-16,34.689998626708984,34.689998626708984,34.689998626708984,34.689998626708984,0
2011-11-17,34.080001831054688,34.080001831054688,34.080001831054688,34.080001831054688,0
2011-11-18,33.930000305175781,33.930000305175781,33.930000305175781,33.930000305175781,0
2011-11-21,32.779998779296875,32.779998779296875,32.779998779296875,32.779998779296875,0
2011-11-22,32.5,32.5,32.5,32.5,0
2011-11-23,31.950000762939453,31.950000762939453,31.950000762939453,31.950000762939453,0
2011-11-24,31.950000762939453,31.950000762939453,31.950000762939453,31.950000762939453,0
2011-11-25,32.340000152587891,32.340000152587891,32.340000152587891,32.340000152587891,0
2011-11-28,34.110000610351562,34.110000610351562,34.110000610351562,34.110000610351562,0
2011-11-29,34.279998779296875,34.279998779296875,34.279998779296875,34.279998779296875,0
2011-11-30,35.729999542236328,35.729999542236328,35.729999542236328,35.729999542236328,0
2011-12-01,35.450000762939453,35.450000762939453,35.450000762939453,35.450000762939453,0
2011-12-02,35.849998474121094,35.849998474121094,35.849998474121094,35.849998474121094,0
2011-12-05,36.259998321533203,36.259998321533203,36.259998321533203,36.259998321533203,0
2011-12-06,36.009998321533203,36.009998321533203,36.009998321533203,36.009998321533203,0
2011-12-07,35.970001220703125,35.970001220703125,35.970001220703125,35.970001220703125,0
2011-12-08,35.060001373291016,35.060001373291016,35.060001373291016,35.060001373291016,0
2011-12-09,35.930000305175781,35.930000305175781,35.930000305175781,35.930000305175781,0
2011-12-12,35.009998321533203,35.009998321533203,35.009998321533203,35.009998321533203,0
2011-12-13,34.889999389648438,34.889999389648438,34.889999389648438,34.889999389648438,0
2011-12-14,33.729999542236328,33.729999542236328,33.729999542236328,33.729999542236328,0
2011-12-15,33.990001678466797,33.990001678466797,33.990001678466797,33.990001678466797,0
2011-12-16,33.689998626708984,33.689998626708984,33.689998626708984,33.689998626708984,0
2011-12-19,33.790000915527344,33.790000915527344,33.790000915527344,33.790000915527344,0
2011-12-20,34.709999084472656,34.709999084472656,34.709999084472656,34.709999084472656,0
2011-12-21,34.430000305175781,34.430000305175781,34.430000305175781,34.430000305175781,0
2011-12-22,34.889999389648438,34.889999389648438,34.889999389648438,34.889999389648438,0
2011-12-23,35.240001678466797,35.240001678466797,35.240001678466797,35.240001678466797,0
2011-12-27,35.25,35.25,35.25,35.25,0
2011-12-28,34.889999389648438,34.889999389648438,34.889999389648438,34.889999389648438,0
2011-12-29,35.529998779296875,35.529998779296875,35.529998779296875,35.529998779296875,0
2011-12-30,35.889999389648438,35.889999389648438,35.889999389648438,35.889999389648438,0
2012-01-02,36.599998474121094,36.599998474121094,36.599998474121094,36.599998474121094,0
2012-01-03,36.869998931884766,36.869998931884766,36.869998931884766,36.869998931884766,0
2012-01-04,36.279998779296875,36.279998779296875,36.279998779296875,36.279998779296875,0
2012-01-05,35.720001220703125,35.720001220703125,35.720001220703125,35.720001220703125,0
2012-01-06,35.639999389648438,35.639999389648438,35.639999389648438,35.639999389648438,0
2012-01-09,35.529998779296875,35.529998779296875,35.529998779296875,35.529998779296875,0
2012-01-10,36.470001220703125,36.470001220703125,36.470001220703125,36.470001220703125,0
2012-01-11,36.400001525878906,36.400001525878906,36.400001525878906,36.400001525878906,0
2012-01-12,36.349998474121094,36.349998474121094,36.349998474121094,36.349998474121094,0
2012-01-13,36.310001373291016,36.310001373291016,36.310001373291016,36.310001373291016,0
2012-01-16,36.630001068115234,36.630001068115234,36.630001068115234,36.630001068115234,0
2012-01-17,37.139999389648438,37.139999389648438,37.139999389648438,37.139999389648438,0
2012-01-18,37.080001831054688,37.080001831054688,37.080001831054688,37.080001831054688,0
2012-01-19,37.810001373291016,37.810001373291016,37.810001373291016,37.810001373291016,0
2012-01-20,37.720001220703125,37.720001220703125,37.720001220703125,37.720001220703125,0
2012-01-23,37.919998168945312,37.919998168945312,37.919998168945312,37.919998168945312,0
2012-01-24,37.740001678466797,37.740001678466797,37.740001678466797,37.740001678466797,0
2012-01-25,37.619998931884766,37.619998931884766,37.619998931884766,37.619998931884766,0
2012-01-26,38.200000762939453,38.200000762939453,38.200000762939453,38.200000762939453,0
2012-01-27,37.689998626708984,37.689998626708984,37.689998626708984,37.689998626708984,0
2012-01-30,37.090000152587891,37.090000152587891,37.090000152587891,37.090000152587891,0
2012-01-31,37.459999084472656,37.459999084472656,37.459999084472656,37.459999084472656,0
2012-02-01,38.240001678466797,38.240001678466797,38.240001678466797,38.240001678466797,0
2012-02-02,38.349998474121094,38.349998474121094,38.349998474121094,38.349998474121094,0
2012-02-03,38.930000305175781,38.930000305175781,38.930000305175781,38.930000305175781,0
2012-02-06,38.669998168945312,38.669998168945312,38.669998168945312,38.669998168945312,0
2012-02-07,38.740001678466797,38.740001678466797,38.740001678466797,38.740001678466797,0
2012-02-08,38.720001220703125,38.720001220703125,38.720001220703125,38.720001220703125,0
2012-02-09,38.889999389648438,38.889999389648438,38.889999389648438,38.889999389648438,0
2012-02-10,38.299999237060547,38.299999237060547,38.299999237060547,38.299999237060547,0
2012-02-13,38.430000305175781,38.430000305175781,38.430000305175781,38.430000305175781,0
2012-02-14,38.330001831054688,38.330001831054688,38.330001831054688,38.330001831054688,0
2012-02-15,38.5,38.5,38.5,38.5,0
2012-02-16,38.529998779296875,38.529998779296875,38.529998779296875,38.529998779296875,0
2012-02-17,39.060001373291016,39.060001373291016,39.060001373291016,39.060001373291016,0
2012-02-20,39.439998626708984,39.439998626708984,39.439998626708984,39.439998626708984,0
2012-02-21,39.349998474121094,39.349998474121094,39.349998474121094,39.349998474121094,0
2012-02-22,39.150001525878906,39.150001525878906,39.150001525878906,39.150001525878906,0
2012-02-23,39.150001525878906,39.150001525878906,39.150001525878906,39.150001525878906,0
2012-02-24,39.369998931884766,39.369998931884766,39.369998931884766,39.369998931884766,0
2012-02-27,39.080001831054688,39.080001831054688,39.080001831054688,39.080001831054688,0
2012-02-28,39.220001220703125,39.220001220703125,39.220001220703125,39.220001220703125,0
2012-02-29,39.209999084472656,39.209999084472656,39.209999084472656,39.209999084472656,0
2012-03-01,39.740001678466797,39.740001678466797,39.740001678466797,39.740001678466797,0
2012-03-02,39.759998321533203,39.759998321533203,39.759998321533203,39.759998321533203,0
2012-03-05,39.599998474121094,39.599998474121094,39.599998474121094,39.599998474121094,0
2012-03-06,38.180000305175781,38.180000305175781,38.180000305175781,38.180000305175781,0
2012-03-07,38.520000457763672,38.520000457763672,38.520000457763672,38.520000457763672,0
2012-03-08,39.5,39.5,39.5,39.5,0
2012-03-09,39.599998474121094,39.599998474121094,39.599998474121094,39.599998474121094,0
2012-03-12,39.630001068115234,39.630001068115234,39.630001068115234,39.630001068115234,0
2012-03-13,40.310001373291016,40.310001373291016,40.310001373291016,40.310001373291016,0
2012-03-14,40.479999542236328,40.479999542236328,40.479999542236328,40.479999542236328,0
2012-03-15,40.650001525878906,40.650001525878906,40.650001525878906,40.650001525878906,0
2012-03-16,40.819999694824219,40.819999694824219,40.819999694824219,40.819999694824219,0
2012-03-19,40.700000762939453,40.700000762939453,40.700000762939453,40.700000762939453,0
2012-03-20,40.169998168945312,40.169998168945312,40.169998168945312,40.169998168945312,0
2012-03-21,40.130001068115234,40.130001068115234,40.130001068115234,40.130001068115234,0
2012-03-22,39.5,39.5,39.5,39.5,0
2012-03-23,39.540000915527344,39.540000915527344,39.540000915527344,39.540000915527344,0
2012-03-26,39.840000152587891,39.840000152587891,39.840000152587891,39.840000152587891,0
2012-03-27,39.470001220703125,39.470001220703125,39.470001220703125,39.470001220703125,0
2012-03-28,39.020000457763672,39.020000457763672,39.020000457763672,39.020000457763672,0
2012-03-29,38.459999084472656,38.459999084472656,38.459999084472656,38.459999084472656,0
2012-03-30,38.939998626708984,38.939998626708984,38.939998626708984,38.939998626708984,0
2012-04-02,39.389999389648438,39.389999389648438,39.389999389648438,39.389999389648438,0
2012-04-03,38.75,38.75,38.75,38.75,0
2012-04-04,37.689998626708984,37.689998626708984,37.689998626708984,37.689998626708984,0
2012-04-05,37.759998321533203,37.759998321533203,37.759998321533203,37.759998321533203,0
2012-04-10,36.599998474121094,36.599998474121094,36.599998474121094,36.599998474121094,0
2012-04-11,36.819999694824219,36.819999694824219,36.819999694824219,36.819999694824219,0
2012-04-12,37.189998626708984,37.189998626708984,37.189998626708984,37.189998626708984,0
2012-04-13,36.270000457763672,36.270000457763672,36.270000457763672,36.270000457763672,0
2012-04-16,36.450000762939453,36.450000762939453,36.450000762939453,36.450000762939453,0
2012-04-17,37.450000762939453,37.450000762939453,37.450000762939453,37.450000762939453,0
2012-04-18,36.849998474121094,36.849998474121094,36.849998474121094,36.849998474121094,0
2012-04-19,36.099998474121094,36.099998474121094,36.099998474121094,36.099998474121094,0
2012-04-20,36.290000915527344,36.290000915527344,36.290000915527344,36.290000915527344,0
2012-04-23,35.259998321533203,35.259998321533203,35.259998321533203,35.259998321533203,0
2012-04-24,36.069999694824219,36.069999694824219,36.069999694824219,36.069999694824219,0
2012-04-25,36.860000610351562,36.860000610351562,36.860000610351562,36.860000610351562,0
2012-04-26,36.810001373291016,36.810001373291016,36.810001373291016,36.810001373291016,0
2012-04-27,37.259998321533203,37.259998321533203,37.259998321533203,37.259998321533203,0
2012-04-30,36.669998168945312,36.669998168945312,36.669998168945312,36.669998168945312,0
2012-05-02,36.840000152587891,36.840000152587891,36.840000152587891,36.840000152587891,0
2012-05-03,36.810001373291016,36.810001373291016,36.810001373291016,36.810001373291016,0
2012-05-04,36.25,36.25,36.25,36.25,0
2012-05-07,36.889999389648438,36.889999389648438,36.889999389648438,36.889999389648438,0
2012-05-08,35.919998168945312,35.919998168945312,35.919998168945312,35.919998168945312,0
2012-05-09,35.849998474121094,35.849998474121094,35.849998474121094,35.849998474121094,0
2012-05-10,36.180000305175781,36.180000305175781,36.180000305175781,36.180000305175781,0
2012-05-11,36.279998779296875,36.279998779296875,36.279998779296875,36.279998779296875,0
2012-05-14,35.439998626708984,35.439998626708984,35.439998626708984,35.439998626708984,0
2012-05-15,35.229999542236328,35.229999542236328,35.229999542236328,35.229999542236328,0
2012-05-16,35.340000152587891,35.340000152587891,35.340000152587891,35.340000152587891,0
2012-05-17,34.909999847412109,34.909999847412109,34.909999847412109,34.909999847412109,0
2012-05-18,34.889999389648438,34.889999389648438,34.889999389648438,34.889999389648438,0
2012-05-21,35.139999389648438,35.139999389648438,35.139999389648438,35.139999389648438,0
2012-05-22,35.819999694824219,35.819999694824219,35.819999694824219,35.819999694824219,0
2012-05-23,34.889999389648438,34.889999389648438,34.889999389648438,34.889999389648438,0
2012-05-24,35.310001373291016,35.310001373291016,35.310001373291016,35.310001373291016,0
2012-05-25,35.419998168945312,35.419998168945312,35.419998168945312,35.419998168945312,0
2012-05-28,35.360000610351562,35.360000610351562,35.360000610351562,35.360000610351562,0
2012-05-29,35.849998474121094,35.849998474121094,35.849998474121094,35.849998474121094,0
2012-05-30,35.110000610351562,35.110000610351562,35.110000610351562,35.110000610351562,0
2012-05-31,35.139999389648438,35.139999389648438,35.139999389648438,35.139999389648438,0
2012-06-01,34.380001068115234,34.380001068115234,34.380001068115234,34.380001068115234,0
2012-06-04,34.450000762939453,34.450000762939453,34.450000762939453,34.450000762939453,0
2012-06-05,34.830001831054688,34.830001831054688,34.830001831054688,34.830001831054688,0
2012-06-06,35.669998168945312,35.669998168945312,35.669998168945312,35.669998168945312,0
2012-06-07,35.819999694824219,35.819999694824219,35.819999694824219,35.819999694824219,0
2012-06-08,35.689998626708984,35.689998626708984,35.689998626708984,35.689998626708984,0
2012-06-11,35.619998931884766,35.619998931884766,35.619998931884766,35.619998931884766,0
2012-06-12,35.680000305175781,35.680000305175781,35.680000305175781,35.680000305175781,0
2012-06-13,35.479999542236328,35.479999542236328,35.479999542236328,35.479999542236328,0
2012-06-14,35.509998321533203,35.509998321533203,35.509998321533203,35.509998321533203,0
2012-06-15,36.150001525878906,36.150001525878906,36.150001525878906,36.150001525878906,0
2012-06-18,35.979999542236328,35.979999542236328,35.979999542236328,35.979999542236328,0
2012-06-19,36.590000152587891,36.590000152587891,36.590000152587891,36.590000152587891,0
2012-06-20,36.689998626708984,36.689998626708984,36.689998626708984,36.689998626708984,0
2012-06-21,36.540000915527344,36.540000915527344,36.540000915527344,36.540000915527344,0
2012-06-22,36.270000457763672,36.270000457763672,36.270000457763672,36.270000457763672,0
2012-06-25,35.459999084472656,35.459999084472656,35.459999084472656,35.459999084472656,0
2012-06-26,35.349998474121094,35.349998474121094,35.349998474121094,35.349998474121094,0
2012-06-27,35.950000762939453,35.950000762939453,35.950000762939453,35.950000762939453,0
2012-06-28,35.819999694824219,35.819999694824219,35.819999694824219,35.819999694824219,0
2012-06-29,37.520000457763672,37.520000457763672,37.520000457763672,37.520000457763672,0
2012-07-02,38.040000915527344,38.040000915527344,38.040000915527344,38.040000915527344,0
2012-07-03,38.409999847412109,38.409999847412109,38.409999847412109,38.409999847412109,0
2012-07-04,38.389999389648438,38.389999389648438,38.389999389648438,38.389999389648438,0
2012-07-05,37.939998626708984,37.939998626708984,37.939998626708984,37.939998626708984,0
2012-07-06,37.229999542236328,37.229999542236328,37.229999542236328,37.229999542236328,0
2012-07-09,37.090000152587891,37.090000152587891,37.090000152587891,37.090000152587891,0
2012-07-10,37.310001373291016,37.310001373291016,37.310001373291016,37.310001373291016,0
2012-07-11,37.090000152587891,37.090000152587891,37.090000152587891,37.090000152587891,0
2012-07-12,36.830001831054688,36.830001831054688,36.830001831054688,36.830001831054688,0
2012-07-13,37.369998931884766,37.369998931884766,37.369998931884766,37.369998931884766,0
2012-07-16,37.360000610351562,37.360000610351562,37.360000610351562,37.360000610351562,0
2012-07-17,37.319999694824219,37.319999694824219,37.319999694824219,37.319999694824219,0
2012-07-18,38.009998321533203,38.009998321533203,38.009998321533203,38.009998321533203,0
2012-07-19,38.340000152587891,38.340000152587891,38.340000152587891,38.340000152587891,0
2012-07-20,37.520000457763672,37.520000457763672,37.520000457763672,37.520000457763672,0
2012-07-23,36.439998626708984,36.439998626708984,36.439998626708984,36.439998626708984,0
2012-07-24,36.119998931884766,36.119998931884766,36.119998931884766,36.119998931884766,0
2012-07-25,36.200000762939453,36.200000762939453,36.200000762939453,36.200000762939453,0
2012-07-26,37.680000305175781,37.680000305175781,37.680000305175781,37.680000305175781,0
2012-07-27,38.540000915527344,38.540000915527344,38.540000915527344,38.540000915527344,0
2012-07-30,39.009998321533203,39.009998321533203,39.009998321533203,39.009998321533203,0
2012-07-31,38.669998168945312,38.669998168945312,38.669998168945312,38.669998168945312,0
2012-08-01,39.020000457763672,39.020000457763672,39.020000457763672,39.020000457763672,0
2012-08-02,37.970001220703125,37.970001220703125,37.970001220703125,37.970001220703125,0
2012-08-03,39.639999389648438,39.639999389648438,39.639999389648438,39.639999389648438,0
2012-08-06,39.959999084472656,39.959999084472656,39.959999084472656,39.959999084472656,0
2012-08-07,40.569999694824219,40.569999694824219,40.569999694824219,40.569999694824219,0
2012-08-08,40.389999389648438,40.389999389648438,40.389999389648438,40.389999389648438,0
2012-08-09,40.610000610351562,40.610000610351562,40.610000610351562,40.610000610351562,0
2012-08-10,40.360000610351562,40.360000610351562,40.360000610351562,40.360000610351562,0
2012-08-13,40.25,40.25,40.25,40.25,0
2012-08-14,40.529998779296875,40.529998779296875,40.529998779296875,40.529998779296875,0
2012-08-15,40.520000457763672,40.520000457763672,40.520000457763672,40.520000457763672,0
2012-08-16,40.880001068115234,40.880001068115234,40.880001068115234,40.880001068115234,0
2012-08-17,40.979999542236328,40.979999542236328,40.979999542236328,40.979999542236328,0
2012-08-20,40.900001525878906,40.900001525878906,40.900001525878906,40.900001525878906,0
2012-08-21,41.279998779296875,41.279998779296875,41.279998779296875,41.279998779296875,0
2012-08-22,40.669998168945312,40.669998168945312,40.669998168945312,40.669998168945312,0
2012-08-23,40.330001831054688,40.330001831054688,40.330001831054688,40.330001831054688,0
2012-08-24,40.340000152587891,40.340000152587891,40.340000152587891,40.340000152587891,0
2012-08-27,40.689998626708984,40.689998626708984,40.689998626708984,40.689998626708984,0
2012-08-28,40.319999694824219,40.319999694824219,40.319999694824219,40.319999694824219,0
2012-08-29,40.110000610351562,40.110000610351562,40.110000610351562,40.110000610351562,0
2012-08-30,39.700000762939453,39.700000762939453,39.700000762939453,39.700000762939453,0
2012-08-31,40.099998474121094,40.099998474121094,40.099998474121094,40.099998474121094,0
2012-09-03,40.580001831054688,40.580001831054688,40.580001831054688,40.580001831054688,0
2012-09-04,39.930000305175781,39.930000305175781,39.930000305175781,39.930000305175781,0
2012-09-05,40.009998321533203,40.009998321533203,40.009998321533203,40.009998321533203,0
2012-09-06,41.240001678466797,41.240001678466797,41.240001678466797,41.240001678466797,0
2012-09-07,41.409999847412109,41.409999847412109,41.409999847412109,41.409999847412109,0
2012-09-10,41.259998321533203,41.259998321533203,41.259998321533203,41.259998321533203,0
2012-09-11,41.630001068115234,41.630001068115234,41.630001068115234,41.630001068115234,0
2012-09-12,41.700000762939453,41.700000762939453,41.700000762939453,41.700000762939453,0
2012-09-13,41.209999084472656,41.209999084472656,41.209999084472656,41.209999084472656,0
2012-09-14,42.150001525878906,42.150001525878906,42.150001525878906,42.150001525878906,0
2012-09-17,41.819999694824219,41.819999694824219,41.819999694824219,41.819999694824219,0
2012-09-18,41.340000152587891,41.340000152587891,41.340000152587891,41.340000152587891,0
2012-09-19,41.560001373291016,41.560001373291016,41.560001373291016,41.560001373291016,0
2012-09-20,41.299999237060547,41.299999237060547,41.299999237060547,41.299999237060547,0
2012-09-21,41.549999237060547,41.549999237060547,41.549999237060547,41.549999237060547,0
2012-09-24,41.229999542236328,41.229999542236328,41.229999542236328,41.229999542236328,0
2012-09-25,41.490001678466797,41.490001678466797,41.490001678466797,41.490001678466797,0
2012-09-26,40.330001831054688,40.330001831054688,40.330001831054688,40.330001831054688,0
2012-09-27,40.610000610351562,40.610000610351562,40.610000610351562,40.610000610351562,0
2012-09-28,39.619998931884766,39.619998931884766,39.619998931884766,39.619998931884766,0
2012-10-01,40.560001373291016,40.560001373291016,40.560001373291016,40.560001373291016,0
2012-10-02,40.319999694824219,40.319999694824219,40.319999694824219,40.319999694824219,0
2012-10-03,40.220001220703125,40.220001220703125,40.220001220703125,40.220001220703125,0
2012-10-04,40.159999847412109,40.159999847412109,40.159999847412109,40.159999847412109,0
2012-10-05,40.819999694824219,40.819999694824219,40.819999694824219,40.819999694824219,0
2012-10-08,40.220001220703125,40.220001220703125,40.220001220703125,40.220001220703125,0
2012-10-09,39.939998626708984,39.939998626708984,39.939998626708984,39.939998626708984,0
2012-10-10,39.740001678466797,39.740001678466797,39.740001678466797,39.740001678466797,0
2012-10-11,40.310001373291016,40.310001373291016,40.310001373291016,40.310001373291016,0
2012-10-12,40.020000457763672,40.020000457763672,40.020000457763672,40.020000457763672,0
2012-10-15,40.389999389648438,40.389999389648438,40.389999389648438,40.389999389648438,0
2012-10-16,41.340000152587891,41.340000152587891,41.340000152587891,41.340000152587891,0
2012-10-17,41.650001525878906,41.650001525878906,41.650001525878906,41.650001525878906,0
2012-10-18,41.740001678466797,41.740001678466797,41.740001678466797,41.740001678466797,0
2012-10-19,41.380001068115234,41.380001068115234,41.380001068115234,41.380001068115234,0
2012-10-22,41.130001068115234,41.130001068115234,41.130001068115234,41.130001068115234,0
2012-10-23,40.220001220703125,40.220001220703125,40.220001220703125,40.220001220703125,0
2012-10-24,40.459999084472656,40.459999084472656,40.459999084472656,40.459999084472656,0
2012-10-25,40.279998779296875,40.279998779296875,40.279998779296875,40.279998779296875,0
2012-10-26,40.560001373291016,40.560001373291016,40.560001373291016,40.560001373291016,0
2012-10-29,40.25,40.25,40.25,40.25,0
2012-10-30,40.840000152587891,40.840000152587891,40.840000152587891,40.840000152587891,0
2012-10-31,40.490001678466797,40.490001678466797,40.490001678466797,40.490001678466797,0
2012-11-01,41.029998779296875,41.029998779296875,41.029998779296875,41.029998779296875,0
2012-11-02,41.229999542236328,41.229999542236328,41.229999542236328,41.229999542236328,0
2012-11-05,40.709999084472656,40.709999084472656,40.709999084472656,40.709999084472656,0
2012-11-06,41.069999694824219,41.069999694824219,41.069999694824219,41.069999694824219,0
2012-11-07,40.25,40.25,40.25,40.25,0
2012-11-08,40.229999542236328,40.229999542236328,40.229999542236328,40.229999542236328,0
2012-11-09,40.419998168945312,40.419998168945312,40.419998168945312,40.419998168945312,0
2012-11-12,40.290000915527344,40.290000915527344,40.290000915527344,40.290000915527344,0
2012-11-13,40.520000457763672,40.520000457763672,40.520000457763672,40.520000457763672,0
2012-11-14,40.159999847412109,40.159999847412109,40.159999847412109,40.159999847412109,0
2012-11-15,39.959999084472656,39.959999084472656,39.959999084472656,39.959999084472656,0
2012-11-16,39.470001220703125,39.470001220703125,39.470001220703125,39.470001220703125,0
2012-11-19,40.639999389648438,40.639999389648438,40.639999389648438,40.639999389648438,0
2012-11-20,40.900001525878906,40.900001525878906,40.900001525878906,40.900001525878906,0
2012-11-21,41.080001831054688,41.080001831054688,41.080001831054688,41.080001831054688,0
2012-11-22,41.330001831054688,41.330001831054688,41.330001831054688,41.330001831054688,0
2012-11-23,41.689998626708984,41.689998626708984,41.689998626708984,41.689998626708984,0
2012-11-26,41.360000610351562,41.360000610351562,41.360000610351562,41.360000610351562,0
2012-11-27,41.380001068115234,41.380001068115234,41.380001068115234,41.380001068115234,0
2012-11-28,41.529998779296875,41.529998779296875,41.529998779296875,41.529998779296875,0
2012-11-29,42.180000305175781,42.180000305175781,42.180000305175781,42.180000305175781,0
2012-11-30,42.049999237060547,42.049999237060547,42.049999237060547,42.049999237060547,0
2012-12-03,42.159999847412109,42.159999847412109,42.159999847412109,42.159999847412109,0
2012-12-04,42.319999694824219,42.319999694824219,42.319999694824219,42.319999694824219,0
2012-12-05,42.439998626708984,42.439998626708984,42.439998626708984,42.439998626708984,0
2012-12-06,42.569999694824219,42.569999694824219,42.569999694824219,42.569999694824219,0
2012-12-07,42.619998931884766,42.619998931884766,42.619998931884766,42.619998931884766,0
2012-12-10,42.689998626708984,42.689998626708984,42.689998626708984,42.689998626708984,0
2012-12-11,43.090000152587891,43.090000152587891,43.090000152587891,43.090000152587891,0
2012-12-12,43.110000610351562,43.110000610351562,43.110000610351562,43.110000610351562,0
2012-12-13,43.069999694824219,43.069999694824219,43.069999694824219,43.069999694824219,0
2012-12-14,43.069999694824219,43.069999694824219,43.069999694824219,43.069999694824219,0
2012-12-17,43.090000152587891,43.090000152587891,43.090000152587891,43.090000152587891,0
2012-12-18,43.209999084472656,43.209999084472656,43.209999084472656,43.209999084472656,0
2012-12-19,43.400001525878906,43.400001525878906,43.400001525878906,43.400001525878906,0
2012-12-20,43.430000305175781,43.430000305175781,43.430000305175781,43.430000305175781,0
2012-12-21,43.369998931884766,43.369998931884766,43.369998931884766,43.369998931884766,0
2012-12-27,43.520000457763672,43.520000457763672,43.520000457763672,43.520000457763672,0
2012-12-28,42.880001068115234,42.880001068115234,42.880001068115234,42.880001068115234,0
2013-01-02,44.220001220703125,44.220001220703125,44.220001220703125,44.220001220703125,0
2013-01-03,44.069999694824219,44.069999694824219,44.069999694824219,44.069999694824219,0
2013-01-04,44.180000305175781,44.180000305175781,44.180000305175781,44.180000305175781,0
2013-01-07,43.869998931884766,43.869998931884766,43.869998931884766,43.869998931884766,0
2013-01-08,43.889999389648438,43.889999389648438,43.889999389648438,43.889999389648438,0
2013-01-09,44.029998779296875,44.029998779296875,44.029998779296875,44.029998779296875,0
2013-01-10,43.849998474121094,43.849998474121094,43.849998474121094,43.849998474121094,0
2013-01-11,43.889999389648438,43.889999389648438,43.889999389648438,43.889999389648438,0
2013-01-14,43.919998168945312,43.919998168945312,43.919998168945312,43.919998168945312,0
2013-01-15,43.790000915527344,43.790000915527344,43.790000915527344,43.790000915527344,0
2013-01-16,43.919998168945312,43.919998168945312,43.919998168945312,43.919998168945312,0
2013-01-17,44.340000152587891,44.340000152587891,44.340000152587891,44.340000152587891,0
2013-01-18,44.310001373291016,44.310001373291016,44.310001373291016,44.310001373291016,0
2013-01-21,44.569999694824219,44.569999694824219,44.569999694824219,44.569999694824219,0
2013-01-22,44.310001373291016,44.310001373291016,44.310001373291016,44.310001373291016,0
2013-01-23,44.139999389648438,44.139999389648438,44.139999389648438,44.139999389648438,0
2013-01-24,44.439998626708984,44.439998626708984,44.439998626708984,44.439998626708984,0
2013-01-25,44.75,44.75,44.75,44.75,0
2013-01-28,44.779998779296875,44.779998779296875,44.779998779296875,44.779998779296875,0
2013-01-29,44.840000152587891,44.840000152587891,44.840000152587891,44.840000152587891,0
2013-01-30,44.599998474121094,44.599998474121094,44.599998474121094,44.599998474121094,0
2013-01-31,44.209999084472656,44.209999084472656,44.209999084472656,44.209999084472656,0
2013-02-01,44.689998626708984,44.689998626708984,44.689998626708984,44.689998626708984,0
2013-02-04,43.349998474121094,43.349998474121094,43.349998474121094,43.349998474121094,0
2013-02-05,43.759998321533203,43.759998321533203,43.759998321533203,43.759998321533203,0
2013-02-06,43.150001525878906,43.150001525878906,43.150001525878906,43.150001525878906,0
2013-02-07,42.650001525878906,42.650001525878906,42.650001525878906,42.650001525878906,0
2013-02-08,43.220001220703125,43.220001220703125,43.220001220703125,43.220001220703125,0
2013-02-11,43.240001678466797,43.240001678466797,43.240001678466797,43.240001678466797,0
2013-02-12,43.659999847412109,43.659999847412109,43.659999847412109,43.659999847412109,0
2013-02-13,43.799999237060547,43.799999237060547,43.799999237060547,43.799999237060547,0
2013-02-14,43.459999084472656,43.459999084472656,43.459999084472656,43.459999084472656,0
2013-02-15,43.349998474121094,43.349998474121094,43.349998474121094,43.349998474121094,0
2013-02-18,43.430000305175781,43.430000305175781,43.430000305175781,43.430000305175781,0
2013-02-19,44.25,44.25,44.25,44.25,0
2013-02-20,43.939998626708984,43.939998626708984,43.939998626708984,43.939998626708984,0
2013-02-21,42.930000305175781,42.930000305175781,42.930000305175781,42.930000305175781,0
2013-02-22,43.889999389648438,43.889999389648438,43.889999389648438,43.889999389648438,0
2013-02-25,44.069999694824219,44.069999694824219,44.069999694824219,44.069999694824219,0
2013-02-26,42.889999389648438,42.889999389648438,42.889999389648438,42.889999389648438,0
2013-02-27,43.720001220703125,43.720001220703125,43.720001220703125,43.720001220703125,0
2013-02-28,44.090000152587891,44.090000152587891,44.090000152587891,44.090000152587891,0
2013-03-01,43.819999694824219,43.819999694824219,43.819999694824219,43.819999694824219,0
2013-03-04,43.930000305175781,43.930000305175781,43.930000305175781,43.930000305175781,0
2013-03-05,44.849998474121094,44.849998474121094,44.849998474121094,44.849998474121094,0
2013-03-06,44.689998626708984,44.689998626708984,44.689998626708984,44.689998626708984,0
2013-03-07,44.930000305175781,44.930000305175781,44.930000305175781,44.930000305175781,0
2013-03-08,45.479999542236328,45.479999542236328,45.479999542236328,45.479999542236328,0
2013-03-11,45.430000305175781,45.430000305175781,45.430000305175781,45.430000305175781,0
2013-03-12,45.470001220703125,45.470001220703125,45.470001220703125,45.470001220703125,0
2013-03-13,45.430000305175781,45.430000305175781,45.430000305175781,45.430000305175781,0
2013-03-14,45.849998474121094,45.849998474121094,45.849998474121094,45.849998474121094,0
2013-03-15,45.520000457763672,45.520000457763672,45.520000457763672,45.520000457763672,0
2013-03-18,45.380001068115234,45.380001068115234,45.380001068115234,45.380001068115234,0
2013-03-19,44.790000915527344,44.790000915527344,44.790000915527344,44.790000915527344,0
2013-03-20,45.419998168945312,45.419998168945312,45.419998168945312,45.419998168945312,0
2013-03-21,44.779998779296875,44.779998779296875,44.779998779296875,44.779998779296875,0
2013-03-22,44.720001220703125,44.720001220703125,44.720001220703125,44.720001220703125,0
2013-03-25,44.220001220703125,44.220001220703125,44.220001220703125,44.220001220703125,0
2013-03-26,44.459999084472656,44.459999084472656,44.459999084472656,44.459999084472656,0
2013-03-27,44.020000457763672,44.020000457763672,44.020000457763672,44.020000457763672,0
2013-03-28,44.259998321533203,44.259998321533203,44.259998321533203,44.259998321533203,0
2013-04-02,45.139999389648438,45.139999389648438,45.139999389648438,45.139999389648438,0
2013-04-03,44.540000915527344,44.540000915527344,44.540000915527344,44.540000915527344,0
2013-04-04,44.200000762939453,44.200000762939453,44.200000762939453,44.200000762939453,0
2013-04-05,43.450000762939453,43.450000762939453,43.450000762939453,43.450000762939453,0
2013-04-08,43.490001678466797,43.490001678466797,43.490001678466797,43.490001678466797,0
2013-04-09,43.540000915527344,43.540000915527344,43.540000915527344,43.540000915527344,0
2013-04-10,44.400001525878906,44.400001525878906,44.400001525878906,44.400001525878906,0
2013-04-11,44.779998779296875,44.779998779296875,44.779998779296875,44.779998779296875,0
2013-04-12,44.229999542236328,44.229999542236328,44.229999542236328,44.229999542236328,0
2013-04-15,44.009998321533203,44.009998321533203,44.009998321533203,44.009998321533203,0
2013-04-16,43.709999084472656,43.709999084472656,43.709999084472656,43.709999084472656,0
2013-04-17,42.689998626708984,42.689998626708984,42.689998626708984,42.689998626708984,0
2013-04-18,42.689998626708984,42.689998626708984,42.689998626708984,42.689998626708984,0
2013-04-19,43.310001373291016,43.310001373291016,43.310001373291016,43.310001373291016,0
2013-04-22,43.340000152587891,43.340000152587891,43.340000152587891,43.340000152587891,0
2013-04-23,44.930000305175781,44.930000305175781,44.930000305175781,44.930000305175781,0
2013-04-24,45.639999389648438,45.639999389648438,45.639999389648438,45.639999389648438,0
2013-04-25,45.669998168945312,45.669998168945312,45.669998168945312,45.669998168945312,0
2013-04-26,45.310001373291016,45.310001373291016,45.310001373291016,45.310001373291016,0
2013-04-29,46.009998321533203,46.009998321533203,46.009998321533203,46.009998321533203,0
2013-04-30,45.880001068115234,45.880001068115234,45.880001068115234,45.880001068115234,0
2013-05-02,46.049999237060547,46.049999237060547,46.049999237060547,46.049999237060547,0
2013-05-03,46.75,46.75,46.75,46.75,0
2013-05-06,46.669998168945312,46.669998168945312,46.669998168945312,46.669998168945312,0
2013-05-07,46.880001068115234,46.880001068115234,46.880001068115234,46.880001068115234,0
2013-05-08,47.299999237060547,47.299999237060547,47.299999237060547,47.299999237060547,0
2013-05-09,47.25,47.25,47.25,47.25,0
2013-05-10,47.580001831054688,47.580001831054688,47.580001831054688,47.580001831054688,0
2013-05-13,47.479999542236328,47.479999542236328,47.479999542236328,47.479999542236328,0
2013-05-14,47.810001373291016,47.810001373291016,47.810001373291016,47.810001373291016,0
2013-05-15,48.009998321533203,48.009998321533203,48.009998321533203,48.009998321533203,0
2013-05-16,48.029998779296875,48.029998779296875,48.029998779296875,48.029998779296875,0
2013-05-17,48.299999237060547,48.299999237060547,48.299999237060547,48.299999237060547,0
2013-05-20,48.569999694824219,48.569999694824219,48.569999694824219,48.569999694824219,0
2013-05-21,48.830001831054688,48.830001831054688,48.830001831054688,48.830001831054688,0
2013-05-22,49.009998321533203,49.009998321533203,49.009998321533203,49.009998321533203,0
2013-05-23,47.990001678466797,47.990001678466797,47.990001678466797,47.990001678466797,0
2013-05-24,47.889999389648438,47.889999389648438,47.889999389648438,47.889999389648438,0
2013-05-27,48.360000610351562,48.360000610351562,48.360000610351562,48.360000610351562,0
2013-05-28,49.040000915527344,49.040000915527344,49.040000915527344,49.040000915527344,0
2013-05-29,48.139999389648438,48.139999389648438,48.139999389648438,48.139999389648438,0
2013-05-30,48.430000305175781,48.430000305175781,48.430000305175781,48.430000305175781,0
2013-05-31,47.860000610351562,47.860000610351562,47.860000610351562,47.860000610351562,0
2013-06-03,47.540000915527344,47.540000915527344,47.540000915527344,47.540000915527344,0
2013-06-04,47.599998474121094,47.599998474121094,47.599998474121094,47.599998474121094,0
2013-06-05,46.720001220703125,46.720001220703125,46.720001220703125,46.720001220703125,0
2013-06-06,46.299999237060547,46.299999237060547,46.299999237060547,46.299999237060547,0
2013-06-07,47.009998321533203,47.009998321533203,47.009998321533203,47.009998321533203,0
2013-06-10,46.909999847412109,46.909999847412109,46.909999847412109,46.909999847412109,0
2013-06-11,46.25,46.25,46.25,46.25,0
2013-06-12,46.080001831054688,46.080001831054688,46.080001831054688,46.080001831054688,0
2013-06-13,46.130001068115234,46.130001068115234,46.130001068115234,46.130001068115234,0
2013-06-14,46.220001220703125,46.220001220703125,46.220001220703125,46.220001220703125,0
2013-06-17,46.930000305175781,46.930000305175781,46.930000305175781,46.930000305175781,0
2013-06-18,46.889999389648438,46.889999389648438,46.889999389648438,46.889999389648438,0
2013-06-19,46.630001068115234,46.630001068115234,46.630001068115234,46.630001068115234,0
2013-06-20,44.939998626708984,44.939998626708984,44.939998626708984,44.939998626708984,0
2013-06-21,44.439998626708984,44.439998626708984,44.439998626708984,44.439998626708984,0
2013-06-24,43.759998321533203,43.759998321533203,43.759998321533203,43.759998321533203,0
2013-06-25,44.419998168945312,44.419998168945312,44.419998168945312,44.419998168945312,0
2013-06-26,45.349998474121094,45.349998474121094,45.349998474121094,45.349998474121094,0
2013-06-27,45.790000915527344,45.790000915527344,45.790000915527344,45.790000915527344,0
2013-06-28,45.5,45.5,45.5,45.5,0
2013-07-01,45.849998474121094,45.849998474121094,45.849998474121094,45.849998474121094,0
2013-07-02,45.569999694824219,45.569999694824219,45.569999694824219,45.569999694824219,0
2013-07-03,45.080001831054688,45.080001831054688,45.080001831054688,45.080001831054688,0
2013-07-04,46.389999389648438,46.389999389648438,46.389999389648438,46.389999389648438,0
2013-07-05,45.720001220703125,45.720001220703125,45.720001220703125,45.720001220703125,0
2013-07-08,46.569999694824219,46.569999694824219,46.569999694824219,46.569999694824219,0
2013-07-09,46.810001373291016,46.810001373291016,46.810001373291016,46.810001373291016,0
2013-07-10,46.770000457763672,46.770000457763672,46.770000457763672,46.770000457763672,0
2013-07-11,47.119998931884766,47.119998931884766,47.119998931884766,47.119998931884766,0
2013-07-12,46.950000762939453,46.950000762939453,46.950000762939453,46.950000762939453,0
2013-07-15,47.240001678466797,47.240001678466797,47.240001678466797,47.240001678466797,0
2013-07-16,46.900001525878906,46.900001525878906,46.900001525878906,46.900001525878906,0
2013-07-17,47.150001525878906,47.150001525878906,47.150001525878906,47.150001525878906,0
2013-07-18,47.830001831054688,47.830001831054688,47.830001831054688,47.830001831054688,0
2013-07-19,47.799999237060547,47.799999237060547,47.799999237060547,47.799999237060547,0
2013-07-22,47.979999542236328,47.979999542236328,47.979999542236328,47.979999542236328,0
2013-07-23,47.770000457763672,47.770000457763672,47.770000457763672,47.770000457763672,0
2013-07-24,48.259998321533203,48.259998321533203,48.259998321533203,48.259998321533203,0
2013-07-25,48.169998168945312,48.169998168945312,48.169998168945312,48.169998168945312,0
2013-07-26,48.330001831054688,48.330001831054688,48.330001831054688,48.330001831054688,0
2013-07-29,48.330001831054688,48.330001831054688,48.330001831054688,48.330001831054688,0
2013-07-30,48.549999237060547,48.549999237060547,48.549999237060547,48.549999237060547,0
2013-07-31,48.619998931884766,48.619998931884766,48.619998931884766,48.619998931884766,0
2013-08-01,49.229999542236328,49.229999542236328,49.229999542236328,49.229999542236328,0
2013-08-02,49.259998321533203,49.259998321533203,49.259998321533203,49.259998321533203,0
2013-08-05,49.310001373291016,49.310001373291016,49.310001373291016,49.310001373291016,0
2013-08-06,49.099998474121094,49.099998474121094,49.099998474121094,49.099998474121094,0
2013-08-07,49.169998168945312,49.169998168945312,49.169998168945312,49.169998168945312,0
2013-08-08,49.490001678466797,49.490001678466797,49.490001678466797,49.490001678466797,0
2013-08-09,49.639999389648438,49.639999389648438,49.639999389648438,49.639999389648438,0
2013-08-12,49.580001831054688,49.580001831054688,49.580001831054688,49.580001831054688,0
2013-08-13,49.830001831054688,49.830001831054688,49.830001831054688,49.830001831054688,0
2013-08-14,50.090000152587891,50.090000152587891,50.090000152587891,50.090000152587891,0
2013-08-15,49.840000152587891,49.840000152587891,49.840000152587891,49.840000152587891,0
2013-08-16,50.209999084472656,50.209999084472656,50.209999084472656,50.209999084472656,0
2013-08-19,49.720001220703125,49.720001220703125,49.720001220703125,49.720001220703125,0
2013-08-20,49.049999237060547,49.049999237060547,49.049999237060547,49.049999237060547,0
2013-08-21,48.880001068115234,48.880001068115234,48.880001068115234,48.880001068115234,0
2013-08-22,49.419998168945312,49.419998168945312,49.419998168945312,49.419998168945312,0
2013-08-23,49.549999237060547,49.549999237060547,49.549999237060547,49.549999237060547,0
2013-08-26,49.520000457763672,49.520000457763672,49.520000457763672,49.520000457763672,0
2013-08-27,48.319999694824219,48.319999694824219,48.319999694824219,48.319999694824219,0
2013-08-28,48.220001220703125,48.220001220703125,48.220001220703125,48.220001220703125,0
2013-08-29,48.529998779296875,48.529998779296875,48.529998779296875,48.529998779296875,0
2013-08-30,47.889999389648438,47.889999389648438,47.889999389648438,47.889999389648438,0
2013-09-02,48.770000457763672,48.770000457763672,48.770000457763672,48.770000457763672,0
2013-09-03,48.380001068115234,48.380001068115234,48.380001068115234,48.380001068115234,0
2013-09-04,48.459999084472656,48.459999084472656,48.459999084472656,48.459999084472656,0
2013-09-05,48.779998779296875,48.779998779296875,48.779998779296875,48.779998779296875,0
2013-09-06,49.290000915527344,49.290000915527344,49.290000915527344,49.290000915527344,0
2013-09-09,49.189998626708984,49.189998626708984,49.189998626708984,49.189998626708984,0
2013-09-10,50.119998931884766,50.119998931884766,50.119998931884766,50.119998931884766,0
2013-09-11,50.150001525878906,50.150001525878906,50.150001525878906,50.150001525878906,0
2013-09-12,50,50,50,50,0
2013-09-13,50.090000152587891,50.090000152587891,50.090000152587891,50.090000152587891,0
2013-09-16,50.560001373291016,50.560001373291016,50.560001373291016,50.560001373291016,0
2013-09-17,50.470001220703125,50.470001220703125,50.470001220703125,50.470001220703125,0
2013-09-18,50.779998779296875,50.779998779296875,50.779998779296875,50.779998779296875,0
2013-09-19,51.209999084472656,51.209999084472656,51.209999084472656,51.209999084472656,0
2013-09-20,51.180000305175781,51.180000305175781,51.180000305175781,51.180000305175781,0
2013-09-23,50.790000915527344,50.790000915527344,50.790000915527344,50.790000915527344,0
2013-09-24,51.159999847412109,51.159999847412109,51.159999847412109,51.159999847412109,0
2013-09-25,51.159999847412109,51.159999847412109,51.159999847412109,51.159999847412109,0
2013-09-26,51.049999237060547,51.049999237060547,51.049999237060547,51.049999237060547,0
2013-09-27,51.049999237060547,51.049999237060547,51.049999237060547,51.049999237060547,0
2013-09-30,50.520000457763672,50.520000457763672,50.520000457763672,50.520000457763672,0
2013-10-01,51.169998168945312,51.169998168945312,51.169998168945312,51.169998168945312,0
2013-10-02,50.700000762939453,50.700000762939453,50.700000762939453,50.700000762939453,0
2013-10-03,50.330001831054688,50.330001831054688,50.330001831054688,50.330001831054688,0
2013-10-04,50.770000457763672,50.770000457763672,50.770000457763672,50.770000457763672,0
2013-10-07,50.790000915527344,50.790000915527344,50.790000915527344,50.790000915527344,0
2013-10-08,50.400001525878906,50.400001525878906,50.400001525878906,50.400001525878906,0
2013-10-09,50.319999694824219,50.319999694824219,50.319999694824219,50.319999694824219,0
2013-10-10,51.430000305175781,51.430000305175781,51.430000305175781,51.430000305175781,0
2013-10-11,51.450000762939453,51.450000762939453,51.450000762939453,51.450000762939453,0
2013-10-14,51.490001678466797,51.490001678466797,51.490001678466797,51.490001678466797,0
2013-10-15,51.889999389648438,51.889999389648438,51.889999389648438,51.889999389648438,0
2013-10-16,51.740001678466797,51.740001678466797,51.740001678466797,51.740001678466797,0
2013-10-17,51.689998626708984,51.689998626708984,51.689998626708984,51.689998626708984,0
2013-10-18,52.259998321533203,52.259998321533203,52.259998321533203,52.259998321533203,0
2013-10-21,52.139999389648438,52.139999389648438,52.139999389648438,52.139999389648438,0
2013-10-22,52.369998931884766,52.369998931884766,52.369998931884766,52.369998931884766,0
2013-10-23,51.939998626708984,51.939998626708984,51.939998626708984,51.939998626708984,0
2013-10-24,52.130001068115234,52.130001068115234,52.130001068115234,52.130001068115234,0
2013-10-25,52.090000152587891,52.090000152587891,52.090000152587891,52.090000152587891,0
2013-10-28,51.830001831054688,51.830001831054688,51.830001831054688,51.830001831054688,0
2013-10-29,52.150001525878906,52.150001525878906,52.150001525878906,52.150001525878906,0
2013-10-30,52.110000610351562,52.110000610351562,52.110000610351562,52.110000610351562,0
2013-10-31,52.419998168945312,52.419998168945312,52.419998168945312,52.419998168945312,0
2013-11-01,52.090000152587891,52.090000152587891,52.090000152587891,52.090000152587891,0
2013-11-04,52.279998779296875,52.279998779296875,52.279998779296875,52.279998779296875,0
2013-11-05,51.849998474121094,51.849998474121094,51.849998474121094,51.849998474121094,0
2013-11-06,52.259998321533203,52.259998321533203,52.259998321533203,52.259998321533203,0
2013-11-07,52.189998626708984,52.189998626708984,52.189998626708984,52.189998626708984,0
2013-11-08,51.939998626708984,51.939998626708984,51.939998626708984,51.939998626708984,0
2013-11-11,52.310001373291016,52.310001373291016,52.310001373291016,52.310001373291016,0
2013-11-12,52,52,52,52,0
2013-11-13,51.709999084472656,51.709999084472656,51.709999084472656,51.709999084472656,0
2013-11-14,52.25,52.25,52.25,52.25,0
2013-11-15,52.419998168945312,52.419998168945312,52.419998168945312,52.419998168945312,0
2013-11-18,52.759998321533203,52.759998321533203,52.759998321533203,52.759998321533203,0
2013-11-19,52.169998168945312,52.169998168945312,52.169998168945312,52.169998168945312,0
2013-11-20,52.119998931884766,52.119998931884766,52.119998931884766,52.119998931884766,0
2013-11-21,51.950000762939453,51.950000762939453,51.950000762939453,51.950000762939453,0
2013-11-22,52.25,52.25,52.25,52.25,0
2013-11-25,52.529998779296875,52.529998779296875,52.529998779296875,52.529998779296875,0
2013-11-26,52.240001678466797,52.240001678466797,52.240001678466797,52.240001678466797,0
2013-11-27,52.419998168945312,52.419998168945312,52.419998168945312,52.419998168945312,0
2013-11-28,52.560001373291016,52.560001373291016,52.560001373291016,52.560001373291016,0
2013-11-29,52.470001220703125,52.470001220703125,52.470001220703125,52.470001220703125,0
2013-12-02,52.349998474121094,52.349998474121094,52.349998474121094,52.349998474121094,0
2013-12-03,50.970001220703125,50.970001220703125,50.970001220703125,50.970001220703125,0
2013-12-04,50.680000305175781,50.680000305175781,50.680000305175781,50.680000305175781,0
2013-12-05,50.080001831054688,50.080001831054688,50.080001831054688,50.080001831054688,0
2013-12-06,50.479999542236328,50.479999542236328,50.479999542236328,50.479999542236328,0
2013-12-09,50.540000915527344,50.540000915527344,50.540000915527344,50.540000915527344,0
2013-12-10,50.009998321533203,50.009998321533203,50.009998321533203,50.009998321533203,0
2013-12-11,49.959999084472656,49.959999084472656,49.959999084472656,49.959999084472656,0
2013-12-12,49.75,49.75,49.75,49.75,0
2013-12-13,49.639999389648438,49.639999389648438,49.639999389648438,49.639999389648438,0
2013-12-16,50.459999084472656,50.459999084472656,50.459999084472656,50.459999084472656,0
2013-12-17,49.830001831054688,49.830001831054688,49.830001831054688,49.830001831054688,0
2013-12-18,50.330001831054688,50.330001831054688,50.330001831054688,50.330001831054688,0
2013-12-19,51.159999847412109,51.159999847412109,51.159999847412109,51.159999847412109,0
2013-12-20,51.360000610351562,51.360000610351562,51.360000610351562,51.360000610351562,0
2013-12-23,51.619998931884766,51.619998931884766,51.619998931884766,51.619998931884766,0
2013-12-24,51.659999847412109,51.659999847412109,51.659999847412109,51.659999847412109,0
2013-12-27,52.389999389648438,52.389999389648438,52.389999389648438,52.389999389648438,0
2013-12-30,52.360000610351562,52.360000610351562,52.360000610351562,52.360000610351562,0
2013-12-31,52.610000610351562,52.610000610351562,52.610000610351562,52.610000610351562,0
2014-01-02,51.770000457763672,51.770000457763672,51.770000457763672,51.770000457763672,0
2014-01-03,52.020000457763672,52.020000457763672,52.020000457763672,52.020000457763672,0
2014-01-06,51.770000457763672,51.770000457763672,51.770000457763672,51.770000457763672,0
2014-01-07,52.200000762939453,52.200000762939453,52.200000762939453,52.200000762939453,0
2014-01-08,52.180000305175781,52.180000305175781,52.180000305175781,52.180000305175781,0
2014-01-09,51.740001678466797,51.740001678466797,51.740001678466797,51.740001678466797,0
2014-01-10,52.049999237060547,52.049999237060547,52.049999237060547,52.049999237060547,0
2014-01-13,52.209999084472656,52.209999084472656,52.209999084472656,52.209999084472656,0
2014-01-14,52.340000152587891,52.340000152587891,52.340000152587891,52.340000152587891,0
2014-01-15,53.049999237060547,53.049999237060547,53.049999237060547,53.049999237060547,0
2014-01-16,52.889999389648438,52.889999389648438,52.889999389648438,52.889999389648438,0
2014-01-17,52.990001678466797,52.990001678466797,52.990001678466797,52.990001678466797,0
2014-01-20,52.939998626708984,52.939998626708984,52.939998626708984,52.939998626708984,0
2014-01-21,52.959999084472656,52.959999084472656,52.959999084472656,52.959999084472656,0
2014-01-22,52.970001220703125,52.970001220703125,52.970001220703125,52.970001220703125,0
2014-01-23,52.430000305175781,52.430000305175781,52.430000305175781,52.430000305175781,0
2014-01-24,50.970001220703125,50.970001220703125,50.970001220703125,50.970001220703125,0
2014-01-27,50.759998321533203,50.759998321533203,50.759998321533203,50.759998321533203,0
2014-01-28,51.259998321533203,51.259998321533203,51.259998321533203,51.259998321533203,0
2014-01-29,50.909999847412109,50.909999847412109,50.909999847412109,50.909999847412109,0
2014-01-30,51.189998626708984,51.189998626708984,51.189998626708984,51.189998626708984,0
2014-01-31,51.020000457763672,51.020000457763672,51.020000457763672,51.020000457763672,0
2014-02-03,50.310001373291016,50.310001373291016,50.310001373291016,50.310001373291016,0
2014-02-04,50.419998168945312,50.419998168945312,50.419998168945312,50.419998168945312,0
2014-02-05,50.430000305175781,50.430000305175781,50.430000305175781,50.430000305175781,0
2014-02-06,51.290000915527344,51.290000915527344,51.290000915527344,51.290000915527344,0
2014-02-07,51.779998779296875,51.779998779296875,51.779998779296875,51.779998779296875,0
2014-02-10,51.889999389648438,51.889999389648438,51.889999389648438,51.889999389648438,0
2014-02-11,52.450000762939453,52.450000762939453,52.450000762939453,52.450000762939453,0
2014-02-12,52.720001220703125,52.720001220703125,52.720001220703125,52.720001220703125,0
2014-02-13,52.810001373291016,52.810001373291016,52.810001373291016,52.810001373291016,0
2014-02-14,53.150001525878906,53.150001525878906,53.150001525878906,53.150001525878906,0
2014-02-17,53.090000152587891,53.090000152587891,53.090000152587891,53.090000152587891,0
2014-02-18,53.029998779296875,53.029998779296875,53.029998779296875,53.029998779296875,0
2014-02-19,53.159999847412109,53.159999847412109,53.159999847412109,53.159999847412109,0
2014-02-20,53.330001831054688,53.330001831054688,53.330001831054688,53.330001831054688,0
2014-02-21,53.650001525878906,53.650001525878906,53.650001525878906,53.650001525878906,0
2014-02-24,54.110000610351562,54.110000610351562,54.110000610351562,54.110000610351562,0
2014-02-25,54.049999237060547,54.049999237060547,54.049999237060547,54.049999237060547,0
2014-02-26,53.840000152587891,53.840000152587891,53.840000152587891,53.840000152587891,0
2014-02-27,53.830001831054688,53.830001831054688,53.830001831054688,53.830001831054688,0
2014-02-28,53.970001220703125,53.970001220703125,53.970001220703125,53.970001220703125,0
2014-03-03,52.540000915527344,52.540000915527344,52.540000915527344,52.540000915527344,0
2014-03-04,53.819999694824219,53.819999694824219,53.819999694824219,53.819999694824219,0
2014-03-05,53.770000457763672,53.770000457763672,53.770000457763672,53.770000457763672,0
2014-03-06,54.080001831054688,54.080001831054688,54.080001831054688,54.080001831054688,0
2014-03-07,53.459999084472656,53.459999084472656,53.459999084472656,53.459999084472656,0
2014-03-10,53.520000457763672,53.520000457763672,53.520000457763672,53.520000457763672,0
2014-03-11,53.259998321533203,53.259998321533203,53.259998321533203,53.259998321533203,0
2014-03-12,52.720001220703125,52.720001220703125,52.720001220703125,52.720001220703125,0
2014-03-13,52.040000915527344,52.040000915527344,52.040000915527344,52.040000915527344,0
2014-03-14,51.619998931884766,51.619998931884766,51.619998931884766,51.619998931884766,0
2014-03-17,52.299999237060547,52.299999237060547,52.299999237060547,52.299999237060547,0
2014-03-18,52.810001373291016,52.810001373291016,52.810001373291016,52.810001373291016,0
2014-03-19,52.740001678466797,52.740001678466797,52.740001678466797,52.740001678466797,0
2014-03-20,52.990001678466797,52.990001678466797,52.990001678466797,52.990001678466797,0
2014-03-21,53.080001831054688,53.080001831054688,53.080001831054688,53.080001831054688,0
2014-03-24,52.430000305175781,52.430000305175781,52.430000305175781,52.430000305175781,0
2014-03-25,53.259998321533203,53.259998321533203,53.259998321533203,53.259998321533203,0
2014-03-26,53.759998321533203,53.759998321533203,53.759998321533203,53.759998321533203,0
2014-03-27,53.689998626708984,53.689998626708984,53.689998626708984,53.689998626708984,0
2014-03-28,54.080001831054688,54.080001831054688,54.080001831054688,54.080001831054688,0
2014-03-31,53.840000152587891,53.840000152587891,53.840000152587891,53.840000152587891,0
2014-04-01,54.270000457763672,54.270000457763672,54.270000457763672,54.270000457763672,0
2014-04-02,54.319999694824219,54.319999694824219,54.319999694824219,54.319999694824219,0
2014-04-03,54.549999237060547,54.549999237060547,54.549999237060547,54.549999237060547,0
2014-04-04,54.979999542236328,54.979999542236328,54.979999542236328,54.979999542236328,0
2014-04-07,54.389999389648438,54.389999389648438,54.389999389648438,54.389999389648438,0
2014-04-08,54.25,54.25,54.25,54.25,0
2014-04-09,54.470001220703125,54.470001220703125,54.470001220703125,54.470001220703125,0
2014-04-10,54.110000610351562,54.110000610351562,54.110000610351562,54.110000610351562,0
2014-04-11,53.520000457763672,53.520000457763672,53.520000457763672,53.520000457763672,0
2014-04-14,53.790000915527344,53.790000915527344,53.790000915527344,53.790000915527344,0
2014-04-15,53.299999237060547,53.299999237060547,53.299999237060547,53.299999237060547,0
2014-04-16,54.040000915527344,54.040000915527344,54.040000915527344,54.040000915527344,0
2014-04-17,54.360000610351562,54.360000610351562,54.360000610351562,54.360000610351562,0
2014-04-22,55.009998321533203,55.009998321533203,55.009998321533203,55.009998321533203,0
2014-04-23,54.599998474121094,54.599998474121094,54.599998474121094,54.599998474121094,0
2014-04-24,54.970001220703125,54.970001220703125,54.970001220703125,54.970001220703125,0
2014-04-25,54.569999694824219,54.569999694824219,54.569999694824219,54.569999694824219,0
2014-04-28,54.779998779296875,54.779998779296875,54.779998779296875,54.779998779296875,0
2014-04-29,55.270000457763672,55.270000457763672,55.270000457763672,55.270000457763672,0
2014-04-30,55.209999084472656,55.209999084472656,55.209999084472656,55.209999084472656,0
2014-05-01,55.209999084472656,55.209999084472656,55.209999084472656,55.209999084472656,0
2014-05-02,54.959999084472656,54.959999084472656,54.959999084472656,54.959999084472656,0
2014-05-05,55.029998779296875,55.029998779296875,55.029998779296875,55.029998779296875,0
2014-05-06,54.599998474121094,54.599998474121094,54.599998474121094,54.599998474121094,0
2014-05-07,54.880001068115234,54.880001068115234,54.880001068115234,54.880001068115234,0
2014-05-08,55.639999389648438,55.639999389648438,55.639999389648438,55.639999389648438,0
2014-05-09,55.279998779296875,55.279998779296875,55.279998779296875,55.279998779296875,0
2014-05-12,55.770000457763672,55.770000457763672,55.770000457763672,55.770000457763672,0
2014-05-13,55.909999847412109,55.909999847412109,55.909999847412109,55.909999847412109,0
2014-05-14,55.919998168945312,55.919998168945312,55.919998168945312,55.919998168945312,0
2014-05-15,55.229999542236328,55.229999542236328,55.229999542236328,55.229999542236328,0
2014-05-16,55.430000305175781,55.430000305175781,55.430000305175781,55.430000305175781,0
2014-05-19,55.590000152587891,55.590000152587891,55.590000152587891,55.590000152587891,0
2014-05-20,55.5,55.5,55.5,55.5,0
2014-05-21,55.709999084472656,55.709999084472656,55.709999084472656,55.709999084472656,0
2014-05-22,55.840000152587891,55.840000152587891,55.840000152587891,55.840000152587891,0
2014-05-23,56.020000457763672,56.020000457763672,56.020000457763672,56.020000457763672,0
2014-05-26,56.439998626708984,56.439998626708984,56.439998626708984,56.439998626708984,0
2014-05-27,56.520000457763672,56.520000457763672,56.520000457763672,56.520000457763672,0
2014-05-28,56.549999237060547,56.549999237060547,56.549999237060547,56.549999237060547,0
2014-05-29,56.580001831054688,56.580001831054688,56.580001831054688,56.580001831054688,0
2014-05-30,56.470001220703125,56.470001220703125,56.470001220703125,56.470001220703125,0
2014-06-02,56.569999694824219,56.569999694824219,56.569999694824219,56.569999694824219,0
2014-06-03,56.439998626708984,56.439998626708984,56.439998626708984,56.439998626708984,0
2014-06-04,56.419998168945312,56.419998168945312,56.419998168945312,56.419998168945312,0
2014-06-05,57.029998779296875,57.029998779296875,57.029998779296875,57.029998779296875,0
2014-06-06,57.430000305175781,57.430000305175781,57.430000305175781,57.430000305175781,0
2014-06-09,57.529998779296875,57.529998779296875,57.529998779296875,57.529998779296875,0
2014-06-10,57.599998474121094,57.599998474121094,57.599998474121094,57.599998474121094,0
2014-06-11,57.139999389648438,57.139999389648438,57.139999389648438,57.139999389648438,0
2014-06-12,57.130001068115234,57.130001068115234,57.130001068115234,57.130001068115234,0
2014-06-13,56.990001678466797,56.990001678466797,56.990001678466797,56.990001678466797,0
2014-06-16,56.569999694824219,56.569999694824219,56.569999694824219,56.569999694824219,0
2014-06-17,56.900001525878906,56.900001525878906,56.900001525878906,56.900001525878906,0
2014-06-18,56.819999694824219,56.819999694824219,56.819999694824219,56.819999694824219,0
2014-06-19,57.229999542236328,57.229999542236328,57.229999542236328,57.229999542236328,0
2014-06-20,56.959999084472656,56.959999084472656,56.959999084472656,56.959999084472656,0
2014-06-23,56.639999389648438,56.639999389648438,56.639999389648438,56.639999389648438,0
2014-06-24,56.669998168945312,56.669998168945312,56.669998168945312,56.669998168945312,0
2014-06-25,56.020000457763672,56.020000457763672,56.020000457763672,56.020000457763672,0
2014-06-26,55.759998321533203,55.759998321533203,55.759998321533203,55.759998321533203,0
2014-06-27,55.729999542236328,55.729999542236328,55.729999542236328,55.729999542236328,0
2014-06-30,55.549999237060547,55.549999237060547,55.549999237060547,55.549999237060547,0
2014-07-01,56.040000915527344,56.040000915527344,56.040000915527344,56.040000915527344,0
2014-07-02,55.830001831054688,55.830001831054688,55.830001831054688,55.830001831054688,0
2014-07-03,56.409999847412109,56.409999847412109,56.409999847412109,56.409999847412109,0
2014-07-04,56.150001525878906,56.150001525878906,56.150001525878906,56.150001525878906,0
2014-07-07,55.349998474121094,55.349998474121094,55.349998474121094,55.349998474121094,0
2014-07-08,54.560001373291016,54.560001373291016,54.560001373291016,54.560001373291016,0
2014-07-09,54.779998779296875,54.779998779296875,54.779998779296875,54.779998779296875,0
2014-07-10,54.040000915527344,54.040000915527344,54.040000915527344,54.040000915527344,0
2014-07-11,54.229999542236328,54.229999542236328,54.229999542236328,54.229999542236328,0
2014-07-14,54.650001525878906,54.650001525878906,54.650001525878906,54.650001525878906,0
2014-07-15,54.090000152587891,54.090000152587891,54.090000152587891,54.090000152587891,0
2014-07-16,54.889999389648438,54.889999389648438,54.889999389648438,54.889999389648438,0
2014-07-17,54.229999542236328,54.229999542236328,54.229999542236328,54.229999542236328,0
2014-07-18,54.470001220703125,54.470001220703125,54.470001220703125,54.470001220703125,0
2014-07-21,54.080001831054688,54.080001831054688,54.080001831054688,54.080001831054688,0
2014-07-22,54.889999389648438,54.889999389648438,54.889999389648438,54.889999389648438,0
2014-07-23,54.979999542236328,54.979999542236328,54.979999542236328,54.979999542236328,0
2014-07-24,55.409999847412109,55.409999847412109,55.409999847412109,55.409999847412109,0
2014-07-25,54.400001525878906,54.400001525878906,54.400001525878906,54.400001525878906,0
2014-07-28,54.580001831054688,54.580001831054688,54.580001831054688,54.580001831054688,0
2014-07-29,54.840000152587891,54.840000152587891,54.840000152587891,54.840000152587891,0
2014-07-30,54.169998168945312,54.169998168945312,54.169998168945312,54.169998168945312,0
2014-07-31,53.340000152587891,53.340000152587891,53.340000152587891,53.340000152587891,0
2014-08-01,52.799999237060547,52.799999237060547,52.799999237060547,52.799999237060547,0
2014-08-04,52.979999542236328,52.979999542236328,52.979999542236328,52.979999542236328,0
2014-08-05,53.169998168945312,53.169998168945312,53.169998168945312,53.169998168945312,0
2014-08-06,52.849998474121094,52.849998474121094,52.849998474121094,52.849998474121094,0
2014-08-07,52.130001068115234,52.130001068115234,52.130001068115234,52.130001068115234,0
2014-08-08,52.099998474121094,52.099998474121094,52.099998474121094,52.099998474121094,0
2014-08-11,52.729999542236328,52.729999542236328,52.729999542236328,52.729999542236328,0
2014-08-12,52.279998779296875,52.279998779296875,52.279998779296875,52.279998779296875,0
2014-08-13,52.689998626708984,52.689998626708984,52.689998626708984,52.689998626708984,0
2014-08-14,52.819999694824219,52.819999694824219,52.819999694824219,52.819999694824219,0
2014-08-15,52.430000305175781,52.430000305175781,52.430000305175781,52.430000305175781,0
2014-08-18,53.139999389648438,53.139999389648438,53.139999389648438,53.139999389648438,0
2014-08-19,53.439998626708984,53.439998626708984,53.439998626708984,53.439998626708984,0
2014-08-20,53.270000457763672,53.270000457763672,53.270000457763672,53.270000457763672,0
2014-08-21,53.919998168945312,53.919998168945312,53.919998168945312,53.919998168945312,0
2014-08-22,53.419998168945312,53.419998168945312,53.419998168945312,53.419998168945312,0
2014-08-25,54.540000915527344,54.540000915527344,54.540000915527344,54.540000915527344,0
2014-08-26,55.180000305175781,55.180000305175781,55.180000305175781,55.180000305175781,0
2014-08-27,55.209999084472656,55.209999084472656,55.209999084472656,55.209999084472656,0
2014-08-28,54.840000152587891,54.840000152587891,54.840000152587891,54.840000152587891,0
2014-08-29,55.029998779296875,55.029998779296875,55.029998779296875,55.029998779296875,0
2014-09-01,55.009998321533203,55.009998321533203,55.009998321533203,55.009998321533203,0
2014-09-02,54.990001678466797,54.990001678466797,54.990001678466797,54.990001678466797,0
2014-09-03,55.540000915527344,55.540000915527344,55.540000915527344,55.540000915527344,0
2014-09-04,56.450000762939453,56.450000762939453,56.450000762939453,56.450000762939453,0
2014-09-05,56.349998474121094,56.349998474121094,56.349998474121094,56.349998474121094,0
2014-09-08,56.200000762939453,56.200000762939453,56.200000762939453,56.200000762939453,0
2014-09-09,55.919998168945312,55.919998168945312,55.919998168945312,55.919998168945312,0
2014-09-10,55.900001525878906,55.900001525878906,55.900001525878906,55.900001525878906,0
2014-09-11,55.770000457763672,55.770000457763672,55.770000457763672,55.770000457763672,0
2014-09-12,55.779998779296875,55.779998779296875,55.779998779296875,55.779998779296875,0
2014-09-15,55.619998931884766,55.619998931884766,55.619998931884766,55.619998931884766,0
2014-09-16,55.369998931884766,55.369998931884766,55.369998931884766,55.369998931884766,0
2014-09-17,55.650001525878906,55.650001525878906,55.650001525878906,55.650001525878906,0
2014-09-18,56.069999694824219,56.069999694824219,56.069999694824219,56.069999694824219,0
2014-09-19,56.029998779296875,56.029998779296875,56.029998779296875,56.029998779296875,0
2014-09-22,55.790000915527344,55.790000915527344,55.790000915527344,55.790000915527344,0
2014-09-23,54.819999694824219,54.819999694824219,54.819999694824219,54.819999694824219,0
2014-09-24,55.509998321533203,55.509998321533203,55.509998321533203,55.509998321533203,0
2014-09-25,54.770000457763672,54.770000457763672,54.770000457763672,54.770000457763672,0
2014-09-26,55.270000457763672,55.270000457763672,55.270000457763672,55.270000457763672,0
2014-09-29,54.810001373291016,54.810001373291016,54.810001373291016,54.810001373291016,0
2014-09-30,55.542598724365234,55.542598724365234,55.542598724365234,55.542598724365234,0
2014-10-01,54.901401519775391,54.901401519775391,54.901401519775391,54.901401519775391,0
2014-10-02,53.359500885009766,53.359500885009766,53.359500885009766,53.359500885009766,0
2014-10-03,53.850498199462891,53.850498199462891,53.850498199462891,53.850498199462891,0
2014-10-06,53.909500122070312,53.909500122070312,53.909500122070312,53.909500122070312,0
2014-10-07,52.936199188232422,52.936199188232422,52.936199188232422,52.936199188232422,0
2014-10-08,52.420299530029297,52.420299530029297,52.420299530029297,52.420299530029297,0
2014-10-09,52.084300994873047,52.084300994873047,52.084300994873047,52.084300994873047,0
2014-10-10,51.231998443603516,51.231998443603516,51.231998443603516,51.231998443603516,0
2014-10-13,51.339000701904297,51.339000701904297,51.339000701904297,51.339000701904297,0
2014-10-14,51.458698272705078,51.458698272705078,51.458698272705078,51.458698272705078,0
2014-10-15,49.588798522949219,49.588798522949219,49.588798522949219,49.588798522949219,0
2014-10-16,49.323200225830078,49.323200225830078,49.323200225830078,49.323200225830078,0
2014-10-17,50.764801025390625,50.764801025390625,50.764801025390625,50.764801025390625,0
2014-10-20,50.236000061035156,50.236000061035156,50.236000061035156,50.236000061035156,0
2014-10-21,51.368499755859375,51.368499755859375,51.368499755859375,51.368499755859375,0
2014-10-22,51.668399810791016,51.668399810791016,51.668399810791016,51.668399810791016,0
2014-10-23,52.330001831054688,52.330001831054688,52.330001831054688,52.330001831054688,0
2014-10-24,51.967601776123047,51.967601776123047,51.967601776123047,51.967601776123047,0
2014-10-27,51.562099456787109,51.562099456787109,51.562099456787109,51.562099456787109,0
2014-10-28,51.762001037597656,51.762001037597656,51.762001037597656,51.762001037597656,0
2014-10-29,51.736000061035156,51.736000061035156,51.736000061035156,51.736000061035156,0
2014-10-30,52.120800018310547,52.120800018310547,52.120800018310547,52.120800018310547,0
2014-10-31,53.276401519775391,53.276401519775391,53.276401519775391,53.276401519775391,0
2014-11-03,52.783699035644531,52.783699035644531,52.783699035644531,52.783699035644531,0
2014-11-04,51.979698181152344,51.979698181152344,51.979698181152344,51.979698181152344,0
2014-11-05,52.964298248291016,52.964298248291016,52.964298248291016,52.964298248291016,0
2014-11-06,53.206401824951172,53.206401824951172,53.206401824951172,53.206401824951172,0
2014-11-07,52.730499267578125,52.730499267578125,52.730499267578125,52.730499267578125,0
2014-11-10,53.1416015625,53.1416015625,53.1416015625,53.1416015625,0
2014-11-11,53.427299499511719,53.427299499511719,53.427299499511719,53.427299499511719,0
2014-11-12,52.619701385498047,52.619701385498047,52.619701385498047,52.619701385498047,0
2014-11-13,52.731098175048828,52.731098175048828,52.731098175048828,52.731098175048828,0
2014-11-14,52.912799835205078,52.912799835205078,52.912799835205078,52.912799835205078,0
2014-11-17,53.202598571777344,53.202598571777344,53.202598571777344,53.202598571777344,0
2014-11-18,53.666900634765625,53.666900634765625,53.666900634765625,53.666900634765625,0
2014-11-19,53.714500427246094,53.714500427246094,53.714500427246094,53.714500427246094,0
2014-11-20,53.311798095703125,53.311798095703125,53.311798095703125,53.311798095703125,0
2014-11-21,54.734298706054688,54.734298706054688,54.734298706054688,54.734298706054688,0
2014-11-24,54.999401092529297,54.999401092529297,54.999401092529297,54.999401092529297,0
2014-11-25,55.172798156738281,55.172798156738281,55.172798156738281,55.172798156738281,0
2014-11-26,55.060501098632812,55.060501098632812,55.060501098632812,55.060501098632812,0
2014-11-27,55.171298980712891,55.171298980712891,55.171298980712891,55.171298980712891,0
2014-11-28,55.270099639892578,55.270099639892578,55.270099639892578,55.270099639892578,0
2014-12-01,55.107398986816406,55.107398986816406,55.107398986816406,55.107398986816406,0
2014-12-02,55.267200469970703,55.267200469970703,55.267200469970703,55.267200469970703,0
2014-12-03,55.311798095703125,55.311798095703125,55.311798095703125,55.311798095703125,0
2014-12-04,54.456298828125,54.456298828125,54.456298828125,54.456298828125,0
2014-12-05,55.683399200439453,55.683399200439453,55.683399200439453,55.683399200439453,0
2014-12-08,55.128700256347656,55.128700256347656,55.128700256347656,55.128700256347656,0
2014-12-09,53.722301483154297,53.722301483154297,53.722301483154297,53.722301483154297,0
2014-12-10,53.2666015625,53.2666015625,53.2666015625,53.2666015625,0
2014-12-11,53.243099212646484,53.243099212646484,53.243099212646484,53.243099212646484,0
2014-12-12,51.770000457763672,51.770000457763672,51.770000457763672,51.770000457763672,0
2014-12-15,50.553600311279297,50.553600311279297,50.553600311279297,50.553600311279297,0
2014-12-16,51.662101745605469,51.662101745605469,51.662101745605469,51.662101745605469,0
2014-12-17,51.906299591064453,51.906299591064453,51.906299591064453,51.906299591064453,0
2014-12-18,53.642501831054688,53.642501831054688,53.642501831054688,53.642501831054688,0
2014-12-19,53.554100036621094,53.554100036621094,53.554100036621094,53.554100036621094,0
2014-12-22,53.714599609375,53.714599609375,53.714599609375,53.714599609375,0
2014-12-23,54.478500366210938,54.478500366210938,54.478500366210938,54.478500366210938,0
2014-12-24,54.234298706054688,54.234298706054688,54.234298706054688,54.234298706054688,0
2014-12-29,54.509101867675781,54.509101867675781,54.509101867675781,54.509101867675781,0
2014-12-30,53.5968017578125,53.5968017578125,53.5968017578125,53.5968017578125,0
2014-12-31,53.939201354980469,53.939201354980469,53.939201354980469,53.939201354980469,0
2015-01-02,53.679298400878906,53.679298400878906,53.679298400878906,53.679298400878906,0
2015-01-05,51.899398803710938,51.899398803710938,51.899398803710938,51.899398803710938,0
2015-01-06,51.547298431396484,51.547298431396484,51.547298431396484,51.547298431396484,0
2015-01-07,51.915599822998047,51.915599822998047,51.915599822998047,51.915599822998047,0
2015-01-08,53.777400970458984,53.777400970458984,53.777400970458984,53.777400970458984,0
2015-01-09,52.752399444580078,52.752399444580078,52.752399444580078,52.752399444580078,0
2015-01-12,53.372501373291016,53.372501373291016,53.372501373291016,53.372501373291016,0
2015-01-13,54.155101776123047,54.155101776123047,54.155101776123047,54.155101776123047,0
2015-01-14,53.308799743652344,53.308799743652344,53.308799743652344,53.308799743652344,0
2015-01-15,54.569999694824219,54.569999694824219,54.569999694824219,54.569999694824219,0
2015-01-16,55.282100677490234,55.282100677490234,55.282100677490234,55.282100677490234,0
2015-01-19,55.474300384521484,55.474300384521484,55.474300384521484,55.474300384521484,0
2015-01-20,56.122600555419922,56.122600555419922,56.122600555419922,56.122600555419922,0
2015-01-21,56.612098693847656,56.612098693847656,56.612098693847656,56.612098693847656,0
2015-01-22,57.477298736572266,57.477298736572266,57.477298736572266,57.477298736572266,0
2015-01-23,58.586498260498047,58.586498260498047,58.586498260498047,58.586498260498047,0
2015-01-26,59.020500183105469,59.020500183105469,59.020500183105469,59.020500183105469,0
2015-01-27,58.377300262451172,58.377300262451172,58.377300262451172,58.377300262451172,0
2015-01-28,58.208400726318359,58.208400726318359,58.208400726318359,58.208400726318359,0
2015-01-29,58.468399047851562,58.468399047851562,58.468399047851562,58.468399047851562,0
2015-01-30,58.124599456787109,58.124599456787109,58.124599456787109,58.124599456787109,0
2015-02-02,58.419399261474609,58.419399261474609,58.419399261474609,58.419399261474609,0
2015-02-03,59.053001403808594,59.053001403808594,59.053001403808594,59.053001403808594,0
2015-02-04,59.284698486328125,59.284698486328125,59.284698486328125,59.284698486328125,0
2015-02-05,59.370201110839844,59.370201110839844,59.370201110839844,59.370201110839844,0
2015-02-06,59.219699859619141,59.219699859619141,59.219699859619141,59.219699859619141,0
2015-02-09,58.716400146484375,58.716400146484375,58.716400146484375,58.716400146484375,0
2015-02-10,59.2781982421875,59.2781982421875,59.2781982421875,59.2781982421875,0
2015-02-11,59.072200775146484,59.072200775146484,59.072200775146484,59.072200775146484,0
2015-02-12,59.662799835205078,59.662799835205078,59.662799835205078,59.662799835205078,0
2015-02-13,60.080898284912109,60.080898284912109,60.080898284912109,60.080898284912109,0
2015-02-16,59.986400604248047,59.986400604248047,59.986400604248047,59.986400604248047,0
2015-02-17,60.011699676513672,60.011699676513672,60.011699676513672,60.011699676513672,0
2015-02-18,60.579601287841797,60.579601287841797,60.579601287841797,60.579601287841797,0
2015-02-19,61.01190185546875,61.01190185546875,61.01190185546875,61.01190185546875,0
2015-02-20,60.981601715087891,60.981601715087891,60.981601715087891,60.981601715087891,0
2015-02-23,61.376300811767578,61.376300811767578,61.376300811767578,61.376300811767578,0
2015-02-24,61.680198669433594,61.680198669433594,61.680198669433594,61.680198669433594,0
2015-02-25,61.627498626708984,61.627498626708984,61.627498626708984,61.627498626708984,0
2015-02-26,61.985401153564453,61.985401153564453,61.985401153564453,61.985401153564453,0
2015-02-27,62.500801086425781,62.500801086425781,62.500801086425781,62.500801086425781,0
2015-03-02,62.068500518798828,62.068500518798828,62.068500518798828,62.068500518798828,0
2015-03-03,61.461498260498047,61.461498260498047,61.461498260498047,61.461498260498047,0
2015-03-04,62.067798614501953,62.067798614501953,62.067798614501953,62.067798614501953,0
2015-03-05,62.649501800537109,62.649501800537109,62.649501800537109,62.649501800537109,0
2015-03-06,62.660198211669922,62.660198211669922,62.660198211669922,62.660198211669922,0
2015-03-09,62.316799163818359,62.316799163818359,62.316799163818359,62.316799163818359,0
2015-03-10,61.619400024414062,61.619400024414062,61.619400024414062,61.619400024414062,0
2015-03-11,63.080001831054688,63.080001831054688,63.080001831054688,63.080001831054688,0
2015-03-12,62.956100463867188,62.956100463867188,62.956100463867188,62.956100463867188,0
2015-03-13,63.254501342773438,63.254501342773438,63.254501342773438,63.254501342773438,0
2015-03-16,63.885398864746094,63.885398864746094,63.885398864746094,63.885398864746094,0
2015-03-17,63.477100372314453,63.477100372314453,63.477100372314453,63.477100372314453,0
2015-03-18,63.53179931640625,63.53179931640625,63.53179931640625,63.53179931640625,0
2015-03-19,63.5791015625,63.5791015625,63.5791015625,63.5791015625,0
2015-03-20,64.215103149414062,64.215103149414062,64.215103149414062,64.215103149414062,0
2015-03-23,63.885501861572266,63.885501861572266,63.885501861572266,63.885501861572266,0
2015-03-24,64.334396362304688,64.334396362304688,64.334396362304688,64.334396362304688,0
2015-03-25,63.4833984375,63.4833984375,63.4833984375,63.4833984375,0
2015-03-26,63.297798156738281,63.297798156738281,63.297798156738281,63.297798156738281,0
2015-03-27,63.64739990234375,63.64739990234375,63.64739990234375,63.64739990234375,0
2015-03-30,64.267501831054688,64.267501831054688,64.267501831054688,64.267501831054688,0
2015-03-31,63.636501312255859,63.636501312255859,63.636501312255859,63.636501312255859,0
2015-04-01,63.996101379394531,63.996101379394531,63.996101379394531,63.996101379394531,0
2015-04-02,64.14739990234375,64.14739990234375,64.14739990234375,64.14739990234375,0
2015-04-07,65.118202209472656,65.118202209472656,65.118202209472656,65.118202209472656,0
2015-04-08,64.937698364257812,64.937698364257812,64.937698364257812,64.937698364257812,0
2015-04-09,65.848800659179688,65.848800659179688,65.848800659179688,65.848800659179688,0
2015-04-10,66.246200561523438,66.246200561523438,66.246200561523438,66.246200561523438,0
2015-04-13,66.418197631835938,66.418197631835938,66.418197631835938,66.418197631835938,0
2015-04-14,65.961997985839844,65.961997985839844,65.961997985839844,65.961997985839844,0
2015-04-15,66.420402526855469,66.420402526855469,66.420402526855469,66.420402526855469,0
2015-04-16,66.0426025390625,66.0426025390625,66.0426025390625,66.0426025390625,0
2015-04-17,65.015602111816406,65.015602111816406,65.015602111816406,65.015602111816406,0
2015-04-20,65.574897766113281,65.574897766113281,65.574897766113281,65.574897766113281,0
2015-04-21,65.749198913574219,65.749198913574219,65.749198913574219,65.749198913574219,0
2015-04-22,65.982498168945312,65.982498168945312,65.982498168945312,65.982498168945312,0
2015-04-23,65.574897766113281,65.574897766113281,65.574897766113281,65.574897766113281,0
2015-04-24,65.859901428222656,65.859901428222656,65.859901428222656,65.859901428222656,0
2015-04-27,66.760902404785156,66.760902404785156,66.760902404785156,66.760902404785156,0
2015-04-28,65.579902648925781,65.579902648925781,65.579902648925781,65.579902648925781,0
2015-04-29,63.893901824951172,63.893901824951172,63.893901824951172,63.893901824951172,0
2015-04-30,64.096702575683594,64.096702575683594,64.096702575683594,64.096702575683594,0
2015-05-04,64.552497863769531,64.552497863769531,64.552497863769531,64.552497863769531,0
2015-05-05,63.236400604248047,63.236400604248047,63.236400604248047,63.236400604248047,0
2015-05-06,63.342498779296875,63.342498779296875,63.342498779296875,63.342498779296875,0
2015-05-07,63.213100433349609,63.213100433349609,63.213100433349609,63.213100433349609,0
2015-05-08,64.807098388671875,64.807098388671875,64.807098388671875,64.807098388671875,0
2015-05-11,64.339401245117188,64.339401245117188,64.339401245117188,64.339401245117188,0
2015-05-12,63.657699584960938,63.657699584960938,63.657699584960938,63.657699584960938,0
2015-05-13,63.52130126953125,63.52130126953125,63.52130126953125,63.52130126953125,0
2015-05-14,64.384597778320312,64.384597778320312,64.384597778320312,64.384597778320312,0
2015-05-15,63.937198638916016,63.937198638916016,63.937198638916016,63.937198638916016,0
2015-05-18,64.241096496582031,64.241096496582031,64.241096496582031,64.241096496582031,0
2015-05-19,65.599601745605469,65.599601745605469,65.599601745605469,65.599601745605469,0
2015-05-20,65.905998229980469,65.905998229980469,65.905998229980469,65.905998229980469,0
2015-05-21,66.076301574707031,66.076301574707031,66.076301574707031,66.076301574707031,0
2015-05-22,66.027397155761719,66.027397155761719,66.027397155761719,66.027397155761719,0
2015-05-25,65.696403503417969,65.696403503417969,65.696403503417969,65.696403503417969,0
2015-05-26,65.349098205566406,65.349098205566406,65.349098205566406,65.349098205566406,0
2015-05-27,66.621299743652344,66.621299743652344,66.621299743652344,66.621299743652344,0
2015-05-28,66.081398010253906,66.081398010253906,66.081398010253906,66.081398010253906,0
2015-05-29,64.410697937011719,64.410697937011719,64.410697937011719,64.410697937011719,0
2015-06-01,64.672096252441406,64.672096252441406,64.672096252441406,64.672096252441406,0
2015-06-02,64.437301635742188,64.437301635742188,64.437301635742188,64.437301635742188,0
2015-06-03,64.833503723144531,64.833503723144531,64.833503723144531,64.833503723144531,0
2015-06-04,64.231399536132812,64.231399536132812,64.231399536132812,64.231399536132812,0
2015-06-05,63.370800018310547,63.370800018310547,63.370800018310547,63.370800018310547,0
2015-06-08,62.688400268554688,62.688400268554688,62.688400268554688,62.688400268554688,0
2015-06-09,62.592098236083984,62.592098236083984,62.592098236083984,62.592098236083984,0
2015-06-10,63.720699310302734,63.720699310302734,63.720699310302734,63.720699310302734,0
2015-06-11,64.19110107421875,64.19110107421875,64.19110107421875,64.19110107421875,0
2015-06-12,63.284599304199219,63.284599304199219,63.284599304199219,63.284599304199219,0
2015-06-15,62.175201416015625,62.175201416015625,62.175201416015625,62.175201416015625,0
2015-06-16,62.491001129150391,62.491001129150391,62.491001129150391,62.491001129150391,0
2015-06-17,61.880100250244141,61.880100250244141,61.880100250244141,61.880100250244141,0
2015-06-18,62.0458984375,62.0458984375,62.0458984375,62.0458984375,0
2015-06-19,62.199001312255859,62.199001312255859,62.199001312255859,62.199001312255859,0
2015-06-22,64.563003540039062,64.563003540039062,64.563003540039062,64.563003540039062,0
2015-06-23,65.325302124023438,65.325302124023438,65.325302124023438,65.325302124023438,0
2015-06-24,65.169296264648438,65.169296264648438,65.169296264648438,65.169296264648438,0
2015-06-25,65.199996948242188,65.199996948242188,65.199996948242188,65.199996948242188,0
2015-06-26,65.425399780273438,65.425399780273438,65.425399780273438,65.425399780273438,0
2015-06-29,62.975498199462891,62.975498199462891,62.975498199462891,62.975498199462891,0
2015-06-30,61.945201873779297,61.945201873779297,61.945201873779297,61.945201873779297,0
2015-07-01,63.145301818847656,63.145301818847656,63.145301818847656,63.145301818847656,0
2015-07-02,62.559299468994141,62.559299468994141,62.559299468994141,62.559299468994141,0
2015-07-03,62.20989990234375,62.20989990234375,62.20989990234375,62.20989990234375,0
2015-07-06,60.969898223876953,60.969898223876953,60.969898223876953,60.969898223876953,0
2015-07-07,59.585700988769531,59.585700988769531,59.585700988769531,59.585700988769531,0
2015-07-08,60.030200958251953,60.030200958251953,60.030200958251953,60.030200958251953,0
2015-07-09,61.559200286865234,61.559200286865234,61.559200286865234,61.559200286865234,0
2015-07-10,63.446399688720703,63.446399688720703,63.446399688720703,63.446399688720703,0
2015-07-13,64.674400329589844,64.674400329589844,64.674400329589844,64.674400329589844,0
2015-07-14,65.119499206542969,65.119499206542969,65.119499206542969,65.119499206542969,0
2015-07-15,65.309303283691406,65.309303283691406,65.309303283691406,65.309303283691406,0
2015-07-16,66.2698974609375,66.2698974609375,66.2698974609375,66.2698974609375,0
2015-07-17,66.306800842285156,66.306800842285156,66.306800842285156,66.306800842285156,0
2015-07-20,66.539802551269531,66.539802551269531,66.539802551269531,66.539802551269531,0
2015-07-21,66.076499938964844,66.076499938964844,66.076499938964844,66.076499938964844,0
2015-07-22,65.763603210449219,65.763603210449219,65.763603210449219,65.763603210449219,0
2015-07-23,65.817001342773438,65.817001342773438,65.817001342773438,65.817001342773438,0
2015-07-24,65.436302185058594,65.436302185058594,65.436302185058594,65.436302185058594,0
2015-07-27,63.756000518798828,63.756000518798828,63.756000518798828,63.756000518798828,0
2015-07-28,64.399497985839844,64.399497985839844,64.399497985839844,64.399497985839844,0
2015-07-29,64.917999267578125,64.917999267578125,64.917999267578125,64.917999267578125,0
2015-07-30,65.292900085449219,65.292900085449219,65.292900085449219,65.292900085449219,0
2015-07-31,65.760696411132812,65.760696411132812,65.760696411132812,65.760696411132812,0
2015-08-03,66.249702453613281,66.249702453613281,66.249702453613281,66.249702453613281,0
2015-08-04,66.141403198242188,66.141403198242188,66.141403198242188,66.141403198242188,0
2015-08-05,67.235099792480469,67.235099792480469,67.235099792480469,67.235099792480469,0
2015-08-06,67.174797058105469,67.174797058105469,67.174797058105469,67.174797058105469,0
2015-08-07,66.691001892089844,66.691001892089844,66.691001892089844,66.691001892089844,0
2015-08-10,67.215797424316406,67.215797424316406,67.215797424316406,67.215797424316406,0
2015-08-11,65.968399047851562,65.968399047851562,65.968399047851562,65.968399047851562,0
2015-08-12,63.722698211669922,63.722698211669922,63.722698211669922,63.722698211669922,0
2015-08-13,64.515602111816406,64.515602111816406,64.515602111816406,64.515602111816406,0
2015-08-14,64.122596740722656,64.122596740722656,64.122596740722656,64.122596740722656,0
2015-08-17,64.487899780273438,64.487899780273438,64.487899780273438,64.487899780273438,0
2015-08-18,64.312103271484375,64.312103271484375,64.312103271484375,64.312103271484375,0
2015-08-19,63.184299468994141,63.184299468994141,63.184299468994141,63.184299468994141,0
2015-08-20,61.882999420166016,61.882999420166016,61.882999420166016,61.882999420166016,0
2015-08-21,59.909198760986328,59.909198760986328,59.909198760986328,59.909198760986328,0
2015-08-24,56.705699920654297,56.705699920654297,56.705699920654297,56.705699920654297,0
2015-08-25,59.052101135253906,59.052101135253906,59.052101135253906,59.052101135253906,0
2015-08-26,58.226299285888672,58.226299285888672,58.226299285888672,58.226299285888672,0
2015-08-27,60.258499145507812,60.258499145507812,60.258499145507812,60.258499145507812,0
2015-08-28,60.478900909423828,60.478900909423828,60.478900909423828,60.478900909423828,0
2015-08-31,60.190898895263672,60.190898895263672,60.190898895263672,60.190898895263672,0
2015-09-01,58.745601654052734,58.745601654052734,58.745601654052734,58.745601654052734,0
2015-09-02,58.922798156738281,58.922798156738281,58.922798156738281,58.922798156738281,0
2015-09-03,60.200901031494141,60.200901031494141,60.200901031494141,60.200901031494141,0
2015-09-04,58.510398864746094,58.510398864746094,58.510398864746094,58.510398864746094,0
2015-09-07,58.851398468017578,58.851398468017578,58.851398468017578,58.851398468017578,0
2015-09-08,59.479900360107422,59.479900360107422,59.479900360107422,59.479900360107422,0
2015-09-09,60.337600708007812,60.337600708007812,60.337600708007812,60.337600708007812,0
2015-09-10,59.456901550292969,59.456901550292969,59.456901550292969,59.456901550292969,0
2015-09-11,58.838001251220703,58.838001251220703,58.838001251220703,58.838001251220703,0
2015-09-14,58.441398620605469,58.441398620605469,58.441398620605469,58.441398620605469,0
2015-09-15,59.103599548339844,59.103599548339844,59.103599548339844,59.103599548339844,0
2015-09-16,60.092399597167969,60.092399597167969,60.092399597167969,60.092399597167969,0
2015-09-17,60.212299346923828,60.212299346923828,60.212299346923828,60.212299346923828,0
2015-09-18,58.668899536132812,58.668899536132812,58.668899536132812,58.668899536132812,0
2015-09-21,59.309600830078125,59.309600830078125,59.309600830078125,59.309600830078125,0
2015-09-22,57.278800964355469,57.278800964355469,57.278800964355469,57.278800964355469,0
2015-09-23,57.334400177001953,57.334400177001953,57.334400177001953,57.334400177001953,0
2015-09-24,56.227100372314453,56.227100372314453,56.227100372314453,56.227100372314453,0
2015-09-25,57.952499389648438,57.952499389648438,57.952499389648438,57.952499389648438,0
2015-09-28,56.433601379394531,56.433601379394531,56.433601379394531,56.433601379394531,0
2015-09-29,56.260601043701172,56.260601043701172,56.260601043701172,56.260601043701172,0
2015-09-30,57.705299377441406,57.705299377441406,57.705299377441406,57.705299377441406,0
2015-10-01,57.332298278808594,57.332298278808594,57.332298278808594,57.332298278808594,0
2015-10-02,57.751399993896484,57.751399993896484,57.751399993896484,57.751399993896484,0
2015-10-05,59.796600341796875,59.796600341796875,59.796600341796875,59.796600341796875,0
2015-10-06,60.362800598144531,60.362800598144531,60.362800598144531,60.362800598144531,0
2015-10-07,60.449001312255859,60.449001312255859,60.449001312255859,60.449001312255859,0
2015-10-08,60.559600830078125,60.559600830078125,60.559600830078125,60.559600830078125,0
2015-10-09,60.88909912109375,60.88909912109375,60.88909912109375,60.88909912109375,0
2015-10-12,60.723598480224609,60.723598480224609,60.723598480224609,60.723598480224609,0
2015-10-13,60.185501098632812,60.185501098632812,60.185501098632812,60.185501098632812,0
2015-10-14,59.739700317382812,59.739700317382812,59.739700317382812,59.739700317382812,0
2015-10-15,60.598201751708984,60.598201751708984,60.598201751708984,60.598201751708984,0
2015-10-16,60.97650146484375,60.97650146484375,60.97650146484375,60.97650146484375,0
2015-10-19,60.991901397705078,60.991901397705078,60.991901397705078,60.991901397705078,0
2015-10-20,60.599098205566406,60.599098205566406,60.599098205566406,60.599098205566406,0
2015-10-21,60.874599456787109,60.874599456787109,60.874599456787109,60.874599456787109,0
2015-10-22,62.262599945068359,62.262599945068359,62.262599945068359,62.262599945068359,0
2015-10-23,63.837100982666016,63.837100982666016,63.837100982666016,63.837100982666016,0
2015-10-26,63.492099761962891,63.492099761962891,63.492099761962891,63.492099761962891,0
2015-10-27,62.845100402832031,62.845100402832031,62.845100402832031,62.845100402832031,0
2015-10-28,63.408100128173828,63.408100128173828,63.408100128173828,63.408100128173828,0
2015-10-29,63.345901489257812,63.345901489257812,63.345901489257812,63.345901489257812,0
2015-10-30,63.499198913574219,63.499198913574219,63.499198913574219,63.499198913574219,0
2015-11-02,63.738300323486328,63.738300323486328,63.738300323486328,63.738300323486328,0
2015-11-03,63.996700286865234,63.996700286865234,63.996700286865234,63.996700286865234,0
2015-11-04,64.152999877929688,64.152999877929688,64.152999877929688,64.152999877929688,0
2015-11-05,64.564598083496094,64.564598083496094,64.564598083496094,64.564598083496094,0
2015-11-06,64.617301940917969,64.617301940917969,64.617301940917969,64.617301940917969,0
2015-11-09,63.670101165771484,63.670101165771484,63.670101165771484,63.670101165771484,0
2015-11-10,63.701099395751953,63.701099395751953,63.701099395751953,63.701099395751953,0
2015-11-11,64.222503662109375,64.222503662109375,64.222503662109375,64.222503662109375,0
2015-11-12,62.978900909423828,62.978900909423828,62.978900909423828,62.978900909423828,0
2015-11-13,62.348499298095703,62.348499298095703,62.348499298095703,62.348499298095703,0
2015-11-16,62.313800811767578,62.313800811767578,62.313800811767578,62.313800811767578,0
2015-11-17,64.035102844238281,64.035102844238281,64.035102844238281,64.035102844238281,0
2015-11-18,63.637298583984375,63.637298583984375,63.637298583984375,63.637298583984375,0
2015-11-19,63.748600006103516,63.748600006103516,63.748600006103516,63.748600006103516,0
2015-11-20,63.701999664306641,63.701999664306641,63.701999664306641,63.701999664306641,0
2015-11-23,63.417098999023438,63.417098999023438,63.417098999023438,63.417098999023438,0
2015-11-24,62.52349853515625,62.52349853515625,62.52349853515625,62.52349853515625,0
2015-11-25,63.466499328613281,63.466499328613281,63.466499328613281,63.466499328613281,0
2015-11-26,64.153900146484375,64.153900146484375,64.153900146484375,64.153900146484375,0
2015-11-27,63.947601318359375,63.947601318359375,63.947601318359375,63.947601318359375,0
2015-11-30,64.302597045898438,64.302597045898438,64.302597045898438,64.302597045898438,0
2015-12-01,63.7666015625,63.7666015625,63.7666015625,63.7666015625,0
2015-12-02,63.652599334716797,63.652599334716797,63.652599334716797,63.652599334716797,0
2015-12-03,61.374099731445312,61.374099731445312,61.374099731445312,61.374099731445312,0
2015-12-04,61.173500061035156,61.173500061035156,61.173500061035156,61.173500061035156,0
2015-12-07,61.737201690673828,61.737201690673828,61.737201690673828,61.737201690673828,0
2015-12-08,60.769199371337891,60.769199371337891,60.769199371337891,60.769199371337891,0
2015-12-09,60.192401885986328,60.192401885986328,60.192401885986328,60.192401885986328,0
2015-12-10,60.160900115966797,60.160900115966797,60.160900115966797,60.160900115966797,0
2015-12-11,59.051498413085938,59.051498413085938,59.051498413085938,59.051498413085938,0
2015-12-14,58.057701110839844,58.057701110839844,58.057701110839844,58.057701110839844,0
2015-12-15,59.892799377441406,59.892799377441406,59.892799377441406,59.892799377441406,0
2015-12-16,60.025798797607422,60.025798797607422,60.025798797607422,60.025798797607422,0
2015-12-17,60.711399078369141,60.711399078369141,60.711399078369141,60.711399078369141,0
2015-12-18,60.032798767089844,60.032798767089844,60.032798767089844,60.032798767089844,0
2015-12-21,59.349300384521484,59.349300384521484,59.349300384521484,59.349300384521484,0
2015-12-22,59.372501373291016,59.372501373291016,59.372501373291016,59.372501373291016,0
2015-12-23,60.762100219726562,60.762100219726562,60.762100219726562,60.762100219726562,0
2015-12-24,60.614200592041016,60.614200592041016,60.614200592041016,60.614200592041016,0
2015-12-28,60.024700164794922,60.024700164794922,60.024700164794922,60.024700164794922,0
2015-12-29,61.108798980712891,61.108798980712891,61.108798980712891,61.108798980712891,0
2015-12-30,60.793399810791016,60.793399810791016,60.793399810791016,60.793399810791016,0
2016-01-04,58.780799865722656,58.780799865722656,58.780799865722656,58.780799865722656,0
2016-01-05,58.978199005126953,58.978199005126953,58.978199005126953,58.978199005126953,0
2016-01-06,58.212799072265625,58.212799072265625,58.212799072265625,58.212799072265625,0
2016-01-07,57.236499786376953,57.236499786376953,57.236499786376953,57.236499786376953,0
2016-01-08,56.328399658203125,56.328399658203125,56.328399658203125,56.328399658203125,0
2016-01-11,56.049098968505859,56.049098968505859,56.049098968505859,56.049098968505859,0
2016-01-12,56.912399291992188,56.912399291992188,56.912399291992188,56.912399291992188,0
2016-01-13,57.084499359130859,57.084499359130859,57.084499359130859,57.084499359130859,0
2016-01-14,56.053600311279297,56.053600311279297,56.053600311279297,56.053600311279297,0
2016-01-15,54.715499877929688,54.715499877929688,54.715499877929688,54.715499877929688,0
2016-01-18,54.448398590087891,54.448398590087891,54.448398590087891,54.448398590087891,0
2016-01-19,55.525299072265625,55.525299072265625,55.525299072265625,55.525299072265625,0
2016-01-20,53.610198974609375,53.610198974609375,53.610198974609375,53.610198974609375,0
2016-01-21,54.675498962402344,54.675498962402344,54.675498962402344,54.675498962402344,0
2016-01-22,56.368698120117188,56.368698120117188,56.368698120117188,56.368698120117188,0
2016-01-25,56.038200378417969,56.038200378417969,56.038200378417969,56.038200378417969,0
2016-01-26,56.629299163818359,56.629299163818359,56.629299163818359,56.629299163818359,0
2016-01-27,56.94940185546875,56.94940185546875,56.94940185546875,56.94940185546875,0
2016-01-28,56.192699432373047,56.192699432373047,56.192699432373047,56.192699432373047,0
2016-01-29,57.414501190185547,57.414501190185547,57.414501190185547,57.414501190185547,0
2016-02-01,57.160301208496094,57.160301208496094,57.160301208496094,57.160301208496094,0
2016-02-02,55.750301361083984,55.750301361083984,55.750301361083984,55.750301361083984,0
2016-02-03,55.008899688720703,55.008899688720703,55.008899688720703,55.008899688720703,0
2016-02-04,55.028499603271484,55.028499603271484,55.028499603271484,55.028499603271484,0
2016-02-05,54.665298461914062,54.665298461914062,54.665298461914062,54.665298461914062,0
2016-02-08,52.914299011230469,52.914299011230469,52.914299011230469,52.914299011230469,0
2016-02-09,52.019401550292969,52.019401550292969,52.019401550292969,52.019401550292969,0
2016-02-10,52.847400665283203,52.847400665283203,52.847400665283203,52.847400665283203,0
2016-02-11,50.706600189208984,50.706600189208984,50.706600189208984,50.706600189208984,0
2016-02-12,51.986301422119141,51.986301422119141,51.986301422119141,51.986301422119141,0
2016-02-15,53.549400329589844,53.549400329589844,53.549400329589844,53.549400329589844,0
2016-02-16,53.489299774169922,53.489299774169922,53.489299774169922,53.489299774169922,0
2016-02-17,55.087299346923828,55.087299346923828,55.087299346923828,55.087299346923828,0
2016-02-18,55.168598175048828,55.168598175048828,55.168598175048828,55.168598175048828,0
2016-02-19,54.95050048828125,54.95050048828125,54.95050048828125,54.95050048828125,0
2016-02-22,55.934398651123047,55.934398651123047,55.934398651123047,55.934398651123047,0
2016-02-23,55.149600982666016,55.149600982666016,55.149600982666016,55.149600982666016,0
2016-02-24,54.068199157714844,54.068199157714844,54.068199157714844,54.068199157714844,0
2016-02-25,55.279499053955078,55.279499053955078,55.279499053955078,55.279499053955078,0
2016-02-26,56.139400482177734,56.139400482177734,56.139400482177734,56.139400482177734,0
2016-02-29,56.645500183105469,56.645500183105469,56.645500183105469,56.645500183105469,0
2016-03-01,57.340099334716797,57.340099334716797,57.340099334716797,57.340099334716797,0
2016-03-02,57.573101043701172,57.573101043701172,57.573101043701172,57.573101043701172,0
2016-03-03,57.458198547363281,57.458198547363281,57.458198547363281,57.458198547363281,0
2016-03-04,57.985698699951172,57.985698699951172,57.985698699951172,57.985698699951172,0
2016-03-07,57.797798156738281,57.797798156738281,57.797798156738281,57.797798156738281,0
2016-03-08,57.299598693847656,57.299598693847656,57.299598693847656,57.299598693847656,0
2016-03-09,57.581699371337891,57.581699371337891,57.581699371337891,57.581699371337891,0
2016-03-10,56.600299835205078,56.600299835205078,56.600299835205078,56.600299835205078,0
2016-03-11,58.453098297119141,58.453098297119141,58.453098297119141,58.453098297119141,0
2016-03-14,58.631599426269531,58.631599426269531,58.631599426269531,58.631599426269531,0
2016-03-15,58.189300537109375,58.189300537109375,58.189300537109375,58.189300537109375,0
2016-03-16,58.063201904296875,58.063201904296875,58.063201904296875,58.063201904296875,0
2016-03-17,57.801799774169922,57.801799774169922,57.801799774169922,57.801799774169922,0
2016-03-18,58.056499481201172,58.056499481201172,58.056499481201172,58.056499481201172,0
2016-03-21,57.683101654052734,57.683101654052734,57.683101654052734,57.683101654052734,0
2016-03-22,57.73699951171875,57.73699951171875,57.73699951171875,57.73699951171875,0
2016-03-23,57.664299011230469,57.664299011230469,57.664299011230469,57.664299011230469,0
2016-03-24,56.436298370361328,56.436298370361328,56.436298370361328,56.436298370361328,0
2016-03-29,56.915199279785156,56.915199279785156,56.915199279785156,56.915199279785156,0
2016-03-30,57.929599761962891,57.929599761962891,57.929599761962891,57.929599761962891,0
2016-03-31,57.155601501464844,57.155601501464844,57.155601501464844,57.155601501464844,0
2016-04-01,56.336299896240234,56.336299896240234,56.336299896240234,56.336299896240234,0
2016-04-04,56.634700775146484,56.634700775146484,56.634700775146484,56.634700775146484,0
2016-04-05,55.396999359130859,55.396999359130859,55.396999359130859,55.396999359130859,0
2016-04-06,55.844600677490234,55.844600677490234,55.844600677490234,55.844600677490234,0
2016-04-07,55.339698791503906,55.339698791503906,55.339698791503906,55.339698791503906,0
2016-04-08,56.085899353027344,56.085899353027344,56.085899353027344,56.085899353027344,0
2016-04-11,56.208400726318359,56.208400726318359,56.208400726318359,56.208400726318359,0
2016-04-12,56.641998291015625,56.641998291015625,56.641998291015625,56.641998291015625,0
2016-04-13,58.52349853515625,58.52349853515625,58.52349853515625,58.52349853515625,0
2016-04-14,58.799198150634766,58.799198150634766,58.799198150634766,58.799198150634766,0
2016-04-15,58.584999084472656,58.584999084472656,58.584999084472656,58.584999084472656,0
2016-04-18,58.736198425292969,58.736198425292969,58.736198425292969,58.736198425292969,0
2016-04-19,59.554000854492188,59.554000854492188,59.554000854492188,59.554000854492188,0
2016-04-20,59.885601043701172,59.885601043701172,59.885601043701172,59.885601043701172,0
2016-04-21,59.763599395751953,59.763599395751953,59.763599395751953,59.763599395751953,0
2016-04-22,59.614200592041016,59.614200592041016,59.614200592041016,59.614200592041016,0
2016-04-25,59.306098937988281,59.306098937988281,59.306098937988281,59.306098937988281,0
2016-04-26,59.263198852539062,59.263198852539062,59.263198852539062,59.263198852539062,0
2016-04-27,59.616298675537109,59.616298675537109,59.616298675537109,59.616298675537109,0
2016-04-28,59.589801788330078,59.589801788330078,59.589801788330078,59.589801788330078,0
2016-04-29,57.957401275634766,57.957401275634766,57.957401275634766,57.957401275634766,0
2016-05-02,58.198200225830078,58.198200225830078,58.198200225830078,58.198200225830078,0
2016-05-03,57.271099090576172,57.271099090576172,57.271099090576172,57.271099090576172,0
2016-05-04,56.669498443603516,56.669498443603516,56.669498443603516,56.669498443603516,0
2016-05-05,56.780899047851562,56.780899047851562,56.780899047851562,56.780899047851562,0
2016-05-06,56.671501159667969,56.671501159667969,56.671501159667969,56.671501159667969,0
2016-05-09,56.957099914550781,56.957099914550781,56.957099914550781,56.957099914550781,0
2016-05-10,57.371498107910156,57.371498107910156,57.371498107910156,57.371498107910156,0
2016-05-11,57.089099884033203,57.089099884033203,57.089099884033203,57.089099884033203,0
2016-05-12,56.780601501464844,56.780601501464844,56.780601501464844,56.780601501464844,0
2016-05-13,57.168701171875,57.168701171875,57.168701171875,57.168701171875,0
2016-05-16,57.065399169921875,57.065399169921875,57.065399169921875,57.065399169921875,0
2016-05-17,56.958400726318359,56.958400726318359,56.958400726318359,56.958400726318359,0
2016-05-18,57.245998382568359,57.245998382568359,57.245998382568359,57.245998382568359,0
2016-05-19,56.757900238037109,56.757900238037109,56.757900238037109,56.757900238037109,0
2016-05-20,57.704200744628906,57.704200744628906,57.704200744628906,57.704200744628906,0
2016-05-23,57.414600372314453,57.414600372314453,57.414600372314453,57.414600372314453,0
2016-05-24,58.826198577880859,58.826198577880859,58.826198577880859,58.826198577880859,0
2016-05-25,59.582000732421875,59.582000732421875,59.582000732421875,59.582000732421875,0
2016-05-26,59.993801116943359,59.993801116943359,59.993801116943359,59.993801116943359,0
2016-05-27,60.062099456787109,60.062099456787109,60.062099456787109,60.062099456787109,0
2016-05-30,60.284198760986328,60.284198760986328,60.284198760986328,60.284198760986328,0
2016-05-31,59.986698150634766,59.986698150634766,59.986698150634766,59.986698150634766,0
2016-06-01,59.584098815917969,59.584098815917969,59.584098815917969,59.584098815917969,0
2016-06-02,59.611000061035156,59.611000061035156,59.611000061035156,59.611000061035156,0
2016-06-03,59.044101715087891,59.044101715087891,59.044101715087891,59.044101715087891,0
2016-06-06,59.186599731445312,59.186599731445312,59.186599731445312,59.186599731445312,0
2016-06-07,59.899101257324219,59.899101257324219,59.899101257324219,59.899101257324219,0
2016-06-08,59.536098480224609,59.536098480224609,59.536098480224609,59.536098480224609,0
2016-06-09,58.95880126953125,58.95880126953125,58.95880126953125,58.95880126953125,0
2016-06-10,57.637798309326172,57.637798309326172,57.637798309326172,57.637798309326172,0
2016-06-13,56.56829833984375,56.56829833984375,56.56829833984375,56.56829833984375,0
2016-06-14,55.274600982666016,55.274600982666016,55.274600982666016,55.274600982666016,0
2016-06-15,55.825901031494141,55.825901031494141,55.825901031494141,55.825901031494141,0
2016-06-16,55.577098846435547,55.577098846435547,55.577098846435547,55.577098846435547,0
2016-06-17,56.153099060058594,56.153099060058594,56.153099060058594,56.153099060058594,0
2016-06-20,58.118698120117188,58.118698120117188,58.118698120117188,58.118698120117188,0
2016-06-21,58.521999359130859,58.521999359130859,58.521999359130859,58.521999359130859,0
2016-06-22,58.692901611328125,58.692901611328125,58.692901611328125,58.692901611328125,0
2016-06-23,59.842899322509766,59.842899322509766,59.842899322509766,59.842899322509766,0
2016-06-24,55.030899047851562,55.030899047851562,55.030899047851562,55.030899047851562,0
2016-06-27,53.394599914550781,53.394599914550781,53.394599914550781,53.394599914550781,0
2016-06-28,54.788898468017578,54.788898468017578,54.788898468017578,54.788898468017578,0
2016-06-29,56.215198516845703,56.215198516845703,56.215198516845703,56.215198516845703,0
2016-06-30,56.779399871826172,56.779399871826172,56.779399871826172,56.779399871826172,0
2016-07-01,57.267398834228516,57.267398834228516,57.267398834228516,57.267398834228516,0
2016-07-04,56.768798828125,56.768798828125,56.768798828125,56.768798828125,0
2016-07-05,55.811199188232422,55.811199188232422,55.811199188232422,55.811199188232422,0
2016-07-06,54.774398803710938,54.774398803710938,54.774398803710938,54.774398803710938,0
2016-07-07,55.210498809814453,55.210498809814453,55.210498809814453,55.210498809814453,0
2016-07-08,56.186298370361328,56.186298370361328,56.186298370361328,56.186298370361328,0
2016-07-11,57.174900054931641,57.174900054931641,57.174900054931641,57.174900054931641,0
2016-07-12,58.070899963378906,58.070899963378906,58.070899963378906,58.070899963378906,0
2016-07-13,58.122600555419922,58.122600555419922,58.122600555419922,58.122600555419922,0
2016-07-14,58.796298980712891,58.796298980712891,58.796298980712891,58.796298980712891,0
2016-07-15,58.62139892578125,58.62139892578125,58.62139892578125,58.62139892578125,0
2016-07-18,58.422401428222656,58.422401428222656,58.422401428222656,58.422401428222656,0
2016-07-19,58.051799774169922,58.051799774169922,58.051799774169922,58.051799774169922,0
2016-07-20,58.716300964355469,58.716300964355469,58.716300964355469,58.716300964355469,0
2016-07-21,58.669101715087891,58.669101715087891,58.669101715087891,58.669101715087891,0
2016-07-22,58.733299255371094,58.733299255371094,58.733299255371094,58.733299255371094,0
2016-07-25,58.825599670410156,58.825599670410156,58.825599670410156,58.825599670410156,0
2016-07-26,58.916099548339844,58.916099548339844,58.916099548339844,58.916099548339844,0
2016-07-27,59.615398406982422,59.615398406982422,59.615398406982422,59.615398406982422,0
2016-07-28,59.261299133300781,59.261299133300781,59.261299133300781,59.261299133300781,0
2016-07-29,59.518699645996094,59.518699645996094,59.518699645996094,59.518699645996094,0
2016-08-01,59.106201171875,59.106201171875,59.106201171875,59.106201171875,0
2016-08-02,58.016399383544922,58.016399383544922,58.016399383544922,58.016399383544922,0
2016-08-03,57.92340087890625,57.92340087890625,57.92340087890625,57.92340087890625,0
2016-08-04,58.252101898193359,58.252101898193359,58.252101898193359,58.252101898193359,0
2016-08-05,59.122600555419922,59.122600555419922,59.122600555419922,59.122600555419922,0
2016-08-08,59.187301635742188,59.187301635742188,59.187301635742188,59.187301635742188,0
2016-08-09,59.891899108886719,59.891899108886719,59.891899108886719,59.891899108886719,0
2016-08-10,59.682201385498047,59.682201385498047,59.682201385498047,59.682201385498047,0
2016-08-11,60.372299194335938,60.372299194335938,60.372299194335938,60.372299194335938,0
2016-08-12,60.321498870849609,60.321498870849609,60.321498870849609,60.321498870849609,0
2016-08-15,60.2864990234375,60.2864990234375,60.2864990234375,60.2864990234375,0
2016-08-16,59.786800384521484,59.786800384521484,59.786800384521484,59.786800384521484,0
2016-08-17,59.213199615478516,59.213199615478516,59.213199615478516,59.213199615478516,0
2016-08-18,59.472698211669922,59.472698211669922,59.472698211669922,59.472698211669922,0
2016-08-19,58.982200622558594,58.982200622558594,58.982200622558594,58.982200622558594,0
2016-08-22,58.839199066162109,58.839199066162109,58.839199066162109,58.839199066162109,0
2016-08-23,59.262599945068359,59.262599945068359,59.262599945068359,59.262599945068359,0
2016-08-24,59.449798583984375,59.449798583984375,59.449798583984375,59.449798583984375,0
2016-08-25,59.0625,59.0625,59.0625,59.0625,0
2016-08-26,59.533599853515625,59.533599853515625,59.533599853515625,59.533599853515625,0
2016-08-29,59.296398162841797,59.296398162841797,59.296398162841797,59.296398162841797,0
2016-08-30,59.743000030517578,59.743000030517578,59.743000030517578,59.743000030517578,0
2016-08-31,59.483299255371094,59.483299255371094,59.483299255371094,59.483299255371094,0
2016-09-01,59.501998901367188,59.501998901367188,59.501998901367188,59.501998901367188,0
2016-09-02,60.875301361083984,60.875301361083984,60.875301361083984,60.875301361083984,0
2016-09-05,60.859500885009766,60.859500885009766,60.859500885009766,60.859500885009766,0
2016-09-06,60.710300445556641,60.710300445556641,60.710300445556641,60.710300445556641,0
2016-09-07,61.080799102783203,61.080799102783203,61.080799102783203,61.080799102783203,0
2016-09-08,60.873798370361328,60.873798370361328,60.873798370361328,60.873798370361328,0
2016-09-09,60.192401885986328,60.192401885986328,60.192401885986328,60.192401885986328,0
2016-09-12,59.499500274658203,59.499500274658203,59.499500274658203,59.499500274658203,0
2016-09-13,58.794898986816406,58.794898986816406,58.794898986816406,58.794898986816406,0
2016-09-14,58.567501068115234,58.567501068115234,58.567501068115234,58.567501068115234,0
2016-09-15,58.605998992919922,58.605998992919922,58.605998992919922,58.605998992919922,0
2016-09-16,58.059398651123047,58.059398651123047,58.059398651123047,58.059398651123047,0
2016-09-19,58.883998870849609,58.883998870849609,58.883998870849609,58.883998870849609,0
2016-09-20,58.808799743652344,58.808799743652344,58.808799743652344,58.808799743652344,0
2016-09-21,59.089099884033203,59.089099884033203,59.089099884033203,59.089099884033203,0
2016-09-22,60.432399749755859,60.432399749755859,60.432399749755859,60.432399749755859,0
2016-09-23,60.148899078369141,60.148899078369141,60.148899078369141,60.148899078369141,0
2016-09-26,59.064498901367188,59.064498901367188,59.064498901367188,59.064498901367188,0
2016-09-27,59.036598205566406,59.036598205566406,59.036598205566406,59.036598205566406,0
2016-09-28,59.489101409912109,59.489101409912109,59.489101409912109,59.489101409912109,0
2016-09-29,59.642101287841797,59.642101287841797,59.642101287841797,59.642101287841797,0
2016-09-30,59.702098846435547,59.702098846435547,59.702098846435547,59.702098846435547,0
2016-10-03,59.770999908447266,59.770999908447266,59.770999908447266,59.770999908447266,0
2016-10-04,60.435298919677734,60.435298919677734,60.435298919677734,60.435298919677734,0
2016-10-05,60.258598327636719,60.258598327636719,60.258598327636719,60.258598327636719,0
2016-10-06,60.125999450683594,60.125999450683594,60.125999450683594,60.125999450683594,0
2016-10-07,59.71929931640625,59.71929931640625,59.71929931640625,59.71929931640625,0
2016-10-10,60.353801727294922,60.353801727294922,60.353801727294922,60.353801727294922,0
2016-10-11,60.010898590087891,60.010898590087891,60.010898590087891,60.010898590087891,0
2016-10-12,59.797199249267578,59.797199249267578,59.797199249267578,59.797199249267578,0
2016-10-13,59.164699554443359,59.164699554443359,59.164699554443359,59.164699554443359,0
2016-10-14,60.047298431396484,60.047298431396484,60.047298431396484,60.047298431396484,0
2016-10-17,59.768199920654297,59.768199920654297,59.768199920654297,59.768199920654297,0
2016-10-18,60.555999755859375,60.555999755859375,60.555999755859375,60.555999755859375,0
2016-10-19,60.708499908447266,60.708499908447266,60.708499908447266,60.708499908447266,0
2016-10-20,60.974399566650391,60.974399566650391,60.974399566650391,60.974399566650391,0
2016-10-21,60.919601440429688,60.919601440429688,60.919601440429688,60.919601440429688,0
2016-10-24,61.140098571777344,61.140098571777344,61.140098571777344,61.140098571777344,0
2016-10-25,60.9822998046875,60.9822998046875,60.9822998046875,60.9822998046875,0
2016-10-26,60.897800445556641,60.897800445556641,60.897800445556641,60.897800445556641,0
2016-10-27,60.884101867675781,60.884101867675781,60.884101867675781,60.884101867675781,0
2016-10-28,61.084999084472656,61.084999084472656,61.084999084472656,61.084999084472656,0
2016-10-31,60.555801391601562,60.555801391601562,60.555801391601562,60.555801391601562,0
2016-11-01,60.031898498535156,60.031898498535156,60.031898498535156,60.031898498535156,0
2016-11-02,59.284500122070312,59.284500122070312,59.284500122070312,59.284500122070312,0
2016-11-03,59.244098663330078,59.244098663330078,59.244098663330078,59.244098663330078,0
2016-11-04,58.784198760986328,58.784198760986328,58.784198760986328,58.784198760986328,0
2016-11-07,59.908199310302734,59.908199310302734,59.908199310302734,59.908199310302734,0
2016-11-08,60.138599395751953,60.138599395751953,60.138599395751953,60.138599395751953,0
2016-11-09,61.032798767089844,61.032798767089844,61.032798767089844,61.032798767089844,0
2016-11-10,60.864101409912109,60.864101409912109,60.864101409912109,60.864101409912109,0
2016-11-11,60.303901672363281,60.303901672363281,60.303901672363281,60.303901672363281,0
2016-11-14,60.561901092529297,60.561901092529297,60.561901092529297,60.561901092529297,0
2016-11-15,60.937099456787109,60.937099456787109,60.937099456787109,60.937099456787109,0
2016-11-16,60.461299896240234,60.461299896240234,60.461299896240234,60.461299896240234,0
2016-11-17,60.818698883056641,60.818698883056641,60.818698883056641,60.818698883056641,0
2016-11-18,60.503799438476562,60.503799438476562,60.503799438476562,60.503799438476562,0
2016-11-21,60.841400146484375,60.841400146484375,60.841400146484375,60.841400146484375,0
2016-11-22,61.093299865722656,61.093299865722656,61.093299865722656,61.093299865722656,0
2016-11-23,60.834999084472656,60.834999084472656,60.834999084472656,60.834999084472656,0
2016-11-24,61.013999938964844,61.013999938964844,61.013999938964844,61.013999938964844,0
2016-11-25,61.117099761962891,61.117099761962891,61.117099761962891,61.117099761962891,0
2016-11-28,60.592998504638672,60.592998504638672,60.592998504638672,60.592998504638672,0
2016-11-29,61.168598175048828,61.168598175048828,61.168598175048828,61.168598175048828,0
2016-11-30,61.529399871826172,61.529399871826172,61.529399871826172,61.529399871826172,0
2016-12-01,61.290798187255859,61.290798187255859,61.290798187255859,61.290798187255859,0
2016-12-02,60.863201141357422,60.863201141357422,60.863201141357422,60.863201141357422,0
2016-12-05,61.498401641845703,61.498401641845703,61.498401641845703,61.498401641845703,0
2016-12-06,62.272800445556641,62.272800445556641,62.272800445556641,62.272800445556641,0
2016-12-07,63.116600036621094,63.116600036621094,63.116600036621094,63.116600036621094,0
2016-12-08,63.663898468017578,63.663898468017578,63.663898468017578,63.663898468017578,0
2016-12-09,64.047798156738281,64.047798156738281,64.047798156738281,64.047798156738281,0
2016-12-12,64.002296447753906,64.002296447753906,64.002296447753906,64.002296447753906,0
2016-12-13,64.581298828125,64.581298828125,64.581298828125,64.581298828125,0
2016-12-14,64.115303039550781,64.115303039550781,64.115303039550781,64.115303039550781,0
2016-12-15,64.787002563476562,64.787002563476562,64.787002563476562,64.787002563476562,0
2016-12-16,64.975997924804688,64.975997924804688,64.975997924804688,64.975997924804688,0
2016-12-19,64.847099304199219,64.847099304199219,64.847099304199219,64.847099304199219,0
2016-12-20,65.2113037109375,65.2113037109375,65.2113037109375,65.2113037109375,0
2016-12-21,65.095901489257812,65.095901489257812,65.095901489257812,65.095901489257812,0
2016-12-22,65.106498718261719,65.106498718261719,65.106498718261719,65.106498718261719,0
2016-12-23,65.174102783203125,65.174102783203125,65.174102783203125,65.174102783203125,0
2016-12-27,65.288299560546875,65.288299560546875,65.288299560546875,65.288299560546875,0
2016-12-28,65.284202575683594,65.284202575683594,65.284202575683594,65.284202575683594,0
2016-12-29,65.155296325683594,65.155296325683594,65.155296325683594,65.155296325683594,0
2016-12-30,65.475898742675781,65.475898742675781,65.475898742675781,65.475898742675781,0
2017-01-02,65.744903564453125,65.744903564453125,65.744903564453125,65.744903564453125,0
2017-01-03,65.972900390625,65.972900390625,65.972900390625,65.972900390625,0
2017-01-04,65.973197937011719,65.973197937011719,65.973197937011719,65.973197937011719,0
2017-01-05,65.989402770996094,65.989402770996094,65.989402770996094,65.989402770996094,0
2017-01-06,66.112899780273438,66.112899780273438,66.112899780273438,66.112899780273438,0
2017-01-09,65.811996459960938,65.811996459960938,65.811996459960938,65.811996459960938,0
2017-01-10,65.820396423339844,65.820396423339844,65.820396423339844,65.820396423339844,0
2017-01-11,65.82769775390625,65.82769775390625,65.82769775390625,65.82769775390625,0
2017-01-12,65.492996215820312,65.492996215820312,65.492996215820312,65.492996215820312,0
2017-01-13,66.28070068359375,66.28070068359375,66.28070068359375,66.28070068359375,0
2017-01-16,65.747596740722656,65.747596740722656,65.747596740722656,65.747596740722656,0
2017-01-17,65.44439697265625,65.44439697265625,65.44439697265625,65.44439697265625,0
2017-01-18,65.359298706054688,65.359298706054688,65.359298706054688,65.359298706054688,0
2017-01-19,65.193801879882812,65.193801879882812,65.193801879882812,65.193801879882812,0
2017-01-20,65.321800231933594,65.321800231933594,65.321800231933594,65.321800231933594,0
2017-01-23,64.926803588867188,64.926803588867188,64.926803588867188,64.926803588867188,0
2017-01-24,65.04229736328125,65.04229736328125,65.04229736328125,65.04229736328125,0
2017-01-25,65.683403015136719,65.683403015136719,65.683403015136719,65.683403015136719,0
2017-01-26,65.5426025390625,65.5426025390625,65.5426025390625,65.5426025390625,0
2017-01-27,65.175102233886719,65.175102233886719,65.175102233886719,65.175102233886719,0
2017-01-30,64.428802490234375,64.428802490234375,64.428802490234375,64.428802490234375,0
2017-01-31,63.947101593017578,63.947101593017578,63.947101593017578,63.947101593017578,0
2017-02-01,64.562400817871094,64.562400817871094,64.562400817871094,64.562400817871094,0
2017-02-02,64.557601928710938,64.557601928710938,64.557601928710938,64.557601928710938,0
2017-02-03,64.976600646972656,64.976600646972656,64.976600646972656,64.976600646972656,0
2017-02-06,64.351303100585938,64.351303100585938,64.351303100585938,64.351303100585938,0
2017-02-07,64.033500671386719,64.033500671386719,64.033500671386719,64.033500671386719,0
2017-02-08,64.195899963378906,64.195899963378906,64.195899963378906,64.195899963378906,0
2017-02-09,64.998703002929688,64.998703002929688,64.998703002929688,64.998703002929688,0
2017-02-10,65.026298522949219,65.026298522949219,65.026298522949219,65.026298522949219,0
2017-02-13,65.831596374511719,65.831596374511719,65.831596374511719,65.831596374511719,0
2017-02-14,65.93389892578125,65.93389892578125,65.93389892578125,65.93389892578125,0
2017-02-15,66.324600219726562,66.324600219726562,66.324600219726562,66.324600219726562,0
2017-02-16,65.982002258300781,65.982002258300781,65.982002258300781,65.982002258300781,0
2017-02-17,65.552299499511719,65.552299499511719,65.552299499511719,65.552299499511719,0
2017-02-20,65.516197204589844,65.516197204589844,65.516197204589844,65.516197204589844,0
2017-02-21,65.835899353027344,65.835899353027344,65.835899353027344,65.835899353027344,0
2017-02-22,65.931503295898438,65.931503295898438,65.931503295898438,65.931503295898438,0
2017-02-23,65.869400024414062,65.869400024414062,65.869400024414062,65.869400024414062,0
2017-02-24,65.248802185058594,65.248802185058594,65.248802185058594,65.248802185058594,0
2017-02-27,65.247596740722656,65.247596740722656,65.247596740722656,65.247596740722656,0
2017-02-28,65.42669677734375,65.42669677734375,65.42669677734375,65.42669677734375,0
2017-03-01,66.804397583007812,66.804397583007812,66.804397583007812,66.804397583007812,0
2017-03-02,66.846099853515625,66.846099853515625,66.846099853515625,66.846099853515625,0
2017-03-03,67.26519775390625,67.26519775390625,67.26519775390625,67.26519775390625,0
2017-03-06,66.9541015625,66.9541015625,66.9541015625,66.9541015625,0
2017-03-07,66.722503662109375,66.722503662109375,66.722503662109375,66.722503662109375,0
2017-03-08,66.795997619628906,66.795997619628906,66.795997619628906,66.795997619628906,0
2017-03-09,67.079002380371094,67.079002380371094,67.079002380371094,67.079002380371094,0
2017-03-10,67.236701965332031,67.236701965332031,67.236701965332031,67.236701965332031,0
2017-03-13,67.320098876953125,67.320098876953125,67.320098876953125,67.320098876953125,0
2017-03-14,66.978500366210938,66.978500366210938,66.978500366210938,66.978500366210938,0
2017-03-15,67.129096984863281,67.129096984863281,67.129096984863281,67.129096984863281,0
2017-03-16,67.504402160644531,67.504402160644531,67.504402160644531,67.504402160644531,0
2017-03-17,67.717597961425781,67.717597961425781,67.717597961425781,67.717597961425781,0
2017-03-20,67.573799133300781,67.573799133300781,67.573799133300781,67.573799133300781,0
2017-03-21,67.44219970703125,67.44219970703125,67.44219970703125,67.44219970703125,0
2017-03-22,67.341201782226562,67.341201782226562,67.341201782226562,67.341201782226562,0
2017-03-23,67.853996276855469,67.853996276855469,67.853996276855469,67.853996276855469,0
2017-03-24,67.694999694824219,67.694999694824219,67.694999694824219,67.694999694824219,0
2017-03-27,67.673301696777344,67.673301696777344,67.673301696777344,67.673301696777344,0
2017-03-28,68.059700012207031,68.059700012207031,68.059700012207031,68.059700012207031,0
2017-03-29,68.367202758789062,68.367202758789062,68.367202758789062,68.367202758789062,0
2017-03-30,68.644599914550781,68.644599914550781,68.644599914550781,68.644599914550781,0
2017-03-31,69.087600708007812,69.087600708007812,69.087600708007812,69.087600708007812,0
2017-04-03,68.592597961425781,68.592597961425781,68.592597961425781,68.592597961425781,0
2017-04-04,68.797599792480469,68.797599792480469,68.797599792480469,68.797599792480469,0
2017-04-05,68.6719970703125,68.6719970703125,68.6719970703125,68.6719970703125,0
2017-04-06,69.071701049804688,69.071701049804688,69.071701049804688,69.071701049804688,0
2017-04-07,69.257896423339844,69.257896423339844,69.257896423339844,69.257896423339844,0
2017-04-10,68.880897521972656,68.880897521972656,68.880897521972656,68.880897521972656,0
2017-04-11,68.8052978515625,68.8052978515625,68.8052978515625,68.8052978515625,0
2017-04-12,68.794097900390625,68.794097900390625,68.794097900390625,68.794097900390625,0
2017-04-13,68.389297485351562,68.389297485351562,68.389297485351562,68.389297485351562,0
2017-04-18,67.337898254394531,67.337898254394531,67.337898254394531,67.337898254394531,0
2017-04-19,67.564399719238281,67.564399719238281,67.564399719238281,67.564399719238281,0
2017-04-20,68.566398620605469,68.566398620605469,68.566398620605469,68.566398620605469,0
2017-04-21,68.313102722167969,68.313102722167969,68.313102722167969,68.313102722167969,0
2017-04-24,71.168601989746094,71.168601989746094,71.168601989746094,71.168601989746094,0
2017-04-25,71.338897705078125,71.338897705078125,71.338897705078125,71.338897705078125,0
2017-04-26,71.473800659179688,71.473800659179688,71.473800659179688,71.473800659179688,0
2017-04-27,71.254898071289062,71.254898071289062,71.254898071289062,71.254898071289062,0
2017-04-28,71.250602722167969,71.250602722167969,71.250602722167969,71.250602722167969,0
2017-05-02,71.771896362304688,71.771896362304688,71.771896362304688,71.771896362304688,0
2017-05-03,71.763801574707031,71.763801574707031,71.763801574707031,71.763801574707031,0
2017-05-04,72.7301025390625,72.7301025390625,72.7301025390625,72.7301025390625,0
2017-05-05,73.753997802734375,73.753997802734375,73.753997802734375,73.753997802734375,0
2017-05-08,73.199600219726562,73.199600219726562,73.199600219726562,73.199600219726562,0
2017-05-09,73.405899047851562,73.405899047851562,73.405899047851562,73.405899047851562,0
2017-05-10,73.439102172851562,73.439102172851562,73.439102172851562,73.439102172851562,0
2017-05-11,73.206703186035156,73.206703186035156,73.206703186035156,73.206703186035156,0
2017-05-12,73.524200439453125,73.524200439453125,73.524200439453125,73.524200439453125,0
2017-05-15,73.770103454589844,73.770103454589844,73.770103454589844,73.770103454589844,0
2017-05-16,73.87640380859375,73.87640380859375,73.87640380859375,73.87640380859375,0
2017-05-17,72.69000244140625,72.69000244140625,72.69000244140625,72.69000244140625,0
2017-05-18,72.3052978515625,72.3052978515625,72.3052978515625,72.3052978515625,0
2017-05-19,72.776298522949219,72.776298522949219,72.776298522949219,72.776298522949219,0
2017-05-22,72.771202087402344,72.771202087402344,72.771202087402344,72.771202087402344,0
2017-05-23,73.117698669433594,73.117698669433594,73.117698669433594,73.117698669433594,0
2017-05-24,73.103401184082031,73.103401184082031,73.103401184082031,73.103401184082031,0
2017-05-25,73.045196533203125,73.045196533203125,73.045196533203125,73.045196533203125,0
2017-05-26,73.047500610351562,73.047500610351562,73.047500610351562,73.047500610351562,0
2017-05-29,73.034797668457031,73.034797668457031,73.034797668457031,73.034797668457031,0
2017-05-30,72.877197265625,72.877197265625,72.877197265625,72.877197265625,0
2017-05-31,72.675399780273438,72.675399780273438,72.675399780273438,72.675399780273438,0
2017-06-01,73.15679931640625,73.15679931640625,73.15679931640625,73.15679931640625,0
2017-06-02,73.516502380371094,73.516502380371094,73.516502380371094,73.516502380371094,0
2017-06-05,73.116096496582031,73.116096496582031,73.116096496582031,73.116096496582031,0
2017-06-06,72.607803344726562,72.607803344726562,72.607803344726562,72.607803344726562,0
2017-06-07,72.558197021484375,72.558197021484375,72.558197021484375,72.558197021484375,0
2017-06-08,72.540397644042969,72.540397644042969,72.540397644042969,72.540397644042969,0
2017-06-09,73.029403686523438,73.029403686523438,73.029403686523438,73.029403686523438,0
2017-06-12,72.302299499511719,72.302299499511719,72.302299499511719,72.302299499511719,0
2017-06-13,72.593299865722656,72.593299865722656,72.593299865722656,72.593299865722656,0
2017-06-14,72.338401794433594,72.338401794433594,72.338401794433594,72.338401794433594,0
2017-06-15,71.974098205566406,71.974098205566406,71.974098205566406,71.974098205566406,0
2017-06-16,72.616401672363281,72.616401672363281,72.616401672363281,72.616401672363281,0
2017-06-19,73.284400939941406,73.284400939941406,73.284400939941406,73.284400939941406,0
2017-06-20,73.048301696777344,73.048301696777344,73.048301696777344,73.048301696777344,0
2017-06-21,72.839996337890625,72.839996337890625,72.839996337890625,72.839996337890625,0
2017-06-22,72.946197509765625,72.946197509765625,72.946197509765625,72.946197509765625,0
2017-06-23,72.726402282714844,72.726402282714844,72.726402282714844,72.726402282714844,0
2017-06-26,73.134002685546875,73.134002685546875,73.134002685546875,73.134002685546875,0
2017-06-27,72.62030029296875,72.62030029296875,72.62030029296875,72.62030029296875,0
2017-06-28,72.541397094726562,72.541397094726562,72.541397094726562,72.541397094726562,0
2017-06-29,71.179801940917969,71.179801940917969,71.179801940917969,71.179801940917969,0
2017-06-30,70.713996887207031,70.713996887207031,70.713996887207031,70.713996887207031,0
2017-07-03,71.749298095703125,71.749298095703125,71.749298095703125,71.749298095703125,0
2017-07-04,71.490196228027344,71.490196228027344,71.490196228027344,71.490196228027344,0
2017-07-05,71.573997497558594,71.573997497558594,71.573997497558594,71.573997497558594,0
2017-07-06,71.193397521972656,71.193397521972656,71.193397521972656,71.193397521972656,0
2017-07-07,71.091697692871094,71.091697692871094,71.091697692871094,71.091697692871094,0
2017-07-10,71.374298095703125,71.374298095703125,71.374298095703125,71.374298095703125,0
2017-07-11,71.027603149414062,71.027603149414062,71.027603149414062,71.027603149414062,0
2017-07-12,72.151901245117188,72.151901245117188,72.151901245117188,72.151901245117188,0
2017-07-13,72.334800720214844,72.334800720214844,72.334800720214844,72.334800720214844,0
2017-07-14,72.333099365234375,72.333099365234375,72.333099365234375,72.333099365234375,0
2017-07-17,72.261100769042969,72.261100769042969,72.261100769042969,72.261100769042969,0
2017-07-18,71.475601196289062,71.475601196289062,71.475601196289062,71.475601196289062,0
2017-07-19,72.066200256347656,72.066200256347656,72.066200256347656,72.066200256347656,0
2017-07-20,71.833099365234375,71.833099365234375,71.833099365234375,71.833099365234375,0
2017-07-21,70.707000732421875,70.707000732421875,70.707000732421875,70.707000732421875,0
2017-07-24,70.843299865722656,70.843299865722656,70.843299865722656,70.843299865722656,0
2017-07-25,71.304496765136719,71.304496765136719,71.304496765136719,71.304496765136719,0
2017-07-26,71.706001281738281,71.706001281738281,71.706001281738281,71.706001281738281,0
2017-07-27,71.661003112792969,71.661003112792969,71.661003112792969,71.661003112792969,0
2017-07-28,70.893203735351562,70.893203735351562,70.893203735351562,70.893203735351562,0
2017-07-31,70.371902465820312,70.371902465820312,70.371902465820312,70.371902465820312,0
2017-08-01,70.831100463867188,70.831100463867188,70.831100463867188,70.831100463867188,0
2017-08-02,70.557601928710938,70.557601928710938,70.557601928710938,70.557601928710938,0
2017-08-03,70.87860107421875,70.87860107421875,70.87860107421875,70.87860107421875,0
2017-08-04,71.88580322265625,71.88580322265625,71.88580322265625,71.88580322265625,0
2017-08-07,71.945503234863281,71.945503234863281,71.945503234863281,71.945503234863281,0
2017-08-08,72.096298217773438,72.096298217773438,72.096298217773438,72.096298217773438,0
2017-08-09,71.084701538085938,71.084701538085938,71.084701538085938,71.084701538085938,0
2017-08-10,70.663497924804688,70.663497924804688,70.663497924804688,70.663497924804688,0
2017-08-11,69.912696838378906,69.912696838378906,69.912696838378906,69.912696838378906,0
2017-08-14,70.750900268554688,70.750900268554688,70.750900268554688,70.750900268554688,0
2017-08-15,71.007102966308594,71.007102966308594,71.007102966308594,71.007102966308594,0
2017-08-16,71.509696960449219,71.509696960449219,71.509696960449219,71.509696960449219,0
2017-08-17,71.097999572753906,71.097999572753906,71.097999572753906,71.097999572753906,0
2017-08-18,70.646400451660156,70.646400451660156,70.646400451660156,70.646400451660156,0
2017-08-21,70.278099060058594,70.278099060058594,70.278099060058594,70.278099060058594,0
2017-08-22,70.889198303222656,70.889198303222656,70.889198303222656,70.889198303222656,0
2017-08-23,70.6614990234375,70.6614990234375,70.6614990234375,70.6614990234375,0
2017-08-24,70.629501342773438,70.629501342773438,70.629501342773438,70.629501342773438,0
2017-08-25,70.507499694824219,70.507499694824219,70.507499694824219,70.507499694824219,0
2017-08-28,70.166702270507812,70.166702270507812,70.166702270507812,70.166702270507812,0
2017-08-29,69.505599975585938,69.505599975585938,69.505599975585938,69.505599975585938,0
2017-08-30,69.841102600097656,69.841102600097656,69.841102600097656,69.841102600097656,0
2017-08-31,70.244697570800781,70.244697570800781,70.244697570800781,70.244697570800781,0
2017-09-01,70.764999389648438,70.764999389648438,70.764999389648438,70.764999389648438,0
2017-09-04,70.497299194335938,70.497299194335938,70.497299194335938,70.497299194335938,0
2017-09-05,70.256202697753906,70.256202697753906,70.256202697753906,70.256202697753906,0
2017-09-06,70.461097717285156,70.461097717285156,70.461097717285156,70.461097717285156,0
2017-09-07,70.642601013183594,70.642601013183594,70.642601013183594,70.642601013183594,0
2017-09-08,70.626502990722656,70.626502990722656,70.626502990722656,70.626502990722656,0
2017-09-11,71.498497009277344,71.498497009277344,71.498497009277344,71.498497009277344,0
2017-09-12,71.944198608398438,71.944198608398438,71.944198608398438,71.944198608398438,0
2017-09-13,72.062599182128906,72.062599182128906,72.062599182128906,72.062599182128906,0
2017-09-14,72.166900634765625,72.166900634765625,72.166900634765625,72.166900634765625,0
2017-09-15,72.010696411132812,72.010696411132812,72.010696411132812,72.010696411132812,0
2017-09-18,72.219902038574219,72.219902038574219,72.219902038574219,72.219902038574219,0
2017-09-19,72.331901550292969,72.331901550292969,72.331901550292969,72.331901550292969,0
2017-09-20,72.3905029296875,72.3905029296875,72.3905029296875,72.3905029296875,0
2017-09-21,72.743202209472656,72.743202209472656,72.743202209472656,72.743202209472656,0
2017-09-22,72.937202453613281,72.937202453613281,72.937202453613281,72.937202453613281,0
2017-09-25,72.841697692871094,72.841697692871094,72.841697692871094,72.841697692871094,0
2017-09-26,72.86419677734375,72.86419677734375,72.86419677734375,72.86419677734375,0
2017-09-27,73.045600891113281,73.045600891113281,73.045600891113281,73.045600891113281,0
2017-09-28,73.208702087402344,73.208702087402344,73.208702087402344,73.208702087402344,0
2017-09-29,73.706298828125,73.706298828125,73.706298828125,73.706298828125,0
2017-10-02,73.990997314453125,73.990997314453125,73.990997314453125,73.990997314453125,0
2017-10-03,74.224700927734375,74.224700927734375,74.224700927734375,74.224700927734375,0
2017-10-04,74.17919921875,74.17919921875,74.17919921875,74.17919921875,0
2017-10-05,74.401802062988281,74.401802062988281,74.401802062988281,74.401802062988281,0
2017-10-06,74.132003784179688,74.132003784179688,74.132003784179688,74.132003784179688,0
2017-10-09,74.213600158691406,74.213600158691406,74.213600158691406,74.213600158691406,0
2017-10-10,74.182601928710938,74.182601928710938,74.182601928710938,74.182601928710938,0
2017-10-11,74.203498840332031,74.203498840332031,74.203498840332031,74.203498840332031,0
2017-10-12,74.180198669433594,74.180198669433594,74.180198669433594,74.180198669433594,0
2017-10-13,74.054702758789062,74.054702758789062,74.054702758789062,74.054702758789062,0
2017-10-16,74.207496643066406,74.207496643066406,74.207496643066406,74.207496643066406,0
2017-10-17,74.186500549316406,74.186500549316406,74.186500549316406,74.186500549316406,0
2017-10-18,74.496803283691406,74.496803283691406,74.496803283691406,74.496803283691406,0
2017-10-19,74.280296325683594,74.280296325683594,74.280296325683594,74.280296325683594,0
2017-10-20,74.337699890136719,74.337699890136719,74.337699890136719,74.337699890136719,0
2017-10-23,74.536003112792969,74.536003112792969,74.536003112792969,74.536003112792969,0
2017-10-24,74.645896911621094,74.645896911621094,74.645896911621094,74.645896911621094,0
2017-10-25,74.370201110839844,74.370201110839844,74.370201110839844,74.370201110839844,0
2017-10-26,75.485603332519531,75.485603332519531,75.485603332519531,75.485603332519531,0
2017-10-27,76.018898010253906,76.018898010253906,76.018898010253906,76.018898010253906,0
2017-10-30,76.011703491210938,76.011703491210938,76.011703491210938,76.011703491210938,0
2017-10-31,76.144699096679688,76.144699096679688,76.144699096679688,76.144699096679688,0
2017-11-01,76.295600891113281,76.295600891113281,76.295600891113281,76.295600891113281,0
2017-11-02,76.243301391601562,76.243301391601562,76.243301391601562,76.243301391601562,0
2017-11-03,76.344902038574219,76.344902038574219,76.344902038574219,76.344902038574219,0
2017-11-06,76.197700500488281,76.197700500488281,76.197700500488281,76.197700500488281,0
2017-11-07,75.849502563476562,75.849502563476562,75.849502563476562,75.849502563476562,0
2017-11-08,75.720596313476562,75.720596313476562,75.720596313476562,75.720596313476562,0
2017-11-09,74.840400695800781,74.840400695800781,74.840400695800781,74.840400695800781,0
2017-11-10,74.464599609375,74.464599609375,74.464599609375,74.464599609375,0
2017-11-13,73.921798706054688,73.921798706054688,73.921798706054688,73.921798706054688,0
2017-11-14,73.562103271484375,73.562103271484375,73.562103271484375,73.562103271484375,0
2017-11-15,73.362197875976562,73.362197875976562,73.362197875976562,73.362197875976562,0
2017-11-16,73.849899291992188,73.849899291992188,73.849899291992188,73.849899291992188,0
2017-11-17,73.608901977539062,73.608901977539062,73.608901977539062,73.608901977539062,0
2017-11-20,73.9197998046875,73.9197998046875,73.9197998046875,73.9197998046875,0
2017-11-21,74.275398254394531,74.275398254394531,74.275398254394531,74.275398254394531,0
2017-11-22,74.087699890136719,74.087699890136719,74.087699890136719,74.087699890136719,0
2017-11-23,74.459297180175781,74.459297180175781,74.459297180175781,74.459297180175781,0
2017-11-24,74.609703063964844,74.609703063964844,74.609703063964844,74.609703063964844,0
2017-11-27,74.188400268554688,74.188400268554688,74.188400268554688,74.188400268554688,0
2017-11-28,74.606201171875,74.606201171875,74.606201171875,74.606201171875,0
2017-11-29,74.712600708007812,74.712600708007812,74.712600708007812,74.712600708007812,0
2017-11-30,74.362602233886719,74.362602233886719,74.362602233886719,74.362602233886719,0
2017-12-01,73.587303161621094,73.587303161621094,73.587303161621094,73.587303161621094,0
2017-12-04,74.587898254394531,74.587898254394531,74.587898254394531,74.587898254394531,0
2017-12-05,74.458099365234375,74.458099365234375,74.458099365234375,74.458099365234375,0
2017-12-06,74.440803527832031,74.440803527832031,74.440803527832031,74.440803527832031,0
2017-12-07,74.572303771972656,74.572303771972656,74.572303771972656,74.572303771972656,0
2017-12-08,74.783401489257812,74.783401489257812,74.783401489257812,74.783401489257812,0
2017-12-11,74.611099243164062,74.611099243164062,74.611099243164062,74.611099243164062,0
2017-12-12,75.168899536132812,75.168899536132812,75.168899536132812,75.168899536132812,0
2017-12-13,74.783500671386719,74.783500671386719,74.783500671386719,74.783500671386719,0
2017-12-14,74.199501037597656,74.199501037597656,74.199501037597656,74.199501037597656,0
2017-12-15,74.089599609375,74.089599609375,74.089599609375,74.089599609375,0
2017-12-18,75.077400207519531,75.077400207519531,75.077400207519531,75.077400207519531,0
2017-12-19,74.647102355957031,74.647102355957031,74.647102355957031,74.647102355957031,0
2017-12-20,74.229103088378906,74.229103088378906,74.229103088378906,74.229103088378906,0
2017-12-21,74.68890380859375,74.68890380859375,74.68890380859375,74.68890380859375,0
2017-12-22,74.392799377441406,74.392799377441406,74.392799377441406,74.392799377441406,0
2017-12-27,74.448097229003906,74.448097229003906,74.448097229003906,74.448097229003906,0
2017-12-28,74.039802551269531,74.039802551269531,74.039802551269531,74.039802551269531,0
2017-12-29,73.666801452636719,73.666801452636719,73.666801452636719,73.666801452636719,0
2018-01-02,73.331802368164062,73.331802368164062,73.331802368164062,73.331802368164062,0
2018-01-03,73.923698425292969,73.923698425292969,73.923698425292969,73.923698425292969,0
2018-01-04,75.066497802734375,75.066497802734375,75.066497802734375,75.066497802734375,0
2018-01-05,75.857200622558594,75.857200622558594,75.857200622558594,75.857200622558594,0
2018-01-08,76.088203430175781,76.088203430175781,76.088203430175781,76.088203430175781,0
2018-01-09,76.592796325683594,76.592796325683594,76.592796325683594,76.592796325683594,0
2018-01-10,76.324600219726562,76.324600219726562,76.324600219726562,76.324600219726562,0
2018-01-11,76.101097106933594,76.101097106933594,76.101097106933594,76.101097106933594,0
2018-01-12,76.495498657226562,76.495498657226562,76.495498657226562,76.495498657226562,0
2018-01-15,76.401298522949219,76.401298522949219,76.401298522949219,76.401298522949219,0
2018-01-16,76.463996887207031,76.463996887207031,76.463996887207031,76.463996887207031,0
2018-01-17,76.1885986328125,76.1885986328125,76.1885986328125,76.1885986328125,0
2018-01-18,76.199996948242188,76.199996948242188,76.199996948242188,76.199996948242188,0
2018-01-19,76.638397216796875,76.638397216796875,76.638397216796875,76.638397216796875,0
2018-01-22,76.850502014160156,76.850502014160156,76.850502014160156,76.850502014160156,0
2018-01-23,76.757896423339844,76.757896423339844,76.757896423339844,76.757896423339844,0
2018-01-24,76.202102661132812,76.202102661132812,76.202102661132812,76.202102661132812,0
2018-01-25,76.007499694824219,76.007499694824219,76.007499694824219,76.007499694824219,0
2018-01-26,76.671501159667969,76.671501159667969,76.671501159667969,76.671501159667969,0
2018-01-29,76.565299987792969,76.565299987792969,76.565299987792969,76.565299987792969,0
2018-01-30,75.9010009765625,75.9010009765625,75.9010009765625,75.9010009765625,0
2018-01-31,76.013801574707031,76.013801574707031,76.013801574707031,76.013801574707031,0
2018-02-01,75.648300170898438,75.648300170898438,75.648300170898438,75.648300170898438,0
2018-02-02,74.405296325683594,74.405296325683594,74.405296325683594,74.405296325683594,0
2018-02-05,73.3052978515625,73.3052978515625,73.3052978515625,73.3052978515625,0
2018-02-06,71.585601806640625,71.585601806640625,71.585601806640625,71.585601806640625,0
2018-02-07,72.89019775390625,72.89019775390625,72.89019775390625,72.89019775390625,0
2018-02-08,71.444099426269531,71.444099426269531,71.444099426269531,71.444099426269531,0
2018-02-09,70.437896728515625,70.437896728515625,70.437896728515625,70.437896728515625,0
2018-02-12,71.283699035644531,71.283699035644531,71.283699035644531,71.283699035644531,0
2018-02-13,70.854202270507812,70.854202270507812,70.854202270507812,70.854202270507812,0
2018-02-14,71.44000244140625,72.129997253417969,70.80999755859375,71.775001525878906,43603
2018-02-15,72.529998779296875,73.040000915527344,72.449996948242188,72.580001831054688,35763
2018-02-16,73.120002746582031,73.55999755859375,72.949996948242188,73.44000244140625,16511
2018-02-19,73.550003051757812,73.620002746582031,73.050003051757812,73.069999694824219,25010
2018-02-20,73.209999084472656,73.620002746582031,73.029998779296875,73.569999694824219,139371
2018-02-21,73.290000915527344,73.75,73.160003662109375,73.739997863769531,21001
2018-02-22,73.180000305175781,74.029998779296875,73.029998779296875,73.889999389648438,42695
2018-02-23,73.900001525878906,73.980003356933594,73.610000610351562,73.980003356933594,21902
2018-02-26,74.400001525878906,74.5,74.120002746582031,74.339996337890625,124778
2018-02-27,74.540000915527344,74.540000915527344,74.209999084472656,74.339996337890625,84413
2018-02-28,74.050003051757812,74.510002136230469,73.949996948242188,73.980003356933594,21130
2018-03-01,73.959999084472656,73.959999084472656,72.910003662109375,73.19000244140625,36924
2018-03-02,72.370002746582031,72.580001831054688,71.269996643066406,71.459999084472656,31387
2018-03-05,71.300003051757812,72,71.300003051757812,71.879997253417969,25008
2018-03-06,72.339996337890625,72.540000915527344,71.930000305175781,71.930000305175781,30552
2018-03-07,71.599998474121094,72.209999084472656,71.400001525878906,72.099998474121094,143314
2018-03-08,72.19000244140625,73.19000244140625,72.19000244140625,73.040000915527344,26564
2018-03-09,73,73.550003051757812,72.879997253417969,73.260002136230469,25436
2018-03-12,73.599998474121094,73.610000610351562,73.150001525878906,73.360000610351562,242670
2018-03-13,73.389999389648438,73.849998474121094,72.639999389648438,72.879997253417969,24531
2018-03-14,72.80999755859375,73.260002136230469,72.610000610351562,72.75,34148
2018-03-15,73,73.319999694824219,72.819999694824219,73.260002136230469,36809
2018-03-16,73.180000305175781,73.669998168945312,73.110000610351562,73.470001220703125,24601
2018-03-19,73.25,73.300003051757812,72.589996337890625,72.699996948242188,46196
2018-03-20,72.870002746582031,73.120002746582031,72.540000915527344,73.120002746582031,20929
2018-03-21,73.160003662109375,73.160003662109375,72.699996948242188,72.94000244140625,31811
2018-03-22,72.370002746582031,72.769996643066406,71.279998779296875,71.860000610351562,100734
2018-03-23,71.19000244140625,71.379997253417969,70.389999389648438,70.889999389648438,272255
2018-03-26,71.019996643066406,71.279998779296875,70.260002136230469,70.470001220703125,40992
2018-03-27,71.480003356933594,71.680000305175781,71.089996337890625,71.209999084472656,50436
2018-03-28,70.610000610351562,71.400001525878906,70.199996948242188,71.400001525878906,24434
2018-03-29,71.680000305175781,72.260002136230469,71.550003051757812,71.94000244140625,19736
2018-04-03,71.620002746582031,71.959999084472656,71.290000915527344,71.75,85944
2018-04-04,71.790000915527344,71.790000915527344,70.970001220703125,71.610000610351562,13113
2018-04-05,72.699996948242188,73.519996643066406,72.620002746582031,73.5,56637
2018-04-06,73.180000305175781,73.550003051757812,73.040000915527344,73.239997863769531,21860
2018-04-09,73.30999755859375,73.650001525878906,73.089996337890625,73.30999755859375,24158
2018-04-10,73.790000915527344,73.919998168945312,73.5,73.900001525878906,68828
2018-04-11,73.650001525878906,73.80999755859375,73.339996337890625,73.470001220703125,36651
2018-04-12,73.489997863769531,73.889999389648438,73.379997253417969,73.870002746582031,33813
2018-04-13,74,74.269996643066406,73.930000305175781,74.010002136230469,22327
2018-04-16,74.040000915527344,74.180000305175781,73.830001831054688,74.029998779296875,176014
2018-04-17,74.199996948242188,74.860000610351562,74.199996948242188,74.660003662109375,64521
2018-04-18,74.800003051757812,75.040000915527344,74.760002136230469,75.010002136230469,24455
2018-04-19,75.160003662109375,75.230003356933594,74.980003356933594,75.180000305175781,14459
2018-04-20,75.30999755859375,75.599998474121094,75.080001831054688,75.470001220703125,10639
2018-04-23,75.419998168945312,75.819999694824219,75.19000244140625,75.779998779296875,134887
2018-04-24,75.769996643066406,75.959999084472656,75.599998474121094,75.949996948242188,48590
2018-04-25,75.650001525878906,75.949996948242188,75.25,75.510002136230469,32148
2018-04-26,75.540000915527344,76.239997863769531,75.529998779296875,76.139999389648438,32379
2018-04-27,76.269996643066406,76.529998779296875,76.180000305175781,76.529998779296875,34230
2018-04-30,76.55999755859375,77.080001831054688,76.540000915527344,77.080001831054688,89597
2018-05-02,77.160003662109375,77.449996948242188,77.069999694824219,77.349998474121094,59810
2018-05-03,77.330001831054688,77.400001525878906,76.94000244140625,77.089996337890625,60666
2018-05-04,77.160003662109375,77.379997253417969,76.949996948242188,77.379997253417969,32388
2018-05-07,77.330001831054688,77.589996337890625,77.300003051757812,77.589996337890625,23624
2018-05-08,77.5,77.540000915527344,77.089996337890625,77.400001525878906,67853
2018-05-09,77.430000305175781,77.620002746582031,77.330001831054688,77.620002746582031,30138
2018-05-10,77.620002746582031,77.800003051757812,77.540000915527344,77.800003051757812,10342
2018-05-11,77.919998168945312,78.019996643066406,77.699996948242188,77.970001220703125,55719
2018-05-14,77.94000244140625,78.029998779296875,77.769996643066406,78.010002136230469,60746
2018-05-15,77.889999389648438,78.330001831054688,77.839996337890625,78.169998168945312,395559
2018-05-16,78.160003662109375,78.430000305175781,78.050003051757812,78.389999389648438,20620
2018-05-17,78.389999389648438,79.110000610351562,78.389999389648438,79.110000610351562,43773
2018-05-18,78.949996948242188,79.410003662109375,78.879997253417969,79.050003051757812,72109
2018-05-21,79.25,79.599998474121094,79.209999084472656,79.360000610351562,21471
2018-05-22,79.480003356933594,79.669998168945312,79.379997253417969,79.529998779296875,61495
2018-05-23,79.25,79.25,78.199996948242188,78.449996948242188,25773
2018-05-24,78.550003051757812,78.889999389648438,77.930000305175781,78.239997863769531,61727
2018-05-25,78.459999084472656,78.819999694824219,77.879997253417969,78.160003662109375,150707
2018-05-28,78.639999389648438,78.730003356933594,77.69000244140625,77.930000305175781,891013
2018-05-29,77.360000610351562,77.55999755859375,76.330001831054688,77.010002136230469,44743
2018-05-30,77,77.209999084472656,76.550003051757812,77.120002746582031,233920
2018-05-31,77.330001831054688,77.480003356933594,76.44000244140625,76.639999389648438,179686
2018-06-01,77.349998474121094,77.900001525878906,77.349998474121094,77.709999084472656,637575
2018-06-04,78.230003356933594,78.230003356933594,77.790000915527344,77.849998474121094,81510
2018-06-05,77.650001525878906,78.470001220703125,77.650001525878906,77.730003356933594,70880
2018-06-06,77.900001525878906,78.120002746582031,77.269996643066406,77.790000915527344,28367
2018-06-07,78.080001831054688,78.319999694824219,77.5,77.629997253417969,9321
2018-06-08,77.069999694824219,77.720001220703125,76.980003356933594,77.620002746582031,19192
2018-06-11,77.949996948242188,78.220001220703125,77.760002136230469,78.150001525878906,16892
2018-06-12,78.370002746582031,78.370002746582031,77.790000915527344,77.830001831054688,18289
2018-06-13,77.900001525878906,78.069999694824219,77.709999084472656,77.800003051757812,113836
2018-06-14,77.430000305175781,79,77.139999389648438,78.900001525878906,112050
2018-06-15,79.120002746582031,79.300003051757812,78.510002136230469,78.510002136230469,52197
2018-06-18,78.230003356933594,78.319999694824219,77.269996643066406,77.769996643066406,32277
2018-06-19,76.680000305175781,76.970001220703125,76.589996337890625,76.910003662109375,25755
2018-06-20,77.25,77.25,76.660003662109375,76.69000244140625,16568
2018-06-21,76.910003662109375,76.959999084472656,75.779998779296875,75.910003662109375,22532
2018-06-22,76.099998474121094,76.930000305175781,76.099998474121094,76.930000305175781,15201
2018-06-25,76.709999084472656,76.779998779296875,75.550003051757812,75.589996337890625,14940
2018-06-26,75.680000305175781,75.839996337890625,75.410003662109375,75.410003662109375,52557
2018-06-27,75.430000305175781,76.639999389648438,74.900001525878906,76.010002136230469,322326
2018-06-28,75.930000305175781,76.139999389648438,74.919998168945312,75.220001220703125,46971
2018-06-29,76.300003051757812,76.379997253417969,76,76.019996643066406,166448
2018-07-02,75.019996643066406,75.55999755859375,74.900001525878906,75.25,32889
2018-07-03,75.75,76.139999389648438,75.669998168945312,75.919998168945312,22175
2018-07-04,75.830001831054688,76.139999389648438,75.769996643066406,75.919998168945312,20139
2018-07-05,76.089996337890625,76.919998168945312,76.080001831054688,76.580001831054688,12254
2018-07-06,76.919998168945312,76.919998168945312,76.330001831054688,76.739997863769531,26674
2018-07-09,77.169998168945312,77.30999755859375,76.839996337890625,77.080001831054688,16155
2018-07-10,77.25,77.620002746582031,77.129997253417969,77.580001831054688,18811
2018-07-11,76.980003356933594,76.980003356933594,76.44000244140625,76.44000244140625,19604
2018-07-12,76.580001831054688,77.169998168945312,76.410003662109375,77.150001525878906,13899
2018-07-13,77.529998779296875,77.639999389648438,77.360000610351562,77.480003356933594,12367
2018-07-16,77.449996948242188,77.639999389648438,77.199996948242188,77.199996948242188,26784
2018-07-17,77.040000915527344,77.489997863769531,76.860000610351562,77.419998168945312,52020
2018-07-18,77.660003662109375,77.919998168945312,77.650001525878906,77.800003051757812,39055
2018-07-19,77.580001831054688,77.69000244140625,77.269996643066406,77.339996337890625,24012
2018-07-20,77.139999389648438,77.400001525878906,76.300003051757812,77.080001831054688,80881
2018-07-23,76.769996643066406,76.839996337890625,76.540000915527344,76.75,15498
2018-07-24,77.120002746582031,77.75,77.010002136230469,77.599998474121094,19161
2018-07-25,77.80999755859375,77.830001831054688,77.279998779296875,77.449996948242188,35714
2018-07-26,77.910003662109375,78.150001525878906,77.650001525878906,78.150001525878906,12505
2018-07-27,78.209999084472656,78.629997253417969,78.209999084472656,78.629997253417969,17826
2018-07-30,78.410003662109375,78.599998474121094,78.279998779296875,78.400001525878906,16812
2018-07-31,78.349998474121094,78.889999389648438,78.209999084472656,78.730003356933594,11434
2018-08-01,78.949996948242188,78.949996948242188,78.430000305175781,78.430000305175781,6821
2018-08-02,78.05999755859375,78.120002746582031,77.790000915527344,77.970001220703125,7410
2018-08-03,78.099998474121094,78.360000610351562,77.94000244140625,78.230003356933594,26402
2018-08-06,78.389999389648438,78.459999084472656,77.900001525878906,78.150001525878906,10286
2018-08-07,78.449996948242188,79.010002136230469,78.370002746582031,78.739997863769531,29137
2018-08-08,78.699996948242188,78.870002746582031,78.379997253417969,78.470001220703125,29837
2018-08-09,78.220001220703125,78.480003356933594,77.989997863769531,78.480003356933594,51746
2018-08-10,77.760002136230469,77.930000305175781,76.900001525878906,77.230003356933594,6919
2018-08-13,77.019996643066406,77.419998168945312,76.830001831054688,77.25,27315
2018-08-14,77.569999694824219,77.589996337890625,76.919998168945312,77.080001831054688,7871
2018-08-15,77.110000610351562,77.269996643066406,75.480003356933594,75.639999389648438,121982
2018-08-16,75.900001525878906,76.419998168945312,75.730003356933594,76.339996337890625,6026
2018-08-17,76.480003356933594,76.5,75.860000610351562,76.290000915527344,11394
2018-08-20,76.449996948242188,77.010002136230469,76.449996948242188,76.769996643066406,27190
2018-08-21,76.660003662109375,77.44000244140625,76.620002746582031,77.180000305175781,36018
2018-08-22,77.260002136230469,77.459999084472656,77.220001220703125,77.339996337890625,22372
2018-08-23,77.410003662109375,77.550003051757812,77.319999694824219,77.339996337890625,29222
2018-08-24,77.410003662109375,77.730003356933594,77.400001525878906,77.510002136230469,21802
2018-08-27,77.800003051757812,78.209999084472656,77.730003356933594,78.180000305175781,13583
2018-08-28,78.30999755859375,78.519996643066406,78.160003662109375,78.209999084472656,107062
2018-08-29,78.339996337890625,78.449996948242188,78.089996337890625,78.430000305175781,25900
2018-08-30,78.379997253417969,78.379997253417969,77.949996948242188,78.129997253417969,19810
2018-08-31,77.900001525878906,77.900001525878906,77.050003051757812,77.080001831054688,15223
2018-09-03,77.010002136230469,77.220001220703125,76.830001831054688,77.199996948242188,9791
2018-09-04,77.370002746582031,77.370002746582031,75.930000305175781,76.180000305175781,168803
2018-09-05,75.779998779296875,75.900001525878906,75.040000915527344,75.040000915527344,49082
2018-09-06,74.94000244140625,75.330001831054688,74.800003051757812,74.800003051757812,29591
2018-09-07,74.830001831054688,75.099998474121094,74.550003051757812,74.949996948242188,36977
2018-09-10,74.800003051757812,75.430000305175781,74.800003051757812,75.169998168945312,13483
2018-09-11,75.349998474121094,75.400001525878906,74.75,75.400001525878906,27591
2018-09-12,75.550003051757812,76.120002746582031,75.550003051757812,76.050003051757812,34106
2018-09-13,76.050003051757812,76.519996643066406,76,76.080001831054688,93680
2018-09-14,76.319999694824219,76.519996643066406,76.199996948242188,76.419998168945312,44455
2018-09-17,76.239997863769531,76.470001220703125,76.080001831054688,76.360000610351562,35833
2018-09-18,76.410003662109375,76.879997253417969,76.220001220703125,76.55999755859375,52149
2018-09-19,76.639999389648438,77.169998168945312,76.639999389648438,77.019996643066406,25451
2018-09-20,77.160003662109375,77.889999389648438,77.160003662109375,77.819999694824219,19766
2018-09-21,78.120002746582031,78.400001525878906,78.089996337890625,78.339996337890625,129979
2018-09-24,78.230003356933594,78.25,77.930000305175781,78.050003051757812,19379
2018-09-25,78.25,78.470001220703125,78.129997253417969,78.239997863769531,26515
2018-09-26,78.260002136230469,78.69000244140625,78.120002746582031,78.669998168945312,10799
2018-09-27,78.55999755859375,79.180000305175781,78.360000610351562,79.050003051757812,23205
2018-09-28,78.760002136230469,78.860000610351562,77.970001220703125,78.449996948242188,23454
2018-10-01,78.379997253417969,78.819999694824219,78.379997253417969,78.660003662109375,28883
2018-10-02,78.050003051757812,78.269996643066406,77.699996948242188,78.089996337890625,38437
2018-10-03,78.389999389648438,78.580001831054688,78.089996337890625,78.410003662109375,10949
2018-10-04,78.120002746582031,78.129997253417969,77.19000244140625,77.279998779296875,19039
2018-10-05,77.180000305175781,77.209999084472656,76.470001220703125,76.569999694824219,122567
2018-10-08,76.069999694824219,76.209999084472656,75.55999755859375,75.629997253417969,19440
2018-10-09,75.839996337890625,76.029998779296875,75.169998168945312,75.970001220703125,14808
2018-10-10,75.849998474121094,75.849998474121094,74.300003051757812,74.410003662109375,66613
2018-10-11,73.129997253417969,73.790000915527344,72.989997863769531,72.989997863769531,80541
2018-10-12,73.699996948242188,73.800003051757812,72.860000610351562,72.860000610351562,76212
2018-10-15,72.819999694824219,72.949996948242188,72.300003051757812,72.860000610351562,52298
2018-10-16,72.709999084472656,74,72.709999084472656,73.959999084472656,41564
2018-10-17,74.160003662109375,74.370002746582031,73.169998168945312,73.580001831054688,21143
2018-10-18,73.629997253417969,73.970001220703125,73.150001525878906,73.180000305175781,31503
2018-10-19,73.209999084472656,73.400001525878906,72.319999694824219,72.709999084472656,20872
2018-10-22,73.389999389648438,73.389999389648438,72.220001220703125,72.269996643066406,59320
2018-10-23,71.30999755859375,71.599998474121094,70.879997253417969,71.050003051757812,316440
2018-10-24,71.589996337890625,72.080001831054688,70.80999755859375,70.830001831054688,41338
2018-10-25,70.680000305175781,71.949996948242188,70.459999084472656,71.919998168945312,277767
2018-10-26,71.110000610351562,71.110000610351562,70.010002136230469,71.05999755859375,259838
2018-10-29,71.199996948242188,71.910003662109375,71.160003662109375,71.349998474121094,27385
2018-10-30,71.480003356933594,71.629997253417969,70.550003051757812,71.160003662109375,97560
2018-10-31,72.330001831054688,73,72.290000915527344,72.760002136230469,100854
2018-11-01,72.580001831054688,73.180000305175781,72.459999084472656,72.720001220703125,128178
2018-11-02,73.709999084472656,73.80999755859375,72.879997253417969,72.879997253417969,353999
2018-11-05,72.900001525878906,73.19000244140625,72.790000915527344,72.94000244140625,53792
2018-11-06,73.029998779296875,73.050003051757812,72.459999084472656,72.589996337890625,63419
2018-11-07,72.980003356933594,73.650001525878906,72.980003356933594,73.44000244140625,26639
2018-11-08,73.620002746582031,73.910003662109375,73.239997863769531,73.379997253417969,43801
2018-11-09,72.910003662109375,73.099998474121094,72.510002136230469,72.989997863769531,18749
2018-11-12,73.510002136230469,73.510002136230469,72.360000610351562,72.360000610351562,31878
2018-11-13,72.629997253417969,72.959999084472656,72.370002746582031,72.919998168945312,29157
2018-11-14,72.220001220703125,73.319999694824219,71.930000305175781,72.449996948242188,27679
2018-11-15,72.790000915527344,72.989997863769531,71.370002746582031,71.949996948242188,47180
2018-11-16,72.510002136230469,72.529998779296875,71.349998474121094,71.830001831054688,27800
2018-11-19,72.099998474121094,72.319999694824219,71.220001220703125,71.260002136230469,20657
2018-11-20,70.739997863769531,70.910003662109375,70,70.400001525878906,27767
2018-11-21,70.680000305175781,71.129997253417969,70.5,71.129997253417969,15976
2018-11-22,70.819999694824219,70.879997253417969,70.379997253417969,70.55999755859375,14517
2018-11-23,70.650001525878906,71.010002136230469,70.230003356933594,70.709999084472656,37989
2018-11-26,71.410003662109375,71.790000915527344,71.089996337890625,71.349998474121094,58845
2018-11-27,71.419998168945312,71.529998779296875,70.870002746582031,71.169998168945312,12060
2018-11-28,71.489997863769531,71.519996643066406,71.230003356933594,71.239997863769531,15362
2018-11-29,71.910003662109375,71.930000305175781,71.379997253417969,71.580001831054688,24682
2018-11-30,71.580001831054688,71.639999389648438,71.150001525878906,71.529998779296875,52083
2018-12-03,73.120002746582031,73.120002746582031,72.110000610351562,72.25,53897
2018-12-04,72,72.069999694824219,71.669998168945312,71.669998168945312,72328
2018-12-05,70.739997863769531,71.080001831054688,70.610000610351562,70.639999389648438,33513
2018-12-06,69.94000244140625,69.94000244140625,68.050003051757812,68.300003051757812,44619
2018-12-07,68.959999084472656,69.680000305175781,68.769996643066406,68.769996643066406,30653
2018-12-10,68.669998168945312,68.730003356933594,67.599998474121094,67.75,31726
2018-12-11,68.339996337890625,69.279998779296875,68.139999389648438,68.669998168945312,66987
2018-12-12,69.099998474121094,70.290000915527344,69.010002136230469,70.099998474121094,31994
2018-12-13,70.470001220703125,70.470001220703125,69.830001831054688,69.900001525878906,42181
2018-12-14,69.389999389648438,69.55999755859375,68.849998474121094,69.269996643066406,21636
2018-12-17,69.019996643066406,69.160003662109375,68.400001525878906,68.519996643066406,12190
2018-12-18,68.220001220703125,68.680000305175781,67.989997863769531,67.989997863769531,33077
2018-12-19,68.150001525878906,68.510002136230469,68.120002746582031,68.319999694824219,64085
2018-12-20,67.269996643066406,67.470001220703125,67,67.089996337890625,66454
2018-12-21,66.860000610351562,67.080001831054688,66.169998168945312,67.010002136230469,46819
2018-12-24,67.010002136230469,67.010002136230469,67.010002136230469,67.010002136230469,0
2018-12-27,66.900001525878906,67.010002136230469,65.290000915527344,65.889999389648438,44998
2018-12-28,66.239997863769531,67.150001525878906,66.129997253417969,66.900001525878906,16156
2018-12-31,67.25,67.629997253417969,67.169998168945312,67.620002746582031,8759
2019-01-02,66.779998779296875,67.150001525878906,65.949996948242188,66.989997863769531,40416
2019-01-03,66.480003356933594,66.790000915527344,65.900001525878906,65.919998168945312,57902
2019-01-04,66.620002746582031,67.879997253417969,66.44000244140625,67.69000244140625,40652
2019-01-07,67.930000305175781,68.040000915527344,67.050003051757812,67.419998168945312,19371
2019-01-08,67.660003662109375,68.760002136230469,67.660003662109375,68.220001220703125,22580
2019-01-09,68.769996643066406,69.239997863769531,68.660003662109375,68.800003051757812,25177
2019-01-10,68.290000915527344,68.709999084472656,68.069999694824219,68.709999084472656,43365
2019-01-11,68.790000915527344,68.900001525878906,68.099998474121094,68.330001831054688,36142
2019-01-14,67.959999084472656,68.180000305175781,67.620002746582031,68.080001831054688,20592
2019-01-15,68.790000915527344,68.910003662109375,68.040000915527344,68.379997253417969,196367
2019-01-16,68.779998779296875,68.870002746582031,68.480003356933594,68.830001831054688,43617
2019-01-17,68.360000610351562,68.639999389648438,68.319999694824219,68.599998474121094,31406
2019-01-18,69.050003051757812,69.839996337890625,69.050003051757812,69.739997863769531,70418
2019-01-21,69.55999755859375,69.680000305175781,69.5,69.599998474121094,64678
2019-01-22,69.430000305175781,69.569999694824219,69.019996643066406,69.269996643066406,99801
2019-01-23,69,69.720001220703125,68.980003356933594,69.260002136230469,33554
2019-01-24,69.169998168945312,69.839996337890625,69.110000610351562,69.639999389648438,77260
2019-01-25,70.05999755859375,70.510002136230469,69.94000244140625,70.379997253417969,104263
2019-01-28,70.040000915527344,70.199996948242188,69.739997863769531,69.900001525878906,26705
2019-01-29,69.860000610351562,70.75,69.790000915527344,70.459999084472656,21536
2019-01-30,70.75,71.110000610351562,70.680000305175781,71.110000610351562,31927
2019-01-31,71.430000305175781,71.739997863769531,70.910003662109375,71.339996337890625,28752
2019-02-01,71.519996643066406,71.870002746582031,71.25,71.819999694824219,91875
2019-02-04,71.769996643066406,71.769996643066406,71.110000610351562,71.5,37537
2019-02-05,71.580001831054688,72.709999084472656,71.55999755859375,72.709999084472656,27996
2019-02-06,72.489997863769531,72.650001525878906,72.410003662109375,72.620002746582031,24900
2019-02-07,72.529998779296875,72.660003662109375,71.290000915527344,71.290000915527344,74573
2019-02-08,71.360000610351562,71.589996337890625,70.760002136230469,70.949996948242188,41067
2019-02-11,71.30999755859375,71.830001831054688,71.30999755859375,71.699996948242188,32093
2019-02-12,72.220001220703125,72.55999755859375,72.120002746582031,72.290000915527344,59108
2019-02-13,72.480003356933594,72.800003051757812,72.370002746582031,72.55999755859375,70524
2019-02-14,73.139999389648438,73.150001525878906,72.379997253417969,72.379997253417969,51615
2019-02-15,72.410003662109375,73.830001831054688,72.349998474121094,73.709999084472656,68601
2019-02-18,73.709999084472656,73.930000305175781,73.610000610351562,73.930000305175781,45783
2019-02-19,73.819999694824219,74,73.470001220703125,73.800003051757812,44645
2019-02-20,73.959999084472656,74.389999389648438,73.769996643066406,74.269996643066406,251121
2019-02-21,74.410003662109375,74.410003662109375,74.069999694824219,74.290000915527344,34571
2019-02-22,74.279998779296875,74.650001525878906,74.279998779296875,74.529998779296875,37039
2019-02-25,74.900001525878906,74.930000305175781,74.669998168945312,74.779998779296875,42505
2019-02-26,74.449996948242188,75.010002136230469,74.379997253417969,74.919998168945312,34157
2019-02-27,74.650001525878906,74.80999755859375,74.510002136230469,74.680000305175781,24639
2019-02-28,74.55999755859375,74.959999084472656,74.470001220703125,74.959999084472656,22151
2019-03-01,75.269996643066406,75.540000915527344,75.230003356933594,75.260002136230469,236500
2019-03-04,75.730003356933594,75.839996337890625,75.519996643066406,75.569999694824219,22428
2019-03-05,75.599998474121094,75.699996948242188,75.30999755859375,75.699996948242188,25651
2019-03-06,75.699996948242188,75.949996948242188,75.5,75.629997253417969,22242
2019-03-07,75.5,75.699996948242188,75.069999694824219,75.290000915527344,19220
2019-03-08,74.839996337890625,75.010002136230469,74.610000610351562,74.769996643066406,25240
2019-03-11,75.089996337890625,75.300003051757812,74.75,75.260002136230469,23535
2019-03-12,75.660003662109375,75.660003662109375,74.989997863769531,75.339996337890625,31935
2019-03-13,75.319999694824219,75.839996337890625,75.30999755859375,75.819999694824219,26123
2019-03-14,76.080001831054688,76.5,76.019996643066406,76.419998168945312,21028
2019-03-15,76.489997863769531,77.400001525878906,76.489997863769531,77.279998779296875,43726
2019-03-18,77.269996643066406,77.410003662109375,77.19000244140625,77.349998474121094,22438
2019-03-19,77.410003662109375,77.910003662109375,77.30999755859375,77.599998474121094,29664
2019-03-20,77.5,77.660003662109375,77.010002136230469,77.010002136230469,32684
2019-03-21,76.980003356933594,77.150001525878906,76.680000305175781,77,25877
2019-03-22,77.199996948242188,77.199996948242188,75.400001525878906,75.430000305175781,15811
2019-03-25,75.139999389648438,75.449996948242188,74.919998168945312,75.25,46230
2019-03-26,75.370002746582031,76.040000915527344,75.220001220703125,75.959999084472656,20942
2019-03-27,76.099998474121094,76.419998168945312,75.610000610351562,75.930000305175781,32977
2019-03-28,75.94000244140625,76.279998779296875,75.779998779296875,75.830001831054688,24503
2019-03-29,76.55999755859375,76.660003662109375,76.220001220703125,76.639999389648438,20960
2019-04-01,77.209999084472656,77.5,76.959999084472656,77.389999389648438,22986
2019-04-02,77.44000244140625,77.779998779296875,77.400001525878906,77.589996337890625,19017
2019-04-03,78.209999084472656,78.349998474121094,78.069999694824219,78.290000915527344,30608
2019-04-04,78.239997863769531,78.349998474121094,78.019996643066406,78.260002136230469,19015
2019-04-05,78.379997253417969,78.519996643066406,78.25,78.44000244140625,18609
2019-04-08,78.330001831054688,78.550003051757812,78.220001220703125,78.370002746582031,25231
2019-04-09,78.05999755859375,78.660003662109375,77.879997253417969,77.910003662109375,39149
2019-04-10,77.94000244140625,78.180000305175781,77.910003662109375,78.040000915527344,34702
2019-04-11,78.379997253417969,78.709999084472656,77.970001220703125,78.529998779296875,35978
2019-04-12,78.459999084472656,78.860000610351562,78.400001525878906,78.839996337890625,21265
2019-04-15,78.889999389648438,79.040000915527344,78.769996643066406,78.910003662109375,39752
2019-04-16,78.980003356933594,79.25,78.860000610351562,79.25,25598
2019-04-17,79.19000244140625,79.800003051757812,79.160003662109375,79.730003356933594,66348
2019-04-18,79.550003051757812,80.230003356933594,79.230003356933594,80.209999084472656,74673
2019-04-23,79.910003662109375,80.25,79.790000915527344,80.220001220703125,60795
2019-04-24,79.959999084472656,80.260002136230469,79.699996948242188,79.930000305175781,26878
2019-04-25,79.949996948242188,79.949996948242188,79.540000915527344,79.790000915527344,27937
2019-04-26,79.959999084472656,80.040000915527344,79.669998168945312,80,29146
2019-04-29,79.949996948242188,80.319999694824219,79.660003662109375,80.160003662109375,37503
2019-04-30,80.080001831054688,80.360000610351562,79.870002746582031,80.360000610351562,62147
2019-05-02,80.169998168945312,80.389999389648438,79.949996948242188,79.959999084472656,167894
2019-05-03,79.889999389648438,80.25,79.830001831054688,80.05999755859375,56161
2019-05-06,78.449996948242188,79.139999389648438,78.239997863769531,79.110000610351562,109037
2019-05-07,79.150001525878906,79.260002136230469,77.849998474121094,77.980003356933594,178362
2019-05-08,77.930000305175781,78.330001831054688,77.599998474121094,78.239997863769531,319718
2019-05-09,77.540000915527344,77.660003662109375,76.849998474121094,76.980003356933594,186278
2019-05-10,77.639999389648438,77.800003051757812,77,77.199996948242188,159253
2019-05-13,77.239997863769531,77.239997863769531,76.019996643066406,76.230003356933594,240817
2019-05-14,76.75,77.430000305175781,76.610000610351562,77.430000305175781,169323
2019-05-15,77.410003662109375,77.849998474121094,76.769996643066406,77.849998474121094,110620
2019-05-16,77.709999084472656,78.930000305175781,77.510002136230469,78.930000305175781,191332
2019-05-17,78.699996948242188,78.959999084472656,78.269996643066406,78.80999755859375,101340
2019-05-20,78.69000244140625,78.870002746582031,77.430000305175781,77.779998779296875,69378
2019-05-21,77.919998168945312,78.360000610351562,77.739997863769531,78.199996948242188,89711
2019-05-22,78.169998168945312,78.419998168945312,77.69000244140625,78.139999389648438,73958
2019-05-23,77.550003051757812,77.550003051757812,76.69000244140625,76.739997863769531,146616
2019-05-24,77.199996948242188,77.55999755859375,77.150001525878906,77.300003051757812,69931
2019-05-27,77.900001525878906,78.050003051757812,77.55999755859375,77.709999084472656,40671
2019-05-28,77.930000305175781,77.949996948242188,77.209999084472656,77.389999389648438,67038
2019-05-29,76.680000305175781,76.680000305175781,76.050003051757812,76.349998474121094,42603
2019-05-30,76.660003662109375,76.790000915527344,76.449996948242188,76.739997863769531,20466
2019-05-31,75.80999755859375,76.089996337890625,75.419998168945312,76.089996337890625,21885
2019-06-03,75.599998474121094,76.650001525878906,75.319999694824219,76.650001525878906,76125
2019-06-04,76.010002136230469,77.230003356933594,76.010002136230469,77.050003051757812,54709
2019-06-05,77.069999694824219,77.639999389648438,77.069999694824219,77.459999084472656,74270
2019-06-06,77.430000305175781,78.05999755859375,77.05999755859375,77.239997863769531,41239
2019-06-07,77.669998168945312,78.849998474121094,77.669998168945312,78.529998779296875,142873
2019-06-10,78.760002136230469,79.019996643066406,78.650001525878906,78.769996643066406,36838
2019-06-11,78.94000244140625,79.610000610351562,78.94000244140625,79.300003051757812,29594
2019-06-12,78.870002746582031,79.080001831054688,78.580001831054688,78.839996337890625,32465
2019-06-13,78.589996337890625,79.040000915527344,78.589996337890625,78.849998474121094,31263
2019-06-14,78.569999694824219,78.760002136230469,78.339996337890625,78.760002136230469,36057
2019-06-17,78.760002136230469,79.300003051757812,78.709999084472656,79.080001831054688,31655
2019-06-18,79.069999694824219,80.919998168945312,78.860000610351562,80.790000915527344,81538
2019-06-19,80.910003662109375,81,80.629997253417969,80.910003662109375,27779
2019-06-20,81.550003051757812,81.660003662109375,81.209999084472656,81.209999084472656,32502
2019-06-21,81.279998779296875,81.800003051757812,81.050003051757812,81.160003662109375,41749
2019-06-24,81.230003356933594,81.419998168945312,80.900001525878906,81.05999755859375,30510
2019-06-25,80.769996643066406,81.069999694824219,80.769996643066406,81.010002136230469,40764
2019-06-26,80.879997253417969,81.169998168945312,80.69000244140625,80.730003356933594,16492
2019-06-27,80.830001831054688,80.839996337890625,80.220001220703125,80.650001525878906,45298
2019-06-28,80.610000610351562,81.349998474121094,80.529998779296875,81.339996337890625,24906
2019-07-01,82.230003356933594,82.370002746582031,81.720001220703125,81.720001220703125,26756
2019-07-02,81.80999755859375,81.94000244140625,81.610000610351562,81.879997253417969,31154
2019-07-03,82.040000915527344,82.55999755859375,82.019996643066406,82.55999755859375,30821
2019-07-04,82.589996337890625,82.639999389648438,82.44000244140625,82.55999755859375,37715
2019-07-05,82.419998168945312,82.459999084472656,81.889999389648438,82.160003662109375,52609
2019-07-08,81.970001220703125,82.230003356933594,81.870002746582031,82.080001831054688,25775
2019-07-09,81.769996643066406,81.970001220703125,81.480003356933594,81.830001831054688,39041
2019-07-10,81.69000244140625,82.279998779296875,81.669998168945312,81.80999755859375,25652
2019-07-11,82.069999694824219,82.129997253417969,81.519996643066406,81.569999694824219,26204
2019-07-12,81.669998168945312,82.050003051757812,81.599998474121094,81.800003051757812,17599
2019-07-15,82.05999755859375,82.349998474121094,81.519996643066406,81.959999084472656,16587
2019-07-16,81.879997253417969,82.599998474121094,81.879997253417969,82.44000244140625,36863
2019-07-17,82.419998168945312,82.5,81.800003051757812,81.830001831054688,25163
2019-07-18,81.30999755859375,81.900001525878906,81.260002136230469,81.529998779296875,24754
2019-07-19,81.910003662109375,82.209999084472656,81.269996643066406,81.540000915527344,72547
2019-07-22,81.470001220703125,81.849998474121094,81.470001220703125,81.699996948242188,15457
2019-07-23,82.169998168945312,82.800003051757812,81.959999084472656,82.540000915527344,33511
2019-07-24,82.550003051757812,82.580001831054688,82.010002136230469,82.360000610351562,33376
2019-07-25,82.930000305175781,83.300003051757812,81.589996337890625,81.919998168945312,34038
2019-07-26,81.769996643066406,82.470001220703125,81.769996643066406,82.430000305175781,20586
2019-07-29,82.080001831054688,82.569999694824219,82.080001831054688,82.279998779296875,36059
2019-07-30,82.169998168945312,82.269996643066406,80.730003356933594,81.029998779296875,47793
2019-07-31,80.889999389648438,81.260002136230469,80.860000610351562,81.120002746582031,42776
2019-08-01,80.849998474121094,81.709999084472656,80.849998474121094,81.599998474121094,14285
2019-08-02,79.730003356933594,79.94000244140625,78.620002746582031,78.779998779296875,161201
2019-08-05,78,78.069999694824219,76.879997253417969,77,75645
2019-08-06,77.180000305175781,77.819999694824219,76.919998168945312,76.94000244140625,33944
2019-08-07,77.080001831054688,78.019996643066406,76.779998779296875,77.379997253417969,31145
2019-08-08,78.209999084472656,79.129997253417969,78.010002136230469,79.129997253417969,67297
2019-08-09,78.769996643066406,78.980003356933594,78.230003356933594,78.230003356933594,14704
2019-08-12,78.980003356933594,79.129997253417969,77.760002136230469,78.05999755859375,11964
2019-08-13,77.699996948242188,79.180000305175781,77.430000305175781,78.839996337890625,16719
2019-08-14,78.699996948242188,78.75,76.870002746582031,77.19000244140625,31740
2019-08-15,77.430000305175781,77.5,75.970001220703125,76.970001220703125,26406
2019-08-16,77.150001525878906,77.910003662109375,77.099998474121094,77.910003662109375,16258
2019-08-19,78.5,78.930000305175781,78.220001220703125,78.849998474121094,15837
2019-08-20,78.849998474121094,79.180000305175781,78.349998474121094,78.459999084472656,11884
2019-08-21,78.949996948242188,79.900001525878906,78.949996948242188,79.800003051757812,14793
2019-08-22,79.449996948242188,79.819999694824219,78.989997863769531,79.120002746582031,26158
2019-08-23,79.44000244140625,79.580001831054688,78.180000305175781,78.180000305175781,9236
2019-08-26,78.029998779296875,78.949996948242188,77.870002746582031,78.569999694824219,16195
2019-08-27,78.339996337890625,79.199996948242188,78.209999084472656,79.05999755859375,22932
2019-08-28,78.720001220703125,78.819999694824219,78.199996948242188,78.819999694824219,15355
2019-08-29,78.709999084472656,80.099998474121094,78.709999084472656,80.099998474121094,15568
2019-08-30,79.980003356933594,80.800003051757812,79.980003356933594,80.459999084472656,35914
2019-09-02,80.569999694824219,80.769996643066406,80.470001220703125,80.680000305175781,24025
2019-09-03,80.389999389648438,80.419998168945312,79.930000305175781,80.19000244140625,47213
2019-09-04,80.900001525878906,81.290000915527344,80.900001525878906,81.25,112666
2019-09-05,81.879997253417969,82.279998779296875,81.660003662109375,82.160003662109375,27437
2019-09-06,82.089996337890625,82.330001831054688,81.980003356933594,82.269996643066406,10282
2019-09-09,82.389999389648438,82.389999389648438,81.919998168945312,82.110000610351562,17576
2019-09-10,81.930000305175781,82.129997253417969,81.620002746582031,82.129997253417969,13708
2019-09-11,82.319999694824219,82.599998474121094,82.290000915527344,82.519996643066406,26259
2019-09-12,82.720001220703125,83.180000305175781,82.349998474121094,82.889999389648438,15266
2019-09-13,82.879997253417969,83.269996643066406,82.879997253417969,83.089996337890625,11463
2019-09-16,82.599998474121094,82.620002746582031,82.300003051757812,82.300003051757812,17364
2019-09-17,82.239997863769531,82.430000305175781,82.040000915527344,82.430000305175781,16868
2019-09-18,82.300003051757812,82.669998168945312,82.300003051757812,82.529998779296875,17031
2019-09-19,82.540000915527344,83.120002746582031,82.540000915527344,83.120002746582031,3443
2019-09-20,83.069999694824219,83.519996643066406,82.949996948242188,83.519996643066406,18130
2019-09-23,83.379997253417969,83.379997253417969,82.519996643066406,82.730003356933594,25162
2019-09-24,82.919998168945312,82.919998168945312,82.599998474121094,82.650001525878906,14044
2019-09-25,82.19000244140625,82.19000244140625,81.19000244140625,82.010002136230469,17545
2019-09-26,81.830001831054688,82.669998168945312,81.830001831054688,82.569999694824219,11202
2019-09-27,82.870002746582031,82.949996948242188,82.660003662109375,82.949996948242188,20737
2019-09-30,82.75,83.44000244140625,82.75,83.44000244140625,22095
2019-10-01,83.739997863769531,83.860000610351562,82.300003051757812,82.330001831054688,37933
2019-10-02,82.050003051757812,82.050003051757812,79.669998168945312,79.669998168945312,23677
2019-10-03,79.930000305175781,80.410003662109375,79.290000915527344,80.010002136230469,31405
2019-10-04,80.069999694824219,80.709999084472656,79.860000610351562,80.709999084472656,13998
2019-10-07,80.339996337890625,81.209999084472656,80.290000915527344,81.180000305175781,14550
2019-10-08,81.160003662109375,81.269996643066406,80.25,80.260002136230469,9986
2019-10-09,80.069999694824219,81.010002136230469,80.069999694824219,80.860000610351562,23653
2019-10-10,81.089996337890625,82,80.680000305175781,81.94000244140625,22119
2019-10-11,81.900001525878906,83.389999389648438,81.900001525878906,83.389999389648438,26516
2019-10-14,82.889999389648438,83.029998779296875,82.449996948242188,82.980003356933594,7253
2019-10-15,83.650001525878906,84.120002746582031,83.290000915527344,83.900001525878906,30266
2019-10-16,83.849998474121094,83.949996948242188,83.580001831054688,83.830001831054688,14135
2019-10-17,83.5,84.300003051757812,83.419998168945312,83.419998168945312,16326
2019-10-18,83.05999755859375,83.319999694824219,82.709999084472656,82.889999389648438,6345
2019-10-21,82.900001525878906,83.300003051757812,82.879997253417969,83.110000610351562,8289
2019-10-22,83,83.199996948242188,82.580001831054688,83.160003662109375,25666
2019-10-23,82.660003662109375,83.099998474121094,82.629997253417969,83.099998474121094,7338
2019-10-24,83.430000305175781,83.599998474121094,83.300003051757812,83.529998779296875,12980
2019-10-25,83.860000610351562,84.110000610351562,83.5,84.110000610351562,6735
2019-10-28,84.110000610351562,84.459999084472656,83.989997863769531,84.260002136230469,9263
2019-10-29,84.169998168945312,84.430000305175781,84.040000915527344,84.370002746582031,22402
2019-10-30,84.489997863769531,84.769996643066406,84.180000305175781,84.769996643066406,19675
2019-10-31,84.709999084472656,84.919998168945312,84.160003662109375,84.319999694824219,17095
2019-11-01,84.55999755859375,84.889999389648438,84.449996948242188,84.75,13550
2019-11-04,85.089996337890625,85.720001220703125,85.040000915527344,85.669998168945312,18749
2019-11-05,85.639999389648438,86.019996643066406,85.529998779296875,86.019996643066406,8597
2019-11-06,86.019996643066406,86.400001525878906,86,86.290000915527344,6683
2019-11-07,86.610000610351562,86.680000305175781,86.349998474121094,86.680000305175781,16827
2019-11-08,86.30999755859375,86.639999389648438,86.25,86.639999389648438,5671
2019-11-11,86.480003356933594,86.80999755859375,86.449996948242188,86.680000305175781,20400
2019-11-12,86.870002746582031,87.209999084472656,86.80999755859375,87.080001831054688,7228
2019-11-13,86.930000305175781,87.029998779296875,86.449996948242188,86.930000305175781,6405
2019-11-14,86.900001525878906,86.980003356933594,86.730003356933594,86.800003051757812,6186
2019-11-15,87.360000610351562,87.430000305175781,87,87.349998474121094,9174
2019-11-18,87.319999694824219,87.319999694824219,86.779998779296875,87.230003356933594,14228
2019-11-19,87.349998474121094,87.779998779296875,86.75,86.970001220703125,51773
2019-11-20,86.30999755859375,86.800003051757812,86.230003356933594,86.75,225893
2019-11-21,86.110000610351562,86.639999389648438,86,86.529998779296875,9579
2019-11-22,86.739997863769531,87.230003356933594,86.639999389648438,86.669998168945312,37278
2019-11-25,87.099998474121094,87.25,86.919998168945312,87.139999389648438,13099
2019-11-26,87.139999389648438,87.379997253417969,87,87.220001220703125,22532
2019-11-27,87.400001525878906,87.5,87.110000610351562,87.110000610351562,13264
2019-11-28,86.910003662109375,87.029998779296875,86.769996643066406,87.019996643066406,13994
2019-11-29,86.669998168945312,87.25,86.599998474121094,86.849998474121094,11531
2019-12-02,87.089996337890625,87.459999084472656,85.099998474121094,85.139999389648438,27232
2019-12-03,85.209999084472656,85.410003662109375,84,84.260002136230469,30539
2019-12-04,84.400001525878906,85.550003051757812,84.400001525878906,85.430000305175781,8406
2019-12-05,85.550003051757812,86.069999694824219,85.370002746582031,85.370002746582031,16811
2019-12-06,85.599998474121094,86.410003662109375,85.599998474121094,86.410003662109375,24250
2019-12-09,86.419998168945312,86.419998168945312,86,86,29044
2019-12-10,85.75,86.110000610351562,85.19000244140625,86.110000610351562,30218
2019-12-11,86.199996948242188,86.330001831054688,85.900001525878906,86.330001831054688,5473
2019-12-12,86.550003051757812,87.069999694824219,86.099998474121094,86.69000244140625,15189
2019-12-13,87.80999755859375,87.830001831054688,86.980003356933594,87.230003356933594,51680
2019-12-16,87.680000305175781,88.430000305175781,87.639999389648438,88.230003356933594,62892
2019-12-17,88.080001831054688,88.150001525878906,87.760002136230469,87.849998474121094,16380
2019-12-18,87.790000915527344,88.080001831054688,87.769996643066406,87.769996643066406,4709
2019-12-19,87.889999389648438,87.949996948242188,87.540000915527344,87.949996948242188,365725
2019-12-20,87.949996948242188,88.650001525878906,87.900001525878906,88.650001525878906,47594
2019-12-23,88.720001220703125,88.860000610351562,88.400001525878906,88.860000610351562,6100
2019-12-24,88.519996643066406,88.900001525878906,88.519996643066406,88.900001525878906,1495
2019-12-25,88.900001525878906,88.900001525878906,88.900001525878906,88.900001525878906,0
2019-12-27,88.959999084472656,89.319999694824219,88.75,88.94000244140625,9482
2019-12-30,88.900001525878906,88.900001525878906,88.080001831054688,88.080001831054688,2020
2019-12-31,87.860000610351562,88.19000244140625,87.589996337890625,87.949996948242188,11558
2020-01-02,88.580001831054688,89.269996643066406,88.580001831054688,88.989997863769531,17729
2020-01-03,88.480003356933594,89,88.19000244140625,89,20582
2020-01-06,88.470001220703125,88.709999084472656,87.819999694824219,88.669998168945312,10912
2020-01-07,89.010002136230469,89.319999694824219,88.589996337890625,88.69000244140625,15575
2020-01-08,88.269996643066406,88.959999084472656,88.099998474121094,88.959999084472656,2533
2020-01-09,89.510002136230469,89.510002136230469,89.019996643066406,89.040000915527344,8507
2020-01-10,89.519996643066406,89.519996643066406,88.819999694824219,88.989997863769531,10016
2020-01-13,89.120002746582031,89.300003051757812,88.739997863769531,88.949996948242188,13953
2020-01-14,88.910003662109375,89.069999694824219,88.129997253417969,89.069999694824219,9588
2020-01-15,89.160003662109375,89.160003662109375,88.699996948242188,88.910003662109375,14249
2020-01-16,88.980003356933594,89.25,88.790000915527344,89.050003051757812,4025
2020-01-17,89.459999084472656,90.019996643066406,89.459999084472656,89.989997863769531,20833
2020-01-20,89.80999755859375,89.839996337890625,89.5,89.620002746582031,7690
2020-01-21,88.730003356933594,89.150001525878906,88.330001831054688,89.110000610351562,7053
2020-01-22,89.379997253417969,89.470001220703125,88.55999755859375,88.669998168945312,9330
2020-01-23,88.30999755859375,88.790000915527344,87.980003356933594,88.080001831054688,13121
2020-01-24,88.919998168945312,89.430000305175781,88.769996643066406,88.879997253417969,4936
2020-01-27,87.470001220703125,87.629997253417969,86.389999389648438,86.419998168945312,27652
2020-01-28,86.849998474121094,87.519996643066406,86.419998168945312,87.44000244140625,10140
2020-01-29,87.269996643066406,88,87.269996643066406,87.860000610351562,6770
2020-01-30,86.650001525878906,87.019996643066406,86.300003051757812,86.580001831054688,7468
2020-01-31,86.839996337890625,86.839996337890625,85.5,85.550003051757812,45207
2020-02-03,85.830001831054688,86.330001831054688,85.650001525878906,85.980003356933594,8076
2020-02-04,86.459999084472656,87.5,86.459999084472656,87.5,97701
2020-02-05,87.220001220703125,88.510002136230469,87.150001525878906,88.30999755859375,47768
2020-02-06,89.129997253417969,89.129997253417969,88.699996948242188,89.010002136230469,13512
2020-02-07,88.930000305175781,89.139999389648438,88.510002136230469,88.870002746582031,44195
2020-02-10,88.620002746582031,88.69000244140625,88.370002746582031,88.69000244140625,100774
2020-02-11,89.209999084472656,89.360000610351562,88.959999084472656,89.290000915527344,65995
2020-02-12,89.5,89.989997863769531,89.489997863769531,89.989997863769531,2912
2020-02-13,89.620002746582031,89.839996337890625,88.919998168945312,89.839996337890625,3048
2020-02-14,89.739997863769531,89.760002136230469,89.330001831054688,89.470001220703125,7202
2020-02-17,89.569999694824219,89.75,89.470001220703125,89.739997863769531,7657
2020-02-18,89.099998474121094,89.580001831054688,89.069999694824219,89.319999694824219,6700
2020-02-19,89.629997253417969,90.040000915527344,89.580001831054688,90.040000915527344,15263
2020-02-20,89.980003356933594,90.050003051757812,89.430000305175781,89.430000305175781,3174
2020-02-21,88.830001831054688,89.400001525878906,88.419998168945312,88.919998168945312,275150
2020-02-24,86.599998474121094,86.669998168945312,84.959999084472656,85.419998168945312,21684
2020-02-25,85.879997253417969,85.889999389648438,83.639999389648438,83.699996948242188,32772
2020-02-26,83.220001220703125,84.120002746582031,81.5,83.879997253417969,224097
2020-02-27,82.230003356933594,82.669998168945312,79.959999084472656,80.699996948242188,159053
2020-02-28,78.540000915527344,79.230003356933594,77.199996948242188,78.639999389648438,80105
2020-03-02,79.889999389648438,80.099998474121094,76.800003051757812,78.540000915527344,41576
2020-03-03,79.839996337890625,80.94000244140625,79.480003356933594,79.919998168945312,47770
2020-03-04,79.489997863769531,81.120002746582031,79.279998779296875,80.889999389648438,11390
2020-03-05,80.980003356933594,81.199996948242188,78.739997863769531,79.169998168945312,12333
2020-03-06,77.80999755859375,78,75.660003662109375,76.099998474121094,38440
2020-03-09,70.199996948242188,71.879997253417969,69.389999389648438,69.959999084472656,743035
2020-03-10,70.620002746582031,72.839996337890625,68.300003051757812,68.589996337890625,46272
2020-03-11,69.669998168945312,70.419998168945312,68.099998474121094,68.400001525878906,532355
2020-03-12,64.120002746582031,64.779998779296875,59.25,60.650001525878906,82791
2020-03-13,62.830001831054688,65.599998474121094,59.990001678466797,60.979999542236328,96052
2020-03-16,57.430000305175781,59.040000915527344,53.849998474121094,57.520000457763672,85442
2020-03-17,60.069999694824219,60.229999542236328,55.380001068115234,59.189998626708984,49900
2020-03-18,57.459999084472656,57.939998626708984,55,55.479999542236328,39959
2020-03-19,56.580001831054688,58.220001220703125,54.349998474121094,56.75,124214
2020-03-20,60.790000915527344,61.380001068115234,59,59.400001525878906,44026
2020-03-23,56.779998779296875,60.459999084472656,56.599998474121094,58.020000457763672,337304
2020-03-24,60.5,62.509998321533203,59.619998931884766,62.509998321533203,25538
2020-03-25,64.319999694824219,65.980003356933594,62.400001525878906,65.730003356933594,356920
2020-03-26,64.160003662109375,66.900001525878906,63.700000762939453,66.900001525878906,352071
2020-03-27,65.80999755859375,66.169998168945312,63.389999389648438,64.55999755859375,21774
2020-03-30,65.129997253417969,65.129997253417969,62.340000152587891,64.949996948242188,16918
2020-03-31,66.019996643066406,66.220001220703125,63.840000152587891,64.970001220703125,34176
2020-04-01,63.110000610351562,63.189998626708984,62.099998474121094,62.259998321533203,9774
2020-04-02,62.740001678466797,63.209999084472656,61.319999694824219,62.540000915527344,46949
2020-04-03,62.409999847412109,62.409999847412109,61.319999694824219,61.630001068115234,26355
2020-04-06,63.5,64.5,63.25,64.5,40092
2020-04-07,66.44000244140625,67.050003051757812,65,65.510002136230469,28420
2020-04-08,65.129997253417969,65.75,64.209999084472656,65.75,254517
2020-04-09,66.830001831054688,67.300003051757812,65.400001525878906,66.819999694824219,19815
2020-04-14,67.379997253417969,67.720001220703125,66.519996643066406,67.099998474121094,19795
2020-04-15,67.05999755859375,67.05999755859375,64.139999389648438,64.5,32059
2020-04-16,65.040000915527344,65.379997253417969,64.069999694824219,64.379997253417969,16585
2020-04-17,66.470001220703125,67.430000305175781,66.269996643066406,66.629997253417969,50841
2020-04-20,66.879997253417969,66.989997863769531,65.589996337890625,66.989997863769531,34244
2020-04-21,66.220001220703125,66.220001220703125,64.589996337890625,64.589996337890625,13964
2020-04-22,64.779998779296875,65.330001831054688,64.610000610351562,65.230003356933594,325284
2020-04-23,65.769996643066406,66.400001525878906,65,65.900001525878906,22948
2020-04-24,64.879997253417969,65.599998474121094,64.540000915527344,64.930000305175781,37266
2020-04-27,66.220001220703125,66.620002746582031,65.80999755859375,66.620002746582031,23107
2020-04-28,66.620002746582031,68.010002136230469,66.470001220703125,67.569999694824219,14495
2020-04-29,67.830001831054688,69.120002746582031,67.389999389648438,69.029998779296875,19132
2020-04-30,69.430000305175781,69.769996643066406,67.389999389648438,67.410003662109375,20865
2020-05-04,65.529998779296875,65.69000244140625,64.699996948242188,65,35632
2020-05-05,66.19000244140625,66.760002136230469,65.779998779296875,66.580001831054688,18897
2020-05-06,66.389999389648438,66.589996337890625,65.800003051757812,65.870002746582031,17731
2020-05-07,66.120002746582031,66.879997253417969,66.099998474121094,66.849998474121094,8072
2020-05-08,67.44000244140625,67.629997253417969,67.19000244140625,67.589996337890625,9033
2020-05-11,67.790000915527344,67.930000305175781,66.370002746582031,66.839996337890625,31218
2020-05-12,66.699996948242188,67,66.290000915527344,66.580001831054688,10366
2020-05-13,65.709999084472656,65.709999084472656,64.599998474121094,64.610000610351562,12828
2020-05-14,63.939998626708984,64.230003356933594,62.419998168945312,63.639999389648438,59452
2020-05-15,64.5,64.55999755859375,63.360000610351562,63.650001525878906,21194
2020-05-18,64.980003356933594,67.050003051757812,64.80999755859375,67.050003051757812,24051
2020-05-19,67.290000915527344,67.290000915527344,65.879997253417969,66.30999755859375,28124
2020-05-20,66.089996337890625,66.959999084472656,65.55999755859375,66.919998168945312,12248
2020-05-21,66.150001525878906,66.889999389648438,65.959999084472656,66.139999389648438,5841
2020-05-22,65.290000915527344,66.55999755859375,65.139999389648438,66.139999389648438,3890
2020-05-25,66.680000305175781,67.540000915527344,66.319999694824219,67.540000915527344,23719
2020-05-26,68.400001525878906,68.730003356933594,68.05999755859375,68.599998474121094,32538
2020-05-27,68.980003356933594,70.089996337890625,68.739997863769531,69.680000305175781,48488
2020-05-28,70.290000915527344,71.169998168945312,70,71.019996643066406,23027
2020-05-29,70.300003051757812,70.900001525878906,69.860000610351562,69.860000610351562,28290
2020-06-01,71.019996643066406,71.099998474121094,70.400001525878906,70.919998168945312,10924
2020-06-02,71.459999084472656,72.510002136230469,71.410003662109375,72.269996643066406,18714
2020-06-03,73.180000305175781,74.739997863769531,73.120002746582031,74.730003356933594,490694
2020-06-04,74.360000610351562,75.180000305175781,73.910003662109375,74.580001831054688,52898
2020-06-05,75.5,77.30999755859375,75.449996948242188,77.300003051757812,705156
2020-06-08,76.610000610351562,77.5,76.519996643066406,77.069999694824219,240740
2020-06-09,77.419998168945312,77.419998168945312,75.360000610351562,75.790000915527344,144521
2020-06-10,76.5,76.639999389648438,75.099998474121094,75.220001220703125,13828
2020-06-11,73.30999755859375,73.739997863769531,71.75,71.75,266116
2020-06-12,71.050003051757812,73.639999389648438,70.949996948242188,72.040000915527344,208616
2020-06-15,70.169998168945312,72.169998168945312,69.949996948242188,71.80999755859375,166352
2020-06-16,73.480003356933594,74.650001525878906,72.949996948242188,73.849998474121094,187249
2020-06-17,74.099998474121094,74.900001525878906,73.860000610351562,74.419998168945312,48870
2020-06-18,74.160003662109375,74.800003051757812,73.239997863769531,73.860000610351562,44657
2020-06-19,74.300003051757812,75.080001831054688,74.239997863769531,74.239997863769531,20745
2020-06-22,73.330001831054688,74.569999694824219,73.330001831054688,73.779998779296875,66564
2020-06-23,74.209999084472656,75.279998779296875,74.209999084472656,74.819999694824219,42500
2020-06-24,74.470001220703125,74.629997253417969,72.660003662109375,72.660003662109375,17130
2020-06-25,72.339996337890625,73.69000244140625,71.599998474121094,73.370002746582031,37614
2020-06-26,74.19000244140625,74.650001525878906,73.260002136230469,73.30999755859375,18371
2020-06-29,72.919998168945312,74.120002746582031,72.879997253417969,73.889999389648438,7631
2020-06-30,74.019996643066406,74.040000915527344,73.25,73.669998168945312,23098
2020-07-01,73.790000915527344,74,72.5,73.55999755859375,20125
2020-07-02,74.150001525878906,75.699996948242188,74.150001525878906,75.419998168945312,63634
2020-07-03,75.470001220703125,75.5,74.459999084472656,74.849998474121094,71653
2020-07-06,76,76.199996948242188,75.680000305175781,76.019996643066406,22155
2020-07-07,75.589996337890625,75.589996337890625,75.19000244140625,75.580001831054688,9402
2020-07-08,74.919998168945312,75.510002136230469,74.5,74.639999389648438,8503
2020-07-09,75.029998779296875,75.029998779296875,73.599998474121094,73.760002136230469,4759
2020-07-10,73.269996643066406,74.489997863769531,73.19000244140625,74.489997863769531,6816
2020-07-13,75.260002136230469,75.739997863769531,74.949996948242188,75.739997863769531,9909
2020-07-14,74.769996643066406,75.110000610351562,74.300003051757812,75.110000610351562,2576
2020-07-15,75.709999084472656,77.129997253417969,75.620002746582031,76.660003662109375,18787
2020-07-16,76.029998779296875,76.489997863769531,75.790000915527344,76.290000915527344,16916
2020-07-17,76.30999755859375,76.30999755859375,75.720001220703125,76.019996643066406,12520
2020-07-20,75.650001525878906,76.319999694824219,75.230003356933594,76.319999694824219,1461
2020-07-21,76.900001525878906,77.550003051757812,76.470001220703125,76.480003356933594,20463
2020-07-22,76.25,76.25,75.370002746582031,75.510002136230469,208510
2020-07-23,75.949996948242188,76.230003356933594,75.330001831054688,75.459999084472656,212425
2020-07-24,74.569999694824219,74.69000244140625,73.80999755859375,74.209999084472656,14153
2020-07-27,74.25,74.339996337890625,73.919998168945312,74.169998168945312,4650
2020-07-28,73.910003662109375,74.220001220703125,73.410003662109375,73.910003662109375,14985
2020-07-29,74.349998474121094,74.650001525878906,74.330001831054688,74.400001525878906,8196
2020-07-30,74.209999084472656,74.209999084472656,71.980003356933594,72.75,14080
2020-07-31,72.860000610351562,73.319999694824219,71.769996643066406,71.769996643066406,33653
2020-08-03,72.050003051757812,73.44000244140625,71.459999084472656,73.169998168945312,37654
2020-08-04,73.680000305175781,73.680000305175781,72.949996948242188,73.339996337890625,3776
2020-08-05,73.860000610351562,74.209999084472656,73.639999389648438,73.879997253417969,3722
2020-08-06,73.599998474121094,74.25,72.930000305175781,73.220001220703125,7832
2020-08-07,73.199996948242188,73.339996337890625,72.599998474121094,73.319999694824219,306931
2020-08-10,73.580001831054688,73.870002746582031,73.199996948242188,73.620002746582031,2580
2020-08-11,74.44000244140625,75.760002136230469,74.410003662109375,75.370002746582031,21267
2020-08-12,75.180000305175781,76.330001831054688,75.180000305175781,76.080001831054688,7853
2020-08-13,75.919998168945312,76.180000305175781,75.510002136230469,75.610000610351562,6227
2020-08-14,75.110000610351562,75.110000610351562,73.800003051757812,74.419998168945312,9448
2020-08-17,74.779998779296875,74.779998779296875,74.099998474121094,74.540000915527344,9731
2020-08-18,74.099998474121094,74.900001525878906,73.900001525878906,74.019996643066406,1133
2020-08-19,73.849998474121094,74.639999389648438,73.800003051757812,74.639999389648438,2151
2020-08-20,73.589996337890625,74,73.319999694824219,73.650001525878906,151762
2020-08-21,73.830001831054688,73.980003356933594,72.589996337890625,73.430000305175781,2420
2020-08-24,74.389999389648438,75.169998168945312,74.389999389648438,75.129997253417969,15772
2020-08-25,75.739997863769531,76.040000915527344,75.099998474121094,75.099998474121094,43724
2020-08-26,74.650001525878906,75.75,74.639999389648438,75.75,3361
2020-08-27,75.610000610351562,75.69000244140625,75.05999755859375,75.139999389648438,1021
2020-08-28,75.25,75.300003051757812,74.5,75.050003051757812,6831
2020-08-31,75.69000244140625,75.860000610351562,74.150001525878906,74.169998168945312,1580
2020-09-01,74.470001220703125,74.75,73.349998474121094,74.05999755859375,12176
2020-09-02,74.419998168945312,75.879997253417969,74.419998168945312,75.540000915527344,748206
2020-09-03,76.669998168945312,77.050003051757812,74.69000244140625,75.160003662109375,39807
2020-09-04,74.519996643066406,75.980003356933594,73.959999084472656,74.550003051757812,10437
2020-09-07,75.069999694824219,76,74.980003356933594,75.889999389648438,165555
2020-09-08,75.80999755859375,75.889999389648438,74.099998474121094,74.669998168945312,21655
2020-09-09,74.860000610351562,75.900001525878906,74.860000610351562,75.730003356933594,2520354
2020-09-10,75.860000610351562,76.010002136230469,75.379997253417969,75.44000244140625,8169
2020-09-11,75.319999694824219,75.819999694824219,75.209999084472656,75.629997253417969,20919
2020-09-14,76.160003662109375,76.349998474121094,75.620002746582031,75.839996337890625,33668
2020-09-15,75.989997863769531,76.400001525878906,75.620002746582031,76.05999755859375,33852
2020-09-16,76.160003662109375,76.419998168945312,75.599998474121094,76.169998168945312,4397
2020-09-17,75.099998474121094,75.80999755859375,75,75.610000610351562,15631
2020-09-18,75.569999694824219,75.599998474121094,74.669998168945312,74.669998168945312,12276
2020-09-21,74.080001831054688,74.120002746582031,71.760002136230469,72.010002136230469,35951
2020-09-22,72.319999694824219,72.489997863769531,71.75,71.75,28119
2020-09-23,72.379997253417969,73.139999389648438,72.169998168945312,72.169998168945312,6066
2020-09-24,71.370002746582031,72.209999084472656,71.260002136230469,71.529998779296875,38757
2020-09-25,71.269996643066406,71.5,70.199996948242188,71.169998168945312,31939
2020-09-28,72.199996948242188,72.94000244140625,72.19000244140625,72.900001525878906,13554
2020-09-29,72.639999389648438,72.959999084472656,72.44000244140625,72.720001220703125,44075
2020-09-30,72.339996337890625,73.010002136230469,72.099998474121094,72.400001525878906,5307
2020-10-01,73.180000305175781,73.339996337890625,72.400001525878906,72.610000610351562,7974
2020-10-02,71.699996948242188,72.589996337890625,71.629997253417969,72.589996337890625,18971
2020-10-05,73.300003051757812,73.400001525878906,72.910003662109375,73.279998779296875,5627
2020-10-06,73.419998168945312,74.050003051757812,73,73.660003662109375,90680
2020-10-07,73.720001220703125,73.900001525878906,73.269996643066406,73.44000244140625,12105
2020-10-08,73.989997863769531,74.239997863769531,73.389999389648438,73.980003356933594,17085
2020-10-09,74.379997253417969,74.55999755859375,74.029998779296875,74.400001525878906,5244
2020-10-12,74.519996643066406,75.260002136230469,74.419998168945312,75,6638
2020-10-13,74.80999755859375,74.830001831054688,74.209999084472656,74.419998168945312,17582
2020-10-14,74.419998168945312,74.730003356933594,74.199996948242188,74.360000610351562,4942
2020-10-15,73.400001525878906,73.400001525878906,72.419998168945312,72.819999694824219,9177
2020-10-16,73.870002746582031,74.599998474121094,73.480003356933594,74.389999389648438,23626
2020-10-19,74.989997863769531,75.069999694824219,74.129997253417969,74.30999755859375,2122
2020-10-20,74.160003662109375,74.739997863769531,73.849998474121094,74.180000305175781,18128
2020-10-21,74.239997863769531,74.239997863769531,73,73.069999694824219,10981
2020-10-22,72.400001525878906,73.319999694824219,72,73.139999389648438,7620
2020-10-23,73.150001525878906,74.239997863769531,73.150001525878906,73.919998168945312,2044
2020-10-26,72.889999389648438,73.639999389648438,72.459999084472656,72.459999084472656,8277
2020-10-27,72.239997863769531,72.239997863769531,71.089996337890625,71.209999084472656,8000
2020-10-28,69.709999084472656,69.709999084472656,68.110000610351562,68.800003051757812,47058
2020-10-29,69.099998474121094,69.30999755859375,67.879997253417969,68.839996337890625,20126
2020-10-30,68.279998779296875,69.220001220703125,68.099998474121094,69.209999084472656,19047
2020-11-02,69.209999084472656,70.860000610351562,68.930000305175781,70.650001525878906,13937
2020-11-03,71.379997253417969,72.419998168945312,71.379997253417969,72.379997253417969,17026
2020-11-04,71.360000610351562,74.160003662109375,71.360000610351562,74.160003662109375,52847
2020-11-05,74.709999084472656,75.19000244140625,74.379997253417969,75.05999755859375,31338
2020-11-06,74.930000305175781,75.199996948242188,73.949996948242188,74.839996337890625,30242
2020-11-09,75.519996643066406,81.010002136230469,75.519996643066406,80.19000244140625,143385
2020-11-10,80.550003051757812,81.800003051757812,80.19000244140625,81.510002136230469,66643
2020-11-11,81.949996948242188,82.160003662109375,81.319999694824219,81.889999389648438,10861
2020-11-12,81.160003662109375,81.489997863769531,80.410003662109375,80.629997253417969,17690
2020-11-13,80.44000244140625,81.319999694824219,80.44000244140625,80.910003662109375,22647
2020-11-16,81.669998168945312,82.980003356933594,81.330001831054688,82.370002746582031,107685
2020-11-17,82.339996337890625,82.459999084472656,81.839996337890625,82.459999084472656,43816
2020-11-18,82.099998474121094,82.959999084472656,81.919998168945312,82.839996337890625,27089
2020-11-19,82.379997253417969,82.459999084472656,82,82.30999755859375,22441
2020-11-20,82.480003356933594,83.010002136230469,82.419998168945312,82.599998474121094,5475
2020-11-23,83.260002136230469,83.5,82.660003662109375,82.660003662109375,31178
2020-11-24,83.410003662109375,83.800003051757812,83.319999694824219,83.519996643066406,11473
2020-11-25,83.970001220703125,84,83.330001831054688,83.709999084472656,23868
2020-11-26,83.889999389648438,83.889999389648438,83.550003051757812,83.709999084472656,2473
2020-11-27,83.550003051757812,84.330001831054688,83.550003051757812,84.160003662109375,59352
2020-11-30,83.580001831054688,84.160003662109375,82.94000244140625,82.94000244140625,9117
2020-12-01,83.449996948242188,84.019996643066406,83.150001525878906,83.959999084472656,31305
2020-12-02,83.709999084472656,83.989997863769531,83.459999084472656,83.919998168945312,14455
2020-12-03,83.860000610351562,83.860000610351562,83.410003662109375,83.849998474121094,5854
2020-12-04,83.94000244140625,84.349998474121094,83.94000244140625,84.339996337890625,5304
2020-12-07,84.080001831054688,84.080001831054688,83.300003051757812,83.839996337890625,1634
2020-12-08,83.569999694824219,83.839996337890625,83.069999694824219,83.589996337890625,8662
2020-12-09,84.019996643066406,84.239997863769531,83.449996948242188,83.459999084472656,9130
2020-12-10,83.660003662109375,83.849998474121094,82.980003356933594,83.599998474121094,21168
2020-12-11,83.089996337890625,83.160003662109375,82.239997863769531,82.790000915527344,27174
2020-12-14,83.629997253417969,83.870002746582031,83.160003662109375,83.160003662109375,3410
2020-12-15,83.19000244140625,83.739997863769531,83.19000244140625,83.220001220703125,1035
2020-12-16,83.620002746582031,84.139999389648438,82.94000244140625,83.5,20049
2020-12-17,84.040000915527344,84.040000915527344,83.449996948242188,83.449996948242188,3365
2020-12-18,83.360000610351562,83.949996948242188,83.050003051757812,83.139999389648438,14107
2020-12-21,81.089996337890625,81.489997863769531,80,81.349998474121094,232314
2020-12-22,81.709999084472656,82.389999389648438,81.709999084472656,82.360000610351562,8773
2020-12-23,82.480003356933594,83.330001831054688,82,83.25,68117
2020-12-24,83.419998168945312,83.550003051757812,82.930000305175781,83.139999389648438,32892
2020-12-28,83.849998474121094,84.290000915527344,83.410003662109375,84.160003662109375,20640
2020-12-29,84.44000244140625,84.680000305175781,84.319999694824219,84.449996948242188,20668
2020-12-30,84.489997863769531,84.699996948242188,84.300003051757812,84.339996337890625,3829
2020-12-31,83.900001525878906,84.379997253417969,83.69000244140625,83.69000244140625,2178
2021-01-04,84.870002746582031,85.30999755859375,84,84.379997253417969,26873
2021-01-05,84.110000610351562,84.599998474121094,83.449996948242188,83.889999389648438,6456
2021-01-06,84.489997863769531,85.209999084472656,83.849998474121094,84.970001220703125,46318
2021-01-07,85.389999389648438,85.75,84.919998168945312,85.540000915527344,45692
2021-01-08,86.25,86.25,85.709999084472656,86.010002136230469,3478
2021-01-11,85.860000610351562,86,84.910003662109375,85.430000305175781,29574
2021-01-12,85.580001831054688,85.589996337890625,85.040000915527344,85.25,6427
2021-01-13,85.339996337890625,85.669998168945312,85.160003662109375,85.489997863769531,44984
2021-01-14,85.419998168945312,85.830001831054688,85.319999694824219,85.760002136230469,7437
2021-01-15,85.180000305175781,85.389999389648438,83.930000305175781,84.669998168945312,99478
2021-01-18,84.430000305175781,84.849998474121094,84.300003051757812,84.80999755859375,8319
2021-01-19,85.120002746582031,85.129997253417969,84.430000305175781,84.550003051757812,5127
2021-01-20,84.660003662109375,85.139999389648438,84.610000610351562,85.010002136230469,426199
2021-01-21,85.529998779296875,85.550003051757812,84.349998474121094,84.430000305175781,83657
2021-01-22,84.169998168945312,84.169998168945312,83.160003662109375,83.860000610351562,6804
2021-01-25,84.069999694824219,84.069999694824219,82.269996643066406,82.669998168945312,8892
2021-01-26,82.569999694824219,83.800003051757812,82.480003356933594,83.419998168945312,57263
2021-01-27,83.120002746582031,83.650001525878906,81.459999084472656,82.419998168945312,73437
2021-01-28,81.639999389648438,83.290000915527344,81.129997253417969,83.110000610351562,6273
2021-01-29,81.860000610351562,82.580001831054688,81.400001525878906,81.400001525878906,5966
2021-02-01,82.050003051757812,82.699996948242188,82,82.360000610351562,437373
2021-02-02,83.209999084472656,84.069999694824219,83.139999389648438,83.879997253417969,425692
2021-02-03,84.769996643066406,84.769996643066406,83.779998779296875,83.930000305175781,10322
2021-02-04,84.089996337890625,84.639999389648438,83.980003356933594,84.510002136230469,8461
2021-02-05,84.860000610351562,85.540000915527344,84.860000610351562,85.360000610351562,5651
2021-02-08,85.739997863769531,86.099998474121094,85.610000610351562,85.769996643066406,11845
2021-02-09,85.830001831054688,85.860000610351562,85.55999755859375,85.790000915527344,5326
2021-02-10,86.150001525878906,86.150001525878906,85.120002746582031,85.480003356933594,6050
2021-02-11,85.620002746582031,85.629997253417969,85.25,85.459999084472656,12853
2021-02-12,85.19000244140625,85.980003356933594,84.839996337890625,85.980003356933594,5872
2021-02-15,86.650001525878906,87.379997253417969,86.519996643066406,87.199996948242188,4114
2021-02-16,87.290000915527344,87.330001831054688,86.949996948242188,87.19000244140625,1683
2021-02-17,86.720001220703125,87.169998168945312,86.660003662109375,86.879997253417969,5288
2021-02-18,86.860000610351562,87,86.150001525878906,86.30999755859375,2598
2021-02-19,86.470001220703125,87.099998474121094,86.400001525878906,86.980003356933594,26303
2021-02-22,86.370002746582031,86.980003356933594,85.870002746582031,86.819999694824219,14546
2021-02-23,87.199996948242188,87.379997253417969,86.260002136230469,87,10963
2021-02-24,87.150001525878906,87.400001525878906,86.800003051757812,87.319999694824219,1212
2021-02-25,87.699996948242188,87.879997253417969,87.010002136230469,87.010002136230469,4711
2021-02-26,85.800003051757812,86.879997253417969,85.769996643066406,85.870002746582031,12680
2021-03-01,87.129997253417969,87.360000610351562,86.879997253417969,87.260002136230469,7167
2021-03-02,87.089996337890625,87.849998474121094,87,87.510002136230469,8225
2021-03-03,88,88.319999694824219,87.319999694824219,87.839996337890625,9318
2021-03-04,87.55999755859375,87.879997253417969,87.360000610351562,87.879997253417969,7943
2021-03-05,87.220001220703125,87.94000244140625,86.709999084472656,87.139999389648438,6675
2021-03-08,87.540000915527344,89.050003051757812,87.389999389648438,88.989997863769531,7878
2021-03-09,88.910003662109375,89.400001525878906,88.779998779296875,89.260002136230469,6187
2021-03-10,89.139999389648438,90.25,89.139999389648438,90.239997863769531,7136
2021-03-11,90.620002746582031,90.910003662109375,90.330001831054688,90.910003662109375,9173
2021-03-12,90.730003356933594,91.05999755859375,90.599998474121094,91.05999755859375,13810
2021-03-15,91.430000305175781,91.69000244140625,90.610000610351562,90.889999389648438,12065
2021-03-16,91.160003662109375,91.279998779296875,90.919998168945312,91.169998168945312,5208
2021-03-17,91.150001525878906,91.279998779296875,90.949996948242188,91.260002136230469,5509
2021-03-18,91.550003051757812,91.580001831054688,91.089996337890625,91.319999694824219,2696
2021-03-19,90.610000610351562,91,90.110000610351562,90.370002746582031,3030
2021-03-22,89.550003051757812,90.110000610351562,89.489997863769531,89.930000305175781,8038
2021-03-23,89.430000305175781,89.819999694824219,89.199996948242188,89.480003356933594,2752
2021-03-24,88.760002136230469,89.580001831054688,88.69000244140625,89.529998779296875,2479
2021-03-25,89.099998474121094,89.730003356933594,88.800003051757812,89.730003356933594,5133
2021-03-26,90.260002136230469,90.5,89.900001525878906,90.330001831054688,7898
2021-03-29,90.489997863769531,90.860000610351562,90.230003356933594,90.720001220703125,6261
2021-03-30,91.169998168945312,91.870002746582031,91.029998779296875,91.790000915527344,23373
2021-03-31,91.709999084472656,91.849998474121094,91.370002746582031,91.44000244140625,4035
2021-04-01,91.5,92,91.44000244140625,91.980003356933594,7617
2021-04-06,92.790000915527344,92.790000915527344,92.30999755859375,92.430000305175781,12610
2021-04-07,92.349998474121094,92.720001220703125,92.220001220703125,92.410003662109375,4340
2021-04-08,92.739997863769531,93.050003051757812,92.599998474121094,92.900001525878906,6256
2021-04-09,92.910003662109375,93.260002136230469,92.830001831054688,92.989997863769531,6124
2021-04-12,92.760002136230469,93.160003662109375,92.760002136230469,92.910003662109375,9361
2021-04-13,93.050003051757812,93.330001831054688,92.849998474121094,93.220001220703125,126937
2021-04-14,93.55999755859375,93.669998168945312,93.370002746582031,93.589996337890625,19061
2021-04-15,93.669998168945312,94.040000915527344,93.589996337890625,93.919998168945312,8798
2021-04-16,94,94.930000305175781,94,94.790000915527344,15862
2021-04-19,94.860000610351562,95.199996948242188,94.839996337890625,94.910003662109375,14319
2021-04-20,94.720001220703125,94.769996643066406,92.889999389648438,93.029998779296875,26191
2021-04-21,93.370002746582031,93.949996948242188,93.220001220703125,93.779998779296875,176610
2021-04-22,94.080001831054688,94.680000305175781,94.080001831054688,94.620002746582031,6077
2021-04-23,94.519996643066406,94.779998779296875,94.050003051757812,94.430000305175781,5118
2021-04-26,94.25,94.870002746582031,94.180000305175781,94.720001220703125,103299
2021-04-27,94.769996643066406,94.900001525878906,94.5,94.680000305175781,2199
2021-04-28,95.029998779296875,95.44000244140625,94.900001525878906,95.279998779296875,10759
2021-04-29,95.650001525878906,95.879997253417969,95,95.110000610351562,18511
2021-04-30,95.389999389648438,95.400001525878906,94.569999694824219,94.569999694824219,138986
2021-05-03,94.860000610351562,95.370002746582031,94.480003356933594,95.260002136230469,2224
2021-05-04,95.5,96.05999755859375,94.279998779296875,94.400001525878906,7974
2021-05-05,95.080001831054688,96.019996643066406,95.050003051757812,96.019996643066406,158703
2021-05-06,96.44000244140625,96.550003051757812,95.769996643066406,96.25,7809
2021-05-07,96.849998474121094,96.860000610351562,96.360000610351562,96.860000610351562,6905
2021-05-10,97.199996948242188,97.199996948242188,96.819999694824219,97.110000610351562,3756
2021-05-11,96.05999755859375,96.05999755859375,94.699996948242188,95.199996948242188,18984
2021-05-12,95.330001831054688,95.629997253417969,95,95.470001220703125,8598
2021-05-13,94.339996337890625,95.879997253417969,93.550003051757812,95.620002746582031,8452
2021-05-14,96.199996948242188,97.069999694824219,95.900001525878906,97.05999755859375,9611
2021-05-17,97.400001525878906,97.5,96.639999389648438,96.900001525878906,38470
2021-05-18,97.540000915527344,97.629997253417969,96.709999084472656,96.830001831054688,14103
2021-05-19,95.69000244140625,96.129997253417969,94.400001525878906,95.300003051757812,11189
2021-05-20,95.989997863769531,96.629997253417969,95.510002136230469,96.629997253417969,14974
2021-05-21,96.970001220703125,97.44000244140625,96.800003051757812,97.44000244140625,11296
2021-05-24,97.540000915527344,97.800003051757812,97.419998168945312,97.800003051757812,5149
2021-05-25,97.94000244140625,98,97.519996643066406,97.519996643066406,11854
2021-05-26,97.819999694824219,97.879997253417969,97.349998474121094,97.580001831054688,7643
2021-05-27,97.629997253417969,98.699996948242188,97.629997253417969,98.180000305175781,44963
2021-05-28,98.540000915527344,99.169998168945312,98.540000915527344,99.029998779296875,13196
2021-05-31,99.089996337890625,99.220001220703125,98.489997863769531,98.489997863769531,3060
2021-06-01,98.980003356933594,99.639999389648438,98.769996643066406,99.129997253417969,8701
2021-06-02,99.400001525878906,99.629997253417969,99.099998474121094,99.610000610351562,25165
2021-06-03,99.629997253417969,99.639999389648438,98.970001220703125,99.459999084472656,4469
2021-06-04,99.550003051757812,99.620002746582031,99.330001831054688,99.599998474121094,5901
2021-06-07,99.470001220703125,100.23999786376953,99.230003356933594,100.08000183105469,3757
2021-06-08,100.09999847412109,100.5,100.04000091552734,100.18000030517578,4860
2021-06-09,100.31999969482422,100.41999816894531,99.970001220703125,100.31999969482422,5203
2021-06-10,100.33999633789062,100.37999725341797,99.900001525878906,100.09999847412109,9360
2021-06-11,100.13999938964844,101.08000183105469,100.13999938964844,100.98000335693359,14267
2021-06-14,101.51999664306641,101.62000274658203,100.94000244140625,101.19999694824219,7989
2021-06-15,101.55999755859375,101.86000061035156,101.55999755859375,101.62000274658203,66238
2021-06-16,101.94000244140625,101.94000244140625,101.54000091552734,101.80000305175781,7444
2021-06-17,101.69999694824219,102.09999847412109,101.45999908447266,102.04000091552734,3810
2021-06-18,101.98000335693359,102.36000061035156,100.36000061035156,100.45999908447266,35047
2021-06-21,99.75,101.08000183105469,99.650001525878906,101.05999755859375,4451
2021-06-22,101.12000274658203,101.30000305175781,100.77999877929688,101.16000366210938,74935
2021-06-23,101.30000305175781,101.30000305175781,100.27999877929688,100.27999877929688,10293
2021-06-24,100.76000213623047,101.69999694824219,100.73999786376953,101.62000274658203,4692
2021-06-25,101.68000030517578,101.76000213623047,101.26000213623047,101.5,1975
2021-06-28,101.36000061035156,101.59999847412109,100.48000335693359,100.48000335693359,33198
2021-06-29,100.69999694824219,101.13999938964844,100.59999847412109,100.68000030517578,1167
2021-06-30,100.66000366210938,100.66000366210938,99.160003662109375,99.760002136230469,5917
2021-07-01,100.58000183105469,100.95999908447266,99.680000305175781,100.44000244140625,6509
2021-07-02,100.40000152587891,100.81999969482422,100.13999938964844,100.40000152587891,104395
2021-07-05,100.23999786376953,100.80000305175781,99.900001525878906,100.62000274658203,3260
2021-07-06,100.09999847412109,100.51999664306641,99.349998474121094,99.699996948242188,223702
2021-07-07,100.08000183105469,100.13999938964844,99.610000610351562,100.05999755859375,44522
2021-07-08,99.029998779296875,99.05999755859375,97.349998474121094,97.94000244140625,9069
2021-07-09,98.610000610351562,100.12000274658203,98.610000610351562,100.12000274658203,6309
2021-07-12,100,100.62000274658203,99.349998474121094,100.51999664306641,5467
2021-07-13,100.48000335693359,100.58000183105469,100.12000274658203,100.40000152587891,22094
2021-07-14,100.13999938964844,100.5,100.12000274658203,100.41999816894531,1158
2021-07-15,100.05999755859375,100.37999725341797,99.199996948242188,99.489997863769531,4291
2021-07-16,99.650001525878906,99.94000244140625,98.389999389648438,98.949996948242188,5517
2021-07-19,97.930000305175781,97.930000305175781,95.800003051757812,96.370002746582031,8743
2021-07-20,97.180000305175781,97.819999694824219,96.599998474121094,97.25,11087
2021-07-21,98,99.139999389648438,97.779998779296875,99.080001831054688,11980
2021-07-22,99.480003356933594,99.949996948242188,99.290000915527344,99.339996337890625,2015
2021-07-23,99.900001525878906,100.69999694824219,99.860000610351562,100.68000030517578,102859
2021-07-26,100.31999969482422,100.87999725341797,99.949996948242188,100.76000213623047,4028
2021-07-27,100.45999908447266,100.66000366210938,99.970001220703125,100.09999847412109,2508
2021-07-28,100.22000122070312,101.27999877929688,100.22000122070312,101.27999877929688,2908
2021-07-29,101.87999725341797,102.09999847412109,101.68000030517578,101.68000030517578,8431
2021-07-30,101.33999633789062,101.76000213623047,101.09999847412109,101.23999786376953,11861
2021-08-02,102.12000274658203,102.5,101.87999725341797,102.30000305175781,2872
2021-08-03,102.62000274658203,103.40000152587891,102.5,103.05999755859375,47789
2021-08-04,103.48000335693359,103.69999694824219,103.13999938964844,103.37999725341797,83844
2021-08-05,103.45999908447266,104,103.45999908447266,103.90000152587891,11354
2021-08-06,103.86000061035156,104.69999694824219,103.63999938964844,104.5,4812
2021-08-09,104.63999938964844,104.63999938964844,104.31999969482422,104.37999725341797,1636
2021-08-10,104.59999847412109,104.68000030517578,104.36000061035156,104.5,3143
2021-08-11,104.77999877929688,105.18000030517578,104.54000091552734,105.04000091552734,1400
2021-08-12,105.04000091552734,105.54000091552734,105.04000091552734,105.5,2960
2021-08-13,105.62000274658203,105.83999633789062,105.51999664306641,105.66000366210938,4782
2021-08-16,104.83999633789062,105.18000030517578,104.48000335693359,104.80000305175781,9834
2021-08-17,104.31999969482422,104.58000183105469,104.04000091552734,104.5,3995
2021-08-18,104.59999847412109,104.59999847412109,103.62000274658203,103.69999694824219,1094
2021-08-19,101.80000305175781,101.81999969482422,100.55999755859375,101.19999694824219,22889
2021-08-20,101.33999633789062,101.62000274658203,100.69999694824219,101.55999755859375,5494
2021-08-23,102.51999664306641,102.59999847412109,102.05999755859375,102.48000335693359,4545
2021-08-24,102.90000152587891,102.94000244140625,101.69999694824219,102.13999938964844,38489
2021-08-25,102.40000152587891,102.44000244140625,102.18000030517578,102.36000061035156,5135
2021-08-26,101.73999786376953,102.18000030517578,101.5,102.18000030517578,5950
2021-08-27,101.91999816894531,102.41999816894531,101.81999969482422,102.41999816894531,11085
2021-08-30,102.40000152587891,102.63999938964844,102.36000061035156,102.44000244140625,55968
2021-08-31,102.54000091552734,102.80000305175781,101.94000244140625,102.27999877929688,53936
2021-09-01,103.26000213623047,103.90000152587891,103.23999786376953,103.58000183105469,6949
2021-09-02,103.48000335693359,103.80000305175781,103.48000335693359,103.62000274658203,4537
2021-09-03,103.33999633789062,103.40000152587891,102.19999694824219,102.51999664306641,1685
2021-09-06,102.77999877929688,103.51999664306641,102.77999877929688,103.33999633789062,1723
2021-09-07,103.22000122070312,103.36000061035156,103,103.04000091552734,1862
2021-09-08,102.16000366210938,102.83999633789062,101.58000183105469,102.13999938964844,5162
2021-09-09,101.37999725341797,102.59999847412109,101.19999694824219,102.36000061035156,3085
2021-09-10,102.69999694824219,102.91999816894531,101.90000152587891,102.05999755859375,5569
2021-09-13,102.58000183105469,102.94000244140625,102.19999694824219,102.30000305175781,2337
2021-09-14,101.95999908447266,102.26000213623047,101.31999969482422,101.94000244140625,21331
2021-09-15,101.76000213623047,101.94000244140625,100.80000305175781,100.83999633789062,17198
2021-09-16,101.45999908447266,102.04000091552734,101.37999725341797,101.44000244140625,9162
2021-09-17,102.36000061035156,102.48000335693359,100.36000061035156,100.51999664306641,2214
2021-09-20,98.839996337890625,99.089996337890625,97.870002746582031,98.839996337890625,16940
2021-09-21,99.860000610351562,100.5,99.580001831054688,100.36000061035156,10213
2021-09-22,101.45999908447266,101.73999786376953,101.16000366210938,101.68000030517578,4707
2021-09-23,102.45999908447266,103,102.23999786376953,102.76000213623047,14832
2021-09-24,102.09999847412109,102.13999938964844,101.55999755859375,101.77999877929688,509328
2021-09-27,102.45999908447266,102.48000335693359,101.90000152587891,101.91999816894531,4497
2021-09-28,101.83999633789062,101.83999633789062,99.650001525878906,99.769996643066406,24511
2021-09-29,100.44000244140625,101.05999755859375,100.44000244140625,100.66000366210938,6309
2021-09-30,101.44000244140625,101.51999664306641,100,100.05999755859375,45434
2021-10-01,98.599998474121094,100.30000305175781,98.400001525878906,100.01999664306641,26508
2021-10-04,99.349998474121094,100.40000152587891,99.050003051757812,99.419998168945312,4659
2021-10-05,99.580001831054688,100.94000244140625,99.569999694824219,100.94000244140625,15532
2021-10-06,99.769996643066406,99.839996337890625,98.599998474121094,99.699996948242188,6969
2021-10-07,100.94000244140625,101.5,100.48000335693359,101.26000213623047,9295
2021-10-08,101.48000335693359,101.48000335693359,100.66000366210938,100.66000366210938,88233
2021-10-11,100.5,100.80000305175781,100.13999938964844,100.80000305175781,1233
2021-10-12,99.629997253417969,100.48000335693359,99.629997253417969,100.48000335693359,46906
2021-10-13,100.16000366210938,101.33999633789062,99.930000305175781,101.26000213623047,7499
2021-10-14,101.76000213623047,102.69999694824219,101.62000274658203,102.63999938964844,11003
2021-10-15,102.98000335693359,103.48000335693359,102.86000061035156,103.19999694824219,7016
2021-10-18,102.63999938964844,102.63999938964844,102,102.37999725341797,9336
2021-10-19,102.58000183105469,102.58000183105469,102.12000274658203,102.33999633789062,56828
2021-10-20,102.08000183105469,103.04000091552734,102.08000183105469,102.94000244140625,1882
2021-10-21,102.33999633789062,102.76000213623047,102.33999633789062,102.66000366210938,1152
2021-10-22,103.09999847412109,103.72000122070312,103.09999847412109,103.37999725341797,4085
2021-10-25,103.31999969482422,103.31999969482422,102.95999908447266,103.01999664306641,2436
2021-10-26,103.27999877929688,103.91999816894531,103,103.87999725341797,17346
2021-10-27,103.94000244140625,103.94000244140625,103.33999633789062,103.68000030517578,2374
2021-10-28,103.76000213623047,104.36000061035156,103.68000030517578,104.36000061035156,3600
2021-10-29,103.86000061035156,104.80000305175781,103.59999847412109,104.80000305175781,14932
2021-11-01,105.33999633789062,106.04000091552734,105.33999633789062,105.77999877929688,5841
2021-11-02,105.66000366210938,106.36000061035156,105.66000366210938,106.31999969482422,3091
2021-11-03,106.36000061035156,106.73999786376953,106.18000030517578,106.69999694824219,4659
2021-11-04,107.09999847412109,107.26000213623047,106.83999633789062,107.26000213623047,5938
2021-11-05,107.33999633789062,108.41999816894531,107.33999633789062,108.09999847412109,69695
2021-11-08,108.22000122070312,108.45999908447266,108.05999755859375,108.22000122070312,5769
2021-11-09,107.77999877929688,108.62000274658203,107.77999877929688,108.05999755859375,147084
2021-11-10,108.22000122070312,108.30000305175781,107.69999694824219,108.19999694824219,15253
2021-11-11,108.01999664306641,108.59999847412109,107.95999908447266,108.37999725341797,8733
2021-11-12,108.66000366210938,108.94000244140625,108.37999725341797,108.94000244140625,1933
2021-11-15,109.09999847412109,109.58000183105469,108.83999633789062,109.45999908447266,67052
2021-11-16,109.90000152587891,110.01999664306641,109.62000274658203,109.87999725341797,19095
2021-11-17,109.91999816894531,110.04000091552734,109.76000213623047,109.94000244140625,11197
2021-11-18,109.86000061035156,110.27999877929688,109.66000366210938,109.68000030517578,1722
2021-11-19,110.23999786376953,110.31999969482422,108.59999847412109,109.23999786376953,7636
2021-11-22,109.5,109.68000030517578,108.87999725341797,109.12000274658203,12613
2021-11-23,108.30000305175781,109.22000122070312,107.5,108.18000030517578,8423
2021-11-24,108.5,108.68000030517578,107.22000122070312,108.13999938964844,7713
2021-11-25,108.69999694824219,108.69999694824219,108.22000122070312,108.63999938964844,1916
2021-11-26,104.16000366210938,105.30000305175781,103.36000061035156,103.36000061035156,31037
2021-11-29,104.83999633789062,105.01999664306641,103.87999725341797,104.04000091552734,15369
2021-11-30,102.94000244140625,104.05999755859375,102.23999786376953,103.23999786376953,22250
2021-12-01,104.27999877929688,106,103.77999877929688,105.76000213623047,10167
2021-12-02,104.51999664306641,105.08000183105469,103.86000061035156,104.44000244140625,14984
2021-12-03,105.44000244140625,105.44000244140625,103.33999633789062,103.83999633789062,18847
2021-12-06,104.63999938964844,105.77999877929688,104.19999694824219,105.5,17505
2021-12-07,106.80000305175781,108.54000091552734,106.66000366210938,108.54000091552734,12789
2021-12-08,108.68000030517578,109.04000091552734,107.76000213623047,107.76000213623047,14300
2021-12-09,108.01999664306641,108.12000274658203,107.30000305175781,107.59999847412109,1635
2021-12-10,107.19999694824219,107.90000152587891,107.04000091552734,107.37999725341797,20887
2021-12-13,107.37999725341797,107.94000244140625,106.54000091552734,106.72000122070312,8791
2021-12-14,107.31999969482422,107.44000244140625,105.90000152587891,105.98000335693359,10087
2021-12-15,106.58000183105469,106.81999969482422,106.23999786376953,106.44000244140625,5387
2021-12-16,108.09999847412109,108.36000061035156,107.40000152587891,107.76000213623047,2744
2021-12-17,107.48000335693359,107.48000335693359,105.83999633789062,106.30000305175781,6842
2021-12-20,104.18000030517578,105.62000274658203,103.77999877929688,105.59999847412109,13000
2021-12-21,106.54000091552734,107.13999938964844,105.87999725341797,107.09999847412109,13121
2021-12-22,107.40000152587891,108.51999664306641,107.05999755859375,108.51999664306641,76047
2021-12-23,108.94000244140625,109.59999847412109,108.51999664306641,109.41999816894531,9305
2021-12-24,109.27999877929688,109.59999847412109,109,109.30000305175781,3549
2021-12-27,108.76000213623047,109.94000244140625,108.55999755859375,109.86000061035156,5452
2021-12-28,109.95999908447266,110.58000183105469,109.94000244140625,110.58000183105469,5082
2021-12-29,110.5,110.81999969482422,109.95999908447266,110.22000122070312,11050
2021-12-30,110.12000274658203,110.62000274658203,110.12000274658203,110.33999633789062,15656
2021-12-31,110.13999938964844,110.30000305175781,109.81999969482422,110.18000030517578,690
2022-01-03,110.98000335693359,111.51999664306641,110.72000122070312,111.13999938964844,6110
2022-01-04,111.69999694824219,112.86000061035156,111.62000274658203,112.66000366210938,10153
2022-01-05,112.76000213623047,113.68000030517578,112.59999847412109,113.62000274658203,6345
2022-01-06,112.36000061035156,112.59999847412109,111.54000091552734,111.66000366210938,5280
2022-01-07,111.58000183105469,111.80000305175781,110.58000183105469,111.12000274658203,17641
2022-01-10,111.48000335693359,111.48000335693359,109.41999816894531,109.58000183105469,21521
2022-01-11,110.76000213623047,111.19999694824219,110.31999969482422,110.55999755859375,6281
2022-01-12,111.37999725341797,111.51999664306641,110.59999847412109,111.36000061035156,3875
2022-01-13,111.01999664306641,111.16000366210938,110.37999725341797,110.87999725341797,3577
2022-01-14,109.76000213623047,110.36000061035156,109.63999938964844,109.94000244140625,5620
2022-01-17,110.37999725341797,111.05999755859375,110.09999847412109,110.90000152587891,9337
2022-01-18,110.30000305175781,110.30000305175781,109.26000213623047,109.66000366210938,104996
2022-01-19,109.51999664306641,110.90000152587891,109.51999664306641,110.26000213623047,10282
2022-01-20,110.5,110.72000122070312,109.59999847412109,110.68000030517578,5491
2022-01-21,109.27999877929688,109.48000335693359,107.87999725341797,108.59999847412109,14830
2022-01-24,108.13999938964844,108.69999694824219,103.95999908447266,104.31999969482422,19464
2022-01-25,105.40000152587891,105.95999908447266,104.26000213623047,105.16000366210938,54159
2022-01-26,106.45999908447266,108.01999664306641,106.45999908447266,107.5,18119
2022-01-27,105.91999816894531,108.36000061035156,105.91999816894531,108,22087
2022-01-28,108.18000030517578,108.18000030517578,105.30000305175781,107.16000366210938,53252
2022-01-31,107.83999633789062,108.37999725341797,106.76000213623047,107.68000030517578,23036
2022-02-01,108.73999786376953,109.45999908447266,108.40000152587891,109.41999816894531,294090
2022-02-02,109.76000213623047,110.18000030517578,109.59999847412109,109.68000030517578,11933
2022-02-03,109.77999877929688,109.77999877929688,107.94000244140625,107.94000244140625,5871
2022-02-04,108.59999847412109,108.83999633789062,106.62000274658203,107.01999664306641,18277
2022-02-07,107.72000122070312,108.19999694824219,106.72000122070312,107.94000244140625,9242
2022-02-08,108.01999664306641,109.01999664306641,107.90000152587891,108.30000305175781,16107
2022-02-09,109.30000305175781,110.05999755859375,109.23999786376953,109.83999633789062,7493
2022-02-10,110.13999938964844,110.40000152587891,108.83999633789062,109.45999908447266,140641
2022-02-11,108.59999847412109,109.01999664306641,107.83999633789062,108.04000091552734,13667
2022-02-14,105.33999633789062,105.90000152587891,104.16000366210938,105.55999755859375,66515
2022-02-15,105.68000030517578,107.72000122070312,105.68000030517578,107.72000122070312,11660
2022-02-16,107.87999725341797,108.37999725341797,106.87999725341797,107.36000061035156,8665
2022-02-17,107.98000335693359,108.05999755859375,106.5,107.04000091552734,15149
2022-02-18,107.18000030517578,107.73999786376953,106.09999847412109,106.59999847412109,9514
2022-02-21,107.18000030517578,107.30000305175781,103.83999633789062,104.31999969482422,36141
2022-02-22,102.69999694824219,105.23999786376953,102.19999694824219,104.62000274658203,47099
2022-02-23,105.09999847412109,106.30000305175781,104.37999725341797,104.63999938964844,432618
2022-02-24,100.31999969482422,102.08000183105469,99.169998168945312,100.59999847412109,131214
2022-02-25,101.63999938964844,104.26000213623047,100.59999847412109,104.09999847412109,92064
2022-02-28,102.08000183105469,103.13999938964844,100.51999664306641,103.13999938964844,48454
2022-03-01,102.66000366210938,102.66000366210938,98.69000244140625,98.69000244140625,55916
2022-03-02,97.94000244140625,100.90000152587891,97.449996948242188,100.27999877929688,477013
2022-03-03,100.59999847412109,100.87999725341797,98.099998474121094,98.379997253417969,32006
2022-03-04,96.94000244140625,97.25,93.569999694824219,93.569999694824219,43060
2022-03-07,90.650001525878906,94.069999694824219,88.80999755859375,92.349998474121094,56319
2022-03-08,91.989997863769531,95,91.550003051757812,91.970001220703125,29993
2022-03-09,94.569999694824219,98.44000244140625,94.489997863769531,98.44000244140625,150287
2022-03-10,97.730003356933594,98.019996643066406,95.050003051757812,95.760002136230469,44998
2022-03-11,96.19000244140625,98.680000305175781,95,96.620002746582031,53202
2022-03-14,96.769996643066406,99,96.769996643066406,98.230003356933594,462626
2022-03-15,96.849998474121094,98.430000305175781,95.769996643066406,97.930000305175781,12527
2022-03-16,100.22000122070312,102.63999938964844,99.949996948242188,101.58000183105469,21926
2022-03-17,102.26000213623047,102.36000061035156,100.86000061035156,102,12462
2022-03-18,101.76000213623047,102.12000274658203,100.19999694824219,102.12000274658203,8805
2022-03-21,102.05999755859375,102.26000213623047,101.13999938964844,101.22000122070312,82635
2022-03-22,101.04000091552734,102.44000244140625,101.04000091552734,102.13999938964844,16489
2022-03-23,102.30000305175781,102.55999755859375,100.62000274658203,100.87999725341797,6799
2022-03-24,101.04000091552734,101.55999755859375,100.01999664306641,100.18000030517578,36123
2022-03-25,100.5,101.19999694824219,99.900001525878906,100.19999694824219,60983
2022-03-28,101.01999664306641,102.19999694824219,100.86000061035156,101.19999694824219,43259
2022-03-29,102.19999694824219,105,102.04000091552734,104.40000152587891,20945
2022-03-30,103.90000152587891,103.90000152587891,102.83999633789062,103.16000366210938,20538
2022-03-31,104.04000091552734,104.09999847412109,102.23999786376953,102.44000244140625,10588
2022-04-01,102.40000152587891,103,102.13999938964844,102.58000183105469,8551
2022-04-04,103.13999938964844,103.26000213623047,101.90000152587891,103.22000122070312,3603
2022-04-05,103,103.22000122070312,100.95999908447266,101.66000366210938,37561
2022-04-06,101.19999694824219,101.51999664306641,98.5,99.529998779296875,54439
2022-04-07,100.09999847412109,100.90000152587891,98.900001525878906,98.94000244140625,16464
2022-04-08,100.22000122070312,100.86000061035156,99.739997863769531,100.37999725341797,49239
2022-04-11,100.66000366210938,101.40000152587891,99.800003051757812,100.51999664306641,16194
2022-04-12,98.69000244140625,100.59999847412109,98.419998168945312,100.22000122070312,48432
2022-04-13,100.04000091552734,100.5,99.199996948242188,100.19999694824219,64973
2022-04-14,100.66000366210938,101.16000366210938,100.18000030517578,100.98000335693359,29536
2022-04-19,100.09999847412109,100.59999847412109,99.589996337890625,100.19999694824219,14007
2022-04-20,100.54000091552734,101.91999816894531,100.54000091552734,101.66000366210938,53528
2022-04-21,102.08000183105469,103.98000335693359,102.08000183105469,103.44000244140625,23236
2022-04-22,101.95999908447266,102.45999908447266,101.26000213623047,101.30000305175781,23070
2022-04-25,99.900001525878906,100.69999694824219,99.010002136230469,99.819999694824219,17362
2022-04-26,100.68000030517578,101.36000061035156,99.44000244140625,99.44000244140625,14077
2022-04-27,99.419998168945312,100.27999877929688,98.160003662109375,99.699996948242188,43482
2022-04-28,100.72000122070312,101.68000030517578,99.379997253417969,100.37999725341797,26795
2022-04-29,101.09999847412109,101.83999633789062,100.63999938964844,100.72000122070312,12937
2022-05-02,99.860000610351562,99.910003662109375,97.239997863769531,98.970001220703125,26485
2022-05-03,99.480003356933594,100.36000061035156,99,99.629997253417969,14772
2022-05-04,100.13999938964844,100.13999938964844,98.540000915527344,98.540000915527344,3185
2022-05-05,100.91999816894531,101.16000366210938,97.669998168945312,97.970001220703125,7958
2022-05-06,97.650001525878906,97.660003662109375,95.870002746582031,96.580001831054688,18466
2022-05-09,96.160003662109375,96.510002136230469,94.209999084472656,94.209999084472656,18408
2022-05-10,95.029998779296875,96.349998474121094,94.959999084472656,94.959999084472656,14240
2022-05-11,96.019996643066406,97.279998779296875,95.19000244140625,97.279998779296875,12298
2022-05-12,95.319999694824219,96.739997863769531,94.669998168945312,96.339996337890625,11536
2022-05-13,97,98.75,96.839996337890625,98.739997863769531,4751
2022-05-16,98.209999084472656,98.699996948242188,97.610000610351562,98.44000244140625,1558
2022-05-17,99.449996948242188,100.31999969482422,99.080001831054688,99.959999084472656,15295
2022-05-18,100.12000274658203,100.31999969482422,98.779998779296875,98.889999389648438,8234
2022-05-19,97.599998474121094,97.660003662109375,96.480003356933594,97.360000610351562,7119
2022-05-20,97.769996643066406,99,97.400001525878906,97.720001220703125,8896
2022-05-23,98.639999389648438,98.989997863769531,97.540000915527344,98.989997863769531,7291
2022-05-24,97.889999389648438,98.279998779296875,97.300003051757812,97.349998474121094,4904
2022-05-25,97.930000305175781,98.110000610351562,96.730003356933594,97.839996337890625,3314
2022-05-26,97.970001220703125,99.669998168945312,97.970001220703125,99.519996643066406,8495
2022-05-27,100.19999694824219,101.19999694824219,99.75,101.19999694824219,8408
2022-05-30,101.90000152587891,102.31999969482422,101.77999877929688,101.95999908447266,6358
2022-05-31,101.55999755859375,101.55999755859375,100.30000305175781,100.40000152587891,10743
2022-06-01,101.22000122070312,101.27999877929688,99.949996948242188,99.949996948242188,4895
2022-06-02,100.62000274658203,101.33999633789062,100.62000274658203,101.16000366210938,2484
2022-06-03,101.95999908447266,101.95999908447266,100.66000366210938,100.94000244140625,3803
2022-06-06,101.90000152587891,102.55999755859375,101.62000274658203,101.98000335693359,4124
2022-06-07,101.48000335693359,101.63999938964844,100.66000366210938,101.18000030517578,5349
2022-06-08,101.36000061035156,101.36000061035156,99.739997863769531,100.16000366210938,4355
2022-06-09,99.589996337890625,100.36000061035156,98.589996337890625,98.989997863769531,4127
2022-06-10,98.220001220703125,98.220001220703125,95.879997253417969,96.110000610351562,14602
2022-06-13,94.900001525878906,95.220001220703125,93.430000305175781,93.660003662109375,14963
2022-06-14,94.180000305175781,94.400001525878906,92.19000244140625,92.370002746582031,24398
2022-06-15,93.80999755859375,94.239997863769531,93.150001525878906,93.69000244140625,58358
2022-06-16,93.569999694824219,93.569999694824219,91.44000244140625,91.589996337890625,16435
2022-06-17,91.889999389648438,92.900001525878906,91.419998168945312,91.879997253417969,15452
2022-06-20,92.029998779296875,92.370002746582031,91.360000610351562,92.370002746582031,3049
2022-06-21,92.970001220703125,94.040000915527344,92.910003662109375,93.069999694824219,3318
2022-06-22,91.349998474121094,92.699996948242188,91.290000915527344,92.55999755859375,10649
2022-06-23,92.19000244140625,92.790000915527344,91.099998474121094,91.779998779296875,3111
2022-06-24,92.260002136230469,94.900001525878906,92.260002136230469,94.800003051757812,400369
2022-06-27,95.370002746582031,96.029998779296875,94.099998474121094,94.300003051757812,25210
2022-06-28,95.290000915527344,95.629997253417969,94.879997253417969,94.879997253417969,6781
2022-06-29,94.230003356933594,94.30999755859375,93.19000244140625,93.849998474121094,9394
2022-06-30,91.919998168945312,92.110000610351562,90.800003051757812,91.860000610351562,12741
2022-07-01,91.110000610351562,92.730003356933594,91,91.919998168945312,113901
2022-07-04,92.730003356933594,93.019996643066406,92.120002746582031,92.279998779296875,32695
2022-07-05,92.589996337890625,92.589996337890625,89.849998474121094,89.94000244140625,78711
2022-07-06,91.480003356933594,92.360000610351562,91.160003662109375,92.319999694824219,48667
2022-07-07,93.19000244140625,93.910003662109375,93.169998168945312,93.69000244140625,31378
2022-07-08,93.610000610351562,94.379997253417969,92.910003662109375,94.269996643066406,15054
2022-07-11,92.730003356933594,93.55999755859375,92.55999755859375,93.550003051757812,5958
2022-07-12,92.919998168945312,94.599998474121094,92.510002136230469,94.459999084472656,13732
2022-07-13,94.230003356933594,94.230003356933594,92.620002746582031,93.800003051757812,10678
2022-07-14,93.410003662109375,93.550003051757812,92,92.610000610351562,6548
2022-07-15,92.69000244140625,94.529998779296875,92.55999755859375,94.489997863769531,28208
2022-07-18,94.769996643066406,95.819999694824219,94.769996643066406,95.260002136230469,18226
2022-07-19,94.629997253417969,97.199996948242188,94.349998474121094,96.959999084472656,9440
2022-07-20,97.339996337890625,97.599998474121094,96.150001525878906,96.790000915527344,67917
2022-07-21,96.529998779296875,97.55999755859375,96.400001525878906,97.209999084472656,8105
2022-07-22,96.819999694824219,97.779998779296875,96.699996948242188,97.339996337890625,3365
2022-07-25,97.160003662109375,98.040000915527344,96.760002136230469,97.660003662109375,46610
2022-07-26,97.410003662109375,97.5,96.870002746582031,97.19000244140625,8686
2022-07-27,97.269996643066406,97.94000244140625,97.160003662109375,97.879997253417969,6541
2022-07-28,98.470001220703125,99.489997863769531,97.900001525878906,99.489997863769531,5485
2022-07-29,100.59999847412109,101.5,100.55999755859375,101.18000030517578,11536
2022-08-01,101,101.45999908447266,100.77999877929688,100.83999633789062,4921
2022-08-02,100.41999816894531,100.69999694824219,100,100.51999664306641,10954
2022-08-03,100.41999816894531,101.51999664306641,100.37999725341797,101.51999664306641,20011
2022-08-04,101.87999725341797,102.69999694824219,101.80000305175781,102.05999755859375,16204
2022-08-05,102.09999847412109,102.30000305175781,101.40000152587891,101.40000152587891,2631
2022-08-08,102.19999694824219,102.80000305175781,101.80000305175781,102.16000366210938,5110
2022-08-09,101.98000335693359,102.22000122070312,101.30000305175781,101.51999664306641,3133
2022-08-10,101.09999847412109,102.31999969482422,101,102.12000274658203,6688
2022-08-11,102.45999908447266,102.45999908447266,101.36000061035156,101.95999908447266,3729
2022-08-12,102.16000366210938,102.63999938964844,102.08000183105469,102.27999877929688,5230
2022-08-15,102.77999877929688,102.77999877929688,102.26000213623047,102.58000183105469,1719
2022-08-16,102.95999908447266,103.30000305175781,102.55999755859375,103.04000091552734,164133
2022-08-17,103.19999694824219,103.19999694824219,101.68000030517578,101.68000030517578,1193
2022-08-18,101.68000030517578,102.36000061035156,101.45999908447266,102.01999664306641,4824
2022-08-19,101.40000152587891,101.83999633789062,100.90000152587891,100.90000152587891,3793
2022-08-22,100.27999877929688,100.33999633789062,98.639999389648438,98.919998168945312,15186
2022-08-23,98.410003662109375,99.260002136230469,98.25,98.419998168945312,12173
2022-08-24,98.25,99.069999694824219,97.800003051757812,98.959999084472656,10467
2022-08-25,99.529998779296875,99.629997253417969,98.470001220703125,98.839996337890625,4217
2022-08-26,99.330001831054688,99.55999755859375,96.75,97.19000244140625,14743
2022-08-29,96.110000610351562,96.260002136230469,95.180000305175781,96.25,6290
2022-08-30,96.639999389648438,97.660003662109375,95.900001525878906,96.319999694824219,37259
2022-08-31,96.540000915527344,96.540000915527344,95.239997863769531,95.239997863769531,10319
2022-09-01,94.290000915527344,94.339996337890625,93.419998168945312,93.760002136230469,17603
2022-09-02,94.319999694824219,95.949996948242188,94,95.879997253417969,9859
2022-09-05,93.739997863769531,94.239997863769531,93.099998474121094,94.180000305175781,7520
2022-09-06,94.360000610351562,95,93.94000244140625,94.519996643066406,10976
2022-09-07,93.879997253417969,95.260002136230469,93.879997253417969,95.050003051757812,5617
2022-09-08,95.489997863769531,95.669998168945312,94,95.489997863769531,4498
2022-09-09,95.639999389648438,97.150001525878906,95.639999389648438,96.860000610351562,51571
2022-09-12,97.279998779296875,99.050003051757812,97,98.819999694824219,8805
2022-09-13,99.400001525878906,99.650001525878906,97.620002746582031,97.620002746582031,20685
2022-09-14,97.169998168945312,97.449996948242188,96.400001525878906,96.930000305175781,2895
2022-09-15,96.94000244140625,97.269996643066406,95.860000610351562,96.099998474121094,3314
2022-09-16,95.230003356933594,95.349998474121094,94.339996337890625,94.80999755859375,18106
2022-09-19,94.199996948242188,94.919998168945312,93.199996948242188,94.610000610351562,7560
2022-09-20,94.839996337890625,95.169998168945312,93.099998474121094,93.120002746582031,3285
2022-09-21,92.30999755859375,93.949996948242188,92.040000915527344,93.949996948242188,4139
2022-09-22,92.25,93.669998168945312,92.199996948242188,92.230003356933594,9580
2022-09-23,91.760002136230469,92.209999084472656,90.089996337890625,90.410003662109375,184463
2022-09-26,90.099998474121094,91.080001831054688,89.5,90.010002136230469,17764
2022-09-27,90.459999084472656,91.239997863769531,89.580001831054688,89.580001831054688,19335
2022-09-28,89.150001525878906,90.010002136230469,88,89.919998168945312,52348
2022-09-29,88.980003356933594,89.019996643066406,87.699996948242188,88.419998168945312,9951
2022-09-30,88.870002746582031,89.75,88.720001220703125,89.75,11197
2022-10-03,88.480003356933594,90.089996337890625,87.720001220703125,89.980003356933594,31716
2022-10-04,90.989997863769531,93.760002136230469,90.989997863769531,93.760002136230469,56199
2022-10-05,93.169998168945312,93.540000915527344,91.769996643066406,92.660003662109375,6194
2022-10-06,93.040000915527344,93.199996948242188,91.669998168945312,91.980003356933594,6632
2022-10-07,91.879997253417969,92,90.430000305175781,90.629997253417969,3874
2022-10-10,90.040000915527344,91,89.80999755859375,90.400001525878906,6253
2022-10-11,89.790000915527344,90.580001831054688,89.519996643066406,90.44000244140625,5319
2022-10-12,90.470001220703125,90.889999389648438,89.730003356933594,90.290000915527344,6952
2022-10-13,89.650001525878906,91.230003356933594,88.400001525878906,91.209999084472656,17571
2022-10-14,92.569999694824219,93.349998474121094,91.620002746582031,91.800003051757812,13781
2022-10-17,92.110000610351562,93.760002136230469,91.349998474121094,93.419998168945312,7111
2022-10-18,94.220001220703125,95.150001525878906,93.760002136230469,94,35935
2022-10-19,94.330001831054688,94.639999389648438,93.680000305175781,93.680000305175781,21216
2022-10-20,93.779998779296875,94.449996948242188,93.349998474121094,94.230003356933594,3112
2022-10-21,93.010002136230469,93.650001525878906,92.199996948242188,93.44000244140625,4828
2022-10-24,94.569999694824219,95.580001831054688,93.699996948242188,94.94000244140625,8233
2022-10-25,95.569999694824219,96.930000305175781,94.970001220703125,96.930000305175781,8147
2022-10-26,96.870002746582031,97.459999084472656,96.55999755859375,97.330001831054688,43935
2022-10-27,96.849998474121094,97.050003051757812,96,96.75,8577
2022-10-28,96.139999389648438,97.379997253417969,95.680000305175781,97.260002136230469,28018
2022-10-31,97.150001525878906,97.569999694824219,96.910003662109375,97.279998779296875,31517
2022-11-01,98.529998779296875,98.959999084472656,97.830001831054688,98,4029
2022-11-02,98.599998474121094,98.599998474121094,97.089996337890625,97.089996337890625,4144
2022-11-03,96.360000610351562,96.599998474121094,95.699996948242188,96.599998474121094,7354
2022-11-04,97.480003356933594,99.900001525878906,97.389999389648438,99.139999389648438,188106
2022-11-07,98.480003356933594,99.389999389648438,98.379997253417969,99.069999694824219,4000
2022-11-08,98.569999694824219,99.720001220703125,98.5,99.720001220703125,2711
2022-11-09,99.589996337890625,99.720001220703125,99.099998474121094,99.599998474121094,10982
2022-11-10,99.029998779296875,101.73999786376953,98.769996643066406,101.59999847412109,34973
2022-11-11,102.45999908447266,102.72000122070312,101.54000091552734,101.98000335693359,13248
2022-11-14,102.18000030517578,103.01999664306641,102.05999755859375,102.22000122070312,9488
2022-11-15,102.72000122070312,103.30000305175781,102.37999725341797,102.69999694824219,7272
2022-11-16,102.72000122070312,102.72000122070312,101.72000122070312,102.05999755859375,22591
2022-11-17,102.23999786376953,102.36000061035156,100.81999969482422,101.63999938964844,9037
2022-11-18,102.18000030517578,103,101.91999816894531,102.80000305175781,6545
2022-11-21,102.69999694824219,103.09999847412109,102.5,102.90000152587891,1538
2022-11-22,102.77999877929688,103.12000274658203,102.30000305175781,102.83999633789062,6473
2022-11-23,102.83999633789062,103.37999725341797,102.59999847412109,103.37999725341797,2544
2022-11-24,103.40000152587891,104.12000274658203,103.40000152587891,103.81999969482422,6863
2022-11-25,103.81999969482422,103.90000152587891,103.48000335693359,103.86000061035156,617
2022-11-28,103.40000152587891,103.63999938964844,102.86000061035156,103.04000091552734,2192
2022-11-29,103.31999969482422,103.45999908447266,102.80000305175781,102.83999633789062,3373
2022-11-30,103.45999908447266,103.66000366210938,103.05999755859375,103.63999938964844,7181
2022-12-01,104.48000335693359,104.58000183105469,103.66000366210938,104.26000213623047,4278
2022-12-02,103.87999725341797,104.40000152587891,103.5,104.12000274658203,6379
2022-12-05,103.98000335693359,104.05999755859375,103.27999877929688,103.48000335693359,4434
2022-12-06,103.30000305175781,103.55999755859375,102.94000244140625,103.27999877929688,59556
2022-12-07,103.44000244140625,103.63999938964844,102.80000305175781,103.22000122070312,22939
2022-12-08,103.22000122070312,103.30000305175781,102.5,102.81999969482422,7072
2022-12-09,103.05999755859375,103.59999847412109,102.77999877929688,103.37999725341797,4873
2022-12-12,103.18000030517578,103.51999664306641,102.81999969482422,102.98000335693359,1022
2022-12-13,103.13999938964844,105.40000152587891,102.73999786376953,104.27999877929688,6709
2022-12-14,104.04000091552734,104.19999694824219,103.48000335693359,104.19999694824219,4105
2022-12-15,103.41999816894531,103.41999816894531,100.86000061035156,101,80054
2022-12-16,100.87999725341797,100.87999725341797,99.739997863769531,100.30000305175781,6044
2022-12-19,100.54000091552734,100.77999877929688,100.40000152587891,100.45999908447266,2330
2022-12-20,99.319999694824219,100.09999847412109,99.120002746582031,99.839996337890625,9761
2022-12-21,100.27999877929688,101.86000061035156,100.23999786376953,101.86000061035156,19564
2022-12-22,102,102.13999938964844,100.44000244140625,100.69999694824219,2832
2022-12-23,100.83999633789062,100.94000244140625,100.19999694824219,100.40000152587891,1023
2022-12-27,101.41999816894531,101.51999664306641,101.05999755859375,101.05999755859375,2913
2022-12-28,101.23999786376953,101.31999969482422,100.48000335693359,100.51999664306641,1339
2022-12-29,100.16000366210938,101.51999664306641,100,101.51999664306641,8667
2022-12-30,100.63999938964844,100.91999816894531,99.860000610351562,100,21043
2023-01-02,100.90000152587891,101.77999877929688,100.90000152587891,101.77999877929688,6924
2023-01-03,101.77999877929688,103.27999877929688,101.62000274658203,102.48000335693359,18135
2023-01-04,103.55999755859375,105.27999877929688,103.55999755859375,105.27999877929688,4100
2023-01-05,104.58000183105469,105.41999816894531,104.54000091552734,104.91999816894531,9925
2023-01-06,104.91999816894531,106.36000061035156,104.80000305175781,106.36000061035156,2651
2023-01-09,106.44000244140625,107.63999938964844,106.40000152587891,107.36000061035156,2115
2023-01-10,106.73999786376953,106.77999877929688,106.27999877929688,106.55999755859375,1146
2023-01-11,106.76000213623047,107.80000305175781,106.48000335693359,107.54000091552734,2848
2023-01-12,107.95999908447266,108.87999725341797,107.95999908447266,108.54000091552734,59295
2023-01-13,108.69999694824219,109.36000061035156,108.41999816894531,109.36000061035156,69332
2023-01-16,109.66000366210938,109.76000213623047,109,109.68000030517578,66983
2023-01-17,109.77999877929688,110.45999908447266,109.33999633789062,110.04000091552734,5344
2023-01-18,110.13999938964844,110.72000122070312,110,110.27999877929688,4539
2023-01-19,109.80000305175781,109.95999908447266,108.36000061035156,108.45999908447266,4838
2023-01-20,109,109.13999938964844,108.54000091552734,109.01999664306641,5954
2023-01-23,109.27999877929688,109.58000183105469,108.83999633789062,109.58000183105469,3670
2023-01-24,110,110,109.40000152587891,109.94000244140625,2155
2023-01-25,110.26000213623047,110.27999877929688,109.19999694824219,109.95999908447266,4528
2023-01-26,110.76000213623047,111.19999694824219,110.5,110.87999725341797,5348
2023-01-27,110.72000122070312,111.19999694824219,110.5,111.05999755859375,8241
2023-01-30,110.73999786376953,111.27999877929688,110.09999847412109,111.12000274658203,28643
2023-01-31,111,111.13999938964844,110.16000366210938,111.13999938964844,19064
2023-02-01,111.12000274658203,111.5,110.80000305175781,111.16000366210938,8670
2023-02-02,111.81999969482422,112.83999633789062,111.30000305175781,112.55999755859375,11625
2023-02-03,111.94000244140625,113.30000305175781,111.5,113.30000305175781,18179
2023-02-06,112.30000305175781,112.30000305175781,111.22000122070312,111.81999969482422,2913
2023-02-07,111.59999847412109,111.90000152587891,111.05999755859375,111.41999816894531,4177
2023-02-08,112.27999877929688,112.55999755859375,111.45999908447266,111.45999908447266,19334
2023-02-09,112.44000244140625,113,112.30000305175781,112.40000152587891,49635
2023-02-10,111.98000335693359,112.19999694824219,110.26000213623047,111.12000274658203,4311
2023-02-13,111.54000091552734,112.40000152587891,111.30000305175781,112.26000213623047,9475
2023-02-14,112.27999877929688,113.09999847412109,112.16000366210938,112.31999969482422,4241
2023-02-15,112.22000122070312,113.94000244140625,112.22000122070312,113.63999938964844,16050
2023-02-16,114.73999786376953,115.36000061035156,114.33999633789062,115.36000061035156,128992
2023-02-17,114.18000030517578,115.40000152587891,113.72000122070312,115.19999694824219,94836
2023-02-20,115.30000305175781,115.40000152587891,114.68000030517578,114.94000244140625,26862
2023-02-21,114.73999786376953,114.94000244140625,113.5,114.55999755859375,3311
2023-02-22,113.87999725341797,114.40000152587891,113.31999969482422,114.31999969482422,21700
2023-02-23,114.63999938964844,115.19999694824219,114.59999847412109,114.76000213623047,2821
2023-02-24,115.44000244140625,115.45999908447266,112.81999969482422,112.81999969482422,21930
2023-02-27,113.76000213623047,114.94000244140625,113.76000213623047,114.54000091552734,20866
2023-02-28,114.01999664306641,114.95999908447266,113.80000305175781,114.22000122070312,5812
2023-03-01,114.40000152587891,115.16000366210938,113.45999908447266,113.68000030517578,5074
2023-03-02,112.83999633789062,114.16000366210938,112.41999816894531,114.08000183105469,8787
2023-03-03,114.77999877929688,115.30000305175781,114.55999755859375,115.09999847412109,19081
2023-03-06,115.68000030517578,115.98000335693359,115.27999877929688,115.59999847412109,3068
2023-03-07,115.27999877929688,115.87999725341797,115.04000091552734,115.13999938964844,2568
2023-03-08,114.72000122070312,115.30000305175781,114.63999938964844,115.05999755859375,3017
2023-03-09,114.94000244140625,115.18000030517578,114.31999969482422,114.87999725341797,121583
2023-03-10,112.77999877929688,113.76000213623047,112.5,113.30000305175781,2482
2023-03-13,112.76000213623047,112.76000213623047,109.69999694824219,109.98000335693359,28263
2023-03-14,110.18000030517578,112.51999664306641,109.98000335693359,112.19999694824219,13759
2023-03-15,111.68000030517578,111.87999725341797,107.80000305175781,108.31999969482422,24208
2023-03-16,110.09999847412109,111,108.26000213623047,110.58000183105469,8400
2023-03-17,111.36000061035156,111.58000183105469,108.37999725341797,108.83999633789062,21098
2023-03-20,108.63999938964844,110.59999847412109,106.63999938964844,110.18000030517578,14831
2023-03-21,111.13999938964844,112.08000183105469,111.13999938964844,111.72000122070312,11218
2023-03-22,111.54000091552734,112.5,111.30000305175781,112.05999755859375,9303
2023-03-23,112.12000274658203,112.54000091552734,111.27999877929688,112.41999816894531,16742
2023-03-24,111.80000305175781,111.80000305175781,109.59999847412109,110.41999816894531,58518
2023-03-27,111.98000335693359,112,111,111.41999816894531,13877
2023-03-28,112.13999938964844,112.41999816894531,111.16000366210938,111.54000091552734,8595
2023-03-29,112.33999633789062,113.36000061035156,112.18000030517578,113.09999847412109,8917
2023-03-30,113.98000335693359,114.76000213623047,113.98000335693359,114.45999908447266,5120
2023-03-31,114.58000183105469,115.62000274658203,114.44000244140625,115.33999633789062,13142
2023-04-03,115.26000213623047,115.59999847412109,115.01999664306641,115.16000366210938,7642
2023-04-04,115.66000366210938,116.19999694824219,115.30000305175781,115.30000305175781,22607
2023-04-05,115.30000305175781,115.44000244140625,114.62000274658203,114.87999725341797,15642
2023-04-06,114.81999969482422,115.13999938964844,114.76000213623047,115,22837
2023-04-11,115.63999938964844,116.05999755859375,115.48000335693359,115.81999969482422,6933
2023-04-12,115.94000244140625,116.72000122070312,115.66000366210938,115.91999816894531,3948
2023-04-13,116.76000213623047,117.16000366210938,116.72000122070312,117.16000366210938,13944
2023-04-14,117.27999877929688,117.87999725341797,117.27999877929688,117.68000030517578,4974
2023-04-17,117.76000213623047,118.23999786376953,117.51999664306641,117.54000091552734,55521
2023-04-18,118.04000091552734,118.54000091552734,117.72000122070312,118.18000030517578,3585
2023-04-19,118,118.63999938964844,118,118.51999664306641,6453
2023-04-20,118.5,118.54000091552734,117.94000244140625,118.54000091552734,3232
2023-04-21,118.41999816894531,118.91999816894531,118.04000091552734,118.91999816894531,9534
2023-04-24,118.91999816894531,119.26000213623047,118.91999816894531,119,52543
2023-04-25,118.41999816894531,118.98000335693359,118.13999938964844,118.73999786376953,25215
2023-04-26,118.31999969482422,118.40000152587891,117.19999694824219,117.72000122070312,12423
2023-04-27,117.51999664306641,118.86000061035156,117.48000335693359,118.45999908447266,12080
2023-04-28,118.83999633789062,119,117.5,118.68000030517578,8284
2023-05-02,118.36000061035156,118.76000213623047,117.04000091552734,117.04000091552734,15998
2023-05-03,117.94000244140625,118.26000213623047,117.48000335693359,117.62000274658203,8210
2023-05-04,117.04000091552734,117.23999786376953,116.12000274658203,116.44000244140625,11132
2023-05-05,117,117.91999816894531,116.62000274658203,117.90000152587891,4643
2023-05-08,118,118.30000305175781,117.90000152587891,118.12000274658203,4674
2023-05-09,117.87999725341797,118.04000091552734,117.19999694824219,117.80000305175781,34534
2023-05-10,118.12000274658203,118.12000274658203,116.81999969482422,117.01999664306641,28188
2023-05-11,118.05999755859375,118.27999877929688,116.98000335693359,117.63999938964844,2192
2023-05-12,118.37999725341797,118.72000122070312,117.69999694824219,118.04000091552734,11396
2023-05-15,118.77999877929688,118.86000061035156,117.94000244140625,118.31999969482422,3371
2023-05-16,118.09999847412109,118.54000091552734,117.80000305175781,118.31999969482422,1425
2023-05-17,118.05999755859375,118.59999847412109,117.81999969482422,118.22000122070312,2546
2023-05-18,118.77999877929688,119.5,118.73999786376953,118.95999908447266,92658
2023-05-19,119.04000091552734,120.22000122070312,119.04000091552734,119.73999786376953,5385
2023-05-22,120.01999664306641,120.18000030517578,119.54000091552734,119.95999908447266,69613
2023-05-23,119.62000274658203,119.63999938964844,118.12000274658203,118.12000274658203,5081
2023-05-24,116.91999816894531,116.91999816894531,115.72000122070312,116,20597
2023-05-25,116.05999755859375,116.26000213623047,115.26000213623047,116.01999664306641,45757
2023-05-26,116.5,117.59999847412109,115.59999847412109,117.33999633789062,20188
2023-05-29,117.69999694824219,117.69999694824219,116.87999725341797,116.95999908447266,4837
2023-05-30,116.90000152587891,117.62000274658203,116.08000183105469,116.37999725341797,3169
2023-05-31,115.09999847412109,116.01999664306641,114.5,114.86000061035156,22075
2023-06-01,115.26000213623047,116.01999664306641,114.80000305175781,115.22000122070312,8593
2023-06-02,116.13999938964844,117.55999755859375,116.08000183105469,117.51999664306641,7302
2023-06-05,117.5,117.59999847412109,116.31999969482422,116.51999664306641,4285
2023-06-06,116.33999633789062,116.90000152587891,116.23999786376953,116.81999969482422,4045
2023-06-07,116.51999664306641,116.98000335693359,116.22000122070312,116.5,4145
2023-06-08,116.44000244140625,116.98000335693359,116.26000213623047,116.86000061035156,4334
2023-06-09,117.22000122070312,117.22000122070312,116.36000061035156,116.80000305175781,7544
2023-06-12,117.76000213623047,118.12000274658203,117.5,117.58000183105469,9764
2023-06-13,118.19999694824219,118.55999755859375,117.54000091552734,118.31999969482422,15464
2023-06-14,118.37999725341797,119.31999969482422,118.31999969482422,118.90000152587891,12611
2023-06-15,118.69999694824219,118.72000122070312,117.62000274658203,118.19999694824219,2124
2023-06-16,118.66000366210938,119.98000335693359,118.66000366210938,119.98000335693359,2683
2023-06-19,119.41999816894531,119.41999816894531,118.26000213623047,118.5,2050
2023-06-20,118.30000305175781,118.72000122070312,118,118.41999816894531,5692
2023-06-21,118.09999847412109,118.36000061035156,117.5,117.72000122070312,3283
2023-06-22,116.91999816894531,116.91999816894531,115.76000213623047,116.80000305175781,4380
2023-06-23,116.36000061035156,116.66000366210938,115.72000122070312,116.33999633789062,748
2023-06-26,116.33999633789062,116.73999786376953,115.5,116.68000030517578,5324
2023-06-27,117.09999847412109,117.48000335693359,116.5,117.36000061035156,6234
2023-06-28,118.16000366210938,118.55999755859375,118,118.5,9948
2023-06-29,118.81999969482422,119.48000335693359,118.45999908447266,119.01999664306641,2633
2023-06-30,119.45999908447266,120.62000274658203,119.45999908447266,120.37999725341797,7046
2023-07-03,120.68000030517578,120.68000030517578,119.98000335693359,119.98000335693359,5338
2023-07-04,120.22000122070312,120.22000122070312,119.59999847412109,119.59999847412109,2481
2023-07-05,118.86000061035156,119.23999786376953,118.41999816894531,118.76000213623047,2142
2023-07-06,117.41999816894531,117.41999816894531,114.83999633789062,115.12000274658203,11401
2023-07-07,115.13999938964844,116.08000183105469,114.55999755859375,115.41999816894531,5994
2023-07-10,115.12000274658203,116.36000061035156,114.90000152587891,115.98000335693359,4093
2023-07-11,116.62000274658203,117.59999847412109,116.30000305175781,117.22000122070312,16923
2023-07-12,117.48000335693359,119.05999755859375,117.23999786376953,118.90000152587891,5184
2023-07-13,119.05999755859375,120,118.81999969482422,119.48000335693359,13420
2023-07-14,119.62000274658203,120.04000091552734,119.59999847412109,119.80000305175781,2283
2023-07-17,118.86000061035156,118.95999908447266,118.08000183105469,118.36000061035156,65496
2023-07-18,118.30000305175781,118.94000244140625,118.16000366210938,118.83999633789062,3110
2023-07-19,119.58000183105469,119.80000305175781,118.76000213623047,118.87999725341797,1182
2023-07-20,118.55999755859375,119.69999694824219,118.5,119.69999694824219,1889
2023-07-21,119.80000305175781,120.5,119.80000305175781,120.5,5923
2023-07-24,120.12000274658203,120.33999633789062,119.76000213623047,120.33999633789062,3039
2023-07-25,120.73999786376953,120.73999786376953,120,120.27999877929688,2332
2023-07-26,119.48000335693359,119.48000335693359,117.83999633789062,118.83999633789062,6335
2023-07-27,119.30000305175781,121.33999633789062,119.05999755859375,121.12000274658203,12786
2023-07-28,120.80000305175781,121.37999725341797,120.27999877929688,121.05999755859375,5447
2023-07-31,120.69999694824219,121.58000183105469,120.69999694824219,121.12000274658203,2914
2023-08-01,120.76000213623047,121.09999847412109,119.80000305175781,119.81999969482422,1504
2023-08-02,118.18000030517578,119.19999694824219,117.77999877929688,118.54000091552734,10291
2023-08-03,117.66000366210938,117.81999969482422,116.80000305175781,117.36000061035156,9974
2023-08-04,117.73999786376953,118.23999786376953,117,118.13999938964844,2672
2023-08-07,117.87999725341797,118.33999633789062,117.31999969482422,118.13999938964844,11580
2023-08-08,117.76000213623047,118.23999786376953,116.69999694824219,117.37999725341797,2070
2023-08-09,119.08000183105469,119.08000183105469,118,118.09999847412109,1220
2023-08-10,119.09999847412109,120.13999938964844,118.81999969482422,119.87999725341797,5984
2023-08-11,119.33999633789062,119.63999938964844,118.12000274658203,118.45999908447266,1351
2023-08-14,118.31999969482422,119,118.27999877929688,118.76000213623047,824
2023-08-15,118.86000061035156,118.86000061035156,116.91999816894531,117.40000152587891,6184
2023-08-16,117.30000305175781,117.95999908447266,117.12000274658203,117.19999694824219,6050
2023-08-17,116.91999816894531,117.23999786376953,115.94000244140625,116.12000274658203,2979
2023-08-18,115.37999725341797,115.76000213623047,114.51999664306641,115.63999938964844,9771
2023-08-21,115.86000061035156,116.87999725341797,115.77999877929688,116.04000091552734,3459
2023-08-22,116.54000091552734,117.51999664306641,116.54000091552734,116.66000366210938,6734
2023-08-23,117.04000091552734,117.48000335693359,116.59999847412109,117,2820
2023-08-24,118.40000152587891,118.40000152587891,116.30000305175781,116.37999725341797,6645
2023-08-25,116.08000183105469,117.19999694824219,116.08000183105469,116.63999938964844,2082
2023-08-28,117.72000122070312,118.36000061035156,117.09999847412109,118.19999694824219,938
2023-08-29,118.76000213623047,119,118.13999938964844,119,1082
2023-08-30,119.26000213623047,119.40000152587891,118.23999786376953,118.91999816894531,1551
2023-08-31,118.81999969482422,119.16000366210938,118.13999938964844,118.13999938964844,1581
2023-09-01,117.83999633789062,118.55999755859375,117.59999847412109,117.68000030517578,2005
2023-09-04,118.09999847412109,118.66000366210938,117.12000274658203,117.31999969482422,2711
2023-09-05,116.37999725341797,117.23999786376953,115.80000305175781,116.72000122070312,3750
2023-09-06,116.04000091552734,116.23999786376953,115.33999633789062,115.86000061035156,5027
2023-09-07,115.62000274658203,116.48000335693359,115.40000152587891,115.81999969482422,8649
2023-09-08,116.22000122070312,116.5,114.80000305175781,116.5,4508
2023-09-11,117.22000122070312,117.66000366210938,116.62000274658203,117.08000183105469,67407
2023-09-12,117.13999938964844,117.33999633789062,116.36000061035156,116.51999664306641,2355
2023-09-13,116.27999877929688,116.30000305175781,115.30000305175781,115.94000244140625,35670
2023-09-14,115.51999664306641,117.55999755859375,115.31999969482422,117.45999908447266,6980
2023-09-15,118.68000030517578,119.37999725341797,118.36000061035156,118.62000274658203,5932
2023-09-18,118.13999938964844,118.13999938964844,116.44000244140625,116.80000305175781,6827
2023-09-19,116.31999969482422,116.95999908447266,116.30000305175781,116.68000030517578,7744
2023-09-20,116.77999877929688,117.77999877929688,116.77999877929688,117.55999755859375,2625
2023-09-21,116.36000061035156,116.51999664306641,115.48000335693359,115.95999908447266,254010
2023-09-22,114.66000366210938,115.51999664306641,114.5,115.36000061035156,22574
2023-09-25,114.76000213623047,115.51999664306641,113.69999694824219,114.26000213623047,5634
2023-09-26,113.58000183105469,113.87999725341797,112.86000061035156,113.37999725341797,192280
2023-09-27,113.30000305175781,113.86000061035156,113,113.26000213623047,25214
2023-09-28,113.30000305175781,113.86000061035156,112.5,113.86000061035156,42996
2023-09-29,114.58000183105469,115.40000152587891,114.18000030517578,114.40000152587891,5207
2023-10-02,114.69999694824219,115.23999786376953,112.73999786376953,113.27999877929688,9502
2023-10-03,112.86000061035156,113.30000305175781,111.90000152587891,112.08000183105469,10954
2023-10-04,111.54000091552734,113.09999847412109,111.33999633789062,112.19999694824219,44421
2023-10-05,112.51999664306641,112.73999786376953,111.98000335693359,112.37999725341797,2245
2023-10-06,112.55999755859375,113.30000305175781,112,113.30000305175781,6988
2023-10-09,112.63999938964844,112.98000335693359,111.68000030517578,112.37999725341797,12040
2023-10-10,113.51999664306641,114.72000122070312,113.51999664306641,114.72000122070312,2071
2023-10-11,113.55999755859375,114.59999847412109,113.36000061035156,114.27999877929688,4867
2023-10-12,114.86000061035156,114.91999816894531,113.55999755859375,113.76000213623047,5190
2023-10-13,113.58000183105469,113.58000183105469,111.5,111.69999694824219,9041
2023-10-16,112.18000030517578,112.19999694824219,110.86000061035156,111.73999786376953,11580
2023-10-17,111.63999938964844,112.16000366210938,111,111.90000152587891,5405
2023-10-18,111.51999664306641,111.77999877929688,110.45999908447266,110.55999755859375,32845
2023-10-19,109.63999938964844,110.26000213623047,109.19999694824219,110,21458
2023-10-20,108.51999664306641,109.12000274658203,108.19999694824219,108.19999694824219,216233
2023-10-23,108.44000244140625,108.73999786376953,107.45999908447266,108.68000030517578,7510
2023-10-24,109.04000091552734,109.63999938964844,108.59999847412109,109.55999755859375,2519
2023-10-25,109.12000274658203,110,108.81999969482422,110,4714
2023-10-26,108.98000335693359,109.91999816894531,108.44000244140625,109.45999908447266,2477
2023-10-27,108.08000183105469,108.69999694824219,107.40000152587891,107.54000091552734,17298
2023-10-30,108,108.44000244140625,107.80000305175781,108.13999938964844,8335
2023-10-31,108.30000305175781,109.31999969482422,108.30000305175781,109.04000091552734,3457
2023-11-01,109.41999816894531,110.08000183105469,108.73999786376953,109.72000122070312,5104
2023-11-02,110.69999694824219,112.54000091552734,110.69999694824219,111.87999725341797,7668
2023-11-03,112.13999938964844,112.69999694824219,111.73999786376953,112.04000091552734,6040
2023-11-06,112.23999786376953,112.26000213623047,111.18000030517578,111.36000061035156,3605
2023-11-07,110.98000335693359,111.45999908447266,110.59999847412109,111.13999938964844,5261
2023-11-08,110.41999816894531,112.41999816894531,110.41999816894531,112.05999755859375,3928
2023-11-09,112.27999877929688,113.62000274658203,112.19999694824219,113.45999908447266,10949
2023-11-10,112.73999786376953,112.80000305175781,111.48000335693359,112.26000213623047,119976
2023-11-13,112.73999786376953,113.09999847412109,112.26000213623047,112.76000213623047,1554
2023-11-14,112.76000213623047,114.73999786376953,112.76000213623047,114.62000274658203,58998
2023-11-15,114.91999816894531,115.48000335693359,114.77999877929688,114.91999816894531,24046
2023-11-16,114.86000061035156,115.09999847412109,114.51999664306641,114.62000274658203,9122
2023-11-17,115.18000030517578,115.80000305175781,115.09999847412109,115.77999877929688,8865
2023-11-20,115.95999908447266,116,115.40000152587891,115.58000183105469,5168
2023-11-21,115.48000335693359,115.5,115.09999847412109,115.22000122070312,6708
2023-11-22,115.58000183105469,116.22000122070312,115.54000091552734,116.04000091552734,5540
2023-11-23,116.18000030517578,116.19999694824219,115.95999908447266,116.16000366210938,2638
2023-11-24,116.19999694824219,116.5,116,116.5,17259
2023-11-27,116.66000366210938,116.81999969482422,116.05999755859375,116.08000183105469,10129
2023-11-28,115.59999847412109,115.83999633789062,115.12000274658203,115.83999633789062,2558
2023-11-29,115.81999969482422,116.45999908447266,115.81999969482422,116.16000366210938,5386
2023-11-30,116.05999755859375,116.86000061035156,115.91999816894531,116.86000061035156,4812
2023-12-01,117.33999633789062,117.58000183105469,116.81999969482422,117.37999725341797,6552
2023-12-04,117.45999908447266,117.77999877929688,117.22000122070312,117.45999908447266,6547
2023-12-05,117.44000244140625,118.40000152587891,117.44000244140625,118.36000061035156,4695
2023-12-06,118.48000335693359,119.41999816894531,118.30000305175781,119.19999694824219,192374
2023-12-07,119.08000183105469,119.13999938964844,118.86000061035156,119.08000183105469,1152
2023-12-08,119.36000061035156,120.80000305175781,119.23999786376953,120.5,207080
2023-12-11,120.68000030517578,121.05999755859375,120.54000091552734,121.05999755859375,18364
2023-12-12,121.22000122070312,121.40000152587891,120.91999816894531,120.98000335693359,43361
2023-12-13,121.01999664306641,121.55999755859375,120.66000366210938,120.66000366210938,16451
2023-12-14,122.58000183105469,122.80000305175781,121.27999877929688,121.66000366210938,4163
2023-12-15,122,122.30000305175781,121.5,121.91999816894531,2779
2023-12-18,121.41999816894531,121.58000183105469,120.90000152587891,121.12000274658203,8665
2023-12-19,121.36000061035156,121.55999755859375,121.13999938964844,121.44000244140625,10688
2023-12-20,121.66000366210938,121.80000305175781,121,121.55999755859375,8629
2023-12-21,121.05999755859375,121.44000244140625,120.81999969482422,121.44000244140625,9177
2023-12-22,121.45999908447266,121.69999694824219,121.01999664306641,121.27999877929688,1057
2023-12-27,121.73999786376953,122.04000091552734,121.22000122070312,121.55999755859375,9699
2023-12-28,121.94000244140625,121.94000244140625,120.87999725341797,120.87999725341797,1290
2023-12-29,121.09999847412109,121.54000091552734,120.95999908447266,121.08000183105469,2145
2024-01-02,121.69999694824219,122.19999694824219,120.08000183105469,120.90000152587891,2965
2024-01-03,120.83999633789062,120.86000061035156,118.5,118.94000244140625,5186
2024-01-04,119,119.62000274658203,118.90000152587891,119.59999847412109,2835
2024-01-05,118.58000183105469,119.19999694824219,117.77999877929688,118.98000335693359,5398
2024-01-08,119,119.81999969482422,118.5,119.81999969482422,5120
2024-01-09,119.94000244140625,119.94000244140625,118.90000152587891,119.5,9499
2024-01-10,119.48000335693359,119.91999816894531,119.16000366210938,119.5,4523
2024-01-11,120.04000091552734,120.31999969482422,118.72000122070312,118.94000244140625,4437
2024-01-12,119.18000030517578,120.31999969482422,119.18000030517578,120.19999694824219,5076
2024-01-15,119.87999725341797,120.08000183105469,119.33999633789062,119.51999664306641,1564
2024-01-16,118.59999847412109,119.30000305175781,118.37999725341797,119.23999786376953,1620
2024-01-17,117.95999908447266,118.19999694824219,117.55999755859375,118.12000274658203,5927
2024-01-18,118.66000366210938,119.63999938964844,118.48000335693359,119.54000091552734,1955
2024-01-19,120.09999847412109,120.27999877929688,118.76000213623047,119.13999938964844,1629
2024-01-22,120.40000152587891,120.54000091552734,119.55999755859375,120.01999664306641,5111
2024-01-23,120.23999786376953,120.23999786376953,119.31999969482422,119.44000244140625,5698
2024-01-24,119.91999816894531,120.62000274658203,119.62000274658203,120.51999664306641,8926
2024-01-25,120.16000366210938,120.59999847412109,119.66000366210938,120.59999847412109,3139
2024-01-26,121.90000152587891,123.44000244140625,121.90000152587891,123.44000244140625,40181
2024-01-29,123.37999725341797,123.37999725341797,122.91999816894531,123.36000061035156,11083
2024-01-30,123.62000274658203,123.90000152587891,123.40000152587891,123.80000305175781,15379
2024-01-31,123.87999725341797,124.08000183105469,123.30000305175781,123.44000244140625,11656
2024-02-01,122.45999908447266,122.76000213623047,121.83999633789062,122.23999786376953,3730
2024-02-02,122.86000061035156,123.26000213623047,122.41999816894531,122.45999908447266,10218
2024-02-05,122.54000091552734,122.83999633789062,121.95999908447266,122.55999755859375,1252
2024-02-06,123.18000030517578,123.18000030517578,122.36000061035156,123.18000030517578,8491
2024-02-07,123.23999786376953,123.36000061035156,122.80000305175781,122.80000305175781,1970
2024-02-08,123.04000091552734,123.83999633789062,122.69999694824219,123.41999816894531,1853
2024-02-09,123,123.12000274658203,122.5,122.83999633789062,2360
2024-02-12,123.23999786376953,123.54000091552734,123.12000274658203,123.5,2364
2024-02-13,123.44000244140625,123.44000244140625,121.90000152587891,122.40000152587891,2478
2024-02-14,122.45999908447266,123.30000305175781,122.30000305175781,123.16000366210938,14676
2024-02-15,124.12000274658203,124.5,124.08000183105469,124.26000213623047,2748
2024-02-16,124.80000305175781,125.33999633789062,124.54000091552734,124.80000305175781,2526
2024-02-19,124.51999664306641,124.87999725341797,124.19999694824219,124.87999725341797,3902
2024-02-20,125.01999664306641,125.73999786376953,125.01999664306641,125.73999786376953,4180
2024-02-21,125.77999877929688,126.05999755859375,125.5,125.95999908447266,4186
2024-02-22,127.05999755859375,127.62000274658203,126.62000274658203,127.59999847412109,2435
2024-02-23,127.83999633789062,128.6199951171875,127.44000244140625,128.6199951171875,26599
2024-02-26,128.32000732421875,128.44000244140625,127.91999816894531,127.98000335693359,16951
2024-02-27,127.98000335693359,128.32000732421875,127.83999633789062,128.22000122070312,5545
2024-02-28,128.41999816894531,128.41999816894531,127.86000061035156,128.25999450683594,4148
2024-02-29,128.46000671386719,128.67999267578125,127.87999725341797,127.87999725341797,8073
2024-03-01,128.36000061035156,128.5,127.26000213623047,127.73999786376953,1457
2024-03-04,127.58000183105469,128.22000122070312,127.37999725341797,128.22000122070312,4199
2024-03-05,128,128.27999877929688,127.62000274658203,127.73999786376953,975
2024-03-06,127.5,128.10000610351562,127.5,127.98000335693359,2195
2024-03-07,127.66000366210938,129.13999938964844,127.40000152587891,129.03999328613281,1774
2024-03-08,129.1199951171875,129.39999389648438,128.74000549316406,129.24000549316406,3177
2024-03-11,128.67999267578125,129.10000610351562,128.41999816894531,129.03999328613281,2380
2024-03-12,129.5,130.19999694824219,128.96000671386719,130.19999694824219,7858
2024-03-13,130.5,131.19999694824219,130.25999450683594,130.97999572753906,30298
2024-03-14,131.5,132.19999694824219,131.13999938964844,131.22000122070312,6333
2024-03-15,131.25999450683594,131.94000244140625,131.10000610351562,131.19999694824219,5367
2024-03-18,131.46000671386719,131.5,130.69999694824219,130.80000305175781,8730
2024-03-19,130.77999877929688,131.46000671386719,130.75999450683594,131.41999816894531,3894
2024-03-20,130.46000671386719,131.03999328613281,130.32000732421875,131.02000427246094,2838
2024-03-21,132.1199951171875,132.1199951171875,130.69999694824219,131.39999389648438,336780
2024-03-22,131.05999755859375,131.32000732421875,130.60000610351562,130.97999572753906,1237
2024-03-25,130.96000671386719,131.08000183105469,130.10000610351562,130.8800048828125,8845
2024-03-26,130.86000061035156,131.69999694824219,130.69999694824219,131.69999694824219,2312
2024-03-27,131.75999450683594,132.30000305175781,131.55999755859375,132,22541
2024-03-28,132.24000549316406,132.82000732421875,131.94000244140625,131.94000244140625,2433
2024-04-02,131.89999389648438,132.39999389648438,130.05999755859375,130.05999755859375,7678
2024-04-03,130.46000671386719,130.74000549316406,130.10000610351562,130.58000183105469,2668
2024-04-04,130.52000427246094,131.16000366210938,130.3800048828125,130.63999938964844,8430
2024-04-05,128.83999633789062,129.08000183105469,128.33999633789062,129.08000183105469,4647
2024-04-08,129.03999328613281,130.05999755859375,129.03999328613281,129.75999450683594,4344
2024-04-09,129.27999877929688,129.47999572753906,128.36000061035156,128.36000061035156,38453
2024-04-10,129.19999694824219,129.24000549316406,127.22000122070312,128.41999816894531,26132
2024-04-11,128.41999816894531,128.83999633789062,127.16000366210938,127.95999908447266,7078
2024-04-12,129.22000122070312,129.33999633789062,127.12000274658203,127.66000366210938,6032
2024-04-15,128.46000671386719,129.46000671386719,127.91999816894531,128.22000122070312,11080
2024-04-16,126.51999664306641,127.13999938964844,126.09999847412109,126.54000091552734,8401
2024-04-17,127.30000305175781,128.6199951171875,127.30000305175781,127.44000244140625,4519
2024-04-18,128.25999450683594,128.58000183105469,127.72000122070312,128.3800048828125,3767
2024-04-19,127.68000030517578,128.67999267578125,127.27999877929688,128.46000671386719,11097
2024-04-22,129.25999450683594,129.47999572753906,128.32000732421875,128.8800048828125,4143
2024-04-23,129.63999938964844,130.25999450683594,129.30000305175781,130.25999450683594,6374
2024-04-24,130,130.82000732421875,129.67999267578125,130,6941
2024-04-25,130.08000183105469,130.10000610351562,127.91999816894531,128.91999816894531,8654
2024-04-26,129.89999389648438,130.1199951171875,129,130,3044
2024-04-29,130.60000610351562,130.66000366210938,129.72000122070312,129.74000549316406,5630
2024-04-30,130.22000122070312,130.36000061035156,128.91999816894531,129.30000305175781,4280
2024-05-02,129.53999328613281,129.53999328613281,128.55999755859375,128.75999450683594,11733
2024-05-03,129.39999389648438,130.3800048828125,129,129.6199951171875,1621
2024-05-06,129.72000122070312,130.83999633789062,129.72000122070312,130.39999389648438,5865
2024-05-07,130.97999572753906,131.75999450683594,130.63999938964844,131.75999450683594,7556
2024-05-08,132.1199951171875,133.3800048828125,132.08000183105469,132.91999816894531,2396
2024-05-09,132.91999816894531,133.74000549316406,132.52000427246094,133.6199951171875,15145
2024-05-10,134.63999938964844,134.8800048828125,134.24000549316406,134.33999633789062,5004
2024-05-13,134.63999938964844,134.67999267578125,134,134.36000061035156,2288
2024-05-14,134.17999267578125,134.82000732421875,134.05999755859375,134.72000122070312,4231
2024-05-15,135,135.17999267578125,134.39999389648438,135.16000366210938,2489
2024-05-16,135.17999267578125,135.17999267578125,134.3800048828125,134.46000671386719,4450
2024-05-17,134.19999694824219,134.47999572753906,133.44000244140625,133.77999877929688,756
2024-05-20,134.30000305175781,134.91999816894531,134.13999938964844,134.6199951171875,1165
2024-05-21,134.52000427246094,134.58000183105469,133.52000427246094,134.22000122070312,1679
2024-05-22,134.27999877929688,134.27999877929688,133.5,133.75999450683594,5114
2024-05-23,134.10000610351562,134.25999450683594,133.5,133.83999633789062,16539
2024-05-24,132.82000732421875,133.75999450683594,132.82000732421875,133.69999694824219,4195
2024-05-27,133.69999694824219,134.27999877929688,133.60000610351562,134.27999877929688,1783
2024-05-28,134.66000366210938,134.67999267578125,133.13999938964844,133.46000671386719,2598
2024-05-29,132.94000244140625,132.94000244140625,131.24000549316406,131.47999572753906,7335
2024-05-30,131.44000244140625,132.39999389648438,131.27999877929688,132.33999633789062,7555
2024-05-31,132.32000732421875,132.44000244140625,131.80000305175781,132.27999877929688,3420
2024-06-03,133.46000671386719,133.55999755859375,132.53999328613281,132.63999938964844,5185
2024-06-04,132.52000427246094,132.67999267578125,131.60000610351562,131.91999816894531,7233
2024-06-05,132.77999877929688,133.36000061035156,132.25999450683594,133.05999755859375,5712
2024-06-06,133.5,133.86000061035156,133.16000366210938,133.52000427246094,3768
2024-06-07,133.53999328613281,133.53999328613281,131.67999267578125,132.67999267578125,15367
2024-06-10,129.94000244140625,130.96000671386719,129.52000427246094,130.96000671386719,49290
2024-06-11,131.08000183105469,131.55999755859375,128.80000305175781,129.36000061035156,6971
2024-06-12,129.75999450683594,131.1199951171875,129.6199951171875,130.96000671386719,6684
2024-06-13,130.52000427246094,130.69999694824219,127.95999908447266,128.22000122070312,19993
2024-06-14,127.58000183105469,127.63999938964844,123.94000244140625,124.54000091552734,29153
2024-06-17,125.04000091552734,125.80000305175781,124.18000030517578,125.63999938964844,70752
2024-06-18,126.91999816894531,126.94000244140625,125.63999938964844,126.68000030517578,16437
2024-06-19,126.62000274658203,126.76000213623047,125.73999786376953,125.90000152587891,8664
2024-06-20,125.98000335693359,127.80000305175781,125.98000335693359,127.69999694824219,9179
2024-06-21,127.40000152587891,127.45999908447266,126.5,126.91999816894531,26669
2024-06-24,127.08000183105469,128.53999328613281,127,128.27999877929688,5118
2024-06-25,127.08000183105469,127.40000152587891,126.5,127.22000122070312,10546
2024-06-26,128,128.03999328613281,125.58000183105469,126.37999725341797,36528
2024-06-27,126.62000274658203,126.69999694824219,125,125.13999938964844,2164
2024-06-28,125,125.13999938964844,123.77999877929688,124.18000030517578,23251
2024-07-01,127.41999816894531,127.80000305175781,125.62000274658203,125.62000274658203,7407
2024-07-02,124.81999969482422,125.23999786376953,124.01999664306641,125.19999694824219,18864
2024-07-03,125.86000061035156,127.31999969482422,125.58000183105469,126.81999969482422,10152
2024-07-04,127.55999755859375,127.91999816894531,127.40000152587891,127.80000305175781,16588
2024-07-05,128.05999755859375,128.52000427246094,127.01999664306641,127.58000183105469,44903
2024-07-08,126.94000244140625,128.86000061035156,126.91999816894531,126.91999816894531,12030
2024-07-09,126.62000274658203,126.62000274658203,124.59999847412109,124.98000335693359,42024
2024-07-10,125.26000213623047,126.27999877929688,124.66000366210938,126.19999694824219,9154
2024-07-11,126.86000061035156,127.33999633789062,126.26000213623047,127.18000030517578,6193
2024-07-12,127.55999755859375,128.97999572753906,127.55999755859375,128.80000305175781,2403
2024-07-15,127.80000305175781,128.47999572753906,126.86000061035156,127.05999755859375,4316
2024-07-16,126.13999938964844,126.55999755859375,125.91999816894531,126.48000335693359,8176
2024-07-17,126.33999633789062,126.95999908447266,125.68000030517578,126.45999908447266,6680
2024-07-18,126.91999816894531,127.44000244140625,126.09999847412109,126.41999816894531,1562
2024-07-19,125.87999725341797,125.91999816894531,125,125.5,28542
2024-07-22,126.18000030517578,127.54000091552734,126.13999938964844,127.18000030517578,9613
2024-07-23,127.27999877929688,127.86000061035156,126.5,127.13999938964844,1873
2024-07-24,125.13999938964844,125.95999908447266,124.80000305175781,125.40000152587891,11552
2024-07-25,124.09999847412109,124.30000305175781,122.95999908447266,124.30000305175781,11639
2024-07-26,124.22000122070312,125.81999969482422,124.01999664306641,125.69999694824219,6824
2024-07-29,126.05999755859375,126.05999755859375,124.19999694824219,124.5,2654
2024-07-30,124.66000366210938,125.40000152587891,124.5,124.94000244140625,35493
2024-07-31,126.41999816894531,126.73999786376953,125.68000030517578,126.01999664306641,11976
2024-08-01,125.01999664306641,125.01999664306641,122.83999633789062,123.09999847412109,15635
2024-08-02,122.66000366210938,122.77999877929688,120.62000274658203,120.95999908447266,4697
2024-08-05,118.27999877929688,119.62000274658203,117.5,119.5,8475
2024-08-06,119.73999786376953,120.13999938964844,118.31999969482422,119.22000122070312,18010
2024-08-07,119.69999694824219,121.73999786376953,119.59999847412109,121.48000335693359,93444
2024-08-08,120.45999908447266,121.26000213623047,119.77999877929688,121.12000274658203,12314
2024-08-09,121.16000366210938,122.27999877929688,121.09999847412109,121.54000091552734,8795
2024-08-12,122,122,120.81999969482422,121.01999664306641,10724
2024-08-13,121.59999847412109,121.68000030517578,120.81999969482422,121.68000030517578,2107
2024-08-14,122.45999908447266,122.66000366210938,121.94000244140625,122.66000366210938,3801
2024-08-15,122.90000152587891,124.23999786376953,122.30000305175781,124.05999755859375,965
2024-08-16,124.37999725341797,124.76000213623047,124.19999694824219,124.62000274658203,1074
2024-08-19,124.62000274658203,125.62000274658203,124.51999664306641,125.41999816894531,2869
2024-08-20,125.87999725341797,125.91999816894531,125.30000305175781,125.37999725341797,3433
2024-08-21,125.59999847412109,126,125.5,126,4572
2024-08-22,126.05999755859375,126.72000122070312,126.05999755859375,126.12000274658203,6698
2024-08-23,126.36000061035156,127.05999755859375,126.31999969482422,127.05999755859375,1913
2024-08-26,127.12000274658203,127.31999969482422,126.91999816894531,127.16000366210938,9951
2024-08-27,127.37999725341797,127.66000366210938,126.69999694824219,126.69999694824219,11210
2024-08-28,126.94000244140625,127.51999664306641,126.87999725341797,126.94000244140625,3068
2024-08-29,127.18000030517578,128.02000427246094,127.01999664306641,127.91999816894531,4561
2024-08-30,128.1199951171875,128.75999450683594,127.95999908447266,127.95999908447266,4664
2024-09-02,127.98000335693359,128.16000366210938,126.91999816894531,128.16000366210938,35507
2024-09-03,128.46000671386719,128.55999755859375,127.04000091552734,127.27999877929688,3453
2024-09-04,126.26000213623047,126.48000335693359,125.66000366210938,125.91999816894531,7931
2024-09-05,125.44000244140625,125.95999908447266,124.95999908447266,124.95999908447266,5004
2024-09-06,124.83999633789062,125.36000061035156,123.31999969482422,123.54000091552734,2884
2024-09-09,123.98000335693359,124.86000061035156,123.69999694824219,124.58000183105469,5227
2024-09-10,124.48000335693359,125.44000244140625,124.27999877929688,124.58000183105469,1202
2024-09-11,124.95999908447266,125.27999877929688,123.81999969482422,124.37999725341797,13428
2024-09-12,125.72000122070312,125.72000122070312,124.44000244140625,124.69999694824219,77715
2024-09-13,124.98000335693359,125.68000030517578,124.86000061035156,125.27999877929688,7319
2024-09-16,125.19999694824219,125.59999847412109,124.94000244140625,125.12000274658203,5737
2024-09-17,125.83999633789062,126.5,125.59999847412109,125.98000335693359,4614
2024-09-18,126.01999664306641,126.01999664306641,125.16000366210938,125.22000122070312,5518
2024-09-19,126.94000244140625,127.98000335693359,126.18000030517578,127.98000335693359,15622
2024-09-20,127.73999786376953,127.73999786376953,126.13999938964844,126.13999938964844,7962
2024-09-23,125.72000122070312,126.22000122070312,125.41999816894531,126.22000122070312,16395
2024-09-24,127.80000305175781,128.19999694824219,127.30000305175781,127.76000213623047,11167
2024-09-25,126.91999816894531,127.95999908447266,126.91999816894531,127.54000091552734,9365
2024-09-26,129.46000671386719,131,129.44000244140625,131,8436
2024-09-27,131.33999633789062,131.89999389648438,130.89999389648438,131.67999267578125,28393
2024-09-30,130.89999389648438,131.25999450683594,129.16000366210938,129.16000366210938,10848
2024-10-01,129.25999450683594,129.44000244140625,127.41999816894531,127.95999908447266,10419
2024-10-02,128.19999694824219,128.3800048828125,127.09999847412109,127.63999938964844,5454
2024-10-03,127.27999877929688,127.27999877929688,125.41999816894531,125.69999694824219,7944
2024-10-04,125.69999694824219,127.18000030517578,125.69999694824219,126.76000213623047,22557
2024-10-07,127.33999633789062,127.37999725341797,126.09999847412109,127.22000122070312,17717
2024-10-08,125.48000335693359,126.59999847412109,125.30000305175781,126.45999908447266,4918
2024-10-09,126.54000091552734,127.36000061035156,126.40000152587891,127.30000305175781,5943
2024-10-10,126.90000152587891,127.36000061035156,126.48000335693359,126.81999969482422,3890
2024-10-11,126.66000366210938,127.69999694824219,126.26000213623047,127.58000183105469,6315
2024-10-14,127.73999786376953,128.08000183105469,127,128.08000183105469,9418
2024-10-15,128.32000732421875,128.47999572753906,127,127.18000030517578,10730
2024-10-16,125.41999816894531,126.90000152587891,125.01999664306641,126.62000274658203,7016
2024-10-17,127.04000091552734,128.97999572753906,126.90000152587891,128.36000061035156,8017
2024-10-18,128.25999450683594,129.19999694824219,128.25999450683594,128.72000122070312,23526
2024-10-21,128.32000732421875,128.66000366210938,127.19999694824219,127.19999694824219,6635
2024-10-22,126.98000335693359,127.31999969482422,126,127.01999664306641,12329
2024-10-23,126.77999877929688,127.18000030517578,125.86000061035156,126.41999816894531,12281
2024-10-24,126.87999725341797,127.36000061035156,126.5,126.5,5960
2024-10-25,126.48000335693359,126.83999633789062,125.80000305175781,126.37999725341797,11278
2024-10-28,127.33999633789062,128.1199951171875,126.72000122070312,127.63999938964844,10511
2024-10-29,128.44000244140625,128.69999694824219,126.81999969482422,126.86000061035156,4832
2024-10-30,126,126.13999938964844,124.59999847412109,125.45999908447266,25764
2024-10-31,124.90000152587891,125.01999664306641,123.59999847412109,124.23999786376953,4512
2024-11-01,124.58000183105469,125.54000091552734,124.58000183105469,125.13999938964844,7126
2024-11-04,124.98000335693359,125.51999664306641,124.26000213623047,124.26000213623047,3866
2024-11-05,124.55999755859375,125.12000274658203,123.98000335693359,124.94000244140625,7727
2024-11-06,126.08000183105469,127.69999694824219,123.72000122070312,124.16000366210938,9026
2024-11-07,124.19999694824219,125.44000244140625,123.77999877929688,125.01999664306641,4738
2024-11-08,125.08000183105469,125.22000122070312,123.45999908447266,123.72000122070312,8756
2024-11-11,124.80000305175781,125.73999786376953,124.77999877929688,125.23999786376953,9654
2024-11-12,123.83999633789062,124.09999847412109,121.66000366210938,121.81999969482422,9833
2024-11-13,121.5,122.31999969482422,120.63999938964844,121.76000213623047,21712
2024-11-14,121.73999786376953,123.23999786376953,121.69999694824219,123.12000274658203,2977
2024-11-15,122.23999786376953,123.22000122070312,121.91999816894531,122.33999633789062,3400
2024-11-18,122.48000335693359,122.48000335693359,121.68000030517578,122.37999725341797,1345
2024-11-19,122.77999877929688,122.77999877929688,119.80000305175781,121.33999633789062,5019
2024-11-20,122,122.18000030517578,120.68000030517578,120.68000030517578,2956
2024-11-21,120.81999969482422,121.18000030517578,119.81999969482422,121.18000030517578,8484
2024-11-22,121.73999786376953,122.04000091552734,120.08000183105469,121.87999725341797,8391
2024-11-25,123.12000274658203,123.12000274658203,121.69999694824219,122.12000274658203,11184
2024-11-26,121.08000183105469,122.22000122070312,121,121.18000030517578,5576
2024-11-27,120.09999847412109,120.68000030517578,119.51999664306641,120.37999725341797,13243
2024-11-28,120.81999969482422,121.59999847412109,120.81999969482422,121.05999755859375,8259
2024-11-29,120.80000305175781,122.12000274658203,120.80000305175781,121.94000244140625,12371
2024-12-02,120.81999969482422,123,120.81999969482422,122.51999664306641,7270
2024-12-03,122.98000335693359,123.95999908447266,122.36000061035156,122.76000213623047,10885
2024-12-04,123.22000122070312,123.95999908447266,123.05999755859375,123.66000366210938,8894
2024-12-05,123.5,124.33999633789062,123.41999816894531,124.19999694824219,2232
2024-12-06,124.23999786376953,126.19999694824219,124.23999786376953,125.90000152587891,19127
2024-12-09,126.73999786376953,127.19999694824219,126.13999938964844,126.66000366210938,16008
2024-12-10,126.33999633789062,126.33999633789062,124.95999908447266,125.13999938964844,250613
2024-12-11,124.95999908447266,126.05999755859375,124.95999908447266,125.83999633789062,8089
2024-12-12,126.30000305175781,126.30000305175781,125.48000335693359,125.81999969482422,3117
2024-12-13,125.51999664306641,126.19999694824219,125.22000122070312,125.54000091552734,2810
2024-12-16,125.01999664306641,125.51999664306641,124.48000335693359,124.87999725341797,8058
2024-12-17,124.54000091552734,125.44000244140625,124.27999877929688,125.18000030517578,24406
2024-12-18,125.33999633789062,125.66000366210938,125.13999938964844,125.44000244140625,5428
2024-12-19,123.68000030517578,124.36000061035156,123.27999877929688,123.83999633789062,11586
2024-12-20,122.98000335693359,123.83999633789062,122.23999786376953,123.54000091552734,5357
2024-12-23,123.19999694824219,123.83999633789062,122.83999633789062,123.83999633789062,1288
2024-12-24,123.83999633789062,124.22000122070312,123.62000274658203,123.62000274658203,2074
2024-12-27,123.69999694824219,124.73999786376953,123.59999847412109,124.73999786376953,3823
2024-12-30,124.41999816894531,125.08000183105469,124,124.44000244140625,2905
2024-12-31,123,125.73999786376953,123,125.73999786376953,1541
2025-01-02,125.54000091552734,125.54000091552734,123.58000183105469,125.36000061035156,1262
2025-01-03,125.08000183105469,125.08000183105469,123.23999786376953,123.48000335693359,8713
2025-01-06,124.18000030517578,126.30000305175781,123.87999725341797,126.22000122070312,7611
2025-01-07,126.31999969482422,127.41999816894531,125.81999969482422,126.86000061035156,5476
2025-01-08,126.58000183105469,126.94000244140625,125.30000305175781,126.16000366210938,24465
2025-01-09,125.45999908447266,127.16000366210938,125.45999908447266,126.91999816894531,1239
2025-01-10,126.73999786376953,127.26000213623047,125.59999847412109,125.68000030517578,1800
2025-01-13,125.23999786376953,125.41999816894531,124.33999633789062,125.22000122070312,10672
2025-01-14,126.62000274658203,126.81999969482422,125.51999664306641,125.51999664306641,2701
2025-01-15,125.86000061035156,127.23999786376953,125.51999664306641,126.45999908447266,3314
2025-01-16,128.3800048828125,129.05999755859375,127.87999725341797,129.05999755859375,8759
2025-01-17,129.55999755859375,130.63999938964844,129.55999755859375,130.25999450683594,12662
2025-01-20,130.66000366210938,131.27999877929688,130.25999450683594,130.74000549316406,4547
2025-01-21,130.67999267578125,131.5,130.66000366210938,131.5,2213
2025-01-22,131.69999694824219,133.08000183105469,131.46000671386719,132.66000366210938,5121
2025-01-23,132.72000122070312,133.75999450683594,132.58000183105469,133.75999450683594,6493
2025-01-24,134.80000305175781,135.44000244140625,133.8800048828125,134.30000305175781,6647
2025-01-27,133.36000061035156,134.05999755859375,132.6199951171875,133.69999694824219,5663
2025-01-28,133.52000427246094,134.47999572753906,133.22000122070312,133.41999816894531,2175
2025-01-29,133.16000366210938,133.32000732421875,132.58000183105469,132.94000244140625,11041
2025-01-30,133.47999572753906,134.24000549316406,133.3800048828125,134.16000366210938,3851
2025-01-31,134.47999572753906,135.05999755859375,134.03999328613281,134.24000549316406,7882
2025-02-03,131.6199951171875,132.94000244140625,131.44000244140625,132.67999267578125,4725
2025-02-04,132.91999816894531,133.25999450683594,131.96000671386719,133.16000366210938,5708
2025-02-05,132.66000366210938,132.86000061035156,132.02000427246094,132.63999938964844,2016
2025-02-06,133.1199951171875,134.89999389648438,133,134.72000122070312,2936
2025-02-07,134.6199951171875,134.89999389648438,133.80000305175781,134.16000366210938,8405
2025-02-10,134.39999389648438,134.77999877929688,134.03999328613281,134.77999877929688,3937
2025-02-11,134.97999572753906,135.13999938964844,134.55999755859375,135.03999328613281,12956
2025-02-12,135.44000244140625,135.74000549316406,134.44000244140625,135.27999877929688,9455
2025-02-13,136.44000244140625,137.27999877929688,136.03999328613281,136.96000671386719,604427
2025-02-14,137.32000732421875,137.82000732421875,137.17999267578125,137.27999877929688,5461
2025-02-17,137.33999633789062,137.63999938964844,137.13999938964844,137.47999572753906,5609
2025-02-18,137.77999877929688,138.10000610351562,136.97999572753906,137.74000549316406,7234
2025-02-19,137.63999938964844,137.63999938964844,135.86000061035156,136.08000183105469,28219
2025-02-20,136.75999450683594,137.22000122070312,136.08000183105469,136.27999877929688,2453
2025-02-21,136.66000366210938,137.39999389648438,136.60000610351562,137.1199951171875,12490
2025-02-24,136.77999877929688,136.94000244140625,135.58000183105469,135.94000244140625,6111
2025-02-25,135.80000305175781,136.32000732421875,135.32000732421875,135.6199951171875,739
2025-02-26,136.83999633789062,137.83999633789062,136.30000305175781,137.33999633789062,36490
2025-02-27,136.67999267578125,137.1199951171875,135.69999694824219,136.52000427246094,3489
2025-02-28,135.63999938964844,136.75999450683594,135.22000122070312,136.75999450683594,16301
2025-03-03,137.22000122070312,139.25999450683594,136.53999328613281,138.3800048828125,9890
2025-03-04,137.22000122070312,137.46000671386719,135.17999267578125,135.97999572753906,12778
2025-03-05,137.91999816894531,139.53999328613281,137.89999389648438,138.58000183105469,17783
2025-03-06,139.27999877929688,139.53999328613281,137.55999755859375,139.16000366210938,43760
2025-03-07,138.33999633789062,139.5,136.69999694824219,137.77999877929688,5379
2025-03-10,138.25999450683594,138.25999450683594,136.05999755859375,136.17999267578125,13528
2025-03-11,136.63999938964844,137,134.1199951171875,134.5,19353
2025-03-12,135.80000305175781,136.8800048828125,134.80000305175781,135.33999633789062,15713
2025-03-13,135.30000305175781,136.08000183105469,134.36000061035156,134.5,23800
2025-03-14,134.10000610351562,136.3800048828125,134.10000610351562,136.19999694824219,10328
2025-03-17,136.1199951171875,137.05999755859375,135.8800048828125,137.05999755859375,4461
2025-03-18,137.47999572753906,138.05999755859375,137.24000549316406,137.8800048828125,23973
2025-03-19,137.72000122070312,138.8800048828125,137.55999755859375,138.67999267578125,23858
2025-03-20,138.36000061035156,138.39999389648438,136.5,137.05999755859375,41119
2025-03-21,136.3800048828125,136.6199951171875,135.66000366210938,136.16000366210938,26010
2025-03-24,137.46000671386719,137.46000671386719,135.55999755859375,135.77999877929688,2630
2025-03-25,136.30000305175781,137.58000183105469,136.13999938964844,136.96000671386719,6852
2025-03-26,136.44000244140625,136.44000244140625,135.27999877929688,135.39999389648438,2673
2025-03-27,134.10000610351562,135.19999694824219,133.60000610351562,134.75999450683594,5693
2025-03-28,134.16000366210938,134.53999328613281,133.36000061035156,133.80000305175781,8285
2025-03-31,132.47999572753906,132.5,130.86000061035156,131.30000305175781,6066
2025-04-01,132.33999633789062,133.10000610351562,131.75999450683594,133.02000427246094,6220
2025-04-02,132.5,132.6199951171875,131.47999572753906,132.6199951171875,1949
2025-04-03,129.8800048828125,130.75999450683594,128.69999694824219,128.86000061035156,16169
2025-04-04,127.90000152587891,128.80000305175781,122.54000091552734,123.59999847412109,35694
2025-04-07,115.83999633789062,124.16000366210938,115.37999725341797,117.91999816894531,19988
2025-04-08,119.95999908447266,122.27999877929688,118.30000305175781,120.90000152587891,24908
2025-04-09,117.95999908447266,119.30000305175781,115.62000274658203,116.95999908447266,8674
2025-04-10,125.51999664306641,125.81999969482422,121.58000183105469,121.58000183105469,21277
2025-04-11,123.22000122070312,123.22000122070312,119.80000305175781,121.51999664306641,12134
2025-04-14,124.08000183105469,124.94000244140625,123.54000091552734,124.27999877929688,3368
2025-04-15,124.16000366210938,125.51999664306641,123.69999694824219,125.37999725341797,9065
2025-04-16,124.62000274658203,125.09999847412109,123.83999633789062,125.09999847412109,8167
2025-04-17,124.68000030517578,125,123.90000152587891,124.36000061035156,2412
2025-04-22,124.68000030517578,125.30000305175781,123.51999664306641,125.30000305175781,4339
2025-04-23,127.04000091552734,129.10000610351562,126.86000061035156,128.08000183105469,33840
2025-04-24,127.55999755859375,128.94000244140625,127.16000366210938,128.83999633789062,18976
2025-04-25,130.02000427246094,130.27999877929688,129.41999816894531,129.55999755859375,5681
2025-04-28,130.22000122070312,131.16000366210938,130.1199951171875,130.46000671386719,2423
2025-04-29,130.30000305175781,130.66000366210938,129.63999938964844,130.10000610351562,4129
2025-04-30,131,131.39999389648438,129.96000671386719,131,8483
2025-05-02,133.05999755859375,134.60000610351562,132.66000366210938,134.22000122070312,4128
2025-05-05,134.6199951171875,134.96000671386719,133.94000244140625,134.36000061035156,5659
2025-05-06,134.46000671386719,134.52000427246094,132.96000671386719,133.83999633789062,9160
2025-05-07,133.52000427246094,133.52000427246094,132.5,132.55999755859375,10934
2025-05-08,133.44000244140625,135,133.17999267578125,133.94000244140625,9226
2025-05-09,134.66000366210938,135.13999938964844,134.47999572753906,134.74000549316406,1551
2025-05-12,136.25999450683594,137.13999938964844,135.5,136.77999877929688,7801
2025-05-13,136.94000244140625,137.19999694824219,136.80000305175781,137.1199951171875,2067
2025-05-14,137.05999755859375,137.05999755859375,135.96000671386719,136.52000427246094,3687
2025-05-15,136.33999633789062,136.82000732421875,136,136.82000732421875,11579
2025-05-16,137.25999450683594,137.69999694824219,136.66000366210938,137.16000366210938,2788
2025-05-19,137.08000183105469,137.83999633789062,136.72000122070312,137.83999633789062,5877
2025-05-20,138.25999450683594,139.25999450683594,137.89999389648438,139.25999450683594,1431
2025-05-21,138.77999877929688,138.96000671386719,137.96000671386719,138.6199951171875,1867
2025-05-22,138.25999450683594,138.25999450683594,136.97999572753906,137.96000671386719,4600
2025-05-23,138.19999694824219,138.19999694824219,133.74000549316406,135.86000061035156,11782
2025-05-26,137.82000732421875,137.89999389648438,137.13999938964844,137.63999938964844,4253
2025-05-27,137.39999389648438,138.24000549316406,137.39999389648438,137.82000732421875,3133
2025-05-28,137.91999816894531,138.25999450683594,137.17999267578125,137.17999267578125,2169
2025-05-29,138.44000244140625,138.52000427246094,137.17999267578125,137.17999267578125,663
2025-05-30,137.1199951171875,137.6199951171875,136.67999267578125,136.72000122070312,12827
2025-06-02,136.27999877929688,136.32000732421875,135.24000549316406,136.24000549316406,5486
2025-06-03,136.60000610351562,136.74000549316406,135.67999267578125,136.74000549316406,1247
2025-06-04,137.17999267578125,138.24000549316406,137.16000366210938,137.67999267578125,1243
2025-06-05,138,138.41999816894531,136.96000671386719,137.52000427246094,2065
2025-06-06,137.60000610351562,137.83999633789062,137.10000610351562,137.60000610351562,1208
2025-06-09,137.67999267578125,137.80000305175781,137.08000183105469,137.39999389648438,2190
2025-06-10,137.36000061035156,137.6199951171875,136.8800048828125,137.27999877929688,2064
2025-06-11,137.53999328613281,137.94000244140625,136.75999450683594,136.75999450683594,5843
2025-06-12,136.03999328613281,136.66000366210938,135.1199951171875,136.32000732421875,5419
2025-06-13,134.39999389648438,135.19999694824219,134.19999694824219,134.8800048828125,6815
2025-06-16,135.33999633789062,136.27999877929688,135.24000549316406,136.03999328613281,2558
2025-06-17,134.94000244140625,135.02000427246094,134.16000366210938,134.75999450683594,2419
2025-06-18,135.02000427246094,135.16000366210938,134,134.33999633789062,2523
2025-06-19,133.46000671386719,133.5,132.22000122070312,132.30000305175781,4968
2025-06-20,133,133.8800048828125,132.94000244140625,133.03999328613281,19114
2025-06-23,132.05999755859375,133,131.5,132.13999938964844,2522
2025-06-24,134.89999389648438,135.10000610351562,133.8800048828125,133.94000244140625,6516
2025-06-25,134.17999267578125,134.52000427246094,132.86000061035156,132.86000061035156,4614
2025-06-26,133.44000244140625,133.5,132.5,132.74000549316406,2735
2025-06-27,133.91999816894531,135.27999877929688,133.91999816894531,135.27999877929688,24030
2025-06-30,135.60000610351562,135.69999694824219,134.89999389648438,134.94000244140625,5070
2025-07-01,135.13999938964844,135.13999938964844,134.03999328613281,135.03999328613281,1954
2025-07-02,135.77999877929688,136.69999694824219,135.22000122070312,136.17999267578125,6761
2025-07-03,136.63999938964844,136.72000122070312,135.83999633789062,136.41999816894531,5610
2025-07-04,135.66000366210938,135.66000366210938,134.8800048828125,135.5,6678
2025-07-07,135.69999694824219,136.13999938964844,135.3800048828125,136.13999938964844,931
2025-07-08,136.1199951171875,136.86000061035156,135.58000183105469,136.77999877929688,2274
2025-07-09,137.24000549316406,138.75999450683594,137.08000183105469,138.66000366210938,10234
2025-07-10,139.19999694824219,139.82000732421875,138.80000305175781,139.16000366210938,12764
2025-07-11,138.6199951171875,138.6199951171875,137.44000244140625,137.66000366210938,3328
2025-07-14,136.47999572753906,137.27999877929688,136.39999389648438,137.27999877929688,4833
2025-07-15,137.58000183105469,137.82000732421875,136.47999572753906,136.53999328613281,6540
2025-07-16,136.05999755859375,136.75999450683594,135.83999633789062,135.83999633789062,3838
2025-07-17,137.25999450683594,137.83999633789062,137.13999938964844,137.80000305175781,3067
2025-07-18,138.5,138.69999694824219,137.58000183105469,137.77999877929688,1779
2025-07-21,137.83999633789062,138,136.75999450683594,137.36000061035156,3321
2025-07-22,137.02000427246094,137.02000427246094,136.08000183105469,136.3800048828125,4893
2025-07-23,138.19999694824219,138.60000610351562,137.67999267578125,138.32000732421875,22325
2025-07-24,138.97999572753906,139.22000122070312,137.52000427246094,137.86000061035156,5751
2025-07-25,137.02000427246094,138.39999389648438,136.80000305175781,138.16000366210938,3019
2025-07-28,139.72000122070312,139.80000305175781,137.30000305175781,137.36000061035156,9583
2025-07-29,137.91999816894531,139.55999755859375,137.91999816894531,138.33999633789062,6422
2025-07-30,138.32000732421875,139.63999938964844,138.32000732421875,138.60000610351562,3361
2025-07-31,138.67999267578125,139.16000366210938,136.86000061035156,136.86000061035156,12668
2025-08-01,135.02000427246094,135.33999633789062,132.5,132.86000061035156,10625
2025-08-04,133.36000061035156,134.44000244140625,133.36000061035156,134.44000244140625,3997
2025-08-05,134.96000671386719,134.97999572753906,133.94000244140625,134.10000610351562,4517
2025-08-06,134.58000183105469,134.8800048828125,133.91999816894531,134.10000610351562,2986
2025-08-07,134.53999328613281,136.05999755859375,134.41999816894531,135.6199951171875,6603
2025-08-08,136.1199951171875,136.5,135.5,136.10000610351562,3678
2025-08-11,136.46000671386719,136.46000671386719,135.22000122070312,135.30000305175781,3368
2025-08-12,135.96000671386719,136.19999694824219,135.24000549316406,136.03999328613281,4212
2025-08-13,136.80000305175781,137.41999816894531,136.55999755859375,137.27999877929688,1249
2025-08-14,137.52000427246094,138.36000061035156,137.52000427246094,138.32000732421875,2856
2025-08-15,138.97999572753906,139.44000244140625,138.77999877929688,139.17999267578125,2334
2025-08-18,139.02000427246094,139.10000610351562,138.10000610351562,138.58000183105469,1731
2025-08-19,138.89999389648438,140.39999389648438,138.74000549316406,140.39999389648438,2209
2025-08-20,139.52000427246094,140.66000366210938,139.52000427246094,140.08000183105469,2553
2025-08-21,139.96000671386719,139.97999572753906,138.97999572753906,139.46000671386719,628
2025-08-22,139.10000610351562,140.39999389648438,139.10000610351562,140.03999328613281,772
2025-08-25,139.63999938964844,139.63999938964844,137.66000366210938,137.66000366210938,1936
2025-08-26,135.6199951171875,136.32000732421875,134.67999267578125,135.55999755859375,8194
2025-08-27,135.8800048828125,136.47999572753906,135.44000244140625,136.19999694824219,5805
2025-08-28,137.03999328613281,137.80000305175781,135.96000671386719,136.58000183105469,5288
2025-08-29,136.25999450683594,136.39999389648438,135.32000732421875,135.32000732421875,3378
2025-09-01,135.72000122070312,136,135.13999938964844,135.27999877929688,6649
2025-09-02,135.82000732421875,135.89999389648438,134.32000732421875,134.36000061035156,5035
2025-09-03,135.39999389648438,136,134.72000122070312,135.82000732421875,2422
2025-09-04,135.3800048828125,135.74000549316406,135,135.36000061035156,12325
2025-09-05,135.63999938964844,135.86000061035156,134.72000122070312,135.1199951171875,4819
2025-09-08,135.55999755859375,136.44000244140625,135.19999694824219,136.25999450683594,8046
2025-09-09,136.52000427246094,137.13999938964844,136.08000183105469,136.33999633789062,29840
2025-09-10,137,137.69999694824219,136.44000244140625,136.58000183105469,2622
2025-09-11,137.08000183105469,138.22000122070312,136.94000244140625,137.82000732421875,1446
2025-09-12,137.96000671386719,138.19999694824219,137.03999328613281,137.8800048828125,3234
2025-09-15,138.24000549316406,139.75999450683594,138.24000549316406,139.10000610351562,6474
2025-09-16,138.94000244140625,139.41999816894531,137.6199951171875,137.77999877929688,3210
2025-09-17,138.22000122070312,138.22000122070312,137.13999938964844,137.13999938964844,38696
2025-09-18,137.97999572753906,139.13999938964844,137.97999572753906,138.55999755859375,4706
2025-09-19,139.05999755859375,139.97999572753906,138.52000427246094,138.52000427246094,7278
2025-09-22,138.44000244140625,138.44000244140625,137.5,138.1199951171875,18407
2025-09-23,138.80000305175781,139.66000366210938,138.74000549316406,138.74000549316406,1643
2025-09-24,138.66000366210938,138.66000366210938,137.55999755859375,137.75999450683594,3860
2025-09-25,137.1199951171875,137.67999267578125,136.55999755859375,137.22000122070312,8783
2025-09-26,137.94000244140625,138.72000122070312,137.75999450683594,138.6199951171875,2989
2025-09-29,138.77999877929688,139.32000732421875,138.67999267578125,139.03999328613281,2155
2025-09-30,138.83999633789062,139.47999572753906,138.19999694824219,139.47999572753906,2527
2025-10-01,139.60000610351562,141.30000305175781,139.19999694824219,141.02000427246094,1795
2025-10-02,142.10000610351562,143.22000122070312,141.94000244140625,142.69999694824219,5390
2025-10-03,143.22000122070312,143.39999389648438,142.44000244140625,143.19999694824219,5901
2025-10-06,142.25999450683594,142.32000732421875,140.17999267578125,141.13999938964844,7268
2025-10-07,141.22000122070312,141.83999633789062,140.46000671386719,141.19999694824219,4066
2025-10-08,141.52000427246094,142.83999633789062,141.39999389648438,142.6199951171875,49635
2025-10-09,142.94000244140625,143.39999389648438,142.27999877929688,142.27999877929688,1994
2025-10-10,142.77999877929688,143.17999267578125,140.17999267578125,140.17999267578125,12138
2025-10-13,140.94000244140625,141.86000061035156,140.10000610351562,140.74000549316406,7001
2025-10-14,139.44000244140625,140.52000427246094,138.69999694824219,140.27999877929688,3147
2025-10-15,143.5,143.89999389648438,143,143,7848
2025-10-16,142.89999389648438,144.97999572753906,142.52000427246094,144.97999572753906,6259
2025-10-17,143.3800048828125,145.55999755859375,143.25999450683594,144.83999633789062,18036
2025-10-20,145.63999938964844,145.91999816894531,144.5,145.44000244140625,2684
2025-10-21,145.46000671386719,146.80000305175781,145.46000671386719,146.58000183105469,1837
2025-10-22,145.33999633789062,146.19999694824219,145.19999694824219,145.3800048828125,4008
2025-10-23,145.13999938964844,145.96000671386719,145.13999938964844,145.39999389648438,2504
2025-10-24,145.52589416503906,145.52589416503906,145.52589416503906,145.52589416503906,0
2025-10-27,145.58000183105469,146,145.16000366210938,145.86000061035156,1860
2025-10-28,145.75999450683594,146,145.30000305175781,145.46000671386719,3102
2025-10-29,145,145.60000610351562,144.8800048828125,145.02000427246094,1109
2025-10-30,144.6199951171875,145.22000122070312,143.69999694824219,144.27999877929688,11861
2025-10-31,144.25999450683594,144.32000732421875,143.25999450683594,143.6199951171875,3481
2025-11-03,143.17999267578125,144,143.10000610351562,143.19999694824219,2969
2025-11-04,141.3800048828125,142.55999755859375,140.75999450683594,142.55999755859375,2208
2025-11-05,141.55999755859375,143.03999328613281,141.55999755859375,142.75999450683594,23535
2025-11-06,141.77999877929688,142.13999938964844,140.39999389648438,140.39999389648438,28011
2025-11-07,141.03999328613281,141.1199951171875,139.5,140.39999389648438,5579
2025-11-10,141.6199951171875,142.3800048828125,141.52000427246094,142.13999938964844,1409
2025-11-11,142.53999328613281,143.91999816894531,142.53999328613281,143.83999633789062,7180
2025-11-12,144.46000671386719,146.03999328613281,144.41999816894531,145.32000732421875,5151
2025-11-13,146.17999267578125,146.66000366210938,145.03999328613281,145.05999755859375,2747
2025-11-14,144.25999450683594,144.44000244140625,142.46000671386719,143.8800048828125,6426
2025-11-17,143.97999572753906,143.97999572753906,142.83999633789062,142.94000244140625,2788
2025-11-18,141.13999938964844,141.33999633789062,139.55999755859375,140.24000549316406,2516
2025-11-19,140.1199951171875,140.97999572753906,139.3800048828125,139.97999572753906,12425
2025-11-20,141.72000122070312,141.77999877929688,140.16000366210938,140.16000366210938,4486
2025-11-21,139.05999755859375,140.58000183105469,138.97999572753906,140.5,1288
2025-11-24,141.16000366210938,141.41999816894531,140.24000549316406,140.24000549316406,4400
2025-11-25,140.53999328613281,141.46000671386719,139.86000061035156,141.27999877929688,3534
2025-11-26,142.16000366210938,142.46000671386719,141.25999450683594,142.41999816894531,938
2025-11-27,142.5,142.74000549316406,142.10000610351562,142.6199951171875,4087
2025-11-28,142.67999267578125,143.02000427246094,142.25999450683594,142.89999389648438,2556
2025-12-01,142.1199951171875,142.72000122070312,141.66000366210938,142.6199951171875,2453
2025-12-02,142.46000671386719,143.24000549316406,142.13999938964844,142.17999267578125,3175
2025-12-03,142.24000549316406,142.5,141.58000183105469,142.22000122070312,6067
2025-12-04,142.72000122070312,143.24000549316406,142.58000183105469,142.72000122070312,2508
2025-12-05,143.24000549316406,143.72000122070312,142.94000244140625,142.94000244140625,1386
2025-12-08,142.55999755859375,142.89999389648438,142.33999633789062,142.75999450683594,1583
2025-12-09,142.91999816894531,143.02000427246094,141.3800048828125,141.66000366210938,3162
2025-12-10,141.19999694824219,141.46000671386719,140.89999389648438,141.32000732421875,928
2025-12-11,141.55999755859375,142.74000549316406,141.53999328613281,142.6199951171875,1324
2025-12-12,142.80000305175781,143.82000732421875,142.30000305175781,142.3800048828125,1415
2025-12-15,142.72000122070312,143.89999389648438,142.5,143.3800048828125,1746
2025-12-16,143.24000549316406,143.75999450683594,142.74000549316406,143.05999755859375,1411
2025-12-17,143.17999267578125,143.36000061035156,142.3800048828125,142.46000671386719,14945
2025-12-18,142.55999755859375,143.96000671386719,142.44000244140625,143.53999328613281,970
2025-12-19,143.60000610351562,144,143.19999694824219,143.6199951171875,2435
2025-12-22,143.25999450683594,143.32000732421875,142.55999755859375,142.89999389648438,986
2025-12-23,142.77999877929688,142.89999389648438,142.33999633789062,142.6199951171875,857
2025-12-24,142.89999389648438,143,142.47999572753906,142.66000366210938,1085
2025-12-29,142.66000366210938,143.13999938964844,142.1199951171875,142.96000671386719,6278
2025-12-30,142.66000366210938,144,142.44000244140625,143.8800048828125,1276
2025-12-31,143.63999938964844,143.69999694824219,142.8800048828125,143.69999694824219,2768
2026-01-02,143.19999694824219,144.63999938964844,143.19999694824219,144.32000732421875,8505
2026-01-05,144.82000732421875,145.30000305175781,143.96000671386719,144.66000366210938,3210
2026-01-06,144.44000244140625,145.46000671386719,143.44000244140625,144.97999572753906,4759
2026-01-07,145.58000183105469,145.6199951171875,144.91999816894531,145.30000305175781,4944
2026-01-08,145.13999938964844,145.63999938964844,144.75999450683594,145.47999572753906,4305
2026-01-09,146.08000183105469,147.47999572753906,146.08000183105469,147.33999633789062,13690
2026-01-12,147.08000183105469,147.77999877929688,146.5,147.27999877929688,2288
2026-01-13,146.91999816894531,147.17999267578125,146.27999877929688,146.86000061035156,1129
2026-01-14,147.5,147.67999267578125,146.30000305175781,146.30000305175781,4623
2026-01-15,146.63999938964844,146.77999877929688,145.72000122070312,146.02000427246094,5921
2026-01-16,146,146.13999938964844,144.60000610351562,145.02000427246094,4091
2026-01-19,142.44000244140625,143.27999877929688,141.89999389648438,142.30000305175781,5726
2026-01-20,141.1199951171875,141.16000366210938,140.10000610351562,141.10000610351562,4708
2026-01-21,141.03999328613281,141.53999328613281,140.1199951171875,141.10000610351562,2410
2026-01-22,142.83999633789062,143.33999633789062,142.52000427246094,142.60000610351562,7108
2026-01-23,142.10000610351562,142.67999267578125,141.60000610351562,142.41999816894531,1790
2026-01-26,142.16000366210938,142.5,141.60000610351562,142.22000122070312,3555
2026-01-27,142.67999267578125,142.75999450683594,141.89999389648438,142.33999633789062,1098
2026-01-28,141.33999633789062,141.33999633789062,139.83999633789062,140.58000183105469,7659
2026-01-29,141.46000671386719,142,140.52000427246094,140.53999328613281,1530
2026-01-30,140.82000732421875,141.86000061035156,140.82000732421875,141.66000366210938,1655
2026-02-02,141.03999328613281,143.44000244140625,141.03999328613281,143.19999694824219,9175
2026-02-03,143.55999755859375,143.83999633789062,141.82000732421875,142.8800048828125,2374
2026-02-04,143.19999694824219,144.8800048828125,143.19999694824219,144.39999389648438,25465
2026-02-05,145.05999755859375,145.33999633789062,143,143.82000732421875,4924
2026-02-06,143.33999633789062,144.5,142.58000183105469,144.39999389648438,1228
2026-02-09,144.96000671386719,145.24000549316406,144.17999267578125,145.24000549316406,1675
2026-02-10,145.72000122070312,146.24000549316406,145.19999694824219,145.46000671386719,2172
2026-02-11,145.08000183105469,145.44000244140625,144.08000183105469,144.53999328613281,5465
2026-02-12,146.6199951171875,146.67999267578125,145.16000366210938,145.16000366210938,7010
2026-02-13,144.74000549316406,145.03999328613281,144,144.02000427246094,13353
2026-02-16,144.33999633789062,144.96000671386719,144.22000122070312,144.27999877929688,3961
2026-02-17,144.39999389648438,145.08000183105469,143.74000549316406,144.91999816894531,26976
2026-02-18,145.25999450683594,146.19999694824219,144.94000244140625,146.10000610351562,16327
2026-02-19,145.6199951171875,145.74000549316406,144.5,145.22000122070312,2339
2026-02-20,146.1199951171875,147.74000549316406,145.80000305175781,147.5,15432
2026-02-23,147.30000305175781,147.72000122070312,146.94000244140625,147.10000610351562,2084
2026-02-24,146.72000122070312,147.94000244140625,146.39999389648438,147.39999389648438,1660
2026-02-25,147.89999389648438,148.03999328613281,147.39999389648438,147.97999572753906,1412
2026-02-26,148.33999633789062,149.66000366210938,148.33999633789062,149.24000549316406,4430
2026-02-27,149.16000366210938,149.52000427246094,148.08000183105469,148.80000305175781,1742
2026-03-02,144.25999450683594,145.77999877929688,144.16000366210938,144.66000366210938,6164
2026-03-03,142.60000610351562,142.60000610351562,139.1199951171875,139.53999328613281,6165
2026-03-04,140.08000183105469,141.63999938964844,139.44000244140625,140.83999633789062,7112
2026-03-05,140.22000122070312,141.75999450683594,138.75999450683594,139.08000183105469,60802
2026-03-06,139.41999816894531,140.02000427246094,136.53999328613281,138.10000610351562,32922
2026-03-09,134.47999572753906,136.47999572753906,133.83999633789062,136.1199951171875,33769
2026-03-10,139.33999633789062,139.72000122070312,137.97999572753906,138.83999633789062,2324
2026-03-11,137.63999938964844,138.6199951171875,136.89999389648438,138.33999633789062,5902
2026-03-12,137.55999755859375,137.91999816894531,136.17999267578125,137.33999633789062,3506
2026-03-13,135.82000732421875,137.55999755859375,135.25999450683594,135.63999938964844,3308
2026-03-16,135.89999389648438,136.6199951171875,134.6199951171875,136.22000122070312,1770
2026-03-17,135.97999572753906,137.41999816894531,135.8800048828125,136.5,3920
2026-03-18,137.33999633789062,137.8800048828125,135.69999694824219,136.19999694824219,2149
2026-03-19,134.17999267578125,134.58000183105469,132.25999450683594,132.58000183105469,8355
2026-03-20,133.94000244140625,134.02000427246094,130.03999328613281,130.03999328613281,33333
2026-03-23,128.22000122070312,133.83999633789062,127.30000305175781,131.67999267578125,9617
2026-03-24,131.96000671386719,132.10000610351562,130,131.55999755859375,2229
2026-03-25,133.67999267578125,134.1199951171875,132.58000183105469,133.53999328613281,25403
2026-03-26,132.75999450683594,133.39999389648438,131.74000549316406,132.30000305175781,25722
2026-03-27,132.16000366210938,132.22000122070312,130.74000549316406,130.86000061035156,5080
2026-03-30,130.5,131.82000732421875,130.36000061035156,131.82000732421875,4775
2026-03-31,131.96000671386719,133.08000183105469,131.55999755859375,132.67999267578125,8411
2026-04-01,136.03999328613281,136.25999450683594,134.80000305175781,136.24000549316406,6145
2026-04-02,133.66000366210938,135.69999694824219,133.3800048828125,135.33999633789062,1785
2026-04-07,135.89999389648438,137.39999389648438,133.74000549316406,134.52000427246094,10382
2026-04-08,142.75999450683594,142.75999450683594,140.36000061035156,141.44000244140625,14550
2026-04-09,140.89999389648438,140.89999389648438,139.33999633789062,140.44000244140625,2818
2026-04-10,140.66000366210938,141.91999816894531,140.44000244140625,140.6199951171875,4776
2026-04-13,139.13999938964844,140,138.80000305175781,140,10607
2026-04-14,140.46000671386719,142.47999572753906,140.46000671386719,142.46000671386719,3565
2026-04-15,141.36000061035156,141.86000061035156,141.05999755859375,141.5,2455
2026-04-16,141.75999450683594,142.53999328613281,141.39999389648438,141.39999389648438,3597
2026-04-17,141.67999267578125,145.72000122070312,141.46000671386719,145,5640
2026-04-20,143.08000183105469,143.46000671386719,142.74000549316406,143.10000610351562,4457
2026-04-21,143.10000610351562,143.89999389648438,141.60000610351562,141.60000610351562,1148
2026-04-22,141.94000244140625,141.94000244140625,139.89999389648438,139.89999389648438,2375
2026-04-23,140.30000305175781,141.17999267578125,139.63999938964844,141.05999755859375,11738
2026-04-24,140.33999633789062,140.80000305175781,139,139.89999389648438,2661
2026-04-27,140.33999633789062,140.82000732421875,139.44000244140625,139.69999694824219,3213
2026-04-28,139.32000732421875,140.10000610351562,138.75999450683594,139.10000610351562,51338
2026-04-29,139.08000183105469,139.08000183105469,137.91999816894531,138.63999938964844,5132
2026-04-30,137.19999694824219,139.55999755859375,137.10000610351562,139.55999755859375,4485
2026-05-04,139.60000610351562,139.60000610351562,137.22000122070312,137.32000732421875,2702
2026-05-05,137.66000366210938,139.39999389648438,137.66000366210938,139.39999389648438,2550
2026-05-06,140.94000244140625,145,140.86000061035156,144.05999755859375,7807
2026-05-07,144.33999633789062,145.13999938964844,142.19999694824219,142.19999694824219,7849
2026-05-08,141,141.39999389648438,140.32000732421875,140.58000183105469,3858
2026-05-11,140.22000122070312,140.53999328613281,139.19999694824219,139.96000671386719,1164
2026-05-12,138.10000610351562,139.25999450683594,137.89999389648438,138.27999877929688,6594
2026-05-13,138.58000183105469,138.83999633789062,137.27999877929688,138.77999877929688,12806
2026-05-14,139.75999450683594,140.1199951171875,139.10000610351562,140.05999755859375,5107
2026-05-15,138.91999816894531,139.27999877929688,137.75999450683594,138.05999755859375,86826
2026-05-18,136.72000122070312,139.33999633789062,136.5,138.60000610351562,11906
2026-05-19,139.27999877929688,140.39999389648438,138.72000122070312,138.89999389648438,17468
2026-05-20,138.46000671386719,142.47999572753906,138.33999633789062,141.63999938964844,90856
2026-05-21,141.27999877929688,142,140.24000549316406,140.72000122070312,8972
2026-05-22,141.77999877929688,142.3800048828125,141.13999938964844,141.66000366210938,21093
2026-05-25,143.27999877929688,144.80000305175781,143.25999450683594,144.5,4747
2026-05-26,144.16000366210938,144.16000366210938,142.96000671386719,142.96000671386719,8641
2026-05-27,143.83999633789062,145.19999694824219,143.46000671386719,143.91999816894531,8752
2026-05-28,143.32000732421875,144.03999328613281,142.67999267578125,143.58000183105469,7366
2026-05-29,144.16000366210938,145.46000671386719,143.96000671386719,143.96000671386719,10990
2026-06-01,143.66000366210938,144.47999572753906,142.13999938964844,143.02000427246094,17230
2026-06-02,144.25999450683594,145.02000427246094,143.74000549316406,144.39999389648438,5791
2026-06-03,143.69999694824219,143.94000244140625,142.86000061035156,142.86000061035156,2587
2026-06-04,143.30000305175781,145.1199951171875,143.30000305175781,144.89999389648438,7288
2026-06-05,145.05999755859375,145.72000122070312,144.19999694824219,144.19999694824219,34559
2026-06-08,142.77999877929688,144.46000671386719,142.53999328613281,144.13999938964844,4098
2026-06-09,144.10000610351562,146,144.03999328613281,144.39999389648438,57808
2026-06-10,144.55999755859375,144.96000671386719,142.77999877929688,143.55999755859375,7861
2026-06-11,143.69999694824219,144.8800048828125,143.44000244140625,144.05999755859375,7053
2026-06-12,146.46000671386719,148.17999267578125,146.08000183105469,147.05999755859375,7352
2026-06-15,150.22000122070312,150.58000183105469,148.25999450683594,148.25999450683594,6109
2026-06-16,148.82000732421875,149.75999450683594,148.58000183105469,149.52000427246094,4940
2026-06-17,149.52000427246094,150.05999755859375,148.80000305175781,149.22000122070312,2630
2026-06-18,149.52000427246094,150.41999816894531,149.10000610351562,150.22000122070312,2758
2026-06-19,150.55999755859375,150.77999877929688,149.13999938964844,149.13999938964844,22645
2026-06-22,149.17999267578125,149.17999267578125,147.89999389648438,148.82000732421875,3619
2026-06-23,147.17999267578125,148.3800048828125,147,147.77999877929688,20642
2026-06-24,147.97999572753906,148.96000671386719,147.6199951171875,148.96000671386719,6439
2026-06-25,148.94000244140625,150.08000183105469,148.94000244140625,149.75999450683594,6946
2026-06-26,149.5,149.63999938964844,148.32000732421875,148.96000671386719,24929
2026-06-29,148.75999450683594,148.80000305175781,148.13999938964844,148.55999755859375,3427
2026-06-30,149.13999938964844,149.6199951171875,148.58000183105469,149.36000061035156,944
2026-07-01,148.8800048828125,149,147.89999389648438,148.46000671386719,807
