date,Open,High,Low,Close,Volume
2008-01-02,13.319899559020996,13.319899559020996,13.319899559020996,13.319899559020996,0
2008-01-03,13.165292739868164,13.165292739868164,13.165292739868164,13.165292739868164,0
2008-01-04,12.921489715576172,12.921489715576172,12.921489715576172,12.921489715576172,0
2008-01-07,12.826348304748533,12.826348304748535,12.826348304748533,12.826348304748535,0
2008-01-08,12.879862785339355,12.879862785339355,12.879862785339355,12.879862785339355,0
2008-01-09,12.594443321228026,12.594443321228027,12.594443321228026,12.594443321228027,0
2008-01-10,12.487404823303223,12.487404823303223,12.487404823303223,12.487404823303223,0
2008-01-11,12.427941322326658,12.42794132232666,12.427941322326658,12.42794132232666,0
2008-01-14,12.433888435363771,12.433888435363771,12.43388843536377,12.43388843536377,0
2008-01-15,12.160356521606445,12.160356521606445,12.160356521606445,12.160356521606445,0
2008-01-16,12.047375679016113,12.047375679016113,12.047375679016113,12.047375679016113,0
2008-01-17,12.065214157104492,12.065214157104492,12.065214157104492,12.065214157104492,0
2008-01-18,11.964122772216797,11.964122772216797,11.964122772216797,11.964122772216797,0
2008-01-21,11.428948402404785,11.428948402404785,11.428948402404785,11.428948402404785,0
2008-01-22,11.708429336547852,11.708429336547852,11.708429336547852,11.708429336547852,0
2008-01-23,11.405165672302246,11.405165672302246,11.405165672302246,11.405165672302246,0
2008-01-24,11.892764091491699,11.892764091491699,11.892764091491699,11.892764091491699,0
2008-01-25,11.934391021728516,11.934391021728516,11.934391021728516,11.934391021728516,0
2008-01-28,11.803569793701172,11.803569793701172,11.803569793701172,11.803569793701172,0
2008-01-29,12.071155548095703,12.071155548095703,12.071155548095703,12.071155548095703,0
2008-01-30,11.892764091491699,11.892764091491699,11.892764091491699,11.892764091491699,0
2008-01-31,11.987905502319336,11.987905502319336,11.987905502319336,11.987905502319336,0
2008-02-01,12.243602752685549,12.243602752685549,12.243602752685547,12.243602752685547,0
2008-02-04,12.273331642150879,12.273331642150879,12.273331642150879,12.273331642150879,0
2008-02-05,11.88087272644043,11.88087272644043,11.88087272644043,11.88087272644043,0
2008-02-06,11.922497749328615,11.922497749328615,11.922497749328613,11.922497749328613,0
2008-02-07,11.648961067199705,11.648961067199707,11.648961067199705,11.648961067199707,0
2008-02-08,11.619235038757322,11.619235038757324,11.619235038757322,11.619235038757324,0
2008-02-11,11.476516723632812,11.476516723632812,11.476516723632812,11.476516723632812,0
2008-02-12,11.708429336547852,11.708429336547852,11.708429336547852,11.708429336547852,0
2008-02-13,11.898711204528809,11.898711204528809,11.898711204528809,11.898711204528809,0
2008-02-14,11.868980407714844,11.868980407714844,11.868980407714844,11.868980407714844,0
2008-02-15,11.654912948608397,11.654912948608398,11.654912948608397,11.654912948608398,0
2008-02-18,11.809516906738283,11.809516906738283,11.809516906738281,11.809516906738281,0
2008-02-19,11.815462112426758,11.815462112426758,11.815462112426758,11.815462112426758,0
2008-02-20,11.75005054473877,11.75005054473877,11.75005054473877,11.75005054473877,0
2008-02-21,11.922497749328615,11.922497749328615,11.922497749328613,11.922497749328613,0
2008-02-22,11.868980407714844,11.868980407714844,11.868980407714844,11.868980407714844,0
2008-02-25,12.094941139221191,12.094941139221191,12.094941139221191,12.094941139221191,0
2008-02-26,12.184142112731934,12.184142112731934,12.184142112731934,12.184142112731934,0
2008-02-27,12.035477638244631,12.035477638244631,12.035477638244629,12.035477638244629,0
2008-02-28,11.702482223510742,11.702482223510742,11.702482223510742,11.702482223510742,0
2008-02-29,11.54193115234375,11.54193115234375,11.54193115234375,11.54193115234375,0
2008-03-03,11.393269538879395,11.393269538879395,11.393269538879395,11.393269538879395,0
2008-03-04,11.226770401000977,11.226770401000977,11.226770401000977,11.226770401000977,0
2008-03-05,11.446786880493162,11.446786880493164,11.446786880493162,11.446786880493164,0
2008-03-06,11.280288696289062,11.280288696289062,11.280288696289062,11.280288696289062,0
2008-03-07,11.202985763549805,11.202985763549805,11.202985763549805,11.202985763549805,0
2008-03-10,11.119736671447754,11.119736671447754,11.119736671447754,11.119736671447754,0
2008-03-11,11.024596214294435,11.024596214294435,11.024596214294434,11.024596214294434,0
2008-03-12,11.08405590057373,11.08405590057373,11.08405590057373,11.08405590057373,0
2008-03-13,10.947292327880859,10.947292327880859,10.947292327880859,10.947292327880859,0
2008-03-14,10.881879806518555,10.881879806518555,10.881879806518555,10.881879806518555,0
2008-03-17,10.435900688171387,10.435900688171387,10.435900688171387,10.435900688171387,0
2008-03-18,10.75700569152832,10.75700569152832,10.75700569152832,10.75700569152832,0
2008-03-19,10.572671890258789,10.572671890258789,10.572671890258789,10.572671890258789,0
2008-03-20,10.739167213439941,10.739167213439941,10.739167213439941,10.739167213439941,0
2008-03-25,11.018649101257322,11.018649101257324,11.018649101257322,11.018649101257324,0
2008-03-26,10.864041328430176,10.864041328430176,10.864041328430176,10.864041328430176,0
2008-03-27,10.965131759643555,10.965131759643555,10.965131759643555,10.965131759643555,0
2008-03-28,10.94133949279785,10.941339492797852,10.94133949279785,10.941339492797852,0
2008-03-31,10.822415351867676,10.822415351867676,10.822415351867676,10.822415351867676,0
2008-04-01,11.202985763549805,11.202985763549805,11.202985763549805,11.202985763549805,0
2008-04-02,11.363540649414061,11.363540649414062,11.363540649414061,11.363540649414062,0
2008-04-03,11.286232948303223,11.286232948303223,11.286232948303223,11.286232948303223,0
2008-04-04,11.238659858703613,11.238659858703613,11.238659858703613,11.238659858703613,0
2008-04-07,11.363540649414061,11.363540649414062,11.363540649414061,11.363540649414062,0
2008-04-08,11.208931922912598,11.208931922912598,11.208931922912598,11.208931922912598,0
2008-04-09,11.131627082824707,11.131627082824707,11.131627082824707,11.131627082824707,0
2008-04-10,11.131627082824707,11.131627082824707,11.131627082824707,11.131627082824707,0
2008-04-11,10.988917350769043,10.988917350769043,10.988917350769043,10.988917350769043,0
2008-04-14,10.92350959777832,10.92350959777832,10.92350959777832,10.92350959777832,0
2008-04-15,10.881879806518555,10.881879806518555,10.881879806518555,10.881879806518555,0
2008-04-16,11.125679969787598,11.125679969787598,11.125679969787598,11.125679969787598,0
2008-04-17,11.04837703704834,11.04837703704834,11.04837703704834,11.04837703704834,0
2008-04-18,11.286232948303223,11.286232948303223,11.286232948303223,11.286232948303223,0
2008-04-21,11.155414581298826,11.155414581298828,11.155414581298826,11.155414581298828,0
2008-04-22,11.095952033996582,11.095952033996582,11.095952033996582,11.095952033996582,0
2008-04-23,11.161361694335938,11.161361694335938,11.161361694335938,11.161361694335938,0
2008-04-24,11.155414581298826,11.155414581298828,11.155414581298826,11.155414581298828,0
2008-04-25,11.161361694335938,11.161361694335938,11.161361694335938,11.161361694335938,0
2008-04-28,11.202985763549805,11.202985763549805,11.202985763549805,11.202985763549805,0
2008-04-29,11.125679969787598,11.125679969787598,11.125679969787598,11.125679969787598,0
2008-04-30,11.315968513488771,11.315968513488771,11.31596851348877,11.31596851348877,0
2008-05-02,11.494357109069824,11.494357109069824,11.494357109069824,11.494357109069824,0
2008-05-05,11.488411903381348,11.488411903381348,11.488411903381348,11.488411903381348,0
2008-05-06,11.494357109069824,11.494357109069824,11.494357109069824,11.494357109069824,0
2008-05-07,11.654912948608397,11.654912948608398,11.654912948608397,11.654912948608398,0
2008-05-08,11.666805267333984,11.666805267333984,11.666805267333984,11.666805267333984,0
2008-05-09,11.530036926269531,11.530036926269531,11.530036926269531,11.530036926269531,0
2008-05-12,11.565717697143555,11.565717697143555,11.565717697143555,11.565717697143555,0
2008-05-13,11.54787540435791,11.54787540435791,11.54787540435791,11.54787540435791,0
2008-05-14,11.476516723632812,11.476516723632812,11.476516723632812,11.476516723632812,0
2008-05-15,11.607342720031738,11.607342720031738,11.607342720031738,11.607342720031738,0
2008-05-16,11.64301586151123,11.64301586151123,11.64301586151123,11.64301586151123,0
2008-05-19,11.767891883850098,11.767891883850098,11.767891883850098,11.767891883850098,0
2008-05-20,11.470573425292969,11.470573425292969,11.470573425292969,11.470573425292969,0
2008-05-21,11.226770401000977,11.226770401000977,11.226770401000977,11.226770401000977,0
2008-05-22,11.292181015014648,11.292181015014648,11.292181015014648,11.292181015014648,0
2008-05-23,11.238659858703613,11.238659858703613,11.238659858703613,11.238659858703613,0
2008-05-26,11.232718467712401,11.232718467712402,11.232718467712401,11.232718467712402,0
2008-05-27,11.185144424438477,11.185144424438477,11.185144424438477,11.185144424438477,0
2008-05-28,11.351646423339844,11.351646423339844,11.351646423339844,11.351646423339844,0
2008-05-29,11.428948402404785,11.428948402404785,11.428948402404785,11.428948402404785,0
2008-05-30,11.530036926269531,11.530036926269531,11.530036926269531,11.530036926269531,0
2008-06-02,11.351646423339844,11.351646423339844,11.351646423339844,11.351646423339844,0
2008-06-03,11.54787540435791,11.54787540435791,11.54787540435791,11.54787540435791,0
2008-06-04,11.476516723632812,11.476516723632812,11.476516723632812,11.476516723632812,0
2008-06-05,11.452733993530273,11.452733993530273,11.452733993530273,11.452733993530273,0
2008-06-06,11.161361694335938,11.161361694335938,11.161361694335938,11.161361694335938,0
2008-06-09,11.030538558959959,11.030538558959961,11.030538558959959,11.030538558959961,0
2008-06-10,11.042431831359863,11.042431831359863,11.042431831359863,11.042431831359863,0
2008-06-11,10.810525894165039,10.810525894165039,10.810525894165039,10.810525894165039,0
2008-06-12,10.864041328430176,10.864041328430176,10.864041328430176,10.864041328430176,0
2008-06-13,10.947292327880859,10.947292327880859,10.947292327880859,10.947292327880859,0
2008-06-16,10.929454803466797,10.929454803466797,10.929454803466797,10.929454803466797,0
2008-06-17,10.846205711364746,10.846205711364746,10.846205711364746,10.846205711364746,0
2008-06-18,10.620238304138182,10.620238304138184,10.620238304138182,10.620238304138184,0
2008-06-19,10.536988258361816,10.536988258361816,10.536988258361816,10.536988258361816,0
2008-06-20,10.233724594116211,10.233724594116211,10.233724594116211,10.233724594116211,0
2008-06-23,10.311027526855469,10.311027526855469,10.311027526855469,10.311027526855469,0
2008-06-24,10.162369728088379,10.162369728088379,10.162369728088379,10.162369728088379,0
2008-06-25,10.322920799255371,10.322920799255371,10.322920799255371,10.322920799255371,0
2008-06-26,10.043440818786621,10.043440818786621,10.043440818786621,10.043440818786621,0
2008-06-27,9.8888330459594727,9.8888330459594727,9.8888330459594727,9.8888330459594727,0
2008-06-30,9.9542427062988299,9.9542427062988299,9.9542427062988281,9.9542427062988281,0
2008-07-01,9.6509771347045898,9.6509771347045898,9.6509771347045898,9.6509771347045898,0
2008-07-02,9.5617837905883789,9.5617837905883789,9.5617837905883789,9.5617837905883789,0
2008-07-03,9.7520685195922852,9.7520685195922852,9.7520685195922852,9.7520685195922852,0
2008-07-04,9.6628713607788086,9.6628713607788086,9.6628713607788086,9.6628713607788086,0
2008-07-07,9.7461204528808594,9.7461204528808594,9.7461204528808594,9.7461204528808594,0
2008-07-08,9.6509771347045898,9.6509771347045898,9.6509771347045898,9.6509771347045898,0
2008-07-09,9.9066705703735334,9.9066705703735352,9.9066705703735334,9.9066705703735352,0
2008-07-10,9.710444450378418,9.710444450378418,9.710444450378418,9.710444450378418,0
2008-07-11,9.4012308120727539,9.4012308120727539,9.4012308120727539,9.4012308120727539,0
2008-07-14,9.4785337448120117,9.4785337448120117,9.4785337448120117,9.4785337448120117,0
2008-07-15,8.9611978530883789,8.9611978530883789,8.9611978530883789,8.9611978530883789,0
2008-07-16,9.2763576507568359,9.2763576507568359,9.2763576507568359,9.2763576507568359,0
2008-07-17,9.5974578857421875,9.5974578857421875,9.5974578857421875,9.5974578857421875,0
2008-07-18,9.8531579971313477,9.8531579971313477,9.8531579971313477,9.8531579971313477,0
2008-07-21,9.7580175399780273,9.7580175399780273,9.7580175399780273,9.7580175399780273,0
2008-07-22,9.5677289962768555,9.5677289962768555,9.5677289962768555,9.5677289962768555,0
2008-07-23,9.8055858612060547,9.8055858612060547,9.8055858612060547,9.8055858612060547,0
2008-07-24,9.8709983825683594,9.8709983825683594,9.8709983825683594,9.8709983825683594,0
2008-07-25,9.7818012237548828,9.7818012237548828,9.7818012237548828,9.7818012237548828,0
2008-07-28,9.7044963836669922,9.7044963836669922,9.7044963836669922,9.7044963836669922,0
2008-07-29,9.7580175399780273,9.7580175399780273,9.7580175399780273,9.7580175399780273,0
2008-07-30,9.9126195907592773,9.9126195907592773,9.9126195907592773,9.9126195907592773,0
2008-07-31,9.9661388397216797,9.9661388397216797,9.9661388397216797,9.9661388397216797,0
2008-08-01,9.8650493621826172,9.8650493621826172,9.8650493621826172,9.8650493621826172,0
2008-08-04,9.9185647964477539,9.9185647964477539,9.9185647964477539,9.9185647964477539,0
2008-08-05,10.251566886901855,10.251566886901855,10.251566886901855,10.251566886901855,0
2008-08-06,10.245621681213379,10.245621681213379,10.245621681213379,10.245621681213379,0
2008-08-07,10.037493705749512,10.037493705749512,10.037493705749512,10.037493705749512,0
2008-08-08,10.293187141418457,10.293187141418457,10.293187141418457,10.293187141418457,0
2008-08-11,10.412117004394531,10.412117004394531,10.412117004394531,10.412117004394531,0
2008-08-12,10.441847801208496,10.441847801208496,10.441847801208496,10.441847801208496,0
2008-08-13,10.192100524902344,10.192100524902344,10.192100524902344,10.192100524902344,0
2008-08-14,10.257511138916014,10.257511138916016,10.257511138916014,10.257511138916016,0
2008-08-15,10.305081367492676,10.305081367492676,10.305081367492676,10.305081367492676,0
2008-08-18,10.251566886901855,10.251566886901855,10.251566886901855,10.251566886901855,0
2008-08-19,9.9304599761962891,9.9304599761962891,9.9304599761962891,9.9304599761962891,0
2008-08-20,9.8828878402709961,9.8828878402709961,9.8828878402709961,9.8828878402709961,0
2008-08-21,9.829373359680174,9.8293733596801758,9.829373359680174,9.8293733596801758,0
2008-08-22,10.067226409912109,10.067226409912109,10.067226409912109,10.067226409912109,0
2008-08-25,10.031548500061035,10.031548500061035,10.031548500061035,10.031548500061035,0
2008-08-26,10.091014862060545,10.091014862060547,10.091014862060545,10.091014862060547,0
2008-08-27,10.061281204223633,10.061281204223633,10.061281204223633,10.061281204223633,0
2008-08-28,10.192100524902344,10.192100524902344,10.192100524902344,10.192100524902344,0
2008-08-29,10.316975593566895,10.316975593566895,10.316975593566895,10.316975593566895,0
2008-09-01,10.293187141418457,10.293187141418457,10.293187141418457,10.293187141418457,0
2008-09-02,10.483473777770996,10.483473777770996,10.483473777770996,10.483473777770996,0
2008-09-03,10.322920799255371,10.322920799255371,10.322920799255371,10.322920799255371,0
2008-09-04,10.013708114624023,10.013708114624023,10.013708114624023,10.013708114624023,0
2008-09-05,9.8353185653686523,9.8353185653686523,9.8353185653686523,9.8353185653686523,0
2008-09-08,10.096961975097656,10.096961975097656,10.096961975097656,10.096961975097656,0
2008-09-09,10.144526481628416,10.144526481628418,10.144526481628416,10.144526481628418,0
2008-09-10,10.150474548339844,10.150474548339844,10.150474548339844,10.150474548339844,0
2008-09-11,10.049386024475099,10.049386024475099,10.049386024475098,10.049386024475098,0
2008-09-12,10.221833229064941,10.221833229064941,10.221833229064941,10.221833229064941,0
2008-09-15,9.9601917266845703,9.9601917266845703,9.9601917266845703,9.9601917266845703,0
2008-09-16,9.6747646331787109,9.6747646331787109,9.6747646331787109,9.6747646331787109,0
2008-09-17,9.4190711975097656,9.4190711975097656,9.4190711975097656,9.4190711975097656,0
2008-09-18,9.2763576507568359,9.2763576507568359,9.2763576507568359,9.2763576507568359,0
2008-09-19,9.8591032028198242,9.8591032028198242,9.8591032028198242,9.8591032028198242,0
2008-09-22,9.6153020858764648,9.6153020858764648,9.6153020858764648,9.6153020858764648,0
2008-09-23,9.3774442672729492,9.3774442672729492,9.3774442672729492,9.3774442672729492,0
2008-09-24,9.2109489440917969,9.2109489440917969,9.2109489440917969,9.2109489440917969,0
2008-09-25,9.3298759460449219,9.3298759460449219,9.3298759460449219,9.3298759460449219,0
2008-09-26,9.1633749008178711,9.1633749008178711,9.1633749008178711,9.1633749008178711,0
2008-09-29,8.7947025299072266,8.7947025299072266,8.7947025299072266,8.7947025299072266,0
2008-09-30,9.0028238296508789,9.0028238296508789,9.0028238296508789,9.0028238296508789,0
2008-10-01,9.0444507598876953,9.0444507598876953,9.0444507598876953,9.0444507598876953,0
2008-10-02,9.2109489440917969,9.2109489440917969,9.2109489440917969,9.2109489440917969,0
2008-10-03,9.2823028564453125,9.2823028564453125,9.2823028564453125,9.2823028564453125,0
2008-10-06,8.6044168472290039,8.6044168472290039,8.6044168472290039,8.6044168472290039,0
2008-10-07,8.3844003677368164,8.3844003677368164,8.3844003677368164,8.3844003677368164,0
2008-10-08,7.9384212493896475,7.9384212493896484,7.9384212493896475,7.9384212493896484,0
2008-10-09,7.9027428627014151,7.902742862701416,7.9027428627014151,7.902742862701416,0
2008-10-10,7.4864983558654785,7.4864983558654785,7.4864983558654785,7.4864983558654785,0
2008-10-13,8.229792594909668,8.229792594909668,8.229792594909668,8.229792594909668,0
2008-10-14,8.4438629150390625,8.4438629150390625,8.4438629150390625,8.4438629150390625,0
2008-10-15,8.1227579116821289,8.1227579116821289,8.1227579116821289,8.1227579116821289,0
2008-10-16,7.7540845870971671,7.754084587097168,7.7540845870971671,7.754084587097168,0
2008-10-17,8.0038318634033203,8.0038318634033203,8.0038318634033203,8.0038318634033203,0
2008-10-20,8.3546676635742188,8.3546676635742188,8.3546676635742188,8.3546676635742188,0
2008-10-21,8.336827278137207,8.336827278137207,8.336827278137207,8.336827278137207,0
2008-10-22,7.9503145217895517,7.9503145217895517,7.9503145217895508,7.9503145217895508,0
2008-10-23,8.0216712951660156,8.0216712951660156,8.0216712951660156,8.0216712951660156,0
2008-10-24,7.6648855209350586,7.6648855209350586,7.6648855209350586,7.6648855209350586,0
2008-10-27,7.5578522682189941,7.5578522682189941,7.5578522682189941,7.5578522682189941,0
2008-10-28,7.6470484733581543,7.6470484733581543,7.6470484733581543,7.6470484733581543,0
2008-10-29,8.0514001846313477,8.0514001846313477,8.0514001846313477,8.0514001846313477,0
2008-10-30,8.2119569778442383,8.2119569778442383,8.2119569778442383,8.2119569778442383,0
2008-10-31,8.2535772323608398,8.2535772323608398,8.2535772323608398,8.2535772323608398,0
2008-11-03,8.4379177093505859,8.4379177093505859,8.4379177093505859,8.4379177093505859,0
2008-11-04,8.7352380752563477,8.7352380752563477,8.7352380752563477,8.7352380752563477,0
2008-11-05,8.5211677551269531,8.5211677551269531,8.5211677551269531,8.5211677551269531,0
2008-11-06,8.1406002044677734,8.1406002044677734,8.1406002044677734,8.1406002044677734,0
2008-11-07,8.2119569778442383,8.2119569778442383,8.2119569778442383,8.2119569778442383,0
2008-11-10,8.2595243453979492,8.2595243453979492,8.2595243453979492,8.2595243453979492,0
2008-11-11,7.884902000427247,7.884902000427247,7.8849020004272461,7.8849020004272461,0
2008-11-12,7.6232638359069824,7.6232638359069824,7.6232638359069824,7.6232638359069824,0
2008-11-13,7.7659769058227539,7.7659769058227539,7.7659769058227539,7.7659769058227539,0
2008-11-14,7.8551712036132804,7.8551712036132812,7.8551712036132804,7.8551712036132812,0
2008-11-17,7.6292085647583017,7.6292085647583017,7.6292085647583008,7.6292085647583008,0
2008-11-18,7.7719235420227051,7.7719235420227051,7.7719235420227051,7.7719235420227051,0
2008-11-19,7.7065138816833496,7.7065138816833496,7.7065138816833496,7.7065138816833496,0
2008-11-20,7.6827282905578604,7.6827282905578613,7.6827282905578604,7.6827282905578613,0
2008-11-21,7.4746017456054688,7.4746017456054688,7.4746017456054688,7.4746017456054688,0
2008-11-24,8.0157251358032227,8.0157251358032227,8.0157251358032227,8.0157251358032227,0
2008-11-25,7.944368839263916,7.944368839263916,7.944368839263916,7.944368839263916,0
2008-11-26,7.9681529998779297,7.9681529998779297,7.9681529998779297,7.9681529998779297,0
2008-11-27,8.0930290222167969,8.0930290222167969,8.0930290222167969,8.0930290222167969,0
2008-11-28,8.3070974349975586,8.3070974349975586,8.3070974349975586,8.3070974349975586,0
2008-12-01,7.8611192703247061,7.861119270324707,7.8611192703247061,7.861119270324707,0
2008-12-02,8.0335626602172852,8.0335626602172852,8.0335626602172852,8.0335626602172852,0
2008-12-03,8.2416877746582031,8.2416877746582031,8.2416877746582031,8.2416877746582031,0
2008-12-04,8.0989742279052734,8.0989742279052734,8.0989742279052734,8.0989742279052734,0
2008-12-05,7.7184038162231445,7.7184038162231445,7.7184038162231445,7.7184038162231445,0
2008-12-08,8.1049165725708008,8.1049165725708008,8.1049165725708008,8.1049165725708008,0
2008-12-09,8.301152229309082,8.301152229309082,8.301152229309082,8.301152229309082,0
2008-12-10,8.1703300476074219,8.1703300476074219,8.1703300476074219,8.1703300476074219,0
2008-12-11,8.110865592956543,8.110865592956543,8.110865592956543,8.110865592956543,0
2008-12-12,7.8967976570129403,7.8967976570129403,7.8967976570129395,7.8967976570129395,0
2008-12-15,7.932471752166748,7.932471752166748,7.932471752166748,7.932471752166748,0
2008-12-16,8.1049165725708008,8.1049165725708008,8.1049165725708008,8.1049165725708008,0
2008-12-17,8.0811319351196289,8.0811319351196289,8.0811319351196289,8.0811319351196289,0
2008-12-18,8.1287059783935547,8.1287059783935547,8.1287059783935547,8.1287059783935547,0
2008-12-19,8.182225227355957,8.182225227355957,8.182225227355957,8.182225227355957,0
2008-12-22,8.0157251358032227,8.0157251358032227,8.0157251358032227,8.0157251358032227,0
2008-12-23,8.0811319351196289,8.0811319351196289,8.0811319351196289,8.0811319351196289,0
2008-12-29,7.944368839263916,7.944368839263916,7.944368839263916,7.944368839263916,0
2008-12-30,8.0573511123657227,8.0573511123657227,8.0573511123657227,8.0573511123657227,0
2009-01-02,7.9562602043151855,7.9562602043151855,7.9562602043151855,7.9562602043151855,0
2009-01-05,8.4676512145730012,8.5033297703460651,8.4200801849365234,8.4200801849365234,76803
2009-01-06,8.6222572326660156,8.6222572326660156,8.6222572326660156,8.6222572326660156,448
2009-01-07,8.3070987495131803,8.3070987495131803,8.301152229309082,8.301152229309082,26500
2009-01-08,8.301152229309082,8.301152229309082,8.301152229309082,8.301152229309082,0
2009-01-09,8.301152229309082,8.301152229309082,8.301152229309082,8.301152229309082,0
2009-01-12,8.301152229309082,8.301152229309082,8.301152229309082,8.301152229309082,0
2009-01-13,8.301152229309082,8.301152229309082,8.301152229309082,8.301152229309082,0
2009-01-14,8.301152229309082,8.301152229309082,8.301152229309082,8.301152229309082,0
2009-01-15,8.301152229309082,8.301152229309082,8.301152229309082,8.301152229309082,0
2009-01-16,8.301152229309082,8.301152229309082,8.301152229309082,8.301152229309082,0
2009-01-19,8.301152229309082,8.301152229309082,8.301152229309082,8.301152229309082,0
2009-01-20,8.301152229309082,8.301152229309082,8.301152229309082,8.301152229309082,0
2009-01-21,8.301152229309082,8.301152229309082,8.301152229309082,8.301152229309082,0
2009-01-22,7.8194956839468652,7.8194956839468652,7.7600321769714355,7.7600321769714355,282600
2009-01-23,7.7600321769714355,7.7600321769714355,7.7600321769714355,7.7600321769714355,0
2009-01-26,7.6351570224513168,7.754084587097168,7.581639476587843,7.754084587097168,142888
2009-01-27,7.7540845870971671,7.754084587097168,7.7540845870971671,7.754084587097168,0
2009-01-28,7.7540845870971671,7.754084587097168,7.7540845870971671,7.754084587097168,0
2009-01-29,8.0097760537750471,8.0454540252685547,8.0097760537750471,8.0454540252685547,160
2009-01-30,8.0514001846313477,8.0514001846313477,8.0514001846313477,8.0514001846313477,1400
2009-02-02,8.0514001846313477,8.0514001846313477,8.0514001846313477,8.0514001846313477,0
2009-02-03,7.932471752166748,7.932471752166748,7.932471752166748,7.932471752166748,7500
2009-02-04,8.1643848419189453,8.1643848419189453,8.1643848419189453,8.1643848419189453,1400
2009-02-05,8.1643848419189453,8.1643848419189453,8.1643848419189453,8.1643848419189453,0
2009-02-06,8.229792594909668,8.229792594909668,8.229792594909668,8.229792594909668,1400
2009-02-09,8.229792594909668,8.229792594909668,8.229792594909668,8.229792594909668,0
2009-02-10,8.0514001846313477,8.0514001846313477,8.0514001846313477,8.0514001846313477,1400
2009-02-11,8.0514001846313477,8.0514001846313477,8.0514001846313477,8.0514001846313477,0
2009-02-12,7.8730101585388175,7.8730101585388184,7.8730101585388175,7.8730101585388184,1400
2009-02-13,7.9800434112548828,7.9800434112548828,7.9800434112548828,7.9800434112548828,1400
2009-02-16,7.9919388607549697,7.9919388607549697,7.9859929084777832,7.9859929084777832,299
2009-02-17,7.9859929084777832,7.9859929084777832,7.9859929084777832,7.9859929084777832,0
2009-02-18,7.9859929084777832,7.9859929084777832,7.9859929084777832,7.9859929084777832,0
2009-02-19,7.9859929084777832,7.9859929084777832,7.9859929084777832,7.9859929084777832,0
2009-02-20,7.9859929084777832,7.9859929084777832,7.9859929084777832,7.9859929084777832,0
2009-02-25,7.9859929084777832,7.9859929084777832,7.9859929084777832,7.9859929084777832,200
2009-02-26,7.9859929084777832,7.9859929084777832,7.9859929084777832,7.9859929084777832,0
2009-02-27,7.5043339729309082,7.5043339729309082,7.5043339729309082,7.5043339729309082,330
2009-03-02,7.462711615493463,7.462711615493463,7.4329795837402344,7.4329795837402344,8099
2009-03-03,7.4983911514282218,7.4983911514282227,7.4983911514282218,7.4983911514282227,304
2009-03-05,7.4983911514282218,7.4983911514282227,7.4983911514282218,7.4983911514282227,0
2009-03-06,7.4983911514282218,7.4983911514282227,7.4983911514282218,7.4983911514282227,0
2009-03-09,7.1059269905090323,7.1059269905090332,7.1059269905090323,7.1059269905090332,210
2009-03-11,7.1059269905090323,7.1059269905090332,7.1059269905090323,7.1059269905090332,0
2009-03-12,7.2308011054992676,7.2308011054992676,7.2308011054992676,7.2308011054992676,706
2009-03-13,7.3616229691542445,7.4091939926147461,7.3616229691542445,7.4091939926147461,10447
2009-03-16,7.4805530451089925,7.5400171279907227,7.4805530451089925,7.5400171279907227,6900
2009-03-17,7.5400171279907227,7.5400171279907227,7.5400171279907227,7.5400171279907227,0
2009-03-18,7.4805514743126649,7.4924445152282715,7.4805514743126649,7.4924445152282715,4900
2009-03-20,7.4924445152282715,7.4924445152282715,7.4924445152282715,7.4924445152282715,0
2009-03-23,7.5221754282232167,7.5281219482421875,7.5221754282232167,7.5281219482421875,11050
2009-03-24,7.7243523597717285,7.7243523597717285,7.7243523597717285,7.7243523597717285,2300
2009-03-25,7.7243523597717285,7.7243523597717285,7.7243523597717285,7.7243523597717285,0
2009-03-26,7.4805483818054208,7.4805483818054208,7.4805483818054199,7.4805483818054199,930
2009-03-27,7.4805483818054208,7.4805483818054208,7.4805483818054199,7.4805483818054199,0
2009-03-30,7.2486405372619629,7.2486405372619629,7.2486405372619629,7.2486405372619629,1100
2009-03-31,7.2486405372619629,7.2486405372619629,7.2486405372619629,7.2486405372619629,0
2009-04-01,7.2486405372619629,7.2486405372619629,7.2486405372619629,7.2486405372619629,0
2009-04-02,7.2486405372619629,7.2486405372619629,7.2486405372619629,7.2486405372619629,0
2009-04-03,7.2486405372619629,7.2486405372619629,7.2486405372619629,7.2486405372619629,0
2009-04-06,7.2486405372619629,7.2486405372619629,7.2486405372619629,7.2486405372619629,0
2009-04-07,7.7719235420227051,7.7719235420227051,7.7719235420227051,7.7719235420227051,850
2009-04-08,7.7184038162231445,7.7184038162231445,7.7184038162231445,7.7184038162231445,276
2009-04-14,7.7184038162231445,7.7184038162231445,7.7184038162231445,7.7184038162231445,0
2009-04-15,7.7184038162231445,7.7184038162231445,7.7184038162231445,7.7184038162231445,0
2009-04-16,7.7897605895996094,7.7897605895996094,7.7897605895996094,7.7897605895996094,230
2009-04-17,7.7897605895996094,7.7897605895996094,7.7897605895996094,7.7897605895996094,0
2009-04-20,7.884902000427247,7.884902000427247,7.8849020004272461,7.8849020004272461,100
2009-04-21,7.8492279052734375,7.8492279052734375,7.8492279052734375,7.8492279052734375,18000
2009-04-22,7.8492279052734375,7.8492279052734375,7.8492279052734375,7.8492279052734375,0
2009-04-24,7.8492279052734375,7.8492279052734375,7.8492279052734375,7.8492279052734375,0
2009-04-27,7.8492279052734375,7.8492279052734375,7.8492279052734375,7.8492279052734375,0
2009-04-29,7.8492279052734375,7.8492279052734375,7.8492279052734375,7.8492279052734375,0
2009-04-30,7.8492279052734375,7.8492279052734375,7.8492279052734375,7.8492279052734375,0
2009-05-04,7.8492279052734375,7.8492279052734375,7.8492279052734375,7.8492279052734375,0
2009-05-06,7.8492279052734375,7.8492279052734375,7.8492279052734375,7.8492279052734375,0
2009-05-07,8.8125419616699219,8.8125419616699219,8.8125419616699219,8.8125419616699219,3426
2009-05-08,8.6222572326660156,8.6222572326660156,8.6222572326660156,8.6222572326660156,400
2009-05-11,8.6341489578487245,8.6341489578487245,8.6282024383544922,8.6282024383544922,50006
2009-05-12,8.6282024383544922,8.6282024383544922,8.6282024383544922,8.6282024383544922,0
2009-05-13,8.6282024383544922,8.6282024383544922,8.6282024383544922,8.6282024383544922,0
2009-05-14,8.6282024383544922,8.6282024383544922,8.6282024383544922,8.6282024383544922,0
2009-05-15,8.2535772323608398,8.2535772323608398,8.2535772323608398,8.2535772323608398,3346
2009-05-19,8.2535772323608398,8.2535772323608398,8.2535772323608398,8.2535772323608398,0
2009-05-20,8.2535772323608398,8.2535772323608398,8.2535772323608398,8.2535772323608398,0
2009-05-21,8.2535772323608398,8.2535772323608398,8.2535772323608398,8.2535772323608398,0
2009-05-22,8.2535772323608398,8.2535772323608398,8.2535772323608398,8.2535772323608398,0
2009-05-25,8.1703300476074219,8.1703300476074219,8.1703300476074219,8.1703300476074219,9800
2009-05-26,8.1703300476074219,8.1703300476074219,8.1703300476074219,8.1703300476074219,0
2009-05-27,8.1703300476074219,8.1703300476074219,8.1703300476074219,8.1703300476074219,0
2009-05-29,8.1703300476074219,8.1703300476074219,8.1703300476074219,8.1703300476074219,0
2009-06-01,8.1703300476074219,8.1703300476074219,8.1703300476074219,8.1703300476074219,0
2009-06-02,8.4260244369506836,8.4260244369506836,8.4260244369506836,8.4260244369506836,380
2009-06-08,8.4260244369506836,8.4260244369506836,8.4260244369506836,8.4260244369506836,0
2009-06-10,8.4260244369506836,8.4260244369506836,8.4260244369506836,8.4260244369506836,0
2009-06-12,8.4260244369506836,8.4260244369506836,8.4260244369506836,8.4260244369506836,0
2009-06-17,8.4260244369506836,8.4260244369506836,8.4260244369506836,8.4260244369506836,0
2009-06-22,7.8908481597900391,7.8908481597900391,7.8908481597900391,7.8908481597900391,5200
2009-06-23,7.8908481597900391,7.8908481597900391,7.8908481597900391,7.8908481597900391,0
2009-06-26,7.8908481597900391,7.8908481597900391,7.8908481597900391,7.8908481597900391,0
2009-06-29,7.8908481597900391,7.8908481597900391,7.8908481597900391,7.8908481597900391,0
2009-07-01,7.9086885452270499,7.9086885452270508,7.9086885452270499,7.9086885452270508,136
2009-07-02,7.9086885452270499,7.9086885452270508,7.9086885452270499,7.9086885452270508,0
2009-07-03,7.7719235420227051,7.7719235420227051,7.7719235420227051,7.7719235420227051,2785
2009-07-06,7.7719235420227051,7.7719235420227051,7.7719235420227051,7.7719235420227051,17000
2009-07-07,7.7719235420227051,7.7719235420227051,7.7719235420227051,7.7719235420227051,0
2009-07-08,7.7719235420227051,7.7719235420227051,7.7719235420227051,7.7719235420227051,0
2009-07-09,7.7719235420227051,7.7719235420227051,7.7719235420227051,7.7719235420227051,0
2009-07-10,7.7719235420227051,7.7719235420227051,7.7719235420227051,7.7719235420227051,0
2009-07-13,7.7005653381347656,7.7005653381347656,7.7005653381347656,7.7005653381347656,2550
2009-07-14,7.7005653381347656,7.7005653381347656,7.7005653381347656,7.7005653381347656,0
2009-07-15,7.7005653381347656,7.7005653381347656,7.7005653381347656,7.7005653381347656,0
2009-07-16,7.7005653381347656,7.7005653381347656,7.7005653381347656,7.7005653381347656,0
2009-07-20,7.7005653381347656,7.7005653381347656,7.7005653381347656,7.7005653381347656,0
2009-07-21,7.7005653381347656,7.7005653381347656,7.7005653381347656,7.7005653381347656,0
2009-07-22,7.7005653381347656,7.7005653381347656,7.7005653381347656,7.7005653381347656,0
2009-07-23,7.7005653381347656,7.7005653381347656,7.7005653381347656,7.7005653381347656,0
2009-07-24,7.7005653381347656,7.7005653381347656,7.7005653381347656,7.7005653381347656,0
2009-07-27,7.7005653381347656,7.7005653381347656,7.7005653381347656,7.7005653381347656,0
2009-07-28,7.7005653381347656,7.7005653381347656,7.7005653381347656,7.7005653381347656,0
2009-07-29,7.7005653381347656,7.7005653381347656,7.7005653381347656,7.7005653381347656,0
2009-07-30,7.7005653381347656,7.7005653381347656,7.7005653381347656,7.7005653381347656,0
2009-07-31,8.2535772323608398,8.2535772323608398,8.2535772323608398,8.2535772323608398,500
2009-08-03,8.2892551422119141,8.2892551422119141,8.2892551422119141,8.2892551422119141,19550
2009-08-04,8.2892551422119141,8.2892551422119141,8.2892551422119141,8.2892551422119141,0
2009-08-05,8.2892551422119141,8.2892551422119141,8.2892551422119141,8.2892551422119141,0
2009-08-06,8.2892551422119141,8.2892551422119141,8.2892551422119141,8.2892551422119141,0
2009-08-07,8.3249382575737751,8.3427772521972656,8.3249382575737751,8.3427772521972656,213738
2009-08-10,8.3427772521972656,8.3427772521972656,8.3427772521972656,8.3427772521972656,0
2009-08-11,8.3427772521972656,8.3427772521972656,8.3427772521972656,8.3427772521972656,0
2009-08-12,8.3427772521972656,8.3427772521972656,8.3427772521972656,8.3427772521972656,0
2009-08-13,8.3606185913085938,8.3606185913085938,8.3606185913085938,8.3606185913085938,385
2009-08-14,8.3606185913085938,8.3606185913085938,8.3606185913085938,8.3606185913085938,0
2009-08-17,8.3606185913085938,8.3606185913085938,8.3606185913085938,8.3606185913085938,0
2009-08-18,8.3606185913085938,8.3606185913085938,8.3606185913085938,8.3606185913085938,0
2009-08-19,8.3606185913085938,8.3606185913085938,8.3606185913085938,8.3606185913085938,0
2009-08-20,8.3606185913085938,8.3606185913085938,8.3606185913085938,8.3606185913085938,0
2009-08-24,8.4973812103271484,8.4973812103271484,8.4973812103271484,8.4973812103271484,0
2009-08-25,8.5806293487548828,8.5806293487548828,8.5806293487548828,8.5806293487548828,0
2009-08-26,8.6400947570800781,8.6400947570800781,8.6400947570800781,8.6400947570800781,0
2009-08-27,8.6103630065917969,8.6103630065917969,8.6103630065917969,8.6103630065917969,0
2009-09-02,8.6519861221313477,8.6519861221313477,8.6519861221313477,8.6519861221313477,0
2009-09-03,8.5687389373779297,8.5687389373779297,8.5687389373779297,8.5687389373779297,0
2009-09-04,8.5627908706665039,8.5627908706665039,8.5627908706665039,8.5627908706665039,0
2009-09-07,8.8006467819213867,8.8006467819213867,8.8006467819213867,8.8006467819213867,700
2009-09-08,8.8779516220092773,8.8779516220092773,8.8779516220092773,8.8779516220092773,1000
2009-09-09,8.8779516220092773,8.8779516220092773,8.8779516220092773,8.8779516220092773,0
2009-09-11,8.9195718765258789,8.9195718765258789,8.9195718765258789,8.9195718765258789,10720
2009-09-14,8.9076833724975586,8.9076833724975586,8.9076833724975586,8.9076833724975586,1000
2009-09-15,8.9076833724975586,8.9076833724975586,8.9076833724975586,8.9076833724975586,0
2009-09-16,8.8363256454467773,8.8363256454467773,8.8363256454467773,8.8363256454467773,0
2009-09-17,9.0325555801391602,9.0325555801391602,9.0325555801391602,9.0325555801391602,0
2009-09-18,9.1395907047163192,9.1574296951293945,9.115805195135124,9.1574296951293945,142768
2009-09-21,9.0147187242563813,9.0444507598876953,9.0147187242563813,9.0444507598876953,76907
2009-09-22,9.2287867909642607,9.2287867909642607,9.1574296951293945,9.1574296951293945,57704
2009-09-23,9.175267219543457,9.175267219543457,9.175267219543457,9.175267219543457,730
2009-09-24,9.1039113526421218,9.145535846366835,9.0385007858276367,9.0385007858276367,24195
2009-09-25,9.0087709426879883,9.0087709426879883,9.0087709426879883,9.0087709426879883,10000
2009-09-28,8.9314661026000977,8.9314661026000977,8.9314661026000977,8.9314661026000977,500
2009-09-29,9.0741804896058511,9.1514835357666016,9.0741804896058511,9.1514835357666016,69825
2009-09-30,9.1514835357666016,9.1514835357666016,9.1514835357666016,9.1514835357666016,0
2009-10-01,9.0325555801391602,9.0325555801391602,9.0325555801391602,9.0325555801391602,0
2009-10-02,8.9255180358886719,8.9255180358886719,8.9255180358886719,8.9255180358886719,15000
2009-10-05,8.8244327778457947,8.9433603286743164,8.8244327778457947,8.9433603286743164,194000
2009-10-06,8.9136256232975786,8.9909286499023438,8.9136256232975786,8.9909286499023438,10140
2009-10-07,9.0801280023145008,9.1098594665527344,9.0622884432619628,9.1098594665527344,33043
2009-10-08,9.1633782016487384,9.1693247221065359,9.1217536926269531,9.1217536926269531,40940
2009-10-09,9.1574264744678864,9.1633729915446196,9.0622844696044922,9.0622844696044922,20900
2009-10-12,9.1276953524948734,9.1276953524948734,9.0860702985474457,9.0979633331298828,57318
2009-10-13,9.0979633331298828,9.0979633331298828,9.0979633331298828,9.0979633331298828,0
2009-10-16,9.246623819739316,9.2704093242745031,9.1990528106689453,9.1990528106689453,50127
2009-10-19,9.187163506822829,9.2347345352172852,9.1395924784283746,9.2347345352172852,2030
2009-10-20,9.2882480621337891,9.2882480621337891,9.2882480621337891,9.2882480621337891,1075
2009-10-22,9.2347345352172852,9.2347345352172852,9.2347345352172852,9.2347345352172852,0
2009-10-23,9.0682332379764077,9.0682332379764077,8.9968767166137695,8.9968767166137695,10400
2009-10-27,8.9611989590959862,9.0206630156641818,8.9493064880371094,8.9493064880371094,710
2009-10-28,8.8006468250481067,8.8006468250481067,8.7590217590332031,8.7590217590332031,815
2009-10-30,8.9195730663079189,8.9611975591481769,8.9195730663079189,8.9314661026000977,71454
2009-11-02,8.7411824104025833,8.7649679183959961,8.7411824104025833,8.7649679183959961,25001
2009-11-03,8.7114530765585911,8.7233461177773464,8.6222575357836035,8.7173995971679688,144121
2009-11-04,8.7649700068022973,8.8779516220092773,8.7649700068022973,8.8779516220092773,30000
2009-11-09,9.0682348836220861,9.0860738754272461,9.0682348836220861,9.0860738754272461,2907
2009-11-11,9.0503951375488825,9.0503951375488825,9.0325555801391602,9.0325555801391602,85
2009-11-13,9.0741826631473685,9.1217536926269531,9.0741826631473685,9.1217536926269531,2000
2009-11-16,9.0682341759727318,9.1574296951293945,9.0385021472234186,9.1574296951293945,20900
2009-11-17,9.1871604069896478,9.1871604069896478,9.1633749008178711,9.1633749008178711,2900
2009-11-18,9.1336431503295898,9.1336431503295898,9.1336431503295898,9.1336431503295898,307
2009-11-19,9.0801259515464441,9.0801259515464441,8.9611978530883789,8.9611978530883789,27000
2009-11-20,8.9433573788463043,8.9433573788463043,8.8601078371792639,8.9195718765258789,10035
2009-11-23,8.9611987641222921,9.0028238296508789,8.9611987641222921,9.0028238296508789,53627
2009-11-24,8.9076788418201129,8.9195718765258789,8.9076788418201129,8.9195718765258789,210
2009-11-25,9.0503983081196306,9.0682373046875,9.0147197478924141,9.0682373046875,32806
2009-11-26,8.9374142099548592,8.9374142099548592,8.8363256454467773,8.8363256454467773,2144
2009-11-27,8.8779516220092773,8.8779516220092773,8.8779516220092773,8.8779516220092773,0
2009-11-30,8.8065925994619612,8.8065925994619612,8.7382087707519531,8.7382087707519531,1141
2009-12-01,9.0147180557250977,9.0147180557250977,9.0147180557250977,9.0147180557250977,0
2009-12-02,9.1039094924926758,9.1039094924926758,9.1039094924926758,9.1039094924926758,0
2009-12-03,9.0503969192504883,9.0503969192504883,9.0503969192504883,9.0503969192504883,0
2009-12-04,8.9849833209839449,9.1871604069896478,8.9849833209839449,9.1633749008178711,13075
2009-12-07,9.1514847860365549,9.1544580459594727,9.1514847860365549,9.1544580459594727,29100
2009-12-08,9.0682355395187031,9.0831012725830078,9.0682355395187031,9.0831012725830078,262
2009-12-09,9.1217527693827716,9.1217527693827716,8.9879589080810547,8.9879589080810547,3000
2009-12-10,9.0266106750438908,9.0890474319458008,9.0266106750438908,9.0890474319458008,40
2009-12-11,9.151482412372868,9.2704099429860776,9.151482412372868,9.2644634246826172,788
2009-12-14,9.2941966408634347,9.2941966408634347,9.2763576507568359,9.2763576507568359,990
2009-12-15,9.2466255526504426,9.3120355606079102,9.2466255526504426,9.3120355606079102,998
2009-12-16,9.3774461046470226,9.4131240844726562,9.3774461046470226,9.4131240844726562,60900
2009-12-17,9.3536615371704102,9.3536615371704102,9.3536615371704102,9.3536615371704102,0
2009-12-18,9.3536601302491871,9.3893386775536545,9.2763576507568359,9.2763576507568359,34750
2009-12-21,9.3483084899263336,9.3483084899263336,9.2763576507568359,9.2763576507568359,2000
2009-12-22,9.5082637371570264,9.5082637371570264,9.4963712692260742,9.4963712692260742,5000
2009-12-23,9.466639518737793,9.466639518737793,9.466639518737793,9.466639518737793,0
2009-12-28,9.4963712692260742,9.4963712692260742,9.4963712692260742,9.4963712692260742,0
2009-12-29,9.5379995669805293,9.549891471862793,9.5379995669805293,9.549891471862793,2000
2009-12-30,9.4963730251703424,9.508265495300293,9.4963730251703424,9.508265495300293,1752
2010-01-04,9.5921099332724058,9.5921099332724058,9.508265495300293,9.508265495300293,378
2010-01-05,9.6212472915649432,9.6212472915649432,9.6212472915649414,9.6212472915649414,0
2010-01-06,9.6153006055946744,9.6153006055946744,9.5736761093139648,9.5736761093139648,33
2010-01-07,9.496373781933082,9.5617837905883789,9.496373781933082,9.5617837905883789,706
2010-01-08,9.5796222686767578,9.5796222686767578,9.5796222686767578,9.5796222686767578,0
2010-01-11,9.5915145310442913,9.5915145310442913,9.5736761093139648,9.5736761093139648,366
2010-01-12,9.5201606750488281,9.5201606750488281,9.5201606750488281,9.5201606750488281,0
2010-01-13,9.6034069061279297,9.6034069061279297,9.6034069061279297,9.6034069061279297,0
2010-01-14,9.6926023359033024,9.6926023359033024,9.6866569519042969,9.6866569519042969,200
2010-01-15,9.6450309753417969,9.6450309753417969,9.6450309753417969,9.6450309753417969,0
2010-01-18,9.5915130914361644,9.6509771347045898,9.5915130914361644,9.6509771347045898,40
2010-01-19,9.6866569519042969,9.6866569519042969,9.6866569519042969,9.6866569519042969,0
2010-01-20,9.6509768975025239,9.680709485497113,9.6390838623046875,9.6390838623046875,11000
2010-01-21,9.692603079518495,9.692603079518495,9.5736761093139648,9.5736761093139648,200
2010-01-22,9.466639518737793,9.466639518737793,9.466639518737793,9.466639518737793,0
2010-01-25,9.4785341747877556,9.514212722015472,9.4369096755981445,9.4369096755981445,75500
2010-01-26,9.3358216275141892,9.4190711975097656,9.3358216275141892,9.4190711975097656,571
2010-01-27,9.3952832536904758,9.4071757222717736,9.3774442672729492,9.3774442672729492,118300
2010-01-28,9.3179845809936523,9.3179845809936523,9.3179845809936523,9.3179845809936523,0
2010-01-29,9.430964469909668,9.430964469909668,9.430964469909668,9.430964469909668,4040
2010-02-01,9.2525720716714659,9.3120355606079102,9.2525720716714659,9.3120355606079102,9901
2010-02-02,9.3358202428168049,9.4012308120727539,9.3358202428168049,9.4012308120727539,854
2010-02-03,9.4071750640869141,9.4071750640869141,9.4071750640869141,9.4071750640869141,0
2010-02-04,9.2466268539428711,9.2466268539428711,9.2466268539428711,9.2466268539428711,0
2010-02-05,9.0028238296508789,9.0028238296508789,9.0028238296508789,9.0028238296508789,0
2010-02-08,9.0147152798290584,9.0385007858276367,9.008768761556615,9.0385007858276367,3417
2010-02-09,9.0206632614135742,9.0206632614135742,9.0206632614135742,9.0206632614135742,0
2010-02-10,9.0920219421386719,9.0920219421386719,9.0920219421386719,9.0920219421386719,0
2010-02-11,9.1158084869384766,9.1158084869384766,9.1158084869384766,9.1158084869384766,0
2010-02-12,9.1455354690551758,9.1455354690551758,9.1455354690551758,9.1455354690551758,0
2010-02-15,9.2049986746134831,9.2049986746134831,9.175267219543457,9.175267219543457,387
2010-02-16,9.1693227334656324,9.1693227334656324,9.1336441855481993,9.1574296951293945,64349
2010-02-17,9.3239288330078125,9.3239288330078125,9.3239288330078125,9.3239288330078125,0
2010-02-18,9.2644646126249235,9.3001431599293909,9.2644646126249235,9.2763576507568359,20947
2010-02-19,9.2704099242490923,9.3655519485473633,9.2704099242490923,9.3655519485473633,81
2010-02-22,9.3120355606079102,9.3120355606079102,9.3120355606079102,9.3120355606079102,0
2010-02-23,9.3714976093228284,9.3714976093228284,9.2763555937302939,9.2882480621337891,2451
2010-02-24,9.3417676592085446,9.3417676592085446,9.2763576507568359,9.2763576507568359,320
2010-02-25,9.1633749008178711,9.1633749008178711,9.1633749008178711,9.1633749008178711,0
2010-02-26,9.2704105377197266,9.2704105377197266,9.2704105377197266,9.2704105377197266,0
2010-03-01,9.3477153334241052,9.4488039016723633,9.3358222938225026,9.4488039016723633,4337
2010-03-02,9.4904270172119141,9.4904270172119141,9.4904270172119141,9.4904270172119141,0
2010-03-03,9.5201600083831863,9.549891471862793,9.5201600083831863,9.549891471862793,37
2010-03-04,9.537998131670852,9.5736761093139648,9.537998131670852,9.5736761093139648,518
2010-03-05,9.6034075997759132,9.6926031112670898,9.5974610811188388,9.6926031112670898,1346
2010-03-08,9.6866611279837915,9.6866611279837915,9.6807146072387695,9.6807146072387695,323
2010-03-09,9.6747646331787109,9.6747646331787109,9.6747646331787109,9.6747646331787109,86
2010-03-10,9.6807146072387695,9.6807146072387695,9.6807146072387695,9.6807146072387695,0
2010-03-11,9.6747646331787109,9.6747646331787109,9.6747646331787109,9.6747646331787109,0
2010-03-12,9.734230095323257,9.7520685195922852,9.734230095323257,9.7520685195922852,200
2010-03-15,9.6628713607788086,9.6628713607788086,9.6628713607788086,9.6628713607788086,0
2010-03-16,9.7699079513549805,9.7699079513549805,9.7699079513549805,9.7699079513549805,0
2010-03-17,9.8055858612060547,9.8055858612060547,9.8055858612060547,9.8055858612060547,0
2010-03-18,9.8174772262573242,9.8174772262573242,9.8174772262573242,9.8174772262573242,0
2010-03-19,9.7461204528808594,9.7461204528808594,9.7461204528808594,9.7461204528808594,0
2010-03-22,9.7401762008666992,9.7401762008666992,9.7401762008666992,9.7401762008666992,0
2010-03-23,9.7996387481689453,9.7996387481689453,9.7996387481689453,9.7996387481689453,0
2010-03-24,9.8531562543433573,9.9007272720336914,9.8531562543433573,9.9007272720336914,230
2010-03-25,10.073177023654196,10.096961975097656,10.073177023654196,10.096961975097656,380
2010-03-26,10.132636789275301,10.144528692842215,10.120743751525879,10.120743751525879,33396
2010-03-29,10.138585090637207,10.138585090637207,10.138585090637207,10.138585090637207,1443
2010-03-30,10.174261522830182,10.174261522830182,10.132637023925781,10.132637023925781,10000
2010-03-31,10.186151682640068,10.186151682640068,10.162366744845286,10.180206298828125,10030
2010-04-01,10.293188618599102,10.346706156142215,10.293188618599102,10.334813117980957,42700
2010-04-06,10.406170359499315,10.429956436157228,10.376438897859483,10.429956436157227,75000
2010-04-07,10.340760537778618,10.340760537778618,10.316975593566895,10.316975593566895,15000
2010-04-08,10.227778849880725,10.239670753479004,10.221832330990331,10.239670753479004,20000
2010-04-09,10.269403263862445,10.322920799255371,10.269403263862445,10.322920799255371,10385
2010-04-12,10.26346124556119,10.26346124556119,10.245621681213379,10.245621681213379,5000
2010-04-13,10.281297089976439,10.281297089976439,10.257511012785528,10.275350570678711,125200
2010-04-14,10.311026621351742,10.376437187194824,10.311026621351742,10.376437187194824,2600
2010-04-15,10.429957242409145,10.519152768406151,10.429957242409145,10.501313209533691,13501
2010-04-16,10.465633348267641,10.465633348267641,10.400222778320312,10.400222778320312,60000
2010-04-19,10.340760033039379,10.394277572631836,10.340760033039379,10.394277572631836,1260
2010-04-20,10.495368257779297,10.572671890258789,10.495368257779297,10.572671890258789,62561
2010-04-21,10.608345985412598,10.608345985412598,10.608345985412598,10.608345985412598,0
2010-04-22,10.667810395710333,10.703488372714967,10.578614886107529,10.602399826049805,12637
2010-04-23,10.620239068406564,10.67375659942627,10.620239068406564,10.67375659942627,1201
2010-04-26,10.816469456647376,10.816469456647376,10.679701805114746,10.679701805114746,8664
2010-04-27,10.644024905632451,10.644024905632451,10.441847801208496,10.441847801208496,909
2010-04-28,10.239671545522629,10.239671545522629,10.192100524902344,10.192100524902344,459
2010-04-29,10.400222778320312,10.400222778320312,10.400222778320312,10.400222778320312,0
2010-04-30,10.519150881100463,10.519150881100463,10.400222778320312,10.400222778320312,3700
2010-05-03,10.483473777770996,10.483473777770996,10.483473777770996,10.483473777770996,0
2010-05-04,10.364543567519835,10.364543567519835,10.269401550292969,10.269401550292969,11050
2010-05-05,10.138585090637207,10.138585090637207,10.138585090637207,10.138585090637207,0
2010-05-06,10.019655947573478,10.091011911035881,10.007762908935547,10.007762908935547,575
2010-05-07,9.6212488937968192,9.6212488937968192,9.2763586886604177,9.3596076965332031,2615
2010-05-10,9.6153004882097459,10.079118728637695,9.6153004882097459,10.079118728637695,1280
2010-05-11,10.096961975097656,10.096961975097656,10.096961975097656,10.096961975097656,0
2010-05-12,10.370490074157715,10.370490074157715,10.370490074157715,10.370490074157715,0
2010-05-13,10.352652549743652,10.352652549743652,10.352652549743652,10.352652549743652,0
2010-05-14,10.067226409912109,10.067226409912109,10.067226409912109,10.067226409912109,0
2010-05-17,10.061280448623645,10.073173487261576,9.9839779658422749,10.007762908935547,13742
2010-05-18,10.108853340148926,10.108853340148926,10.108853340148926,10.108853340148926,59100
2010-05-19,9.8888342648431138,9.8888342648431138,9.7996387481689453,9.7996387481689453,13485
2010-05-20,9.7758510771886638,9.7758510771886638,9.5261030197143555,9.5261030197143555,3685
2010-05-21,9.4250170102495971,9.4904270172119141,9.4250170102495971,9.4904270172119141,200
2010-05-24,9.4904294638685904,9.5380010604858398,9.4904294638685904,9.5380010604858398,120
2010-05-25,9.2466268539428711,9.2466268539428711,9.2466268539428711,9.2466268539428711,0
2010-05-26,9.5082669157785613,9.5439448985897162,9.5082669157785613,9.5320529937744141,48324
2010-05-27,9.7044963836669922,9.7044963836669922,9.7044963836669922,9.7044963836669922,13500
2010-05-28,9.7877426147460938,9.7877426147460938,9.7877426147460938,9.7877426147460938,0
2010-05-31,9.8353185653686523,9.8353185653686523,9.8353185653686523,9.8353185653686523,0
2010-06-01,9.6212477148206084,9.7996387481689453,9.6212477148206084,9.7996387481689453,270
2010-06-02,9.8115310668945312,9.8115310668945312,9.8115310668945312,9.8115310668945312,0
2010-06-03,9.9720849990844727,9.9720849990844727,9.9720849990844727,9.9720849990844727,150
2010-06-04,10.108851340119491,10.108851340119491,9.8591032028198242,9.8591032028198242,230
2010-06-07,9.7461204528808594,9.7461204528808594,9.7461204528808594,9.7461204528808594,0
2010-06-08,9.591517448425293,9.591517448425293,9.591517448425293,9.591517448425293,0
2010-06-09,9.7936944961547852,9.7936944961547852,9.7936944961547852,9.7936944961547852,0
2010-06-10,9.9542427062988299,9.9542427062988299,9.9542427062988281,9.9542427062988281,0
2010-06-11,9.9958715438842791,9.9958715438842791,9.9958715438842773,9.9958715438842773,0
2010-06-14,10.108850713776459,10.120743751525879,10.108850713776459,10.120743751525879,272
2010-06-15,10.382383346557617,10.382383346557617,10.382383346557617,10.382383346557617,16470
2010-06-16,10.370494378975309,10.370494378975309,10.340761777418038,10.346708297729492,29569
2010-06-17,10.32886791229248,10.32886791229248,10.32886791229248,10.32886791229248,0
2010-06-18,10.322921214002244,10.334813117980957,10.322921214002244,10.334813117980957,10000
2010-06-21,10.412117004394531,10.412117004394531,10.412117004394531,10.412117004394531,0
2010-06-22,10.275350070997511,10.364545587760761,10.275350070997511,10.352652549743652,32978
2010-06-23,10.245616955268098,10.311027526855469,10.245616955268098,10.311027526855469,102400
2010-06-24,10.251564001626569,10.251564001626569,10.132637023925781,10.132637023925781,4056
2010-06-25,10.132641103537328,10.132641103537328,10.096961975097656,10.096961975097656,160
2010-06-28,10.150474548339844,10.150474548339844,10.150474548339844,10.150474548339844,0
2010-06-29,10.055332633475265,10.055332633475265,9.9126195907592773,9.9126195907592773,21466
2010-06-30,9.9007256651274513,9.9007256651274513,9.8412616191200275,9.8769407272338867,90641
2010-07-01,9.5796227945603007,9.6212472915649432,9.5796227945603007,9.6212472915649414,14500
2010-07-02,9.6331385946273791,9.6688165664672852,9.6331385946273791,9.6688165664672852,4009
2010-07-05,9.6509815419783198,9.6569280624389648,9.6509815419783198,9.6569280624389648,1100
2010-07-06,9.7282838821411133,9.7282838821411133,9.7282838821411133,9.7282838821411133,0
2010-07-07,9.7996387481689453,9.7996387481689453,9.7996387481689453,9.7996387481689453,0
2010-07-08,9.9066737213558209,9.9364051818847656,9.9066737213558209,9.9364051818847656,20000
2010-07-09,10.013708114624023,10.013708114624023,10.013708114624023,10.013708114624023,0
2010-07-12,9.9482987787292796,10.043440818786621,9.9482987787292796,10.043440818786621,860
2010-07-13,10.221833229064941,10.221833229064941,10.221833229064941,10.221833229064941,0
2010-07-14,10.198046255428755,10.239670753479004,10.198046255428755,10.239670753479004,18000
2010-07-15,9.8174772262573242,9.8174772262573242,9.8174772262573242,9.8174772262573242,0
2010-07-16,9.8591005951898136,9.8591005951898136,9.6688165664672852,9.6688165664672852,1100
2010-07-19,9.6807126332113747,9.6807126332113747,9.549891471862793,9.549891471862793,299
2010-07-20,9.4785362435868308,9.5439462661743164,9.4547507292739823,9.5439462661743164,59100
2010-07-21,9.7639598846435547,9.7639598846435547,9.7639598846435547,9.7639598846435547,0
2010-07-22,9.9661388397216797,9.9661388397216797,9.9661388397216797,9.9661388397216797,0
2010-07-23,10.055330986314814,10.144526481628418,10.055330986314814,10.144526481628418,10000
2010-07-26,10.156422114190343,10.233724594116211,10.156422114190343,10.233724594116211,744
2010-07-27,10.477527892904277,10.477527892904277,10.221833229064941,10.221833229064941,23900
2010-07-28,10.156423568725586,10.156423568725586,10.156423568725586,10.156423568725586,0
2010-07-29,10.245621681213379,10.245621681213379,10.245621681213379,10.245621681213379,0
2010-07-30,10.132636815999438,10.239670753479004,10.132636815999438,10.239670753479004,160
2010-08-02,10.388331053323498,10.394277572631836,10.388331053323498,10.394277572631836,5575
2010-08-03,10.281296730041504,10.299135153127603,10.281296730041504,10.281296730041504,1938
2010-08-04,10.287242099518473,10.334813117980957,10.287242099518473,10.334813117980957,776
2010-08-05,10.424009643663769,10.441848066506902,10.352652549743652,10.352652549743652,3422
2010-08-06,10.299135713066724,10.299135713066724,10.221833229064941,10.221833229064941,486
2010-08-09,10.352652854845127,10.35859937402893,10.316974873924874,10.32886791229248,2542
2010-08-10,10.198046449872784,10.198046449872784,10.186153411865234,10.186153411865234,750
2010-08-11,10.013708114624023,10.013708114624023,10.013708114624023,10.013708114624023,0
2010-08-12,10.055333332409679,10.055333332409679,10.001815795898438,10.001815795898438,7041
2010-08-13,10.013710180281926,10.061281204223633,10.007763660516378,10.061281204223633,2919
2010-08-16,10.025604248046875,10.025604248046875,10.025604248046875,10.025604248046875,0
2010-08-17,10.108853340148926,10.108853340148926,10.108853340148926,10.108853340148926,0
2010-08-18,10.114795684814453,10.114795684814453,10.114795684814453,10.114795684814453,0
2010-08-19,10.031548500061035,10.031548500061035,10.031548500061035,10.031548500061035,0
2010-08-20,9.9542427062988299,9.9542427062988299,9.9542427062988281,9.9542427062988281,0
2010-08-23,9.978032112121582,9.978032112121582,9.978032112121582,9.978032112121582,450
2010-08-24,9.8828903640000973,9.8828903640000973,9.8055867395410132,9.8412647247314453,61375
2010-08-25,9.7699079513549805,9.7699079513549805,9.7699079513549805,9.7699079513549805,0
2010-08-26,9.7936915111944973,9.8115310668945312,9.7936915111944973,9.8115310668945312,200
2010-08-27,9.9601917266845703,9.9601917266845703,9.9601917266845703,9.9601917266845703,0
2010-08-30,9.9601923201450493,9.9661388397216797,9.9482992809917903,9.9661388397216797,1381
2010-08-31,9.9126230653714131,9.9839801788330078,9.9126230653714131,9.9839801788330078,59
2010-09-01,10.299132347106934,10.299132347106934,10.299132347106934,10.299132347106934,0
2010-09-02,10.293190749109185,10.370494378975309,10.293190749109185,10.346708297729492,14322
2010-09-03,10.346708297729492,10.346708297729492,10.346708297729492,10.346708297729492,0
2010-09-06,10.394277354949185,10.394277354949185,10.32886791229248,10.32886791229248,4236
2010-09-07,10.281296730041504,10.281296730041504,10.281296730041504,10.281296730041504,0
2010-09-08,10.412116644726451,10.418063163757324,10.412116644726451,10.418063163757324,285
2010-09-09,10.400223303388712,10.441847801208496,10.400223303388712,10.441847801208496,75
2010-09-10,10.477525237883723,10.477525237883723,10.453739166259766,10.453739166259766,100
2010-09-13,10.471584320068359,10.471584320068359,10.471584320068359,10.471584320068359,0
2010-09-14,10.483473777770996,10.483473777770996,10.453742313472389,10.483473777770996,23047
2010-09-15,10.45968752288532,10.489418983459473,10.45968752288532,10.489418983459473,799
2010-09-16,10.465638160705566,10.465638160705566,10.465638160705566,10.465638160705566,0
2010-09-17,10.495366096496582,10.495366096496582,10.495366096496582,10.495366096496582,0
2010-09-20,10.554827149338768,10.626184226289986,10.548880631744312,10.614291191101074,22916
2010-09-21,10.614294612074959,10.614294612074959,10.554830551147461,10.554830551147461,200
2010-09-22,10.346705865706115,10.346705865706115,10.305081367492676,10.305081367492676,3000
2010-09-23,10.245617777901803,10.32886791229248,10.245617777901803,10.32886791229248,3070
2010-09-24,10.435901586667409,10.435901586667409,10.418063163757324,10.418063163757324,5800
2010-09-27,10.441848466393383,10.441848466393383,10.412117004394531,10.412117004394531,428
2010-09-28,10.376437187194822,10.376437187194824,10.376437187194822,10.376437187194824,0
2010-09-29,10.334813117980957,10.334813117980957,10.334813117980957,10.334813117980957,0
2010-09-30,10.311027526855469,10.311027526855469,10.311027526855469,10.311027526855469,0
2010-10-01,10.311027845981222,10.322920883762009,10.239670753479004,10.239670753479004,8497
2010-10-04,10.203994232085201,10.203994232085201,10.162369728088379,10.162369728088379,15851
2010-10-05,10.150475278283814,10.305081367492676,10.150475278283814,10.305081367492676,32608
2010-10-06,10.400221529190601,10.400221529190601,10.370490074157715,10.370490074157715,100
2010-10-07,10.376437187194822,10.376437187194824,10.376437187194822,10.376437187194824,0
2010-10-08,10.346706552347717,10.394277572631836,10.32886812860529,10.394277572631836,3300
2010-10-11,10.412116878663793,10.429956436157228,10.412116878663793,10.429956436157227,278
2010-10-12,10.388332366943361,10.388332366943361,10.388332366943359,10.388332366943359,0
2010-10-13,10.483471265412332,10.548881832212851,10.483471265412332,10.525096893310547,1572
2010-10-14,10.447795867919922,10.447795867919922,10.447795867919922,10.447795867919922,0
2010-10-15,10.453740164915457,10.519150733947754,10.453740164915457,10.519150733947754,2333
2010-10-18,10.477525646266407,10.513203620910645,10.477525646266407,10.513203620910645,564
2010-10-19,10.519152895948519,10.519152895948519,10.483473777770996,10.483473777770996,32300
2010-10-20,10.441847206690285,10.441847206690285,10.400222711240438,10.435900688171387,5164
2010-10-21,10.429956581688712,10.531044006347656,10.429956581688712,10.531044006347656,145
2010-10-22,10.489420170285383,10.501313209533691,10.489420170285383,10.501313209533691,169
2010-10-25,10.489418983459473,10.489418983459473,10.489418983459473,10.489418983459473,0
2010-10-26,10.47157912812864,10.513203620910645,10.47157912812864,10.513203620910645,901
2010-10-27,10.429956436157228,10.429956436157228,10.429956436157227,10.429956436157227,0
2010-10-28,10.531043481936292,10.531043481936292,10.489418983459473,10.489418983459473,496
2010-10-29,10.554830191202033,10.560776710510254,10.554830191202033,10.560776710510254,199
2010-11-01,10.602399826049805,10.602399826049805,10.602399826049805,10.602399826049805,0
2010-11-02,10.596453666687012,10.596453666687012,10.596453666687012,10.596453666687012,0
2010-11-03,10.655916997868969,10.655916997868969,10.608345985412598,10.608345985412598,386
2010-11-04,10.596452994983403,10.67375659942627,10.596452994983403,10.67375659942627,3418
2010-11-05,10.644025480030894,10.71538257598877,10.644025480030894,10.71538257598877,2113
2010-11-08,10.661866218041265,10.72727680206299,10.661866218041265,10.727276802062988,520
2010-11-09,10.768902778625488,10.768902778625488,10.768902778625488,10.768902778625488,0
2010-11-10,10.786737149410891,10.786737149410891,10.75700569152832,10.75700569152832,277
2010-11-11,10.697542550106991,10.697542550106991,10.691596031188965,10.691596031188965,100
2010-11-12,10.542937188110894,10.626187324523926,10.542937188110894,10.626187324523926,641
2010-11-15,10.697546005249023,10.697546005249023,10.697546005249023,10.697546005249023,0
2010-11-16,10.483472840272411,10.483472840272411,10.429956436157227,10.429956436157227,639
2010-11-17,10.435900019302039,10.513203620910645,10.435900019302039,10.513203620910645,1803
2010-11-18,10.566723823547363,10.566723823547363,10.566723823547363,10.566723823547363,0
2010-11-19,10.519152800591232,10.566723823547363,10.519152800591232,10.566723823547363,564
2010-11-22,10.560774631830416,10.560774631830416,10.513203620910645,10.513203620910645,1254
2010-11-23,10.471579866824893,10.471579866824893,10.400222778320312,10.400222778320312,212
2010-11-24,10.459689140319822,10.459689140319824,10.459689140319822,10.459689140319824,0
2010-11-25,10.465632202071745,10.465632202071745,10.453739166259766,10.453739166259766,120
2010-11-26,10.418063163757324,10.418063163757324,10.418063163757324,10.418063163757324,0
2010-11-29,10.394277572631836,10.394277572631836,10.394277572631836,10.394277572631836,780
2010-11-30,10.257509421146361,10.257509421146361,10.203991889953613,10.203991889953613,655
2010-12-01,10.293188797189663,10.32886791229248,10.293188797189663,10.32886791229248,1811
2010-12-02,10.471584320068359,10.471584320068359,10.471584320068359,10.471584320068359,160
2010-12-03,10.590505714498889,10.626184822066042,10.590505714498889,10.620238304138184,2505
2010-12-06,10.596453666687012,10.596453666687012,10.596453666687012,10.596453666687012,0
2010-12-07,10.745116233825684,10.745116233825684,10.745116233825684,10.745116233825684,0
2010-12-08,10.727275473055537,10.786738395690918,10.727275473055537,10.786738395690918,706
2010-12-09,10.875935608555785,10.893774032592773,10.875935608555785,10.893774032592773,722
2010-12-10,10.858096355993746,10.869989395141602,10.858096355993746,10.869989395141602,225
2010-12-13,10.869989395141602,10.869989395141602,10.869989395141602,10.869989395141602,0
2010-12-14,10.792685077795445,10.834309577941896,10.792685077795445,10.834309577941895,37100
2010-12-15,10.858093325169795,10.858093325169795,10.822415351867676,10.822415351867676,302
2010-12-16,10.875933647155762,10.875933647155762,10.875933647155762,10.875933647155762,0
2010-12-17,10.869989395141602,10.869989395141602,10.869989395141602,10.869989395141602,0
2010-12-20,10.869985815376765,10.935395240783691,10.869985815376765,10.935395240783691,1000
2010-12-21,10.965132404563604,10.988917350769043,10.965132404563604,10.988917350769043,4700
2010-12-22,10.994860649108887,10.994860649108887,10.994860649108887,10.994860649108887,0
2010-12-23,11.024596214294435,11.036488120028505,11.024596214294434,11.024596214294434,1044
2010-12-27,10.905666351318359,10.905666351318359,10.905666351318359,10.905666351318359,0
2010-12-28,10.887826794276688,10.959183888260844,10.858095333389768,10.905666351318359,2157
2010-12-29,10.959183692932129,10.959183692932129,10.959183692932129,10.959183692932129,0
2010-12-30,10.875933647155762,10.875933647155762,10.875933647155762,10.875933647155762,0
2011-01-03,10.988917427566834,10.994863947705436,10.953239440917969,10.953239440917969,30000
2011-01-04,11.036485671997069,11.03648567199707,11.036485671997069,11.03648567199707,185
2011-01-05,10.94728785723923,10.977019309997559,10.94728785723923,10.977019309997559,857
2011-01-06,11.155415970238318,11.155415970238318,11.113791465759277,11.113791465759277,60
2011-01-07,11.066219025276437,11.090003967285156,11.066219025276437,11.090003967285156,2000
2011-01-10,10.977019309997559,10.977019309997559,10.977019309997559,10.977019309997559,0
2011-01-11,11.00080691389344,11.08405590057373,11.00080691389344,11.08405590057373,752
2011-01-12,11.095952033996582,11.095952033996582,11.095952033996582,11.095952033996582,0
2011-01-13,11.072164187192545,11.072164187192545,11.030538558959959,11.030538558959961,1647
2011-01-14,10.982970068042047,11.101898193359375,10.982970068042047,11.101898193359375,415
2011-01-17,11.131627677235594,11.137574195861816,11.131627677235594,11.137574195861816,180
2011-01-18,11.214880661010612,11.304076194763184,11.214880661010612,11.304076194763184,5350
2011-01-19,11.333805348313458,11.333805348313458,11.244609832763672,11.244609832763672,73910
2011-01-20,11.17325496673584,11.17325496673584,11.17325496673584,11.17325496673584,0
2011-01-21,11.167307424343322,11.208931922912598,11.119736406809505,11.208931922912598,158391
2011-01-24,11.244610067060458,11.256503105163574,11.244610067060458,11.256503105163574,310
2011-01-25,11.167308213720819,11.167308213720819,11.161361694335938,11.161361694335938,45
2011-01-26,11.256503105163574,11.256503105163574,11.256503105163574,11.256503105163574,0
2011-01-27,11.220826148986816,11.220826148986816,11.220826148986816,11.220826148986816,0
2011-01-28,11.119736671447754,11.119736671447754,11.119736671447754,11.119736671447754,0
2011-01-31,10.99486081797507,11.042431831359863,10.99486081797507,11.042431831359863,6300
2011-02-01,11.054324613176556,11.131627082824707,11.054324613176556,11.131627082824707,5350
2011-02-02,11.173254301955271,11.202985763549805,11.173254301955271,11.202985763549805,856
2011-02-03,11.232718467712401,11.232718467712402,11.232718467712401,11.232718467712402,0
2011-02-04,11.298129081726074,11.298129081726074,11.298129081726074,11.298129081726074,0
2011-02-07,11.506253242492676,11.506253242492676,11.506253242492676,11.506253242492676,0
2011-02-08,11.428947323802275,11.446786880493164,11.428947323802275,11.446786880493164,550
2011-02-09,11.446786880493162,11.446786880493164,11.446786880493162,11.446786880493164,0
2011-02-10,11.452733993530273,11.452733993530273,11.452733993530273,11.452733993530273,0
2011-02-11,11.51219654083252,11.51219654083252,11.51219654083252,11.51219654083252,0
2011-02-14,11.48841226337349,11.48841226337349,11.476519224663617,11.482465744018555,2072
2011-02-15,11.535982994041486,11.535982994041486,11.452733993530273,11.452733993530273,1035
2011-02-16,11.46462917327881,11.482467600044423,11.464629173278809,11.464629173278809,770
2011-02-17,11.423002243041992,11.423002243041992,11.423002243041992,11.423002243041992,0
2011-02-18,11.43489528233323,11.43489528233323,11.423002243041992,11.423002243041992,120
2011-02-21,11.38732292474516,11.38732292474516,11.310020446777342,11.310020446777344,10000
2011-02-22,11.208931922912598,11.208931922912598,11.208931922912598,11.208931922912598,0
2011-02-23,11.101898193359375,11.101898193359375,11.101898193359375,11.101898193359375,0
2011-02-24,10.971075057983398,10.971075057983398,10.971075057983398,10.971075057983398,0
2011-02-25,11.054324632235723,11.054324632235723,11.030538558959959,11.030538558959961,18380
2011-02-28,11.381377292592202,11.405163370240253,11.345699310302734,11.345699310302734,1250
2011-03-01,11.375430083647124,11.375430083647124,11.256503105163574,11.256503105163574,275
2011-03-02,11.161357404774442,11.238659858703613,11.161357404774442,11.238659858703613,9400
2011-03-03,11.220826148986816,11.220826148986816,11.220826148986816,11.220826148986816,0
2011-03-04,11.185144424438477,11.185144424438477,11.185144424438477,11.185144424438477,0
2011-03-07,11.202985763549805,11.202985763549805,11.202985763549805,11.202985763549805,0
2011-03-08,11.161361334505559,11.16730785369873,11.161361334505559,11.16730785369873,600
2011-03-09,11.202985763549805,11.202985763549805,11.202985763549805,11.202985763549805,0
2011-03-10,11.04837703704834,11.04837703704834,11.04837703704834,11.04837703704834,0
2011-03-11,10.911613464355467,10.911613464355469,10.911613464355467,10.911613464355469,0
2011-03-14,10.786738395690918,10.786738395690918,10.786738395690918,10.786738395690918,0
2011-03-15,10.525099447111208,10.548884391784668,10.501313368255079,10.548884391784668,67000
2011-03-16,10.376437187194822,10.376437187194824,10.376437187194822,10.376437187194824,0
2011-03-17,10.572671890258789,10.572671890258789,10.572671890258789,10.572671890258789,0
2011-03-18,10.608345985412598,10.608345985412598,10.608345985412598,10.608345985412598,0
2011-03-21,10.727275831007038,10.780792236328125,10.727275831007038,10.780792236328125,61761
2011-03-22,10.739167213439941,10.739167213439941,10.739167213439941,10.739167213439941,0
2011-03-23,10.661864280700684,10.661864280700684,10.661864280700684,10.661864280700684,0
2011-03-24,10.655916866271497,10.679701805114746,10.655916866271497,10.679701805114746,250
2011-03-25,10.691596031188965,10.691596031188965,10.691596031188965,10.691596031188965,0
2011-03-28,10.739167213439941,10.739167213439941,10.739167213439941,10.739167213439941,0
2011-03-29,10.768902778625488,10.768902778625488,10.768902778625488,10.768902778625488,0
2011-03-30,10.869989554287317,10.95323856117586,10.864043034626327,10.917560577392578,65488
2011-03-31,10.929453047672256,10.929453047672256,10.858097076416016,10.858097076416016,5001
2011-04-01,11.024593117447568,11.036485019841161,11.012700080871582,11.012700080871582,81700
2011-04-04,11.119736671447754,11.119736671447754,11.119736671447754,11.119736671447754,0
2011-04-05,11.090003967285156,11.090003967285156,11.060272506228623,11.090003967285156,26601
2011-04-06,11.101895160379698,11.101895160379698,11.054324150085449,11.054324150085449,23000
2011-04-07,11.048374519350354,11.048374519350354,10.94133949279785,10.941339492797852,175
2011-04-08,10.935395240783691,10.935395240783691,10.935395240783691,10.935395240783691,0
2011-04-11,10.923506629625432,10.923506629625432,10.893774032592773,10.893774032592773,200
2011-04-12,10.739167213439941,10.739167213439941,10.739167213439941,10.739167213439941,0
2011-04-13,10.810524832820491,10.816471352118965,10.780792236328125,10.780792236328125,310
2011-04-14,10.72727680206299,10.72727680206299,10.727276802062988,10.727276802062988,0
2011-04-15,10.721325874328613,10.721325874328613,10.721325874328613,10.721325874328613,0
2011-04-18,10.649974822998047,10.649974822998047,10.649974822998047,10.649974822998047,0
2011-04-19,10.661865754398605,10.72727633557588,10.661865754398605,10.703490257263184,503
2011-04-20,10.816469597996983,10.875933647155762,10.768898585506442,10.875933647155762,23600
2011-04-21,10.810525946702569,10.828364372253418,10.810525946702569,10.828364372253418,163
2011-04-26,10.846201772248907,10.864041328430176,10.834308734794728,10.864041328430176,5392
2011-04-27,10.905663786888022,10.935395240783691,10.899717269272434,10.935395240783691,1100
2011-04-28,10.959183198050075,11.03648567199707,10.959183198050075,11.03648567199707,53603
2011-04-29,10.988917094544091,11.024596214294435,10.988917094544091,11.024596214294434,145
2011-05-02,11.060272216796875,11.060272216796875,11.060272216796875,11.060272216796875,0
2011-05-03,10.988912765141707,10.988912765141707,10.935395240783691,10.935395240783691,33800
2011-05-04,10.899720986344219,10.899720986344219,10.852149963378906,10.852149963378906,27500
2011-05-05,10.822420330288432,10.822420330288432,10.768902778625488,10.768902778625488,10215
2011-05-06,10.780790487992276,10.875933647155762,10.768898585506442,10.875933647155762,38446
2011-05-09,10.875933647155762,10.875933647155762,10.875933647155762,10.875933647155762,275
2011-05-10,10.887828777484774,10.988917350769043,10.887828777484774,10.988917350769043,100
2011-05-11,11.125679969787598,11.125679969787598,11.125679969787598,11.125679969787598,0
2011-05-12,11.04837703704834,11.04837703704834,11.04837703704834,11.04837703704834,0
2011-05-13,11.072166442871092,11.072166442871094,11.072166442871092,11.072166442871094,0
2011-05-16,10.959182607497469,11.030538558959961,10.959182607497469,11.030538558959961,2800
2011-05-17,11.078112361296734,11.078112361296734,10.947292327880859,10.947292327880859,5051
2011-05-18,10.935398407523341,10.935398407523341,10.911613464355467,10.911613464355469,5001
2011-05-19,11.018649101257322,11.018649101257324,11.018649101257322,11.018649101257324,0
2011-05-20,11.060272216796875,11.060272216796875,11.060272216796875,11.060272216796875,0
2011-05-23,10.93539853425589,10.93539853425589,10.893774032592773,10.893774032592773,5001
2011-05-24,10.899718586309831,10.899718586309831,10.875933647155762,10.875933647155762,5807
2011-05-25,10.92350959777832,10.92350959777832,10.92350959777832,10.92350959777832,0
2011-05-26,10.881879806518555,10.881879806518555,10.881879806518555,10.881879806518555,0
2011-05-27,10.596453666687012,10.596453666687012,10.596453666687012,10.596453666687012,0
2011-05-30,10.578616142272949,10.578616142272949,10.578616142272949,10.578616142272949,0
2011-05-31,10.655922889709473,10.655922889709473,10.655922889709473,10.655922889709473,0
2011-06-01,10.548884391784668,10.548884391784668,10.548884391784668,10.548884391784668,0
2011-06-02,10.536991395631388,10.536991395631388,10.447795867919922,10.447795867919922,100
2011-06-03,10.447795867919922,10.447795867919922,10.447795867919922,10.447795867919922,0
2011-06-06,10.424010276794434,10.424010276794434,10.424010276794434,10.424010276794434,0
2011-06-07,10.429956201819071,10.429956201819071,10.388330568602958,10.418063163757324,17421
2011-06-08,10.311028354741071,10.346706335661326,10.311028354741071,10.32886791229248,10590
2011-06-09,10.477527455290494,10.477527455290494,10.429956436157227,10.429956436157227,166
2011-06-10,10.352652675222844,10.352652675222844,10.334813117980957,10.334813117980957,17701
2011-06-13,10.370490074157715,10.370490074157715,10.370490074157715,10.370490074157715,0
2011-06-14,10.453739166259766,10.453739166259766,10.453739166259766,10.453739166259766,0
2011-06-15,10.316975593566895,10.316975593566895,10.316975593566895,10.316975593566895,0
2011-06-16,10.269401550292969,10.269401550292969,10.269401550292969,10.269401550292969,0
2011-06-17,10.156420624739063,10.293187141418457,10.156420624739063,10.293187141418457,9329
2011-06-20,10.239670753479004,10.239670753479004,10.239670753479004,10.239670753479004,0
2011-06-21,10.32886791229248,10.32886791229248,10.32886791229248,10.32886791229248,0
2011-06-22,10.311027526855469,10.311027526855469,10.311027526855469,10.311027526855469,0
2011-06-23,10.221833791304983,10.221833791304983,10.162369728088379,10.162369728088379,2000
2011-06-24,10.203991889953613,10.203991889953613,10.203991889953613,10.203991889953613,0
2011-06-27,10.233723347646292,10.233723347646292,10.203991889953613,10.203991889953613,18000
2011-06-28,10.221833229064941,10.221833229064941,10.221833229064941,10.221833229064941,0
2011-06-29,10.441847801208496,10.441847801208496,10.441847801208496,10.441847801208496,0
2011-06-30,10.554830551147461,10.554830551147461,10.554830551147461,10.554830551147461,0
2011-07-01,10.513207819316753,10.572671890258789,10.513207819316753,10.572671890258789,6470
2011-07-04,10.614291191101074,10.614291191101074,10.614291191101074,10.614291191101074,0
2011-07-05,10.649969818147667,10.649969818147667,10.638076782226562,10.638076782226562,2640
2011-07-06,10.531044006347656,10.531044006347656,10.531044006347656,10.531044006347656,0
2011-07-07,10.560776710510254,10.560776710510254,10.560776710510254,10.560776710510254,0
2011-07-08,10.382383346557617,10.382383346557617,10.382383346557617,10.382383346557617,0
2011-07-11,10.198044005653029,10.198044005653029,10.144526481628416,10.144526481628418,2170
2011-07-12,9.9661388397216797,9.9661388397216797,9.9661388397216797,9.9661388397216797,760
2011-07-13,10.150474548339844,10.150474548339844,10.150474548339844,10.150474548339844,0
2011-07-14,10.013708114624023,10.013708114624023,10.013708114624023,10.013708114624023,0
2011-07-15,10.001818064198856,10.001818064198856,9.9958715438842773,9.9958715438842773,335
2011-07-18,9.8234243392944336,9.8234243392944336,9.8234243392944336,9.8234243392944336,0
2011-07-19,9.9720849990844727,9.9720849990844727,9.9720849990844727,9.9720849990844727,0
2011-07-20,10.096961975097656,10.096961975097656,10.096961975097656,10.096961975097656,0
2011-07-21,10.061279890922762,10.067226409912109,10.061279890922762,10.067226409912109,10000
2011-07-22,10.275350697028561,10.275350697028561,10.257511138916014,10.257511138916016,18032
2011-07-25,10.144530528823735,10.156423568725586,10.144530528823735,10.156423568725586,13000
2011-07-26,10.108853340148926,10.108853340148926,10.108853340148926,10.108853340148926,10000
2011-07-27,10.00181705680146,10.00181705680146,9.978032112121582,9.978032112121582,2590
2011-07-28,9.978032112121582,9.978032112121582,9.978032112121582,9.978032112121582,0
2011-07-29,9.8769429576604093,9.9720849990844727,9.8769429576604093,9.9720849990844727,2617
2011-08-01,9.8591032028198242,9.8591032028198242,9.8591032028198242,9.8591032028198242,0
2011-08-02,9.8055858612060547,9.8055858612060547,9.8055858612060547,9.8055858612060547,302
2011-08-03,9.5023183822631836,9.5023183822631836,9.5023183822631836,9.5023183822631836,0
2011-08-04,9.1990528106689453,9.1990528106689453,9.1990528106689453,9.1990528106689453,0
2011-08-05,9.139592170715332,9.139592170715332,9.139592170715332,9.139592170715332,0
2011-08-08,8.7828102111816406,8.7828102111816406,8.7828102111816406,8.7828102111816406,0
2011-08-09,8.8838968276977539,8.8838968276977539,8.8838968276977539,8.8838968276977539,0
2011-08-10,8.8838968276977539,8.8838968276977539,8.8838968276977539,8.8838968276977539,0
2011-08-11,8.7471323013305664,8.7471323013305664,8.7471323013305664,8.7471323013305664,0
2011-08-12,9.0385043905254303,9.0920219421386719,8.9968798802002077,9.0920219421386719,1280
2011-08-15,9.1633749008178711,9.1633749008178711,9.1633749008178711,9.1633749008178711,0
2011-08-16,9.0801277160644531,9.0801277160644531,9.0801277160644531,9.0801277160644531,0
2011-08-17,9.0741806030273438,9.0741806030273438,9.0741806030273438,9.0741806030273438,0
2011-08-18,8.9255180358886719,8.9255180358886719,8.9255180358886719,8.9255180358886719,400
2011-08-19,8.6936101913452148,8.6936101913452148,8.6936101913452148,8.6936101913452148,0
2011-08-22,8.7292861938476562,8.7292861938476562,8.7292861938476562,8.7292861938476562,0
2011-08-23,8.8601125543401889,8.8601125543401889,8.7947025299072266,8.7947025299072266,54400
2011-08-24,8.9493083176747454,9.0028258661092391,8.9493083176747454,8.9849863052368164,12375
2011-08-25,8.8125419616699219,8.8125419616699219,8.8125419616699219,8.8125419616699219,0
2011-08-26,8.7947025299072266,8.7947025299072266,8.7947025299072266,8.7947025299072266,0
2011-08-29,8.9552526473999023,8.9552526473999023,8.9552526473999023,8.9552526473999023,0
2011-08-30,9.044448618412309,9.044448618412309,9.0325555801391602,9.0325555801391602,11211
2011-08-31,9.3120355606079102,9.3120355606079102,9.3120355606079102,9.3120355606079102,0
2011-09-01,9.2882511610316723,9.3596076965332031,9.2882511610316723,9.3596076965332031,9170
2011-09-02,9.1039141841663973,9.139592170715332,9.1039141841663973,9.139592170715332,9945
2011-09-05,8.8184852600097656,8.8184852600097656,8.8184852600097656,8.8184852600097656,0
2011-09-06,8.7055044174194336,8.7055044174194336,8.7055044174194336,8.7055044174194336,0
2011-09-07,8.7055044174194336,8.7055044174194336,8.7055044174194336,8.7055044174194336,0
2011-09-08,9.0444507598876953,9.0444507598876953,9.0444507598876953,9.0444507598876953,0
2011-09-09,8.9017362594604492,8.9017362594604492,8.9017362594604492,8.9017362594604492,0
2011-09-12,8.6519861221313477,8.6519861221313477,8.6519861221313477,8.6519861221313477,0
2011-09-13,8.6995578986582007,8.7055044174194336,8.6995578986582007,8.7055044174194336,22463
2011-09-14,8.6638805472432221,8.8363256454467773,8.6638805472432221,8.8363256454467773,152
2011-09-15,8.9611978530883789,8.9611978530883789,8.9611978530883789,8.9611978530883789,0
2011-09-16,9.0266094207763672,9.0266094207763672,9.0266094207763672,9.0266094207763672,0
2011-09-19,8.8838968276977539,8.8838968276977539,8.8838968276977539,8.8838968276977539,0
2011-09-20,9.0682373046875,9.0682373046875,9.0682373046875,9.0682373046875,0
2011-09-21,8.9255180358886719,8.9255180358886719,8.9255180358886719,8.9255180358886719,0
2011-09-22,8.5925216674804688,8.5925216674804688,8.5925216674804688,8.5925216674804688,0
2011-09-23,8.5687383775947925,8.6282024383544922,8.5687383775947925,8.6282024383544922,22605
2011-09-26,8.7768630981445312,8.7768630981445312,8.7768630981445312,8.7768630981445312,0
2011-09-27,9.0979633331298828,9.0979633331298828,9.0979633331298828,9.0979633331298828,0
2011-09-28,8.9671459197998047,8.9671459197998047,8.9671459197998047,8.9671459197998047,0
2011-09-29,8.9909286499023438,8.9909286499023438,8.9909286499023438,8.9909286499023438,0
2011-09-30,8.8898420333862305,8.8898420333862305,8.8660565252423105,8.8898420333862305,3750
2011-10-04,8.6163101196289062,8.6163101196289062,8.6163101196289062,8.6163101196289062,0
2011-10-05,8.824432373046875,8.824432373046875,8.824432373046875,8.824432373046875,0
2011-10-06,9.0266094207763672,9.0266094207763672,9.0266094207763672,9.0266094207763672,0
2011-10-07,9.1276988983154297,9.1276988983154297,9.1276988983154297,9.1276988983154297,0
2011-10-10,9.2049989700317383,9.2049989700317383,9.2049989700317383,9.2049989700317383,0
2011-10-11,9.1931066513061523,9.1931066513061523,9.1931066513061523,9.1931066513061523,0
2011-10-12,9.3774442672729492,9.3774442672729492,9.3774442672729492,9.3774442672729492,0
2011-10-13,9.2823028564453125,9.2823028564453125,9.2823028564453125,9.2823028564453125,0
2011-10-14,9.3893375396728516,9.3893375396728516,9.3893375396728516,9.3893375396728516,0
2011-10-17,9.2466268539428711,9.2466268539428711,9.2466268539428711,9.2466268539428711,0
2011-10-18,9.2228403091430664,9.2228403091430664,9.2228403091430664,9.2228403091430664,0
2011-10-19,9.2882480621337891,9.2882480621337891,9.2882480621337891,9.2882480621337891,0
2011-10-20,9.1455354690551758,9.1455354690551758,9.1455354690551758,9.1455354690551758,0
2011-10-21,9.3596076965332031,9.3596076965332031,9.3596076965332031,9.3596076965332031,0
2011-10-24,9.5558366775512695,9.5558366775512695,9.5558366775512695,9.5558366775512695,0
2011-10-25,9.466639518737793,9.466639518737793,9.466639518737793,9.466639518737793,0
2011-10-26,9.4904270172119141,9.4904270172119141,9.4904270172119141,9.4904270172119141,0
2011-10-27,9.7401762008666992,9.7401762008666992,9.7401762008666992,9.7401762008666992,0
2011-10-28,9.740175787300684,9.740175787300684,9.7282838821411133,9.7282838821411133,14493
2011-10-31,9.5023183822631836,9.5023183822631836,9.5023183822631836,9.5023183822631836,0
2011-11-01,9.3120373901396629,9.3120373901396629,9.2287883758544922,9.2287883758544922,4770
2011-11-02,9.365551231600497,9.3774442672729492,9.365551231600497,9.3774442672729492,5121
2011-11-03,9.4963747603953568,9.6271953582763672,9.4963747603953568,9.6271953582763672,24563
2011-11-04,9.5439462661743164,9.5439462661743164,9.5439462661743164,9.5439462661743164,0
2011-11-07,9.591517448425293,9.591517448425293,9.591517448425293,9.591517448425293,0
2011-11-08,9.549891471862793,9.549891471862793,9.549891471862793,9.549891471862793,0
2011-11-09,9.436908466771067,9.436908466771067,9.3655519485473633,9.3655519485473633,1450
2011-11-10,9.3536615371704102,9.3536615371704102,9.3536615371704102,9.3536615371704102,0
2011-11-11,9.5201606750488281,9.5201606750488281,9.5201606750488281,9.5201606750488281,0
2011-11-14,9.4071750640869141,9.4071750640869141,9.4071750640869141,9.4071750640869141,0
2011-11-15,9.3358211517333984,9.3358211517333984,9.3358211517333984,9.3358211517333984,0
2011-11-16,9.3893375396728516,9.3893375396728516,9.3893375396728516,9.3893375396728516,0
2011-11-17,9.1871604919433594,9.1871604919433594,9.1871604919433594,9.1871604919433594,0
2011-11-18,9.2406797409057617,9.2406797409057617,9.2406797409057617,9.2406797409057617,0
2011-11-21,8.9730920791625977,8.9730920791625977,8.9730920791625977,8.9730920791625977,0
2011-11-22,8.9493064880371094,8.9493064880371094,8.9493064880371094,8.9493064880371094,0
2011-11-23,8.9195738085405232,8.9195738085405232,8.8184852600097656,8.8184852600097656,900
2011-11-24,8.7947025299072266,8.7947025299072266,8.7947025299072266,8.7947025299072266,0
2011-11-25,8.8838968276977539,8.8838968276977539,8.8838968276977539,8.8838968276977539,0
2011-11-28,9.1931066513061523,9.1931066513061523,9.1931066513061523,9.1931066513061523,0
2011-11-29,9.1931069710073654,9.3893375396728516,9.175267983062648,9.3893375396728516,205591
2011-11-30,9.6450309753417969,9.6450309753417969,9.6450309753417969,9.6450309753417969,0
2011-12-01,9.5736761093139648,9.5736761093139648,9.5736761093139648,9.5736761093139648,0
2011-12-02,9.6747661472244886,9.6747661472244886,9.6153020858764648,9.6153020858764648,196
2011-12-05,9.6985496299241643,9.6985496299241643,9.6926031112670898,9.6926031112670898,63
2011-12-06,9.6450309753417969,9.6450309753417969,9.6450309753417969,9.6450309753417969,0
2011-12-07,9.5855712890625,9.5855712890625,9.5855712890625,9.5855712890625,0
2011-12-08,9.5736758962846942,9.5736758962846942,9.4606943130493164,9.4606943130493164,15230
2011-12-09,9.573675750262181,9.5796222686767578,9.5617827134330273,9.5796222686767578,1664
2011-12-12,9.4190711975097656,9.4190711975097656,9.4190711975097656,9.4190711975097656,0
2011-12-13,9.5379995132733768,9.5379995132733768,9.5320529937744141,9.5320529937744141,15000
2011-12-14,9.3179845809936523,9.3179845809936523,9.3179845809936523,9.3179845809936523,0
2011-12-15,9.3952846527099609,9.3952846527099609,9.3952846527099609,9.3952846527099609,0
2011-12-16,9.3477134704589844,9.3477134704589844,9.3477134704589844,9.3477134704589844,0
2011-12-19,9.3001422882080078,9.3001422882080078,9.3001422882080078,9.3001422882080078,0
2011-12-20,9.478534224679688,9.5617837905883789,9.478534224679688,9.5617837905883789,10200
2011-12-21,9.6331380635150889,9.6331380635150889,9.5261030197143555,9.5261030197143555,17500
2011-12-22,9.5736761093139648,9.5736761093139648,9.5736761093139648,9.5736761093139648,0
2011-12-23,9.6747646331787109,9.6747646331787109,9.6747646331787109,9.6747646331787109,4666
2011-12-27,9.7044963836669922,9.7044963836669922,9.7044963836669922,9.7044963836669922,0
2011-12-28,9.6807109162120746,9.6807109162120746,9.6628713607788086,9.6628713607788086,10000
2011-12-29,9.7461204528808594,9.7461204528808594,9.7461204528808594,9.7461204528808594,0
2011-12-30,9.8055858612060547,9.8055858612060547,9.8055858612060547,9.8055858612060547,0
2012-01-02,10.043440818786621,10.043440818786621,10.043440818786621,10.043440818786621,0
2012-01-03,10.019658088684082,10.019658088684082,10.019658088684082,10.019658088684082,0
2012-01-04,9.9542427062988299,9.9542427062988299,9.9542427062988281,9.9542427062988281,0
2012-01-05,9.7936944961547852,9.7936944961547852,9.7936944961547852,9.7936944961547852,0
2012-01-06,9.8412647247314453,9.8412647247314453,9.8412647247314453,9.8412647247314453,0
2012-01-09,9.8055858612060547,9.8055858612060547,9.8055858612060547,9.8055858612060547,0
2012-01-10,9.9542427062988299,9.9542427062988299,9.9542427062988281,9.9542427062988281,0
2012-01-11,9.9364051818847656,9.9364051818847656,9.9364051818847656,9.9364051818847656,0
2012-01-12,9.9126195907592773,9.9126195907592773,9.9126195907592773,9.9126195907592773,0
2012-01-13,9.9423501570779447,9.9423501570779447,9.8293697172644166,9.8769407272338867,13767
2012-01-16,9.8591032028198242,9.8591032028198242,9.8591032028198242,9.8591032028198242,0
2012-01-17,9.8888310192208237,9.9066705703735352,9.8888310192208237,9.9066705703735352,835
2012-01-18,9.8650493621826172,9.8650493621826172,9.8650493621826172,9.8650493621826172,0
2012-01-19,9.9007256651274513,9.9007256651274513,9.8769407272338867,9.8769407272338867,1000
2012-01-20,9.8591015887935853,9.924512155577407,9.8591015887935853,9.8888330459594727,16500
2012-01-23,9.9423532485961914,9.9423532485961914,9.9423532485961914,9.9423532485961914,0
2012-01-24,9.8353185653686523,9.8353185653686523,9.8353185653686523,9.8353185653686523,0
2012-01-25,9.8115310668945312,9.8115310668945312,9.8115310668945312,9.8115310668945312,0
2012-01-26,9.8591032028198242,9.8591032028198242,9.8591032028198242,9.8591032028198242,0
2012-01-27,9.8234243392944336,9.8234243392944336,9.8234243392944336,9.8234243392944336,0
2012-01-30,9.69854736328125,9.69854736328125,9.69854736328125,9.69854736328125,0
2012-01-31,9.8709983825683594,9.8709983825683594,9.8709983825683594,9.8709983825683594,0
2012-02-01,9.9423528883064591,9.9482994079589844,9.9423528883064591,9.9482994079589844,570
2012-02-02,10.001815795898438,10.001815795898438,10.001815795898438,10.001815795898438,0
2012-02-03,10.049386659211862,10.120743751525879,10.049386659211862,10.120743751525879,68
2012-02-06,10.091014862060545,10.091014862060547,10.091014862060545,10.091014862060547,0
2012-02-07,10.061281204223633,10.061281204223633,10.061281204223633,10.061281204223633,0
2012-02-08,10.013708114624023,10.013708114624023,10.013708114624023,10.013708114624023,0
2012-02-09,10.019658088684082,10.019658088684082,10.019658088684082,10.019658088684082,0
2012-02-10,9.978032112121582,9.978032112121582,9.978032112121582,9.978032112121582,0
2012-02-13,10.025604248046875,10.025604248046875,10.025604248046875,10.025604248046875,0
2012-02-14,10.085064722964153,10.085064722964153,10.037493705749512,10.037493705749512,4488
2012-02-15,10.096961975097656,10.096961975097656,10.096961975097656,10.096961975097656,0
2012-02-16,10.132635937818224,10.203991889953613,10.114796382693171,10.203991889953613,12200
2012-02-17,10.251564691946564,10.251564691946564,10.221833229064941,10.221833229064941,17796
2012-02-20,10.233724594116211,10.233724594116211,10.233724594116211,10.233724594116211,130
2012-02-21,10.174263128578364,10.174263128578364,10.156423568725586,10.156423568725586,2200
2012-02-22,10.079118728637695,10.079118728637695,10.079118728637695,10.079118728637695,0
2012-02-23,10.091014862060545,10.091014862060547,10.091014862060545,10.091014862060547,0
2012-02-24,10.168315887451172,10.168315887451172,10.168315887451172,10.168315887451172,0
2012-02-27,10.073174476623535,10.073174476623535,10.073174476623535,10.073174476623535,0
2012-02-28,10.096961975097656,10.096961975097656,10.096961975097656,10.096961975097656,0
2012-02-29,10.156424652393426,10.156424652393426,10.138585090637207,10.138585090637207,90
2012-03-01,10.096961383118517,10.132640509466341,10.091014862060545,10.091014862060547,4810
2012-03-02,10.102902412414551,10.102902412414551,10.102902412414551,10.102902412414551,0
2012-03-05,9.9958715438842791,9.9958715438842791,9.9958715438842773,9.9958715438842773,0
2012-03-06,9.9185677708287905,9.9185677708287905,9.7818012237548828,9.7818012237548828,2000
2012-03-07,9.9007272720336914,9.9007272720336914,9.9007272720336914,9.9007272720336914,0
2012-03-08,10.049386024475099,10.049386024475099,10.049386024475098,10.049386024475098,0
2012-03-09,10.055332183837891,10.055332183837891,10.055332183837891,10.055332183837891,0
2012-03-12,10.049386024475099,10.049386024475099,10.049386024475098,10.049386024475098,0
2012-03-13,10.221833229064941,10.221833229064941,10.221833229064941,10.221833229064941,0
2012-03-14,10.287244876835311,10.334815908140868,10.251566886901855,10.251566886901855,270480
2012-03-15,10.138582394017567,10.186153411865234,10.138582394017567,10.186153411865234,128
2012-03-16,10.227781218206061,10.263459205627441,10.227781218206061,10.263459205627441,9799
2012-03-19,10.227783251048562,10.281300809909004,10.227783251048562,10.245621681213379,1013
2012-03-20,10.203991236622908,10.203991236622908,10.168313262839566,10.180206298828125,12218
2012-03-21,10.257510615316431,10.257510615316431,10.215886116027832,10.215886116027832,3350
2012-03-22,10.168313262839566,10.180206298828125,10.168313262839566,10.180206298828125,4000
2012-03-23,10.209943771362305,10.209943771362305,10.209943771362305,10.209943771362305,0
2012-03-26,10.34075927734375,10.34075927734375,10.34075927734375,10.34075927734375,0
2012-03-27,10.340759346792408,10.340759346792408,10.305081367492676,10.305081367492676,20390
2012-03-28,10.192100524902344,10.192100524902344,10.192100524902344,10.192100524902344,0
2012-03-29,10.067227723989181,10.067227723989181,10.061281204223633,10.061281204223633,3106
2012-03-30,10.156423568725586,10.156423568725586,10.156423568725586,10.156423568725586,0
2012-04-02,10.251564119217244,10.334813117980957,10.251564119217244,10.334813117980957,23519
2012-04-03,10.19804573059082,10.19804573059082,10.19804573059082,10.19804573059082,0
2012-04-04,9.9423532485961914,9.9423532485961914,9.9423532485961914,9.9423532485961914,0
2012-04-05,9.9839785258741269,9.9958704309965203,9.9482994079589844,9.9482994079589844,15400
2012-04-10,9.8174772262573242,9.8174772262573242,9.8174772262573242,9.8174772262573242,0
2012-04-11,9.8650493621826172,9.8650493621826172,9.8650493621826172,9.8650493621826172,0
2012-04-12,9.989924430847168,9.989924430847168,9.989924430847168,9.989924430847168,0
2012-04-13,9.8353185653686523,9.8353185653686523,9.8353185653686523,9.8353185653686523,0
2012-04-16,9.8947808231312067,9.9007273421574311,9.8650493621826172,9.8650493621826172,976
2012-04-17,10.013708114624023,10.013708114624023,10.013708114624023,10.013708114624023,0
2012-04-18,9.9601917266845703,9.9601917266845703,9.9601917266845703,9.9601917266845703,0
2012-04-19,9.8769411436025525,9.8888330459594727,9.8769411436025525,9.8888330459594727,1200
2012-04-20,9.9780298659381437,9.9780298659381437,9.8828878402709961,9.8828878402709961,10000
2012-04-23,9.7223348617553711,9.7223348617553711,9.7223348617553711,9.7223348617553711,0
2012-04-24,9.829373359680174,9.8293733596801758,9.829373359680174,9.8293733596801758,0
2012-04-25,9.9661388397216797,9.9661388397216797,9.9661388397216797,9.9661388397216797,0
2012-04-26,9.9661400764941668,9.9958715438842791,9.9661400764941668,9.9958715438842773,13657
2012-04-27,10.132637023925781,10.132637023925781,10.132637023925781,10.132637023925781,0
2012-04-30,10.085062980651855,10.085062980651855,10.085062980651855,10.085062980651855,0
2012-05-02,10.162369728088379,10.162369728088379,10.162369728088379,10.162369728088379,0
2012-05-03,10.174260432260937,10.203991889953613,10.174260432260937,10.203991889953613,5001
2012-05-04,10.18020849377881,10.18020849377881,10.019655875863577,10.043440818786621,29509
2012-05-07,10.19804573059082,10.19804573059082,10.19804573059082,10.19804573059082,0
2012-05-08,10.019658088684082,10.019658088684082,10.019658088684082,10.019658088684082,0
2012-05-09,10.013708114624023,10.013708114624023,10.013708114624023,10.013708114624023,0
2012-05-10,10.067227723989181,10.085066149103149,10.037495125161442,10.061281204223633,21478
2012-05-11,10.013708114624023,10.013708114624023,10.013708114624023,10.013708114624023,0
2012-05-14,9.9007272720336914,9.9007272720336914,9.9007272720336914,9.9007272720336914,0
2012-05-15,9.9066705703735334,9.9066705703735352,9.9066705703735334,9.9066705703735352,0
2012-05-16,9.8353158160949015,9.930457831978817,9.8353158160949015,9.9185647964477539,12703
2012-05-17,9.8115310668945312,9.8115310668945312,9.8115310668945312,9.8115310668945312,0
2012-05-18,9.7282838821411133,9.7282838821411133,9.7282838821411133,9.7282838821411133,0
2012-05-21,9.7580175399780273,9.7580175399780273,9.7580175399780273,9.7580175399780273,0
2012-05-22,9.8353185653686523,9.8353185653686523,9.8353185653686523,9.8353185653686523,0
2012-05-23,9.6509771347045898,9.6509771347045898,9.6509771347045898,9.6509771347045898,0
2012-05-24,9.7401762008666992,9.7401762008666992,9.7401762008666992,9.7401762008666992,0
2012-05-25,9.7282838821411133,9.7282838821411133,9.7282838821411133,9.7282838821411133,0
2012-05-28,9.8055858612060547,9.8055858612060547,9.8055858612060547,9.8055858612060547,0
2012-05-29,9.8591032028198242,9.8591032028198242,9.8591032028198242,9.8591032028198242,0
2012-05-30,9.7282838821411133,9.7282838821411133,9.7282838821411133,9.7282838821411133,0
2012-05-31,9.6747639906762739,9.6747639906762739,9.6034069061279297,9.6034069061279297,7151
2012-06-01,9.4250166792272339,9.4250166792272339,9.3952846527099609,9.3952846527099609,3920
2012-06-04,9.3655519485473633,9.3655519485473633,9.3655519485473633,9.3655519485473633,0
2012-06-05,9.3833913803100586,9.3833913803100586,9.3833913803100586,9.3833913803100586,0
2012-06-06,9.4963744973447124,9.549891471862793,9.4963744973447124,9.549891471862793,26
2012-06-07,9.5677298537886024,9.7044963836669922,9.5677298537886024,9.7044963836669922,8656
2012-06-08,9.6747664660668509,9.710444450378418,9.6747664660668509,9.710444450378418,13000
2012-06-11,9.7163887023925781,9.7163887023925781,9.6747642080468257,9.7163887023925781,0
2012-06-12,9.7104418254721914,9.7223348617553711,9.6747638508050198,9.7223348617553711,78
2012-06-13,9.6390838623046875,9.6747629678981948,9.6390838623046875,9.6390838623046875,0
2012-06-14,9.5498883666854439,9.6390838623046875,9.5498883666854439,9.6390838623046875,4000
2012-06-15,9.7163894212692412,9.7163894212692412,9.7044963836669922,9.7044963836669922,12727
2012-06-18,9.7520685195922852,9.7520685195922852,9.7520685195922852,9.7520685195922852,0
2012-06-19,9.8888330459594727,9.8888330459594727,9.8888330459594727,9.8888330459594727,0
2012-06-20,9.989924430847168,9.989924430847168,9.989924430847168,9.989924430847168,0
2012-06-21,9.9839801788330078,9.9839801788330078,9.9839801788330078,9.9839801788330078,0
2012-06-22,9.8828878402709961,9.8828878402709961,9.8828878402709961,9.8828878402709961,12727
2012-06-25,9.7282838821411133,9.7282838821411133,9.7282838821411133,9.7282838821411133,0
2012-06-26,9.7461204528808594,9.7461204528808594,9.7461204528808594,9.7461204528808594,0
2012-06-27,9.8828878402709961,9.8828878402709961,9.8828878402709961,9.8828878402709961,0
2012-06-28,9.9720849990844727,9.9720849990844727,9.9720849990844727,9.9720849990844727,0
2012-06-29,10.19804573059082,10.19804573059082,10.192099212006461,10.19804573059082,19197
2012-07-02,10.322921214002244,10.334813117980957,10.322921214002244,10.334813117980957,7472
2012-07-03,10.352651764044742,10.400222778320312,10.352651764044742,10.400222778320312,4750
2012-07-04,10.406170125695578,10.418063163757324,10.406170125695578,10.418063163757324,2290
2012-07-05,10.418063163757324,10.418063163757324,10.418063163757324,10.418063163757324,0
2012-07-06,10.382384010603891,10.382384010603891,10.352652549743652,10.352652549743652,1912
2012-07-09,10.32886791229248,10.32886791229248,10.32886791229248,10.32886791229248,0
2012-07-10,10.429956436157228,10.429956436157228,10.429956436157227,10.429956436157227,0
2012-07-11,10.34075927734375,10.34075927734375,10.34075927734375,10.34075927734375,0
2012-07-12,10.394277321170359,10.429956436157228,10.394277321170359,10.429956436157227,10000
2012-07-13,10.638081931045294,10.697546005249023,10.638081931045294,10.697546005249023,2
2012-07-16,10.471584320068359,10.471584320068359,10.471584320068359,10.471584320068359,0
2012-07-17,10.495369270229931,10.495369270229931,10.471584320068359,10.471584320068359,225
2012-07-18,10.447792757207305,10.536988258361816,10.441846239239361,10.536988258361816,300
2012-07-19,10.632132530212402,10.632132530212402,10.632132530212402,10.632132530212402,0
2012-07-20,10.560776710510254,10.560776710510254,10.560776710510254,10.560776710510254,0
2012-07-23,10.388328504735396,10.388328504735396,10.269401550292969,10.269401550292969,14570
2012-07-24,10.221831445078667,10.245616384396326,10.203991889953613,10.203991889953613,3250
2012-07-25,10.263459205627441,10.263459205627441,10.263459205627441,10.263459205627441,0
2012-07-26,10.560776710510254,10.560776710510254,10.560776710510254,10.560776710510254,0
2012-07-27,10.495365829278544,10.584561347961426,10.495365829278544,10.584561347961426,330
2012-07-30,10.602399826049805,10.602399826049805,10.602399826049805,10.602399826049805,0
2012-07-31,10.483473777770996,10.483473777770996,10.483473777770996,10.483473777770996,0
2012-08-01,10.602399826049805,10.602399826049805,10.602399826049805,10.602399826049805,0
2012-08-02,10.441847801208496,10.441847801208496,10.441847801208496,10.441847801208496,0
2012-08-03,10.584560671052074,10.661864280700684,10.584560671052074,10.661864280700684,128
2012-08-06,10.697542550106991,10.697542550106991,10.691596031188965,10.691596031188965,7000
2012-08-07,10.786738395690918,10.786738395690918,10.786738395690918,10.786738395690918,0
2012-08-08,10.828364372253418,10.828364372253418,10.828364372253418,10.828364372253418,0
2012-08-09,10.864040610487526,10.875933647155762,10.864040610487526,10.875933647155762,1200
2012-08-10,10.92350959777832,10.92350959777832,10.92350959777832,10.92350959777832,0
2012-08-13,10.852149836419819,10.869989395141602,10.852149836419819,10.869989395141602,440
2012-08-14,10.911613464355467,10.911613464355469,10.911613464355467,10.911613464355469,0
2012-08-15,10.971075057983398,10.971075057983398,10.971075057983398,10.971075057983398,0
2012-08-16,11.060272216796875,11.060272216796875,11.060272216796875,11.060272216796875,0
2012-08-17,11.101898193359375,11.101898193359375,11.101898193359375,11.101898193359375,0
2012-08-20,11.054324150085449,11.054324150085449,11.054324150085449,11.054324150085449,17
2012-08-21,11.066217838573094,11.078109741210938,11.048378283342704,11.078109741210938,16688
2012-08-22,10.94133949279785,10.941339492797852,10.94133949279785,10.941339492797852,0
2012-08-23,10.953237965536189,10.982969428041677,10.911613464355467,10.911613464355469,1658
2012-08-24,10.929448723168104,10.947288276014865,10.911610304503608,10.935395240783691,430
2012-08-27,10.947289093377805,11.054324150085449,10.947289093377805,11.054324150085449,89442
2012-08-28,10.988914342816248,10.988914342816248,10.840254783630371,10.840254783630371,66351
2012-08-29,10.899720986344219,10.899720986344219,10.822418499344078,10.852149963378906,21483
2012-08-30,10.82836614870452,10.88783022338905,10.82836614870452,10.846205711364746,17625
2012-08-31,10.804577796447283,10.905666351318359,10.804577796447283,10.905666351318359,30815
2012-09-03,10.941344136208418,10.959183692932129,10.941344136208418,10.959183692932129,3524
2012-09-04,10.846205711364746,10.846205711364746,10.846205711364746,10.846205711364746,0
2012-09-05,10.864041328430176,10.864041328430176,10.864041328430176,10.864041328430176,0
2012-09-06,10.965131759643555,10.965131759643555,10.965131759643555,10.965131759643555,0
2012-09-07,11.060271216826768,11.060271216826768,10.994860649108887,10.994860649108887,1075
2012-09-10,11.006754875183105,11.006754875183105,11.006754875183105,11.006754875183105,0
2012-09-11,10.947290655116321,10.959183692932129,10.947290655116321,10.959183692932129,105
2012-09-12,10.965131759643555,10.965131759643555,10.965131759643555,10.965131759643555,0
2012-09-13,10.97107827939085,10.977023664955475,10.953238720148962,10.965131759643555,77025
2012-09-14,11.018649951254261,11.018649951254261,10.988917350769043,10.988917350769043,1884
2012-09-17,10.923502445774037,10.923502445774037,10.899716377258301,10.899716377258301,650
2012-09-18,10.869989395141602,10.869989395141602,10.869989395141602,10.869989395141602,0
2012-09-19,10.893776812107081,10.929454803466797,10.893776812107081,10.929454803466797,886
2012-09-20,10.905666320596799,11.006754875183105,10.905666320596799,11.006754875183105,1121
2012-09-21,11.006756377565925,11.113791465759277,11.006756377565925,11.113791465759277,100
2012-09-24,11.030538794468059,11.042431831359863,11.030538794468059,11.042431831359863,250
2012-09-25,11.084058308280147,11.17325496673584,11.084058308280147,11.17325496673584,8090
2012-09-26,11.030538558959959,11.030538558959961,11.030538558959959,11.030538558959961,210
2012-09-27,11.054324150085449,11.054324150085449,11.054324150085449,11.054324150085449,0
2012-09-28,11.00080958428112,11.00080958428112,10.917560577392578,10.917560577392578,534
2012-10-01,10.988912993837202,11.04837703704834,10.982966476097859,11.04837703704834,26896
2012-10-02,11.042431831359863,11.042431831359863,11.042431831359863,11.042431831359863,0
2012-10-04,11.078110639290973,11.078110639290973,11.054325697904671,11.060272216796875,478
2012-10-05,11.14947069039202,11.14947069039202,11.143524169921875,11.143524169921875,338
2012-10-08,11.024596214294435,11.024596214294435,11.024596214294434,11.024596214294434,442
2012-10-09,10.994862233478905,11.066219329833984,10.994862233478905,11.066219329833984,16438
2012-10-10,10.977019309997559,10.977019309997559,10.977019309997559,10.977019309997559,0
2012-10-11,10.97107866885163,11.024596214294435,10.97107866885163,11.024596214294434,8061
2012-10-12,10.959183692932129,10.959183692932129,10.959183692932129,10.959183692932129,0
2012-10-15,11.042431831359863,11.042431831359863,11.042431831359863,11.042431831359863,0
2012-10-16,11.131627082824707,11.131627082824707,11.131627082824707,11.131627082824707,0
2012-10-17,11.060272216796875,11.060272216796875,11.060272216796875,11.060272216796875,0
2012-10-18,10.917559194759312,10.959183692932129,10.917559194759312,10.959183692932129,1000
2012-10-19,10.887825549641596,10.887825549641596,10.864040610487526,10.875933647155762,2742
2012-10-22,10.858097076416016,10.858097076416016,10.858097076416016,10.858097076416016,0
2012-10-23,10.864042208303303,10.864042208303303,10.721329149842328,10.733221054077148,10397
2012-10-24,10.715379472950133,10.804574966430664,10.715379472950133,10.804574966430664,10747
2012-10-25,10.733223193038199,10.792687262792827,10.733223193038199,10.745116233825684,37393
2012-10-26,10.757004788995189,10.822415351867676,10.739165235252969,10.822415351867676,11460
2012-10-29,10.751059532165527,10.751059532165527,10.751059532165527,10.751059532165527,0
2012-10-30,10.816472414047324,10.816472414047324,10.810525894165039,10.810525894165039,3000
2012-10-31,10.858097076416016,10.858097076416016,10.858097076416016,10.858097076416016,0
2012-11-01,10.899720976856237,11.018649101257324,10.899720976856237,11.018649101257324,2860
2012-11-02,11.0424311139663,11.054324150085449,11.0424311139663,11.054324150085449,7500
2012-11-05,10.971075057983398,10.971075057983398,10.971075057983398,10.971075057983398,0
2012-11-06,10.977020971143624,11.012700080871582,10.977020971143624,11.012700080871582,20006
2012-11-07,11.024590968601572,11.024590968601572,10.899716377258301,10.899716377258301,530
2012-11-08,10.881881917271366,10.899721477004919,10.828364372253418,10.828364372253418,9605
2012-11-09,10.858096971809335,10.864043491720519,10.786739867057836,10.828364372253418,62528
2012-11-12,10.864042245427417,10.869988764656432,10.79863166809082,10.79863166809082,38984
2012-11-13,10.780792735715329,10.869989395141602,10.780792735715329,10.869989395141602,1866
2012-11-14,10.935395240783691,10.935395240783691,10.935395240783691,10.935395240783691,0
2012-11-15,10.893773635657924,10.893773635657924,10.834309577941895,10.834309577941895,606
2012-11-16,10.822419009521814,10.822419009521814,10.774847984313965,10.774847984313965,7720
2012-11-19,10.875935608555785,10.893774032592773,10.875935608555785,10.893774032592773,200
2012-11-20,10.917559983693085,10.917559983693085,10.911613464355467,10.911613464355469,180
2012-11-21,10.971075057983398,10.971075057983398,10.971075057983398,10.971075057983398,0
2012-11-22,11.036487325688716,11.072166442871094,11.036487325688716,11.072166442871094,100
2012-11-23,11.066220367210917,11.149469375610352,11.066220367210917,11.149469375610352,6500
2012-11-26,11.101898193359375,11.101898193359375,11.101898193359375,11.101898193359375,0
2012-11-27,11.107844352722168,11.107844352722168,11.107844352722168,11.107844352722168,1525
2012-11-28,11.090004595899968,11.161361694335938,11.090004595899968,11.161361694335938,320
2012-11-29,11.226770440037122,11.292181015014648,11.226770440037122,11.292181015014648,4226
2012-11-30,11.232718467712401,11.232718467712402,11.232718467712401,11.232718467712402,0
2012-12-03,11.345700701568868,11.345700701568868,11.304076194763184,11.304076194763184,39400
2012-12-04,11.375425331548072,11.375425331548072,11.321908950805664,11.321908950805664,79
2012-12-05,11.33975164431714,11.399215698242189,11.33975164431714,11.399215698242188,110
2012-12-06,11.464627880561327,11.464627880561327,11.423002243041992,11.423002243041992,11999
2012-12-07,11.428947158113466,11.428947158113466,11.399215698242188,11.399215698242188,38750
2012-12-10,11.339748086784576,11.411105155944824,11.339748086784576,11.411105155944824,1500
2012-12-11,11.464627320136342,11.482465744018555,11.458680800781407,11.482465744018555,2025
2012-12-12,11.458682060241699,11.458682060241699,11.458682060241699,11.458682060241699,0
2012-12-13,11.417056083679199,11.417056083679199,11.417056083679199,11.417056083679199,0
2012-12-14,11.399216778276305,11.399216778276305,11.381377220153809,11.381377220153809,6274
2012-12-17,11.405163732366326,11.405163732366326,11.33975315093994,11.339753150939941,6435
2012-12-18,11.375430448981438,11.417056083679199,11.375430448981438,11.417056083679199,243
2012-12-19,11.49435825870234,11.500304777786175,11.440840721130371,11.440840721130371,8885
2012-12-20,11.530036926269531,11.530036926269531,11.530036926269531,11.530036926269531,0
2012-12-21,11.512195831987023,11.512195831987023,11.476516723632812,11.476516723632812,1769
2012-12-27,11.494357109069824,11.494357109069824,11.494357109069824,11.494357109069824,0
2012-12-28,11.446786880493162,11.446786880493164,11.446786880493162,11.446786880493164,0
2013-01-02,11.696536064147949,11.696536064147949,11.696536064147949,11.696536064147949,0
2013-01-03,11.684643258328148,11.714375856102778,11.684643258328148,11.708429336547852,786
2013-01-04,11.696536064147949,11.696536064147949,11.696536064147949,11.696536064147949,0
2013-01-07,11.678698101865848,11.678698101865848,11.601395606994629,11.601395606994629,6180
2013-01-08,11.660859675301673,11.672751581616867,11.601395606994629,11.601395606994629,1175
2013-01-09,11.583556175231932,11.583556175231934,11.583556175231932,11.583556175231934,711
2013-01-10,11.613285312419526,11.613285312419526,11.577606201171875,11.577606201171875,14000
2013-01-11,11.595445509453974,11.613285064697266,11.595445509453974,11.613285064697266,1500
2013-01-14,11.54787540435791,11.54787540435791,11.54787540435791,11.54787540435791,0
2013-01-15,11.590836709360632,11.614871025085449,11.590836709360632,11.614871025085449,126
2013-01-16,11.608865253873498,11.620882987976074,11.596847519770922,11.620882987976074,328
2013-01-17,11.626892194670077,11.692987442016602,11.626892194670077,11.692987442016602,470
2013-01-18,11.801141738891602,11.801141738891602,11.801141738891602,11.801141738891602,0
2013-01-21,11.735049732359348,11.735049732359348,11.723031997680664,11.723031997680664,4438
2013-01-22,11.650925636291502,11.650925636291504,11.650925636291502,11.650925636291504,0
2013-01-23,11.542771552821263,11.572815895080566,11.542771552821263,11.572815895080566,260
2013-01-24,11.614871025085449,11.614871025085449,11.614871025085449,11.614871025085449,0
2013-01-25,11.620882987976074,11.620882987976074,11.620882987976074,11.620882987976074,0
2013-01-28,11.572815895080566,11.572815895080566,11.572815895080566,11.572815895080566,0
2013-01-29,11.566802978515625,11.566802978515625,11.566802978515625,11.566802978515625,0
2013-01-30,11.548778533935547,11.548778533935547,11.548778533935547,11.548778533935547,0
2013-01-31,11.596844673156738,11.596844673156738,11.596844673156738,11.596844673156738,0
2013-02-01,11.656935852084411,11.705005645751953,11.656935852084411,11.705005645751953,100
2013-02-04,11.590838432312012,11.590838432312012,11.590838432312012,11.590838432312012,0
2013-02-05,11.602855682373047,11.602855682373047,11.602855682373047,11.602855682373047,0
2013-02-06,11.717021538987641,11.741057005080622,11.662942886352539,11.662942886352539,25100
2013-02-07,11.668954849243164,11.668954849243164,11.668954849243164,11.668954849243164,0
2013-02-08,11.801141677415478,11.843202590942383,11.801141677415478,11.843202590942383,7
2013-02-11,11.801145688129285,11.801145688129285,11.74105930328369,11.741059303283691,48755
2013-02-12,11.723031997680664,11.723031997680664,11.723031997680664,11.723031997680664,0
2013-02-13,11.777108192443848,11.777108192443848,11.777108192443848,11.777108192443848,0
2013-02-14,11.771100997924805,11.771100997924805,11.771100997924805,11.771100997924805,0
2013-02-15,11.879258169480204,11.879258169480204,11.855222702026367,11.855222702026367,2285
2013-02-18,11.873247146606445,11.873247146606445,11.873247146606445,11.873247146606445,0
2013-02-19,11.987414843072854,12.029475762805008,11.975397109985352,11.975397109985352,7751
2013-02-20,12.017459072839934,12.035485674035908,11.9093017578125,11.9093017578125,5124
2013-02-21,11.777108192443848,11.777108192443848,11.777108192443848,11.777108192443848,0
2013-02-22,11.831189492629095,11.93934681418844,11.831189492629095,11.903293609619141,677
2013-02-25,11.855221105165061,11.855221105165061,11.795133590698242,11.795133590698242,1250
2013-02-26,11.777108192443848,11.777108192443848,11.777108192443848,11.777108192443848,0
2013-02-27,11.873247146606445,11.873247146606445,11.873247146606445,11.873247146606445,0
2013-02-28,12.035484313964846,12.035484313964846,12.035484313964844,12.035484313964844,0
2013-03-01,12.113598021356266,12.113598021356266,11.963379790787787,12.005440711975098,1175
2013-03-04,12.005441430893203,12.005441430893203,11.999432563781738,11.999432563781738,1000
2013-03-05,12.179692750176512,12.179692750176512,12.167675018310547,12.167675018310547,15860
2013-03-06,12.191710482042478,12.19771820190147,12.167675018310547,12.167675018310547,8065
2013-03-07,12.137632864795293,12.149649451607072,12.101579666137695,12.101579666137695,44889
2013-03-08,12.179693222045898,12.179693222045898,12.179693222045898,12.179693222045898,0
2013-03-11,12.179693222045898,12.179693222045898,12.179693222045898,12.179693222045898,0
2013-03-12,12.215746865577312,12.26381665509655,12.215746865577312,12.239782333374023,12912
2013-03-13,12.335920333862306,12.335920333862306,12.335920333862305,12.335920333862305,0
2013-03-14,12.462103843688965,12.462103843688965,12.462103843688965,12.462103843688965,0
2013-03-15,12.377982084161832,12.396007537841797,12.365964350992446,12.396007537841797,12988
2013-03-18,12.365964750870207,12.45008659362793,12.365964750870207,12.45008659362793,61
2013-03-19,12.498156201666436,12.498156201666436,12.426052093505859,12.426052093505859,718
2013-03-20,12.420041738387186,12.456093788146973,12.420041738387186,12.456093788146973,250
2013-03-21,12.426052093505859,12.426052093505859,12.426052093505859,12.426052093505859,0
2013-03-22,12.456093788146973,12.456093788146973,12.456093788146973,12.456093788146973,0
2013-03-25,12.558246516549413,12.564255384578706,12.492151260375977,12.492151260375977,12550
2013-03-26,12.486139297485352,12.486139297485352,12.486139297485352,12.486139297485352,0
2013-03-27,12.444077063951713,12.444077063951713,12.438069343566895,12.438069343566895,125
2013-03-28,12.498157953544409,12.534211158752441,12.498157953544409,12.534211158752441,34887
2013-04-02,12.648370742797852,12.648370742797852,12.648370742797852,12.648370742797852,0
2013-04-03,12.678418238438971,12.678418238438971,12.612321853637695,12.612321853637695,477
2013-04-04,12.564257794057148,12.564257794057148,12.480135917663574,12.480135917663574,7155
2013-04-05,12.414034890603439,12.432061491450973,12.239782333374023,12.239782333374023,5325
2013-04-08,12.353944120731841,12.365961851472093,12.317892074584961,12.317892074584961,17873
2013-04-09,12.233774185180664,12.233774185180664,12.233774185180664,12.233774185180664,0
2013-04-10,12.311888115803228,12.390002250671387,12.305879248038421,12.390002250671387,30000
2013-04-11,12.576272010803223,12.576272010803223,12.576272010803223,12.576272010803223,0
2013-04-12,12.43206225287997,12.498157501220703,12.43206225287997,12.498157501220703,244
2013-04-15,12.401691488474292,12.401691488474292,12.305227279663086,12.305227279663086,18232
2013-04-16,12.305229134111826,12.305229134111826,12.275084495544434,12.275084495544434,7302
2013-04-17,12.371549873768823,12.371549873768823,12.154504776000977,12.154504776000977,74
2013-04-18,12.130386326708422,12.178618431091309,12.130386326708422,12.178618431091309,7045
2013-04-19,12.166560230212438,12.196704864501953,12.148472759672277,12.196704864501953,18702
2013-04-22,12.305231194927631,12.305231194927631,12.244940757751465,12.244940757751465,500
2013-04-23,12.528304100036623,12.528304100036623,12.528304100036621,12.528304100036621,0
2013-04-24,12.606680870056152,12.606680870056152,12.606680870056152,12.606680870056152,0
2013-04-25,12.72725772857666,12.72725772857666,12.72725772857666,12.72725772857666,0
2013-04-26,12.624765399003181,12.66696834564209,12.624765399003181,12.66696834564209,9038
2013-04-29,12.660937255853483,12.672995567321777,12.660937255853483,12.672995567321777,7610
2013-04-30,12.582561607524871,12.606677082580454,12.582561607524871,12.600647926330566,64074
2013-05-02,12.672997450127589,12.721229553222656,12.6669682934977,12.721229553222656,11600
2013-05-03,12.733285067696755,12.763429694276345,12.703139291173375,12.751371383666992,40783
2013-05-06,12.781522750854492,12.781522750854492,12.781522750854492,12.781522750854492,0
2013-05-07,12.733288764953613,12.733288764953613,12.733288764953613,12.733288764953613,0
2013-05-08,12.775490760803223,12.775490760803223,12.775490760803223,12.775490760803223,0
2013-05-09,12.781522750854492,12.781522750854492,12.781522750854492,12.781522750854492,0
2013-05-10,12.884017944335938,12.884017944335938,12.884017944335938,12.884017944335938,0
2013-05-13,12.835784912109375,12.835784912109375,12.835784912109375,12.835784912109375,0
2013-05-14,12.871954917907713,12.871954917907715,12.871954917907713,12.871954917907715,0
2013-05-15,12.829750116200753,12.950329780578613,12.829750116200753,12.950329780578613,3300
2013-05-16,12.902100563049316,12.902100563049316,12.902100563049316,12.902100563049316,100
2013-05-17,12.877984046936035,12.877984046936035,12.877984046936035,12.877984046936035,0
2013-05-20,13.034738540649416,13.034738540649416,13.034738540649414,13.034738540649414,0
2013-05-21,13.016653086687116,13.052826881408691,13.016653086687116,13.052826881408691,100
2013-05-22,13.058850288391113,13.058850288391113,13.058850288391113,13.058850288391113,0
2013-05-23,12.865929721215917,12.865929721215917,12.79358096990269,12.841813087463379,1105
2013-05-24,12.757404327392578,12.757404327392578,12.757404327392578,12.757404327392578,0
2013-05-27,12.896069526672362,12.896069526672363,12.896069526672362,12.896069526672363,0
2013-05-28,12.902102394895085,13.040769577026367,12.902102394895085,13.040769577026367,12400
2013-05-29,12.745345115661619,12.745345115661621,12.745345115661619,12.745345115661621,0
2013-05-30,12.847843170166016,12.847843170166016,12.847843170166016,12.847843170166016,0
2013-05-31,12.757407198109732,12.757407198109732,12.715204238891602,12.715204238891602,359
2013-06-03,12.757404413158275,12.757404413158275,12.61270809173584,12.61270809173584,17047
2013-06-04,12.709171292281001,12.709171292281001,12.66696834564209,12.66696834564209,72
2013-06-05,12.50418758392334,12.50418758392334,12.50418758392334,12.50418758392334,0
2013-06-06,12.474040031433105,12.474040031433105,12.474040031433105,12.474040031433105,0
2013-06-07,12.510210067660203,12.594615936279297,12.510210067660203,12.594615936279297,10000
2013-06-10,12.660943031311035,12.660943031311035,12.660943031311035,12.660943031311035,0
2013-06-11,12.61270809173584,12.61270809173584,12.61270809173584,12.61270809173584,0
2013-06-12,12.66696834564209,12.66696834564209,12.66696834564209,12.66696834564209,0
2013-06-13,12.715204238891603,12.715204238891603,12.715204238891602,12.715204238891602,0
2013-06-14,12.66094400174614,12.709176123374059,12.66094400174614,12.697117805480957,20150
2013-06-17,12.805639266967773,12.805639266967773,12.805639266967773,12.805639266967773,5000
2013-06-18,12.841813087463379,12.841813087463379,12.841813087463379,12.841813087463379,0
2013-06-19,12.86592295409509,12.877981264629021,12.859893798828125,12.859893798828125,25000
2013-06-20,12.697115918791596,12.697115918791596,12.570507049560547,12.570507049560547,15000
2013-06-21,12.546388684593634,12.66094037184709,12.449924468994141,12.449924468994141,21000
2013-06-24,12.232879749835574,12.232879749835574,12.208763122558594,12.208763122558594,5000
2013-06-25,12.232876839328648,12.353456497192385,12.232876839328648,12.353456497192383,3774
2013-06-26,12.50418758392334,12.522275058253225,12.492129267703415,12.50418758392334,15400
2013-06-27,12.540355547778493,12.751371383666992,12.540355547778493,12.751371383666992,8253
2013-06-28,12.72725772857666,12.72725772857666,12.72725772857666,12.72725772857666,0
2013-07-01,12.781520871772445,12.902100563049316,12.781520871772445,12.902100563049316,1700
2013-07-02,13.004590941945143,13.004590941945143,12.884011278402548,12.926214218139648,28887
2013-07-03,12.96238899230957,12.96238899230957,12.96238899230957,12.96238899230957,0
2013-07-04,13.10708522796631,13.10708522796631,13.107085227966309,13.107085227966309,0
2013-07-05,13.19148824392593,13.19148824392593,13.058850288391113,13.058850288391113,29500
2013-07-08,13.227665027328948,13.227665027328948,13.209577560424805,13.209577560424805,4203
2013-07-09,13.227669715881348,13.227669715881348,13.227669715881348,13.227669715881348,0
2013-07-10,13.306044522827271,13.318102836608887,13.306044522827271,13.318102836608887,1535
2013-07-11,13.324132919311523,13.354277555916031,13.324132919311523,13.324132919311523,18523
2013-07-12,13.408534128501064,13.408534128501064,13.390446662902832,13.390446662902832,230
2013-07-15,13.469571835891287,13.481906890869141,13.469571835891287,13.481906890869141,2730
2013-07-16,13.296884053007044,13.296884053007044,13.259880065917969,13.259880065917969,20600
2013-07-17,13.28455172699093,13.346224653899871,13.28455172699093,13.290718078613281,756
2013-07-18,13.420227253802919,13.537407875061035,13.420227253802919,13.537407875061035,98
2013-07-19,13.562077069227778,13.586747169494629,13.562077069227778,13.586747169494629,8
2013-07-22,13.500408297000332,13.500408297000332,13.481906890869141,13.481906890869141,5000
2013-07-23,13.457234382629395,13.457234382629395,13.457234382629395,13.457234382629395,0
2013-07-24,13.457231227129391,13.537407875061035,13.457231227129391,13.537407875061035,5691
2013-07-25,13.49424185967221,13.611422538757324,13.49424185967221,13.611422538757324,2500
2013-07-26,13.666928291320801,13.666928291320801,13.66076076370501,13.666928291320801,7891
2013-07-29,13.666928291320801,13.666928291320801,13.666928291320801,13.666928291320801,0
2013-07-30,13.759441973543623,13.759441973543623,13.716270446777344,13.716270446777344,105
2013-07-31,13.759435653686523,13.759435653686523,13.759435653686523,13.759435653686523,0
2013-08-01,13.839613792047064,13.882785303583262,13.839613792047064,13.858115196228027,679
2013-08-02,13.839611395366433,13.839611395366433,13.821108818054199,13.821108818054199,25000
2013-08-05,13.969124638326733,13.969124638326733,13.901284213682967,13.913618087768555,16498
2013-08-06,13.969129782866675,13.969129782866675,13.882786750793455,13.882786750793457,4480
2013-08-07,13.771772524252452,13.851948022530028,13.771772524252452,13.827279090881348,27132
2013-08-08,13.821112652311619,13.882786750793457,13.821112652311619,13.882786750793457,315
2013-08-09,13.950627326965332,13.950627326965332,13.950627326965332,13.950627326965332,0
2013-08-12,13.944460733135449,13.944460733135449,13.888954162597656,13.888954162597656,175
2013-08-13,13.925956726074219,13.925956726074219,13.925956726074219,13.925956726074219,0
2013-08-14,13.944460629175921,13.96912956237793,13.944460629175921,13.96912956237793,1600
2013-08-15,13.925956912608974,13.925956912608974,13.777939796447754,13.777939796447754,5000
2013-08-16,13.722434295768531,13.771773338317871,13.722434295768531,13.771773338317871,140
2013-08-19,13.796443939208984,13.796443939208984,13.796443939208984,13.796443939208984,0
2013-08-20,13.685430526733398,13.685430526733398,13.685430526733398,13.685430526733398,0
2013-08-21,13.802607275411571,13.802607275411571,13.753268241882324,13.753268241882324,1300
2013-08-22,13.833444212259193,13.833444212259193,13.802606582641602,13.802606582641602,9
2013-08-23,13.870450249905645,13.870450249905645,13.858115196228026,13.858115196228027,13450
2013-08-26,13.796443353271009,13.839614868164062,13.765605716679145,13.839614868164062,1805
2013-08-27,13.833448840953189,13.833448840953189,13.611422538757324,13.611422538757324,200
2013-08-28,13.611413508570408,13.611413508570408,13.506567955017088,13.50656795501709,225
2013-08-29,13.728594779968262,13.728594779968262,13.728594779968262,13.728594779968262,0
2013-08-30,13.654591303537879,13.654591303537879,13.605252265930176,13.605252265930176,200
2013-09-02,13.864279672889365,13.932121276855471,13.864279672889365,13.932121276855469,5371
2013-09-03,13.938291779672964,13.938291779672964,13.925956726074219,13.925956726074219,2000
2013-09-04,13.987632376202253,13.999967431175341,13.956794738769531,13.956794738769531,17696
2013-09-05,14.141813164203748,14.147980690002441,14.086306608350782,14.147980690002441,1157
2013-09-06,14.123312950134276,14.123312950134277,14.123312950134276,14.123312950134277,0
2013-09-09,14.14798069000244,14.147980690002441,14.14798069000244,14.147980690002441,0
2013-09-10,14.326836823776839,14.326836823776839,14.302167892456053,14.302167892456055,13450
2013-09-11,14.314500694069507,14.351505852772592,14.314500694069507,14.32066822052002,4194
2013-09-12,14.41934858966337,14.41934858966337,14.351508140563965,14.351508140563965,5000
2013-09-13,14.456352719095097,14.524193163336678,14.42551508413484,14.493356704711914,10952
2013-09-16,14.641376726111769,14.641376726111769,14.555033683776855,14.555033683776855,2775
2013-09-17,14.57353174042464,14.629038305256026,14.518026351928711,14.518026351928711,18986
2013-09-18,14.616706948420582,14.616706948420582,14.54886531829834,14.54886531829834,5453
2013-09-19,14.567362475460618,14.567362475460618,14.46868324279785,14.468683242797852,317
2013-09-20,14.56119690013054,14.616703461290877,14.530359268188477,14.530359268188477,20223
2013-09-23,14.598202053352882,14.598202053352882,14.44401741027832,14.44401741027832,5000
2013-09-24,14.462521802562295,14.518028375128953,14.462521802562295,14.511860847473145,6526
2013-09-25,14.43168307879338,14.499524701568898,14.43168307879338,14.456353187561035,3600
2013-09-26,14.46868706560933,14.474854592801245,14.456353187561035,14.456353187561035,33132
2013-09-27,14.505692113028656,14.524193518121255,14.462520599365233,14.462520599365234,68040
2013-09-30,14.326832700950957,14.394674301147461,14.326832700950957,14.394674301147461,11915
2013-10-01,14.431682153115746,14.518026351928711,14.419347099523113,14.518026351928711,3589
2013-10-02,14.511862008062932,14.511862008062932,14.376178741455078,14.376178741455078,65
2013-10-04,14.363842964172363,14.363842964172363,14.363842964172363,14.363842964172363,0
2013-10-07,14.320667534415051,14.357672691345215,14.320667534415051,14.357672691345215,920
2013-10-08,14.431686031740311,14.431686031740311,14.326840400695801,14.326840400695801,42700
2013-10-09,14.203491923171129,14.228160858154297,14.203491923171129,14.228160858154297,1550
2013-10-10,14.3946752887198,14.468683242797852,14.3946752887198,14.468683242797852,30200
2013-10-11,14.573533771359992,14.573533771359992,14.511860847473145,14.511860847473145,21800
2013-10-14,14.548866981266162,14.610541090578081,14.548866981266162,14.573535919189453,22520
2013-10-15,14.785184689865279,14.791397094726562,14.785184689865279,14.791397094726562,400
2013-10-16,14.810034564612685,14.903218269348146,14.810034564612685,14.903218269348145,2500
2013-10-17,14.952914503463864,15.108221054077148,14.940489695040013,15.108221054077148,27071
2013-10-18,15.12685367060948,15.145489692687988,15.095791658987654,15.145489692687988,5030
2013-10-21,15.207621499131278,15.244895935058596,15.207621499131278,15.244895935058594,256
2013-10-22,15.251105772616368,15.251105772616368,15.182771682739258,15.182771682739258,900
2013-10-23,15.232467387312854,15.232467387312854,15.120646476745605,15.120646476745605,12600
2013-10-24,15.170345306396483,15.170345306396484,15.170345306396483,15.170345306396484,0
2013-10-25,15.195191214108601,15.201403617858887,15.195191214108601,15.201403617858887,287
2013-10-28,15.257318178040684,15.257318178040684,15.176559277314942,15.182771682739258,10101
2013-10-29,15.170345313524981,15.170345313524981,15.126859664916992,15.126859664916992,5313
2013-10-30,15.145496830598713,15.170346451607534,15.077162742614746,15.077162742614746,13100
2013-10-31,15.164136259508611,15.195197105407715,15.164136259508611,15.195197105407715,500
2013-11-01,15.313224515574298,15.313224515574298,15.201403617858885,15.201403617858887,390
2013-11-04,15.263523111498664,15.369131582223057,15.226249882094349,15.307008743286133,12603
2013-11-05,15.313225573590207,15.43125888321102,15.313225573590207,15.362923622131348,29048
2013-11-06,15.549290994983382,15.586564232294139,15.493380546569824,15.493380546569824,4996
2013-11-07,15.549289758025681,15.69217147709627,15.412619257267069,15.46852970123291,7743
2013-11-08,15.431257587016594,15.462318420410158,15.412620376043552,15.462318420410156,4505
2013-11-11,15.449896371804101,15.449896371804101,15.375348705212922,15.387773513793945,1725
2013-11-12,15.406406216958988,15.406406216958988,15.269736906746822,15.282161712646484,5327
2013-11-13,15.207616876942012,15.213829281041706,15.039885520935059,15.039885520935059,10065
2013-11-14,15.282159521872263,15.338069955510997,15.257309913635254,15.257309913635254,8345
2013-11-15,15.449897671335703,15.474746105692855,15.375349998474121,15.375349998474121,5385
2013-11-18,15.387778471630472,15.412626911903553,15.338080406188965,15.338080406188965,849
2013-11-19,15.331861556798687,15.331861556798687,15.251101493835449,15.251101493835449,1076
2013-11-20,15.226249537754079,15.275947570800781,15.220037135511419,15.275947570800781,9912
2013-11-21,15.232465130006052,15.26352596282959,15.232465130006052,15.26352596282959,350
2013-11-22,15.400199173746264,15.437472416654956,15.356712341308594,15.356712341308594,4100
2013-11-25,15.468527437702232,15.468527437702232,15.369131370728779,15.393980979919434,10252
2013-11-26,15.344288212179501,15.344288212179501,15.331863403320312,15.331863403320312,1600
2013-11-27,15.443679359715697,15.443679359715697,15.425042152404783,15.425042152404785,6352
2013-11-28,15.468530035934885,15.468530035934885,15.412619590759277,15.412619590759277,28252
2013-11-29,15.449899673461916,15.449899673461916,15.418837645371372,15.449899673461914,2325
2013-12-02,15.425042152404783,15.437466957278724,15.39398132511454,15.425042152404785,21555
2013-12-03,15.344288747661984,15.356712372059741,15.139284133911133,15.139284133911133,8690
2013-12-04,15.139285166465431,15.139285166465431,14.971553784258017,15.058525085449219,2609
2013-12-05,14.934281764170153,14.934281764170153,14.88458251953125,14.88458251953125,1425
2013-12-06,14.928066253662109,14.928066253662109,14.928066253662109,14.928066253662109,0
2013-12-09,14.983980693162566,14.983980693162566,14.965343475341797,14.965343475341797,431
2013-12-10,14.909428596496582,14.909428596496582,14.909428596496582,14.909428596496582,0
2013-12-11,15.027464100875452,15.027464100875452,14.934280395507811,14.934280395507812,3130
2013-12-12,14.884583347083533,14.884583347083533,14.76033878326416,14.76033878326416,441
2013-12-13,14.822461299512961,14.847309737718392,14.816248893737793,14.816248893737793,3100
2013-12-16,14.90943077546572,14.934280395507812,14.90943077546572,14.934280395507812,2000
2013-12-17,14.928063557092125,14.928063557092125,14.878365516662598,14.878365516662598,42763
2013-12-18,14.98397564278218,14.98397564278218,14.897003173828125,14.897003173828125,16666
2013-12-19,15.244886294411286,15.257309913635254,15.220036686174277,15.257309913635254,32514
2013-12-20,15.220039543992653,15.300798416137695,15.220039543992653,15.300798416137695,13450
2013-12-23,15.331859600927094,15.418830871582031,15.331859600927094,15.418830871582031,76
2013-12-27,15.748084751491884,15.748084751491884,15.679749488830566,15.679749488830566,1490
2013-12-30,15.630053680794523,15.667326927185059,15.630053680794523,15.667326927185059,50
2014-01-02,15.841268723308533,15.841268723308533,15.673537358333997,15.704599380493164,21587
2014-01-03,15.810205348276597,15.810205348276597,15.735657691955566,15.735657691955566,200
2014-01-06,15.698391036268221,15.698391036268221,15.661116600036621,15.661116600036621,500
2014-01-07,15.704602741354364,15.760513208310988,15.704602741354364,15.729451179504395,2905
2014-01-08,15.692172050476076,15.692172050476076,15.692172050476074,15.692172050476074,0
2014-01-09,15.630053520202637,15.630053520202637,15.630053520202637,15.630053520202637,0
2014-01-10,15.754297431052843,15.754297431052843,15.704599380493164,15.704599380493164,375
2014-01-13,15.648686408996582,15.648686408996582,15.648686408996582,15.648686408996582,0
2014-01-14,15.642475125864665,15.772932052612305,15.642475125864665,15.772932052612305,635
2014-01-15,15.961413383483887,15.961413383483887,15.961413383483887,15.961413383483887,0
2014-01-16,15.899057607633839,15.899057607633839,15.84294319152832,15.84294319152832,141
2014-01-17,15.880356788635254,15.880356788635254,15.880356788635254,15.880356788635254,0
2014-01-20,16.023760306716348,16.023760306716348,15.911531448364258,15.911531448364258,23
2014-01-21,15.9676456451416,15.967645645141602,15.9676456451416,15.967645645141602,0
2014-01-22,16.029996214912199,16.029996214912199,15.924003601074219,15.924003601074219,80
2014-01-23,15.811770614934931,15.811770614934931,15.668366432189941,15.668366432189941,500
2014-01-24,15.325448036193849,15.325448036193849,15.325448036193848,15.325448036193848,0
2014-01-27,15.244394987072463,15.244394987072463,15.088521832559321,15.21321964263916,1535
2014-01-28,15.344155758975068,15.369094848632812,15.344155758975068,15.369094848632812,10000
2014-01-29,15.587317723892047,15.587317723892047,15.306745529174803,15.306745529174805,125
2014-01-30,15.487556457519531,15.487556457519531,15.487556457519531,15.487556457519531,0
2014-01-31,15.375322556525939,15.375322556525939,15.319208145141602,15.319208145141602,1446
2014-02-03,15.350386059073134,15.375325140981889,15.231922149658203,15.231922149658203,614
2014-02-04,15.144636263321475,15.269334073401314,15.088521832559321,15.21321964263916,1347
2014-02-05,15.238161087036135,15.238161087036135,15.238161087036133,15.238161087036133,0
2014-02-06,15.48132183898927,15.512495994567871,15.48132183898927,15.512495994567871,121
2014-02-07,15.593549728393555,15.593549728393555,15.593549728393555,15.593549728393555,0
2014-02-10,15.568611305127414,15.587316513061523,15.568611305127414,15.587316513061523,241
2014-02-11,15.77436518251112,15.830479621887207,15.77436518251112,15.830479621887207,400
2014-02-12,16.07364137856495,16.07364137856495,15.886592864990234,15.886592864990234,8151
2014-02-13,15.980114936828613,15.980114936828613,15.980114936828613,15.980114936828613,0
2014-02-14,15.980112460058599,16.023757934570312,15.980112460058599,16.023757934570312,400
2014-02-17,16.167162115313147,16.173397183559196,16.104812622070312,16.104812622070312,290
2014-02-18,16.086107417332162,16.104812622070312,16.086107417332162,16.104812622070312,117
2014-02-19,16.160921532121414,16.160921532121414,16.12974739074707,16.12974739074707,35
2014-02-20,15.936469627648409,16.086107700535049,15.936469627648409,16.054933547973633,109
2014-02-21,16.123516640733346,16.123516640733346,16.023757934570312,16.023757934570312,348
2014-02-24,16.135992050170898,16.135992050170898,16.135992050170898,16.135992050170898,0
2014-02-25,16.173391664358061,16.173391664358061,16.12974739074707,16.12974739074707,200
2014-02-26,16.029996871948242,16.029996871948242,16.029996871948242,16.029996871948242,0
2014-02-27,15.911531448364258,15.911531448364258,15.911531448364258,15.911531448364258,0
2014-02-28,15.955182075500488,15.955182075500488,15.955182075500488,15.955182075500488,0
2014-03-03,15.743187806421734,15.743187806421734,15.562374385543269,15.593549728393555,1094
2014-03-04,15.805540742412683,15.855420112609863,15.805540742412683,15.855420112609863,1200
2014-03-05,15.818009376525879,15.818009376525879,15.818009376525879,15.818009376525879,0
2014-03-06,15.849184116970275,15.849184116970275,15.774364471435547,15.774364471435547,100
2014-03-07,15.699545860290527,15.699545860290527,15.699545860290527,15.699545860290527,0
2014-03-10,15.780595730831406,15.805536003060551,15.418970108032227,15.418970108032227,2100
2014-03-11,15.437680936360833,15.437680936360833,15.406505584716797,15.406505584716797,290
2014-03-12,15.369088557960993,15.369088557960993,15.238155715109151,15.331679344177246,700
2014-03-13,15.319214850786395,15.319214850786395,15.182046890258789,15.182046890258789,13344
2014-03-14,15.125931739807131,15.125931739807131,15.125931739807129,15.125931739807129,0
2014-03-17,15.206990276229387,15.387803774092518,15.206990276229387,15.35662841796875,6444
2014-03-18,15.275569786482363,15.344154357910156,15.244395629952189,15.344154357910156,8407
2014-03-19,15.325448036193849,15.325448036193849,15.325448036193848,15.325448036193848,0
2014-03-20,15.175814236844586,15.30051326751709,15.175814236844586,15.30051326751709,4000
2014-03-21,15.356626523179816,15.356626523179816,15.256867774329049,15.30051326751709,700
2014-03-24,15.132170677185057,15.132170677185059,15.132170677185057,15.132170677185059,0
2014-03-25,15.213219642639158,15.21321964263916,15.213219642639158,15.21321964263916,0
2014-03-26,15.356622857064069,15.425207426482432,15.356622857064069,15.375328063964844,1260
2014-03-27,15.425206184387205,15.425206184387207,15.425206184387205,15.425206184387207,0
2014-03-28,15.418970108032227,15.418970108032227,15.418970108032227,15.418970108032227,0
2014-03-31,15.462613271004022,15.481318473815918,15.462613271004022,15.481318473815918,150
2014-04-01,15.518734487018438,15.518734487018438,15.493795394897461,15.493795394897461,716
2014-04-02,15.5436695372898,15.5436695372898,15.512494196107745,15.524964332580566,30346
2014-04-03,15.562376976013184,15.562376976013184,15.562376976013184,15.562376976013184,0
2014-04-04,15.606020927429199,15.606020927429199,15.606020927429199,15.606020927429199,0
2014-04-07,15.437680647765889,15.437680647765889,15.400271415710449,15.400271415710449,6650
2014-04-08,15.15710977101539,15.15710977101539,15.132170677185057,15.132170677185059,7237
2014-04-09,15.306745529174803,15.306745529174805,15.306745529174803,15.306745529174805,0
2014-04-10,15.412738272382493,15.412738272382493,15.238161087036133,15.238161087036133,15
2014-04-11,15.013701833369222,15.013701833369222,14.926413249494848,14.976292610168457,818
2014-04-14,14.932646751403807,14.932646751403809,14.932646751403807,14.932646751403809,8575
2014-04-15,14.792766571044924,14.792766571044924,14.792766571044922,14.792766571044922,0
2014-04-16,14.917495462455941,15.09211540222168,14.917495462455941,15.09211540222168,473
2014-04-17,15.123291982149157,15.20436477661133,15.104582326734519,15.204364776611328,359
2014-04-22,15.378989220590968,15.378989220590968,15.36651611328125,15.36651611328125,60
2014-04-23,15.260498294598623,15.272971402900964,15.216843605041504,15.216843605041504,3430
2014-04-24,15.279209139846525,15.279209139846525,15.266736030578613,15.266736030578613,2358
2014-04-25,15.160717010498047,15.160717010498047,15.160717010498047,15.160717010498047,0
2014-04-28,15.054697036743164,15.054697036743164,15.054697036743164,15.054697036743164,0
2014-04-29,15.117053985595703,15.117053985595703,15.117053985595703,15.117053985595703,0
2014-04-30,15.229315757751465,15.229315757751465,15.229315757751465,15.229315757751465,0
2014-05-02,15.372752198364264,15.372752198364264,15.291679382324219,15.291679382324219,498
2014-05-05,15.191899753973491,15.266736030578615,15.191899753973491,15.266736030578613,340
2014-05-06,15.19813060760498,15.19813060760498,15.19813060760498,15.19813060760498,0
2014-05-07,15.19813060760498,15.19813060760498,15.19813060760498,15.19813060760498,0
2014-05-08,15.185658459303067,15.322859049920917,15.185658459303067,15.304150581359863,18143
2014-05-09,15.30415415029916,15.335335731506348,15.30415415029916,15.335335731506348,193
2014-05-12,15.279207213287886,15.385226249694824,15.279207213287886,15.385226249694824,432
2014-05-13,15.428878784179688,15.428878784179688,15.428878784179688,15.428878784179688,0
2014-05-14,15.322862162613118,15.322862162613118,15.248025894165039,15.248025894165039,1965
2014-05-15,15.185663997617439,15.185663997617439,15.004807472229004,15.004807472229004,65
2014-05-16,15.011045455932617,15.011045455932617,15.011045455932617,15.011045455932617,0
2014-05-19,15.004803648202023,15.148241996765137,15.004803648202023,15.148241996765137,15705
2014-05-20,15.297918319702148,15.297918319702148,15.297918319702148,15.297918319702148,0
2014-05-21,15.410172462463379,15.410172462463379,15.410172462463379,15.410172462463379,0
2014-05-22,15.466295010136065,15.522422790527344,15.466295010136065,15.522422790527344,1600
2014-05-23,15.591028215169086,15.591028215169086,15.578555107116697,15.578555107116699,3400
2014-05-26,15.703287124633787,15.703287124633789,15.703287124633787,15.703287124633789,0
2014-05-27,15.778117179870605,15.778117179870605,15.778117179870605,15.778117179870605,0
2014-05-28,15.809304237365723,15.809304237365723,15.809304237365723,15.809304237365723,0
2014-05-29,15.85919189453125,15.85919189453125,15.85919189453125,15.85919189453125,0
2014-05-30,15.840482711791992,15.840482711791992,15.840482711791992,15.840482711791992,0
2014-06-02,15.909089088439941,15.909089088439941,15.909089088439941,15.909089088439941,0
2014-06-03,15.828009133309703,15.828009133309703,15.728226661682129,15.728226661682129,4963
2014-06-04,15.715752601623533,15.715752601623535,15.715752601623533,15.715752601623535,0
2014-06-05,15.634683832789582,15.697048187255861,15.634683832789582,15.697048187255859,320
2014-06-06,15.809304237365723,15.809304237365723,15.809304237365723,15.809304237365723,0
2014-06-09,15.803063866523384,15.915319442749025,15.803063866523384,15.915319442749023,250
2014-06-10,15.965206854383252,15.965206854383252,15.927788734436035,15.927788734436035,247
2014-06-11,15.871668815612795,15.871668815612795,15.871668815612793,15.871668815612793,0
2014-06-12,15.946497199659351,15.946497199659351,15.927788734436035,15.927788734436035,1248
2014-06-13,15.884138829473464,15.884138829473464,15.846720695495605,15.846720695495605,253
2014-06-16,15.778117179870605,15.778117179870605,15.778117179870605,15.778117179870605,0
2014-06-17,15.821771621704102,15.821771621704102,15.821771621704102,15.821771621704102,0
2014-06-18,15.765645027160645,15.765645027160645,15.765645027160645,15.765645027160645,0
2014-06-19,15.821771621704102,15.821771621704102,15.821771621704102,15.821771621704102,0
2014-06-20,15.821771621704102,15.821771621704102,15.821771621704102,15.821771621704102,0
2014-06-23,15.721993694333444,15.721993694333444,15.647157418294821,15.690812110900879,13120
2014-06-24,15.709521296049342,15.709521296049342,15.697048187255859,15.697048187255859,233
2014-06-25,15.559843062158908,15.559843062158908,15.547369956970215,15.547369956970215,90
2014-06-26,15.715752601623533,15.715752601623535,15.715752601623533,15.715752601623535,0
2014-06-27,15.697048187255861,15.697048187255861,15.697048187255859,15.697048187255859,0
2014-06-30,15.684574353859196,15.746938705444338,15.647156218708538,15.746938705444336,32750
2014-07-01,15.784356823544227,15.828011512756348,15.784356823544227,15.828011512756348,31227
2014-07-02,15.784357070922852,15.784357070922852,15.784357070922852,15.784357070922852,0
2014-07-03,16.002628326416016,16.002628326416016,16.002628326416016,16.002628326416016,0
2014-07-04,16.002628326416016,16.002628326416016,16.002628326416016,16.002628326416016,0
2014-07-07,15.852953910827635,15.852953910827637,15.852953910827635,15.852953910827637,0
2014-07-08,15.553606509564561,15.553606509564561,15.547369956970215,15.547369956970215,680
2014-07-09,15.48500919342041,15.48500919342041,15.48500919342041,15.48500919342041,0
2014-07-10,15.291679382324219,15.291679382324219,15.291679382324219,15.291679382324219,0
2014-07-11,15.191901647555881,15.279211044311523,15.191901647555881,15.279211044311523,3600
2014-07-14,15.397694587707518,15.39769458770752,15.397694587707518,15.39769458770752,0
2014-07-15,15.344887733459473,15.344887733459473,15.344887733459473,15.344887733459473,0
2014-07-16,15.433294424054949,15.591163635253906,15.433294424054949,15.591163635253906,105
2014-07-17,15.603795051574707,15.603795051574707,15.603795051574707,15.603795051574707,0
2014-07-18,15.66694164276123,15.66694164276123,15.66694164276123,15.66694164276123,0
2014-07-21,15.673257902366656,15.673257902366656,15.603795051574707,15.603795051574707,50
2014-07-22,15.685886383056642,15.685886383056642,15.685886383056641,15.685886383056641,0
2014-07-23,15.755351311521112,15.793239593505859,15.755351311521112,15.793239593505859,20
2014-07-24,15.944795608520508,15.944795608520508,15.944795608520508,15.944795608520508,0
2014-07-25,15.774294850290101,15.793239593505859,15.774294850290101,15.793239593505859,40
2014-07-28,15.749034881591799,15.749034881591799,15.749034881591797,15.749034881591797,0
2014-07-29,15.82481073148054,15.82481073148054,15.786922454833984,15.786922454833984,600
2014-07-30,15.78692213689909,15.78692213689909,15.78060722351074,15.780607223510742,200
2014-07-31,15.521705858903825,15.597483634948732,15.521705858903825,15.59748363494873,950
2014-08-01,15.445929527282715,15.445929527282715,15.445929527282715,15.445929527282715,0
2014-08-04,15.408039093017578,15.408039093017578,15.408039093017578,15.408039093017578,0
2014-08-05,15.578532218933107,15.578532218933107,15.578532218933105,15.578532218933105,0
2014-08-06,15.439613585333754,15.47750186920166,15.439613585333754,15.47750186920166,1335
2014-08-07,15.395405769348145,15.395405769348145,15.395405769348145,15.395405769348145,0
2014-08-08,15.319627124106132,15.319627124106132,15.306997299194336,15.306997299194336,3745
2014-08-11,15.534337043762209,15.534337043762209,15.534337043762207,15.534337043762207,0
2014-08-12,15.534337043762209,15.534337043762209,15.534337043762207,15.534337043762207,0
2014-08-13,15.52170745637579,15.553280830383301,15.52170745637579,15.553280830383301,2500
2014-08-14,15.610111236572264,15.610111236572266,15.610111236572264,15.610111236572266,0
2014-08-15,15.629050313181697,15.69219823210403,15.578532218933105,15.578532218933105,300
2014-08-18,15.73641300201416,15.73641300201416,15.73641300201416,15.73641300201416,0
2014-08-19,15.881647109985352,15.881647109985352,15.881647109985352,15.881647109985352,0
2014-08-20,15.856385163839159,15.869013786315918,15.818495683069118,15.869013786315918,458
2014-08-21,15.85007381439209,15.85007381439209,15.85007381439209,15.85007381439209,0
2014-08-22,15.805870614667525,15.85007381439209,15.805870614667525,15.85007381439209,275
2014-08-25,15.988998884580544,16.102664947509766,15.988998884580544,16.102664947509766,239
2014-08-26,16.071084976196289,16.071084976196289,16.071084976196289,16.071084976196289,0
2014-08-27,16.165807723999023,16.165807723999023,16.165807723999023,16.165807723999023,0
2014-08-28,16.153185763678056,16.184759140014648,16.153185763678056,16.184759140014648,8433
2014-08-29,16.102665263607765,16.108980178833008,16.102665263607765,16.108980178833008,5000
2014-09-01,16.184759140014648,16.184759140014648,16.184759140014648,16.184759140014648,0
2014-09-02,16.222650527954102,16.222650527954102,16.222650527954102,16.222650527954102,0
2014-09-03,16.172128838237697,16.24159049987793,16.172128838237697,16.24159049987793,200
2014-09-04,16.374200820922852,16.374200820922852,16.374200820922852,16.374200820922852,0
2014-09-05,16.292102813720703,16.292102813720703,16.292102813720703,16.292102813720703,0
2014-09-08,16.115297471184725,16.184759140014648,16.115297471184725,16.184759140014648,660
2014-09-09,16.228963553111821,16.228963553111821,16.184759140014648,16.184759140014648,13000
2014-09-10,16.127922058105469,16.127922058105469,16.127922058105469,16.127922058105469,0
2014-09-11,16.064775706045868,16.121608734130859,16.064775706045868,16.121608734130859,100
2014-09-12,16.178436279296875,16.178436279296875,16.178436279296875,16.178436279296875,0
2014-09-15,16.178436279296875,16.178436279296875,16.178436279296875,16.178436279296875,0
2014-09-16,16.071094262534654,16.184759140014648,16.071094262534654,16.184759140014648,74
2014-09-17,16.228960037231445,16.228960037231445,16.228960037231445,16.228960037231445,0
2014-09-18,16.412086486816406,16.412086486816406,16.412086486816406,16.412086486816406,0
2014-09-19,16.487858137965954,16.494173049926758,16.487858137965954,16.494173049926758,225
2014-09-22,16.386828108255202,16.437346218463389,16.348938622264001,16.361568450927734,460
2014-09-23,16.159494400024414,16.159494400024414,16.159494400024414,16.159494400024414,0
2014-09-24,16.134235382080078,16.134235382080078,16.134235382080078,16.134235382080078,0
2014-09-25,16.026889801025391,16.026889801025391,16.026889801025391,16.026889801025391,0
2014-09-26,16.127922058105469,16.127922058105469,16.127922058105469,16.127922058105469,235
2014-09-29,16.159497018038579,16.165811932764338,16.121608734130859,16.121608734130859,2720
2014-09-30,16.115291595458984,16.115291595458984,16.115291595458984,16.115291595458984,0
2014-10-01,16.077403291151519,16.077403291151519,15.906905422371302,15.925848960876465,346
2014-10-02,15.862703400593549,15.862703400593549,15.584853172302246,15.584853172302246,23
2014-10-06,15.805869588425738,15.900590896606445,15.805869588425738,15.900590896606445,235
2014-10-07,15.603795051574707,15.603795051574707,15.603795051574707,15.603795051574707,0
2014-10-08,15.502758979797363,15.502758979797363,15.502758979797363,15.502758979797363,0
2014-10-09,15.370147705078125,15.370147705078125,15.370147705078125,15.370147705078125,0
2014-10-10,15.218593279518155,15.250166642218003,15.212278366088867,15.212278366088867,2120
2014-10-13,15.142816614319525,15.142816614319525,15.09229850769043,15.09229850769043,9142
2014-10-14,14.984948959809438,15.085985183715822,14.984948959809438,15.08598518371582,54
2014-10-15,14.712627410888672,14.712627410888672,14.712627410888672,14.712627410888672,0
2014-10-16,14.858931541442869,14.858931541442871,14.858931541442869,14.858931541442871,0
2014-10-17,15.132443428039551,15.132443428039551,15.132443428039551,15.132443428039551,0
2014-10-20,15.062479972839355,15.062479972839355,15.062479972839355,15.062479972839355,0
2014-10-21,15.475927352905273,15.475927352905273,15.475927352905273,15.475927352905273,0
2014-10-22,15.596782684326172,15.596782684326172,15.596782684326172,15.596782684326172,0
2014-10-23,15.577704429626465,15.577704429626465,15.577704429626465,15.577704429626465,0
2014-10-24,15.501374244689941,15.501374244689941,15.501374244689941,15.501374244689941,0
2014-10-27,15.52681350708008,15.52681350708008,15.526813507080078,15.526813507080078,0
2014-10-28,15.634948730468748,15.63494873046875,15.634948730468748,15.63494873046875,0
2014-10-29,15.743086814880371,15.743086814880371,15.743086814880371,15.743086814880371,200
2014-10-30,15.717636578015096,15.908462524414064,15.717636578015096,15.908462524414062,13800
2014-10-31,16.022959565892801,16.112010955810547,16.022959565892801,16.112010955810547,200
2014-11-03,16.194705173712322,16.201066162095458,16.105653762817383,16.105653762817383,260
2014-11-04,16.251951431217318,16.251951431217318,16.042043685913086,16.042043685913086,12390
2014-11-05,16.277394446060814,16.277394446060814,16.188343048095703,16.188343048095703,130
2014-11-06,16.073843354143257,16.226503372192383,16.073843354143257,16.226503372192383,3000
2014-11-07,16.220148086547852,16.220148086547852,16.220148086547852,16.220148086547852,0
2014-11-10,16.360090255737305,16.360090255737305,16.360090255737305,16.360090255737305,0
2014-11-11,16.366445541381836,16.366445541381836,16.366445541381836,16.366445541381836,0
2014-11-12,16.239234924316406,16.239234924316406,16.239234924316406,16.239234924316406,0
2014-11-13,16.271024703979492,16.271024703979492,16.271024703979492,16.271024703979492,0
2014-11-14,16.398255735928604,16.442781448364258,16.398255735928604,16.442781448364258,5000
2014-11-17,16.563636779785156,16.563636779785156,16.563636779785156,16.563636779785156,0
2014-11-18,16.576351186919624,16.582712173461914,16.576351186919624,16.582712173461914,500
2014-11-19,16.544548034667969,16.544548034667969,16.544548034667969,16.544548034667969,0
2014-11-20,16.563636779785156,16.563636779785156,16.563636779785156,16.563636779785156,0
2014-11-21,16.767183303833008,16.767183303833008,16.767183303833008,16.767183303833008,0
2014-11-24,16.697208766896601,16.862590789794922,16.697208766896601,16.862590789794922,600
2014-11-25,17.021608352661133,17.021608352661133,17.021608352661133,17.021608352661133,0
2014-11-26,16.996166229248047,16.996166229248047,16.977084483263518,16.996166229248047,840
2014-11-27,17.123388290405273,17.123388290405273,17.123388290405273,17.123388290405273,450
2014-11-28,17.193351745605469,17.193351745605469,17.193351745605469,17.193351745605469,0
2014-12-01,17.269684878690356,17.269684878690356,17.161550521850586,17.161550521850586,900
2014-12-02,17.225163812970806,17.256967544555664,17.225163812970806,17.256967544555664,10000
2014-12-03,17.326934814453125,17.326934814453125,17.326934814453125,17.326934814453125,0
2014-12-04,17.307849034661825,17.441427336237229,17.206075668334961,17.206075668334961,224
2014-12-05,17.263321304006592,17.428703308105469,17.263321304006592,17.428703308105469,10
2014-12-08,17.460513413500326,17.51140010574532,17.396904744885472,17.473234176635742,4810
2014-12-09,17.2951304463481,17.307851208811222,16.99617008362867,17.008892059326172,2786
2014-12-10,17.053411483764648,17.186989752950236,17.053411483764648,17.053411483764648,293
2014-12-11,17.053411483764648,17.053411483764648,17.053411483764648,17.053411483764648,0
2014-12-12,16.633600234985352,16.633600234985352,16.633600234985352,16.633600234985352,0
2014-12-15,16.360090255737305,16.360090255737305,16.360090255737305,16.360090255737305,0
2014-12-16,16.461858603390933,16.690849304199219,16.410971915792906,16.690849304199219,7625
2014-12-17,16.665409088134766,16.665409088134766,16.665409088134766,16.665409088134766,0
2014-12-18,16.919838315426606,17.123385045492949,16.919838315426606,17.085220336914062,106895
2014-12-19,17.136110305786133,17.136110305786133,17.136110305786133,17.136110305786133,0
2014-12-22,17.307851791381836,17.307851791381836,17.307851791381836,17.307851791381836,0
2014-12-23,17.365102222786021,17.415988922119141,17.365102222786021,17.415988922119141,1010
2014-12-29,17.326931932157478,17.460510233242161,17.326931932157478,17.45414924621582,21106
2014-12-30,17.346013434707388,17.377817153930664,17.346013434707388,17.377817153930664,1450
2015-01-02,17.301498413085938,17.301498413085938,17.301498413085938,17.301498413085938,0
2015-01-05,17.333295787617093,17.403265443251662,16.983449935913086,16.983449935913086,7142
2015-01-06,16.932567319412922,16.932567319412922,16.77354621887207,16.77354621887207,251
2015-01-07,16.888038747454583,17.040700056752993,16.888038747454583,16.926204681396484,18931
2015-01-08,17.199718750788684,17.346017837524414,17.199718750788684,17.346017837524414,500
2015-01-09,17.409624611358211,17.543201707350008,17.269685314718085,17.352376937866211,2311
2015-01-12,17.600450191152724,17.600450191152724,17.441429138183594,17.441429138183594,17684
2015-01-13,17.625893494529379,17.734027862548828,17.625893494529379,17.734027862548828,251
2015-01-14,17.638614674607343,17.644975662231445,17.587727986848844,17.644975662231445,1534
2015-01-15,17.801450608134736,17.90361213684082,17.641824970186498,17.90361213684082,75883
2015-01-16,17.903616317659484,18.024930953979492,17.903616317659484,18.024930953979492,430
2015-01-19,18.146239677926374,18.146239677926374,17.980228894782819,18.095159530639648,23916
2015-01-20,18.273944854736328,18.273944854736328,18.273944854736328,18.273944854736328,0
2015-01-21,18.190931740341036,18.350557327270508,18.190931740341036,18.350557327270508,213
2015-01-22,18.318647217228694,18.708133129925447,18.318647217228694,18.695363998413086,26037
2015-01-23,18.931604921528159,19.104000943814075,18.931604921528159,18.982685089111328,13320
2015-01-26,19.193386148189102,19.199771319776239,19.040145683638631,19.1678466796875,2642
2015-01-27,19.282776303572305,19.282776303572305,18.957139877086931,19.020990371704102,10173
2015-01-28,18.96352443960674,19.084839035853602,18.886903604956274,18.976293563842773,3341
2015-01-29,18.842207997587465,19.065684105203118,18.842207997587465,18.969907760620117,923
2015-01-30,18.937983755440968,19.078453864812158,18.937983755440968,18.976293563842773,1877
2015-02-02,19.116765702203221,19.116765702203221,18.759203415791816,18.874134063720703,3490
2015-02-03,18.99545034175468,19.116766163926052,18.944370187868881,18.989065170288086,5026
2015-02-04,19.174233658016046,19.257238460776286,19.174233658016046,19.231698989868164,1388
2015-02-05,19.250853288587486,19.250853288587486,19.231698989868164,19.231698989868164,8000
2015-02-06,19.295543747125578,19.295543747125578,19.250848770141602,19.250848770141602,302
2015-02-09,19.084842050712226,19.084842050712226,19.078456878662109,19.078456878662109,4014
2015-02-10,19.365777969360352,19.397702602594364,19.365777969360352,19.365777969360352,7175
2015-02-11,19.270011790753905,19.365786952730669,19.231701969532654,19.3338623046875,3266
2015-02-12,19.474331548760855,19.570106706250897,19.46156120300293,19.46156120300293,2637
2015-02-13,19.397709702517286,19.397709702517286,19.314704895019531,19.314704895019531,450
2015-02-16,19.308317184448242,19.308317184448242,19.308317184448242,19.308317184448242,0
2015-02-17,19.174232943588926,19.270008087158203,19.129536739932707,19.270008087158203,1267
2015-02-18,19.474324238128769,19.665874481201172,19.474324238128769,19.665874481201172,1527
2015-02-19,19.838277186206128,19.838277186206128,19.704192213964816,19.831892013549805,3257
2015-02-20,19.761655807495117,19.780810105927952,19.755270635401821,19.761655807495117,8166
2015-02-23,19.978750799074895,19.991519927978516,19.978750799074895,19.991519927978516,370
2015-02-24,19.902126839955375,20.03621180643659,19.902126839955375,19.972362518310547,596
2015-02-25,19.991519927978516,19.991519927978516,19.991519927978516,19.991519927978516,0
2015-02-26,19.927665509308486,20.055366516113281,19.927665509308486,20.055366516113281,350
2015-02-27,20.036208988021379,20.176680324972171,20.010669519932922,20.138370513916016,4292
2015-03-02,20.208599936625081,20.208599936625081,19.927658550468927,20.080900192260742,23794
2015-03-03,20.112830933119998,20.112830933119998,19.844659805297852,19.844659805297852,13181
2015-03-04,19.799963732353667,20.138370513916016,19.799963732353667,20.138370513916016,1826
2015-03-05,20.381006164404255,20.406545639038086,20.381006164404255,20.406545639038086,316
2015-03-06,20.502321243286133,20.502321243286133,20.502321243286133,20.502321243286133,0
2015-03-09,20.323533824332863,20.508698909657085,20.323533824332863,20.470390319824219,3344
2015-03-10,20.406545639038086,20.406545639038086,20.406545639038086,20.406545639038086,0
2015-03-11,20.655559041340236,20.655559041340236,20.51509011945355,20.617250442504883,3054
2015-03-12,20.63001823425293,20.63001823425293,20.63001823425293,20.63001823425293,0
2015-03-13,20.68748901375924,20.789649351094329,20.68748901375924,20.764108657836914,941
2015-03-16,21.03227830872434,21.045048655158002,20.898193324712683,20.936504364013672,2732
2015-03-17,20.898187342800984,21.045042631210343,20.66194209063757,20.693866729736328,8879
2015-03-18,20.649168903909111,20.885414123535156,20.649168903909111,20.885414123535156,355
2015-03-19,21.006741292008634,21.006741292008634,20.917348861694336,20.917348861694336,39610
2015-03-20,21.045044284817404,21.045044284817404,20.866264343261719,20.866264343261719,3225
2015-03-23,20.585323616881563,20.789644241333008,20.585323616881563,20.789644241333008,170
2015-03-24,20.936504364013672,20.936504364013672,20.936504364013672,20.936504364013672,0
2015-03-25,20.962037261028321,20.962037261028321,20.642786026000977,20.642786026000977,873
2015-03-26,20.336311686424288,20.476781845092773,20.336311686424288,20.476781845092773,619
2015-03-27,20.470390319824219,20.470390319824219,20.470390319824219,20.470390319824219,0
2015-03-30,20.706635650503685,20.770484924316406,20.706635650503685,20.770484924316406,490
2015-03-31,20.98119343568543,20.98119343568543,20.649171829223633,20.649171829223633,380
2015-04-01,20.572551727294922,20.572551727294922,20.572551727294922,20.572551727294922,0
2015-04-02,20.661940320680657,20.661940320680657,20.572550364583982,20.642786026000977,152
2015-04-07,20.732180525553634,20.962041854858398,20.732180525553634,20.962041854858398,470
2015-04-08,21.096124649047852,21.096124649047852,21.096124649047852,21.096124649047852,0
2015-04-09,21.364288260498441,21.40898323059082,21.364288260498441,21.40898323059082,135
2015-04-10,21.549458658344754,21.651618957519531,21.549458658344754,21.651618957519531,2066
2015-04-13,21.619698071562585,21.65800666809082,21.594157383414373,21.65800666809082,2254
2015-04-14,21.62608358259946,21.62608358259946,21.460073969073328,21.498382568359375,3685
2015-04-15,21.463395601743969,21.540324651386882,21.437751770019531,21.437751770019531,5100
2015-04-16,21.315949025822317,21.315949025822317,21.16850064933293,21.206966400146484,25640
2015-04-17,21.341592819722862,21.386468306155983,20.835138106514098,20.950532913208008,13529
2015-04-20,21.194141687040549,21.194141687040549,21.021049499511719,21.021049499511719,10781
2015-04-21,21.572380663807625,21.578790398973538,21.32876915348627,21.437751770019531,3220
2015-04-22,21.540322832980646,21.540322832980646,21.354411182498893,21.38005256652832,1200
2015-04-23,21.572374206356692,21.572374206356692,21.251833742342651,21.315940856933594,5740
2015-04-24,21.437746640918341,21.437746640918341,21.251835019222565,21.271066665649414,1047
2015-04-27,21.322355172784274,21.38005256652832,21.322355172784274,21.38005256652832,100
2015-04-28,21.04669189453125,21.04669189453125,21.04669189453125,21.04669189453125,0
2015-04-29,21.251833904078758,21.251833904078758,20.617162704467773,20.617162704467773,2200
2015-04-30,20.668458145281662,20.668458145281662,20.636402130126953,20.636402130126953,337
2015-05-04,20.450486623816104,20.649221420288086,20.450486623816104,20.649221420288086,155
2015-05-05,20.706916546189738,20.803079677816434,20.219696044921875,20.219696044921875,908
2015-05-06,20.200463245626946,20.296625154829393,20.072246551513672,20.072246551513672,3254
2015-05-07,20.142763137817383,20.142763137817383,20.142763137817383,20.142763137817383,0
2015-05-08,20.546648955600446,20.822314026788074,20.546648955600446,20.809492111206055,1043
2015-05-11,20.867184938679856,20.956935882568359,20.867184938679856,20.956935882568359,54
2015-05-12,20.751796829505732,20.751796829505732,20.694099426269531,20.694099426269531,1600
2015-05-13,20.674861907958984,20.674861907958984,20.674861907958984,20.674861907958984,0
2015-05-14,20.886421203613281,20.886421203613281,20.886421203613281,20.886421203613281,0
2015-05-15,21.014638241607543,21.014638241607543,20.892833709716797,20.892833709716797,400
2015-05-18,20.950532913208008,20.950532913208008,20.950532913208008,20.950532913208008,0
2015-05-19,21.162082871235157,21.360818862915039,21.162082871235157,21.360818862915039,390
2015-05-20,21.469807389260222,21.469807389260222,21.456985473632812,21.456985473632812,262
2015-05-21,21.482625961303711,21.482625961303711,21.482625961303711,21.482625961303711,0
2015-05-22,21.412109375,21.412109375,21.412109375,21.412109375,0
2015-05-26,21.431344953674881,21.431344953674881,21.354415893554688,21.354415893554688,337
2015-05-27,21.533910751342773,21.533910751342773,21.533910751342773,21.533910751342773,0
2015-05-28,21.392871856689453,21.392871856689453,21.392871856689453,21.392871856689453,0
2015-05-29,20.988990783691406,20.988990783691406,20.988990783691406,20.988990783691406,0
2015-06-01,21.065925598144531,21.065925598144531,21.065925598144531,21.065925598144531,0
2015-06-02,21.110800333111946,21.110800333111946,20.899242401123047,20.899242401123047,10376
2015-06-03,20.8671875,20.8671875,20.8671875,20.8671875,0
2015-06-04,20.604345321655273,20.604345321655273,20.604345321655273,20.604345321655273,0
2015-06-05,20.424842834472656,20.424842834472656,20.424842834472656,20.424842834472656,0
2015-06-08,20.373553961780601,20.373553961780601,20.315856575824018,20.322267532348633,895
2015-06-09,20.386373455741335,20.386373455741335,20.309444427490234,20.309444427490234,4928
2015-06-10,20.194050173089661,20.54664421081543,20.194050173089661,20.54664421081543,190
2015-06-11,20.758200007950183,20.758200007950183,20.662036895751953,20.662036895751953,136
2015-06-12,20.540237426757812,20.540237426757812,20.540237426757812,20.540237426757812,0
2015-06-15,20.373554229736328,20.373554229736328,20.373554229736328,20.373554229736328,0
2015-06-16,20.469718933105469,20.469718933105469,20.469718933105469,20.469718933105469,0
2015-06-17,20.379965601523278,20.444072723388672,20.36073273130468,20.444072723388672,9125
2015-06-18,20.367141723632812,20.367141723632812,20.367141723632812,20.367141723632812,0
2015-06-19,20.578703098443903,20.578703098443903,20.476131439208984,20.476131439208984,335
2015-06-22,20.873596880770908,20.995401382446289,20.873596880770908,20.995401382446289,43300
2015-06-23,21.18131776827363,21.309534463077863,21.05951080772109,21.290300369262695,21643
2015-06-24,21.09797916443539,21.174908212639512,21.065925598144531,21.065925598144531,21125
2015-06-25,21.290300315331116,21.290300315331116,21.213371276855469,21.213371276855469,400
2015-06-26,21.162082672119141,21.162082672119141,21.162082672119141,21.162082672119141,0
2015-06-29,20.771027918016003,20.771027918016003,20.623577117919922,20.623577117919922,800
2015-06-30,20.39278611725415,20.39278611725415,20.335088729858398,20.335088729858398,7751
2015-07-01,20.764614105224609,20.764614105224609,20.764614105224609,20.764614105224609,0
2015-07-02,20.905653429576809,20.905653429576809,20.540237426757812,20.540237426757812,200
2015-07-03,20.43126106262207,20.43126106262207,20.43126106262207,20.43126106262207,0
2015-07-06,20.264579772949219,20.264579772949219,20.264579772949219,20.264579772949219,0
2015-07-07,19.963262557983398,19.963262557983398,19.963262557983398,19.963262557983398,0
2015-07-08,19.950443512682256,19.950443512682256,19.911977767944336,19.911977767944336,306
2015-07-09,20.270982532187567,20.296625137329102,20.270982532187567,20.296625137329102,160
2015-07-10,20.591517675679437,20.73896598815918,20.591517675679437,20.73896598815918,2645
2015-07-13,21.251838684082031,21.251838684082031,21.251838684082031,21.251838684082031,0
2015-07-14,21.328763160781016,21.399282455444336,21.30311933626168,21.399282455444336,328
2015-07-15,21.644101613385736,21.644101613385736,21.559196472167969,21.559196472167969,1500
2015-07-16,21.885750315298267,21.885750315298267,21.846565246582031,21.846565246582031,6451
2015-07-17,21.977188033000335,21.977188033000335,21.944530487060547,21.944530487060547,1200
2015-07-20,21.970655863574439,21.970655863574439,21.898813247680664,21.898813247680664,300
2015-07-21,21.853092599278089,21.853092599278089,21.657159805297852,21.657159805297852,226
2015-07-22,21.683290823680352,21.742070927231353,21.6375732421875,21.6375732421875,13158
2015-07-23,21.644103812989034,21.644103812989034,21.415515899658203,21.415515899658203,36529
2015-07-24,21.27182828652294,21.27182828652294,21.206518173217773,21.206518173217773,600
2015-07-27,20.677501619283703,20.677501619283703,20.612190246582031,20.612190246582031,470
2015-07-28,20.945273714324685,20.945273714324685,20.821182250976562,20.821182250976562,325
2015-07-29,20.977925088708272,21.167327880859375,20.977925088708272,21.167327880859375,1480
2015-07-30,21.128135681152344,21.128135681152344,21.128135681152344,21.128135681152344,0
2015-07-31,21.284893035888672,21.284893035888672,21.213050408878757,21.284893035888672,2505
2015-08-03,21.337134652438294,21.500412398446255,21.337134652438294,21.48735237121582,8803
2015-08-04,21.330604399728063,21.631034851074219,21.330604399728063,21.631034851074219,1034
2015-08-05,21.676757974930709,21.683290481567383,21.676757974930709,21.683290481567383,345
2015-08-06,21.715945031660585,21.715945031660585,21.317546844482422,21.317546844482422,600
2015-08-07,20.906085968017578,20.906085968017578,20.906085968017578,20.906085968017578,0
2015-08-10,21.049769694820217,21.049769694820217,21.017114639282227,21.017114639282227,1050
2015-08-11,20.925675918559747,20.925675918559747,20.690555572509766,20.690555572509766,5190
2015-08-12,20.233377456665039,20.233377456665039,20.233377456665039,20.233377456665039,0
2015-08-13,20.455436871946961,20.644839664992219,20.455436871946961,20.494623184204102,20200
2015-08-14,20.488101959228516,20.488101959228516,20.488101959228516,20.488101959228516,0
2015-08-17,20.52728271484375,20.52728271484375,20.52728271484375,20.52728271484375,0
2015-08-18,20.507686522836995,20.716681857505275,20.507686522836995,20.657901763916016,7824
2015-08-19,20.422783482973276,20.422783482973276,20.390127182006836,20.390127182006836,150
2015-08-20,20.324817612002725,20.324817612002725,20.043979644775391,20.043979644775391,447
2015-08-21,19.77620310274558,19.802326897055774,19.403928756713867,19.403928756713867,960
2015-08-24,19.005534305080058,19.005534305080058,18.398140749339476,18.561418533325195,2690
2015-08-25,18.985935232481921,19.305959450440092,18.985935232481921,19.292898178100586,246
2015-08-26,18.966348648071289,18.966348648071289,18.966348648071289,18.966348648071289,0
2015-08-27,19.416984657912192,19.573731107473463,19.416984657912192,19.482295989990234,3536
2015-08-28,19.508429304576005,19.606395721435547,19.39740036661237,19.606395721435547,5309
2015-08-31,19.691298627225407,19.691298627225407,19.521489598540956,19.528020858764648,138
2015-09-01,19.038183212280273,19.051245729749134,19.038183212280273,19.038183212280273,26000
2015-09-02,19.038190905533462,19.10350227355957,19.038190905533462,19.10350227355957,2090
2015-09-03,19.541082382202148,19.541082382202148,19.541082382202148,19.541082382202148,0
2015-09-04,19.162280286322535,19.188404083251953,19.162280286322535,19.188404083251953,300
2015-09-07,19.207996519550061,19.338619232177734,19.207996519550061,19.338619232177734,26636
2015-09-08,19.560676660711479,19.625986769860713,19.534551620483398,19.534551620483398,1149
2015-09-09,19.834987640380859,19.834987640380859,19.834987640380859,19.834987640380859,0
2015-09-10,19.63905143737793,19.63905143737793,19.63905143737793,19.63905143737793,0
2015-09-11,19.305963516235352,19.305963516235352,19.305963516235352,19.305963516235352,0
2015-09-14,19.305962278448678,19.305962278448678,19.214527130126953,19.214527130126953,150
2015-09-15,19.32555911679238,19.332090377807617,19.227592692985198,19.332090377807617,553
2015-09-16,19.462708092958835,19.612924575805664,19.462708092958835,19.612924575805664,97
2015-09-17,19.606395721435547,19.606395721435547,19.606395721435547,19.606395721435547,0
2015-09-18,19.554147238960063,19.554147238960063,19.469242095947266,19.469242095947266,87
2015-09-21,19.710897445678711,19.710897445678711,19.710897445678711,19.710897445678711,0
2015-09-22,19.580268208591949,19.580268208591949,19.234120162984439,19.240650177001953,3797
2015-09-23,19.299428939819336,19.299428939819336,19.299428939819336,19.299428939819336,0
2015-09-24,19.286373725062916,19.312497524671066,18.881444242595425,18.972879409790039,15045
2015-09-25,19.462705612182617,19.462705612182617,19.462705612182617,19.462705612182617,0
2015-09-28,19.273309548886139,19.273309548886139,19.234123229980469,19.234123229980469,450
2015-09-29,18.894502639770508,18.894502639770508,18.894502639770508,18.894502639770508,0
2015-09-30,19.384336471557617,19.384336471557617,19.384336471557617,19.384336471557617,0
2015-10-01,19.580272922255631,19.580272922255631,19.279842376708984,19.279842376708984,12493
2015-10-02,19.096968978320028,19.345151901245117,19.090437717641933,19.345151901245117,312
2015-10-05,19.652114255070234,19.808860778808594,19.652114255070234,19.808860778808594,869
2015-10-06,19.85457933552566,19.939484485294926,19.848048074334891,19.887235641479492,597
2015-10-07,20.017856806939879,20.017856806939879,19.828455218289733,19.841516494750977,326
2015-10-08,19.978663159044086,20.011318206787109,19.978663159044086,20.011318206787109,5
2015-10-09,20.011322780380635,20.011322780380635,19.893762588500977,19.893762588500977,500
2015-10-12,19.789260864257812,19.789260864257812,19.789260864257812,19.789260864257812,0
2015-10-13,19.632516860961914,19.632516860961914,19.632516860961914,19.632516860961914,0
2015-10-14,19.769673659175425,19.769673659175425,19.64558219909668,19.64558219909668,205
2015-10-15,19.792713331726507,19.98436164855957,19.792713331726507,19.98436164855957,2154
2015-10-16,20.16279411315918,20.16279411315918,20.16279411315918,20.16279411315918,0
2015-10-19,20.268533706665039,20.268533706665039,20.268533706665039,20.268533706665039,0
2015-10-20,20.367657922471455,20.367657922471455,20.23548698425293,20.23548698425293,267
2015-10-21,20.116536759556251,20.116536759556251,19.911669679664303,19.938104629516602,14300
2015-10-22,19.700193492659754,19.964536666870117,19.700193492659754,19.964536666870117,9199
2015-10-23,20.56591796875,20.56591796875,20.56591796875,20.56591796875,0
2015-10-26,20.334614464204297,20.44696044921875,20.334614464204297,20.44696044921875,126
2015-10-27,20.453568814169788,20.47339376026234,20.176008224487305,20.176008224487305,6070
2015-10-28,20.20244026184082,20.20244026184082,20.20244026184082,20.20244026184082,0
2015-10-29,20.354440371119207,20.400701522827148,20.308180479898766,20.400701522827148,1809
2015-10-30,20.314790725708008,20.314790725708008,20.314790725708008,20.314790725708008,0
2015-11-02,20.361048199449005,20.374265670776367,20.361048199449005,20.374265670776367,12300
2015-11-03,20.420527637899191,20.453571319580078,20.420527637899191,20.453571319580078,49
2015-11-04,20.625390794764069,20.625390794764069,20.526262283325195,20.526262283325195,660
2015-11-05,20.486612341225282,20.486612341225282,20.394092559814453,20.394092559814453,286
2015-11-06,20.427134050461071,20.460176467895508,20.427134050461071,20.460176467895508,261
2015-11-09,20.420525384879959,20.420525384879959,20.294961929321289,20.294961929321289,50
2015-11-10,20.374265617595444,20.44696044921875,20.374265617595444,20.44696044921875,3000
2015-11-11,20.513051083077201,20.513051083077201,20.486616134643555,20.486616134643555,455
2015-11-12,20.321399688720703,20.321399688720703,20.321399688720703,20.321399688720703,380
2015-11-13,20.123140335083008,20.123140335083008,20.123140335083008,20.123140335083008,0
2015-11-16,20.070274353027344,20.070274353027344,20.070274353027344,20.070274353027344,0
2015-11-17,20.314789843419515,20.605567932128906,20.301572371094647,20.605567932128906,19770
2015-11-18,20.526266776238128,20.546092987060547,20.473398141199361,20.546092987060547,376
2015-11-19,20.817047724057712,20.817047724057712,20.68487548828125,20.68487548828125,538
2015-11-20,20.75095609349799,20.75095609349799,20.691478729248047,20.691478729248047,2380
2015-11-23,20.499833088962585,20.546092987060547,20.499833088962585,20.546092987060547,400
2015-11-24,20.255310529832347,20.255310529832347,20.037227299402357,20.176008224487305,3166
2015-11-25,20.539480209350586,20.539480209350586,20.539480209350586,20.539480209350586,0
2015-11-26,20.63199824309282,20.711301803588867,20.63199824309282,20.711301803588867,820
2015-11-27,20.744346391413838,20.744346391413838,20.737737655639648,20.737737655639648,595
2015-11-30,20.80383163205336,20.80383163205336,20.744354248046875,20.744354248046875,158
2015-12-01,20.817042590475449,20.817042590475449,20.77739143371582,20.77739143371582,70
2015-12-02,20.863300323486328,20.863300323486328,20.863300323486328,20.863300323486328,0
2015-12-03,20.955820364174926,20.955820364174926,20.294961929321289,20.294961929321289,3000
2015-12-04,20.169393539428711,20.169393539428711,20.169393539428711,20.169393539428711,0
2015-12-07,20.308176001975923,20.308176001975923,20.288351058959961,20.288351058959961,1000
2015-12-08,20.024014234005691,20.024014234005691,19.951320648193359,19.951320648193359,853
2015-12-09,19.72001838684082,19.72001838684082,19.72001838684082,19.72001838684082,0
2015-12-10,19.64732551574707,19.64732551574707,19.64732551574707,19.64732551574707,0
2015-12-11,19.554804692451619,19.554804692451619,19.336721420288086,19.336721420288086,274
2015-12-14,19.429238195620059,19.442455667149105,19.118635177612305,19.118635177612305,2674
2015-12-15,19.224375253251427,19.574630737304688,19.224375253251427,19.574630737304688,18400
2015-12-16,19.673759234160826,19.673759234160826,19.667150497436523,19.667150497436523,52
2015-12-17,19.898449456372042,19.898449456372042,19.838972091674805,19.838972091674805,200
2015-12-18,19.620885848999023,19.620885848999023,19.620885848999023,19.620885848999023,0
2015-12-21,19.825751375240937,19.825751375240937,19.521757125854492,19.521757125854492,6447
2015-12-22,19.574628432445618,19.574628432445618,19.442456234274715,19.488716125488281,1275
2015-12-23,19.931488037109375,19.931488037109375,19.931488037109375,19.931488037109375,0
2015-12-28,19.673758492003415,19.72001838684082,19.673758492003415,19.72001838684082,5262
2015-12-29,20.083488464355469,20.083488464355469,20.083488464355469,20.083488464355469,0
2015-12-30,20.057057624437419,20.057057624437419,20.017406463623047,20.017406463623047,1
2016-01-04,19.482109232776171,19.561412811279297,19.482109232776171,19.561412811279297,73
2016-01-05,19.746448516845703,19.746448516845703,19.746448516845703,19.746448516845703,0
2016-01-06,19.455671310424805,19.455671310424805,19.455671310424805,19.455671310424805,0
2016-01-07,19.125242233276367,19.125242233276367,19.125242233276367,19.125242233276367,0
2016-01-08,18.926982879638672,18.926982879638672,18.926982879638672,18.926982879638672,0
2016-01-11,18.900554656982422,18.900554656982422,18.900554656982422,18.900554656982422,0
2016-01-12,19.059152832125815,19.197932465426604,19.059152832125815,19.065761566162109,1000
2016-01-13,19.065761566162109,19.065761566162109,19.065761566162109,19.065761566162109,0
2016-01-14,18.867510126002244,18.867510126002244,18.490820973592257,18.689079284667969,2821
2016-01-15,18.209689016755569,18.335868835449219,18.209689016755569,18.335868835449219,900
2016-01-18,18.189764022827148,18.189764022827148,18.189764022827148,18.189764022827148,0
2016-01-19,18.495254554845321,18.495254554845321,18.315946578979492,18.315946578979492,873
2016-01-20,17.758102416992188,17.758102416992188,17.758102416992188,17.758102416992188,0
2016-01-21,17.811225452301183,18.156558990478516,17.811225452301183,18.156558990478516,14720
2016-01-22,18.687843518898486,18.774177551269531,18.687843518898486,18.774177551269531,7535
2016-01-25,18.727687835693359,18.727687835693359,18.727687835693359,18.727687835693359,0
2016-01-26,18.727687835693359,18.727687835693359,18.727687835693359,18.727687835693359,0
2016-01-27,18.946846008300781,18.946846008300781,18.946846008300781,18.946846008300781,0
2016-01-28,18.754253387451172,18.754253387451172,18.754253387451172,18.754253387451172,0
2016-01-29,19.046458738250973,19.232406616210938,19.046458738250973,19.232406616210938,420
2016-02-01,19.338662455718936,19.418354034423828,19.338662455718936,19.418354034423828,867
2016-02-02,19.385149226755406,19.385149226755406,19.212482452392578,19.212482452392578,11070
2016-02-03,19.225763963678077,19.225763963678077,18.906993865966797,18.906993865966797,11155
2016-02-04,18.721050262451172,18.721050262451172,18.721050262451172,18.721050262451172,0
2016-02-05,18.256170272827148,18.256170272827148,18.256170272827148,18.256170272827148,0
2016-02-08,17.638562177786483,17.638562177786483,17.306510925292969,17.306510925292969,96
2016-02-09,17.359637364477578,17.392843246459961,17.007663882188478,17.392843246459961,1904
2016-02-10,17.572149276733398,17.572149276733398,17.572149276733398,17.572149276733398,0
2016-02-11,17.133842890993169,17.233459272924165,17.133842890993169,17.147125244140625,866
2016-02-12,17.578794479370117,17.578794479370117,17.578794479370117,17.578794479370117,0
2016-02-15,17.963969965381995,18.037021636962891,17.963969965381995,18.037021636962891,690
2016-02-16,18.176481246948242,18.176481246948242,18.070223709289763,18.176481246948242,1135
2016-02-17,18.349146534820395,18.548377990722656,18.349146534820395,18.548377990722656,700
2016-02-18,18.588228225708008,18.588228225708008,18.588228225708008,18.588228225708008,0
2016-02-19,18.462048197254248,18.561664581298828,18.462048197254248,18.561664581298828,660
2016-02-22,18.807384525800217,18.807384525800217,18.681204683193013,18.707769393920898,1786
2016-02-23,18.594867706298828,18.594867706298828,18.594867706298828,18.594867706298828,0
2016-02-24,18.395633474905893,18.395633474905893,18.289377212524414,18.289377212524414,940
2016-02-25,18.780817031860352,18.780817031860352,18.780817031860352,18.780817031860352,0
2016-02-26,18.966768273919264,18.966768273919264,18.946846008300781,18.946846008300781,2471
2016-02-29,18.933561893021473,19.252330780029297,18.933561893021473,19.252330780029297,800
2016-03-01,19.391791832422221,19.657432556152344,19.391791832422221,19.657432556152344,110
2016-03-02,19.551181404502419,19.551181404502419,19.444925087087341,19.458206176757812,845
2016-03-03,19.385149638260796,19.385149638260796,19.345302581787109,19.345302581787109,45
2016-03-04,19.272251129150391,19.272251129150391,19.272251129150391,19.272251129150391,0
2016-03-07,19.305459350988755,19.305459350988755,19.239048848071175,19.265613555908203,1559
2016-03-08,19.059736675572704,19.092941284179688,18.986685016627789,19.092941284179688,2945
2016-03-09,19.39179571754465,19.41835916190217,19.298820495605469,19.298820495605469,1085
2016-03-10,19.35194618943672,19.391793250917186,18.900356292724609,18.900356292724609,4356
2016-03-11,19.159356614286885,19.34530449619955,19.159356614286885,19.325382232666016,1264
2016-03-14,19.564460754394531,19.564460754394531,19.564460754394531,19.564460754394531,0
2016-03-15,19.511325836181641,19.511325836181641,19.511325836181641,19.511325836181641,0
2016-03-16,19.584382808102966,19.584382808102966,19.557819366455078,19.557819366455078,51
2016-03-17,19.577743530273438,19.577743530273438,19.577743530273438,19.577743530273438,0
2016-03-18,19.644153628357657,19.644153628357657,19.544538497924805,19.544538497924805,371
2016-03-21,19.464839935302734,19.464839935302734,19.464839935302734,19.464839935302734,0
2016-03-22,19.498052597045898,19.498052597045898,19.498052597045898,19.498052597045898,0
2016-03-23,19.577739085917472,19.577739085917472,19.537893295288086,19.537893295288086,120
2016-03-24,19.358586849671866,19.358586849671866,19.325382232666016,19.325382232666016,200
2016-03-29,19.610948997470455,19.610948997470455,19.511332600411436,19.564460754394531,2242
2016-03-30,19.737123489379883,19.737123489379883,19.737123489379883,19.737123489379883,0
2016-03-31,19.451566486475912,19.451566486475912,19.444925308227539,19.444925308227539,86
2016-04-01,19.232406616210938,19.232406616210938,19.232406616210938,19.232406616210938,0
2016-04-04,19.11286670666226,19.371866226196289,19.11286670666226,19.371866226196289,575
2016-04-05,19.119501949817494,19.192552326672729,19.079654907888063,19.086296081542969,86000
2016-04-06,19.079660623673302,19.185916900634766,19.059738363414738,19.185916900634766,9788
2016-04-07,19.152719077798579,19.219129591107485,19.139436721801758,19.139436721801758,18919
2016-04-08,19.192558712723802,19.205841064453125,19.192558712723802,19.205841064453125,2703
2016-04-11,19.32537926821503,19.32537926821503,19.272251129150391,19.272251129150391,5181
2016-04-12,19.21248244376326,19.312097549438477,19.185917740023314,19.312097549438477,5591
2016-04-13,19.498044967747401,19.597660064697266,19.49140379239412,19.597660064697266,18861
2016-04-14,19.591023985183689,19.591023985183689,19.557819366455078,19.557819366455078,100
2016-04-15,19.455625534057617,19.455625534057617,19.455625534057617,19.455625534057617,5
2016-04-18,19.348061710308098,19.455625534057617,19.348061710308098,19.455625534057617,4695
2016-04-19,19.6573106846547,19.744707107543945,19.6573106846547,19.744707107543945,330
2016-04-20,19.650584780897674,19.670753479003906,19.650584780897674,19.670753479003906,80
2016-04-21,19.39512042307814,19.39512042307814,19.166546980578548,19.240497589111328,1580
2016-04-22,19.159820556640625,19.159820556640625,19.159820556640625,19.159820556640625,0
2016-04-25,19.26066780090332,19.26066780090332,19.26066780090332,19.26066780090332,0
2016-04-26,19.28083610534668,19.28083610534668,19.28083610534668,19.28083610534668,0
2016-04-27,19.220331192016602,19.220331192016602,19.220331192016602,19.220331192016602,0
2016-04-28,19.126212349346506,19.32789421081543,19.126212349346506,19.32789421081543,125
2016-04-29,19.159826085094149,19.159826085094149,19.038816452026367,19.038816452026367,2
2016-05-02,19.038815150135463,19.166547674334996,19.032092250728965,19.106042861938477,8880
2016-05-03,19.018648741816577,19.018648741816577,18.803519796196657,18.857301712036133,6252
2016-05-04,18.743009567260742,18.743009567260742,18.743009567260742,18.743009567260742,0
2016-05-05,18.971584320068359,18.971584320068359,18.971584320068359,18.971584320068359,0
2016-05-06,18.958142627752544,18.958142627752544,18.890914916992188,18.890914916992188,165
2016-05-09,19.173268946684431,19.173268946684431,19.025367736816406,19.025367736816406,8890
2016-05-10,19.099319458007812,19.099319458007812,19.099319458007812,19.099319458007812,0
2016-05-11,18.937969090430304,18.937969090430304,18.877464294433594,18.877464294433594,1015
2016-05-12,19.126208420811377,19.126208420811377,18.937971115112305,18.937971115112305,6300
2016-05-13,18.716125092974071,18.76990701004679,18.642174476150817,18.736293792724609,21651
2016-05-17,18.823688507080078,18.823688507080078,18.823688507080078,18.823688507080078,0
2016-05-18,18.783353084082414,18.951421737670898,18.783353084082414,18.951421737670898,273
2016-05-19,18.803513703268369,18.978305193674242,18.803513703268369,18.877464294433594,18400
2016-05-20,19.193439483642578,19.193439483642578,19.193439483642578,19.193439483642578,0
2016-05-23,19.085874557495117,19.085874557495117,19.085874557495117,19.085874557495117,0
2016-05-24,19.536300659179688,19.536300659179688,19.536300659179688,19.536300659179688,0
2016-05-25,19.616968039173056,19.664027044031087,19.590076446533203,19.590076446533203,4405
2016-05-26,19.637138366699219,19.637138366699219,19.637138366699219,19.637138366699219,97
2016-05-27,19.448902718167467,19.583356857299805,19.442179818871558,19.583356857299805,15919
2016-05-30,19.637138366699219,19.637138366699219,19.637138366699219,19.637138366699219,0
2016-05-31,19.529577255249023,19.529577255249023,19.529577255249023,19.529577255249023,0
2016-06-01,19.408561470303841,19.408561470303841,19.321165084838867,19.321165084838867,1117
2016-06-02,19.341340010183227,19.341340010183227,19.32789421081543,19.32789421081543,800
2016-06-03,19.294280596610456,19.307725113438885,19.085874557495117,19.085874557495117,275
2016-06-06,19.032094955444336,19.032094955444336,19.032094955444336,19.032094955444336,0
2016-06-07,19.153100967407227,19.153100967407227,19.153100967407227,19.153100967407227,0
2016-06-08,18.944698333740234,18.944698333740234,18.944698333740234,18.944698333740234,0
2016-06-09,18.843852996826172,18.843852996826172,18.843852996826172,18.843852996826172,0
2016-06-10,18.400150299072266,18.400150299072266,18.400150299072266,18.400150299072266,0
2016-06-13,18.037122105650436,18.037122105650436,17.969894409179688,17.969894409179688,2209
2016-06-14,17.76149247706471,17.76149247706471,17.559810638427734,17.559810638427734,1515
2016-06-15,17.660654640029268,17.801831695262166,17.660654640029268,17.795108795166016,806
2016-06-16,17.754770278930664,17.754770278930664,17.754770278930664,17.754770278930664,0
2016-06-17,18.057290799270156,18.057290799270156,17.969894409179688,17.969894409179688,20
2016-06-20,18.695957183837891,18.695957183837891,18.695957183837891,18.695957183837891,0
2016-06-21,18.80351448059082,18.80351448059082,18.80351448059082,18.80351448059082,0
2016-06-22,18.864025619775543,18.870748519897461,18.864025619775543,18.870748519897461,600
2016-06-23,19.092599868774414,19.092599868774414,19.092599868774414,19.092599868774414,0
2016-06-24,17.586703858491937,17.889227948708797,17.458971322371251,17.60687255859375,515
2016-06-27,17.438799313361052,17.438799313361052,16.820306777954102,16.820306777954102,3145
2016-06-28,17.371572892920167,17.371572892920167,17.317790985107422,17.317790985107422,2696
2016-06-29,17.573254281339167,17.936283111572266,17.573254281339167,17.936283111572266,3539
2016-06-30,17.909391121946456,17.99006462097168,17.862332115124143,17.99006462097168,9724
2016-07-01,18.225362777709961,18.225362777709961,18.225362777709961,18.225362777709961,0
2016-07-04,17.94300651550293,17.94300651550293,17.94300651550293,17.94300651550293,0
2016-07-05,17.721160888671875,17.721160888671875,17.721160888671875,17.721160888671875,0
2016-07-06,17.479135513305664,17.479135513305664,17.479135513305664,17.479135513305664,0
2016-07-07,17.788381476609306,17.788381476609306,17.660650253295898,17.660650253295898,720
2016-07-08,17.956455230712891,17.956455230712891,17.956455230712891,17.956455230712891,0
2016-07-11,18.279142379760742,18.279142379760742,18.279142379760742,18.279142379760742,0
2016-07-12,18.500998127492462,18.601839065551758,18.500998127492462,18.601839065551758,10900
2016-07-13,18.642171762064315,18.642171762064315,18.548053741455078,18.548053741455078,320
2016-07-14,18.695953671307002,18.695953671307002,18.541330842517009,18.548053741455078,16748
2016-07-15,18.57075016117426,18.57075016117426,18.454254629816479,18.529634475708008,15970
2016-07-18,18.591306686401367,18.591306686401367,18.591306686401367,18.591306686401367,0
2016-07-19,18.50908088684082,18.50908088684082,18.50908088684082,18.50908088684082,0
2016-07-20,18.748922348022461,18.748922348022461,18.748922348022461,18.748922348022461,0
2016-07-21,18.742069244384766,18.742069244384766,18.742069244384766,18.742069244384766,0
2016-07-22,18.673536846100117,18.728358186394072,18.673536846100117,18.68724250793457,8734
2016-07-25,18.838003158569336,18.838003158569336,18.838003158569336,18.838003158569336,0
2016-07-26,18.742069244384766,18.742069244384766,18.742069244384766,18.742069244384766,0
2016-07-27,18.968210220336914,18.968210220336914,18.968210220336914,18.968210220336914,0
2016-07-28,19.029881488290624,19.029881488290624,18.879121780395508,18.879121780395508,5450
2016-07-29,18.858562469482422,18.858562469482422,18.858562469482422,18.858562469482422,0
2016-08-01,18.73521614074707,18.73521614074707,18.73521614074707,18.73521614074707,0
2016-08-02,18.700953968357069,18.700953968357069,18.625574111938477,18.625574111938477,1095
2016-08-03,18.57075309753418,18.57075309753418,18.57075309753418,18.57075309753418,0
2016-08-04,18.64613178592144,18.652984619140625,18.64613178592144,18.652984619140625,60
2016-08-05,18.680391949431765,18.838003158569336,18.680391949431765,18.838003158569336,155
2016-08-08,18.790031433105469,18.790031433105469,18.790031433105469,18.790031433105469,0
2016-08-09,18.927091598510742,18.927091598510742,18.927091598510742,18.927091598510742,0
2016-08-10,18.927091598510742,18.927091598510742,18.927091598510742,18.927091598510742,0
2016-08-11,18.927090447064423,18.961353302001953,18.927090447064423,18.961353302001953,240
2016-08-12,18.947647094726562,18.947647094726562,18.947647094726562,18.947647094726562,0
2016-08-15,18.940796240314587,18.961354739061694,18.885974884033203,18.885974884033203,1200
2016-08-16,18.769480155306301,18.769480155306301,18.700954437255859,18.700954437255859,6
2016-08-17,18.76947639311728,18.76947639311728,18.591306686401367,18.591306686401367,55
2016-08-18,18.769479751586914,18.769479751586914,18.769479751586914,18.769479751586914,0
2016-08-19,18.700952267504796,18.700952267504796,18.632425250360814,18.646129608154297,235
2016-08-22,18.694093704223633,18.694093704223633,18.694093704223633,18.694093704223633,0
2016-08-23,18.824296951293945,18.824296951293945,18.824296951293945,18.824296951293945,0
2016-08-24,19.02302360534668,19.132666287229863,19.02302360534668,19.02302360534668,40725
2016-08-25,18.933935165405273,18.933935165405273,18.933935165405273,18.933935165405273,380
2016-08-26,18.892827434444584,18.947648789906225,18.892827434444584,18.927091598510742,11954
2016-08-29,18.796887475108235,18.838003158569336,18.79003464335738,18.838003158569336,1801
2016-08-30,18.92024040222168,18.92024040222168,18.92024040222168,18.92024040222168,0
2016-08-31,18.796890258789062,18.796890258789062,18.796890258789062,18.796890258789062,0
2016-09-01,19.029880862971179,19.029880862971179,18.975059509277344,18.975059509277344,3645
2016-09-02,19.023024681261536,19.317689895629883,19.023024681261536,19.317689895629883,837
2016-09-05,19.393072457772799,19.393072457772799,19.386220932006836,19.386220932006836,1001
2016-09-06,19.441038133019042,19.441038133019042,19.393068313598633,19.393068313598633,50
2016-09-07,19.406772613525391,19.406772613525391,19.406772613525391,19.406772613525391,0
2016-09-08,19.351955604639812,19.351955604639812,19.214902877807617,19.214902877807617,901
2016-09-09,19.009323120117188,19.009323120117188,19.009323120117188,19.009323120117188,0
2016-09-12,18.796890258789062,18.796890258789062,18.796890258789062,18.796890258789062,0
2016-09-13,18.899678347040464,18.899678347040464,18.673540115356445,18.673540115356445,19
2016-09-14,18.728360431131147,18.728360431131147,18.632423400878906,18.632423400878906,35
2016-09-15,18.803741455078125,18.803741455078125,18.803741455078125,18.803741455078125,0
2016-09-16,18.769478997659057,18.769478997659057,18.73521614074707,18.73521614074707,6
2016-09-19,18.927093985396144,18.954504013061523,18.927093985396144,18.954504013061523,35
2016-09-20,18.89967857636973,18.947647094726562,18.89967857636973,18.947647094726562,2
2016-09-21,18.913381576538086,18.913381576538086,18.913381576538086,18.913381576538086,0
2016-09-22,19.050435472418755,19.084699630737305,19.050435472418755,19.084699630737305,52
2016-09-23,18.872262954711914,18.872262954711914,18.84485163404505,18.872262954711914,1598
2016-09-26,18.55704477606746,18.55704477606746,18.488517761230469,18.488517761230469,225
2016-09-27,18.433696013795675,18.605012893676758,18.426843181755142,18.605012893676758,1023
2016-09-28,18.954500536279333,18.954500536279333,18.899679183959961,18.899679183959961,1720
2016-09-29,18.961355553582624,18.961355553582624,18.906534194946289,18.906534194946289,100
2016-09-30,18.831154874988346,18.92024040222168,18.831154874988346,18.92024040222168,568
2016-10-04,19.112115188105331,19.112115188105331,19.016178131103516,19.016178131103516,1335
2016-10-05,18.810589975200482,18.810589975200482,18.728357315063477,18.728357315063477,2
2016-10-06,18.680391370405491,18.694097033482372,18.618717193603516,18.618717193603516,2220
2016-10-07,18.289791049627251,18.303495407104492,18.289791049627251,18.303495407104492,550
2016-10-10,18.269233566251117,18.392581939697266,18.262380733610311,18.392581939697266,3000
2016-10-11,18.248672485351562,18.248672485351562,18.248672485351562,18.248672485351562,0
2016-10-12,18.17329216003418,18.17329216003418,18.17329216003418,18.17329216003418,0
2016-10-13,18.015684127807617,18.015684127807617,18.015684127807617,18.015684127807617,0
2016-10-14,18.145884102997577,18.221263950475095,18.145884102997577,18.159589767456055,3803
2016-10-17,18.046132399590075,18.046132399590075,18.032230377197266,18.032230377197266,1160
2016-10-18,18.275533676147461,18.275533676147461,18.275533676147461,18.275533676147461,7
2016-10-19,18.310293685432331,18.36590576171875,18.310293685432331,18.36590576171875,874
2016-10-20,18.226869981987218,18.226869981987218,18.060033798217773,18.060033798217773,2
2016-10-21,18.018325083749446,18.060033798217773,18.004421736961294,18.060033798217773,37510
2016-10-24,18.108699608266214,18.108699608266214,17.927961349487305,17.927961349487305,342
2016-10-25,17.983571904742043,17.983571904742043,17.788928985595703,17.788928985595703,455
2016-10-26,17.719404899372925,17.719404899372925,17.691599539315803,17.705501556396484,25
2016-10-27,17.858443064201158,17.858443064201158,17.823684692382812,17.823684692382812,21
2016-10-28,17.72636243209098,17.914053646645854,17.72636243209098,17.900150299072266,653
2016-10-31,17.997470855712891,17.997470855712891,17.997470855712891,17.997470855712891,0
2016-11-01,18.039178620459776,18.039178620459776,17.865390777587891,17.865390777587891,1421
2016-11-02,17.677702706178426,17.761120142964149,17.6429443359375,17.6429443359375,30397
2016-11-03,17.608186721801758,17.608186721801758,17.608186721801758,17.608186721801758,0
2016-11-04,17.545623467416835,17.545623467416835,17.413544312923431,17.420495986938477,869
2016-11-07,17.642934975804085,17.642934975804085,17.538662572193608,17.545614242553711,1508
2016-11-08,17.531719207763672,17.531719207763672,17.531719207763672,17.531719207763672,800
2016-11-09,17.510862350463867,17.510862350463867,17.510862350463867,17.510862350463867,0
2016-11-10,17.705509734649237,17.705509734649237,17.490013122558594,17.490013122558594,3206
2016-11-11,17.496964841877865,17.496964841877865,17.462207794189453,17.462207794189453,200
2016-11-14,17.635991352435735,17.635991352435735,17.399639773700507,17.413541793823242,1206
2016-11-15,17.462201729439979,17.462201729439979,17.337074279785156,17.337074279785156,219
2016-11-16,17.517818180758923,17.6429443359375,17.483059810517993,17.6429443359375,620
2016-11-17,17.747220993041992,17.747220993041992,17.747220993041992,17.747220993041992,0
2016-11-18,17.649892807006836,17.649892807006836,17.649892807006836,17.649892807006836,0
2016-11-21,17.72636042783412,17.72636042783412,17.677700042724609,17.677700042724609,202
2016-11-22,17.754165649414062,17.754165649414062,17.754165649414062,17.754165649414062,0
2016-11-23,17.775020599365234,17.775020599365234,17.775020599365234,17.775020599365234,0
2016-11-24,17.788924488823596,17.802827835083008,17.788924488823596,17.802827835083008,33
2016-11-25,17.85148811340332,17.85148811340332,17.85148811340332,17.85148811340332,0
2016-11-28,17.754163256814035,17.754163256814035,17.705501556396484,17.705501556396484,1850
2016-11-29,17.893199920654297,17.893199920654297,17.893199920654297,17.893199920654297,0
2016-11-30,17.872339248657227,17.872339248657227,17.872339248657227,17.872339248657227,0
2016-12-01,17.73331524110106,17.768072286363857,17.691606521606445,17.691606521606445,590
2016-12-02,17.580380741186687,17.601234436035156,17.580380741186687,17.601234436035156,469
2016-12-05,17.635994029762553,17.823683925925287,17.615139007568359,17.615139007568359,752
2016-12-06,17.573427320408054,17.795875549316406,17.573427320408054,17.795875549316406,260
2016-12-07,17.608184133035309,17.663796189548844,17.538668730919383,17.622087478637695,2097
2016-12-08,17.997470855712891,17.997470855712891,17.997470855712891,17.997470855712891,0
2016-12-09,18.247723806901657,18.838602747732921,18.247723806901657,18.824699401855469,27525
2016-12-12,18.637009962166434,18.68567035141578,18.630058288574219,18.630058288574219,280
2016-12-13,18.845556901528351,18.915070988274461,18.845556901528351,18.859458923339844,4509
2016-12-14,18.908119271761077,18.908119271761077,18.845555537500921,18.887264251708984,1359
2016-12-15,19.068005976389259,19.068005976389259,19.040199279785156,19.040199279785156,172
2016-12-16,18.998484985709283,19.019340002042497,18.949824606827661,18.963727951049805,2345
2016-12-19,18.984590331631662,19.054105758666992,18.984590331631662,19.054105758666992,464
2016-12-20,19.14447642391081,19.200088500976562,19.14447642391081,19.200088500976562,300
2016-12-21,19.165324443386204,19.207033157348633,19.151421096766693,19.207033157348633,2160
2016-12-22,19.186186165958247,19.186186165958247,19.026301601666933,19.068010330200195,37908
2016-12-23,19.040191586315498,19.061046600341797,19.040191586315498,19.061046600341797,86
2016-12-27,19.186182022094727,19.186182022094727,19.186182022094727,19.186182022094727,0
2016-12-28,19.088860663250305,19.151424407958984,19.088860663250305,19.151424407958984,95
2016-12-29,19.116665426959354,19.165325817720948,19.116665426959354,19.144472122192383,972
2016-12-30,19.123619079589844,19.123619079589844,19.123619079589844,19.123619079589844,0
2017-01-02,19.269597254134521,19.35301600952647,19.241791886267961,19.304355621337891,754
2017-01-03,19.394728437087849,19.394728437087849,19.346068039584008,19.353019714355469,758
2017-01-04,19.193136825606281,19.200088500976562,19.193136825606281,19.200088500976562,40
2017-01-05,19.193135364940733,19.283504486083984,19.193135364940733,19.283504486083984,1853
2017-01-06,19.29045295715332,19.29045295715332,19.29045295715332,19.29045295715332,0
2017-01-09,19.158370799898432,19.227886199951172,19.158370799898432,19.227886199951172,590
2017-01-10,19.130567511527278,19.15837287902832,19.116664164828698,19.15837287902832,1090
2017-01-11,19.234834671020508,19.234834671020508,19.234834671020508,19.234834671020508,0
2017-01-12,18.991535868675676,18.998487541722007,18.977632522583008,18.977632522583008,2762
2017-01-13,19.186182022094727,19.186182022094727,19.186182022094727,19.186182022094727,0
2017-01-16,19.050147462056909,19.057130813598633,19.015230704348294,19.057130813598633,1200
2017-01-17,18.945397714077895,19.043163299560547,18.861600163021972,19.043163299560547,965
2017-01-18,18.840654579523598,18.840654579523598,18.659091399906373,18.666074752807617,843
2017-01-19,18.770820617675781,18.770820617675781,18.770820617675781,18.770820617675781,0
2017-01-20,18.728924347443762,18.742891053805891,18.700992266657927,18.721940994262695,1101
2017-01-23,18.763847351074219,18.763847351074219,18.763847351074219,18.763847351074219,0
2017-01-24,18.819706745185535,18.826688766479492,18.819706745185535,18.826688766479492,1534
2017-01-25,18.847633361816406,18.847633361816406,18.847633361816406,18.847633361816406,1414
2017-01-26,18.847639634049301,18.847639634049301,18.763842055545609,18.840656280517578,5250
2017-01-27,18.819711685180664,18.819711685180664,18.819711685180664,18.819711685180664,0
2017-01-30,18.840651420075361,18.840651420075361,18.812719345092773,18.812719345092773,1530
2017-01-31,18.735907008282052,18.735907008282052,18.624176025390625,18.624176025390625,600
2017-02-01,18.714957641081632,18.749874406986958,18.714957641081632,18.721940994262695,2470
2017-02-02,18.659091949462891,18.659091949462891,18.659091949462891,18.659091949462891,0
2017-02-03,18.784793115553359,18.784793115553359,18.728927612304688,18.728927612304688,500
2017-02-06,18.749870161284335,18.749870161284335,18.589257070304186,18.59623908996582,1316
2017-02-07,18.777803421020508,18.777803421020508,18.777803421020508,18.777803421020508,0
2017-02-08,18.931438446044922,18.931438446044922,18.931438446044922,18.931438446044922,0
2017-02-09,19.078078939067883,19.106012344360352,19.078078939067883,19.106012344360352,1845
2017-02-10,19.106012344360352,19.106012344360352,19.106012344360352,19.106012344360352,0
2017-02-13,19.252667278576361,19.294566073188889,19.252667278576361,19.266633987426758,3183
2017-02-14,19.175844192504883,19.175844192504883,19.175844192504883,19.175844192504883,0
2017-02-15,19.126965635555983,19.175847774556985,19.126965635555983,19.161882400512695,1007
2017-02-16,19.175846154907287,19.175846154907287,19.133947372436523,19.133947372436523,200
2017-02-17,19.161882400512695,19.161882400512695,19.161882400512695,19.161882400512695,0
2017-02-20,19.203782840876464,19.203782840876464,19.140933990478516,19.140933990478516,11037
2017-02-21,19.203784136717196,19.203784136717196,19.189817428588867,19.189817428588867,1095
2017-02-22,19.280596386769052,19.301545113423625,19.231714248657227,19.231714248657227,1894
2017-02-23,19.18981212162662,19.315509796142578,19.18981212162662,19.315509796142578,1001
2017-02-24,19.08506630230255,19.217747341456786,19.08506630230255,19.168865203857422,24607
2017-02-27,19.168865203857422,19.168865203857422,19.168865203857422,19.168865203857422,0
2017-02-28,19.238697111666394,19.238697111666394,19.168866243843482,19.196798324584961,1170
2017-03-01,19.273613061165118,19.427242828582198,19.273613061165118,19.420259475708008,1173
2017-03-02,19.378363206075683,19.378363206075683,19.336464415329662,19.371379852294922,6388
2017-03-03,19.02920266930527,19.036186022778001,18.959370466516454,18.973337173461914,2192
2017-03-06,18.847638242853257,18.903503735044964,18.847638242853257,18.88255500793457,11003
2017-03-07,18.854616165161133,18.854616165161133,18.854616165161133,18.854616165161133,88
2017-03-08,18.88255500793457,18.88255500793457,18.88255500793457,18.88255500793457,0
2017-03-09,18.896520206837998,19.008251190185547,18.896520206837998,19.008251190185547,6503
2017-03-10,18.896516087185493,18.896516087185493,18.798751831054688,18.798751831054688,925
2017-03-13,18.896518707275391,18.896518707275391,18.896518707275391,18.896518707275391,0
2017-03-14,18.812719345092773,18.812719345092773,18.812719345092773,18.812719345092773,0
2017-03-15,18.805742263793945,18.805742263793945,18.805742263793945,18.805742263793945,0
2017-03-16,18.959363766357757,18.959363766357757,18.812717391070084,18.854616165161133,4083
2017-03-17,18.945404052734375,18.945404052734375,18.945404052734375,18.945404052734375,0
2017-03-20,18.945403305784545,18.945403305784545,18.889537811279297,18.889537811279297,210
2017-03-21,18.89652096686499,18.89652096686499,18.826688766479492,18.826688766479492,1850
2017-03-22,18.728924347443762,18.728924347443762,18.6311600667857,18.721940994262695,105201
2017-03-23,18.777807562610896,18.945404052734375,18.777807562610896,18.945404052734375,170
2017-03-24,18.94540211343439,18.994285583496094,18.882554601517512,18.994285583496094,1152
2017-03-27,18.938414933298617,18.987297058105469,18.938414933298617,18.987297058105469,1130
2017-03-28,19.057133503702804,19.064115524291992,19.043166798647817,19.064115524291992,463
2017-03-29,19.057132353321389,19.119979858398438,19.057132353321389,19.119979858398438,732
2017-03-30,19.357410430908203,19.357410430908203,19.357410430908203,19.357410430908203,0
2017-03-31,19.664670944213867,19.664670944213867,19.664670944213867,19.664670944213867,0
2017-04-03,19.601826627870146,19.601826627870146,19.52501106262207,19.52501106262207,551
2017-04-04,19.615790513332001,19.615790513332001,19.601823806762695,19.601823806762695,35
2017-04-05,19.643721233737203,19.643721233737203,19.538973605600578,19.594839096069336,1011
2017-04-06,19.511039733886719,19.511039733886719,19.511039733886719,19.511039733886719,0
2017-04-07,19.399308450844565,19.531988143920898,19.399308450844565,19.531988143920898,2105
2017-04-10,19.518022484921051,19.559921264648438,19.518022484921051,19.559921264648438,530
2017-04-11,19.580869674682617,19.629751802245657,19.552936269253404,19.580869674682617,2796
2017-04-12,19.741491800982836,19.79037395093215,19.713558382761118,19.776407241821289,25855
2017-04-13,19.748471698978321,19.748471698978321,19.650706084252842,19.706571578979492,1150
2017-04-18,19.580663041489061,19.580663041489061,19.55970573425293,19.55970573425293,1000
2017-04-19,19.573680391881012,19.573680391881012,19.517795562744141,19.517795562744141,1308
2017-04-20,19.601624860087085,19.678467010462356,19.601624860087085,19.664495468139648,1687
2017-04-21,19.615590135041778,19.629561672900444,19.489848959112155,19.587648391723633,35802
2017-04-24,19.776259956129174,19.804203033447266,19.706403595233212,19.804203033447266,155
2017-04-25,19.797219105757527,19.832146623255017,19.720376968383789,19.720376968383789,7071
2017-04-26,19.874059677124023,19.874059677124023,19.874059677124023,19.874059677124023,0
2017-04-27,19.858490470825867,19.902151107788086,19.800274437614078,19.902151107788086,150
2017-04-28,19.822108251078323,19.822108251078323,19.756616592407227,19.756616592407227,31169
2017-05-02,19.647459647438225,19.953086853027344,19.647459647438225,19.953086853027344,387
2017-05-03,19.89487169452886,19.923978319663551,19.880317687988281,19.880317687988281,225
2017-05-04,19.86576753758365,20.01130485534668,19.829383902116255,20.01130485534668,333
2017-05-05,20.105901706752881,20.105901706752881,19.953088783149514,20.054964065551758,21068
2017-05-08,20.14955945156748,20.14955945156748,20.054959805477431,20.113174438476562,292
2017-05-09,20.142284478612488,20.346035020667479,20.142284478612488,20.32420539855957,28695
2017-05-10,20.244164453199655,20.302379105590543,20.229610443115234,20.229610443115234,1691
2017-05-11,20.18594636043947,20.18594636043947,19.938533782958984,19.938533782958984,580
2017-05-12,20.120451441094747,20.120451441094747,20.113174438476562,20.113174438476562,13150
2017-05-15,20.062240600585938,20.062240600585938,20.062240600585938,20.062240600585938,0
2017-05-16,19.960364854156829,20.069517135620117,19.960364854156829,20.069517135620117,37
2017-05-17,20.004023477712341,20.004023477712341,19.83665657043457,19.83665657043457,71
2017-05-18,19.902148210316554,19.902148210316554,19.83665657043457,19.83665657043457,380
2017-05-19,19.953086853027344,19.953086853027344,19.953086853027344,19.953086853027344,0
2017-05-22,19.982192993164062,19.982192993164062,19.982192993164062,19.982192993164062,0
2017-05-23,20.0113010231399,20.0113010231399,19.960363388061523,19.960363388061523,363
2017-05-24,19.967643746742848,20.018581390380859,19.916706103104833,20.018581390380859,1329
2017-05-25,19.996744155883789,19.996744155883789,19.996744155883789,19.996744155883789,0
2017-05-26,20.040405300442607,20.091342926025391,20.040405300442607,20.091342926025391,370
2017-05-29,20.105897903442383,20.105897903442383,20.105897903442383,20.105897903442383,0
2017-05-30,20.178668975830078,20.178668975830078,20.178668975830078,20.178668975830078,0
2017-05-31,20.091345285813912,20.105897903442383,20.091345285813912,20.105897903442383,108
2017-06-01,20.309650421142578,20.309650421142578,20.309650421142578,20.309650421142578,0
2017-06-02,20.316930270492268,20.316930270492268,20.295099258422852,20.295099258422852,251
2017-06-06,20.17138954058278,20.17138954058278,20.054960271876823,20.105897903442383,2399
2017-06-07,20.149562835693359,20.149562835693359,20.149562835693359,20.149562835693359,0
2017-06-08,20.105900264357722,20.105900264357722,20.047685623168945,20.047685623168945,697
2017-06-09,19.996744155883789,19.996744155883789,19.996744155883789,19.996744155883789,0
2017-06-12,19.836657490698599,19.836657490698599,19.712951208287684,19.77116584777832,24622
2017-06-13,19.953086853027344,19.989470482381041,19.953086853027344,19.953086853027344,1962
2017-06-14,20.091349074935103,20.142286716107233,20.004026412963867,20.004026412963867,24428
2017-06-15,19.996744155883789,19.996744155883789,19.996744155883789,19.996744155883789,0
2017-06-16,20.069520017103375,20.135011672973633,20.069520017103375,20.135011672973633,35
2017-06-19,20.076790346762614,20.149558983307028,20.076790346762614,20.120450973510742,170
2017-06-20,20.24415580277374,20.24415580277374,20.091342926025391,20.091342926025391,305
2017-06-21,20.062240600585938,20.062240600585938,20.062240600585938,20.062240600585938,0
2017-06-22,20.011298628104573,20.011298628104573,19.989467620849609,19.989467620849609,218
2017-06-23,19.996745165093156,20.040407180786133,19.967638542577504,20.040407180786133,1213
2017-06-26,20.164111107318597,20.17138810958977,20.076789855957031,20.076789855957031,25790
2017-06-27,20.054962532600985,20.054962532600985,19.792997342455365,19.814826965332031,2346
2017-06-28,19.676569488836204,19.822105407714844,19.676569488836204,19.822105407714844,596
2017-06-29,19.538307189941406,19.538307189941406,19.538307189941406,19.538307189941406,0
2017-06-30,19.48736572265625,19.48736572265625,19.48736572265625,19.48736572265625,0
2017-07-03,19.509199142456055,19.509199142456055,19.480092516883364,19.509199142456055,185
2017-07-04,19.480091058825824,19.480091058825824,19.450983047485352,19.450983047485352,903
2017-07-05,19.450983047485352,19.509197682219924,19.421876424091252,19.450983047485352,10603
2017-07-06,19.407325184945098,19.407325184945098,19.225404251973337,19.254510879516602,1658
2017-07-07,19.079859679198073,19.079859679198073,18.956153436403117,19.014368057250977,2140
2017-07-10,18.985269089828737,19.043483734130859,18.985269089828737,19.043483734130859,2485
2017-07-11,18.927053888102424,18.927053888102424,18.890668869018555,18.890668869018555,200
2017-07-12,18.890667998016056,19.036205291748047,18.839730361593809,19.036205291748047,2762
2017-07-13,19.101694045219489,19.101694045219489,19.021648406982422,19.021648406982422,600
2017-07-14,19.043482344766005,19.116250991821289,19.043482344766005,19.116250991821289,687
2017-07-17,19.100811004638672,19.189343774226593,19.100811004638672,19.100811004638672,2987
2017-07-18,19.108191706658882,19.108191706658882,18.931127548217773,18.931127548217773,663
2017-07-19,18.960640897977292,19.130327224731445,18.960640897977292,19.130327224731445,2815
2017-07-20,19.300016210098356,19.300016210098356,19.152462005615234,19.152462005615234,2
2017-07-21,19.041793315987391,19.041793315987391,19.012283325195312,19.012283325195312,1000
2017-07-24,18.945886489378619,19.04179573059082,18.945886489378619,19.04179573059082,290
2017-07-25,19.145083268139054,19.204104661424889,19.027040481567383,19.027040481567383,1051
2017-07-26,19.13032599219952,19.13032599219952,19.108192443847656,19.108192443847656,50
2017-07-27,19.071302155646023,19.218854904174805,19.071302155646023,19.218854904174805,1111
2017-07-28,19.115577885657199,19.115577885657199,19.041800769028967,19.063934326171875,514
2017-07-31,18.960648115145421,19.078690944530575,18.960648115145421,19.034423828125,15984
2017-08-01,19.137703449923858,19.167213439941406,19.108192052725439,19.167213439941406,1081
2017-08-02,19.108190249777039,19.108190249777039,19.07130241394043,19.07130241394043,420
2017-08-03,19.034416807245581,19.122949600219727,19.019662514400729,19.122949600219727,3659
2017-08-04,19.263121995196087,19.263121995196087,19.218854904174805,19.218854904174805,14
2017-08-07,19.240990919597028,19.240990919597028,19.108192443847656,19.108192443847656,1813
2017-08-08,19.108188852702721,19.108188852702721,19.100811004638672,19.100811004638672,1935
2017-08-09,18.923749699051786,18.931127548217773,18.87948401123672,18.931127548217773,1420
2017-08-10,18.931127548217773,18.931127548217773,18.931127548217773,18.931127548217773,0
2017-08-11,18.731934953409791,18.754068506947032,18.658159255981445,18.658159255981445,219
2017-08-14,18.813087463378906,18.813087463378906,18.813087463378906,18.813087463378906,230
2017-08-15,18.842598864258559,18.842598864258559,18.813087463378906,18.813087463378906,5
2017-08-16,18.90900303242249,18.90900303242249,18.879493028844227,18.901626586914062,1214
2017-08-17,18.92375873780238,18.92375873780238,18.901626586914062,18.901626586914062,500
2017-08-18,18.680290853040514,18.724556551632126,18.6138916015625,18.6138916015625,78802
2017-08-21,18.613894377235614,18.628650081360224,18.532740818913037,18.540117263793945,31220
2017-08-22,18.672908782958984,18.695042330844338,18.599131697188675,18.672908782958984,88000
2017-08-23,18.495844091785724,18.554865477275705,18.134337929761983,18.149093627929688,110504
2017-08-24,18.230250758203379,18.230250758203379,18.156475067138672,18.156475067138672,230
2017-08-25,18.185981466168116,18.200737164335816,18.149093627929688,18.149093627929688,22258
2017-08-28,17.97203254699707,18.053186086445507,17.91301115140681,17.97203254699707,74312
2017-08-29,17.647407531738281,17.669541074454695,17.610519701058134,17.647407531738281,53242
2017-08-30,17.780210552413898,17.839231941009576,17.728567013290291,17.82447624206543,44572
2017-08-31,17.883500475210578,17.994165420532227,17.876122624564985,17.994165420532227,8557
2017-09-01,17.994165420532227,17.994165420532227,17.994165420532227,17.994165420532227,0
2017-09-04,18.053187369511544,18.053187369511544,18.038433074951172,18.038433074951172,800
2017-09-05,18.067945026032149,18.126966432202696,18.067945026032149,18.082700729370117,1424
2017-09-06,18.05318759614844,18.075321149038611,17.972034049913514,18.031055450439453,2365
2017-09-07,18.031055450439453,18.031055450439453,18.031055450439453,18.031055450439453,0
2017-09-08,18.031055450439453,18.031055450439453,18.031055450439453,18.031055450439453,0
2017-09-11,18.171229134920186,18.208118387174594,18.163852691650391,18.163852691650391,995
2017-09-12,18.163852691650391,18.163852691650391,18.163852691650391,18.163852691650391,0
2017-09-13,18.245007110861206,18.289274215698242,18.245007110861206,18.289274215698242,2225
2017-09-14,18.422067867128067,18.422067867128067,18.392557876597476,18.414690017700195,470
2017-09-15,18.414690017700195,18.414690017700195,18.414690017700195,18.414690017700195,0
2017-09-18,18.444205089387914,18.444205089387914,18.281896591186523,18.281896591186523,24360
2017-09-19,18.274519193243449,18.304029190383698,18.267141342163086,18.267141342163086,4842
2017-09-20,18.377802345108286,18.38518019460335,18.33353665531882,18.363046646118164,10818
2017-09-21,18.363046646118164,18.363046646118164,18.363046646118164,18.363046646118164,0
2017-09-22,18.363046646118164,18.363046646118164,18.363046646118164,18.363046646118164,0
2017-09-25,18.540110642085864,18.569622039794922,18.540110642085864,18.569622039794922,2000
2017-09-26,18.532739866453639,18.532739866453639,18.525362014770508,18.525362014770508,110
2017-09-27,18.495844336668728,18.495844336668728,18.481088638305664,18.481088638305664,300
2017-09-28,18.481088638305664,18.481088638305664,18.481088638305664,18.481088638305664,0
2017-09-29,18.481088638305664,18.481088638305664,18.481088638305664,18.481088638305664,0
2017-10-02,18.783577289350106,18.835222244262695,18.776200845829447,18.835222244262695,5023
2017-10-03,18.835222244262695,18.835222244262695,18.835222244262695,18.835222244262695,0
2017-10-04,18.849976538485155,18.849976538485155,18.739311592320455,18.835222244262695,2668
2017-10-05,18.761440562339427,18.798328399658203,18.754062713439513,18.798328399658203,1550
2017-10-06,18.783576062499254,18.827843163818734,18.783576062499254,18.813087463378906,1674
2017-10-09,18.813087463378906,18.813087463378906,18.813087463378906,18.813087463378906,0
2017-10-10,18.81308914436012,18.820466995239258,18.81308914436012,18.820466995239258,320
2017-10-11,18.66553261490003,18.680288314819336,18.66553261490003,18.680288314819336,275
2017-10-12,18.680288314819336,18.680288314819336,18.680288314819336,18.680288314819336,0
2017-10-13,18.768825801720581,18.813091505369496,18.768825801720581,18.805713653564453,116
2017-10-16,18.844022148614528,18.844022148614528,18.799421310424805,18.799421310424805,10993
2017-10-17,18.858886192008736,18.896053314208984,18.829151359980678,18.896053314208984,20256
2017-10-18,19.044729878193227,19.052162170410156,19.01499503798463,19.052162170410156,2008
2017-10-19,18.821721020602126,18.821721020602126,18.710218216210279,18.799421310424805,580
2017-10-20,18.799421310424805,18.799421310424805,18.799421310424805,18.799421310424805,0
2017-10-23,18.799421310424805,18.799421310424805,18.799421310424805,18.799421310424805,0
2017-10-24,18.769689369201657,18.769689369201657,18.583850860595703,18.583850860595703,28234
2017-10-25,18.539250015524157,18.583850860595703,18.539250015524157,18.583850860595703,1664
2017-10-26,18.583850860595703,18.583850860595703,18.583850860595703,18.583850860595703,0
2017-10-27,18.583850860595703,18.583850860595703,18.583850860595703,18.583850860595703,0
2017-10-30,18.784554299708873,18.784554299708873,18.769686880711049,18.777120590209961,607
2017-10-31,18.777120590209961,18.777120590209961,18.777120590209961,18.777120590209961,0
2017-11-01,18.777120590209961,18.777120590209961,18.777120590209961,18.777120590209961,0
2017-11-02,18.650753021240234,18.650753021240234,18.650753021240234,18.650753021240234,749
2017-11-03,18.650753021240234,18.650753021240234,18.650753021240234,18.650753021240234,0
2017-11-06,18.881189151424461,18.881189151424461,18.784553766352644,18.814287185668945,904
2017-11-07,18.725085848409901,18.725085848409901,18.687917301298725,18.71021842956543,387
2017-11-08,18.725088892515487,18.725088892515487,18.717655181884766,18.717655181884766,80
2017-11-09,18.479779254804807,18.539247512817383,18.479779254804807,18.539247512817383,1000
2017-11-10,18.524381227979855,18.546682357788086,18.524381227979855,18.546682357788086,437
2017-11-13,18.47234455164477,18.47234455164477,18.360841751098633,18.360841751098633,319
2017-11-14,18.360841751098633,18.360841751098633,18.360841751098633,18.360841751098633,0
2017-11-15,18.31623890128887,18.31623890128887,18.108100725123762,18.160135269165039,384
2017-11-16,18.241905839884918,18.40544319152832,18.234472130559979,18.40544319152832,558
2017-11-17,18.464911835842887,18.539247512817383,18.464911835842887,18.539247512817383,111
2017-11-20,18.635882222536043,18.747385025024414,18.635882222536043,18.747385025024414,667
2017-11-21,18.858890170004578,18.858890170004578,18.821721622129363,18.844022750854492,74
2017-11-22,18.844022750854492,18.844022750854492,18.844022750854492,18.844022750854492,0
2017-11-23,18.844022750854492,18.844022750854492,18.844022750854492,18.844022750854492,0
2017-11-24,18.851456312316785,18.851456312316785,18.739952087402344,18.739952087402344,600
2017-11-27,18.687913124514605,18.695346832275391,18.687913124514605,18.695346832275391,68
2017-11-28,18.717651632801818,18.866321563720703,18.717651632801818,18.866321563720703,232
2017-11-29,19.052158479858168,19.081893314306893,19.03729248046875,19.03729248046875,1380
2017-11-30,19.007560301287004,19.007560301287004,18.896057492197752,18.910924911499023,35163
2017-12-01,18.836589986983267,18.836589986983267,18.784555435180664,18.784555435180664,100
2017-12-04,18.784555435180664,18.784555435180664,18.784555435180664,18.784555435180664,0
2017-12-05,18.940656090381331,19.014991760253906,18.940656090381331,19.014991760253906,590
2017-12-06,18.918360593704946,19.111631393432617,18.918360593704946,19.111631393432617,120
2017-12-07,19.200832270734232,19.200832270734232,19.167381286621094,19.167381286621094,11300
2017-12-08,19.167381286621094,19.167381286621094,19.167381286621094,19.167381286621094,0
2017-12-11,19.312337966572894,19.364372523455948,19.312337966572894,19.345788955688477,13136
2017-12-12,19.290036805295774,19.394105911254883,19.290036805295774,19.394105911254883,4749
2017-12-13,19.468437358429775,19.468437358429775,19.416402816772461,19.416402816772461,7426
2017-12-14,19.37179948923303,19.37179948923303,19.323482513427734,19.323482513427734,5572
2017-12-15,19.267730411701816,19.323482513427734,19.267730411701816,19.323482513427734,750
2017-12-18,19.323482513427734,19.323482513427734,19.323482513427734,19.323482513427734,0
2017-12-19,19.379235828062711,19.379235828062711,19.245431900024414,19.245431900024414,58
2017-12-20,19.260304813693633,19.260304813693633,19.215703964233398,19.215703964233398,285
2017-12-21,19.178535408153667,19.223137675449344,19.178535408153667,19.215703964233398,8200
2017-12-22,19.215703964233398,19.215703964233398,19.215703964233398,19.215703964233398,0
2017-12-27,19.230564522904931,19.230564522904931,19.208263397216797,19.208263397216797,200
2017-12-28,19.208265838809439,19.230566967332305,19.171098709106445,19.171098709106445,347
2017-12-29,19.171098709106445,19.171098709106445,19.171098709106445,19.171098709106445,0
2018-01-02,19.06594199290932,19.121776580810547,19.06594199290932,19.121776580810547,30
2018-01-03,19.106892302706363,19.106892302706363,19.069667816162109,19.069667816162109,65
2018-01-04,19.062216920764293,19.125497817993164,19.062216920764293,19.125497817993164,70
2018-01-05,19.207392068706064,19.326507568359375,19.207392068706064,19.326507568359375,10606
2018-01-08,19.408395886032991,19.408395886032991,19.386062622070312,19.386062622070312,134
2018-01-09,19.520069352122192,19.568460464477539,19.520069352122192,19.568460464477539,1000
2018-01-10,19.568460464477539,19.568460464477539,19.568460464477539,19.568460464477539,0
2018-01-11,19.322782310234693,19.322782310234693,19.136664198435103,19.173887252807617,140
2018-01-12,19.088278635042673,19.203672409057617,19.088278635042673,19.203672409057617,9
2018-01-15,19.237176820579077,19.337680816650391,19.237176820579077,19.337680816650391,430
2018-01-16,19.337680816650391,19.337680816650391,19.337680816650391,19.337680816650391,0
2018-01-17,19.248335898713247,19.248335898713247,19.166444890346977,19.23716926574707,1770
2018-01-18,19.173893335653542,19.19622802734375,19.173893335653542,19.19622802734375,150
2018-01-19,19.304174299654857,19.326507568359375,19.270672976629317,19.326507568359375,13
2018-01-22,19.229720811193669,19.281833648681641,19.229720811193669,19.281833648681641,220
2018-01-23,19.281833648681641,19.281833648681641,19.281833648681641,19.281833648681641,0
2018-01-24,19.281833648681641,19.281833648681641,19.281833648681641,19.281833648681641,0
2018-01-25,18.991496148131411,18.991496148131411,18.931938397081524,18.980329513549805,8240
2018-01-26,18.98405037287074,18.98405037287074,18.965438842773438,18.965438842773438,1665
2018-01-29,18.939381673805549,18.961714941058872,18.924491882324219,18.924491882324219,2575
2018-01-30,18.924491882324219,18.924491882324219,18.924491882324219,18.924491882324219,0
2018-01-31,19.065947109286519,19.065947109286519,19.021277723016038,19.054779052734375,630
2018-02-01,19.036161556903167,19.036161556903167,18.969158918449644,19.010105133056641,305
2018-02-02,19.010105133056641,19.010105133056641,19.010105133056641,19.010105133056641,0
2018-02-05,18.622981353828951,18.622981353828951,18.388473510742188,18.388473510742188,25
2018-02-06,18.053460573793082,18.165131179946499,18.053460573793082,18.057182312011719,2576
2018-02-07,18.086956971552706,18.470359802246094,18.086956971552706,18.470359802246094,3881
2018-02-08,18.470359802246094,18.470359802246094,18.470359802246094,18.470359802246094,0
2018-02-09,18.101850751125649,18.146518707275391,18.101850751125649,18.146518707275391,1329
2018-02-12,18.273073067995842,18.273073067995842,18.202348709106445,18.202348709106445,4392
2018-02-13,18.13907306755711,18.13907306755711,18.105571746826172,18.105571746826172,205
2018-02-14,18.105571746826172,18.105571746826172,18.105571746826172,18.105571746826172,0
2018-02-15,18.634149941793794,18.649038314819336,18.634149941793794,18.649038314819336,45
2018-02-16,18.641595246176379,18.842601776123047,18.641595246176379,18.842601776123047,816
2018-02-19,18.917045796486278,18.917045796486278,18.689981460571289,18.689981460571289,2
2018-02-20,18.689983549441909,18.838878631591797,18.689983549441909,18.838878631591797,25
2018-02-21,18.850047188136411,18.850047188136411,18.83515739440918,18.83515739440918,196
2018-02-22,18.660207843361874,18.730932235717773,18.660207843361874,18.730932235717773,574
2018-02-23,18.730932235717773,18.730932235717773,18.730932235717773,18.730932235717773,0
2018-02-26,18.879824198826036,18.879824198826036,18.872379302978516,18.872379302978516,4200
2018-02-27,18.872379302978516,18.872379302978516,18.872379302978516,18.872379302978516,0
2018-02-28,19.136666372238338,19.136666372238338,19.121776580810547,19.121776580810547,1174
2018-03-01,18.582032343769381,18.742094039916992,18.582032343769381,18.742094039916992,600
2018-03-02,18.462919358638484,18.462919358638484,18.440586090087891,18.440586090087891,217
2018-03-05,18.448029054929528,18.574589436685329,18.448029054929528,18.537364959716797,23
2018-03-06,18.51875523261733,18.51875523261733,18.466642379760742,18.466642379760742,77
2018-03-07,18.466642379760742,18.466642379760742,18.466642379760742,18.466642379760742,0
2018-03-08,18.466642379760742,18.466642379760742,18.466642379760742,18.466642379760742,0
2018-03-09,18.466642379760742,18.466642379760742,18.466642379760742,18.466642379760742,0
2018-03-12,18.466642379760742,18.466642379760742,18.466642379760742,18.466642379760742,0
2018-03-13,18.466642379760742,18.466642379760742,18.466642379760742,18.466642379760742,0
2018-03-14,18.466642379760742,18.466642379760742,18.466642379760742,18.466642379760742,0
2018-03-15,18.50013937975973,18.50013937975973,18.470359802246094,18.470359802246094,138
2018-03-16,18.470359802246094,18.470359802246094,18.470359802246094,18.470359802246094,0
2018-03-19,18.570866915925212,18.570866915925212,18.507587432861328,18.507587432861328,923
2018-03-20,18.507587432861328,18.507587432861328,18.507587432861328,18.507587432861328,0
2018-03-21,18.336362308708811,18.347530364990234,18.336362308708811,18.347530364990234,205
2018-03-22,18.347530364990234,18.347530364990234,18.347530364990234,18.347530364990234,0
2018-03-23,18.03857035639842,18.139074325561523,18.03857035639842,18.139074325561523,150
2018-03-26,18.139074325561523,18.139074325561523,18.139074325561523,18.139074325561523,0
2018-03-27,18.139074325561523,18.139074325561523,18.139074325561523,18.139074325561523,0
2018-03-28,18.139074325561523,18.139074325561523,18.139074325561523,18.139074325561523,0
2018-03-29,18.314026407339526,18.314026407339526,18.302858352661133,18.302858352661133,1052
2018-04-03,18.153967136475202,18.198635101318359,18.153967136475202,18.198635101318359,91
2018-04-04,18.157684461320962,18.157684461320962,18.131628036499023,18.131628036499023,619
2018-04-05,18.358694984390372,18.54853630065918,18.358694984390372,18.54853630065918,20
2018-04-06,18.48897970494399,18.68626594543457,18.48897970494399,18.68626594543457,106
2018-04-09,18.749543989189505,18.779323577880859,18.704876026121415,18.779323577880859,450
2018-04-10,18.879824576926936,18.8909912109375,18.879824576926936,18.8909912109375,80
2018-04-11,18.876104919510794,18.890994714265332,18.756989401412454,18.771879196166992,13435
2018-04-12,18.771879196166992,18.771879196166992,18.771879196166992,18.771879196166992,0
2018-04-13,18.771879196166992,18.771879196166992,18.771879196166992,18.771879196166992,0
2018-04-16,18.771879196166992,18.771879196166992,18.771879196166992,18.771879196166992,0
2018-04-17,18.611818387889205,18.704877479828649,18.611818387889205,18.68626594543457,1346
2018-04-18,18.68626594543457,18.68626594543457,18.68626594543457,18.68626594543457,0
2018-04-19,18.969163473362133,19.058500819408223,18.969163473362133,19.047332763671875,565
2018-04-20,18.991493591462621,19.013828277587891,18.991493591462621,19.013828277587891,192
2018-04-23,18.913330078125,18.913330078125,18.913330078125,18.913330078125,400
2018-04-24,18.954270696955657,18.954270696955657,18.8909912109375,18.8909912109375,6903
2018-04-25,18.879823524169932,19.002660751342773,18.879823524169932,19.002660751342773,4000
2018-04-26,19.002660751342773,19.002660751342773,19.002660751342773,19.002660751342773,0
2018-04-27,19.300445686404199,19.311613737568639,19.274389266967773,19.274389266967773,988
2018-04-30,19.490291175842984,19.572183609008789,19.490291175842984,19.572183609008789,1017
2018-05-02,19.78063810286821,19.802972793579102,19.78063810286821,19.802972793579102,550
2018-05-03,19.810413261181861,19.810413261181861,19.735965728759766,19.735965728759766,10600
2018-05-04,19.936971677134668,19.936971677134668,19.933248519897461,19.933248519897461,2280
2018-05-07,20.007701735254905,20.033758163452148,19.866251539349271,20.033758163452148,337
2018-05-08,19.959306450748546,20.011419296264648,19.959306450748546,20.011419296264648,1886
2018-05-09,20.011419296264648,20.011419296264648,20.011419296264648,20.011419296264648,0
2018-05-10,20.16776928755317,20.16776928755317,20.108211517333984,20.108211517333984,100
2018-05-11,20.234769462244266,20.234769462244266,20.201268131877541,20.212434768676758,16125
2018-05-14,20.167765553833014,20.178932189941406,20.167765553833014,20.178932189941406,203
2018-05-15,20.07842457677479,20.07842457677479,20.05609130859375,20.05609130859375,1064
2018-05-16,20.041199721596417,20.126813888549805,20.041199721596417,20.126813888549805,395
2018-05-17,20.227317163336515,20.260818481445312,20.227317163336515,20.260818481445312,740
2018-05-18,20.260818481445312,20.260818481445312,20.260818481445312,20.260818481445312,0
2018-05-21,20.260818481445312,20.260818481445312,20.260818481445312,20.260818481445312,0
2018-05-22,20.40227384732605,20.40227384732605,20.365049362182617,20.365049362182617,1149
2018-05-23,20.219873415114616,20.305487584033621,20.219873415114616,20.223596572875977,1109
2018-05-24,20.108202763823737,20.108202763823737,20.026310332933331,20.04864501953125,970
2018-05-25,20.16031698160949,20.219874729946362,20.130538817425418,20.152872085571289,1157
2018-05-28,20.152872085571289,20.152872085571289,20.152872085571289,20.152872085571289,0
2018-05-29,19.974200086034923,19.974200086034923,19.884862747974694,19.914642333984375,1115
2018-05-30,19.739688589681908,19.795524597167969,19.739688589681908,19.795524597167969,1250
2018-05-31,19.88486009946844,19.910917943740621,19.836470408601055,19.873693466186523,8489
2018-06-01,19.899748829724015,19.989086151123047,19.899748829724015,19.989086151123047,311
2018-06-04,19.989086151123047,19.989086151123047,19.989086151123047,19.989086151123047,0
2018-06-05,20.041204813181157,20.115652365957946,20.041204813181157,20.063539505004883,7
2018-06-06,20.123092285175517,20.123092285175517,20.100757598876953,20.100757598876953,7201
2018-06-07,20.056088666680058,20.059810404230404,20.011419296264648,20.011419296264648,78
2018-06-08,20.011419296264648,20.011419296264648,20.011419296264648,20.011419296264648,0
2018-06-11,20.152874215704191,20.219876867161357,20.152874215704191,20.201265335083008,1102
2018-06-12,20.201265335083008,20.201265335083008,20.201265335083008,20.201265335083008,0
2018-06-13,20.171486697254771,20.249657407613551,20.078427612513845,20.111928939819336,8860
2018-06-14,19.974196408729725,20.260818481445312,19.974196408729725,20.260818481445312,687
2018-06-15,20.260818481445312,20.260818481445312,20.260818481445312,20.260818481445312,0
2018-06-18,20.260818481445312,20.260818481445312,20.260818481445312,20.260818481445312,0
2018-06-19,19.903471772282291,19.940694827481511,19.843914031982422,19.843914031982422,2301
2018-06-20,20.059814808601129,20.097039292120382,20.059814808601129,20.084011077880859,123
2018-06-21,20.175207550500765,20.175207550500765,20.06725868374355,20.097038269042969,4102
2018-06-22,20.097038269042969,20.097038269042969,20.097038269042969,20.097038269042969,0
2018-06-25,20.231041409474564,20.231041409474564,20.0523681640625,20.0523681640625,190
2018-06-26,20.041198748837488,20.041198748837488,19.944417953491211,19.944417953491211,576
2018-06-27,19.840194837491904,20.085870742797852,19.840194837491904,20.085870742797852,222
2018-06-28,20.085870742797852,20.085870742797852,20.085870742797852,20.085870742797852,0
2018-06-29,20.07842459027038,20.07842459027038,20.0523681640625,20.0523681640625,203
2018-07-02,19.840195947689761,19.875558853149414,19.840195947689761,19.875558853149414,581
2018-07-03,20.026313537573902,20.082149553019349,19.970478942097316,19.98350715637207,78514
2018-07-04,19.896029729046408,20.030035018920898,19.896029729046408,20.030035018920898,6633
2018-07-05,20.056091974160701,20.056091974160701,20.011422596378797,20.018867492675781,24
2018-07-06,20.160315066994507,20.160315066994507,20.123092010307289,20.154731750488281,5067
2018-07-09,20.346433542321254,20.346433542321254,20.27198600769043,20.27198600769043,5957
2018-07-10,20.320374399546104,20.469269448887186,20.31665266229837,20.433906555175781,59328
2018-07-11,20.331546921963227,20.365048246772961,20.305490493774414,20.305490493774414,15036
2018-07-12,20.472991504882192,20.750307083129883,20.417155505517862,20.750307083129883,7102
2018-07-13,20.86384391105851,20.930846557307383,20.86384391105851,20.865705490112305,1939
2018-07-16,20.810814218340965,20.810814218340965,20.664072507462695,20.694173812866211,215
2018-07-17,20.746851953902237,20.746851953902237,20.596349716186523,20.596349716186523,18072
2018-07-18,20.581299061822133,20.667838171453283,20.581299061822133,20.596349716186523,14533
2018-07-19,20.449612673247547,20.449612673247547,20.32921028137207,20.32921028137207,4208
2018-07-20,20.359305634200222,20.359305634200222,20.284053802490234,20.284053802490234,200
2018-07-23,20.272770110796309,20.30286998761115,20.269006729125977,20.269006729125977,33604
2018-07-24,20.393172488674793,20.393172488674793,20.269006729125977,20.269006729125977,299
2018-07-25,20.103450355529436,20.122262954711914,20.09968697450735,20.122262954711914,837
2018-07-26,20.18623035345934,20.306632727532758,20.18623035345934,20.212568283081055,7438
2018-07-27,20.212568283081055,20.212568283081055,20.212568283081055,20.212568283081055,0
2018-07-30,20.212568283081055,20.212568283081055,20.212568283081055,20.212568283081055,0
2018-07-31,20.321683277228235,20.344259262084961,20.321683277228235,20.344259262084961,1957
2018-08-01,20.246431540496051,20.272769470117765,20.212568283081055,20.212568283081055,120
2018-08-02,20.159893672951377,20.216331481933594,20.092167153925029,20.216331481933594,22349
2018-08-03,20.250194850689876,20.393173217773438,20.250194850689876,20.393173217773438,1812
2018-08-06,20.513573915417858,20.513573915417858,20.325445029291842,20.408222198486328,13836
2018-08-07,20.524861226118144,20.524861226118144,20.487236022949219,20.487236022949219,250
2018-08-08,20.487236022949219,20.487236022949219,20.487236022949219,20.487236022949219,0
2018-08-09,20.6264494026018,20.633974729715767,20.6264494026018,20.630212783813477,9900
2018-08-10,20.630212783813477,20.630212783813477,20.630212783813477,20.630212783813477,0
2018-08-13,20.630212783813477,20.630212783813477,20.630212783813477,20.630212783813477,0
2018-08-14,20.645263218268664,20.652788545825704,20.554962158203125,20.554962158203125,3950
2018-08-15,20.554962158203125,20.554962158203125,20.554962158203125,20.554962158203125,0
2018-08-16,20.543675386125674,20.633977890014648,20.543675386125674,20.633977890014648,500
2018-08-17,20.633977890014648,20.633977890014648,20.633977890014648,20.633977890014648,0
2018-08-20,20.697934559937238,20.810813013355297,20.697934559937238,20.769424438476562,3757
2018-08-21,20.79952658468995,20.79952658468995,20.731800079345703,20.731800079345703,10386
2018-08-22,20.822108567116608,20.825870513916016,20.822108567116608,20.825870513916016,100
2018-08-23,20.919932647959016,20.919932647959016,20.784481048583984,20.784481048583984,4938
2018-08-24,20.784481048583984,20.784481048583984,20.784481048583984,20.784481048583984,0
2018-08-27,20.807052195704184,20.84091544883896,20.795764923095703,20.795764923095703,3755
2018-08-28,20.795764923095703,20.795764923095703,20.795764923095703,20.795764923095703,0
2018-08-29,20.795764923095703,20.795764923095703,20.795764923095703,20.795764923095703,0
2018-08-30,20.773194234187116,20.814582824707031,20.773194234187116,20.814582824707031,87
2018-08-31,20.78824020296431,20.78824020296431,20.74308967590332,20.74308967590332,3900
2018-09-03,20.746851621779495,20.814578130025666,20.731800967656039,20.74308967590332,108722
2018-09-04,20.615165216390071,20.630215872871613,20.457136193953065,20.506050109863281,7697
2018-09-05,20.551198903754301,20.551198903754301,20.133552551269531,20.133552551269531,20021
2018-09-06,20.133552551269531,20.133552551269531,20.133552551269531,20.133552551269531,0
2018-09-07,20.167420731038554,20.189996719360352,20.167420731038554,20.189996719360352,129
2018-09-10,20.250192919166604,20.317919432098357,20.250192919166604,20.314157485961914,19326
2018-09-11,20.269009683467825,20.269009683467825,20.110982077709835,20.197521209716797,4419
2018-09-12,20.182469069435587,20.238908316096047,20.178707122802734,20.178707122802734,1461
2018-09-13,20.001864325861586,20.001864325861586,19.964239120483398,19.964239120483398,639
2018-09-14,20.054538878794805,20.054538878794805,19.941661834716797,19.941661834716797,2550
2018-09-17,19.945420382864111,19.952945709228516,19.945420382864111,19.952945709228516,86
2018-09-18,19.960470145460867,19.960470145460867,19.877694429762251,19.88145637512207,1424
2018-09-19,19.847597267157497,19.847597267157497,19.753532825133053,19.764820098876953,5137
2018-09-20,19.877700110556248,19.877700110556248,19.730958364021181,19.832548141479492,30746
2018-09-21,19.888986552674169,19.92284981040952,19.772346123739172,19.809972763061523,26226
2018-09-24,20.09593033010875,20.110980987548828,20.09593033010875,20.110980987548828,1453
2018-09-25,20.107215129284675,20.223855557116213,20.107215129284675,20.212568283081055,335
2018-09-26,20.182469545232447,20.317922592163086,20.178707598510904,20.317922592163086,2503
2018-09-27,20.427032701394175,20.498521154066026,20.423269320284984,20.472183227539062,1180
2018-09-28,20.363069805734057,20.457134246826172,20.363069805734057,20.457134246826172,29
2018-10-01,20.408222083805011,20.633976171763837,20.408222083805011,20.600112915039062,15247
2018-10-02,20.423273703715171,20.423273703715171,20.370597839355469,20.370597839355469,9095
2018-10-04,20.475950606763451,20.475950606763451,20.2840597432462,20.32921028137207,10099
2018-10-05,20.475949994752437,20.475949994752437,20.351785659790039,20.351785659790039,67
2018-10-08,20.144835952140625,20.144835952140625,20.110972704502451,20.114734649658203,583
2018-10-09,20.073351365750703,20.133552551269531,19.990575632730739,20.133552551269531,2552
2018-10-10,20.07334994005388,20.077113321243097,19.843833923339844,19.843833923339844,500
2018-10-11,19.535303844357326,19.659469604492188,19.535303844357326,19.659469604492188,3612
2018-10-12,19.802447159855529,19.806209106080694,19.746007919311523,19.746007919311523,580
2018-10-15,19.603992125964822,19.76713752746582,19.603992125964822,19.76713752746582,180
2018-10-16,19.899932802399999,20.12757682800293,19.899932802399999,20.12757682800293,556
2018-10-17,19.949252588044825,19.975811004638672,19.949252588044825,19.975811004638672,53
2018-10-18,20.324862900299141,20.324862900299141,20.063072204589844,20.063072204589844,69277
2018-10-19,19.972013753246404,20.108600706599074,19.972013753246404,20.063072204589844,480
2018-10-22,20.13136592729575,20.13136592729575,20.006160736083984,20.006160736083984,9425
2018-10-23,19.998571818082048,19.998571818082048,19.850603103637695,19.850603103637695,3769
2018-10-24,19.994779217976451,20.173099791601896,19.972014242751385,20.036514282226562,6954
2018-10-25,19.596406611640472,19.721610389346743,19.596406611640472,19.672286987304688,61523
2018-10-26,19.463611540540263,19.471199866979532,19.114557208285543,19.281496047973633,19340
2018-10-29,19.49396702836928,19.592612388471167,19.372556686401367,19.372556686401367,60316
2018-10-30,19.327025592585201,19.402907413709567,19.296673732530667,19.349790573120117,16192
2018-10-31,19.486373009156374,19.547078162408496,19.448431383795661,19.493961334228516,3973
2018-11-01,19.592606574025694,19.717811766143853,19.48257803198095,19.53948974609375,68984
2018-11-02,19.820254022275481,19.820254022275481,19.782312393188477,19.782312393188477,128
2018-11-05,19.816454746655673,19.892336540697833,19.687456130981445,19.687456130981445,68287
2018-11-06,19.687456130981445,19.687456130981445,19.687456130981445,19.687456130981445,0
2018-11-07,19.687456130981445,19.687456130981445,19.687456130981445,19.687456130981445,0
2018-11-08,19.812662609825264,19.812662609825264,19.679869099696514,19.69883918762207,18155
2018-11-09,19.69883918762207,19.69883918762207,19.69883918762207,19.69883918762207,0
2018-11-12,19.744371569562574,19.744371569562574,19.732988357543945,19.732988357543945,1273
2018-11-13,19.816456365894773,19.873368077907966,19.812662927178874,19.850603103637695,6230
2018-11-14,19.850603103637695,19.850603103637695,19.850603103637695,19.850603103637695,0
2018-11-15,19.839220337401215,19.839220337401215,19.622958158401879,19.676074981689453,3077
2018-11-16,19.899928748316313,19.899928748316313,19.748165130615234,19.748165130615234,1524
2018-11-19,19.748165130615234,19.748165130615234,19.748165130615234,19.748165130615234,0
2018-11-20,19.607783002191901,19.607783002191901,19.342197418212891,19.342197418212891,206
2018-11-21,19.338406351048732,19.630550384521484,19.338406351048732,19.630550384521484,17
2018-11-22,19.630550384521484,19.630550384521484,19.630550384521484,19.630550384521484,0
2018-11-23,19.706424713134766,19.706424713134766,19.706424713134766,19.706424713134766,9400
2018-11-26,19.706424713134766,19.706424713134766,19.706424713134766,19.706424713134766,0
2018-11-27,19.706424713134766,19.706424713134766,19.706424713134766,19.706424713134766,0
2018-11-28,19.706424713134766,19.706424713134766,19.706424713134766,19.706424713134766,0
2018-11-29,20.119983211023758,20.131366422438898,19.979602813720703,19.979602813720703,7012
2018-11-30,19.903723777047887,19.911312103271484,19.88096024570233,19.911312103271484,61827
2018-12-03,20.135158100693673,20.135158100693673,20.05168797846499,20.055482864379883,1300
2018-12-04,19.968223355174398,20.032721955565407,19.710226058959961,19.710226058959961,7336
2018-12-05,19.550873864189953,19.569845402728671,19.391523361206055,19.391523361206055,113
2018-12-06,19.243551981355239,19.243551981355239,18.932437896728516,18.932437896728516,1420
2018-12-07,18.932437896728516,18.932437896728516,18.932437896728516,18.932437896728516,0
2018-12-10,18.955202699536024,18.955202699536024,18.568206787109375,18.568206787109375,1250
2018-12-11,18.568206787109375,18.568206787109375,18.568206787109375,18.568206787109375,0
2018-12-12,18.568206787109375,18.568206787109375,18.568206787109375,18.568206787109375,0
2018-12-13,19.251141181278573,19.251141181278573,19.027290651938415,19.091789245605469,44731
2018-12-14,19.091789245605469,19.091789245605469,19.091789245605469,19.091789245605469,0
2018-12-17,19.106968798557993,19.224584239540778,19.038675308227539,19.038675308227539,11221
2018-12-18,19.019702578358704,19.019702578358704,18.780675395348702,18.807233810424805,4693
2018-12-19,18.738938499602643,18.970377334657453,18.738938499602643,18.928642272949219,1134
2018-12-20,18.731348246928082,18.871730066828668,18.700996398925781,18.700996398925781,305023
2018-12-21,18.644086927022528,18.693410314174557,18.553029924784113,18.59855842590332,500
2018-12-27,18.663059096793198,18.663059096793198,18.283651501391077,18.359533309936523,19895
2018-12-28,18.465764947908475,18.659263610839844,18.465764947908475,18.659263610839844,43456
2019-01-02,18.522678367591578,18.76170555376288,18.507501716683063,18.750322341918945,2400
2019-01-03,18.602359888771939,18.708595033641412,18.560624808358099,18.617536544799805,22880
2019-01-04,18.731354166446362,18.898294448852539,18.659267238250663,18.898294448852539,89032
2019-01-07,19.137322350745379,19.137322350745379,18.985560151164549,19.069028854370117,24
2019-01-08,19.069028854370117,19.069028854370117,19.069028854370117,19.069028854370117,0
2019-01-09,19.069028854370117,19.069028854370117,19.069028854370117,19.069028854370117,0
2019-01-10,19.069028854370117,19.069028854370117,19.069028854370117,19.069028854370117,0
2019-01-11,19.069028854370117,19.069028854370117,19.069028854370117,19.069028854370117,0
2019-01-14,19.069028854370117,19.069028854370117,19.069028854370117,19.069028854370117,0
2019-01-15,19.543945841519982,19.543945841519982,19.303323745727539,19.303323745727539,9759
2019-01-16,19.421728885367582,19.421728885367582,19.310966933767311,19.39117431640625,2673
2019-01-17,19.257489839774092,19.394989013671875,19.257489839774092,19.394989013671875,1350
2019-01-18,19.498111275927787,19.650888442993164,19.498111275927787,19.650888442993164,1255
2019-01-21,19.585957492081246,19.673803852546794,19.585957492081246,19.666166305541992,2
2019-01-22,19.654707204329831,19.799845367252793,19.654707204329831,19.757831573486328,22257
2019-01-23,19.624153267654016,19.872414350617841,19.624153267654016,19.715818405151367,59
2019-01-24,19.723457409441327,19.750193195960644,19.715818405151367,19.715818405151367,3640
2019-01-25,19.849503349418153,19.918252946812036,19.792211532592773,19.792211532592773,13156
2019-01-28,19.792211532592773,19.792211532592773,19.792211532592773,19.792211532592773,0
2019-01-29,19.731093265304704,19.948799753361058,19.731093265304704,19.90678596496582,27
2019-01-30,19.849503604636524,20.074849186326912,19.849503604636524,19.994640350341797,43147
2019-01-31,20.006091403699472,20.006091403699472,19.876231266409675,19.922063827514648,41421
2019-02-01,20.048110699815222,20.051929473876953,19.933527080085785,20.051929473876953,14182
2019-02-04,20.09776093392378,20.120677947998047,20.025192574842016,20.120677947998047,2904
2019-02-05,20.193244558361418,20.338382720947266,20.193244558361418,20.338382720947266,634
2019-02-06,20.349841067288438,20.380397084262064,20.197065353393555,20.197065353393555,2844
2019-02-07,19.944988855918947,19.944988855918947,19.677629470825195,19.677629470825195,8972
2019-02-08,19.658527040158994,19.742553169013863,19.635610028476204,19.669984817504883,3151
2019-02-11,19.765471433203093,19.933525158553142,19.765471433203093,19.925886154174805,57622
2019-02-12,20.013731657208019,20.029008207203617,19.838037490844727,19.838037490844727,118
2019-02-13,19.792209595587,19.964083572250907,19.792209595587,19.899152755737305,6751
2019-02-14,19.983178074305211,20.002274856866148,19.872414695664219,19.937345504760742,14701
2019-02-15,20.093941215745076,20.13977378474851,20.067205429077148,20.067205429077148,85
2019-02-18,20.0595703125,20.082487329938825,20.017556509024509,20.0595703125,36
2019-02-19,20.078663646682628,20.078663646682628,19.94880348417049,20.021371841430664,58
2019-02-20,20.036649801091947,20.216162763914351,20.036649801091947,20.155052185058594,67646
2019-02-21,20.193252416486985,20.433876037597656,20.193252416486985,20.433876037597656,183
2019-02-22,20.433876037597656,20.433876037597656,20.433876037597656,20.433876037597656,0
2019-02-25,20.609565205260964,20.609565205260964,20.357483846449075,20.410955429077148,108
2019-02-26,20.410955429077148,20.410955429077148,20.410955429077148,20.410955429077148,0
2019-02-27,20.410955429077148,20.410955429077148,20.410955429077148,20.410955429077148,0
2019-02-28,20.288735179460144,20.624844158896046,20.288735179460144,20.590469360351562,93650
2019-03-01,20.502617928830471,20.628657854467278,20.334564208984375,20.334564208984375,88561
2019-03-04,20.514077657549183,20.605744258814003,20.514077657549183,20.540813446044922,4875
2019-03-05,20.548453567630741,20.55609257290056,20.403315381486735,20.472064971923828,55885
2019-03-06,20.437691037710682,20.548454433302414,20.437691037710682,20.533176422119141,23216
2019-03-07,20.491167861621207,20.605750052676704,20.39568245957636,20.433876037597656,17239
2019-03-08,20.433876037597656,20.433876037597656,20.433876037597656,20.433876037597656,0
2019-03-11,20.296366214164102,20.296366214164102,20.197062089032066,20.269630432128906,50157
2019-03-12,20.311646684782566,20.319285688718224,20.223800325009016,20.235258102416992,8959
2019-03-13,20.208523910269911,20.388036874432199,20.208523910269911,20.372758865356445,16149
2019-03-14,20.460606430513415,20.666855194143508,20.460606430513415,20.655397415161133,40000
2019-03-15,20.605745842773512,20.69741099409341,20.58282882644788,20.678314208984375,25867
2019-03-18,20.670672425355551,20.670672425355551,20.601922842610076,20.61720085144043,9835
2019-03-19,20.640119934496575,20.773798882689828,20.640119934496575,20.72796630859375,80
2019-03-20,20.712686330634153,20.777617140010832,20.395675659179688,20.395675659179688,23312
2019-03-21,20.246718271177834,20.246718271177834,20.208524703979492,20.208524703979492,50
2019-03-22,20.326927579602213,20.326927579602213,20.158872383131573,20.181789398193359,102284
2019-03-25,20.044284961788474,20.044284961788474,19.922063827514648,19.922063827514648,1
2019-03-26,19.952622396455443,20.120676113369889,19.952622396455443,20.113037109375,401
2019-03-27,20.177973242002547,20.177973242002547,20.025196035752284,20.132139205932617,99110
2019-03-28,20.109219664681312,20.132135221189191,20.021371841430664,20.021371841430664,4029
2019-03-29,20.12831695268947,20.208524316462654,20.078664150690809,20.120677947998047,30658
2019-04-01,20.269640458345783,20.269640458345783,20.227626649511294,20.242904663085938,4200
2019-04-02,20.281092267893047,20.407133657281324,20.281092267893047,20.372758865356445,10904
2019-04-03,20.491164638373583,20.624843597412109,20.491164638373583,20.624843597412109,25000
2019-04-04,20.659214647228342,20.678311429770726,20.61720085144043,20.61720085144043,284
2019-04-05,20.777617611402047,20.777617611402047,20.647757446693618,20.708868026733398,18970
2019-04-08,20.682133750352353,20.682133750352353,20.49498176574707,20.49498176574707,43641
2019-04-09,20.521715981175422,20.621021583998406,20.483522415161133,20.483522415161133,44308
2019-04-10,20.525535161511407,20.701227887371328,20.498797918280388,20.651575088500977,40145
2019-04-11,20.640116352787022,20.785253055070694,20.579005778933105,20.705045700073242,52835
2019-04-12,20.762341811853709,20.762341811853709,20.678314208984375,20.678314208984375,656
2019-04-15,20.738346963580295,20.860629341386225,20.738346963580295,20.791845321655273,550
2019-04-16,20.780383949475983,20.994377403866892,20.780383949475983,20.990556716918945,2715
2019-04-17,20.925584947046243,21.166328943972029,20.925584947046243,21.139579772949219,1813
2019-04-18,21.17397768307627,21.345937728881836,21.17397768307627,21.345937728881836,26773
2019-04-23,21.277152157647397,21.441469360788819,21.277152157647397,21.426183700561523,5
2019-04-24,21.426183700561523,21.426183700561523,21.426183700561523,21.426183700561523,0
2019-04-25,21.368867541017917,21.368867541017917,21.284799308145239,21.288619995117188,631
2019-04-26,21.399433175648397,21.621070861816406,21.357398341532345,21.621070861816406,420
2019-04-29,21.621070861816406,21.621070861816406,21.621070861816406,21.621070861816406,0
2019-04-30,21.621070861816406,21.621070861816406,21.621070861816406,21.621070861816406,0
2019-05-02,21.414719232319765,21.556107938835204,21.384147913224144,21.472038269042969,23622
2019-05-03,21.472041128211064,21.628715515136719,21.472041128211064,21.628715515136719,10147
2019-05-06,21.338291524460008,21.418539047241211,21.254221858086936,21.418539047241211,4329
2019-05-07,21.433825220212746,21.594320269624291,21.300079345703125,21.300079345703125,2058
2019-05-08,21.311547522750043,21.445293426513672,21.311547522750043,21.445293426513672,24714
2019-05-09,21.342111636891065,21.342111636891065,21.131938934326172,21.131938934326172,220
2019-05-10,21.261864475508666,21.288613649502302,21.13958212076043,21.212186813354492,32877
2019-05-13,21.13193774503733,21.154866231520071,20.879730224609375,20.879730224609375,1612
2019-05-14,20.925583565853007,21.112829208374023,20.925583565853007,21.112829208374023,42394
2019-05-15,21.112829208374023,21.112829208374023,21.112829208374023,21.112829208374023,0
2019-05-16,21.143409020884899,21.387973785400391,21.143409020884899,21.387973785400391,263
2019-05-17,21.288613665822318,21.288613665822318,21.162510625144314,21.231294631958008,37336
2019-05-20,21.216012598441861,21.273331642100516,21.116657257080078,21.116657257080078,16981
2019-05-21,21.216012598441861,21.216012598441861,21.09755090919386,21.116657257080078,31273
2019-05-22,21.13958102798868,21.292434692382812,21.112831855377792,21.292434692382812,15401
2019-05-23,21.097549428527611,21.097549428527611,20.791843510640426,20.89501953125,54321
2019-05-24,20.990548622179084,21.051689793815463,20.898836135864258,20.898836135864258,81521
2019-05-27,21.066976675795214,21.066976675795214,20.849161148071289,20.849161148071289,19727
2019-05-28,20.898834536652753,21.051688182907359,20.898834536652753,21.005832672119141,1253
2019-05-29,20.963804057371046,20.963804057371046,20.757452011108398,20.757452011108398,94
2019-05-30,20.944701346190786,21.093732919566438,20.944701346190786,21.086090087890625,2572
2019-05-31,20.933236208652193,20.990556716918945,20.921772690087273,20.990556716918945,1
2019-06-03,20.940882665037922,20.986738204956055,20.814779565832719,20.986738204956055,4900
2019-06-04,20.883553509348282,21.005835861832246,20.883553509348282,20.929409027099609,623
2019-06-05,20.998195477994312,21.128120674854426,20.998195477994312,21.105192184448242,7
2019-06-06,21.162514339154541,21.235119044546348,21.11665735475043,21.128122329711914,44607
2019-06-07,21.21601234152298,21.426185081168072,21.21601234152298,21.34211540222168,4340
2019-06-11,21.380327227197554,21.498787444391276,21.380327227197554,21.472038269042969,100
2019-06-12,21.464393742275629,21.636353754291385,21.464393742275629,21.586677551269531,600
2019-06-13,21.586677551269531,21.586677551269531,21.586677551269531,21.586677551269531,0
2019-06-14,21.514071459801173,21.514071459801173,21.426181110699062,21.468215942382812,3090
2019-06-17,21.468215942382812,21.468215942382812,21.468215942382812,21.468215942382812,0
2019-06-18,21.548465493570628,21.789209533721937,21.548465493570628,21.773923873901367,13693
2019-06-19,21.758635698505291,21.758635698505291,21.716602325439453,21.716602325439453,5
2019-06-20,21.831244636900621,21.877100159203511,21.770103454589844,21.770103454589844,141451
2019-06-21,21.842706545178441,21.842706545178441,21.456753133574797,21.53700065612793,34217
2019-06-24,21.559931153253252,21.65928649424497,21.514075626952945,21.548467636108398,41959
2019-06-25,21.517896736552728,21.571395090951,21.51025390625,21.51025390625,870
2019-06-26,21.430003746269957,21.456752920188315,21.319184907053529,21.330648422241211,48043
2019-06-27,21.380328335920019,21.380328335920019,21.143406431525758,21.208368301391602,12
2019-06-28,21.196906259229202,21.338294982910156,21.196906259229202,21.338294982910156,148796
2019-07-01,21.609598344108203,21.628704682657581,21.529350847568708,21.613420486450195,300
2019-07-02,21.716605157887329,21.716605157887329,21.502610290391299,21.540822982788086,2670
2019-07-03,21.659280710520598,21.766277395890064,21.659280710520598,21.758634567260742,350
2019-07-04,21.758634567260742,21.758634567260742,21.758634567260742,21.758634567260742,0
2019-07-05,21.716605439775279,21.716605439775279,21.647821426391602,21.647821426391602,36
2019-07-08,21.621070861816406,21.643997892991923,21.621070861816406,21.621070861816406,514
2019-07-09,21.594324026933975,21.609609688886337,21.582860509330182,21.601966857910156,2460
2019-07-10,21.533179464851816,21.533179464851816,21.460574768529085,21.491146087646484,8651
2019-07-11,21.598142773731325,21.598142773731325,21.468217583016379,21.472038269042969,19862
2019-07-12,21.548461464998688,21.548461464998688,21.468213952524433,21.475856781005859,214
2019-07-15,21.557747749402804,21.627514042971903,21.480229481155135,21.584878921508789,6108
2019-07-16,21.635267605231647,21.635267605231647,21.538370132446289,21.538370132446289,3736
2019-07-17,21.600387590103519,21.600387590103519,21.468606948852539,21.468606948852539,90
2019-07-18,21.394962471762167,21.472480746368539,21.348452098413588,21.352327346801758,19061
2019-07-19,21.371708813886588,21.371708813886588,21.181790573410964,21.25543212890625,3037
2019-07-22,21.228298563340847,21.251554489135742,21.18566343865259,21.251554489135742,86
2019-07-23,21.329075627187912,21.329075627187912,21.243806838989258,21.243806838989258,88
2019-07-24,21.329072998238747,21.499613510692619,21.329072998238747,21.437599182128906,39716
2019-07-25,21.274807291122052,21.433719075419265,21.119772233426566,21.189537048339844,25955
2019-07-26,21.476355468335132,21.767047882080078,21.476355468335132,21.767047882080078,6954
2019-07-29,21.770919467777489,21.852314453621656,21.724409103393555,21.724409103393555,6225
2019-07-30,21.639141372017146,21.639141372017146,21.402711334197015,21.422090530395508,25943
2019-07-31,21.243802089806977,21.41821635490372,21.243802089806977,21.383333206176758,18681
2019-08-01,21.348447954895992,21.58100125504075,21.348447954895992,21.449220657348633,611
2019-08-02,21.131399802730517,21.131399802730517,20.817451477050781,20.817451477050781,225
2019-08-05,20.69730135685008,20.69730135685008,20.441492080688477,20.441492080688477,37
2019-08-06,20.569393679763646,20.677918367050808,20.418233871459961,20.418233871459961,4932
2019-08-07,20.418233871459961,20.418233871459961,20.418233871459961,20.418233871459961,0
2019-08-08,20.813573152741544,20.875587463378906,20.786441984246313,20.875587463378906,128
2019-08-09,20.968611155951567,20.968611155951567,20.848459243774414,20.848459243774414,15
2019-08-12,21.018999769782738,21.018999769782738,20.82908154974395,20.836832046508789,120
2019-08-13,20.79807249784335,20.922101138752168,20.759314102011107,20.883342742919922,157
2019-08-14,20.867835945353601,20.867835945353601,20.604274749755859,20.604274749755859,120
2019-08-15,20.739932383022452,20.739932383022452,20.499627088158302,20.635284423828125,1128
2019-08-16,20.732184635339237,20.937606811523438,20.732184635339237,20.937606811523438,138
2019-08-19,21.077137803070677,21.127523422241211,21.01899873044248,21.127523422241211,35
2019-08-20,21.174034934919359,21.174034934919359,20.94923210144043,20.94923210144043,84
2019-08-21,21.050011853523873,21.243806838989258,21.050011853523873,21.243806838989258,9010
2019-08-22,21.220543061328101,21.220543061328101,21.177907943725586,21.177907943725586,3847
2019-08-23,21.30581591439385,21.406588631396293,21.115896224975586,21.115896224975586,2238
2019-08-26,21.112024251925408,21.177913831237412,21.053885170206836,21.135278701782227,173530
2019-08-27,21.053884119191647,21.294189453125,20.914351512863185,21.294189453125,10579
2019-08-28,21.243798143999392,21.282556533813477,21.069382432760424,21.282556533813477,12664
2019-08-29,21.282556533813477,21.282556533813477,21.282556533813477,21.282556533813477,0
2019-08-30,21.581003371284279,21.581003371284279,21.515112326708,21.526741027832031,524
2019-09-02,21.526741027832031,21.526741027832031,21.526741027832031,21.526741027832031,0
2019-09-03,21.5422466694226,21.5422466694226,21.394962098096649,21.460851669311523,12438
2019-09-04,21.581004260777835,21.635266606466587,21.518989940199543,21.542245864868164,2911
2019-09-05,21.685653703979582,21.685653703979582,21.53836913815438,21.542245864868164,21310
2019-09-06,21.542245864868164,21.542245864868164,21.542245864868164,21.542245864868164,0
2019-09-09,21.542245864868164,21.542245864868164,21.542245864868164,21.542245864868164,0
2019-09-10,21.542245864868164,21.542245864868164,21.542245864868164,21.542245864868164,0
2019-09-11,21.46085274122558,21.577129417643015,21.46085274122558,21.553874969482422,204
2019-09-12,21.623636779239138,21.666271896727991,21.534491296552375,21.604257583618164,183
2019-09-13,21.577130431556593,21.67015266418457,21.54224875767661,21.67015266418457,100
2019-09-16,21.561625062822998,21.584879508953588,21.406588522108255,21.542245864868164,8800
2019-09-17,21.54999874699768,21.685656104776072,21.433722067857765,21.67790412902832,14608
2019-09-18,21.681773986650857,21.770919467777489,21.674022012830562,21.724409103393555,155468
2019-09-19,21.743788349157626,21.879445673520973,21.743788349157626,21.844562530517578,179425
2019-09-20,21.871696841909966,21.929835914780863,21.763172149658203,21.763172149658203,723
2019-09-23,21.697282092060547,21.705034067366324,21.600384618545519,21.62751579284668,5300
2019-09-24,21.62751737212184,21.736043555789337,21.62751737212184,21.712787628173828,4400
2019-09-25,21.662399670333606,21.662399670333606,21.402715142285942,21.553874969482422,14668
2019-09-26,21.56549963024603,21.763171287344377,21.56549963024603,21.736040115356445,22015
2019-09-27,21.736040115356445,21.736040115356445,21.736040115356445,21.736040115356445,0
2019-09-30,21.778676979704112,21.910457611083984,21.778676979704112,21.910457611083984,200
2019-10-01,21.984097032730435,22.01122820427765,21.662396743616373,21.701156616210938,1738
2019-10-02,21.57712725846859,21.57712725846859,21.092639923095703,21.092639923095703,9909
2019-10-04,21.050003917077152,21.220542907714844,21.050003917077152,21.220542907714844,1305
2019-10-07,21.189535036356773,21.208915710449219,21.189535036356773,21.208915710449219,2
2019-10-08,21.208915710449219,21.208915710449219,21.208915710449219,21.208915710449219,0
2019-10-09,21.0267505903564,21.139152008269182,20.98799219450828,21.01512336730957,112810
2019-10-10,20.995745290093812,21.084892272949219,20.860089409293344,21.084892272949219,4
2019-10-11,20.960863367331466,21.305818156011167,20.83295798535098,21.294189453125,82998
2019-10-14,21.294189453125,21.294189453125,21.294189453125,21.294189453125,0
2019-10-15,21.279038739445596,21.337680816650391,21.189121981373553,21.337680816650391,3874
2019-10-16,21.368963182822721,21.368963182822721,21.279046392412287,21.282955169677734,35952
2019-10-17,21.150034110671321,21.263408037261417,21.150034110671321,21.200857162475586,7493
2019-10-18,21.251677657912897,21.275133301054542,21.056206011304177,21.071844100952148,35880
2019-10-21,21.087479998798422,21.177396774291992,21.071843401000166,21.177396774291992,16797
2019-10-22,21.1382964941441,21.298583129728836,21.1382964941441,21.23994255065918,13000
2019-10-23,21.11093513001358,21.345500479370571,21.11093513001358,21.333772659301758,66824
2019-10-24,21.447148729910118,21.568340193109169,21.447148729910118,21.537065505981445,9806
2019-10-25,21.662166595458984,21.69344277299049,21.52142677922766,21.662166595458984,20331
2019-10-28,21.599620414361755,21.84200487745715,21.599620414361755,21.806819915771484,1941
2019-10-29,21.787270839369945,21.845912933349609,21.763813703512,21.845912933349609,25989
2019-10-30,21.779448010305703,21.920187818341628,21.779448010305703,21.912368774414062,1334
2019-10-31,21.849814808215296,21.892818798038515,21.752079010009766,21.752079010009766,24925
2019-11-01,21.806814829656624,21.826363185957504,21.681713104248047,21.681713104248047,831
2019-11-04,21.763810474714756,21.763810474714756,21.689531792513232,21.701259613037109,898
2019-11-05,21.634805376047421,21.806819915771484,21.634805376047421,21.806819915771484,45794
2019-11-06,21.732537769746486,21.81854577163886,21.720809948154002,21.787269592285156,1767
2019-11-07,21.822450812403559,21.908458799571427,21.755991179650252,21.873273849487305,17956
2019-11-08,21.818538482908167,21.818538482908167,21.767715454101562,21.767715454101562,61745
2019-11-11,21.697351639550753,21.88500423152778,21.697351639550753,21.814634323120117,33137
2019-11-12,21.931914107866628,21.978828368157728,21.888911606261512,21.959280014038086,10484
2019-11-13,21.853729095182494,21.853729095182494,21.66998528353168,21.681713104248047,10685
2019-11-14,21.654350019869931,21.677807155692886,21.63089437537737,21.638711929321289,7761
2019-11-15,21.74426686104319,21.74426686104319,21.568342070231676,21.658260345458984,32913
2019-11-18,21.697354023213485,21.701262800185447,21.572252281485174,21.638711929321289,11086
2019-11-19,21.630888541179122,21.728624343751601,21.486238479614258,21.486238479614258,12943
2019-11-20,21.431511942351705,21.431511942351705,21.271225246344947,21.353322982788086,22310
2019-11-21,21.259490966796875,21.275127560895687,21.208667934818482,21.259490966796875,20280
2019-11-22,21.365047390661388,21.517515006572108,21.365047390661388,21.466691970825195,9222
2019-11-25,21.568339982532454,21.752083800853558,21.568339982532454,21.728628158569336,11131
2019-11-26,21.705170965838334,21.709079742431641,21.681713832287745,21.709079742431641,2589
2019-11-27,21.759900975144859,21.861545562744141,21.740354111144626,21.861545562744141,389
2019-11-28,21.861545562744141,21.861545562744141,21.861545562744141,21.861545562744141,0
2019-11-29,21.755993727000551,21.896732052485646,21.755993727000551,21.814634323120117,10
2019-12-02,21.795088775345135,21.795088775345135,21.443239212036133,21.443239212036133,3058
2019-12-03,21.458875014247106,21.50969805493618,21.208671569824219,21.208671569824219,230
2019-12-04,21.177394302001947,21.325953148719275,21.177394302001947,21.322044372558594,1116
2019-12-05,21.384594317463041,21.404141180092097,21.322043462252044,21.365047454833984,11290
2019-12-06,21.404144096144964,21.662166595458984,21.404144096144964,21.662166595458984,5240
2019-12-09,21.732537424544464,21.732537424544464,21.591797602348944,21.619163513183594,73882
2019-12-10,21.583973902524122,21.583973902524122,21.392412567996431,21.560518264770508,4689
2019-12-11,21.54097190806468,21.54097190806468,21.45105514190529,21.525335311889648,19963
2019-12-12,21.525335311889648,21.525335311889648,21.525335311889648,21.525335311889648,0
2019-12-13,21.525335311889648,21.525335311889648,21.525335311889648,21.525335311889648,0
2019-12-16,22.111752199749809,22.455781208441227,22.111752199749809,22.428415298461914,19976
2019-12-17,22.369774993039734,22.369774993039734,22.107842219547379,22.135208129882812,5633
2019-12-18,22.174302792116951,22.252490253195546,22.158664703369141,22.158664703369141,16853
2019-12-19,22.229037816510854,22.283769643689503,22.162576675415039,22.162576675415039,32446
2019-12-20,22.217308587694589,22.4245080607079,22.217308587694589,22.381504058837891,14992
2019-12-23,22.373682641169605,22.506603409521816,22.369773864746094,22.369773864746094,9274
2019-12-27,22.666890462734212,22.721622281552165,22.604339599609375,22.604339599609375,110
2019-12-30,22.510516403648726,22.549610137939453,22.510516403648726,22.549610137939453,326
2020-01-02,22.748986986510292,22.748986986510292,22.522240678936733,22.565244674682617,33382
2020-01-03,22.354137135527949,22.47923886730916,22.322860956917506,22.459692001342773,10287
2020-01-06,22.334584369278236,22.342403411865234,22.221210488761571,22.342403411865234,174
2020-01-07,22.416684637180648,22.46750767413009,22.404956817626953,22.404956817626953,190
2020-01-08,22.338499235875474,22.397141325602785,22.338499235875474,22.389322280883789,60
2020-01-09,22.389322280883789,22.389322280883789,22.389322280883789,22.389322280883789,0
2020-01-10,22.580881640187972,22.580881640187972,22.424505233764648,22.424505233764648,1395
2020-01-13,22.44795922997427,22.44795922997427,22.41668454751283,22.440141677856445,68
2020-01-14,22.424503703795434,22.483144292954467,22.377590934202196,22.471416473388672,116
2020-01-15,22.579850448983134,22.579850448983134,22.415033246549505,22.524911880493164,2
2020-01-16,22.532760555630084,22.532760555630084,22.407186248223564,22.50921630859375,1779
2020-01-17,22.536685367936077,22.6740317974783,22.536685367936077,22.623018264770508,11107
2020-01-20,22.505293741499603,22.568080902099609,22.4503551630951,22.568080902099609,6749
2020-01-21,22.411113687547005,22.544536590576172,22.411113687547005,22.544536590576172,2804
2020-01-22,22.544536590576172,22.544536590576172,22.544536590576172,22.544536590576172,0
2020-01-23,22.595548312558584,22.619092558663652,22.579851150512695,22.579851150512695,815
2020-01-24,22.74074430233204,22.866318610201173,22.74074430233204,22.783910751342773,2
2020-01-27,22.493516752354662,22.540606738380227,22.340473175048828,22.340473175048828,9887
2020-01-28,22.442505734224781,22.505292892456055,22.391492197324578,22.505292892456055,907
2020-01-29,22.505292892456055,22.505292892456055,22.505292892456055,22.505292892456055,0
2020-01-30,22.167814158900352,22.195283448685036,22.089329832245252,22.183509826660156,5721
2020-01-31,22.31300763478966,22.31300763478966,22.050085383367463,22.06578254699707,1818
2020-02-03,22.171731842733141,22.171731842733141,22.010839689239639,22.042232513427734,20860
2020-02-04,22.136418307765403,22.473899841308594,22.136418307765403,22.473899841308594,150
2020-02-05,22.411111407205446,22.764288587313299,22.411111407205446,22.650487899780273,2708
2020-02-06,22.779985902444956,22.803531646728516,22.740744492269535,22.803531646728516,66
2020-02-07,22.75644313380845,22.75644313380845,22.6073230709173,22.646564483642578,13845
2020-02-10,22.564159922148928,22.626947089879817,22.548462755975162,22.611249923706055,16181
2020-02-11,22.670105385845456,22.670105385845456,22.575923919677734,22.575923919677734,1732
2020-02-12,22.595546118811907,22.595546118811907,22.548454637246238,22.575923919677734,1120
2020-02-13,22.50921788535598,22.638715744018555,22.462127891020856,22.638715744018555,16712
2020-02-14,22.615168543446334,22.728969223488512,22.615168543446334,22.701499938964844,4690
2020-02-17,22.760365553700225,22.760365553700225,22.599473374319864,22.685806274414062,2945
2020-02-18,22.575924623122436,22.677954672730262,22.575924623122436,22.630863189697266,1264
2020-02-19,22.658334989687457,22.752514966064691,22.658334989687457,22.701499938964844,934
2020-02-20,22.697573232813095,22.728966054907879,22.599468231201172,22.599468231201172,14539
2020-02-21,22.501369507630471,22.623020282477551,22.430733767004934,22.513141632080078,18518
2020-02-24,22.069704620341852,22.136415311356263,21.771464539316796,21.838176727294922,82214
2020-02-25,22.010839807485219,22.010839807485219,21.587025451441956,21.614496231079102,57413
2020-02-26,21.551717758178711,21.638050685584552,21.328038352594792,21.551717758178711,7474
2020-02-27,21.131820919859614,21.131820919859614,20.578508661422667,20.582433700561523,8931
2020-02-28,19.950638335822553,20.048743362749892,19.628853967257989,19.840761184692383,28604
2020-03-02,20.025199944801127,20.025199944801127,19.362010424600378,19.471887588500977,22301
2020-03-03,19.766204179328838,19.923172851161798,19.723037719726562,19.723037719726562,38631
2020-03-04,19.711259904017883,20.095831392349194,19.711259904017883,19.97418212890625,36231
2020-03-05,20.08013827294484,20.08013827294484,19.515053798216137,19.585689544677734,2
2020-03-06,19.259977238994704,19.259977238994704,18.73805784131191,18.985282897949219,14036
2020-03-09,17.784482271083675,18.063100236999762,17.717771559652011,17.729543685913086,25201
2020-03-10,17.953223514782717,18.271084404443361,17.533334035396301,17.63536262512207,22531
2020-03-11,17.772704254745118,17.772704254745118,17.297876358032227,17.297876358032227,1307
2020-03-12,16.387462981590442,16.387462981590442,15.403273582458496,15.403273582458496,5100
2020-03-13,16.108843801625838,16.277584553866205,15.458210945129395,15.458210945129395,2435
2020-03-16,14.875859906964948,14.875859906964948,14.018813747145229,14.605875015258789,2625
2020-03-17,15.153697049189878,15.153697049189878,14.233863517311629,14.624714851379395,5686
2020-03-18,14.624714851379395,14.624714851379395,14.624714851379395,14.624714851379395,0
2020-03-19,14.180492383753517,14.72360132180253,13.81004773895515,14.687499046325684,7068
2020-03-20,15.214912099562971,15.214912099562971,14.500707626342773,14.500707626342773,15479
2020-03-23,13.9701564842632,14.081603960497626,13.784934128967119,13.806909561157227,936
2020-03-24,14.320195345437288,14.820923805236816,14.073754658100468,14.820923805236816,11417
2020-03-25,15.103462949454059,15.519428754366665,15.103462949454059,15.494314193725586,22046
2020-03-26,15.203922454748881,16.116691589355469,15.203922454748881,16.116691589355469,27074
2020-03-27,15.857693214229549,16.002888204914434,15.401701634347354,15.74781608581543,22311
2020-03-30,15.842000980058785,15.900864601135254,15.541407601303959,15.900864601135254,24481
2020-03-31,16.089219987559307,16.477716445922852,16.089219987559307,16.477716445922852,34082
2020-04-01,16.073528687247482,16.073528687247482,15.732123582215985,15.81060791015625,18646
2020-04-02,15.755671696185649,15.755671696185649,15.671693497584981,15.692098617553711,162
2020-04-03,15.806679323302337,15.806679323302337,15.646573066711426,15.646573066711426,5786
2020-04-06,15.979344795872295,16.22656834771492,15.979344795872295,16.222644805908203,1606
2020-04-07,16.732790814229311,16.86229015021409,16.63861083984375,16.63861083984375,74
2020-04-08,16.477717850336738,16.866212844848633,16.477717850336738,16.866212844848633,4338
2020-04-09,16.983940217780958,17.258634567260742,16.952547390477889,17.258634567260742,3405
2020-04-14,17.176224233951064,17.39990352271488,17.148754952661722,17.199769973754883,4678
2020-04-15,17.144534988808172,17.144534988808172,16.681381225585938,16.681381225585938,6456
2020-04-16,16.810905614884735,16.810905614884735,16.732404708862305,16.732404708862305,8486
2020-04-17,17.164159202566054,17.325085402604369,17.164159202566054,17.234809875488281,735
2020-04-20,17.364339756958067,17.489940643310547,17.254437858439143,17.489940643310547,1565
2020-04-21,17.372186121381684,17.372186121381684,16.728481292724609,16.728481292724609,92
2020-04-22,16.728481292724609,16.728481292724609,16.728481292724609,16.728481292724609,0
2020-04-23,16.948282385438365,17.02678329751906,16.924731662630048,16.928657531738281,59
2020-04-24,16.74025535222,17.03463263393116,16.74025535222,16.748104095458984,5372
2020-04-27,16.748104095458984,16.748104095458984,16.748104095458984,16.748104095458984,0
2020-04-28,17.258361416901977,17.603763059470445,17.258361416901977,17.548812866210938,501
2020-04-29,17.658715074674152,18.08261764281291,17.623389735889216,18.03944206237793,563
2020-04-30,18.098316414327169,18.125791508863397,17.478160858154297,17.478160858154297,120
2020-05-04,17.073884012507015,17.199484878563712,17.06995964050293,17.06995964050293,31178
2020-05-05,17.336863230787788,17.364339828491211,17.219112586507343,17.364339828491211,80
2020-05-06,17.289761486161577,17.289761486161577,17.12098503112793,17.12098503112793,3073
2020-05-07,17.20341352773891,17.489940643310547,17.20341352773891,17.489940643310547,213
2020-05-08,17.489940643310547,17.489940643310547,17.489940643310547,17.489940643310547,0
2020-05-11,17.733291985532365,17.733291985532365,17.489940457963399,17.576290130615234,11596
2020-05-12,17.46638583945926,17.658712994022938,17.46638583945926,17.470310211181641,960
2020-05-13,17.277991373515253,17.277991373515253,16.983613967895508,16.983613967895508,974
2020-05-14,16.71670327393473,16.767729084528558,16.71670327393473,16.736328125,432
2020-05-15,16.858009515140083,16.858009515140083,16.752033491735688,16.779508590698242,1150
2020-05-18,17.030708333303586,17.321161270141602,17.030708333303586,17.321161270141602,1058
2020-05-19,17.391812810259786,17.391812810259786,17.187711019639519,17.219110488891602,2818
2020-05-20,17.164160895750516,17.380037307739258,17.164160895750516,17.380037307739258,1712
2020-05-21,17.380037307739258,17.380037307739258,17.380037307739258,17.380037307739258,0
2020-05-22,17.066034272163609,17.482088088989258,17.066034272163609,17.482088088989258,5516
2020-05-25,17.533111760453661,17.745063781738281,17.533111760453661,17.745063781738281,9209
2020-05-26,17.745063781738281,17.745063781738281,17.745063781738281,17.745063781738281,0
2020-05-27,17.878516167585026,17.941316604614258,17.843190828176052,17.941316604614258,110
2020-05-28,18.011968337932402,18.274946212768555,18.011968337932402,18.274946212768555,769
2020-05-29,18.172895057415417,18.172895057415417,17.866743087768555,17.866743087768555,2772
2020-06-02,18.530070138911697,18.632121778692433,18.530070138911697,18.604646682739258,13
2020-06-03,18.75379582045602,18.977522445980497,18.734170966814997,18.965747833251953,396
2020-06-04,18.950048358373305,19.059950239707533,18.836223602294922,18.836223602294922,115523
2020-06-05,18.859774098851926,19.040325169748545,18.793049288978168,19.032476425170898,24
2020-06-08,18.950044479690433,19.028545379638672,18.910794778356379,19.028545379638672,152
2020-06-09,19.08742163781163,19.08742163781163,18.698843002319336,18.698843002319336,416
2020-06-10,18.698843002319336,18.698843002319336,18.698843002319336,18.698843002319336,0
2020-06-11,18.337748697708147,18.337748697708147,17.858894348144531,17.858894348144531,64
2020-06-12,17.858894348144531,17.858894348144531,17.858894348144531,17.858894348144531,0
2020-06-15,17.858894348144531,17.858894348144531,17.858894348144531,17.858894348144531,0
2020-06-16,18.322047818081078,18.479049682617188,18.294572716379374,18.479049682617188,55
2020-06-17,18.49867581005811,18.651751814974812,18.49867581005811,18.616426467895508,161
2020-06-18,18.565393236426619,18.565393236426619,18.35344123840332,18.35344123840332,1294
2020-06-19,18.48297182621608,18.667448770204061,18.48297182621608,18.577173233032227,12575
2020-06-22,18.341672676827905,18.683150010321086,18.341672676827905,18.479049682617188,2
2020-06-23,18.479049682617188,18.479049682617188,18.479049682617188,18.479049682617188,0
2020-06-24,18.392693672691649,18.392693672691649,17.960939407348633,17.960939407348633,4
2020-06-25,17.807863453167876,17.976639889131363,17.807863453167876,17.960939407348633,450
2020-06-26,18.165043897130694,18.38092181074909,18.035518646240234,18.035518646240234,30
2020-06-29,18.078694048532711,18.121868133544922,17.960941915995853,18.121868133544922,8
2020-06-30,18.121868133544922,18.121868133544922,18.121868133544922,18.121868133544922,0
2020-07-01,18.121868133544922,18.149344729142598,17.882442490678695,18.121868133544922,278
2020-07-02,18.278869342589761,18.310270309448242,18.259244486943466,18.310270309448242,7
2020-07-03,18.365216169596053,18.365216169596053,18.133639334153514,18.137563705444336,1274
2020-07-06,18.420172727287465,18.451572200323088,18.310272325741778,18.357372283935547,3570
2020-07-07,18.357372283935547,18.357372283935547,18.357372283935547,18.357372283935547,0
2020-07-08,18.141492486349712,18.141492486349712,17.976640417347802,18.008041381835938,9
2020-07-09,18.090470688964331,18.090470688964331,17.697967529296875,17.697967529296875,1510
2020-07-10,17.650862370784054,17.811788558959961,17.650862370784054,17.811788558959961,3750
2020-07-13,17.925619318579301,17.925619318579301,17.803944292351272,17.839269638061523,5018
2020-07-14,17.646941112371028,17.666565970245539,17.497790994700196,17.537040710449219,3902
2020-07-15,17.677499771118164,17.677499771118164,17.677499771118164,17.677499771118164,0
2020-07-16,17.804105817527031,17.918843750576553,17.804105817527031,17.910930633544922,6747
2020-07-17,17.918838887719549,17.918838887719549,17.819927215576172,17.819927215576172,1651
2020-07-20,17.756630484018203,17.839715957641602,17.756630484018203,17.839715957641602,2
2020-07-21,17.997969670880707,18.065228887761137,17.970273012390162,17.986099243164062,3539
2020-07-22,17.839710614759927,17.839710614759927,17.665626601789935,17.673538208007812,7086
2020-07-23,17.744757421274606,17.744757421274606,17.491543724386116,17.503414154052734,6111
2020-07-24,17.222502190562519,17.376804178407571,17.222502190562519,17.226459503173828,13216
2020-07-27,17.226459503173828,17.226459503173828,17.226459503173828,17.226459503173828,0
2020-07-28,17.115675910452225,17.163154602050781,17.044460891599218,17.163154602050781,260
2020-07-29,17.080066259032389,17.210630386414511,17.080066259032389,17.175022125244141,1120
2020-07-30,17.068202420472169,17.068202420472169,16.791249363323949,16.917856216430664,635
2020-07-31,16.937639189528493,16.937639189528493,16.799161911010742,16.799161911010742,14941
2020-08-03,16.854550671314971,17.349109100746425,16.854550671314971,17.333284378051758,2845
2020-08-04,17.396589193265452,17.396589193265452,17.214590529576483,17.254156112670898,16565
2020-08-05,17.412411697954365,17.519236494785066,17.412411697954365,17.495498657226562,12887
2020-08-06,17.400544288512879,17.562759399414062,17.364936019813953,17.562759399414062,2687
2020-08-07,17.554848247186492,17.736846923828125,17.554848247186492,17.736846923828125,874
2020-08-10,17.736846923828125,17.736846923828125,17.736846923828125,17.736846923828125,0
2020-08-11,18.013794175514541,18.267007827758789,18.013794175514541,18.267007827758789,30
2020-08-12,18.267007827758789,18.267007827758789,18.267007827758789,18.267007827758789,0
2020-08-13,18.334271911907368,18.369880182607112,18.326358795166016,18.326358795166016,1058
2020-08-14,18.255143959103357,18.255143959103357,17.997974432712539,18.001930236816406,460
2020-08-17,17.97819088437469,18.041494314946426,17.97819088437469,18.001930236816406,294
2020-08-18,17.823891591253986,18.057323310158406,17.812022667855256,17.835762023925781,11802
2020-08-19,17.835762023925781,17.835762023925781,17.835762023925781,17.835762023925781,0
2020-08-20,17.772454305260748,17.899062675303504,17.772454305260748,17.895105361938477,905
2020-08-21,18.017756873466599,18.025669991123586,17.903018931349589,17.934671401977539,7643
2020-08-24,17.934671401977539,17.934671401977539,17.934671401977539,17.934671401977539,0
2020-08-25,17.934671401977539,17.934671401977539,17.934671401977539,17.934671401977539,0
2020-08-26,17.934671401977539,17.934671401977539,17.934671401977539,17.934671401977539,0
2020-08-27,18.235359745957457,18.36592239563868,18.207664592713783,18.318445205688477,2205
2020-08-28,18.278880568537758,18.278880568537758,18.168098449707031,18.168098449707031,2554
2020-08-31,18.168098449707031,18.168098449707031,18.168098449707031,18.168098449707031,0
2020-09-01,18.009839875963973,18.009839875963973,17.86345100402832,17.86345100402832,628
2020-09-02,17.942580814755573,18.187882904286329,17.942580814755573,18.179969787597656,2621
2020-09-03,18.179969787597656,18.179969787597656,18.179969787597656,18.179969787597656,0
2020-09-04,18.179969787597656,18.179969787597656,18.179969787597656,18.179969787597656,0
2020-09-07,17.895104626890092,18.203708648681641,17.895104626890092,18.203708648681641,2843
2020-09-08,18.227446421999183,18.227446421999183,17.97818853636992,18.096883773803711,4336
2020-09-09,18.120621820077861,18.318445205688477,18.120621820077861,18.318445205688477,156
2020-09-10,18.318447021459221,18.318447021459221,18.140405654907227,18.140405654907227,137
2020-09-11,18.140405654907227,18.140405654907227,18.140405654907227,18.140405654907227,0
2020-09-14,18.140405654907227,18.140405654907227,18.140405654907227,18.140405654907227,0
2020-09-15,18.140405654907227,18.140405654907227,18.140405654907227,18.140405654907227,0
2020-09-16,18.326361275403094,18.492533730915437,18.326361275403094,18.480663299560547,761
2020-09-17,18.267011153343137,18.30657673700464,18.231404391956826,18.290750503540039,651
2020-09-18,18.211620189104995,18.298662960750402,18.096883773803711,18.096883773803711,85
2020-09-21,17.899057411837127,17.899057411837127,17.337238311767578,17.337238311767578,8923
2020-09-22,17.408457191317634,17.408457191317634,17.341197967529297,17.341197967529297,929
2020-09-23,17.471761302857058,17.808060453648533,17.471761302857058,17.637933731079102,1
2020-09-24,17.372850518558408,17.594413264679567,17.372850518558408,17.550891876220703,2299
2020-09-25,17.511324076420614,17.724973678588867,17.451977970888901,17.724973678588867,419
2020-09-28,17.970278791623592,18.160190603441091,17.970278791623592,18.128538131713867,1662
2020-09-29,18.128538131713867,18.128538131713867,18.128538131713867,18.128538131713867,0
2020-09-30,18.128538131713867,18.128538131713867,18.128538131713867,18.128538131713867,0
2020-10-01,18.104793458624279,18.104793458624279,18.025665321100373,18.029621124267578,277
2020-10-02,17.871363888821776,18.247228622436523,17.871363888821776,18.247228622436523,34108
2020-10-05,18.464832305908203,18.464832305908203,18.401528888994822,18.464832305908203,6
2020-10-06,18.464832305908203,18.464832305908203,18.464832305908203,18.464832305908203,0
2020-10-07,18.433184004571025,18.433184004571025,18.199752338124174,18.259099960327148,1445
2020-10-08,18.318447148300468,18.536052593693967,18.318447148300468,18.456924438476562,25601
2020-10-09,18.496486807983118,18.678483963012695,18.496486807983118,18.678483963012695,1310
2020-10-12,18.682443635634304,18.729920832231464,18.682443635634304,18.718051910400391,218
2020-10-13,18.722010153757356,18.785313593891924,18.698270797729492,18.698270797729492,2116
2020-10-14,18.698270797729492,18.698270797729492,18.698270797729492,18.698270797729492,0
2020-10-15,18.43003995116554,18.43003995116554,18.215875152684728,18.354684829711914,5150
2020-10-16,18.505390613457156,18.667996857619837,18.505390613457156,18.656099319458008,9791
2020-10-19,18.755253400756157,18.755253400756157,18.541088591889974,18.588680267333984,2549
2020-10-20,18.517293435229874,18.624375847975891,18.517293435229874,18.58074951171875,1082
2020-10-21,18.580743766211366,18.600575013223118,18.469696044921875,18.469696044921875,205
2020-10-22,18.291228223164801,18.584713476847309,18.291228223164801,18.485563278198242,500
2020-10-23,18.414175502333304,18.600578364867282,18.414175502333304,18.53315544128418,1697
2020-10-26,18.334851284755356,18.461763395373243,18.311054696672617,18.318986892700195,2481
2020-10-27,18.318986892700195,18.318986892700195,18.318986892700195,18.318986892700195,0
2020-10-28,17.843073030842731,17.843073030842731,17.48613165820408,17.597179412841797,2774
2020-10-29,17.573381909468321,17.573381909468321,17.32352298303562,17.509925842285156,2496
2020-10-30,17.359215212316546,17.585277521430669,17.359215212316546,17.58131217956543,2703
2020-11-02,17.5892396284911,17.886690139770508,17.5892396284911,17.886690139770508,89586
2020-11-03,17.997742216427756,18.430037088627031,17.997742216427756,18.410205841064453,7004
2020-11-04,18.140518665907162,18.584711074829102,18.140518665907162,18.584711074829102,1320
2020-11-05,18.763182170892673,19.100292205810547,18.763182170892673,19.100292205810547,9
2020-11-06,19.068565857744538,19.092360935818139,18.886128352679606,18.969415664672852,28060
2020-11-09,19.179615206550462,20.567718026560719,19.163750811222894,20.484432220458984,21455
2020-11-10,20.631173129611096,20.746187720986352,20.575649261474609,20.575649261474609,11234
2020-11-11,20.647036596375422,20.647036596375422,20.476498144527206,20.524089813232422,805
2020-11-12,20.345619151024326,20.504260063819537,20.345619151024326,20.413042068481445,2395
2020-11-13,20.413043036239539,20.417008378437071,20.262334313230355,20.286130905151367,328
2020-11-16,20.369413866383471,20.615305896955821,20.369413866383471,20.488393783569336,10054
2020-11-17,20.456669860103741,20.508226874479231,20.31389333094581,20.333723068237305,3267
2020-11-18,20.230602662513071,20.520122528076172,20.230602662513071,20.520122528076172,0
2020-11-19,20.357514896099346,20.535984002864453,20.353548041822293,20.532018661499023,1896
2020-11-20,20.535987352180758,20.623240005566878,20.524089813232422,20.524089813232422,15109
2020-11-23,20.674801460460934,20.674801460460934,20.436840057373047,20.436840057373047,61
2020-11-24,20.575645485618459,20.575645485618459,20.496325040160247,20.543916702270508,299
2020-11-25,20.512192289212233,20.512192289212233,20.452701568603516,20.452701568603516,0
2020-11-26,20.420976662009792,20.420976662009792,20.325791800579438,20.349588394165039,17
2020-11-27,20.270269878170041,20.317861557006836,20.230608885045882,20.317861557006836,0
2020-11-30,20.282163140727189,20.385280188183224,20.163183212280273,20.163183212280273,0
2020-12-01,20.258369421889757,20.476499557495117,20.258369421889757,20.476499557495117,4321
2020-12-02,20.258367596830645,20.341653393536674,20.250435400061711,20.337686538696289,3753
2020-12-03,20.333722138903184,20.464599609375,20.333722138903184,20.464599609375,110
2020-12-04,20.436838585700389,20.551853179931641,20.436838585700389,20.551853179931641,671
2020-12-07,20.488399067573877,20.488399067573877,20.30199619106487,20.409078598022461,0
2020-12-08,20.46063752558883,20.595481872558594,20.428908731990226,20.595481872558594,58
2020-12-09,20.599441471772455,20.817573084663088,20.599441471772455,20.773946762084961,1721
2020-12-10,20.801711589122839,20.801711589122839,20.575649261474609,20.575649261474609,1263
2020-12-11,20.539955624451441,20.539955624451441,20.270266961659075,20.476499557495117,701
2020-12-14,20.738256038657326,20.801712105662155,20.551853179931641,20.551853179931641,1452
2020-12-15,20.547885924054849,20.591510736816989,20.436836682454228,20.587545394897461,880
2020-12-16,20.714459872176402,20.805677875814727,20.666868199172061,20.70256233215332,57631
2020-12-17,20.916727136911952,21.023808022978891,20.916727136911952,20.924657821655273,8996
2020-12-18,20.944491461013406,20.992083139461315,20.89689826965332,20.89689826965332,11954
2020-12-21,20.440804530877529,20.563749804212886,20.210775352655915,20.464599609375,20460
2020-12-22,20.504261523465988,20.627206802368164,20.504261523465988,20.627206802368164,1887
2020-12-23,20.694631524282475,20.837408065795898,20.694631524282475,20.837408065795898,190
2020-12-28,20.940521641125095,21.09916256404524,20.940521641125095,21.051570892333984,30254
2020-12-29,21.234007396872933,21.42437560113245,21.234007396872933,21.321258544921875,393
2020-12-30,21.364879573402231,21.364879573402231,21.281593788378249,21.325220108032227,2111
2021-01-04,21.25383664803886,21.368851241598293,21.126924514770508,21.126924514770508,9813
2021-01-05,21.07933238749623,21.099162124219891,20.884997336615687,20.936555862426758,311
2021-01-06,21.00794539567659,21.61077880859375,21.00794539567659,21.61077880859375,7900
2021-01-07,21.721825673761078,21.721825673761078,21.380748748779297,21.380748748779297,1042
2021-01-08,21.5036969651911,21.622676908722994,21.5036969651911,21.555253982543945,2953
2021-01-11,21.559221778812748,21.571119319811519,21.349023818969727,21.349023818969727,5589
2021-01-12,21.4521370420014,21.4521370420014,21.245904447244861,21.273666381835938,0
2021-01-13,21.190378230833591,21.190378230833591,21.158649444580078,21.158649444580078,0
2021-01-14,21.138817289061798,21.396608352661133,21.138817289061798,21.396608352661133,0
2021-01-15,21.30168894677707,21.349460601806641,21.218090828353201,21.349460601806641,254
2021-01-18,21.281784282461519,21.361402186803037,21.281784282461519,21.333536148071289,5293
2021-01-19,21.38528807288947,21.38528807288947,21.098664223900531,21.142454147338867,92
2021-01-20,21.190222384985557,21.500730514526367,21.190222384985557,21.500730514526367,2099
2021-01-21,21.536560769279969,21.536560769279969,21.389268630539583,21.401210784912109,600
2021-01-22,21.309649959470363,21.448981669349223,21.309649959470363,21.43305778503418,114
2021-01-25,21.429077996327806,21.429077996327806,21.142454147338867,21.142454147338867,5873
2021-01-26,21.07876237285733,21.445002646837366,21.07876237285733,21.337518692016602,0
2021-01-27,21.285763660700972,21.472863968854877,21.285763660700972,21.456941604614258,517
2021-01-28,21.317607110060443,21.476842880249023,21.245951165334066,21.476842880249023,4000
2021-01-29,21.162359854637831,21.186245683400088,21.050895690917969,21.050895690917969,68
2021-02-01,21.269841542721874,21.405191520800482,21.269841542721874,21.381305694580078,3896
2021-02-02,21.409173207440034,21.715701164752236,21.409173207440034,21.671911239624023,4112
2021-02-03,22.026208397578493,22.026208397578493,21.57238683022166,21.628120422363281,668
2021-02-04,21.663949174458917,21.77541485195075,21.663949174458917,21.759490966796875,983
2021-02-05,21.76346795917058,21.76346795917058,21.64802360534668,21.64802360534668,410
2021-02-08,21.72763968200827,21.747543774547321,21.624135971069336,21.624135971069336,15899
2021-02-09,21.560443647229974,21.560443647229974,21.417131740023162,21.508691787719727,5890
2021-02-10,21.568405270278785,21.568405270278785,21.417131423950195,21.417131423950195,5369
2021-02-11,21.520639769681285,21.715702056884766,21.520639769681285,21.715702056884766,120
2021-02-12,21.675889329024976,22.042129516601562,21.675889329024976,22.042129516601562,0
2021-02-15,22.543722726572213,22.933848764637617,22.543722726572213,22.917924880981445,40538
2021-02-16,22.786554336547852,22.794514758987052,22.754706572451145,22.786554336547852,9916
2021-02-17,22.694994931209902,22.694994931209902,22.476046847281545,22.4840087890625,1191
2021-02-18,22.472072523486105,22.487996411220156,22.332740783691406,22.332740783691406,1475
2021-02-19,22.344678582887152,22.344678582887152,22.161556959271383,22.189424514770508,2009
2021-02-22,21.922703963454062,22.261078123991705,21.922703963454062,22.249135971069336,16
2021-02-23,22.344683787991503,22.344683787991503,22.0700020478744,22.340702056884766,1175
2021-02-24,22.249138834758718,22.249138834758718,22.077960867442144,22.101846694946289,81
2021-02-25,22.15359499254178,22.15359499254178,22.026206970214844,22.026206970214844,41
2021-02-26,21.616178694838172,21.851050682085219,21.616178694838172,21.795318603515625,4211
2021-03-01,22.073976942031834,22.077957153320312,21.96251128434934,22.077957153320312,1710
2021-03-02,22.073981866881365,22.284968039698295,22.073981866881365,22.173503875732422,72
2021-03-03,22.348657838466213,22.400409698486328,22.348657838466213,22.400409698486328,685
2021-03-04,22.197388185962058,22.24515984359201,22.11379006298765,22.173503875732422,8428
2021-03-05,22.014264748820786,22.014264748820786,21.827164432910873,21.922704696655273,11
2021-03-08,22.042132859457475,22.460124969482422,22.042132859457475,22.460124969482422,0
2021-03-09,22.432255655077729,22.742765292591489,22.432255655077729,22.66712760925293,188
2021-03-10,22.551683256436501,22.66712760925293,22.551683256436501,22.66712760925293,0
2021-03-11,22.770633144593024,22.786557028522605,22.651207052291475,22.691015243530273,3410
2021-03-12,22.623344550930895,22.623344550930895,22.484012822646044,22.535764694213867,71294
2021-03-15,22.6830542538288,22.710920292582841,22.543724060058594,22.543724060058594,4106
2021-03-16,22.603433911399993,22.758687973022461,22.559643992771079,22.758687973022461,270
2021-03-17,22.894035911621366,22.993557892928088,22.894035911621366,22.90995979309082,9003
2021-03-18,22.96569406045661,23.128910064697266,22.96569406045661,23.128910064697266,1147
2021-03-19,22.985603332519531,23.160761517597276,22.985603332519531,22.985603332519531,242
2021-03-22,22.770634548921656,22.993562863343787,22.770634548921656,22.941812515258789,2005
2021-03-23,22.826362495175811,23.025406464781955,22.826362495175811,22.977636337280273,14360
2021-03-24,22.826360693993728,22.977634524161477,22.826360693993728,22.95374870300293,4483
2021-03-25,22.850247965577346,23.140851974487305,22.834324083794211,23.140851974487305,8510
2021-03-26,23.288147677845668,23.335917811980988,23.152797698974609,23.152797698974609,1358
2021-03-29,23.216489694519723,23.300087801619007,23.216489694519723,23.240375518798828,0
2021-03-30,23.327955390882863,23.367765100665896,23.304071083598199,23.339899063110352,11961
2021-03-31,23.343878636304591,23.387668556575626,23.22047233581543,23.22047233581543,1412
2021-04-01,23.272222958720029,23.439420700073242,23.240376709967354,23.439420700073242,2062
2021-04-06,23.614579829159695,23.614579829159695,23.423497773083945,23.586713790893555,19273
2021-04-07,23.594677072341568,23.682256922483635,23.570791244506836,23.570791244506836,12069
2021-04-08,23.630505678516773,23.690217971801758,23.630505678516773,23.690217971801758,15681
2021-04-09,23.66234603282113,23.769829956243587,23.66234603282113,23.674289703369141,48
2021-04-12,23.614578261289179,23.638464086182214,23.550884246826172,23.550884246826172,3046
2021-04-13,23.57078698340916,23.694194793701172,23.57078698340916,23.694194793701172,3831
2021-04-14,23.694196427668363,23.897220626513317,23.694196427668363,23.833526611328125,5508
2021-04-15,23.948977404820347,24.020633376436859,23.937035249079401,23.992767333984375,635
2021-04-16,23.933051127156173,24.179866790771484,23.933051127156173,24.179866790771484,17893
2021-04-19,24.227635377942583,24.227635377942583,24.080343246459961,24.080343246459961,3598
2021-04-20,24.108209657827182,24.116171600001639,23.734005968553724,23.753910064697266,4269
2021-04-21,23.741969392777754,23.86935743835063,23.722065295391733,23.749931335449219,191
2021-04-22,23.765852854507141,23.897221099043218,23.765852854507141,23.873336791992188,542
2021-04-23,23.893239052773261,23.976837158203125,23.837506982486683,23.976837158203125,6111
2021-04-26,23.976838966876546,24.048494925103174,23.956934871499179,24.000724792480469,3932
2021-04-27,23.976839181124063,23.976839181124063,23.821585109774123,23.889259338378906,6401
2021-04-28,24.016645519311901,24.084319738416433,24.01266378960873,24.056453704833984,256
2021-04-29,24.215693689150044,24.215693689150044,23.956935882568359,23.956935882568359,4067
2021-04-30,24.02460955950378,24.02460955950378,23.797699526969804,23.877317428588867,1916
2021-05-03,24.044516034477798,24.068400342808797,24.008688053396078,24.048496246337891,816
2021-05-04,24.072379301074946,24.1002453366422,23.801679368205857,23.813621520996094,3986
2021-05-05,24.044514956115979,24.347061157226562,24.044514956115979,24.347061157226562,314
2021-05-06,24.359003771847661,24.359003771847661,24.100247487263356,24.223653793334961,8002
2021-05-07,24.378907670897565,24.402791976928711,24.279385679540937,24.402791976928711,1720
2021-05-10,24.430658843362451,24.430658843362451,24.30327081158315,24.343080520629883,8929
2021-05-11,24.084321231863367,24.084321231863367,23.63846314831202,23.698175430297852,5015
2021-05-12,23.7220623960702,23.730024337768555,23.58273221281177,23.730024337768555,1922
2021-05-13,23.427480051188361,23.76585578918457,23.427480051188361,23.76585578918457,0
2021-05-14,23.925085940126863,24.096263885498047,23.925085940126863,24.096263885498047,1018
2021-05-17,24.171902746179065,24.171902746179065,24.000724792480469,24.000724792480469,84
2021-05-18,24.343079172012871,24.374925418900837,24.124129580848546,24.132091522216797,1162
2021-05-19,23.837508585143432,23.837508585143432,23.686234728062896,23.821584701538086,1208
2021-05-20,24.032573131282753,24.179866790771484,23.925089184595812,24.179866790771484,5433
2021-05-21,24.207733010380153,24.219675165016824,24.167923297282449,24.195789337158203,3225
2021-05-25,24.239577677532967,24.263463503829978,24.223653793334961,24.223653793334961,639
2021-05-26,24.283369433242108,24.319197416100138,24.183847427368164,24.183847427368164,0
2021-05-27,24.124128826867956,24.167918743732201,24.100244522094727,24.100244522094727,30
2021-05-28,24.235598870108728,24.295311161433514,24.179866790771484,24.179866790771484,2947
2021-05-31,24.175883368487021,24.179865098781214,24.068399429321289,24.068399429321289,200
2021-06-01,24.25550011087482,24.474448190452787,24.235596016110474,24.327156066894531,1765
2021-06-02,24.339095835066075,24.339095835066075,24.144033599470379,24.287343978881836,194
2021-06-03,24.259481005087874,24.259481005087874,24.108208665753779,24.255500793457031,59
2021-06-04,24.271422100303273,24.271422100303273,24.22763218408744,24.263460159301758,0
2021-06-07,24.323174989464867,24.466486905349839,24.323174989464867,24.382888793945312,37
2021-06-08,24.434641958968861,24.494354248046875,24.374928151305632,24.494354248046875,1229
2021-06-09,24.434639534906282,24.514257431030273,24.370945521724099,24.514257431030273,10
2021-06-10,24.613783028216805,24.613783028216805,24.438623327360713,24.462509155273438,103
2021-06-11,24.49435388609848,24.62174192321811,24.49037367431951,24.593875885009766,1535
2021-06-14,24.729226336043624,24.729226336043624,24.577953988193912,24.633686065673828,3704
2021-06-15,24.769032775072738,24.769032775072738,24.685433151312697,24.713300704956055,324
2021-06-16,24.7411677932065,24.900402069091797,24.7411677932065,24.900402069091797,294
2021-06-17,24.836705815537922,24.936227798461914,24.729221891749816,24.936227798461914,0
2021-06-18,24.896420251326987,24.896420251326987,24.486388638524943,24.506294250488281,1926
2021-06-21,24.378910848171074,24.741170883178711,24.335120923293456,24.741170883178711,109
2021-06-22,24.725243513300882,24.769033432006836,24.709319630392343,24.769033432006836,960
2021-06-23,24.832729921652703,24.832729921652703,24.621742248535156,24.621742248535156,0
2021-06-24,24.76505586256761,24.76505586256761,24.617763717380878,24.733209609985352,5689
2021-06-25,24.808840232599582,24.808840232599582,24.717280188875996,24.749126434326172,604
2021-06-28,24.800883073393738,24.800883073393738,24.601839065551758,24.601839065551758,0
2021-06-29,24.562028657010661,24.593874905729919,24.510276794433594,24.510276794433594,6
2021-06-30,24.621740942828691,24.621740942828691,24.362984667113629,24.510276794433594,1580
2021-07-01,24.769033068260889,24.932249069213867,24.554065207907691,24.932249069213867,4033
2021-07-02,24.999924490008048,25.14323640377372,24.976040183437174,25.131294250488281,1828
2021-07-05,25.159158387870299,25.159158387870299,25.067598342895508,25.067598342895508,3128
2021-07-06,25.039732625557921,25.159158706665039,24.99594270814881,25.159158706665039,368
2021-07-07,25.266645431518555,25.270625643275778,25.214893567163543,25.266645431518555,4
2021-07-08,25.083524167251692,25.083524167251692,24.605819782968684,24.645627975463867,381
2021-07-09,24.745146100379049,24.964094161987305,24.745146100379049,24.964094161987305,77
2021-07-12,25.055655981103772,25.17906379699707,25.023809733554415,25.17906379699707,1554
2021-07-13,25.194989078520287,25.493555068969727,25.194989078520287,25.493555068969727,1479
2021-07-14,25.405977249145508,25.481614944644285,25.394035094523712,25.405977249145508,152
2021-07-15,25.440515309516481,25.440515309516481,25.133233608589872,25.193094253540039,500
2021-07-16,25.209055772849904,25.209055772849904,25.121262088527615,25.193094253540039,850
2021-07-19,24.969615669046679,24.969615669046679,24.582520291108445,24.6343994140625,812
2021-07-20,24.809986673976052,24.877828833746754,24.766090596853012,24.81397819519043,377
2021-07-21,25.001542451622697,25.308822631835938,25.001542451622697,25.308822631835938,1
2021-07-22,25.57619487684233,25.783711359432431,25.57619487684233,25.751785278320312,137
2021-07-23,25.791695779412542,25.843576431274414,25.719863606913886,25.843576431274414,515
2021-07-26,25.683943112971438,25.683943112971438,25.612110957057681,25.648025512695312,440
2021-07-27,25.572208261231509,25.576196738181785,25.484413054103115,25.508356094360352,2
2021-07-28,25.500378292579004,25.532302856445312,25.468452206393117,25.532302856445312,1465
2021-07-29,25.775730350826446,26.003201413221284,25.775730350826446,25.971275329589844,10
2021-07-30,25.739816525641309,25.935358465352685,25.739816525641309,25.875497817993164,1152
2021-08-02,25.943338897297036,25.943338897297036,25.735822413291601,25.859535217285156,917
2021-08-03,25.867518306629488,26.011182645143982,25.867518306629488,25.947330474853516,10322
2021-08-04,25.951316781578655,26.198739324774543,25.951316781578655,26.174793243408203,12537
2021-08-05,26.282542807848316,26.398272558926767,26.282542807848316,26.386301040649414,94
2021-08-06,26.362363006346438,26.410252138712028,26.326448440551758,26.326448440551758,412
2021-08-09,26.318458208010959,26.338412768873091,26.298506691787349,26.310478210449219,12
2021-08-10,26.32245130902022,26.514004753022995,26.32245130902022,26.502033233642578,120
2021-08-11,26.569875260707459,26.741474151611328,26.569875260707459,26.741474151611328,354
2021-08-12,26.773398146361625,26.877156397847347,26.773398146361625,26.841241836547852,5252
2021-08-13,26.853211705318145,26.944995386086379,26.853211705318145,26.873163223266602,25836
2021-08-16,26.77339670967169,26.869174957275391,26.77339670967169,26.869174957275391,418
2021-08-17,26.773399122235539,26.849222813927941,26.773399122235539,26.785373687744141,221
2021-08-18,26.833255358172568,26.897107518494202,26.833255358172568,26.893115997314453,55
2021-08-19,26.601801775830726,26.601801775830726,26.414239840327117,26.525978088378906,33
2021-08-20,26.529965767803233,26.637712478637695,26.430199054400095,26.637712478637695,289
2021-08-23,26.813303492747568,26.813303492747568,26.661656136275703,26.729499816894531,115
2021-08-24,26.801335636063214,26.821287155151367,26.713540427086258,26.821287155151367,0
2021-08-25,26.869174746460182,26.873163223266602,26.817294101588864,26.873163223266602,20
2021-08-26,26.956972028340818,27.064718758556513,26.956972028340818,26.980915069580078,1482
2021-08-27,26.905093321845833,27.06871223449707,26.905093321845833,27.06871223449707,0
2021-08-30,27.072697878455617,27.212373733520508,27.072697878455617,27.212373733520508,32
2021-08-31,27.172458878664564,27.224339514914245,26.921047872894757,27.056732177734375,3337
2021-09-01,27.140542378339866,27.296178235269817,27.140542378339866,27.248289108276367,878
2021-09-02,27.272231340947908,27.411907196044922,27.256271343728912,27.411907196044922,10384
2021-09-03,27.387957327524006,27.387957327524006,27.28819061317316,27.300165176391602,24504
2021-09-06,27.34406392638039,27.607449554117281,27.34406392638039,27.551580429077148,20483
2021-09-07,27.499703851399541,27.499703851399541,27.34805646808681,27.383974075317383,2117
2021-09-08,27.112610249582733,27.248291554620426,27.112610249582733,27.208385467529297,539
2021-09-09,26.980910757460752,27.22035026550293,26.980910757460752,27.22035026550293,30011
2021-09-10,27.280217157355388,27.280217157355388,27.136552810668945,27.136552810668945,2000
2021-09-13,27.244294806914287,27.320118489091527,27.124576568603516,27.124576568603516,229
2021-09-14,27.100626217879555,27.168466839082193,27.088651657104492,27.088651657104492,2120
2021-09-15,27.116593483924859,27.116593483924859,26.725509643554688,26.725509643554688,889
2021-09-16,26.905093165838498,27.020822947243854,26.905093165838498,26.960962295532227,190313
2021-09-17,27.140539644795819,27.236314844497411,26.948986200753929,27.012838363647461,321
2021-09-20,26.657673187104397,26.657673187104397,26.577857971191406,26.577857971191406,576
2021-09-21,26.338412983728887,27.531622052765691,26.338412983728887,27.395940780639648,31577
2021-09-22,27.491719366927303,27.611440658569336,27.483739368315998,27.611440658569336,1098
2021-09-23,27.671298048329582,27.671298048329582,27.59547740586526,27.615428924560547,5925
2021-09-24,27.487729168504252,27.487729168504252,27.300170268040123,27.364019393920898,303
2021-09-27,27.58749784195669,27.58749784195669,27.164487838745117,27.164487838745117,3364
2021-09-28,26.99687997315181,26.99687997315181,26.549923889824765,26.649690628051758,1924
2021-09-29,26.813307063181263,26.881147708195144,26.76940945884547,26.845230102539062,195
2021-09-30,27.084672412042316,27.196410660254031,26.968942642211914,26.968942642211914,5626
2021-10-01,26.57785113075823,27.467771530151367,26.57785113075823,27.467771530151367,11713
2021-10-04,27.196412042964269,27.236318127263214,27.00885009765625,27.00885009765625,5222
2021-10-05,27.132558806699304,27.487728118896484,27.132558806699304,27.487728118896484,105180
2021-10-06,27.172459174925056,27.172459174925056,26.793346901745956,27.132553100585938,61010
2021-10-07,27.403921337903721,27.439838939554352,27.280211582010832,27.399932861328125,5744
2021-10-08,27.475756243799683,27.475756243799683,27.248288226063746,27.280214309692383,693
2021-10-11,27.152510745771895,27.228334426879883,26.976920345159147,27.228334426879883,299
2021-10-12,26.921050494805712,27.164481527358401,26.921050494805712,27.116592407226562,2327
2021-10-13,26.889128173928221,27.236317492985769,26.889128173928221,27.072698593139648,22906
2021-10-14,27.439840836314168,27.555570602416992,27.356037152854636,27.555570602416992,505
2021-10-15,27.639741691984987,27.639741691984987,27.3414139420499,27.413980484008789,653
2021-10-18,27.317219166310476,27.317219166310476,27.232558734869951,27.309154510498047,267
2021-10-19,27.41800401708511,27.563137054443359,27.337372843127863,27.563137054443359,1235
2021-10-20,27.498634210647534,27.607485534842986,27.482507974627282,27.559106826782227,1320
2021-10-21,27.426071013573729,27.696178579209178,27.426071013573729,27.659896850585938,1330
2021-10-22,27.704238288696079,27.704238288696079,27.518791198730469,27.518791198730469,2855
2021-10-25,27.619582431285348,27.619582431285348,27.280937589749577,27.297063827514648,339
2021-10-26,27.357530857057988,27.478476077686587,27.357530857057988,27.409938812255859,1324
2021-10-27,27.470410951428651,27.470410951428651,27.333342574447492,27.337371826171875,14996
2021-10-28,27.534919010634361,27.571200734856159,27.389785962217108,27.559106826782227,11590
2021-10-29,27.438161341282537,27.680051803588867,27.389785709433266,27.680051803588867,13762
2021-11-01,27.692144654546716,27.809057553328234,27.67198609153564,27.744552612304688,2506
2021-11-02,27.62764435641737,27.853405536409745,27.62764435641737,27.833250045776367,771
2021-11-03,27.970317885413131,28.200111389160156,27.970317885413131,28.200111389160156,3994
2021-11-04,28.296868354511254,28.341214738351781,28.200110930259953,28.325088500976562,1266
2021-11-05,28.321056091853627,28.558911171987276,28.312994511071672,28.417810440063477,44
2021-11-08,28.401677939185017,28.401677939185017,28.188010724283505,28.288797378540039,336
2021-11-09,28.288804545290844,28.514568799541038,28.288804545290844,28.413782119750977,2
2021-11-10,28.595193992613961,28.881427764892578,28.530689047768892,28.881427764892578,421
2021-11-11,28.8411196253893,28.901592254638675,28.776614667319119,28.901592254638672,670
2021-11-12,28.970124610605872,29.095099114156753,28.958030700683594,28.958030700683594,5469
2021-11-15,28.966091357302151,28.986249923706055,28.909651062289708,28.986249923706055,849
2021-11-16,29.058811493869307,29.058811493869307,28.820953369140625,28.820953369140625,171
2021-11-17,28.740327701898266,28.974153518676761,28.740327701898266,28.974153518676758,399
2021-11-18,29.018499967298048,29.018499967298048,28.857240676879883,28.857240676879883,133
2021-11-19,28.796768453523779,28.873367309570312,28.740328162467968,28.873367309570312,4302
2021-11-22,28.949963089851664,29.010435709058655,28.873367309570312,28.873367309570312,842
2021-11-23,28.655663435071741,28.655663435071741,28.454090118408203,28.454090118408203,382
2021-11-24,28.603252339972897,28.603252339972897,28.417805258150945,28.546812057495117,62
2021-11-25,28.647601622074568,28.772579182324858,28.647601622074568,28.748388290405273,44
2021-11-26,28.018698838441075,28.107391614656475,27.696180211433365,27.780843734741211,1818
2021-11-29,28.099319786451236,28.252517479278836,28.059005737304688,28.059005737304688,809
2021-11-30,27.934036187052644,28.127544887378008,27.853404998779297,27.853404998779297,3399
2021-12-01,28.067076688219892,28.268650054931644,27.986445496075898,28.268650054931641,908
2021-12-02,27.97031733273414,27.97031733273414,27.647801813650094,27.865501403808594,2672
2021-12-03,28.046920464000909,28.046920464000909,27.639741368017177,27.708278656005859,2373
2021-12-06,27.958222032180164,28.16786003112793,27.764713345513893,28.16786003112793,1298
2021-12-07,28.333148751962131,28.889493150116543,28.333148751962131,28.857240676879883,228
2021-12-08,28.881429898609674,28.95802875733094,28.554882049560547,28.554882049560547,557
2021-12-09,28.643574147362116,28.683888202043072,28.595195436285842,28.635509490966797,21
2021-12-10,28.583104443732605,28.623418502526718,28.494411668926233,28.514570236206055,275
2021-12-13,28.53068772069361,28.554878611767826,28.37346076965332,28.37346076965332,16
2021-12-14,28.46215718680001,28.46215718680001,28.030790328979492,28.030790328979492,7478
2021-12-15,28.131572904439356,28.131572904439356,27.950158141216313,27.954187393188477,4792
2021-12-16,28.252518473487491,28.252518473487491,28.083197615654694,28.087226867675781,110
2021-12-17,28.002566960646348,28.067071903364781,27.88162480669672,28.042881011962891,4635
2021-12-20,27.567171150208193,27.825184800677963,27.462355219293514,27.821155548095703,1774
2021-12-21,28.143666370923423,28.228326797485352,28.107384649153232,28.228326797485352,366
2021-12-22,28.276710360825163,28.510536193847656,28.220270066752885,28.510536193847656,96
2021-12-23,28.59116107668622,28.695980072021488,28.59116107668622,28.695980072021484,0
2021-12-27,28.764514667008402,28.929806280245785,28.760482339041261,28.885459899902344,411
2021-12-28,28.978184973416063,29.256357192993164,28.978184973416063,29.256357192993164,2830
2021-12-29,29.240227859772453,29.284574240105108,29.207975387573242,29.207975387573242,395
2021-12-30,29.280544281005859,29.324890664926247,29.195883841457476,29.280544281005859,7378
2022-01-03,29.486149175645185,29.486149175645185,29.171695244074275,29.272481918334961,8526
2022-01-04,29.332954538044415,29.470022938671647,29.216041626810192,29.272481918334961,78930
2022-01-05,29.183788695530151,29.385362040892712,29.14347464161067,29.199914932250977,312
2022-01-06,28.748393286299653,28.748393286299653,28.35331120021436,28.393625259399414,3800
2022-01-07,28.280738228221782,28.29686446337946,28.183983893040551,28.244453430175781,3039
2022-01-10,28.441999358419757,28.441999358419757,27.684081635417662,27.84130859375,28178
2022-01-11,28.155766409192307,28.171892647634429,28.095296859741207,28.095296859741211,0
2022-01-12,28.288803617195253,28.41781044006348,28.276709708139681,28.417810440063477,60
2022-01-13,28.280737979971395,28.397650877014669,28.188012897569887,28.365398406982422,6248
2022-01-14,28.288805367282045,28.349277992066316,28.071105763517942,28.075138092041016,10221
2022-01-17,28.094000553022095,28.593632865506535,27.479773689496032,28.543210983276367,17935
2022-01-18,28.369026014728373,28.369026014728373,28.011491584617673,28.13525390625,1915
2022-01-19,27.983991350197126,28.181094134324869,27.983991350197126,28.149007797241211,84
2022-01-20,28.318606146940667,28.524876697657731,28.116920357669624,28.515708923339844,6380
2022-01-21,28.194843991454537,28.194843991454537,27.970239639282227,27.970239639282227,682
2022-01-24,27.750219446692736,27.750219446692736,26.636360168457031,26.636360168457031,2743
2022-01-25,26.911382579412237,26.911382579412237,26.668442703093081,26.741783142089844,5911
2022-01-26,26.998474948844454,27.374344908865503,26.998474948844454,27.259750366210938,1763
2022-01-27,26.828877595303002,27.429353713989258,26.828877595303002,27.429353713989258,11937
2022-01-28,27.383515021221331,27.383515021221331,27.039731363891459,27.328508377075195,5254
2022-01-31,27.548528907059417,27.635621883471817,27.475188465570795,27.612703323364258,10223
2022-02-01,27.828140978224909,27.942735531831737,27.828140978224909,27.919816970825195,23326
2022-02-02,28.139837985487908,28.332357742627352,28.135254972768109,28.231513977050781,1260
2022-02-03,28.245264106903573,28.245264106903573,27.530195236206055,27.530195236206055,1199
2022-02-04,27.658541625299794,27.777719192095439,27.360595085449496,27.41560173034668,820
2022-02-07,27.548528373228791,27.566863920389157,27.333091814103557,27.39726448059082,37
2022-02-08,27.388094904708684,27.566862106323242,27.388094904708684,27.566862106323242,18533
2022-02-09,27.906061688896134,28.038990020751953,27.869390598333258,28.038990020751953,363
2022-02-10,27.883148688093669,28.144424140412298,27.686045908474469,28.121503829956055,460
2022-02-11,28.020662168744529,28.107753404447365,27.942736959053182,27.997743606567383,2042
2022-02-14,27.47518945166814,27.644790649414062,27.200163223358498,27.644790649414062,27
2022-02-15,27.681461637774294,28.011494530165091,27.681461637774294,27.91523551940918,2049
2022-02-16,27.942732731696285,27.942732731696285,27.649370983632377,27.699792861938477,157
2022-02-17,27.695208616780818,27.695208616780818,27.397263850856309,27.475187301635742,2639
2022-02-18,27.539364183055635,27.539364183055635,27.227666854858398,27.227666854858398,1034
2022-02-21,27.374348004705265,27.392681804687211,26.874715672283632,26.957223892211914,5119
2022-02-22,26.540099851790352,27.021396636962891,26.517179541745914,27.021396636962891,4754
2022-02-23,27.122239859516814,27.369764530946973,27.122239859516814,27.140575408935547,0
2022-02-24,26.370494881356279,26.572182390048933,26.077133139883955,26.223814010620117,4235
2022-02-25,26.521765883230092,26.893051147460938,26.521765883230092,26.893051147460938,149
2022-02-28,26.640940968886888,27.053482055664062,26.640940968886888,27.053482055664062,9206
2022-03-01,26.970967580815294,26.989303124545632,26.691356658935547,26.691356658935547,4156
2022-03-02,26.718864569974901,27.282669522350346,26.718864569974901,27.09931755065918,3153
2022-03-03,27.062649170452282,27.062649170452282,26.352163314819336,26.352163314819336,20191
2022-03-04,26.040466812501215,26.040466812501215,25.439990726233177,25.499580383300781,595
2022-03-07,24.967861059376077,25.320812482439241,24.523233646796992,25.155796051025391,1009
2022-03-08,24.894521714037808,24.89910472685715,24.243623733520508,24.243623733520508,5027
2022-03-09,24.967862828841987,25.449159622192383,24.967862828841987,25.449159622192383,10156
2022-03-10,25.421654988883876,25.421654988883876,25.128293215618108,25.183298110961914,4602
2022-03-11,25.105378451623821,26.026718019406619,25.105378451623821,25.687519073486328,5409
2022-03-14,25.866285739948335,25.866285739948335,25.829614639282227,25.829614639282227,150
2022-03-15,25.82044805505738,26.370500564575195,25.82044805505738,26.370500564575195,11021
2022-03-16,26.691363697613042,27.259753463125598,26.691363697613042,27.16807746887207,2337
2022-03-17,27.415603776070263,27.438522338867188,27.204748452045511,27.438522338867188,14803
2022-03-18,27.470610501553477,27.690631866455078,27.273507700971432,27.690631866455078,261
2022-03-21,27.649374930322974,27.814391374306968,27.59895304481962,27.722715377807617,1350
2022-03-22,27.708963207707257,27.938152313232422,27.644790537932067,27.938152313232422,1134
2022-03-23,27.9610716798772,27.99774277713362,27.548530578613281,27.548530578613281,630
2022-03-24,27.580616841043053,27.580616841043053,27.411017388118758,27.484357833862305,1688
2022-03-25,27.475186790004201,27.855641509169171,27.475186790004201,27.699792861938477,3146
2022-03-28,27.91981682113104,27.942735382014703,27.791471481323242,27.791471481323242,31
2022-03-29,28.116918500004093,28.419448038209815,28.071081380017244,28.158172607421875,1099
2022-03-30,28.057330559335018,28.057330559335018,27.5852015500442,27.736465454101562,25123
2022-03-31,27.92898627802521,27.993158951795753,27.621871948242188,27.621871948242188,4080
2022-04-01,27.60811961860222,27.855644273812935,27.511860613322757,27.603536605834961,6247
2022-04-04,27.82814338176183,28.029830932617188,27.82814338176183,28.029830932617188,543
2022-04-05,28.103171726648053,28.295689756371825,28.103171726648053,28.245267868041992,4187
2022-04-06,28.240682863328395,28.341526632876715,27.970239639282227,27.970239639282227,609
2022-04-07,28.121502558152208,28.30943755480433,28.0435791015625,28.0435791015625,185
2022-04-08,28.277351361286271,28.277351361286271,27.961071023458427,28.066497802734375,59
2022-04-11,28.167339781419255,28.167339781419255,27.961069248722076,27.983987808227539,682
2022-04-12,27.6402042946651,27.901479721069336,27.6402042946651,27.901479721069336,567
2022-04-13,27.892312682372975,28.098583221435547,27.892312682372975,28.098583221435547,3
2022-04-14,28.208599719526301,28.460707423352662,28.208599719526301,28.446956634521484,3
2022-04-19,28.364442189540785,28.364442189540785,27.887728464001682,27.979404449462891,296
2022-04-20,27.951901993384375,28.093999862670898,27.906064873523711,28.093999862670898,3895
2022-04-21,28.181093930442362,28.327774827070524,28.043580808425236,28.272769927978516,265
2022-04-22,27.947321273658591,27.974822848401633,27.741050720214844,27.741050720214844,1216
2022-04-25,27.15432921803631,27.676880160942954,27.15432921803631,27.617290496826172,153
2022-04-26,27.777717018334197,27.837306671355858,27.351425170898438,27.351425170898438,22
2022-04-27,27.342261690053327,27.447688471470755,27.21391459863607,27.273504257202148,98
2022-04-28,27.516442181990353,27.534777729245345,27.351425753843493,27.420183181762695,25430
2022-04-29,27.548528183305056,27.653956704463308,27.383513505721456,27.521026611328125,3048
2022-05-02,27.18641140237203,27.323924511295996,26.750951766967773,26.750951766967773,1856
2022-05-03,27.145158057287727,27.365179387460813,27.103903948594393,27.158908843994141,2024
2022-05-04,27.305588541686063,27.479772742869756,27.250583648681641,27.250583648681641,29
2022-05-05,27.658542510832167,27.782304842952087,26.984725952148438,26.984725952148438,1804
2022-05-06,26.828879106137396,26.828879106137396,26.205484390258789,26.205484390258789,165
2022-05-09,26.210068224988849,26.210068224988849,25.705852854225938,25.71043586730957,304
2022-05-10,25.916702564738625,25.916702564738625,25.605005264282227,25.605005264282227,10
2022-05-11,25.715018101917909,25.765439987182617,25.550003407289118,25.765439987182617,985
2022-05-12,25.302475036478242,25.719599096335191,25.256636170872358,25.618755340576172,795
2022-05-13,25.696682731778026,26.104639053344727,25.696682731778026,26.104639053344727,1146
2022-05-16,26.173396444414141,26.310911313381258,26.118391545971811,26.228403091430664,518
2022-05-17,26.402581135225564,26.535511220370278,26.402581135225564,26.517175674438477,580
2022-05-18,26.494261972893522,26.494261972893522,26.086305618286133,26.086305618286133,0
2022-05-19,25.880031900725054,25.880031900725054,25.595837915677578,25.673761367797852,103
2022-05-20,25.89378407474398,26.210064388445634,25.89378407474398,26.026712417602539,3912
2022-05-23,26.141309472585078,26.306325912475586,26.141309472585078,26.306325912475586,22
2022-05-24,26.035881535678428,26.035881535678428,25.4949951171875,25.4949951171875,20
2022-05-25,25.614175997776609,25.614175997776609,25.467495103972205,25.490413665771484,2156
2022-05-26,25.669182100077254,25.669182100077254,25.481247086787519,25.609592437744141,968
2022-05-27,25.733352744042424,25.902952194213867,25.682930860554503,25.902952194213867,1
2022-05-30,26.017548318882405,26.095473529497657,26.00379753112793,26.00379753112793,2097
2022-05-31,25.967128314348894,25.967128314348894,25.71043586730957,25.71043586730957,409
2022-06-01,25.815860184655186,25.815860184655186,25.26580599279816,25.284141540527344,33581
2022-06-02,25.449158640207038,25.522499084472656,25.343731860861094,25.522499084472656,6678
2022-06-03,25.650844966075567,25.650844966075567,25.297893524169922,25.297893524169922,35
2022-06-06,25.536248262037716,25.673761367797852,25.536248262037716,25.673761367797852,1231
2022-06-07,25.499582566833361,25.499582566833361,25.35290166654827,25.439992904663086,1934
2022-06-08,25.435406600194042,25.435406600194042,25.146627850124442,25.215383529663086,52
2022-06-09,25.142046827589887,25.142046827589887,24.917442459695053,24.940361022949219,2606
2022-06-10,24.770759844154526,24.770759844154526,24.477398058203264,24.500316619873047,4191
2022-06-13,24.220707078930754,24.220707078930754,23.959431613307178,24.032772064208984,9243
2022-06-14,24.197783988452077,24.197783988452077,23.43229153610049,23.43687629699707,8219
2022-06-15,23.574392060867581,23.84483528137207,23.49188384114932,23.84483528137207,4659
2022-06-16,23.844832114215134,23.844832114215134,23.285610198974609,23.285610198974609,719
2022-06-17,23.285609494983284,23.688982753547236,23.285609494983284,23.52855110168457,790
2022-06-20,23.675236372702024,23.725656509399414,23.647733049306385,23.725656509399414,207
2022-06-21,23.817332668998791,24.032770998974957,23.817332668998791,23.831085205078125,99
2022-06-22,23.629397796950506,23.748577117919922,23.583560672623324,23.748577117919922,143
2022-06-23,23.643153862143624,23.693574006999679,23.501055957800734,23.514806747436523,396
2022-06-24,23.661481080074498,24.408638000488281,23.661481080074498,24.408638000488281,4177
2022-06-27,24.495733053855304,24.559907477666432,24.495733053855304,24.514068603515625,322
2022-06-28,24.683666996973706,24.683666996973706,24.417808532714844,24.417808532714844,859
2022-06-29,24.257372327964202,24.257372327964202,23.950259788177721,24.197784423828125,608
2022-06-30,24.023602529565924,24.170283420625285,23.964012871143634,24.161115646362305,26971
2022-07-01,23.945678217007043,24.206953654172256,23.904424108582319,24.046520233154297,266
2022-07-04,24.261958690957648,24.266541703665354,24.069438934326172,24.069438934326172,719
2022-07-05,24.046520616933272,24.046520616933272,23.58814240426474,23.693569183349609,701
2022-07-06,24.074027372647038,24.445314407348633,24.074027372647038,24.445314407348633,1
2022-07-07,24.642411914478245,24.752423454760905,24.628661127658205,24.702001571655273,4
2022-07-08,24.724922475815507,24.958696365356445,24.724922475815507,24.958696365356445,2102
2022-07-11,24.75700901976731,24.940361022949219,24.75700901976731,24.940361022949219,311
2022-07-12,24.862436712733277,25.036619186401367,24.862436712733277,25.036619186401367,591
2022-07-13,25.004538374332977,25.004538374332977,24.903696327446383,24.949533462524414,25
2022-07-14,24.958693217629165,24.958693217629165,24.75700569152832,24.75700569152832,0
2022-07-15,24.957506555445878,25.146648406982422,24.869856054422602,25.146648406982422,357
2022-07-18,25.197396197463167,25.317340850830078,25.197396197463167,25.317340850830078,529
2022-07-19,25.243525790652164,25.677167586104613,25.243525790652164,25.658714294433594,603
2022-07-20,25.815567453040455,25.875539779663086,25.704851206755755,25.875539779663086,0
2022-07-21,26.106198041807833,26.313793182373047,26.106198041807833,26.313793182373047,522
2022-07-22,26.207689818968557,26.521388756550863,26.207689818968557,26.415283203125,12
2022-07-25,26.43835086828528,26.484482340659291,26.378378546356767,26.392217636108398,1059
2022-07-26,26.452192541315242,26.452192541315242,26.341474533081055,26.341474533081055,83
2022-07-27,26.364540866026353,26.756663681576548,26.364540866026353,26.678239822387695,38936
2022-07-28,26.673625305414269,26.959644317626953,26.673625305414269,26.959644317626953,59
2022-07-29,27.0196151410453,27.162625519108506,27.010388494737722,27.084199905395508,1047
2022-08-01,27.153395025155284,27.264111245552016,27.125715090154802,27.148780822753906,5420
2022-08-02,27.222598740984303,27.222598740984303,27.033456872700402,27.162628173828125,111
2022-08-03,27.213369756869255,27.402511596679688,27.213369756869255,27.402511596679688,213
2022-08-04,27.374832510825893,27.374832510825893,27.171851575871742,27.305633544921875,52
2022-08-05,27.167235254277603,27.167235254277603,26.705913543701172,26.705913543701172,227
2022-08-08,26.798182335275186,26.881220396659849,26.788955688476562,26.788955688476562,10
2022-08-09,26.848926630347254,26.848926630347254,26.609039105343403,26.696689605712891,569
2022-08-10,26.599815982613638,26.87199592590332,26.549070301013394,26.87199592590332,338
2022-08-11,26.97810062519352,26.97810062519352,26.64594834177289,26.733600616455078,54
2022-08-12,26.664397191192826,26.802793366272848,26.664397191192826,26.761274337768555,191
2022-08-15,26.835088364070607,26.904287338256836,26.812022625942866,26.904287338256836,88
2022-08-16,26.991935605654902,26.991935605654902,26.858153631702063,26.908899307250977,61
2022-08-17,26.964257069687402,26.964257069687402,26.696689605712891,26.696689605712891,629
2022-08-18,26.655172252297355,26.821248376952646,26.655172252297355,26.807409286499023,37
2022-08-19,26.655173928070599,26.802796768199933,26.655173928070599,26.659788131713867,27
2022-08-22,26.609040849338768,26.609040849338768,26.419898986816406,26.419898986816406,424
2022-08-23,26.249208120939429,26.249208120939429,25.907829253680788,25.972414016723633,476
2022-08-24,25.935513262708707,26.055456161499023,25.889380024863904,26.055456161499023,790
2022-08-25,26.138496398925781,26.212307825799641,26.138496398925781,26.138496398925781,4
2022-08-26,26.000096588211736,26.000096588211736,25.5526138849498,25.557228088378906,1748
2022-08-29,25.294273703349916,25.335790973583077,25.155875763361074,25.28965950012207,89436
2022-08-30,25.432670248174365,25.612585460975883,25.220460891723633,25.220460891723633,37466
2022-08-31,25.34502112547635,25.34502112547635,24.842180252075195,24.842180252075195,13777
2022-09-01,24.726846530840771,24.726846530840771,24.385469401522126,24.450054168701172,3690
2022-09-02,24.477735965716413,24.772981643676758,24.459282670893128,24.772981643676758,2673
2022-09-05,24.486960594348545,24.763752954666,24.486960594348545,24.731460571289062,179
2022-09-06,24.82833825996352,24.966734443124157,24.75913928848173,24.897537231445312,1875
2022-09-07,24.708398556929399,24.902152886380485,24.66226531672449,24.860633850097656,11875
2022-09-08,24.93905796027293,24.985189437866211,24.93905796027293,24.985189437866211,573
2022-09-09,25.017481600234476,25.363472958496658,25.017481600234476,25.331180572509766,8
2022-09-12,25.340408217969589,25.72791862487793,25.308115830710822,25.72791862487793,1870
2022-09-13,25.769437351223402,25.917060194010396,25.474191665649414,25.474191665649414,2
2022-09-14,25.377310439550183,25.428056117110742,25.091291427612305,25.091291427612305,3
2022-09-15,25.137427593099492,25.202012368507134,24.994417190551758,24.994417190551758,3699
2022-09-16,24.74530036604358,24.925215581353719,24.616130828857422,24.616130828857422,78
2022-09-19,24.47311890224567,24.546930313110352,24.279364608651949,24.546930313110352,5286
2022-09-20,24.625355920403486,24.625355920403486,24.21477983759172,24.247072219848633,906
2022-09-21,24.187101498465704,24.496186251884385,24.168648204583199,24.486961364746094,4165
2022-09-22,24.067156787139364,24.44544227156182,24.057931900024414,24.057931900024414,5530
2022-09-23,24.071771570078734,24.071771570078734,23.555091648856351,23.642742156982422,3152
2022-09-26,23.522793120830318,23.670415916913843,23.476659897177626,23.582763671875,12062
2022-09-27,23.841111653224495,23.993346937799988,23.610450744628906,23.610450744628906,1730
2022-09-28,23.416697402609703,23.536642074584961,23.158358281069049,23.536642074584961,296
2022-09-29,23.338266540351029,23.338266540351029,23.218323664097149,23.315200805664062,387
2022-09-30,23.495115265870844,23.942597895988545,23.453596240810409,23.882625579833984,12950
2022-10-03,23.725779935920105,24.117902755737305,23.50434568663243,24.117902755737305,103
2022-10-04,24.307049055069818,24.989805221557617,24.307049055069818,24.989805221557617,1888
2022-10-05,24.975961956333389,24.975961956333389,24.740688612779518,24.8006591796875,358
2022-10-06,24.943668164852639,24.980574751456516,24.731460571289062,24.731460571289062,4
2022-10-07,24.60229357319729,24.671490790506393,24.251688003540039,24.251688003540039,67
2022-10-10,24.11328848775408,24.311656984362461,24.11328848775408,24.247072219848633,2204
2022-10-11,24.076383700961184,24.140970230102539,24.048705519703585,24.140970230102539,0
2022-10-12,23.961054781239831,24.034866202306372,23.961054781239831,23.99334716796875,701
2022-10-13,23.961052422738135,24.283978018044635,23.961052422738135,24.214780807495117,1295
2022-10-14,24.491574272710615,24.54231995194824,24.265525817871094,24.265525817871094,0
2022-10-17,24.541210598998742,24.884834772304231,24.285815187538116,24.838399887084961,1533
2022-10-18,25.135582696325908,25.135582696325908,24.940552317900746,24.968414306640625,1177
2022-10-19,24.963771022337248,25.107721981062394,24.866256713867188,24.866256713867188,1831
2022-10-20,24.773386558716702,24.8801899745384,24.699089685564989,24.801248550415039,226
2022-10-21,24.578361544075321,24.703737868082872,24.392618448202484,24.68980598449707,1373
2022-10-24,25.075217356226389,25.298107964605371,25.061287246758045,25.205236434936523,9
2022-10-25,25.567432228731789,25.989995956420898,25.567432228731789,25.989995956420898,1369
2022-10-26,25.80425678328146,25.91105842590332,25.790326673358614,25.91105842590332,7768
2022-10-27,25.887840985572854,25.93892041712617,25.771752012543381,25.91105842590332,7366
2022-10-28,25.502422365060649,25.80889892578125,25.502422365060649,25.80889892578125,81
2022-10-31,25.799611948693201,25.952848459769903,25.725315082727551,25.915700912475586,682
2022-11-01,26.087513192398845,26.171097391587189,25.664949417114258,25.664949417114258,1161
2022-11-02,25.683524446108354,25.808900746691531,25.581365585327148,25.581365585327148,1183
2022-11-03,25.302754209569574,25.437416076660156,25.098436476341966,25.437416076660156,10031
2022-11-04,25.41884149145293,25.539573240091077,25.284177861965585,25.358474731445312,282
2022-11-07,25.260960030890391,25.50706807509458,25.260960030890391,25.479206085205078,10
2022-11-08,25.28882003666536,25.901769638061523,25.28882003666536,25.901769638061523,0
2022-11-09,25.753173131937778,25.827469991647632,25.692808151245117,25.692808151245117,30
2022-11-10,25.558148754665851,26.55187008144183,25.558148754665851,26.519365310668945,429
2022-11-11,26.524009622615477,26.524009622615477,26.027148930521331,26.147882461547852,602
2022-11-14,26.301118663521461,26.454356965274247,26.301118663521461,26.342910766601562,203
2022-11-15,26.417204377805145,26.537937892397448,26.370769500732422,26.370769500732422,71
2022-11-16,26.361484369678344,26.361484369678344,26.212890625,26.212890625,172
2022-11-17,26.472925758340992,26.472925758340992,26.120016098022461,26.120016098022461,0
2022-11-18,26.231463072896908,26.407917022705078,26.231463072896908,26.407917022705078,8080
2022-11-21,26.463642074220896,26.723680230328934,26.370770545020704,26.69117546081543,711
2022-11-22,26.69581620406748,26.881557464599609,26.667954217868086,26.881557464599609,80
2022-11-23,26.876917143413149,27.099807739257812,26.839767825083872,27.099807739257812,7441
2022-11-24,27.132314102853471,27.327342721421495,27.132314102853471,27.294837951660156,0
2022-11-25,27.243759050665613,27.359848022460938,27.243759050665613,27.359848022460938,12
2022-11-28,27.294837951660156,27.336630051550031,27.178748982119068,27.294837951660156,104
2022-11-29,27.266975023257732,27.266975023257732,27.006935119628906,27.006935119628906,169
2022-11-30,27.16481855233318,27.192680542390299,27.123026452936049,27.150888442993164,1620
2022-12-01,27.276265807362744,27.434146881103516,27.276265807362744,27.434146881103516,464
2022-12-02,27.424857728540967,27.601311679944651,27.424857728540967,27.508441925048828,342
2022-12-05,27.383068833714617,27.452721158034809,27.215900421142578,27.215900421142578,796
2022-12-06,27.243760084905965,27.369136391769764,27.188037872314453,27.188037872314453,33
2022-12-07,27.201970128125204,27.201970128125204,27.090523930032173,27.104454040527344,5435
2022-12-08,27.160178355700758,27.160178355700758,26.909425735473633,26.909425735473633,13
2022-12-09,27.039443201824923,27.304125916824393,27.039443201824923,27.243759155273438,579
2022-12-12,27.132314389154391,27.215898589816128,27.113739728701315,27.136957168579102,10654
2022-12-13,27.132315396174555,27.17875027765357,26.955859658075365,27.155532836914062,807
2022-12-14,27.044087123697999,27.294837951660156,27.044087123697999,27.294837951660156,0
2022-12-15,27.071948237040306,27.183394430887351,26.630809783935547,26.630809783935547,107
2022-12-16,26.556512352744225,26.556512352744225,26.245394760907065,26.263969421386719,950
2022-12-19,26.287184098100138,26.291826877043462,26.22681734357532,26.240747451782227,613
2022-12-20,26.022504063958479,26.096800934256365,26.022504063958479,26.036434173583984,1567
2022-12-21,26.259325294335294,26.445068359375,26.17574109220514,26.445068359375,68
2022-12-22,26.486858084388029,26.593659717223019,26.28718492736439,26.301115036010742,1134
2022-12-23,26.277897330072289,26.277897330072289,26.180383027787396,26.268610000610352,966
2022-12-27,26.46828537253155,26.46828537253155,26.259324870578247,26.263969421386719,553
2022-12-28,26.33361937860882,26.454352889517889,26.27325439453125,26.27325439453125,0
2022-12-29,26.092156076809268,26.384700775146484,26.064295857885689,26.384700775146484,197
2022-12-30,26.277897875859271,26.282540654998186,26.138591473790775,26.143234252929688,534
2023-01-02,26.259325741691836,26.324335284150099,26.157168648419074,26.282543182373047,5179
2023-01-03,26.333620590081331,26.700462147322867,26.333620590081331,26.589015960693359,291
2023-01-04,26.751544067214038,27.081236335825803,26.751544067214038,27.071949005126953,2413
2023-01-05,26.858343859100362,26.900135958671594,26.69117546081543,26.69117546081543,1005
2023-01-06,26.756185771812987,26.979076385498047,26.654028680984709,26.979076385498047,16881
2023-01-09,27.002295174321691,27.034799944264215,26.797977453109144,26.951215744018555,1367
2023-01-10,26.853703521437801,26.932643177040461,26.853703521437801,26.909425735473633,102
2023-01-11,26.96050368340525,27.169462417363974,26.96050368340525,27.090522766113281,5195
2023-01-12,27.2066119251791,27.2066119251791,27.039443519765978,27.048730850219727,2081
2023-01-13,27.197322845458984,27.225184835028209,27.146243416937264,27.197322845458984,421
2023-01-16,27.352916497829895,27.511295169315805,27.231802455361823,27.488002777099609,342
2023-01-17,27.474031132562427,27.492664337158203,27.306335845120838,27.492664337158203,245
2023-01-18,27.543903683704773,27.702282362652163,27.511296465417971,27.548561096191406,750
2023-01-19,27.637070747112418,27.637070747112418,27.422792434692383,27.422792434692383,15
2023-01-20,27.432107941769896,27.483348367106956,27.427450528993909,27.455398559570312,760
2023-01-23,27.455396319256305,27.455396319256305,27.357574666300497,27.450738906860352,52
2023-01-24,27.557875809535687,27.571849822998047,27.501977978726245,27.571849822998047,0
2023-01-25,27.609117340184596,27.609117340184596,27.250436172204136,27.310993194580078,417
2023-01-26,27.427450128046683,27.632410049438477,27.427450128046683,27.632410049438477,4307
2023-01-27,27.688306511291522,27.758180137160522,27.599801458556225,27.730230331420898,4989
2023-01-30,27.660356202947192,27.953821142707465,27.651039601801791,27.90723991394043,1999
2023-01-31,27.730229220603551,27.739545822143555,27.637066759123613,27.739545822143555,70
2023-02-01,27.814080031754187,27.865320457591942,27.753524780273438,27.753524780273438,467
2023-02-02,28.200705608428642,28.554727554321289,28.116857978119345,28.554727554321289,246
2023-02-03,28.456908239793908,28.764348983764648,28.456908239793908,28.764348983764648,582
2023-02-06,28.610626264425637,28.643235256738013,28.428956985473633,28.428956985473633,1068
2023-02-07,28.428958930670934,28.428958930670934,28.191391805854,28.2239990234375,341
2023-02-08,28.368405483200362,28.42896073285986,28.331139073908183,28.335798263549805,304
2023-02-09,28.610627008003771,28.610627008003771,28.368402481079102,28.368402481079102,1500
2023-02-10,28.242632115080792,28.279896744902924,27.883950946122351,27.995746612548828,556
2023-02-13,28.028353335473554,28.284555435180664,28.028353335473554,28.284555435180664,848
2023-02-14,28.37305859139472,28.536094664913254,28.307844161987305,28.307844161987305,22
2023-02-15,28.32182240437999,28.517467498779297,28.32182240437999,28.517467498779297,191
2023-02-16,28.79230238144865,28.955338486869199,28.624607086181641,28.624607086181641,402
2023-02-17,28.396354761632594,28.624607086181641,28.293875685494083,28.624607086181641,121
2023-02-20,28.652553489842393,28.652553489842393,28.531441215118246,28.559391021728516,2726
2023-02-21,28.461564825348695,28.741057533450714,28.461564825348695,28.708450317382812,405
2023-02-22,28.913411704099836,29.090423583984375,28.85285468101511,29.090423583984375,354
2023-02-23,29.374570906646792,29.467733361599439,29.216192245483398,29.216192245483398,435
2023-02-24,29.346626123494438,29.411840563899677,29.025211334228516,29.025211334228516,171
2023-02-27,29.141665054919606,29.28606794529804,29.141665054919606,29.262777328491211,1704
2023-02-28,29.090421486647525,29.197559733943773,28.946016834921291,29.020547866821289,12925
2023-03-01,29.08110839187103,29.365258540549959,29.0391845703125,29.0391845703125,3950
2023-03-02,28.950681447008488,29.08576774597168,28.950681447008488,29.08576774597168,0
2023-03-03,28.973965992884001,29.048497023123911,28.941358778214035,29.034523010253906,615
2023-03-06,29.062473890596358,29.090423696041611,28.91807100486281,28.978626251220703,385
2023-03-07,28.86682947690964,29.188244230889921,28.86682947690964,28.987941741943359,15603
2023-03-08,28.829563089949119,29.020548977562715,28.829563089949119,29.011232376098633,34
2023-03-09,28.978627263958085,29.109057916967416,28.978627263958085,29.104398727416992,183
2023-03-10,28.736400586678688,28.736400586678688,28.638578930841767,28.713109970092773,51
2023-03-13,28.578022752444834,28.578022752444834,28.107545886420422,28.15412712097168,1562
2023-03-14,28.279898599234585,28.601315159446393,28.279898599234585,28.54075813293457,164
2023-03-15,28.470885551073504,28.470885551073504,28.05164909362793,28.05164909362793,211
2023-03-16,28.405670048128236,28.559391320653418,28.284557772136434,28.517467498779297,278
2023-03-17,28.624602356893266,28.624602356893266,28.158782958984375,28.158782958984375,0
2023-03-20,28.116857978119345,28.554727554321289,28.116857978119345,28.554727554321289,2044
2023-03-21,28.647896012095742,28.76435087393353,28.647896012095742,28.741060256958008,2324
2023-03-22,28.838880242979471,28.959992510408835,28.82024703969493,28.880804061889648,575
2023-03-23,28.643237325969523,28.755032993265523,28.508149265773437,28.703792572021484,680
2023-03-24,28.671188235709312,28.671188235709312,28.349773438731663,28.396354675292969,1421
2023-03-27,28.582679434359314,28.689817685995532,28.582679434359314,28.601312637329102,194
2023-03-28,28.619943332241629,28.619943332241629,28.40566683444289,28.433616638183594,233
2023-03-29,28.643239127734333,28.838882446289062,28.643239127734333,28.838882446289062,20
2023-03-30,28.955332369836572,29.085761226618931,28.955332369836572,29.076444625854492,1105
2023-03-31,29.141666938596739,29.23948860168457,29.141666938596739,29.23948860168457,35
2023-04-03,29.155634551487751,29.206874966698361,29.08576093493512,29.118368148803711,845
2023-04-04,29.286068244050441,29.323334652889656,29.21619639291718,29.220853805541992,1307
2023-04-05,29.109054688862514,29.183585720762515,28.955333436028788,29.020547866821289,5821
2023-04-06,28.866829420039593,28.927384663957138,28.866829420039593,28.918069839477539,52
2023-04-11,29.104397170423908,29.104397170423908,28.880804061889648,28.880804061889648,9411
2023-04-12,29.048498361324508,29.206877030000467,29.048498361324508,29.14166259765625,15
2023-04-13,29.220851339292206,29.220851339292206,29.099739074707031,29.099739074707031,0
2023-04-14,29.057815068982379,29.141662704291761,29.029865264892578,29.029865264892578,3
2023-04-17,29.076448920994959,29.109057916967416,29.034526876802154,29.104398727416992,183
2023-04-18,29.21619247703471,29.332647323608398,29.21619247703471,29.332647323608398,93
2023-04-19,29.309360203715112,29.411841055757275,29.309360203715112,29.351284027099609,119
2023-04-20,29.178930328281027,29.612142562866211,29.178930328281027,29.612142562866211,627
2023-04-21,29.598166382677618,29.700645446777344,29.579533179401281,29.700645446777344,1195
2023-04-24,29.668038525559258,29.770519367641633,29.658721923828125,29.658721923828125,1376
2023-04-25,29.523635882374982,29.57487630383487,29.467736271531408,29.546926498413086,118
2023-04-26,29.458420742930997,29.458420742930997,29.244142460403218,29.402521133422852,846
2023-04-27,29.22085387141275,29.22085387141275,29.0391845703125,29.0391845703125,0
2023-04-28,29.220851532686385,29.421154022216797,29.067132050581677,29.421154022216797,812
2023-05-02,29.230167739907195,29.230167739907195,28.163440873207509,28.210023880004883,5398
2023-05-03,28.28455354819322,28.391691793213958,28.233313131670272,28.307844161987305,46
2023-05-04,27.907239514320125,27.907239514320125,27.217827032072265,27.515951156616211,434
2023-05-05,27.814077172845849,27.814077172845849,27.590484064230917,27.720912933349609,406
2023-05-08,27.678989689209494,27.702282082287301,27.5998012390173,27.613775253295898,43
2023-05-09,27.744205933751463,28.000406265258789,27.744205933751463,28.000406265258789,93
2023-05-10,27.977115223403292,27.977115223403292,27.748862923958242,27.790786743164062,39
2023-05-11,28.070276326744683,28.070276326744683,27.911897659301758,27.911897659301758,925
2023-05-12,28.182074867753972,28.182074867753972,27.856000918850757,27.879291534423828,18
2023-05-15,28.046988058856979,28.046988058856979,27.795445134760289,27.869977951049805,177
2023-05-16,27.72091420998737,27.837369070480772,27.72091420998737,27.758180618286133,18
2023-05-17,27.678989189744289,27.902584075927734,27.678989189744289,27.902584075927734,13253
2023-05-18,28.01904021951,28.214683532714844,28.01904021951,28.214683532714844,1239
2023-05-19,28.251951866800386,28.34045692733612,28.23797607421875,28.23797607421875,1390
2023-05-22,28.186731801999308,28.205365004925749,28.186731801999308,28.191390991210938,1751
2023-05-23,28.088908080506329,28.144805908203125,28.088908080506329,28.144805908203125,33
2023-05-24,27.767495401275891,27.767495401275891,27.539243107799461,27.623090744018555,45
2023-05-25,27.469372669798862,27.469372669798862,27.320310592651367,27.320310592651367,1010
2023-05-26,27.334284764506933,27.618434906005859,27.324968162511542,27.618434906005859,639
2023-05-29,27.623092318523486,27.623092318523486,27.613775716528096,27.618434906005859,0
2023-05-30,27.800104703391501,27.800104703391501,27.669675827026367,27.669675827026367,52
2023-05-31,27.511294729352663,27.79078566187696,27.511294729352663,27.595142364501953,259
2023-06-01,27.939851372244775,28.168103692568188,27.939851372244775,28.140153884887695,8213
2023-06-02,28.223997072493617,28.410325540342566,28.223997072493617,28.405666351318359,14549
2023-06-05,28.373060484286725,28.373060484286725,28.284555435180664,28.284555435180664,111
2023-06-06,28.321817363169643,28.522119834585997,28.321817363169643,28.503486633300781,232
2023-06-07,28.428959279727056,28.64789498072733,28.428959279727056,28.591997146606445,696
2023-06-08,28.540755616157313,28.610627461853955,28.540755616157313,28.601312637329102,0
2023-06-09,28.587338236658155,28.587338236658155,28.373061722966693,28.526782989501953,150
2023-06-12,28.694475729478818,28.755032751982739,28.564046859741211,28.564046859741211,308
2023-06-13,28.596654501025519,28.773666381835938,28.564047283107826,28.773666381835938,6
2023-06-14,28.741059365685857,28.913412058312208,28.741059365685857,28.866830825805664,470
2023-06-15,28.973970463582607,29.043842315673828,28.89478023219365,29.043842315673828,964
2023-06-16,29.174271994573971,29.42581314142409,29.174271994573971,29.327991485595703,1375
2023-06-19,29.290724581966209,29.290724581966209,28.880803009444644,28.959991455078125,73
2023-06-20,28.848197622019001,28.890121442058934,28.848197622019001,28.866830825805664,30
2023-06-21,28.666526586779852,28.699133802946445,28.573362350463867,28.573362350463867,23
2023-06-22,28.31716263754651,28.512805938720703,28.284555420684143,28.512805938720703,245
2023-06-23,28.447592317566016,28.605970994118561,28.4382757157735,28.545413970947266,10
2023-06-26,28.498831403879343,28.498831403879343,28.396350565922635,28.438274383544922,2
2023-06-27,28.652553225566948,28.652553225566948,28.442935897283942,28.647895812988281,7047
2023-06-28,28.806274596230452,28.908755442922608,28.806274596230452,28.876148223876953,179
2023-06-29,29.001917525070411,29.001917525070411,28.713109970092773,28.713109970092773,0
2023-06-30,28.824905952725569,29.048499059116814,28.824905952725569,28.946018218994141,1054
2023-07-03,28.983283493622299,29.062471938290784,28.904093271993833,28.932043075561523,281
2023-07-04,28.964649391984022,29.081104237793877,28.964649391984022,29.034523010253906,1022
2023-07-05,28.90875279399328,28.941360010051113,28.90875279399328,28.936700820922852,29
2023-07-06,28.764344978555428,28.764344978555428,28.489511489868164,28.489511489868164,1
2023-07-07,28.289215971929835,28.289215971929835,28.074939443926791,28.140153884887695,27
2023-07-10,28.014377533070267,28.172756195068359,27.883948673881225,28.172756195068359,332
2023-07-11,28.168101504258136,28.205366134643555,28.163442314859893,28.205366134643555,3
2023-07-12,28.363743741864411,28.601312637329102,28.363743741864411,28.601312637329102,350
2023-07-13,28.638577475586171,28.946018218994141,28.638577475586171,28.946018218994141,24
2023-07-14,28.936698643470354,29.001913070678711,28.936698643470354,29.001913070678711,1204
2023-07-17,28.909838358541872,28.979951858520508,28.909838358541872,28.979951858520508,52
2023-07-18,28.923864229608888,29.27442818884877,28.923864229608888,29.237033843994141,2715
2023-07-19,29.157576558504712,29.279104625759938,29.040721893310547,29.040721893310547,95
2023-07-20,29.06408872497359,29.283776037812416,29.06408872497359,29.194965362548828,5
2023-07-21,29.391282777024703,29.391282777024703,29.185617446899414,29.185617446899414,3
2023-07-24,29.031371273996253,29.031371273996253,28.909841432187157,28.937887191772461,166
2023-07-25,28.863100345051112,29.050068509903202,28.863100345051112,28.989303588867188,24
2023-07-26,28.970602911769561,29.115503311157227,28.891142610307533,29.115503311157227,0
2023-07-27,29.83065826807718,30.372865616863947,29.83065826807718,30.321449279785156,221
2023-07-28,29.975553106547931,30.017622634330618,29.877395629882812,29.877395629882812,159
2023-07-31,29.793261687290887,29.821305661509765,29.793261687290887,29.802608489990234,451
2023-08-01,29.653032356162342,29.667056125231316,29.545526302955004,29.601617813110352,352
2023-08-02,29.115504559788789,29.540855407714844,29.115504559788789,29.540855407714844,959
2023-08-03,29.349212885360014,29.423999786376953,29.349212885360014,29.423999786376953,56
2023-08-04,29.143549291876226,29.400630950927734,29.092134743126397,29.400630950927734,16
2023-08-07,29.386607017928561,29.480091094970703,29.358563042958245,29.480091094970703,37
2023-08-08,29.442698930873583,29.475418090820312,29.38193401251802,29.475418090820312,147
2023-08-09,29.71847716452163,29.71847716452163,29.433351516723633,29.433351516723633,0
2023-08-10,29.582925125715732,29.592273712158203,29.433351308757324,29.592273712158203,747
2023-08-11,29.456720821694642,29.456720821694642,29.190292358398438,29.190292358398438,0
2023-08-14,29.208992397931812,29.307149887084961,29.124856897783207,29.307149887084961,163
2023-08-15,29.265081960012346,29.265081960012346,28.975282896286927,29.050069808959961,34
2023-08-16,29.054739458064471,29.054739458064471,28.788311004638672,28.788311004638672,9
2023-08-17,28.606018500992565,28.652759647481428,28.521883010864258,28.521883010864258,0
2023-08-18,28.255456941446074,28.489166259765625,28.255456941446074,28.489166259765625,244
2023-08-21,28.45177034047812,28.503186672956414,28.433074951171875,28.433074951171875,79
2023-08-22,28.582650449960635,28.59199725363484,28.46112060546875,28.46112060546875,0
2023-08-23,28.517207731351327,28.652759552001953,28.517207731351327,28.652759552001953,0
2023-08-24,28.919192201253107,28.919192201253107,28.596673965454102,28.596673965454102,3
2023-08-25,28.596668414188226,28.76493938561315,28.596668414188226,28.620038986206055,3
2023-08-28,28.825703564615061,28.86309790765187,28.708848917215661,28.788311004638672,4
2023-08-29,29.022018432617188,29.026691833665968,28.998647861252685,29.022018432617188,315
2023-08-30,28.998652196048539,29.223012924194336,28.998652196048539,29.223012924194336,758
2023-08-31,29.2370325978167,29.2370325978167,29.124853134155273,29.124853134155273,500
2023-09-01,29.152894872757063,29.24637894067909,29.152894872757063,29.180940628051758,210
2023-09-04,29.363240747858072,29.381937922618818,29.213666915893555,29.213666915893555,117
2023-09-05,29.087460990166235,29.386608626628842,29.064090415391451,29.353889465332031,378
2023-09-06,29.274431949648697,29.419330596923828,29.03137402605018,29.419330596923828,2
2023-09-07,29.302471263274384,29.624991237015166,29.302471263274384,29.587596893310547,1
2023-09-08,29.713800961781544,29.914791107177734,29.713800961781544,29.914791107177734,54
2023-09-11,30.036324094594598,30.036324094594598,29.952188593137191,30.026973724365234,0
2023-09-12,30.13915631962206,30.13915631962206,29.774568557739258,29.774568557739258,0
2023-09-13,29.769893487461008,29.980232238769531,29.718478933195069,29.980232238769531,75
2023-09-14,30.031645420096549,30.284051895141602,30.031645420096549,30.284051895141602,0
2023-09-15,30.704728016242889,30.704728016242889,30.50840950012207,30.50840950012207,40
2023-09-18,30.410253152269522,30.424275139771989,30.129802703857422,30.129802703857422,126
2023-09-19,30.134476683336871,30.251331329345703,30.134476683336871,30.251331329345703,0
2023-09-20,30.195239091533942,30.368185247284153,30.195239091533942,30.312093734741211,37
2023-09-21,30.148503574497347,30.157850378605339,30.026973724365234,30.026973724365234,0
2023-09-22,29.830654880450766,29.896093199097685,29.830654880450766,29.872722625732422,0
2023-09-25,29.79326117646308,29.79326117646308,29.6623827611308,29.73249626159668,202
2023-09-26,29.629664905013943,29.629664905013943,29.438023349454763,29.480091094970703,77
2023-09-27,29.550204937390316,29.662384404678953,29.526832580566406,29.526832580566406,0
2023-09-28,29.620316022994487,29.769889831542969,29.428674469350469,29.769889831542969,15
2023-09-29,29.910117497500892,30.171872559769199,29.910117497500892,29.970882415771484,313
2023-10-02,30.097084221090586,30.097084221090586,29.704452514648438,29.704452514648438,1822
2023-10-03,29.606295534530812,29.774566523432039,29.606295534530812,29.671733856201172,3
2023-10-04,29.840003267949669,30.031644821166992,29.840003267949669,30.031644821166992,200
2023-10-05,30.125126314628524,30.38220796229627,30.101757525099231,30.251331329345703,654
2023-10-06,30.213938565099134,30.410253524780273,30.213938565099134,30.410253524780273,144
2023-10-09,30.391555786132812,30.391555786132812,30.335467836481154,30.391555786132812,311
2023-10-10,30.751473219849981,30.989857728378784,30.751473219849981,30.924419403076172,256
2023-10-11,30.840281274040869,31.045943036259228,30.840281274040869,30.985179901123047,592
2023-10-12,31.162797013425045,31.368462337311936,31.162797013425045,31.307699203491211,715
2023-10-13,31.293670029757386,31.317042383357336,30.840277038554458,30.858970642089844,1985
2023-10-16,31.076246022751885,31.076246022751885,30.784227882295994,30.869007110595703,283
2023-10-17,30.812489059745211,31.02914630759782,30.812489059745211,30.897268295288086,108
2023-10-18,30.83133230124394,30.864301807542379,30.732423782348633,30.732423782348633,5230
2023-10-19,30.539308991446386,30.56757113025828,30.463951672562196,30.482791900634766,139
2023-10-20,30.14367636190514,30.14367636190514,29.927019119262695,29.927019119262695,21930
2023-10-23,29.87049724539277,30.223743438720703,29.87049724539277,30.223743438720703,2
2023-10-24,30.26613330758558,30.26613330758558,30.115413286482255,30.237871170043945,1216
2023-10-25,30.252007149481571,30.459242483484967,30.242585238195883,30.412143707275391,510
2023-10-26,29.927018485700035,30.242584228515625,29.912887415946429,30.242584228515625,253
2023-10-27,29.733911738526455,29.992958602051296,29.733911738526455,29.809270858764648,1322
2023-10-30,29.959988791394725,30.228455766778669,29.959988791394725,30.068317413330078,303
2023-10-31,30.23316672232005,30.303813089468608,30.200197219848633,30.200197219848633,1031
2023-11-01,30.091865905213648,30.204903682691864,29.927018397764968,30.105995178222656,2212
2023-11-02,30.275556471293935,30.492213728966146,30.275556471293935,30.402727127075195,2334
2023-11-03,30.402724938248809,30.421561573728091,30.237873833852092,30.261425018310547,648
2023-11-06,30.30381438311883,30.30381438311883,30.228457057141323,30.247297286987305,2517
2023-11-07,30.148389408919169,30.402727127075195,30.148389408919169,30.402727127075195,3
2023-11-08,30.256713985101698,30.595830917358398,30.256713985101698,30.595830917358398,2
2023-11-09,30.562861363934609,30.930236842127194,30.562861363934609,30.925529479980469,588
2023-11-10,30.87842659661575,30.87842659661575,30.506340169071752,30.576990127563477,358
2023-11-13,30.708870500195072,30.760680234188008,30.520475387573242,30.520475387573242,263
2023-11-14,30.647642020431739,30.840751679603809,30.647642020431739,30.779520034790039,126
2023-11-15,30.817194568603153,30.953783512469812,30.774803161621094,30.774803161621094,479
2023-11-16,30.737133330381287,30.972630819840582,30.737133330381287,30.817201614379883,31
2023-11-17,30.826613121156125,31.04327392578125,30.826613121156125,31.04327392578125,318
2023-11-20,31.005599162574033,31.066827213912344,30.967918703255201,31.04798698425293,161
2023-11-21,31.076246210262443,31.142185211181641,31.010303615937204,31.142185211181641,927
2023-11-22,31.28348328044687,31.415361289663299,31.28348328044687,31.340003967285156,101
2023-11-23,31.410650889365922,31.57078742980957,31.410650889365922,31.57078742980957,475
2023-11-24,31.570783770646024,31.669692256527835,31.533103320765672,31.641433715820312,11906
2023-11-27,31.660286051659419,31.768612894746468,31.660286051659419,31.73564338684082,5000
2023-11-28,31.537820148130272,31.650857925415039,31.410653097860674,31.650857925415039,1612
2023-11-29,31.636732855317515,31.763903515887673,31.636732855317515,31.660284042358398,161
2023-11-30,31.730931228068901,31.782740960291129,31.69325076946977,31.768608093261719,432
2023-12-01,31.938160053394594,32.131269669297652,31.853380835530793,32.074748992919922,682
2023-12-04,32.074748992919922,32.074748992919922,32.074748992919922,32.074748992919922,0
2023-12-05,32.074748992919922,32.074748992919922,32.074748992919922,32.074748992919922,0
2023-12-06,32.074748992919922,32.074748992919922,32.074748992919922,32.074748992919922,0
2023-12-07,32.352641031624323,32.451549530029297,32.352641031624323,32.451549530029297,177
2023-12-08,32.446840517671262,32.654079437255859,32.385612470251331,32.654079437255859,6
2023-12-11,32.639952149032844,32.997905731201172,32.639952149032844,32.997905731201172,285
2023-12-12,33.021453679497228,33.280502319335938,33.021453679497228,33.280502319335938,263
2023-12-13,33.520712399879109,33.520712399879109,33.195728302001953,33.195728302001953,563
2023-12-14,33.421799015605792,33.638456247101892,32.964933369304987,33.026165008544922,1666
2023-12-15,33.026165086517771,33.068552904486062,32.898994445800781,32.898994445800781,760
2023-12-18,32.781246664887291,32.964934401546863,32.781246664887291,32.927257537841797,607
2023-12-19,33.10152232700154,33.10152232700154,32.922545551436777,33.026165008544922,75
2023-12-20,33.054430111661141,33.153338633049422,33.026171560809281,33.129787445068359,11
2023-12-21,33.06855386189968,33.06855386189968,32.913124671370454,32.927257537841797,372
2023-12-22,32.927258633251768,33.021456185757415,32.927258633251768,32.969646453857422,25
2023-12-27,32.842475793887537,32.99790137912192,32.842475793887537,32.974353790283203,404
2023-12-28,33.12978075329395,33.12978075329395,32.894283294677734,32.894283294677734,81
2023-12-29,33.054427345678278,33.129784672779621,32.988488336937181,33.030876159667969,312
2024-01-02,33.285214314901708,33.285214314901708,32.771831512451172,32.771831512451172,686
2024-01-03,32.77653589899144,32.77653589899144,32.611688389933938,32.668209075927734,297
2024-01-04,32.729437829460416,32.964935302734375,32.729437829460416,32.964935302734375,581
2024-01-05,32.823637970940183,33.092104938525488,32.720018510923722,33.059135437011719,274
2024-01-08,33.120366507425608,33.304054260253906,33.021457993857027,33.304054260253906,48
2024-01-09,33.3605687022635,33.3605687022635,33.162751712178633,33.219268798828125,0
2024-01-10,33.172177040047785,33.468902587890625,33.172177040047785,33.468902587890625,880
2024-01-11,33.643170849063416,33.643170849063416,33.289924621582031,33.289924621582031,71
2024-01-12,33.619621057179614,33.888088057460713,33.619621057179614,33.878669738769531,784
2024-01-15,33.949313457691815,33.949313457691815,33.723234323239545,33.79388427734375,731
2024-01-16,33.6062717689274,33.913330078125,33.6062717689274,33.913330078125,3005
2024-01-17,33.7479910981545,33.81884765625,33.601545801862819,33.81884765625,395
2024-01-18,33.747990667935987,34.130630493164062,33.747990667935987,34.130630493164062,0
2024-01-19,34.357383661481038,34.362105029417521,34.187320709228516,34.187320709228516,974
2024-01-22,34.206215343304592,34.560512542724609,34.206215343304592,34.560512542724609,117
2024-01-23,34.470756747968288,34.551063249698906,34.314865112304688,34.314865112304688,483
2024-01-24,34.432966970776214,34.664440155029297,34.432966970776214,34.664440155029297,80
2024-01-25,34.697501155240019,35.032905645344961,34.697501155240019,34.980941772460938,217
2024-01-26,34.98566365250425,35.245483020732372,34.98566365250425,35.061248779296875,524
2024-01-29,35.080150391698602,35.236038432226664,35.014015197753906,35.014015197753906,15135
2024-01-30,35.302174624565232,35.406098775880565,35.240760803222656,35.240760803222656,124
2024-01-31,35.278554160563345,35.316346727760369,35.047080993652344,35.047080993652344,10427
2024-02-01,35.103763580322266,35.103763580322266,35.004560802020471,35.103763580322266,992
2024-02-02,35.406101817496641,35.434448046742766,35.146286010742188,35.146286010742188,3036
2024-02-05,35.174628712082566,35.278556476648589,35.094322204589844,35.094322204589844,1382
2024-02-06,35.174623668604262,35.179348640161002,35.042353297793987,35.155727386474609,5092
2024-02-07,35.321065641001816,35.321065641001816,35.169898986816406,35.169898986816406,3708
2024-02-08,35.117936264753361,35.51475099758143,35.117936264753361,35.382480621337891,188
2024-02-09,35.439172081863973,35.769851684570312,35.439172081863973,35.769851684570312,45096
2024-02-12,35.963528979428908,35.963528979428908,35.769848370786441,35.850154876708984,724
2024-02-13,35.840710386450326,35.840710386450326,35.23131869621799,35.373035430908203,1024
2024-02-14,35.519474979767239,35.812358346404714,35.519474979767239,35.732051849365234,1290
2024-02-15,36.119422754694504,36.119422754694504,35.481688433626815,35.609233856201172,2200
2024-02-16,35.958804084765866,36.124142052537451,35.765119891021016,36.086349487304688,955
2024-02-19,35.939912802305727,36.246971130371094,35.939912802305727,36.246971130371094,198
2024-02-20,36.237513216143732,36.350887298583984,36.209170596557946,36.350887298583984,522
2024-02-21,36.199728692466742,36.308381431834825,36.029665728993677,36.19500732421875,979
2024-02-22,36.379236111302212,36.502056540979574,36.218619512658762,36.346168518066406,2098
2024-02-23,36.421752207081525,36.506783681038193,36.374513300238391,36.497337341308594,484
2024-02-26,36.530402987415947,36.634330739384282,36.412303924560547,36.412303924560547,1635
2024-02-27,36.383958768369936,36.383958768369936,35.949355069268172,36.010768890380859,1361
2024-02-28,36.053287584323733,36.081630210673147,35.972981073601758,36.001323699951172,347
2024-02-29,36.284754768630101,36.620155673263511,36.199723299561256,36.294204711914062,1316
2024-03-01,36.492613817548204,36.492613817548204,36.043838778583137,36.280036926269531,529
2024-03-04,36.180823858872046,36.270580291748047,36.109967310914193,36.270580291748047,7867
2024-03-05,36.17610636696412,36.25641286598357,36.17610636696412,36.218620300292969,312
2024-03-06,36.237522152728253,36.237522152728253,35.892674849067568,36.015495300292969,2600
2024-03-07,35.996597921493979,36.209178426648371,35.996597921493979,36.128871917724609,368
2024-03-08,36.195004521689881,36.195004521689881,36.119419386399684,36.133590698242188,370
2024-03-11,35.906840912937419,35.906840912937419,35.571439999136643,35.722606658935547,984
2024-03-12,35.92573964093036,36.109973907470703,35.713159145931549,36.109973907470703,1473
2024-03-13,36.02966063945555,36.086349487304688,35.958804084765866,36.086349487304688,592
2024-03-14,36.209173173490257,36.346168518066406,36.105245422149906,36.346168518066406,1450
2024-03-15,36.313106326680817,36.383962891228457,36.20445358754462,36.246971130371094,442
2024-03-18,36.213896624071317,36.213896624071317,36.043833693402327,36.171379089355469,7550
2024-03-19,36.105245560660016,36.242240905761719,36.091074249804208,36.242240905761719,3622
2024-03-20,36.289480678551257,36.407579743972747,36.251688112632991,36.284755706787109,656
2024-03-21,36.530404293000032,36.587089538574219,36.313102442071489,36.587089538574219,240
2024-03-22,36.686297147495004,36.757153706820944,36.530405508782707,36.747707366943359,634
2024-03-25,36.709914224151476,36.709914224151476,36.426477178995107,36.497337341308594,2760
2024-03-26,36.412306516259129,36.634333346885946,36.393410232365611,36.473716735839844,341
2024-03-27,36.563467877540802,36.742977142333984,36.563467877540802,36.742977142333984,243
2024-03-28,36.794947129708774,37.012248992919922,36.794947129708774,37.012248992919922,829
2024-04-02,37.182306592462787,37.635806537864106,36.261135391506556,36.275306701660156,1174
2024-04-03,36.180831242888807,36.426479339599609,36.048560854243505,36.426479339599609,117247
2024-04-04,36.265858555822263,36.27058352747332,36.166655775734277,36.242240905761719,1820
2024-04-05,35.95407589158885,36.114688873291016,35.746220405529996,36.114688873291016,2677
2024-04-08,36.100519069021153,36.100519069021153,35.944627447976302,36.067451477050781,840
2024-04-09,36.091076762714671,36.133590698242188,36.029662939266977,36.133590698242188,9883
2024-04-10,36.275305393531511,36.275305393531511,36.086346188737416,36.166652679443359,455
2024-04-11,36.124144779624395,36.506784620224536,36.124144779624395,36.487888336181641,111107
2024-04-12,36.733538025429112,36.733538025429112,36.388687133789062,36.388687133789062,44
2024-04-15,36.58237185137525,36.790223779554971,36.464272772417139,36.468994140625,558
2024-04-16,35.93046094450343,36.058009962093564,35.902118320193487,35.939910888671875,2605
2024-04-17,35.935187928673102,36.29893150937567,35.935187928673102,35.972980499267578,15242
2024-04-18,36.024944228252281,36.152489648339042,36.001322970707605,36.076908111572266,2038
2024-04-19,35.807636107263406,35.869046320428644,35.59978061024681,35.689537048339844,37209
2024-04-22,35.99659713818729,36.105249874559348,35.99659713818729,36.10052490234375,189
2024-04-23,36.365069825624239,36.577646725215537,36.365069825624239,36.572921752929688,22537
2024-04-24,36.67212049720569,36.67212049720569,36.284755706787109,36.284755706787109,1283
2024-04-25,36.185552479514023,36.185552479514023,35.571439509329728,35.930458068847656,1
2024-04-26,36.265861503799648,36.487888336181641,36.209176255768611,36.487888336181641,304
2024-04-29,36.398134412144344,36.577643699079246,36.379238128662109,36.379238128662109,2451
2024-04-30,36.417027742535254,36.435924026355281,36.355617523193359,36.355617523193359,288
2024-05-02,36.402854919433594,36.402854919433594,36.15721044816631,36.402854919433594,1647
2024-05-03,36.554019888564589,37.290960476469159,36.554019888564589,37.050037384033203,13578
2024-05-06,37.125620568117867,37.29096214339647,37.087831606203224,37.120899200439453,1194
2024-05-07,37.432681599492746,37.588573242629295,37.357100066034185,37.522438049316406,737
2024-05-08,37.668874936533228,37.947590590547826,37.668874936533228,37.872005462646484,141
2024-05-09,37.857840130512791,37.975939208435307,37.801151275634766,37.801151275634766,2650
2024-05-10,37.89563175891724,37.89563175891724,37.758636399439027,37.810600280761719,657
2024-05-13,37.890907089755956,37.9239746868532,37.602745056152344,37.602745056152344,78
2024-05-14,37.683045001084459,37.70194128243503,37.579120859802046,37.645256042480469,382
2024-05-15,37.843661815116477,37.843661815116477,37.593292392905489,37.711391448974609,819
2024-05-16,37.782251826886665,37.782251826886665,37.616910264134304,37.77752685546875,570
2024-05-17,37.744460064434563,37.895626716139972,37.711392472002046,37.872005462646484,1270
2024-05-20,37.928697621192129,38.037346746917919,37.928697621192129,38.013729095458984,4003
2024-05-21,38.037342774360951,38.037342774360951,37.801144659854216,37.895626068115234,2590
2024-05-22,37.895631533827085,37.96649169921875,37.791703771799,37.96649169921875,830
2024-05-23,38.268822147327967,38.282993458515179,38.112930516073753,38.179065704345703,813
2024-05-24,37.975934956964053,38.334957122802734,37.975934956964053,38.334957122802734,4306
2024-05-27,38.3491310999935,38.401094980402384,38.287720879554676,38.344406127929688,96
2024-05-28,38.523912750590625,38.523912750590625,37.876728638973873,37.905071258544922,3033
2024-05-29,37.739745649946151,37.739745649946151,37.437412261962891,37.437412261962891,54
2024-05-30,37.357095828725178,37.574397668404984,37.357095828725178,37.390163421630859,4537
2024-05-31,37.465748262909202,37.664157442003386,37.465748262909202,37.598018646240234,911
2024-06-03,37.938142448755592,38.042070202505627,37.63108776334542,37.838939666748047,6818
2024-06-04,37.678323500994601,37.782251246007796,37.512985544881403,37.749183654785156,78
2024-06-05,37.928700853764099,38.037349988749803,37.895633255625249,37.985389709472656,2310
2024-06-06,38.179067866683511,38.245203058701136,38.065693766667238,38.108207702636719,32
2024-06-07,38.146002439189168,38.146002439189168,37.8625653709869,38.037349700927734,531
2024-06-10,37.739734447557467,37.900351039552589,37.739734447557467,37.895626068115234,3036
2024-06-11,38.046800691344167,38.046800691344167,37.631093220160501,37.687778472900391,3634
2024-06-12,37.829497885584644,38.377475738525391,37.829497885584644,38.377475738525391,322
2024-06-13,38.50973983346266,38.50973983346266,38.212131500244141,38.212131500244141,133
2024-06-14,38.127104068308277,38.127104068308277,37.815324391571409,37.834217071533203,262
2024-06-17,37.975938402755446,37.975938402755446,37.697226314738302,37.928699493408203,426
2024-06-18,38.127101827260965,38.231029581430441,38.127101827260965,38.179065704345703,2717
2024-06-19,38.146000559205334,38.150725531270233,38.046797770428533,38.122379302978516,149
2024-06-20,38.103482686476632,38.476672546803087,38.103482686476632,38.448329925537109,1990
2024-06-21,38.415263763784857,38.481398951934104,38.231029510498047,38.231029510498047,623
2024-06-24,38.339688464694454,38.675089431680959,38.301895892727458,38.618400573730469,270
2024-06-25,38.500296324833705,38.651462988325591,38.500296324833705,38.56170654296875,584
2024-06-26,38.779008901851121,38.779008901851121,38.231031091088354,38.353855133056641,624
2024-06-27,38.457791432022738,38.566440582275391,38.457791432022738,38.566440582275391,1790
2024-06-28,38.590051749262052,38.670358248721215,38.179065704345703,38.179065704345703,146
2024-07-01,38.486122815089217,38.486122815089217,37.900352478027344,37.900352478027344,10191
2024-07-02,37.668879725393289,37.96649169921875,37.640537100875711,37.96649169921875,1134
2024-07-03,37.961760707193541,38.183787508299893,37.961760707193541,38.155441284179688,2712
2024-07-04,38.30660824461048,38.509738765998051,38.30660824461048,38.391639709472656,133
2024-07-05,38.56170812969053,38.736496055709758,38.415266432059475,38.462505340576172,749
2024-07-08,38.476671608315698,38.745937316066772,38.457778930664062,38.457778930664062,472
2024-07-09,38.401091669980659,38.689253671371162,38.401091669980659,38.424709320068359,157
2024-07-10,38.39164848931707,38.419994720151792,38.377477175948712,38.3822021484375,316
2024-07-11,38.424710537247606,38.424710537247606,38.141273498535156,38.141273498535156,498
2024-07-12,38.249931438596981,38.613675027101579,38.249931438596981,38.590057373046875,151
2024-07-15,38.627844188106067,38.887663596917122,38.438888549804688,38.438888549804688,351
2024-07-16,38.326135484651694,38.525354619779606,38.326135484651694,38.501636505126953,2596
2024-07-17,38.444708161607345,38.444708161607345,38.036781311035156,38.036781311035156,601
2024-07-18,38.463686127136327,38.577528726405724,38.288185119628906,38.288185119628906,8886
2024-07-19,38.160115015234872,38.160115015234872,38.079479217529297,38.079479217529297,145
2024-07-22,38.354592980384616,38.568041529258785,38.254983416318261,38.411514282226562,656
2024-07-23,38.482658446716606,38.525350324556378,38.392537582611844,38.449455261230469,1017
2024-07-24,38.160112672071897,38.667649160107359,38.145883252041841,38.520606994628906,1171
2024-07-25,37.842314309862573,37.847058656676246,36.661225274597939,37.36798095703125,15268
2024-07-26,37.296828439281292,37.510280609130859,37.277854671814033,37.510280609130859,2389
2024-07-29,37.571943520879366,37.71424497078489,37.543484678448742,37.647838592529297,1551
2024-07-30,37.662065027520953,37.818595886230469,37.662065027520953,37.818595886230469,0
2024-07-31,37.510283893778812,37.775909423828125,37.510283893778812,37.775909423828125,77
2024-08-01,37.552966250770908,37.57668436316861,37.064403533935547,37.064403533935547,2413
2024-08-02,36.613786383347922,36.613786383347922,36.243807010615988,36.253292083740234,2016
2024-08-05,35.541794607095717,35.541794607095717,35.062716956856448,35.427955627441406,3803
2024-08-06,35.446931536289142,35.622432553264403,35.195531830163802,35.404239654541016,2863
2024-08-07,35.475394256805551,36.110999254899305,35.475394256805551,36.039852142333984,20632
2024-08-08,35.79794237634183,35.878578186035156,35.456421748374012,35.878578186035156,3929
2024-08-09,35.821650268732277,35.987669823676335,35.821650268732277,35.949722290039062,654
2024-08-12,36.106261604106145,36.120491027832031,36.016137095339744,36.120491027832031,2656
2024-08-13,36.286500480243113,36.286500480243113,35.926006128853402,36.125228881835938,0
2024-08-14,36.224838256835938,36.224838256835938,36.068307387063896,36.224838256835938,474
2024-08-15,36.300732862981071,36.556873321533203,36.24381517366492,36.556873321533203,167
2024-08-16,36.542640022811902,36.699170889579712,36.471489299837799,36.590072631835938,3974
2024-08-19,36.518923982679055,36.794038197068041,36.490465139423748,36.699172973632812,2356
2024-08-20,36.75609173453239,36.841471885670295,36.637508392333984,36.637508392333984,6707
2024-08-21,36.684936533220586,36.789290440653751,36.67545145930665,36.784549713134766,4313
2024-08-22,36.907874594274141,37.111838067309549,36.907874594274141,36.955310821533203,1506
2024-08-23,36.988515296033583,37.092865590555903,36.941079067124321,37.078636169433594,59
2024-08-26,37.0074825887936,37.182987213134766,36.983768095045377,37.182987213134766,1624
2024-08-27,37.08338026133648,37.235166783725283,37.078635914702915,37.211448669433594,807
2024-08-28,37.358494151417133,37.576687049345253,37.353749804823273,37.477077484130859,64
2024-08-29,37.723735385692635,38.022567749023438,37.662073345404977,38.022567749023438,310
2024-08-30,37.97511826815424,37.97511826815424,37.747440338134766,37.747440338134766,540
2024-09-02,37.704754350557771,37.756931304931641,37.671551163126757,37.756931304931641,636
2024-09-03,37.818596060296777,37.83282548044933,37.557711294580152,37.619373321533203,536
2024-09-04,37.225685253301535,37.443878173828125,37.216196559131056,37.443878173828125,66
2024-09-05,37.386955523839362,37.515023939533258,36.88890404517965,37.254142761230469,11298
2024-09-06,37.230424908912532,37.718987697198514,37.121330261230469,37.121330261230469,1014
2024-09-09,37.258887583867292,37.590919494628906,37.258887583867292,37.590919494628906,2121
2024-09-10,37.491307505596886,37.64309402914683,37.410671706590144,37.462848663330078,13571
2024-09-11,37.543487749359187,37.652582400184237,37.353753673591044,37.443878173828125,2044
2024-09-12,38.107932315688814,38.107932315688814,37.870765686035156,37.870765686035156,4171
2024-09-13,38.00359050497579,38.126914574279539,38.00359050497579,38.041534423828125,345
2024-09-16,37.946668794237148,38.088970249766078,37.922950678690214,38.055767059326172,2872
2024-09-17,38.345103173286077,38.496893307121397,38.088966369628906,38.088966369628906,1229
2024-09-18,38.074733821765484,38.074733821765484,37.695269338908254,37.723728179931641,1830
2024-09-19,37.94192015209412,38.321388244628906,37.809107405369723,38.321388244628906,8904
2024-09-20,38.373567185420121,38.373567185420121,38.079479217529297,38.079479217529297,1916
2024-09-23,38.013072744477633,38.444717811472387,38.013072744477633,38.430484771728516,4564
2024-09-24,38.696109227438683,38.696109227438683,38.254979139391367,38.359333038330078,6030
2024-09-25,38.236012782502229,38.482664539611783,38.236012782502229,38.458950042724609,3430
2024-09-26,38.68663112486211,38.724578665567989,38.458953118380158,38.539588928222656,11755
2024-09-27,38.539579220077357,38.549064293426198,38.463684157783611,38.530094146728516,1355
2024-09-30,38.302416911170958,38.383052709822088,37.799624732668406,37.847057342529297,13820
2024-10-01,37.93243622270834,38.212291144767214,37.908718109130859,37.908718109130859,1680
2024-10-02,37.946665928828892,38.060504913330078,37.785394335691876,38.060504913330078,2295
2024-10-03,37.941921865939811,37.941921865939811,37.529254186959555,37.609889984130859,781
2024-10-04,37.481819559652152,37.624121011576065,37.35375114802163,37.56719970703125,1868
2024-10-07,37.681043992782669,37.681043992782669,37.467591805398989,37.590919494628906,63
2024-10-08,37.443867352191837,37.747440338134766,37.443867352191837,37.747440338134766,265
2024-10-09,37.984612110626109,37.984612110626109,37.723727344105292,37.970382690429688,1578
2024-10-10,37.998843801419916,37.998843801419916,37.813854090060644,37.880260467529297,4649
2024-10-11,37.946666463925737,38.126911826833982,37.946666463925737,38.079479217529297,2793
2024-10-14,38.126911454502185,38.378311157226562,38.117426380284321,38.378311157226562,1784
2024-10-15,38.900733133575855,38.905529022216797,38.780861524890646,38.905529022216797,6046
2024-10-16,38.80964078344121,38.862384594226164,38.75689697265625,38.75689697265625,6587
2024-10-17,38.81442732584312,39.428173065185547,38.81442732584312,39.428173065185547,2116
2024-10-18,39.29871225964061,39.308304038022591,39.159660738634663,39.178840637207031,37
2024-10-21,39.126098814166873,39.250766332111425,38.847995758056641,38.847995758056641,1520
2024-10-22,38.771278536578947,38.771278536578947,38.363715744752831,38.536331176757812,291
2024-10-23,38.54112444673688,38.689767752753944,38.54112444673688,38.593868255615234,1823
2024-10-24,38.632230440275677,38.766486086369319,38.632230440275677,38.708950042724609,24
2024-10-25,38.617847043831816,38.843206306871359,38.593871253137031,38.790462493896484,393
2024-10-28,38.996636884667709,39.365839870233216,38.996636884667709,39.308303833007812,6043
2024-10-29,39.514486623584723,39.514486623584723,39.2459716796875,39.2459716796875,11333
2024-10-30,39.073353713491827,39.073353713491827,38.483587369301198,38.536331176757812,113
2024-10-31,38.200685947637119,38.219865845299942,37.70201958297789,37.889019012451172,17367
2024-11-01,38.090411789919187,38.574690559916874,38.090411789919187,38.560306549072266,546
2024-11-04,38.368507558220891,38.517150858613313,38.325355529785156,38.325355529785156,948
2024-11-05,38.421246875946686,38.881553416436844,38.421246875946686,38.819221496582031,8509
2024-11-06,39.82135177983627,39.854915685551475,39.154865896212016,39.236377716064453,3911
2024-11-07,39.269946243592109,39.293918374386408,39.039791107177734,39.039791107177734,665
2024-11-08,39.322684840856006,39.322684840856006,39.116505520755382,39.303504943847656,451
2024-11-11,39.552835743284362,39.711067147778337,39.54804351274182,39.562427520751953,2391
2024-11-12,39.250758563354829,39.250758563354829,38.651400539431371,38.699348449707031,5529
2024-11-13,38.450021265596035,38.569892883300781,38.406865580962766,38.569892883300781,873
2024-11-14,38.608251295637707,39.068561553955078,38.608251295637707,39.068561553955078,609
2024-11-15,38.958278117854682,38.958278117854682,37.841073695093584,37.874637603759766,6539
2024-11-18,37.946560515683814,38.07122802734375,37.889020819950396,38.07122802734375,8678
2024-11-19,38.066432327426256,38.066432327426256,37.567765936498624,37.984920501708984,11907
2024-11-20,37.960946293743739,37.960946293743739,37.807510756164035,37.869846343994141,3508
2024-11-21,37.903408675991713,37.984920501708984,37.687637559562233,37.984920501708984,30
2024-11-22,38.282205666009524,39.058975219726562,38.282205666009524,39.058975219726562,829
2024-11-25,39.245970003957076,39.245970003957076,38.915126800537109,38.915126800537109,2942
2024-11-26,38.871969727239687,38.943893432617188,38.828817698928155,38.943893432617188,149
2024-11-27,38.991840777738787,38.991840777738787,38.919917073417125,38.967864990234375,414
2024-11-28,39.034999069584998,39.044587190311923,38.953483581542969,38.953483581542969,513
2024-11-29,38.9390945919057,39.087734222412109,38.795250850245367,39.087734222412109,22408
2024-12-02,39.126096268622895,39.437763214111328,39.068560231923932,39.437763214111328,664
2024-12-03,39.471328959947719,39.548048556708267,39.466533070602253,39.533660888671875,1182
2024-12-04,39.576815951170559,39.576815951170559,39.380224731221155,39.4521484375,1394
2024-12-05,39.548049973509755,39.663125714581426,39.514486063272528,39.653533935546875,1091
2024-12-06,39.538456793356232,39.725456237792969,39.538456793356232,39.725456237792969,727
2024-12-09,40.137811848973847,40.137811848973847,39.572017669677734,39.572017669677734,2668
2024-12-10,39.548051159755282,39.548051159755282,39.504895469189037,39.519279479980469,50
2024-12-11,39.859710300981035,40.075481414794922,39.859710300981035,40.075481414794922,227
2024-12-12,39.969993004984566,40.037120819091797,39.912453310810584,40.037120819091797,1118
2024-12-13,40.037119557818073,40.099451480899312,39.874095916748047,39.874095916748047,27164
2024-12-16,40.636482814881624,40.636482814881624,39.36584279758619,40.185764312744141,867
2024-12-17,40.022738192901684,40.022738192901684,39.773403167724609,39.773403167724609,581
2024-12-18,39.763820641318176,39.989179910249391,39.763820641318176,39.955615997314453,14
2024-12-19,39.548047053785986,39.548047053785986,39.034996659070075,39.116508483886719,10767
2024-12-20,38.857584733613464,39.049380057031776,38.536329670347904,38.991840362548828,7773
2024-12-23,38.708945069962816,38.800045013427734,38.521941977564978,38.800045013427734,6151
2024-12-27,38.752104110202048,39.058975219726562,38.752104110202048,39.058975219726562,144
2024-12-30,38.83361494642142,38.895950539623769,38.766487121582031,38.766487121582031,11
2025-01-02,38.977454011088319,39.303504943847656,38.867170517838133,39.303504943847656,1029
2025-01-03,39.241173696321319,39.241173696321319,38.704151153564453,38.704151153564453,1237
2025-01-06,38.728126703609952,38.728126703609952,38.579487044999055,38.684974670410156,312
2025-01-07,38.569898923685336,38.838410218773923,38.445231397454762,38.684974670410156,1033
2025-01-08,38.891149815229781,38.891149815229781,38.790458090487704,38.857585906982422,5
2025-01-09,38.732923993346496,39.154874510242102,38.732923993346496,38.99664306640625,4019
2025-01-10,39.073355590865553,39.207611231499698,38.977459749895985,39.015819549560547,389
2025-01-13,38.613044107978418,38.613044107978418,38.258225151233461,38.531532287597656,140
2025-01-14,38.905537020743516,38.905537020743516,38.584281921386719,38.584281921386719,481
2025-01-15,38.875735711582259,39.144937100819782,38.721905822361698,39.024757385253906,1331
2025-01-16,38.991106825174924,39.394908905029297,38.986298609673661,39.394908905029297,9097
2025-01-17,39.66411299407239,39.822747425815905,39.66411299407239,39.798713684082031,797
2025-01-20,39.890054765773542,39.962159664583403,39.827558963346284,39.894859313964844,1260
2025-01-21,39.928510797667442,40.063111503315213,39.928510797667442,40.039077758789062,33
2025-01-22,40.043881190457967,40.380382914373591,40.010231018066406,40.010231018066406,1215
2025-01-23,39.789096558172879,39.827554945387668,39.616041150893679,39.779483795166016,3662
2025-01-24,39.832365111207466,39.832365111207466,39.5968138962713,39.616043090820312,613
2025-01-27,39.616041950952877,40.072723388671875,39.510283217773221,40.072723388671875,4634
2025-01-28,40.341930727189926,40.615940363806281,40.341930727189926,40.457305908203125,71
2025-01-29,40.716889198011422,40.745734825858584,40.630359649658203,40.630359649658203,126
2025-01-30,40.822641108089542,41.40911865234375,40.822641108089542,41.40911865234375,90
2025-01-31,41.442779541015625,41.442779541015625,41.337020786982691,41.442779541015625,842
2025-02-03,41.207217510993516,41.620635986328125,41.20240929590539,41.620635986328125,1138
2025-02-04,41.385085608979054,41.678324412031692,41.365860081730865,41.639869689941406,567
2025-02-05,41.423543339308431,42.000408172607422,41.413930575837348,42.000408172607422,1273
2025-02-06,42.240770120938187,42.240770120938187,41.822543366934973,41.856193542480469,4280
2025-02-07,41.889836779476497,41.889836779476497,41.740815122114959,41.875415802001953,716
2025-02-10,41.961944930332983,42.351325988769531,41.957136715356626,42.351325988769531,52898
2025-02-11,42.389787366769625,42.610917592582972,42.389787366769625,42.543617248535156,5375
2025-02-12,42.577266630681798,42.692638122967203,42.519579050742294,42.683025360107422,4478
2025-02-13,42.985878544654881,42.985878544654881,42.687835205900299,42.783977508544922,3172
2025-02-14,42.750328589028868,42.750328589028868,42.457089789494987,42.601306915283203,2058
2025-02-17,42.476316452291812,42.586879730224609,42.375365937294795,42.586879730224609,2349
2025-02-18,42.634953998470259,42.918576346342569,42.567653656005859,42.567653656005859,4014
2025-02-19,42.514778977915661,42.534008173252758,42.14943160169878,42.322490692138672,410
2025-02-20,42.317676899992946,42.317676899992946,41.822537104990204,41.947525024414062,26391
2025-02-21,41.865807193816515,41.981182370355498,41.611026763916016,41.611026763916016,372
2025-02-24,41.596604087165169,41.755242197740358,41.514882757812124,41.615833282470703,1822
2025-02-25,41.45238844431141,41.534109769367767,41.260100168960015,41.284133911132812,832
2025-02-26,40.769764115976535,40.870714633427099,40.23616590402802,40.28424072265625,573
2025-02-27,39.539131246979586,39.779490707447543,39.231471430988137,39.433372497558594,8848
2025-02-28,39.366069831812311,39.375686263519498,39.168976992944145,39.313190460205078,5355
2025-03-03,39.298766600566964,39.587197181547779,39.298766600566964,39.394908905029297,860
2025-03-04,39.173781212824032,39.274731739338684,38.558461622109569,38.596920013427734,2337
2025-03-05,38.606531975891166,38.606531975891166,37.923912048339844,37.923912048339844,2442
2025-03-06,38.188309384317726,38.188309384317726,37.226871614662954,37.448001861572266,2858
2025-03-07,37.577792153554334,38.005631642672874,37.443191460473507,37.981597900390625,1355
2025-03-10,38.063323012387272,38.063323012387272,37.654712677001953,37.654712677001953,25819
2025-03-11,37.659511234619437,37.659511234619437,37.077841892703255,37.270130157470703,2007
2025-03-12,37.270134260840535,37.659515380859375,37.24610051734453,37.659515380859375,5634
2025-03-13,37.505686943044395,37.717204432554887,37.505686943044395,37.592216491699219,236
2025-03-14,37.202833749403766,37.649902453541486,37.202833749403766,37.491264343261719,5619
2025-03-17,37.505686517931345,37.794120788574219,37.496073753787158,37.794120788574219,5181
2025-03-18,37.789307555037638,37.789307555037638,37.313396939818908,37.438381195068359,2152
2025-03-19,37.457609723957979,37.899870159903983,37.375888404453654,37.851799011230469,1292
2025-03-20,37.726817108415339,38.048897858945018,37.726817108415339,37.919101715087891,1430
2025-03-21,37.707587947705491,37.885451575794882,37.673937774748538,37.866222381591797,735
2025-03-24,38.197916388079101,38.197916388079101,37.880643879086186,37.938327789306641,11846
2025-03-25,38.130614402301866,38.433465920670656,38.08735147150346,38.375782012939453,6279
2025-03-26,38.47673360718872,38.47673360718872,38.193107604980469,38.193107604980469,660
2025-03-27,38.111391242449507,38.169078826904297,37.909490198248598,38.169078826904297,5260
2025-03-28,38.09216218955536,38.19311271203194,37.923911318761064,37.957561492919922,1964
2025-03-31,37.669132297125266,37.669132297125266,37.178796978293114,37.183605194091797,2385
2025-04-01,37.568180368494644,37.568180368494644,36.933631607736238,37.145145416259766,1224
2025-04-02,37.246101768108879,37.246101768108879,36.899983575316213,37.097076416015625,2367
2025-04-03,36.515403883973555,36.688462965646863,36.126022784005514,36.303886413574219,1774
2025-04-04,36.188518091311479,36.28946861988252,35.04921664915674,35.251117706298828,1316
2025-04-07,33.506104173154917,34.991527406389785,33.419574628815077,33.578212738037109,38625
2025-04-08,33.784923633616081,34.44350984555485,33.70801051692797,34.438701629638672,606
2025-04-09,33.885870045893633,34.068545552575806,33.573402065994799,33.669548034667969,819
2025-04-10,35.722213040533056,35.866430148321982,34.943450927734375,34.943450927734375,52
2025-04-11,35.376096176263523,35.376096176263523,34.81846425263921,34.981906890869141,729
2025-04-14,35.558773393003847,35.895275115966797,35.549156962294212,35.895275115966797,169
2025-04-15,36.425664102743035,36.958911045214862,36.40142409233264,36.910434722900391,9593
2025-04-16,36.512919234690429,36.512919234690429,36.173581314625977,36.343250274658203,23270
2025-04-17,36.163886404350755,36.445054242978173,36.115410083537185,36.29962158203125,484
2025-04-22,36.091168638471316,36.512920379638672,36.057234845400799,36.512920379638672,180
2025-04-23,37.08010375090209,37.08010375090209,36.750459580804574,36.847415924072266,1152
2025-04-24,36.881349909294372,37.220687866210938,36.881349909294372,37.220687866210938,191
2025-04-25,37.337027720228818,37.574567962746841,37.337027720228818,37.351573944091797,2558
2025-04-28,37.438839213829105,37.438839213829105,37.307949066162109,37.307949066162109,384
2025-04-29,37.555176376134085,37.77817039288923,37.555176376134085,37.608501434326172,5305
2025-04-30,38.292027988936134,38.432611904298959,37.98177510624096,38.204769134521484,279
2025-05-02,38.325962956791848,38.626522064208984,38.325962956791848,38.626522064208984,5019
2025-05-05,38.645912146784141,38.902839968522443,38.645912146784141,38.834972381591797,2771
2025-05-06,38.805884046742491,38.805884046742491,38.636211395263672,38.636211395263672,554
2025-05-07,38.757407594469186,38.956165313720703,38.69923749010767,38.956165313720703,3384
2025-05-08,39.116143749998763,39.397307907637483,39.028884887695312,39.028884887695312,757
2025-05-09,38.946469858603621,39.111293792724609,38.844668472164031,39.111293792724609,1496
2025-05-12,39.455479307233482,39.668779557291529,39.368220450255755,39.445785522460938,284
2025-05-13,39.440935831581797,39.838447570800781,39.440935831581797,39.838447570800781,1689
2025-05-14,39.654237524885794,39.857840294201537,39.625148773193359,39.625148773193359,1076
2025-05-15,39.56698006422296,39.916011810302734,39.440938665120981,39.916011810302734,2124
2025-05-16,40.066290908790876,40.20687482688912,39.979032052678377,40.080833435058594,4559
2025-05-19,40.032358031813217,40.192333221435547,39.862689057292378,40.192333221435547,301
2025-05-20,40.284432897598677,40.575294494628906,40.284432897598677,40.575294494628906,1218
2025-05-21,40.531668455895833,40.584993515531863,40.332910742978619,40.551059722900391,140
2025-05-22,40.182635070703576,40.391086578369141,39.988726089397396,40.391086578369141,765
2025-05-23,40.434719332140567,40.463804385921158,40.245655387047719,40.303829193115234,929
2025-05-26,40.681945583872981,40.681945583872981,40.551059156552718,40.623775482177734,612
2025-05-27,40.66740867163707,40.783752589592083,40.468654632568359,40.468654632568359,580
2025-05-28,40.521973022981506,40.521973022981506,40.075984954833984,40.075984954833984,431
2025-05-29,40.298979017746696,40.298979017746696,39.804514628534712,39.886924743652344,80
2025-05-30,39.930558937702884,39.983884003969294,39.901470184326172,39.901470184326172,6
2025-06-02,39.882075415038905,39.882075415038905,39.358525980786617,39.518497467041016,964
2025-06-03,39.620301205919354,39.620301205919354,39.077356823826996,39.101596832275391,1437
2025-06-04,39.062818344108472,39.445787586522059,39.062818344108472,39.411853790283203,191
2025-06-05,39.455478145668849,39.629995854486523,39.353676765276219,39.465175628662109,2634
2025-06-06,39.348828000790093,39.42639307066645,39.30520042286421,39.339134216308594,1541
2025-06-09,39.324592832344877,39.329437875473282,39.188853956119303,39.193702697753906,2470
2025-06-10,39.130685936586183,39.416698833669891,39.130685936586183,39.411853790283203,411
2025-06-11,39.363371071087556,39.494261203687358,39.310046009436697,39.455478668212891,336
2025-06-12,39.31974235182912,39.31974235182912,38.970706939697266,38.970706939697266,693
2025-06-13,38.350204991127228,38.505331445417781,38.282337398531766,38.340507507324219,388
2025-06-16,38.340506687241913,38.544113159179688,38.093276333149305,38.544113159179688,203
2025-06-17,38.044799246361251,38.078733041251425,37.802413940429688,37.802413940429688,204
2025-06-18,37.812112382283438,37.870286194333978,37.516401976746579,37.598812103271484,918
2025-06-19,37.521249344140635,37.686069591150876,37.433990478515625,37.433990478515625,2688
2025-06-20,37.550334345064933,37.768483358062483,37.49700927734375,37.49700927734375,4363
2025-06-23,37.26916384241806,37.579416742574018,37.26916384241806,37.477615356445312,765
2025-06-24,38.127210118578532,38.127210118578532,37.933301130287937,37.9769287109375,1018
2025-06-25,37.642438103249972,37.846040869088078,37.370964050292969,37.370964050292969,124
2025-06-26,37.540633864806736,37.540633864806736,37.419441223144531,37.419441223144531,335
2025-06-27,37.865430397889895,38.093273162841797,37.865430397889895,38.093273162841797,5097
2025-06-30,38.13690487309583,38.146602356935347,38.025409698486328,38.025409698486328,950
2025-07-01,37.996320985762132,37.996320985762132,37.608506697417916,37.836349487304688,569
2025-07-02,37.957539200311246,37.996318037181865,37.690913892728716,37.695762634277344,224
2025-07-03,37.778172983116619,37.879974365234375,37.778172983116619,37.879974365234375,614
2025-07-04,37.705454082184502,37.705454082184502,37.351573639694166,37.419441223144531,644
2025-07-07,37.409745425177455,37.705455780029297,37.409745425177455,37.705455780029297,1323
2025-07-08,37.608508690743427,37.739395141601562,37.569726150301527,37.739395141601562,653
2025-07-09,37.084948916184274,37.084948916184274,36.803781095583538,36.842563629150391,1908
2025-07-10,36.978301169347539,37.249771524711512,36.963758642953927,37.055866241455078,1839
2025-07-11,36.871651316378333,36.871651316378333,36.542007154502606,36.735916137695312,725
2025-07-14,36.483835352351164,36.65835305926057,36.483835352351164,36.638961791992188,361
2025-07-15,36.872466683879701,37.120779830964068,36.852990487395793,36.857856750488281,847
2025-07-16,36.960110251736438,37.076963723968987,36.784828186035156,36.784828186035156,34
2025-07-17,37.193818537193444,37.193818537193444,36.51216644763484,36.585201263427734,285
2025-07-18,36.736134731913744,36.736134731913744,36.521903991699219,36.521903991699219,1869
2025-07-21,36.585195809535485,36.585195809535485,36.224895477294922,36.224895477294922,5715
2025-07-22,36.278457853068517,36.672840639916444,36.278457853068517,36.633888244628906,562
2025-07-23,37.159736875181814,37.261984133492035,36.994194756404816,37.242507934570312,433
2025-07-24,37.456738021459188,37.622280120849609,37.37883323489568,37.622280120849609,168
2025-07-25,37.393446532175304,37.393446532175304,37.115917205810547,37.115917205810547,3267
2025-07-28,37.149993708894591,37.149993708894591,35.991184234619141,35.991184234619141,2666
2025-07-29,36.122651735660412,36.254111425461446,35.801300048828125,35.801300048828125,1321
2025-07-30,35.757482778927027,35.927894870362081,35.757482778927027,35.806171417236328,21
2025-07-31,35.893811324262025,35.923023763388727,35.74774169921875,35.74774169921875,190
2025-08-01,35.114780408268203,35.31927490234375,34.963840811941743,35.31927490234375,9317
2025-08-04,35.319272479762489,35.319272479762489,35.114777999713404,35.255977630615234,5364
2025-08-05,35.46534574527977,35.62115534117531,35.445873260498047,35.445873260498047,3308
2025-08-06,35.552980180484973,35.572456376353571,35.163467407226562,35.163467407226562,90
2025-08-07,35.070957521302439,35.406915409991299,35.070957521302439,35.358226776123047,173
2025-08-08,35.333880266143538,35.333880266143538,34.861592721228725,35.002792358398438,443
2025-08-11,35.153730938047062,35.153730938047062,34.944366455078125,34.944366455078125,128
2025-08-12,35.075827457476869,35.090433676149551,34.540245056152344,34.540245056152344,437
2025-08-13,34.661973039339586,34.856727600097656,34.632756883461774,34.856727600097656,361
2025-08-14,34.973581047581554,35.061222076416016,34.754476618143045,35.061222076416016,107
2025-08-15,35.217030372463341,35.217030372463341,34.929761091255692,35.056354522705078,870
2025-08-18,35.124514498677726,35.226761739455043,35.041743453482439,35.202419281005859,1361
2025-08-19,35.27058788496452,35.543247222900391,35.27058788496452,35.543247222900391,2616
2025-08-20,35.426391586924282,35.630886077880859,35.421521609128753,35.630886077880859,2716
2025-08-21,34.988187010222859,35.17807528552197,34.939498375605986,35.046615600585938,1715
2025-08-22,35.007660782153089,35.392307283981289,34.997920827081543,35.255977630615234,229
2025-08-25,35.294929496989745,35.489687754275337,35.294929496989745,35.363094329833984,24
2025-08-26,35.265720091693986,35.265720091693986,34.842121124267578,34.842121124267578,596
2025-08-27,34.988188909566951,35.080699920654297,34.988188909566951,35.080699920654297,1
2025-08-28,35.168341150330022,35.168341150330022,34.822643280029297,34.822643280029297,1074
2025-08-29,34.754478763861783,34.754478763861783,34.428260803222656,34.428260803222656,731
2025-09-01,34.476943712046854,34.530502319335938,34.418518842061928,34.530502319335938,453
2025-09-02,34.545111252164581,34.545111252164581,34.063087463378906,34.063087463378906,726
2025-09-03,34.170206586940573,34.189682784451151,33.965712085136765,34.165336608886719,5648
2025-09-04,34.452606147016802,34.968712383598316,34.452606147016802,34.861595153808594,725
2025-09-05,34.910284313469418,34.973582885495858,34.808037060240096,34.822643280029297,2185
2025-09-08,34.85672712501502,35.168342590332031,34.85672712501502,35.168342590332031,299
2025-09-09,35.655234430812548,35.757481682538497,35.543247222900391,35.543247222900391,3872
2025-09-10,35.674705290044642,35.674705290044642,35.182945251464844,35.182945251464844,2880
2025-09-11,35.246242812526667,35.36309628748495,35.056354522705078,35.056354522705078,510
2025-09-12,35.168335993719644,35.241367081957343,35.114777385875733,35.158596038818359,91
2025-09-15,35.270587308161119,35.421523194235135,35.143993882744788,35.241371154785156,1532
2025-09-16,35.192680892343965,35.192680892343965,34.822640589223212,34.949234008789062,527
2025-09-17,35.007662340428737,35.007662340428737,34.890808877299897,34.934627532958984,650
2025-09-18,34.963839970065038,34.963839970065038,34.754475503160862,34.934627532958984,5069
2025-09-19,34.608412552880182,34.608412552880182,34.004661560058594,34.004661560058594,551
2025-09-22,33.892675397418927,33.994922642662146,33.824510567256787,33.9267578125,1387
2025-09-23,34.058220788282199,34.175077978177868,33.955973533152239,34.033878326416016,126
2025-09-24,33.829379674880904,33.941363158107706,33.795297260676499,33.8829345703125,715
2025-09-25,33.848855711202397,33.91215428330483,33.824513249759484,33.868331909179688,318
2025-09-26,33.917022428928696,34.106910705566406,33.80990520319363,34.106910705566406,522
2025-09-29,34.155597677388123,34.364962140756234,34.155597677388123,34.360092163085938,362
2025-09-30,34.291930573106534,34.739871978759766,34.291930573106534,34.739871978759766,41
2025-10-01,34.598668617578326,35.26084441343955,34.598668617578326,35.148860931396484,1472
2025-10-02,35.236505156266688,35.246241397661962,34.993058259631525,35.187812805175781,246
2025-10-03,35.163466016268998,35.197548429014724,34.949231584893376,35.158596038818359,755
2025-10-06,35.002796161420228,35.187814474345736,34.997926183139157,35.070960998535156,264
2025-10-07,35.124514933715105,35.124514933715105,34.686309814453125,34.686309814453125,623
2025-10-08,34.559719598260294,34.94923236480296,34.559719598260294,34.725261688232422,263
2025-10-09,34.846985921565199,34.846985921565199,34.291927337646484,34.291927337646484,572
2025-10-10,34.369829995524263,34.462341002021688,33.902412414550781,33.902412414550781,4735
2025-10-13,34.087436399569249,34.296800884745998,34.067960201563864,34.209159851074219,2461
2025-10-14,34.063089640570688,34.272454122165229,33.946236169242646,33.975448608398438,1153
2025-10-15,34.44196668140232,34.708232879638672,34.417314702749849,34.708232879638672,750
2025-10-16,34.639201718718589,34.673717498779297,34.407451297480442,34.673717498779297,800
2025-10-17,34.407451297480442,34.856160200207555,34.338419737359025,34.673717498779297,1002
2025-10-20,34.737821185212823,34.737821185212823,34.363079461666601,34.560310363769531,143
2025-10-21,34.658924231257068,34.930118560791016,34.555376895041803,34.930118560791016,313
2025-10-22,34.580031706232532,34.994224846966844,34.580031706232532,34.920261383056641,162
2025-10-23,34.821641952167155,35.171731628524043,34.821641952167155,35.033668518066406,3209
2025-10-27,35.186528606822201,35.285144053576836,34.737819671630859,34.737819671630859,1197
2025-10-28,34.821644782487922,34.856160562907789,34.772333300227032,34.831504821777344,510
2025-10-29,34.723024189680814,34.782195708862041,34.38772643819604,34.432106018066406,490
2025-10-30,34.175702745715064,34.175702745715064,33.874920747902181,34.037639617919922,854
2025-10-31,34.165841036422279,34.180632976257769,33.943950653076172,33.943950653076172,912
2025-11-03,33.899576835383876,33.899576835383876,33.347320556640625,33.347320556640625,1060
2025-11-04,33.081053189142402,33.258563995361328,32.760551119744115,33.258563995361328,2295
2025-11-05,33.095846724422479,33.64809918589048,33.095846724422479,33.544551849365234,705
2025-11-06,33.371976398807988,33.431147923758786,32.962715148925781,32.962715148925781,1238
2025-11-07,33.312803216889911,33.396630480218533,33.012021230075888,33.293079376220703,3561
2025-11-10,33.460731302916599,33.465663203739659,33.371975897791962,33.3818359375,370
2025-11-11,33.495244859397275,33.8699902963521,33.495244859397275,33.860126495361328,3558
2025-11-12,33.731927420696806,34.003121758889037,33.731927420696806,33.746719360351562,72
2025-11-13,33.74672288367924,33.74672288367924,33.367045503856886,33.396633148193359,30
2025-11-14,33.100778978255228,33.278289794921875,32.706313422725735,33.278289794921875,542
2025-11-17,33.514969762295841,33.514969762295841,33.248703556168444,33.293079376220703,799
2025-11-18,32.770410331460063,32.977505012838343,32.627415309954706,32.671794891357422,1776
2025-11-19,32.780274667950565,33.510037965278435,32.780274667950565,33.332527160644531,106
2025-11-20,33.426212481070152,33.426212481070152,32.696445465087891,32.696445465087891,1248
2025-11-21,32.839445094418956,33.47552490234375,32.839445094418956,33.47552490234375,685
2025-11-24,33.445937419566953,33.445937419566953,32.938060760498047,32.938060760498047,2589
2025-11-25,33.00709204272988,33.243770599365234,33.00709204272988,33.243770599365234,1108
2025-11-26,33.120498365191324,33.307872958656404,32.967643312154202,33.194461822509766,103
2025-11-27,33.140224813986315,33.298011779785156,33.140224813986315,33.298011779785156,850
2025-11-28,33.357184510460847,33.618518829345703,33.357184510460847,33.618518829345703,133
2025-12-01,33.327595362803976,33.426214566759285,33.25363566225996,33.371974945068359,429
2025-12-02,33.214184644758205,33.28321619962464,32.760547637939453,32.760547637939453,122
2025-12-03,32.790131675791969,32.957778663592279,32.721100120587415,32.839439392089844,143
2025-12-04,32.967647800406731,33.110642834173163,32.967647800406731,33.085987091064453,1040
2025-12-05,33.130362637366616,33.480452327589362,33.130362637366616,33.391696929931641,1474
2025-12-08,33.332526644719323,33.332526644719323,33.056400402646254,33.095848083496094,270
2025-12-09,33.150087819947942,33.39663018321356,33.150087819947942,33.367042541503906,213
2025-12-10,33.406488974175062,33.529760151201536,33.327593615147983,33.431144714355469,697
2025-12-11,33.20925737868879,33.539623260498047,33.20925737868879,33.539623260498047,1271
2025-12-12,33.554420124214296,33.781238667123247,33.396633148193359,33.396633148193359,405
2025-12-15,33.569207988053499,33.83054228266446,33.455796849404969,33.510036468505859,97
2025-12-16,33.460730492983167,33.460730492983167,33.120500821251142,33.219120025634766,5528
2025-12-17,33.243772157610117,33.302943680511433,32.972577808672931,33.298011779785156,4513
2025-12-18,33.337458930760519,33.677688598632812,33.243771628143406,33.677688598632812,11650
2025-12-19,33.559343893708693,33.608655373869432,33.450864656455479,33.583999633789062,1025
2025-12-22,33.549483749753414,33.564275688980196,33.401556833610051,33.544551849365234,3429
2025-12-23,33.584001634522721,33.584001634522721,33.411422729492188,33.411422729492188,788
2025-12-29,33.470591498284271,33.657966111051074,33.470591498284271,33.653034210205078,102
2025-12-30,33.687552096666266,33.761515566224183,33.672760155142349,33.751651763916016,190
2026-01-02,34.003120507726074,34.003120507726074,33.248701517589808,33.426212310791016,1675
2026-01-05,33.490311727086933,33.924228668212891,33.3966281927474,33.924228668212891,400
2026-01-06,33.963672743542553,34.003120422363281,33.648098836852128,34.003120422363281,865
2026-01-07,33.9192995597639,34.003123062312596,33.490314483642578,33.490314483642578,444
2026-01-08,33.337458003591742,33.337458003591742,33.214186824392527,33.283218383789062,19
2026-01-09,33.554418275642192,34.072154998779297,33.554418275642192,34.072154998779297,822
2026-01-12,33.983396318134709,33.998188257092792,33.884780883789062,33.884780883789062,15
2026-01-13,33.939021488389578,34.047500726487563,33.702339172363281,33.702339172363281,5716
2026-01-14,33.796026569218895,33.820678547625072,33.125431060791016,33.125431060791016,24201
2026-01-15,33.238148086016615,33.238148086016615,33.039740243486385,33.14886474609375,646
2026-01-16,33.084380954656105,33.129024518034427,32.732208821779125,32.801651000976562,188
2026-01-19,32.469319799097036,32.533800740943455,32.112186431884766,32.112186431884766,2067
2026-01-20,32.067544812732422,32.19651047333862,32.012982563411136,32.151866912841797,227
2026-01-21,32.112188235638385,32.201471582456534,32.092347071421557,32.196514129638672,253
2026-01-22,32.578443241228669,32.707408905029297,32.280833373032038,32.707408905029297,972
2026-01-23,32.786768945466093,32.806610107421875,32.528841408670289,32.806610107421875,358
2026-01-26,32.975258570409885,32.975258570409885,32.79669189453125,32.79669189453125,12
2026-01-27,32.831413005058664,32.831413005058664,32.141948699951172,32.141948699951172,1644
2026-01-28,31.78977261317025,32.206429449494152,31.78481516087114,32.186588287353516,4080
2026-01-29,32.394915712101486,32.399876948852963,31.695532702735797,31.79969596862793,802
2026-01-30,31.918741093596353,32.097307784316158,31.918741093596353,32.003063201904297,561
2026-02-02,31.973300180023632,32.275871276855469,31.973300180023632,32.275871276855469,993
2026-02-03,31.710413970268206,31.725293896837353,30.301723526278082,30.341403961181641,1745
2026-02-04,30.16283774405294,30.41580594459144,29.756103371637362,30.167797088623047,1537
2026-02-05,30.42076718046108,30.42076718046108,30.222359338828994,30.331483840942383,16
2026-02-06,30.162838639985779,30.47532844543457,29.989231300356764,30.47532844543457,373
2026-02-09,30.624136041819472,30.624136041819472,30.286843827889314,30.500131607055664,77
2026-02-10,30.792780936181138,31.015987396240234,30.648935343401881,31.015987396240234,58
2026-02-11,30.956466336612898,30.966386918234299,30.157877491585989,30.187639236450195,1094
2026-02-12,30.455488157388253,30.500129826984114,30.088434219360352,30.088434219360352,5911
2026-02-13,30.123156401989817,30.257081415642542,29.989231388337092,30.187639236450195,3067
2026-02-16,30.192597582124137,30.192597582124137,29.309686660766602,29.309686660766602,378
2026-02-17,29.394009615613985,29.627138552367224,29.394009615613985,29.577537536621094,184
2026-02-18,29.518013634113832,29.785863656573039,29.45849203761982,29.627138137817383,158
2026-02-19,29.954509226368586,29.954509226368586,29.721380297005332,29.761062622070312,144
2026-02-20,29.939631066650378,30.172760009765625,29.939631066650378,30.172760009765625,316
2026-02-23,30.018993189282121,30.202519219227241,29.532896041870117,29.532896041870117,177
2026-02-24,29.522975289552708,29.810664586817762,29.413850784301758,29.413850784301758,1175
2026-02-25,29.582497173238497,29.651939352831292,29.408891724256517,29.448572158813477,32
2026-02-26,29.642018150972177,30.133076526923162,29.210483263847486,30.033872604370117,1151
2026-02-27,29.899947527174504,30.31660248725759,29.885067601079285,30.157876968383789,7532
2026-03-02,29.364250114113727,29.726342831430639,29.116241248102895,29.488254547119141,1762
2026-03-03,29.309687604757773,29.309687604757773,29.041837577688575,29.126161575317383,399
2026-03-04,29.542815748732171,29.592416763305664,29.364249068815727,29.592416763305664,9878
2026-03-05,29.562655906288356,30.063634872436523,29.562655906288356,30.063634872436523,1141
2026-03-06,30.033872714292279,30.088434966504021,29.255125041460477,29.418811798095703,2327
2026-03-09,28.68966505605551,29.260086192023341,28.68966505605551,29.012077331542969,6889
2026-03-10,29.403929169334241,29.582495847230181,29.116239882179865,29.190641403198242,10572
2026-03-11,29.260086282609503,29.418811802435741,29.116240688967771,29.255125045776367,2614
2026-03-12,29.121199528602467,29.43865056274948,29.061677932739258,29.061677932739258,70
2026-03-13,28.912872980488526,29.438650545935175,28.902952399157421,29.225362777709961,257
2026-03-16,29.289846905656798,29.289846905656798,28.912874259189891,29.116241455078125,639
2026-03-17,29.041837721175792,29.056719539747032,28.714466094970703,28.714466094970703,54
2026-03-18,28.833511344831596,28.833511344831596,28.302772521972656,28.302772521972656,2898
2026-03-19,28.24821030774768,28.24821030774768,27.811714172363281,27.811714172363281,513
2026-03-20,27.876196460633214,27.876196460633214,27.414899826049805,27.414899826049805,11510
2026-03-23,27.02800671957581,27.702589237455815,26.983365048553992,27.330575942993164,2185
2026-03-24,27.618267310697622,27.618267310697622,27.231374087447467,27.285934448242188,288
2026-03-25,27.722430154888446,27.752191899358344,27.345457519056946,27.499221801757812,482
2026-03-26,27.538904720572049,27.538904720572049,27.395059124107014,27.404979705810547,318
2026-03-27,27.22145239331628,27.22145239331628,26.631190108764493,26.65599250793457,1665
2026-03-30,26.86432015684559,27.122249603271484,26.844478993545721,27.122249603271484,1607
2026-03-31,27.191691693148179,27.474421646689425,27.191691693148179,27.409938812255859,5161
2026-04-01,27.915877196521748,27.98036003112793,27.563705062874288,27.98036003112793,562
2026-04-02,27.702588946155842,28.153964996337891,27.702588946155842,28.153964996337891,45
2026-04-07,29.890027548979255,29.890027548979255,29.205524444580078,29.205524444580078,24777
2026-04-08,30.038834188245282,30.311643559300048,30.038834188245282,30.1082763671875,6551
2026-04-09,29.880107852707308,29.880107852707308,29.021995544433594,29.021995544433594,204
2026-04-10,29.39897107424866,29.681701028880756,29.39897107424866,29.572576522827148,7955
2026-04-13,29.374170955023757,29.696581348388438,29.374170955023757,29.686660766601562,250
2026-04-14,29.651938260044947,30.371164321899414,29.651938260044947,30.371164321899414,77
2026-04-15,30.445568453805667,30.88702392578125,30.38108561982888,30.88702392578125,359
2026-04-16,30.896944871333098,31.442563617744096,30.896944871333098,31.328479766845703,269
2026-04-17,31.462404684509497,31.943542486864825,31.462404684509497,31.779855728149414,9672
2026-04-20,31.576487639048317,31.576487639048317,31.24415667846716,31.308637619018555,296
2026-04-21,31.30367932753127,31.46240485018706,31.204475402832031,31.204475402832031,14546
2026-04-22,31.050709117263551,31.154874278523145,31.050709117263551,31.125112533569336,427
2026-04-23,31.011027431157679,31.135031858557305,30.842381334207889,30.906864166259766,10700
2026-04-24,30.956465689805782,30.956465689805782,30.926703945563421,30.936624526977539,0
2026-04-27,30.852302594818713,31.055669784545898,30.852302594818713,31.055669784545898,461
2026-04-28,31.115190873312091,31.115190873312091,30.643973668077603,30.698535919189453,1870
2026-04-29,30.733257469425372,30.733257469425372,30.63901478382553,30.688615798950195,87
2026-04-30,30.252122317293502,30.296763988874652,29.914830108048694,30.018993377685547,977
2026-05-04,30.366205152629526,30.460447837410978,30.009071791929411,30.326522827148438,57794
2026-05-05,30.554690962736881,30.738218882496934,30.500130602649854,30.643974304199219,28593
2026-05-06,30.693576945968871,31.546726134993531,30.693576945968871,31.303678512573242,942
2026-05-07,31.392962139354186,31.556647004004407,31.015987610307242,31.338399887084961,14240
2026-05-08,31.234236272202395,31.412802953223213,31.219354454012375,31.263996124267578,13254
2026-05-11,31.249116348694482,31.249116348694482,30.852302551269531,30.852302551269531,15090
2026-05-12,30.381085121688411,30.693576812744141,30.257080692620292,30.693576812744141,731
2026-05-13,30.614215004195469,30.614215004195469,30.34140373805069,30.346364974975586,4572
2026-05-14,30.48029021037631,31.040790781028218,30.405886793223779,31.035829544067383,1191
2026-05-15,31.06559142089413,31.06559142089413,30.728299208114198,30.951507568359375,986
2026-05-18,31.209435051427835,31.953461655679188,31.125112944514949,31.769937515258789,10910
2026-05-19,32.032823913717074,32.335395012890622,32.032823913717074,32.107227325439453,403
2026-05-20,31.650892073965771,31.913778973562501,31.571529312748037,31.859220504760742,29044
2026-05-21,31.898897806360793,32.008022308349609,31.794734541093689,32.008022308349609,18361
2026-05-22,32.241151014137841,32.34531427868113,32.008022085929866,32.176670074462891,4136
2026-05-25,32.335396952457238,32.489161237409228,32.19155135698297,32.474281311035156,10567
2026-05-26,32.191551763456552,32.330436123788125,31.893941879272461,31.893941879272461,13930
2026-05-27,31.913777748851683,32.042743413479783,31.68065071105957,31.68065071105957,7618
2026-05-28,31.427684251574902,31.685613702961323,31.20943523539389,31.561609268188477,3989
2026-05-29,31.730253664488334,32.03282477176672,31.720333083182453,31.884017944335938,3768
2026-06-01,31.680650005711481,32.186588287353516,31.626087755903413,32.186588287353516,4444
2026-06-02,32.270911636665126,32.489160644340693,31.665771305223853,31.874099731445312,4403
2026-06-03,31.928662120659606,31.928662120659606,31.462404251098633,31.462404251098633,8844
2026-06-04,30.991186737972328,31.591367721557617,30.941585723124302,31.591367721557617,2221
2026-06-05,31.571529859899908,32.057625125145016,31.397922515869141,31.397922515869141,3318
2026-06-08,31.358241511837342,31.571529287217047,31.179674826202476,31.328479766845703,784
2026-06-09,31.422721529376823,31.695532786708629,31.348320007324219,31.348320007324219,458
2026-06-10,31.388000154776375,31.388000154776375,31.149911880493164,31.149911880493164,413
2026-06-11,30.877103567256711,31.388001221594021,30.822541314432829,30.882062911987305,9554
2026-06-12,31.313600301780177,31.353280736862835,31.139992958340706,31.318559646606445,8009
2026-06-15,31.908820890527902,31.968340595068394,31.576488033636409,31.586408615112305,447
2026-06-16,31.690571528613702,31.913777986778694,31.675691602644683,31.839378356933594,1394
2026-06-17,31.968341473316073,32.062586053847497,31.963384020678095,32.057624816894531,1845
2026-06-18,31.918740565520057,31.993143982808192,31.660813007811523,31.769937515258789,12848
2026-06-19,31.844335682037741,32.097305775444013,31.844335682037741,31.923700332641602,7365
2026-06-22,31.898899232297659,31.963383959618078,31.60128934904299,31.65089225769043,16148
2026-06-23,31.3284793478343,31.541767120361328,31.318558766303109,31.541767120361328,11063
2026-06-24,31.40784260630415,31.735214233398438,31.303679336809942,31.735214233398438,4358
2026-06-25,31.412803972655198,31.809615888889763,31.412803972655198,31.65089225769043,4571
2026-06-26,31.497125949344181,31.735214233398438,31.293758755121328,31.735214233398438,49
2026-06-29,31.7699383222789,32.127067922566752,31.710414830073375,32.037784576416016,323
2026-06-30,31.888979117896998,32.057623323290642,31.844335556030273,31.844335556030273,40
2026-07-01,31.988181924878415,32.563564300537109,31.621129869142813,32.563564300537109,4080
