date,Open,High,Low,Close,Volume
2009-07-08,123.27999877929688,123.27999877929688,123.27999877929688,123.27999877929688,0
2009-07-09,123.27999877929688,123.27999877929688,123.27999877929688,123.27999877929688,0
2009-07-17,128.71330261230469,128.71330261230469,128.71330261230469,128.71330261230469,0
2009-07-20,130.48030090332031,130.48030090332031,130.48030090332031,130.48030090332031,0
2009-07-21,131.12989807128906,131.12989807128906,131.12989807128906,131.12989807128906,0
2009-07-22,131.81559753417969,131.81559753417969,131.81559753417969,131.81559753417969,0
2009-07-23,133.24119567871094,133.24119567871094,133.24119567871094,133.24119567871094,0
2009-07-24,132.21180725097656,132.21180725097656,132.21180725097656,132.21180725097656,0
2009-07-27,133.25169372558594,133.25169372558594,133.25169372558594,133.25169372558594,0
2009-07-28,133.02430725097656,133.02430725097656,133.02430725097656,133.02430725097656,0
2009-07-29,134.27090454101562,134.27090454101562,134.27090454101562,134.27090454101562,0
2009-07-30,136.47749328613281,136.47749328613281,136.47749328613281,136.47749328613281,0
2009-07-31,135.27810668945312,135.27810668945312,135.27810668945312,135.27810668945312,0
2009-08-03,135.88999938964844,135.88999938964844,135.88999938964844,135.88999938964844,8
2009-08-04,135.88999938964844,135.88999938964844,135.88999938964844,135.88999938964844,0
2009-08-05,135.88999938964844,135.88999938964844,135.88999938964844,135.88999938964844,0
2009-08-06,135.88999938964844,135.88999938964844,135.88999938964844,135.88999938964844,0
2009-08-07,135.88999938964844,135.88999938964844,135.88999938964844,135.88999938964844,0
2009-08-10,135.97000122070312,135.97000122070312,134.86000061035156,134.86000061035156,24
2009-08-11,134.86000061035156,134.86000061035156,134.86000061035156,134.86000061035156,0
2009-08-12,134.86000061035156,134.86000061035156,134.86000061035156,134.86000061035156,0
2009-08-13,134.86000061035156,134.86000061035156,134.86000061035156,134.86000061035156,0
2009-08-14,134.86000061035156,134.86000061035156,134.86000061035156,134.86000061035156,0
2009-08-17,134.86000061035156,134.86000061035156,134.86000061035156,134.86000061035156,0
2009-08-18,134.86000061035156,134.86000061035156,134.86000061035156,134.86000061035156,0
2009-08-19,134.86000061035156,134.86000061035156,134.86000061035156,134.86000061035156,0
2009-08-20,139.83999633789062,139.83999633789062,139.83999633789062,139.83999633789062,2509
2009-08-24,142.94999694824219,142.94999694824219,142.94999694824219,142.94999694824219,0
2009-08-25,145.02999877929688,145.02999877929688,145.02999877929688,145.02999877929688,0
2009-08-26,145.6300048828125,145.6300048828125,145.6300048828125,145.6300048828125,0
2009-08-27,144.92999267578125,144.92999267578125,144.92999267578125,144.92999267578125,0
2009-08-28,146.24000549316406,146.24000549316406,146.24000549316406,146.24000549316406,0
2009-08-31,145.42999267578125,145.42999267578125,145.07000732421875,145.07000732421875,39
2009-09-01,145.07000732421875,145.07000732421875,145.07000732421875,145.07000732421875,0
2009-09-02,142.27999877929688,142.27999877929688,142.27999877929688,142.27999877929688,0
2009-09-03,143.13999938964844,143.13999938964844,142.67999267578125,142.67999267578125,96
2009-09-04,142.67999267578125,142.67999267578125,142.67999267578125,142.67999267578125,0
2009-09-07,145.41000366210938,145.41000366210938,145.07000732421875,145.17999267578125,115
2009-09-08,145.17999267578125,145.17999267578125,145.17999267578125,145.17999267578125,0
2009-09-09,145.28999328613281,150,145.28999328613281,150,109
2009-09-10,146.52999877929688,146.52999877929688,146.52999877929688,146.52999877929688,39
2009-09-11,146.52999877929688,146.52999877929688,146.52999877929688,146.52999877929688,0
2009-09-14,145.6199951171875,146.42999267578125,145.6199951171875,146.42999267578125,2792
2009-09-15,146.42999267578125,146.42999267578125,146.42999267578125,146.42999267578125,0
2009-09-16,148.66000366210938,148.66000366210938,148.49000549316406,148.49000549316406,20018
2009-09-17,149.63999938964844,149.75,149.63999938964844,149.75,5018
2009-09-18,149.82000732421875,149.82000732421875,149.82000732421875,149.82000732421875,2430
2009-09-21,147.91999816894531,147.91999816894531,147.91999816894531,147.91999816894531,992
2009-09-22,148.60000610351562,148.80000305175781,148.60000610351562,148.80000305175781,8883
2009-09-23,148.80000305175781,148.80000305175781,148.80000305175781,148.80000305175781,0
2009-09-24,148.52999877929688,148.52999877929688,148.52999877929688,148.52999877929688,0
2009-09-25,146.27999877929688,146.27999877929688,146.27999877929688,146.27999877929688,0
2009-09-28,143.24000549316406,143.24000549316406,143.24000549316406,143.24000549316406,0
2009-09-29,148.24000549316406,148.24000549316406,148.24000549316406,148.24000549316406,0
2009-09-30,146.46000671386719,146.46000671386719,146.46000671386719,146.46000671386719,0
2009-10-01,146.41000366210938,146.41000366210938,146.41000366210938,146.41000366210938,185
2009-10-02,146.41000366210938,146.41000366210938,146.41000366210938,146.41000366210938,0
2009-10-05,141.57000732421875,141.57000732421875,141.57000732421875,141.57000732421875,0
2009-10-06,143.44000244140625,143.44000244140625,143.44000244140625,143.44000244140625,0
2009-10-07,145.39999389648438,145.39999389648438,145.39999389648438,145.39999389648438,0
2009-10-08,145.44000244140625,145.44000244140625,145.44000244140625,145.44000244140625,0
2009-10-09,145.49000549316406,145.49000549316406,145.49000549316406,145.49000549316406,0
2009-10-12,144.38999938964844,144.38999938964844,144.38999938964844,144.38999938964844,0
2009-10-13,144.08999633789062,144.08999633789062,144.08999633789062,144.08999633789062,0
2009-10-14,143.53999328613281,143.53999328613281,143.53999328613281,143.53999328613281,0
2009-10-15,142,142,142,142,0
2009-10-16,142.47000122070312,142.47000122070312,142.47000122070312,142.47000122070312,1000
2009-10-19,140.99000549316406,141.49000549316406,140.99000549316406,141.49000549316406,1000
2009-11-06,139.39999389648438,139.39999389648438,139.39999389648438,139.39999389648438,0
2009-11-10,141.16000366210938,141.16000366210938,141.16000366210938,141.16000366210938,0
2009-11-13,142.77999877929688,142.77999877929688,142.77999877929688,142.77999877929688,0
2009-11-16,144.19999694824219,144.19999694824219,144.19999694824219,144.19999694824219,0
2009-11-17,144.69999694824219,144.69999694824219,144.69999694824219,144.69999694824219,4120
2009-11-18,145.19000244140625,145.19000244140625,145.19000244140625,145.19000244140625,0
2009-11-19,145.5,145.5,143.52999877929688,143.52999877929688,28063
2009-11-20,143.80999755859375,143.80999755859375,142.97999572753906,142.97999572753906,200
2009-11-23,144.19999694824219,144.19999694824219,144.19999694824219,144.19999694824219,0
2009-11-24,143.94999694824219,143.94999694824219,143.94999694824219,143.94999694824219,0
2009-11-25,144.66000366210938,144.66000366210938,144.66000366210938,144.66000366210938,0
2009-11-26,144.35000610351562,144.35000610351562,144.35000610351562,144.35000610351562,350
2009-11-27,142.66999816894531,142.66999816894531,142.38999938964844,142.38999938964844,10
2009-11-30,140.53500366210938,140.53500366210938,140.53500366210938,140.53500366210938,0
2009-12-01,143.25599670410156,143.25599670410156,143.25599670410156,143.25599670410156,0
2009-12-02,143.6300048828125,143.94999694824219,143.6300048828125,143.94999694824219,180
2009-12-03,144.08999633789062,144.08999633789062,144.08999633789062,144.08999633789062,0
2009-12-04,145.91499328613281,145.91499328613281,145.91499328613281,145.91499328613281,0
2009-12-07,145.63999938964844,145.63999938964844,145.63999938964844,145.63999938964844,0
2009-12-08,143.96000671386719,143.96000671386719,143.96000671386719,143.96000671386719,0
2009-12-09,143.8699951171875,143.8699951171875,143.19000244140625,143.19000244140625,100
2009-12-10,144.20500183105469,144.20500183105469,144.20500183105469,144.20500183105469,0
2009-12-11,145.61140441894531,145.61140441894531,145.61140441894531,145.61140441894531,0
2009-12-14,146.514892578125,146.514892578125,146.514892578125,146.514892578125,0
2009-12-15,147.08000183105469,147.08000183105469,147.08000183105469,147.08000183105469,0
2009-12-16,148.25999450683594,148.25999450683594,148.25999450683594,148.25999450683594,0
2009-12-17,146.66999816894531,146.66999816894531,146.66999816894531,146.66999816894531,0
2009-12-18,146.74000549316406,146.74000549316406,146.74000549316406,146.74000549316406,0
2009-12-21,148.61000061035156,148.61000061035156,148.61000061035156,148.61000061035156,0
2009-12-22,149.83000183105469,149.83000183105469,149.83000183105469,149.83000183105469,0
2009-12-23,149.99000549316406,149.99000549316406,149.99000549316406,149.99000549316406,0
2009-12-28,151.10000610351562,151.10000610351562,151.10000610351562,151.10000610351562,0
2009-12-29,152.24000549316406,152.24000549316406,152.24000549316406,152.24000549316406,0
2009-12-30,151.6300048828125,151.6300048828125,151.6300048828125,151.6300048828125,0
2010-01-04,152.78500366210938,152.78500366210938,152.78500366210938,152.78500366210938,0
2010-01-05,152.99000549316406,152.99000549316406,152.8699951171875,152.8699951171875,1409
2010-01-06,152.83999633789062,152.83999633789062,152.83999633789062,152.83999633789062,0
2010-01-07,151.91999816894531,151.91999816894531,151.91999816894531,151.91999816894531,0
2010-01-08,153.20939636230469,153.20939636230469,153.20939636230469,153.20939636230469,0
2010-01-11,153.42999267578125,153.42999267578125,153.42999267578125,153.42999267578125,0
2010-01-12,152.44999694824219,152.44999694824219,152.44999694824219,152.44999694824219,0
2010-01-13,152.21000671386719,152.21000671386719,152.21000671386719,152.21000671386719,0
2010-01-14,152.08999633789062,152.08999633789062,152.08999633789062,152.08999633789062,0
2010-01-15,150.17999267578125,150.17999267578125,150.17999267578125,150.17999267578125,0
2010-01-18,151.42999267578125,151.67999267578125,151.08999633789062,151.08999633789062,920
2010-01-19,152.74000549316406,152.74000549316406,152.74000549316406,152.74000549316406,0
2010-01-20,152.88999938964844,152.88999938964844,152.88999938964844,152.88999938964844,21
2010-01-21,151.8800048828125,151.8800048828125,151.8800048828125,151.8800048828125,100
2010-01-22,149.08999633789062,149.35000610351562,148.80999755859375,148.80999755859375,356
2010-01-25,148.02999877929688,148.02999877929688,147.27999877929688,147.27999877929688,311
2010-01-26,146.91000366210938,147.85000610351562,146.91000366210938,147.85000610351562,180
2010-01-27,147.09469604492188,147.09469604492188,147.09469604492188,147.09469604492188,0
2010-01-28,144.96000671386719,144.96000671386719,144.96000671386719,144.96000671386719,0
2010-01-29,145.83999633789062,145.83999633789062,145.1300048828125,145.1300048828125,131
2010-02-01,146.19999694824219,146.58000183105469,146.03999328613281,146.58000183105469,391
2010-02-02,147.16740417480469,147.16740417480469,147.16740417480469,147.16740417480469,0
2010-02-03,147.39999389648438,147.39999389648438,147.39999389648438,147.39999389648438,80
2010-02-04,142.268798828125,142.268798828125,142.268798828125,142.268798828125,0
2010-02-05,140.69999694824219,141.11000061035156,140.69999694824219,141.11000061035156,411
2010-02-08,141.27999877929688,141.27999877929688,140.97999572753906,140.97999572753906,1537
2010-02-09,140.18330383300781,140.18330383300781,140.18330383300781,140.18330383300781,0
2010-02-10,141.74070739746094,141.74070739746094,141.74070739746094,141.74070739746094,0
2010-02-11,142.19999694824219,142.19999694824219,142.19999694824219,142.19999694824219,50
2010-02-12,142.53999328613281,143.19999694824219,142.53999328613281,143.19999694824219,6176
2010-02-15,143.25,143.25,142.46000671386719,142.46000671386719,1000
2010-02-16,143.41999816894531,143.71000671386719,142.55000305175781,143.71000671386719,1713
2010-02-17,145.08000183105469,145.08000183105469,144.53999328613281,144.53999328613281,8009
2010-02-18,144.94000244140625,144.94000244140625,144.94000244140625,144.94000244140625,0
2010-02-19,145.69000244140625,145.69000244140625,145.69000244140625,145.69000244140625,0
2010-02-22,145.05999755859375,145.05999755859375,145.05999755859375,145.05999755859375,0
2010-02-23,143.69999694824219,143.69999694824219,143.69999694824219,143.69999694824219,0
2010-02-24,143.77000427246094,143.77000427246094,143.77000427246094,143.77000427246094,0
2010-02-25,141.44000244140625,141.44000244140625,141.02999877929688,141.02999877929688,1320
2010-02-26,141.77999877929688,142.44000244140625,141.74000549316406,142.44000244140625,40000
2010-03-01,142.78999328613281,143.82000732421875,142.78999328613281,143.82000732421875,300
2010-03-02,144.38999938964844,144.38999938964844,144.38999938964844,144.38999938964844,0
2010-03-03,144.8800048828125,144.99000549316406,144.8800048828125,144.99000549316406,600
2010-03-04,144.42999267578125,144.42999267578125,144.42999267578125,144.42999267578125,0
2010-03-05,145.5,145.5,145.5,145.5,0
2010-03-08,145.92999267578125,145.92999267578125,145.92999267578125,145.92999267578125,0
2010-03-09,146.32000732421875,146.32000732421875,146.32000732421875,146.32000732421875,0
2010-03-10,146.41000366210938,147.02000427246094,146.41000366210938,147.02000427246094,26305
2010-03-11,147.35000610351562,147.39999389648438,147.35000610351562,147.39999389648438,12000
2010-03-12,147.05000305175781,147.05000305175781,147.05000305175781,147.05000305175781,0
2010-03-15,146.77999877929688,146.77999877929688,146.77999877929688,146.77999877929688,0
2010-03-16,147.08999633789062,147.25,147.07000732421875,147.25,17866
2010-03-17,147.91999816894531,148.1199951171875,147.77000427246094,147.97999572753906,1450
2010-03-18,147.41000366210938,147.41000366210938,147.41000366210938,147.41000366210938,0
2010-03-19,146.28999328613281,146.28999328613281,146.28999328613281,146.28999328613281,0
2010-03-22,145.49000549316406,145.66999816894531,145.49000549316406,145.66999816894531,500
2010-03-23,146.6199951171875,146.6199951171875,146.6199951171875,146.6199951171875,0
2010-03-24,146.55000305175781,146.57000732421875,146.16999816894531,146.27000427246094,10009
2010-03-25,147.16999816894531,148.57000732421875,147.16999816894531,148.57000732421875,10000
2010-03-26,148.14999389648438,148.27999877929688,147.36000061035156,147.36000061035156,17695
2010-03-29,149.068603515625,149.068603515625,149.068603515625,149.068603515625,0
2010-03-30,149.64999389648438,150.50999450683594,149.64999389648438,150.11000061035156,24500
2010-03-31,149.52999877929688,149.52999877929688,148.69999694824219,148.69999694824219,14006
2010-04-01,150.57479858398438,150.57479858398438,150.57479858398438,150.57479858398438,0
2010-04-06,150.3800048828125,150.8800048828125,150.33000183105469,150.8800048828125,6009
2010-04-07,150.91999816894531,150.91999816894531,150.91999816894531,150.91999816894531,0
2010-04-08,150.00999450683594,150.00999450683594,150.00999450683594,150.00999450683594,0
2010-04-09,152.94400024414062,152.94400024414062,152.94400024414062,152.94400024414062,0
2010-04-12,153.58000183105469,153.58000183105469,152.88999938964844,153.32000732421875,9000
2010-04-13,152.36000061035156,152.36000061035156,152.36000061035156,152.36000061035156,0
2010-04-14,152.82000732421875,153.30999755859375,152.77000427246094,153.30999755859375,24000
2010-04-15,152.67999267578125,153.75999450683594,152.52000427246094,153.44999694824219,6000
2010-04-16,151.6199951171875,151.6199951171875,151.6199951171875,151.6199951171875,0
2010-04-19,151.69000244140625,151.75999450683594,151.02999877929688,151.02999877929688,400
2010-04-20,151.32000732421875,152.52999877929688,151.32000732421875,152.52999877929688,40
2010-04-21,151.94999694824219,151.94999694824219,150.75,150.75,158
2010-04-22,149.8699951171875,150,149.72000122070312,150,15337
2010-04-23,149.74000549316406,149.74000549316406,149.41999816894531,149.41999816894531,16389
2010-04-26,149.66000366210938,149.66000366210938,149.66000366210938,149.66000366210938,0
2010-04-27,147.3699951171875,147.3699951171875,147.3699951171875,147.3699951171875,1122
2010-04-28,145.77000427246094,145.78999328613281,144.52999877929688,144.52999877929688,11100
2010-04-29,144.80999755859375,145.24000549316406,144.80999755859375,145.24000549316406,2101
2010-04-30,145.75999450683594,145.75999450683594,145.75999450683594,145.75999450683594,0
2010-05-03,147.1199951171875,147.1199951171875,147.1199951171875,147.1199951171875,0
2010-05-04,145.38999938964844,145.38999938964844,144.77999877929688,144.77999877929688,10000
2010-05-05,143.77999877929688,143.77999877929688,143.08000183105469,143.08000183105469,8004
2010-05-06,140.3385009765625,140.3385009765625,140.3385009765625,140.3385009765625,0
2010-05-07,136.92999267578125,136.92999267578125,133.80999755859375,133.80999755859375,2359
2010-05-10,140.32000732421875,141.63999938964844,140.32000732421875,141.63999938964844,21
2010-05-11,141.13999938964844,141.13999938964844,141.13999938964844,141.13999938964844,0
2010-05-12,143.61459350585938,143.61459350585938,143.61459350585938,143.61459350585938,0
2010-05-13,142.94999694824219,142.94999694824219,142.94999694824219,142.94999694824219,0
2010-05-17,137.5968017578125,137.5968017578125,137.5968017578125,137.5968017578125,0
2010-05-18,140.05999755859375,140.50999450683594,140.05999755859375,140.50999450683594,100
2010-05-19,137.6300048828125,137.85000610351562,137.24000549316406,137.24000549316406,2101
2010-05-20,134.67880249023438,134.67880249023438,134.67880249023438,134.67880249023438,0
2010-05-21,134.10000610351562,134.10000610351562,134.10000610351562,134.10000610351562,0
2010-05-24,133.64999389648438,133.64999389648438,133.64999389648438,133.64999389648438,0
2010-05-25,131.13999938964844,131.13999938964844,130.80999755859375,130.89999389648438,100
2010-05-26,132.63999938964844,133.58000183105469,132.3800048828125,132.3800048828125,650
2010-05-27,134.39999389648438,136.49000549316406,134.39999389648438,136.49000549316406,3800
2010-05-28,136.99000549316406,137.30999755859375,136.99000549316406,137.30999755859375,50
2010-05-31,136.97999572753906,136.97999572753906,136.97999572753906,136.97999572753906,0
2010-06-01,136.5,138.02999877929688,134.8800048828125,138.02999877929688,10100
2010-06-02,136.3800048828125,138.24000549316406,136.3800048828125,138.24000549316406,25
2010-06-03,140.08000183105469,140.08000183105469,140.08000183105469,140.08000183105469,0
2010-06-04,137.53999328613281,137.53999328613281,136.88999938964844,136.88999938964844,50
2010-06-07,135.61000061035156,135.61000061035156,135.24000549316406,135.24000549316406,4009
2010-06-08,135.44000244140625,135.44000244140625,132.94000244140625,133.38999938964844,2150
2010-06-09,134.5,134.5,134.5,134.5,0
2010-06-10,136.55000305175781,136.74000549316406,136.55000305175781,136.74000549316406,50
2010-06-11,137.25,137.25,137.25,137.25,0
2010-06-14,138.10000610351562,138.91999816894531,138.10000610351562,138.91999816894531,1000
2010-06-15,139.97999572753906,140.41999816894531,139.97999572753906,140.41999816894531,2014
2010-06-16,141.53999328613281,141.53999328613281,141.53999328613281,141.53999328613281,0
2010-06-17,141.22000122070312,141.22000122070312,141.22000122070312,141.22000122070312,0
2010-06-18,141.91000366210938,141.91000366210938,141.66999816894531,141.66999816894531,12027
2010-06-21,142.3699951171875,142.3699951171875,142.3699951171875,142.3699951171875,0
2010-06-22,141.41000366210938,141.41000366210938,141.41000366210938,141.41000366210938,0
2010-06-23,139.77000427246094,139.77000427246094,139.77000427246094,139.77000427246094,0
2010-06-24,137.33000183105469,137.33000183105469,137.33000183105469,137.33000183105469,0
2010-06-25,135.22000122070312,135.22000122070312,135.22000122070312,135.22000122070312,0
2010-06-28,135.69000244140625,135.69000244140625,135.63999938964844,135.63999938964844,8246
2010-06-29,133,133.02999877929688,131.61000061035156,131.61000061035156,8040
2010-06-30,130.82000732421875,131.19999694824219,130.82000732421875,131.11000061035156,10300
2010-07-01,129.10000610351562,129.58999633789062,129.10000610351562,129.58999633789062,620
2010-07-02,130.24000549316406,131.07000732421875,130.22999572753906,130.49000549316406,26150
2010-07-05,129.97999572753906,130.33999633789062,129.97999572753906,130.33999633789062,6100
2010-07-06,131.13999938964844,133.27999877929688,131.13999938964844,132.69000244140625,8550
2010-07-07,131.53999328613281,131.53999328613281,131.53999328613281,131.53999328613281,50
2010-07-08,136.281005859375,136.281005859375,136.281005859375,136.281005859375,0
2010-07-09,136.21000671386719,136.21000671386719,136.21000671386719,136.21000671386719,0
2010-07-12,136.44000244140625,136.44000244140625,136.44000244140625,136.44000244140625,0
2010-07-13,138.19999694824219,138.19999694824219,138.19999694824219,138.19999694824219,0
2010-07-14,138.02999877929688,138.02999877929688,138.02999877929688,138.02999877929688,0
2010-07-15,136.97999572753906,137.08000183105469,136.80000305175781,137.08000183105469,5988
2010-07-16,134.36000061035156,134.5,132.96000671386719,133.28999328613281,16607
2010-07-19,134.1300048828125,134.30999755859375,133.30999755859375,133.30999755859375,15800
2010-07-20,133.77000427246094,133.80000305175781,132.57000732421875,133.55999755859375,400
2010-07-21,133.94000244140625,133.94000244140625,133.94000244140625,133.94000244140625,0
2010-07-22,136.3800048828125,136.3800048828125,136.3800048828125,136.3800048828125,0
2010-07-23,137.13999938964844,137.22999572753906,137.11000061035156,137.22999572753906,100
2010-07-26,136.30999755859375,137.61000061035156,136.30999755859375,137.61000061035156,11000
2010-07-27,138.88999938964844,138.88999938964844,138.88999938964844,138.88999938964844,0
2010-07-28,138.69000244140625,138.83000183105469,138.69000244140625,138.83000183105469,5500
2010-07-29,139.19000244140625,139.19000244140625,139.19000244140625,139.19000244140625,0
2010-07-30,138.91000366210938,138.96000671386719,138.13999938964844,138.96000671386719,9107
2010-08-02,142.59039306640625,142.59039306640625,142.59039306640625,142.59039306640625,0
2010-08-03,142.16000366210938,143.14999389648438,142.14999389648438,143.14999389648438,5500
2010-08-04,144.85000610351562,144.85000610351562,144.32000732421875,144.32000732421875,50
2010-08-05,144.07000732421875,145,143.96000671386719,143.96000671386719,15150
2010-08-06,143.69999694824219,143.8800048828125,141.77000427246094,141.77000427246094,4400
2010-08-09,143.50999450683594,143.8699951171875,143.50999450683594,143.8699951171875,100
2010-08-10,142.41999816894531,143.28999328613281,142.41999816894531,143.05999755859375,37682
2010-08-11,142.27999877929688,142.27999877929688,140.66000366210938,140.66000366210938,4881
2010-08-12,140.57000732421875,140.96000671386719,140.57000732421875,140.96000671386719,100
2010-08-13,141.60000610351562,141.63999938964844,139.69000244140625,140.39999389648438,11057
2010-08-16,140.85000610351562,140.85000610351562,138.94999694824219,139.55999755859375,9689
2010-08-17,141.44000244140625,141.44000244140625,141.44000244140625,141.44000244140625,0
2010-08-18,141.17999267578125,141.17999267578125,141.17999267578125,141.17999267578125,0
2010-08-19,138.8699951171875,138.8699951171875,138.8699951171875,138.8699951171875,0
2010-08-20,137.91000366210938,137.91000366210938,137.91000366210938,137.91000366210938,0
2010-08-23,138.60000610351562,138.60000610351562,138.60000610351562,138.60000610351562,0
2010-08-24,136.82000732421875,137.08999633789062,135.91000366210938,137.08999633789062,100
2010-08-25,136.07000732421875,136.21000671386719,136.07000732421875,136.21000671386719,100
2010-08-26,136.67999267578125,136.67999267578125,136.38999938964844,136.38999938964844,500
2010-08-27,137.96000671386719,137.96000671386719,137.96000671386719,137.96000671386719,0
2010-08-30,137.94999694824219,137.94999694824219,137.94999694824219,137.94999694824219,0
2010-08-31,136.47999572753906,137.41000366210938,136.47999572753906,137.41000366210938,100
2010-09-01,137.00999450683594,137.00999450683594,137.00999450683594,137.00999450683594,50
2010-09-02,140.20419311523438,140.20419311523438,140.20419311523438,140.20419311523438,0
2010-09-03,141.77000427246094,141.77000427246094,141,141,500
2010-09-06,142.89999389648438,142.89999389648438,142.46000671386719,142.46000671386719,403
2010-09-07,142.1199951171875,142.1199951171875,142.1199951171875,142.1199951171875,0
2010-09-08,144.00999450683594,144.00999450683594,144.00999450683594,144.00999450683594,0
2010-09-09,144.67999267578125,144.67999267578125,144.67999267578125,144.67999267578125,0
2010-09-10,143.89999389648438,143.89999389648438,143.89999389648438,143.89999389648438,0
2010-09-13,144.05000305175781,144.05000305175781,144.05000305175781,144.05000305175781,0
2010-09-14,142.83000183105469,142.86000061035156,142.83000183105469,142.86000061035156,2770
2010-09-15,142.02000427246094,142.02000427246094,142.02000427246094,142.02000427246094,0
2010-09-16,141.36000061035156,141.36000061035156,140.91999816894531,140.91999816894531,145
2010-09-17,141.97999572753906,141.97999572753906,138.67999267578125,138.91999816894531,4859
2010-09-20,140.5,140.5,140.5,140.5,0
2010-09-21,141.00999450683594,141.00999450683594,140.19000244140625,140.19000244140625,50
2010-09-22,139.39999389648438,139.39999389648438,138.22000122070312,138.22000122070312,47
2010-09-23,138.16999816894531,138.16999816894531,138.16999816894531,138.16999816894531,0
2010-09-24,139.11000061035156,139.11000061035156,139.11000061035156,139.11000061035156,0
2010-09-27,138.80999755859375,138.80999755859375,138.80999755859375,138.80999755859375,0
2010-09-28,139,139,139,139,0
2010-09-29,138.07000732421875,138.07000732421875,138.07000732421875,138.07000732421875,0
2010-09-30,137.69999694824219,137.69999694824219,137.69999694824219,137.69999694824219,0
2010-10-01,137.19000244140625,137.19000244140625,137.19000244140625,137.19000244140625,0
2010-10-04,135.72999572753906,136.32000732421875,135.72999572753906,136.32000732421875,800
2010-10-05,137.58000183105469,137.58000183105469,137.58000183105469,137.58000183105469,0
2010-10-06,137.39999389648438,137.39999389648438,137.39999389648438,137.39999389648438,0
2010-10-07,137.1199951171875,138.85000610351562,137.1199951171875,138.80999755859375,406
2010-10-08,138.66000366210938,138.66000366210938,138.66000366210938,138.66000366210938,0
2010-10-11,139.58999633789062,139.58999633789062,139.58999633789062,139.58999633789062,0
2010-10-12,138.08999633789062,138.08999633789062,138.08999633789062,138.08999633789062,0
2010-10-13,139.99659729003906,139.99659729003906,139.99659729003906,139.99659729003906,0
2010-10-14,140.38999938964844,140.38999938964844,140.38999938964844,140.38999938964844,0
2010-10-15,140.91000366210938,140.91000366210938,140.91000366210938,140.91000366210938,0
2010-10-18,140.52000427246094,141.41999816894531,140.52000427246094,141.41999816894531,750
2010-10-19,141.52999877929688,141.52999877929688,141.52999877929688,141.52999877929688,0
2010-10-20,141.47000122070312,141.47000122070312,141.47000122070312,141.47000122070312,0
2010-10-21,143.03999328613281,143.03999328613281,143.03999328613281,143.03999328613281,0
2010-10-22,143,143.05000305175781,142.8800048828125,142.8800048828125,2250
2010-10-25,142.89999389648438,142.89999389648438,142.89999389648438,142.89999389648438,0
2010-10-26,143.47000122070312,143.52999877929688,143.47000122070312,143.52999877929688,435
2010-10-27,142.75,142.75,142.75,142.75,0
2010-10-28,144.14999389648438,144.14999389648438,144.14999389648438,144.14999389648438,0
2010-10-29,145.07000732421875,146.02000427246094,145.07000732421875,145.55000305175781,3181
2010-11-01,145.3699951171875,145.3699951171875,145.19000244140625,145.25,2637
2010-11-02,144.82000732421875,145.85000610351562,144.82000732421875,145.85000610351562,854
2010-11-03,144.38999938964844,144.38999938964844,144.35000610351562,144.35000610351562,170
2010-11-04,145.6300048828125,145.6300048828125,145.6300048828125,145.6300048828125,708
2010-11-05,144.47999572753906,145.25999450683594,144.47999572753906,145.25999450683594,5925
2010-11-08,144.1300048828125,144.1300048828125,144.1300048828125,144.1300048828125,0
2010-11-09,144.1300048828125,144.30000305175781,144.1300048828125,144.30000305175781,100
2010-11-10,145.82000732421875,145.82000732421875,145.19999694824219,145.39999389648438,527
2010-11-11,144.67999267578125,144.67999267578125,144.16000366210938,144.19999694824219,3991
2010-11-12,144.6300048828125,144.6300048828125,144.6300048828125,144.6300048828125,0
2010-11-15,145.3699951171875,145.44999694824219,145.3699951171875,145.42999267578125,3002
2010-11-16,144.19999694824219,144.30000305175781,143.25999450683594,143.25999450683594,7640
2010-11-17,143.72000122070312,144.16999816894531,143.49000549316406,144.16999816894531,5080
2010-11-18,144.24000549316406,146.03999328613281,144.24000549316406,145.97999572753906,844
2010-11-19,145.92999267578125,145.92999267578125,144.96000671386719,145.38999938964844,530
2010-11-22,146.28999328613281,146.28999328613281,144.63999938964844,144.64999389648438,342
2010-11-23,143.77000427246094,143.78999328613281,142.19999694824219,142.19999694824219,648
2010-11-24,142.41000366210938,142.41000366210938,142.03999328613281,142.03999328613281,195
2010-11-25,141.38999938964844,141.92999267578125,141.38999938964844,141.92999267578125,11283
2010-11-26,140.80000305175781,140.80000305175781,140.63999938964844,140.63999938964844,1700
2010-11-29,140.19999694824219,140.19999694824219,138.3699951171875,138.3699951171875,1348
2010-11-30,138.25,138.27999877929688,137.82000732421875,137.82000732421875,1430
2010-12-01,138.1300048828125,139.08999633789062,138.00999450683594,139.08999633789062,4475
2010-12-02,139.30999755859375,140.3800048828125,139.30999755859375,140.3800048828125,314
2010-12-03,139.91999816894531,140.16999816894531,139.52999877929688,140.02000427246094,16614
2010-12-06,139.80000305175781,139.80000305175781,139.80000305175781,139.80000305175781,0
2010-12-07,140.85000610351562,140.85000610351562,140.85000610351562,140.85000610351562,0
2010-12-08,140.80999755859375,141.75,140.80999755859375,141.75,10461
2010-12-09,142.61000061035156,143.16999816894531,142.61000061035156,143.16999816894531,1000
2010-12-10,143.32000732421875,143.32000732421875,143.32000732421875,143.32000732421875,0
2010-12-13,143.88999938964844,143.88999938964844,143.88999938964844,143.88999938964844,0
2010-12-14,144.1199951171875,144.1199951171875,144.1199951171875,144.1199951171875,0
2010-12-15,143.17999267578125,143.17999267578125,143.17999267578125,143.17999267578125,0
2010-12-16,143.96000671386719,143.96000671386719,143.96000671386719,143.96000671386719,0
2010-12-17,142.91999816894531,142.91999816894531,142.91999816894531,142.91999816894531,0
2010-12-20,145.22889709472656,145.22889709472656,145.22889709472656,145.22889709472656,0
2010-12-21,146.33000183105469,146.60000610351562,146.33000183105469,146.60000610351562,1361
2010-12-22,146.6199951171875,147.33000183105469,146.55000305175781,147.25999450683594,32079
2010-12-23,147.08000183105469,147.08000183105469,147.08000183105469,147.08000183105469,0
2010-12-27,146.19999694824219,146.44999694824219,145.14999389648438,145.14999389648438,12502
2010-12-28,145.78999328613281,146.30999755859375,145.78999328613281,146.25999450683594,14330
2010-12-29,146.05000305175781,146.28999328613281,145.77000427246094,146.28999328613281,8552
2010-12-30,145.05000305175781,145.16999816894531,144.74000549316406,144.86000061035156,9541
2011-01-03,145.69999694824219,145.69999694824219,144.96000671386719,145.16999816894531,9310
2011-01-04,144.89999389648438,145.86000061035156,144.89999389648438,145.86000061035156,7229
2011-01-05,145.05999755859375,145.72999572753906,145.05999755859375,145.72999572753906,654
2011-01-06,145.69999694824219,145.69999694824219,145.69999694824219,145.69999694824219,0
2011-01-07,144.94999694824219,144.94999694824219,144.94999694824219,144.94999694824219,0
2011-01-10,142.79710388183594,142.79710388183594,142.79710388183594,142.79710388183594,0
2011-01-11,142.69999694824219,143.08000183105469,142.69999694824219,143.08000183105469,8600
2011-01-12,144.16999816894531,145.97999572753906,144.13999938964844,145.97999572753906,54475
2011-01-13,147.36000061035156,147.36000061035156,147.36000061035156,147.36000061035156,0
2011-01-14,147.5,147.97999572753906,147.5,147.97999572753906,3991
2011-01-17,148.30000305175781,148.77999877929688,148.30000305175781,148.41000366210938,25745
2011-01-18,149.47999572753906,150.89999389648438,149.38999938964844,150.89999389648438,7045
2011-01-19,151.30000305175781,151.39999389648438,150.71000671386719,150.71000671386719,6202
2011-01-20,152.47000122070312,153.21000671386719,152.47000122070312,152.6199951171875,16768
2011-01-21,152.85000610351562,152.85000610351562,152.82000732421875,152.82000732421875,4800
2011-01-24,153.05000305175781,153.05000305175781,153.05000305175781,153.05000305175781,0
2011-01-25,151.97999572753906,151.97999572753906,151.55000305175781,151.55000305175781,4400
2011-01-26,152.47999572753906,152.47999572753906,152.47999572753906,152.47999572753906,13
2011-01-27,150.44999694824219,151.5,150.36000061035156,151.05000305175781,1250
2011-01-28,151.27000427246094,151.99000549316406,150.16999816894531,150.16999816894531,7000
2011-01-31,150.6300048828125,150.6300048828125,150.6300048828125,150.6300048828125,0
2011-02-01,151.16999816894531,153.05999755859375,150.80000305175781,153.05999755859375,2947
2011-02-02,152.75999450683594,152.75999450683594,152.39999389648438,152.39999389648438,987
2011-02-03,151.92999267578125,151.92999267578125,151.92999267578125,151.92999267578125,0
2011-02-04,152.28999328613281,152.28999328613281,152.28999328613281,152.28999328613281,0
2011-02-07,153.5,153.5,153.5,153.5,0
2011-02-08,152.77000427246094,152.77000427246094,152.67999267578125,152.67999267578125,1000
2011-02-09,153.55000305175781,154,153.55000305175781,153.83000183105469,1881
2011-02-10,154.10000610351562,154.10000610351562,154.10000610351562,154.10000610351562,0
2011-02-11,154.47999572753906,154.75999450683594,154.44999694824219,154.75999450683594,3900
2011-02-14,154.75,154.75,154.75,154.75,0
2011-02-15,154.39999389648438,154.39999389648438,154.39999389648438,154.39999389648438,0
2011-02-16,154.91000366210938,154.91000366210938,154.91000366210938,154.91000366210938,0
2011-02-17,155.47999572753906,155.69000244140625,155.21000671386719,155.69000244140625,54764
2011-02-18,155.49000549316406,155.49000549316406,155.49000549316406,155.49000549316406,0
2011-02-21,154.78999328613281,154.78999328613281,153.36000061035156,153.6300048828125,20620
2011-02-22,152.02999877929688,152.22000122070312,152.02999877929688,152.22000122070312,4000
2011-02-23,150.97000122070312,150.97000122070312,150.97000122070312,150.97000122070312,0
2011-02-24,149.89999389648438,150.57000732421875,149.89999389648438,150.57000732421875,15000
2011-02-25,151.61000061035156,151.61000061035156,151.61000061035156,151.61000061035156,0
2011-02-28,152.6199951171875,152.6199951171875,152.6199951171875,152.6199951171875,0
2011-03-01,153.05999755859375,153.05999755859375,150.97999572753906,150.97999572753906,591
2011-03-02,149.58000183105469,149.58000183105469,149.58000183105469,149.58000183105469,0
2011-03-03,149.38999938964844,149.38999938964844,149.38999938964844,149.38999938964844,0
2011-03-04,149,149.02999877929688,147.74000549316406,148.21000671386719,11119
2011-03-07,148.36000061035156,148.36000061035156,147.94000244140625,147.94000244140625,1514
2011-03-08,148.13999938964844,148.24000549316406,147.47000122070312,148.05999755859375,1344
2011-03-09,147.69000244140625,148.33999633789062,147.69000244140625,148.30999755859375,601
2011-03-10,147.46000671386719,147.55000305175781,147.46000671386719,147.55000305175781,450
2011-03-11,146.83000183105469,147.72999572753906,146.75,146.75,550
2011-03-14,145.3699951171875,145.3699951171875,143.55000305175781,143.55000305175781,50000
2011-03-15,139.83000183105469,139.83000183105469,138.44999694824219,138.5,2226
2011-03-16,142.69999694824219,142.69999694824219,139.22000122070312,139.22000122070312,15456
2011-03-17,140.05000305175781,141.5,140.05000305175781,141.21000671386719,4017
2011-03-18,141.08000183105469,142.75,141.05000305175781,141.66999816894531,10697
2011-03-21,143.54100036621094,143.54100036621094,143.54100036621094,143.54100036621094,0
2011-03-22,144,144,144,144,0
2011-03-23,143.77000427246094,144.60000610351562,143.77000427246094,144.60000610351562,437
2011-03-24,145.35000610351562,145.49000549316406,145.35000610351562,145.49000549316406,2001
2011-03-25,145.47000122070312,145.47000122070312,145.47000122070312,145.47000122070312,0
2011-03-28,145.66000366210938,145.66000366210938,145.66000366210938,145.66000366210938,0
2011-03-29,146.27000427246094,146.27000427246094,146.27000427246094,146.27000427246094,0
2011-03-30,147.39999389648438,148.46000671386719,147.39999389648438,148.46000671386719,164
2011-03-31,147.49000549316406,147.49000549316406,147.49000549316406,147.49000549316406,0
2011-04-01,148.3800048828125,148.41999816894531,147.75999450683594,148.41000366210938,22097
2011-04-04,149.25,149.3699951171875,149.25,149.3699951171875,3900
2011-04-05,149.21000671386719,149.60000610351562,149.07000732421875,149.11000061035156,8724
2011-04-06,147.94999694824219,149.25,147.92999267578125,149.02999877929688,1513
2011-04-07,149.05000305175781,149.05000305175781,148.52999877929688,148.52999877929688,88
2011-04-08,149.24000549316406,149.55000305175781,149.24000549316406,149.55000305175781,12
2011-04-11,149.99000549316406,149.99000549316406,149.83000183105469,149.83000183105469,450
2011-04-12,149.28999328613281,149.28999328613281,148.22999572753906,148.30000305175781,222
2011-04-13,149.72999572753906,149.89999389648438,149.72999572753906,149.89999389648438,457
2011-04-14,148.77000427246094,148.77000427246094,148.53999328613281,148.53999328613281,37
2011-04-15,148.92999267578125,149.00999450683594,148.78999328613281,148.78999328613281,65
2011-04-18,147.86000061035156,147.86000061035156,145.74000549316406,146.13999938964844,5702
2011-04-19,146.05999755859375,146.27000427246094,146.05999755859375,146.27000427246094,1233
2011-04-20,147.14999389648438,148.97999572753906,147.14999389648438,148.97999572753906,294
2011-04-21,149.05999755859375,149.25,149.05999755859375,149.25,35
2011-04-26,149.91999816894531,150.07000732421875,149.64999389648438,150.07000732421875,808
2011-04-27,151.07000732421875,151.07000732421875,150.89999389648438,150.89999389648438,83
2011-04-28,152.64999389648438,152.96000671386719,152.64999389648438,152.64999389648438,35
2011-04-29,152.30999755859375,152.91999816894531,152.30999755859375,152.91999816894531,45
2011-05-02,153.33999633789062,153.33999633789062,153.27999877929688,153.27999877929688,55
2011-05-03,152.75,152.83000183105469,152.60000610351562,152.83000183105469,3687
2011-05-04,152.69999694824219,152.69999694824219,150.47000122070312,150.47000122070312,983
2011-05-05,150.03999328613281,150.63999938964844,150.02999877929688,150.63999938964844,26
2011-05-06,149.94999694824219,150.80999755859375,149.94999694824219,150.80999755859375,54
2011-05-09,148.77999877929688,149.13999938964844,148.77999877929688,149.13999938964844,68
2011-05-10,150.52999877929688,150.58000183105469,150.52999877929688,150.58000183105469,8
2011-05-11,151.91000366210938,151.91000366210938,151.3800048828125,151.86000061035156,1001
2011-05-12,149.8800048828125,150.55999755859375,149.8800048828125,150.55999755859375,4492
2011-05-13,151.24000549316406,151.6199951171875,149.3699951171875,149.47999572753906,10985
2011-05-16,148.86000061035156,148.99000549316406,148.86000061035156,148.99000549316406,299
2011-05-17,148.25,148.25,148.25,148.25,0
2011-05-18,148.47999572753906,148.47999572753906,148.25999450683594,148.25999450683594,920
2011-05-19,149.41999816894531,149.41999816894531,149.41999816894531,149.41999816894531,0
2011-05-20,148.47000122070312,148.47000122070312,148.47000122070312,148.47000122070312,0
2011-05-23,146.19580078125,146.19580078125,146.19580078125,146.19580078125,0
2011-05-24,146.97999572753906,147.08999633789062,146.66000366210938,146.66000366210938,8805
2011-05-25,147.11000061035156,148.10000610351562,147.08999633789062,147.80999755859375,1832
2011-05-26,147.53999328613281,147.77000427246094,147.53999328613281,147.77000427246094,19
2011-05-27,148.1199951171875,148.1199951171875,147.77999877929688,147.94999694824219,81
2011-05-30,147.61000061035156,147.72999572753906,147.03999328613281,147.39999389648438,152
2011-05-31,148.39999389648438,148.44999694824219,148.39999389648438,148.44999694824219,140
2011-06-01,148.5,148.5,146.80000305175781,146.80000305175781,355
2011-06-02,146.07000732421875,146.52999877929688,145.47000122070312,145.47000122070312,5017
2011-06-03,145.88999938964844,145.88999938964844,143.16000366210938,144.3800048828125,23338
2011-06-06,142.6199951171875,142.74000549316406,142.6199951171875,142.74000549316406,294
2011-06-07,144.42999267578125,144.42999267578125,144.32000732421875,144.32000732421875,11
2011-06-08,143.8699951171875,143.8699951171875,143.77999877929688,143.77999877929688,8
2011-06-09,145.91999816894531,145.91999816894531,145.75999450683594,145.91000366210938,2068
2011-06-10,143.24699401855469,143.24699401855469,143.24699401855469,143.24699401855469,0
2011-06-13,143.44999694824219,144.19999694824219,143.44999694824219,143.44999694824219,1247
2011-06-14,144.74000549316406,144.74000549316406,144.74000549316406,144.74000549316406,0
2011-06-15,144.66000366210938,144.66000366210938,142.94999694824219,142.94999694824219,914
2011-06-16,142.17999267578125,142.60000610351562,142.17999267578125,142.58999633789062,422
2011-06-17,143.3800048828125,143.3800048828125,143.13999938964844,143.13999938964844,10
2011-06-20,141.50999450683594,141.50999450683594,140.69999694824219,141.08999633789062,6092
2011-06-21,141.36000061035156,142.67999267578125,141.36000061035156,142.67999267578125,221
2011-06-22,142.78999328613281,142.80999755859375,142.78999328613281,142.80999755859375,24
2011-06-23,141.33000183105469,141.33000183105469,140.33000183105469,140.33000183105469,72
2011-06-24,140,140.16000366210938,140,140.16000366210938,6
2011-06-27,140.08999633789062,140.30000305175781,139.5,140.30000305175781,330
2011-06-28,141.33000183105469,141.33000183105469,141.03999328613281,141.03999328613281,5781
2011-06-29,143.12289428710938,143.12289428710938,143.12289428710938,143.12289428710938,0
2011-06-30,143.27999877929688,144.86000061035156,142.52999877929688,144.86000061035156,15500
2011-07-01,145.27999877929688,146.25,145.27999877929688,146.25,811
2011-07-04,146.30000305175781,146.52000427246094,145.88999938964844,145.88999938964844,2380
2011-07-05,145.13999938964844,145.46000671386719,144.94000244140625,145.46000671386719,11880
2011-07-06,144.22000122070312,144.42999267578125,143.53999328613281,143.92999267578125,9500
2011-07-07,144.69999694824219,144.69999694824219,144.69999694824219,144.69999694824219,0
2011-07-08,142.17759704589844,142.17759704589844,142.17759704589844,142.17759704589844,0
2011-07-11,139.50750732421875,139.50750732421875,139.50750732421875,139.50750732421875,0
2011-07-12,134.97000122070312,137.83999633789062,134.97000122070312,137.83999633789062,9110
2011-07-13,137.77999877929688,139.16000366210938,137.3699951171875,139.16000366210938,32021
2011-07-14,138.39999389648438,138.39999389648438,137.83000183105469,137.83000183105469,18
2011-07-15,136.74000549316406,136.74000549316406,136.74000549316406,136.74000549316406,0
2011-07-18,135.57000732421875,135.57000732421875,135.57000732421875,135.57000732421875,0
2011-07-19,136.41999816894531,136.75999450683594,136.41999816894531,136.75999450683594,1700
2011-07-20,138.91000366210938,139.25999450683594,138.91000366210938,139.25999450683594,600
2011-07-21,141.31900024414062,141.31900024414062,141.31900024414062,141.31900024414062,0
2011-07-22,142.64959716796875,142.64959716796875,142.64959716796875,142.64959716796875,0
2011-07-25,142.5,142.5,141.86000061035156,141.86000061035156,350
2011-07-26,141.60000610351562,141.60000610351562,141.60000610351562,141.60000610351562,0
2011-07-27,140.69999694824219,140.69999694824219,139.53999328613281,139.53999328613281,383
2011-07-28,139.57000732421875,139.57000732421875,139.5,139.5,2000
2011-07-29,137.85000610351562,137.85000610351562,137.85000610351562,137.85000610351562,0
2011-08-01,134.04879760742188,134.04879760742188,134.04879760742188,134.04879760742188,0
2011-08-02,133.47999572753906,133.47999572753906,133.47999572753906,133.47999572753906,0
2011-08-03,133.1199951171875,133.1199951171875,133.1199951171875,133.1199951171875,0
2011-08-04,128.95559692382812,128.95559692382812,128.95559692382812,128.95559692382812,0
2011-08-05,126.34349822998047,126.34349822998047,126.34349822998047,126.34349822998047,0
2011-08-08,125.34999847412109,125.34999847412109,123.23999786376953,123.23999786376953,60
2011-08-09,120.35320281982422,120.35320281982422,120.35320281982422,120.35320281982422,0
2011-08-10,119.62000274658203,119.62000274658203,114.52999877929688,114.87999725341797,9056
2011-08-11,116.08000183105469,118.08000183105469,116.08000183105469,118.08000183105469,12996
2011-08-12,120.68000030517578,122.27999877929688,120.55000305175781,122.27999877929688,2402
2011-08-15,123.54000091552734,123.54000091552734,123.54000091552734,123.54000091552734,0
2011-08-16,120.41000366210938,120.58999633789062,120.41000366210938,120.58999633789062,2450
2011-08-17,120.34999847412109,121.51999664306641,120.34999847412109,121.51999664306641,750
2011-08-18,119.29000091552734,119.29000091552734,119.26999664306641,119.26999664306641,7009
2011-08-19,115.05130004882812,115.05130004882812,115.05130004882812,115.05130004882812,0
2011-08-22,117.72630310058594,117.72630310058594,117.72630310058594,117.72630310058594,0
2011-08-23,119.26999664306641,119.26999664306641,118.05000305175781,118.05000305175781,9000
2011-08-24,120.47000122070312,120.47000122070312,120.47000122070312,120.47000122070312,0
2011-08-25,119.48000335693359,119.77999877929688,117.44000244140625,118.16000366210938,14011
2011-08-26,116.33999633789062,117.01000213623047,116.33999633789062,117.01000213623047,2521
2011-08-30,120.54000091552734,120.54000091552734,119.23999786376953,119.23999786376953,97
2011-08-31,120.61000061035156,122.19000244140625,120.61000061035156,122.19000244140625,5445
2011-09-01,121.16000366210938,121.70999908447266,121.16000366210938,121.70999908447266,2291
2011-09-02,118.48999786376953,118.80000305175781,118.48999786376953,118.80000305175781,42
2011-09-05,116.05000305175781,116.05000305175781,114.29000091552734,114.29000091552734,50
2011-09-06,114.31999969482422,114.31999969482422,113.16000366210938,113.16000366210938,42
2011-09-07,115.37999725341797,116.69999694824219,115.37999725341797,116.69999694824219,47
2011-09-08,117.45999908447266,117.80999755859375,117.45999908447266,117.80999755859375,42
2011-09-09,116.90000152587891,116.90000152587891,113.58000183105469,113.58000183105469,42
2011-09-12,110.44999694824219,110.70999908447266,110.44999694824219,110.70999908447266,42
2011-09-13,110,112.94000244140625,108.80000305175781,112.86000061035156,13306
2011-09-14,113.66999816894531,115.80999755859375,113.48999786376953,115.80999755859375,4006
2011-09-15,118.66999816894531,119.34999847412109,118.66999816894531,119.34999847412109,5113
2011-09-16,121.08999633789062,121.90000152587891,120.97000122070312,120.97000122070312,150
2011-09-19,118.65000152587891,118.65000152587891,118.65000152587891,118.65000152587891,0
2011-09-20,120.69000244140625,121.66000366210938,120.69000244140625,121.66000366210938,7565
2011-09-21,120.66999816894531,121.69000244140625,119.62999725341797,119.62999725341797,4599
2011-09-22,114.36360168457031,114.36360168457031,114.36360168457031,114.36360168457031,0
2011-09-23,114.87999725341797,114.87999725341797,111.86000061035156,114.80000305175781,1487
2011-09-26,118.50009918212891,118.50009918212891,118.50009918212891,118.50009918212891,0
2011-09-27,124.15730285644531,124.15730285644531,124.15730285644531,124.15730285644531,0
2011-09-28,123.63999938964844,123.63999938964844,123.63999938964844,123.63999938964844,176
2011-09-29,125.18000030517578,125.51999664306641,125.13999938964844,125.41999816894531,4586
2011-09-30,124.83999633789062,125.12000274658203,123.87999725341797,124.02999877929688,6359
2011-10-04,121.95999908447266,121.95999908447266,121.95999908447266,121.95999908447266,0
2011-10-05,125.12000274658203,125.12000274658203,125.12000274658203,125.12000274658203,0
2011-10-06,126.5,127.73000335693359,126.5,127.73000335693359,2685
2011-10-07,128.05000305175781,129.64999389648438,128.05000305175781,129.57000732421875,326
2011-10-10,130.74000549316406,131,130.74000549316406,131,26
2011-10-11,130.1300048828125,130.1300048828125,129.46000671386719,129.46000671386719,63
2011-10-12,129.74000549316406,130.80000305175781,129.74000549316406,130.80000305175781,102
2011-10-13,129.57000732421875,129.57000732421875,129.57000732421875,129.57000732421875,0
2011-10-14,130.49000549316406,130.49000549316406,130.49000549316406,130.49000549316406,0
2011-10-17,130.10000610351562,130.10000610351562,128.36000061035156,128.36000061035156,84
2011-10-18,125.66999816894531,126.40000152587891,125.66999816894531,126.40000152587891,1067
2011-10-19,127.86000061035156,127.86000061035156,127.86000061035156,127.86000061035156,0
2011-10-20,125.93000030517578,125.93000030517578,124.29000091552734,124.29000091552734,1067
2011-10-21,124.84999847412109,127.16999816894531,124.84999847412109,127.16999816894531,10
2011-10-24,128.02000427246094,128.02000427246094,126.94999694824219,127.84999847412109,3913
2011-10-25,126.23000335693359,126.58999633789062,126.20999908447266,126.58999633789062,2250
2011-10-26,126.20999908447266,126.20999908447266,125.51000213623047,126.05999755859375,1155
2011-10-27,130.91299438476562,130.91299438476562,130.91299438476562,130.91299438476562,0
2011-10-28,130.63999938964844,130.63999938964844,128.94999694824219,128.94999694824219,3
2011-10-31,126.33000183105469,126.33000183105469,126.33000183105469,126.33000183105469,0
2011-11-01,121.08350372314453,121.08350372314453,121.08350372314453,121.08350372314453,0
2011-11-02,122.29000091552734,122.29000091552734,122.29000091552734,122.29000091552734,0
2011-11-03,126.02999877929688,126.02999877929688,124.01000213623047,126.02999877929688,2007
2011-11-04,122.33000183105469,122.33000183105469,122.33000183105469,122.33000183105469,0
2011-11-07,124.29000091552734,124.29000091552734,123.98000335693359,123.98000335693359,750
2011-11-08,124.58999633789062,124.76999664306641,123.11000061035156,123.11000061035156,2016
2011-11-09,120.68000030517578,120.68000030517578,120.68000030517578,120.68000030517578,0
2011-11-10,119.61000061035156,122.44000244140625,119.61000061035156,122.23999786376953,47
2011-11-11,125.79340362548828,125.79340362548828,125.79340362548828,125.79340362548828,0
2011-11-14,122.83000183105469,122.83000183105469,122.83000183105469,122.83000183105469,0
2011-11-15,122.62999725341797,122.62999725341797,122,122,11
2011-11-16,122.01000213623047,122.01000213623047,122.01000213623047,122.01000213623047,0
2011-11-17,121.48999786376953,121.51000213623047,121.08999633789062,121.08999633789062,900
2011-11-18,121.5,121.5,121.5,121.5,0
2011-11-21,117.05259704589844,117.05259704589844,117.05259704589844,117.05259704589844,0
2011-11-22,116.76999664306641,116.76999664306641,116.76999664306641,116.76999664306641,0
2011-11-23,116.52999877929688,116.52999877929688,115.58999633789062,115.58999633789062,622
2011-11-24,116.20999908447266,116.20999908447266,114.37000274658203,114.37000274658203,2001
2011-11-25,115.33999633789062,115.33999633789062,115.33999633789062,115.33999633789062,0
2011-11-28,120.68000030517578,120.68000030517578,120.68000030517578,120.68000030517578,0
2011-11-29,121.55000305175781,121.55000305175781,121.55000305175781,121.55000305175781,0
2011-11-30,122.52999877929688,125.45999908447266,122.52999877929688,125.45999908447266,2901
2011-12-01,125.48999786376953,125.48999786376953,125.48999786376953,125.48999786376953,0
2011-12-02,127.06999969482422,127.06999969482422,124.26000213623047,124.54000091552734,18034
2011-12-05,126.12000274658203,126.12000274658203,126.12000274658203,126.12000274658203,0
2011-12-06,123.51999664306641,124.05999755859375,123.31999969482422,123.31999969482422,16528
2011-12-07,123.43000030517578,123.43000030517578,123.37999725341797,123.37999725341797,2000
2011-12-08,123.30999755859375,123.30999755859375,121.01000213623047,121.01000213623047,2009
2011-12-09,122.68000030517578,123.61000061035156,122.58000183105469,123.61000061035156,927
2011-12-12,120.70999908447266,120.70999908447266,120.70999908447266,120.70999908447266,0
2011-12-13,120.54000091552734,121.15000152587891,119.73000335693359,119.73000335693359,15111
2011-12-14,117.33000183105469,117.33000183105469,117.33000183105469,117.33000183105469,0
2011-12-15,119.06999969482422,119.06999969482422,119.06999969482422,119.06999969482422,0
2011-12-16,117.80999755859375,117.80999755859375,117.80999755859375,117.80999755859375,0
2011-12-19,117.47000122070312,117.47000122070312,117.47000122070312,117.47000122070312,0
2011-12-20,119.33000183105469,119.33000183105469,119.33000183105469,119.33000183105469,0
2011-12-21,117.70999908447266,117.70999908447266,117.70999908447266,117.70999908447266,0
2011-12-22,119.56999969482422,120.05000305175781,119.56999969482422,119.95999908447266,3600
2011-12-23,121.16999816894531,121.41999816894531,121.16999816894531,121.41999816894531,2
2011-12-27,120.95999908447266,121.33999633789062,120.95999908447266,121.33999633789062,88
2011-12-28,120.94999694824219,120.94999694824219,119.33999633789062,119.33999633789062,74
2011-12-29,120.43000030517578,121.83999633789062,120.43000030517578,121.83999633789062,4
2011-12-30,121.55999755859375,121.55999755859375,121.55999755859375,121.55999755859375,0
2012-01-02,126.33999633789062,126.87000274658203,126.33999633789062,126.87000274658203,2000
2012-01-03,125.56999969482422,126.20999908447266,125.19000244140625,126.20999908447266,4639
2012-01-04,124.69999694824219,124.69999694824219,124.69999694824219,124.69999694824219,0
2012-01-05,122.23999786376953,122.23999786376953,122.23999786376953,122.23999786376953,0
2012-01-06,122.95999908447266,123.48000335693359,122.01000213623047,122.01000213623047,8989
2012-01-09,121.36000061035156,121.36000061035156,121.36000061035156,121.36000061035156,0
2012-01-10,123.41999816894531,123.41999816894531,123.41999816894531,123.41999816894531,0
2012-01-11,122.40000152587891,122.40000152587891,122.40000152587891,122.40000152587891,0
2012-01-12,122.63999938964844,123.56999969482422,122.19999694824219,122.19999694824219,6732
2012-01-13,121.20999908447266,121.20999908447266,121.20999908447266,121.20999908447266,0
2012-01-16,121.65000152587891,122.05000305175781,121.47000122070312,122.05000305175781,1250
2012-01-17,124.23999786376953,124.23999786376953,123.87000274658203,123.87000274658203,2400
2012-01-18,121.69999694824219,121.69999694824219,121.69999694824219,121.69999694824219,0
2012-01-19,120.61000061035156,121.08000183105469,120.61000061035156,121.08000183105469,2000
2012-01-20,120.44999694824219,120.44999694824219,120.44999694824219,120.44999694824219,0
2012-01-23,119.43000030517578,119.44999694824219,118.29000091552734,118.29000091552734,1800
2012-01-24,120.04000091552734,120.04000091552734,120.04000091552734,120.04000091552734,0
2012-01-25,119.38999938964844,119.38999938964844,119.38999938964844,119.38999938964844,0
2012-01-26,120.48999786376953,122.16000366210938,120.48999786376953,122.05000305175781,21690
2012-01-27,122.19999694824219,122.19999694824219,121.61000061035156,121.61000061035156,5600
2012-01-30,121.55000305175781,121.55000305175781,120.97000122070312,120.97000122070312,1500
2012-01-31,122.91000366210938,122.91000366210938,122.09999847412109,122.09999847412109,1
2012-02-01,124.81999969482422,124.81999969482422,124.81999969482422,124.81999969482422,0
2012-02-02,124.59999847412109,124.62000274658203,124.27999877929688,124.27999877929688,7317
2012-02-03,126.22000122070312,126.22000122070312,126.22000122070312,126.22000122070312,0
2012-02-06,125.95999908447266,125.95999908447266,125.95999908447266,125.95999908447266,0
2012-02-07,126.43000030517578,126.43000030517578,126.43000030517578,126.43000030517578,0
2012-02-08,126.62000274658203,126.62000274658203,126.62000274658203,126.62000274658203,0
2012-02-09,124.94999694824219,124.94999694824219,124.66999816894531,124.66999816894531,10252
2012-02-10,123.16000366210938,123.37999725341797,123.16000366210938,123.37999725341797,138
2012-02-13,123.83999633789062,123.83999633789062,123.83999633789062,123.83999633789062,0
2012-02-14,124.83999633789062,124.83999633789062,124.38999938964844,124.38999938964844,2973
2012-02-15,124.68000030517578,124.68000030517578,124,124.05999755859375,2960
2012-02-16,123.91000366210938,123.91000366210938,123.91000366210938,123.91000366210938,0
2012-02-17,124.80000305175781,124.80000305175781,124.80000305175781,124.80000305175781,0
2012-02-20,125.08000183105469,125.29000091552734,125.08000183105469,125.29000091552734,1511
2012-02-21,124.52999877929688,124.94000244140625,124.44999694824219,124.94000244140625,10148
2012-02-22,124.40000152587891,124.40000152587891,123.76999664306641,123.76999664306641,10000
2012-02-23,123.01999664306641,123.01999664306641,123.01999664306641,123.01999664306641,0
2012-02-24,123.90000152587891,123.90000152587891,123.90000152587891,123.90000152587891,0
2012-02-27,123.86000061035156,124.05000305175781,123.86000061035156,124.05000305175781,2001
2012-02-28,124.33000183105469,124.33000183105469,124.33000183105469,124.33000183105469,0
2012-02-29,124.95999908447266,124.95999908447266,124.95999908447266,124.95999908447266,0
2012-03-01,124.98999786376953,127.18000030517578,124.58000183105469,127.18000030517578,5211
2012-03-02,127.97000122070312,128,127.97000122070312,128,2350
2012-03-05,127.62000274658203,127.62000274658203,127.62000274658203,127.62000274658203,0
2012-03-06,125.43000030517578,125.43000030517578,125.43000030517578,125.43000030517578,0
2012-03-07,125.05000305175781,125.05000305175781,124.76000213623047,124.95999908447266,15822
2012-03-08,124.51000213623047,125.23000335693359,123.80000305175781,125.23000335693359,18173
2012-03-09,124.5,125.20999908447266,124.5,125.20999908447266,473
2012-03-12,124.44999694824219,124.44999694824219,124.44999694824219,124.44999694824219,0
2012-03-13,125.84999847412109,126.58000183105469,125.51999664306641,126.54000091552734,11916
2012-03-14,128.32000732421875,128.32000732421875,128.32000732421875,128.32000732421875,0
2012-03-15,128.32000732421875,128.42999267578125,128.32000732421875,128.39999389648438,1562
2012-03-16,129.30000305175781,129.30000305175781,128.27999877929688,128.83999633789062,1659
2012-03-19,128.41000366210938,128.47000122070312,128.41000366210938,128.47000122070312,24
2012-03-20,127.69000244140625,128.02999877929688,127.69000244140625,128.02000427246094,130
2012-03-21,128.11000061035156,128.16999816894531,127.44000244140625,127.79000091552734,1905
2012-03-22,126.87000274658203,126.87000274658203,126.87000274658203,126.87000274658203,0
2012-03-23,125.98000335693359,126.20999908447266,125.98000335693359,126.20999908447266,1
2012-03-26,126.26999664306641,127.34999847412109,126.26999664306641,127.33000183105469,62
2012-03-27,127.04000091552734,127.04000091552734,127.04000091552734,127.04000091552734,0
2012-03-28,126.01999664306641,126.01999664306641,125.56999969482422,125.56999969482422,18
2012-03-29,124.20999908447266,124.33000183105469,124.20999908447266,124.33000183105469,150
2012-03-30,125.20999908447266,125.65000152587891,125.20999908447266,125.65000152587891,40
2012-04-02,124.59999847412109,126.19999694824219,124.59999847412109,126.19999694824219,1107
2012-04-03,125.58999633789062,125.87000274658203,124.44999694824219,124.44999694824219,673
2012-04-04,122.02999877929688,122.02999877929688,122.02999877929688,122.02999877929688,0
2012-04-05,120.68000030517578,121.83000183105469,120.41000366210938,121.58999633789062,1200
2012-04-10,119.62000274658203,119.62000274658203,119.62000274658203,119.62000274658203,0
2012-04-11,120.97000122070312,121.31999969482422,120.69999694824219,120.88999938964844,2281
2012-04-12,119.02999877929688,120.80000305175781,119.02999877929688,120.63999938964844,3480
2012-04-13,118.62999725341797,118.62999725341797,118.62999725341797,118.62999725341797,0
2012-04-16,119.87999725341797,119.87999725341797,119.87999725341797,119.87999725341797,0
2012-04-17,122.01000213623047,122.01000213623047,122.01000213623047,122.01000213623047,0
2012-04-18,121.76000213623047,121.77999877929688,119.69999694824219,120.18000030517578,66192
2012-04-19,119.09999847412109,119.09999847412109,119.09999847412109,119.09999847412109,0
2012-04-20,120.84999847412109,120.84999847412109,120.84999847412109,120.84999847412109,0
2012-04-23,118.44999694824219,118.44999694824219,118.44999694824219,118.44999694824219,0
2012-04-24,119.80000305175781,119.83999633789062,119.80000305175781,119.83999633789062,6992
2012-04-25,120.58999633789062,120.58999633789062,120.37999725341797,120.37999725341797,4004
2012-04-26,119.79000091552734,120.01000213623047,119.61000061035156,120.01000213623047,303
2012-04-27,120.95999908447266,121.16000366210938,120.95999908447266,121.16000366210938,2001
2012-04-30,120.54000091552734,120.54000091552734,119.98999786376953,119.98999786376953,2002
2012-05-02,119.05000305175781,119.05000305175781,119.05000305175781,119.05000305175781,0
2012-05-03,119.20999908447266,119.20999908447266,119.20999908447266,119.20999908447266,0
2012-05-04,118.56999969482422,118.56999969482422,118.56999969482422,118.56999969482422,0
2012-05-07,120.30999755859375,120.30999755859375,120.30999755859375,120.30999755859375,0
2012-05-08,119.05999755859375,119.05999755859375,119.05999755859375,119.05999755859375,0
2012-05-09,118.08000183105469,118.08000183105469,118.08000183105469,118.08000183105469,0
2012-05-10,119.41999816894531,119.41999816894531,119.16000366210938,119.30000305175781,1471
2012-05-11,119.95999908447266,119.95999908447266,119.95999908447266,119.95999908447266,0
2012-05-14,117.77999877929688,118.04000091552734,117.68000030517578,118.02999877929688,30502
2012-05-15,116.23000335693359,116.23000335693359,116.23000335693359,116.23000335693359,0
2012-05-16,115.41000366210938,115.41000366210938,115.41000366210938,115.41000366210938,0
2012-05-17,114.40000152587891,115.09999847412109,114.40000152587891,114.59999847412109,40482
2012-05-18,116.19000244140625,116.19000244140625,115.23000335693359,115.23000335693359,427
2012-05-21,114.62000274658203,114.66000366210938,114.62000274658203,114.66000366210938,1200
2012-05-22,115.05000305175781,116.31999969482422,115.05000305175781,116.31999969482422,6135
2012-05-23,114.11000061035156,114.11000061035156,114.11000061035156,114.11000061035156,0
2012-05-24,115.97000122070312,115.97000122070312,115.97000122070312,115.97000122070312,0
2012-05-25,116.95999908447266,116.95999908447266,116.95999908447266,116.95999908447266,0
2012-05-28,115.26999664306641,115.26999664306641,115.26999664306641,115.26999664306641,0
2012-05-29,114.66999816894531,114.84999847412109,114.41999816894531,114.54000091552734,13041
2012-05-30,113.48000335693359,113.48000335693359,113.48000335693359,113.48000335693359,0
2012-05-31,112.69000244140625,112.69000244140625,112.69000244140625,112.69000244140625,37
2012-06-01,112.80999755859375,112.80999755859375,111.5,112.15000152587891,12598
2012-06-04,112.18000030517578,113.08999633789062,112.18000030517578,112.59999847412109,243
2012-06-05,111.84999847412109,111.94999694824219,111.84999847412109,111.94999694824219,807
2012-06-06,113.95999908447266,113.95999908447266,113.95999908447266,113.95999908447266,0
2012-06-07,114.01999664306641,114.01999664306641,112.94999694824219,112.94999694824219,1000
2012-06-08,114.84999847412109,114.84999847412109,114.84999847412109,114.84999847412109,0
2012-06-11,114.08999633789062,114.84999847412109,114.08999633789062,114.08999633789062,0
2012-06-12,115.01000213623047,115.01000213623047,114.84999847412109,115.01000213623047,0
2012-06-13,115.01000213623047,115.01000213623047,114.84999847412109,115.01000213623047,0
2012-06-14,115.27999877929688,116.01000213623047,115.27999877929688,116.01000213623047,2403
2012-06-15,117.5,117.5,117.5,117.5,0
2012-06-18,116.43000030517578,116.43000030517578,116.43000030517578,116.43000030517578,0
2012-06-19,117.83999633789062,117.83999633789062,117.83999633789062,117.83999633789062,0
2012-06-20,119.66999816894531,119.66999816894531,119.66999816894531,119.66999816894531,0
2012-06-21,119.44999694824219,119.44999694824219,119.44999694824219,119.44999694824219,0
2012-06-22,120.19999694824219,120.19999694824219,120.19999694824219,120.19999694824219,0
2012-06-25,118.56999969482422,118.56999969482422,118.01999664306641,118.01999664306641,1484
2012-06-26,119.30000305175781,119.59999847412109,119.05999755859375,119.05999755859375,6764
2012-06-27,121.66999816894531,121.66999816894531,121.66999816894531,121.66999816894531,0
2012-06-28,122.18000030517578,122.18000030517578,122.18000030517578,122.18000030517578,0
2012-06-29,124.86000061035156,124.86000061035156,124.86000061035156,124.86000061035156,0
2012-07-02,126.20999908447266,126.20999908447266,126.20999908447266,126.20999908447266,0
2012-07-03,125.80000305175781,125.80000305175781,125.80000305175781,125.80000305175781,0
2012-07-04,125.23999786376953,125.30000305175781,125.23999786376953,125.30000305175781,1000
2012-07-05,124.02999877929688,124.02999877929688,124.02999877929688,124.02999877929688,0
2012-07-06,123.51000213623047,123.51000213623047,123.51000213623047,123.51000213623047,0
2012-07-09,123.26999664306641,123.26999664306641,123.26999664306641,123.26999664306641,0
2012-07-10,123.87999725341797,123.87999725341797,123.87999725341797,123.87999725341797,0
2012-07-11,125.09999847412109,125.09999847412109,125.09999847412109,125.09999847412109,0
2012-07-12,122.76999664306641,123.16000366210938,122.76999664306641,123.16000366210938,390
2012-07-13,125.05999755859375,125.05999755859375,125.05999755859375,125.05999755859375,0
2012-07-16,125.15000152587891,125.15000152587891,125.15000152587891,125.15000152587891,0
2012-07-17,124.80999755859375,124.80999755859375,124.80999755859375,124.80999755859375,0
2012-07-18,125.04000091552734,125.04000091552734,125.04000091552734,125.04000091552734,0
2012-07-19,124.48000335693359,124.48000335693359,124.48000335693359,124.48000335693359,0
2012-07-20,120.29000091552734,120.29000091552734,120.29000091552734,120.29000091552734,0
2012-07-23,117.23999786376953,117.23999786376953,117.23999786376953,117.23999786376953,0
2012-07-24,117.48999786376953,117.48999786376953,114.70999908447266,114.70999908447266,329
2012-07-25,114.41000366210938,114.41000366210938,114.41000366210938,114.41000366210938,0
2012-07-26,118.76999664306641,118.76999664306641,118.76999664306641,118.76999664306641,0
2012-07-27,121.05000305175781,121.05000305175781,121.05000305175781,121.05000305175781,3810
2012-07-30,121.70999908447266,122.62000274658203,121.70999908447266,122.62000274658203,360
2012-07-31,121.88999938964844,121.88999938964844,121.88999938964844,121.88999938964844,0
2012-08-01,120.65000152587891,121.56999969482422,120.65000152587891,121.56999969482422,6700
2012-08-02,121.02999877929688,121.02999877929688,119.08999633789062,119.08999633789062,2950
2012-08-03,119.15000152587891,123.04000091552734,119.15000152587891,123.04000091552734,2015
2012-08-06,124.12000274658203,124.12000274658203,124.12000274658203,124.12000274658203,0
2012-08-07,125.5,126.44000244140625,125.5,126.26000213623047,3271
2012-08-08,126,126,126,126,0
2012-08-09,125.19999694824219,125.19999694824219,125.19999694824219,125.19999694824219,0
2012-08-10,124.80999755859375,124.80999755859375,124.80999755859375,124.80999755859375,0
2012-08-13,124.41999816894531,124.51999664306641,124.41999816894531,124.51999664306641,34
2012-08-14,125.30000305175781,125.73999786376953,125.30000305175781,125.73999786376953,271
2012-08-15,126.26000213623047,126.26000213623047,126.26000213623047,126.26000213623047,0
2012-08-16,125.95999908447266,128.3800048828125,125.95999908447266,128.3800048828125,234
2012-08-17,129.08999633789062,129.08999633789062,129.08999633789062,129.08999633789062,0
2012-08-20,128.69000244140625,128.69000244140625,128.69000244140625,128.69000244140625,0
2012-08-21,128.6300048828125,128.6300048828125,128.6300048828125,128.6300048828125,1200
2012-08-22,127.61000061035156,127.61000061035156,127.61000061035156,127.61000061035156,0
2012-08-23,125.72000122070312,125.72000122070312,125.72000122070312,125.72000122070312,0
2012-08-24,126.56999969482422,126.56999969482422,126.56999969482422,126.56999969482422,0
2012-08-27,127.54000091552734,127.54000091552734,127.54000091552734,127.54000091552734,0
2012-08-28,126.98999786376953,126.98999786376953,126.98999786376953,126.98999786376953,0
2012-08-29,127.51999664306641,127.51999664306641,126.84999847412109,126.84999847412109,1000
2012-08-30,126.37000274658203,126.37000274658203,126.37000274658203,126.37000274658203,0
2012-08-31,127.16000366210938,127.16000366210938,127.16000366210938,127.16000366210938,0
2012-09-03,128,128.39999389648438,128,128.39999389648438,301
2012-09-04,128.27000427246094,128.27000427246094,128.27000427246094,128.27000427246094,0
2012-09-05,128.10000610351562,128.1199951171875,127.97000122070312,127.97000122070312,7095
2012-09-06,130.39999389648438,130.61000061035156,130.39999389648438,130.61000061035156,3800
2012-09-07,132.16999816894531,132.16999816894531,132.16999816894531,132.16999816894531,0
2012-09-10,131.83000183105469,131.83000183105469,131.83000183105469,131.83000183105469,0
2012-09-11,132.80000305175781,132.80000305175781,132.80000305175781,132.80000305175781,0
2012-09-12,134.02000427246094,134.02000427246094,134.02000427246094,134.02000427246094,0
2012-09-13,133.66000366210938,133.66000366210938,133.66000366210938,133.66000366210938,0
2012-09-14,134.63999938964844,134.86000061035156,134.42999267578125,134.86000061035156,10000
2012-09-17,134.17999267578125,134.17999267578125,134.17999267578125,134.17999267578125,9
2012-09-18,133.28999328613281,133.28999328613281,133.28999328613281,133.28999328613281,0
2012-09-19,133.64999389648438,133.82000732421875,133.64999389648438,133.82000732421875,766
2012-09-20,133.49000549316406,133.49000549316406,133.49000549316406,133.49000549316406,0
2012-09-21,134.11000061035156,134.11000061035156,134.11000061035156,134.11000061035156,0
2012-09-24,134.1300048828125,134.1300048828125,134.1300048828125,134.1300048828125,0
2012-09-25,134.1199951171875,134.1199951171875,134.1199951171875,134.1199951171875,0
2012-09-26,131.69000244140625,131.69000244140625,131.52000427246094,131.52000427246094,174
2012-09-27,132.1199951171875,132.1199951171875,131.52000427246094,131.52000427246094,747
2012-09-28,129.05999755859375,129.05999755859375,129.05999755859375,129.05999755859375,0
2012-10-01,130.66999816894531,130.66999816894531,130.66999816894531,130.66999816894531,0
2012-10-02,131.89999389648438,131.89999389648438,130.97999572753906,130.97999572753906,570
2012-10-04,130.83000183105469,130.83000183105469,130.83000183105469,130.83000183105469,0
2012-10-05,131.88999938964844,131.88999938964844,131.88999938964844,131.88999938964844,0
2012-10-08,130.5,130.5,130.5,130.5,0
2012-10-09,129.28999328613281,129.28999328613281,129.28999328613281,129.28999328613281,0
2012-10-10,129.28999328613281,129.28999328613281,129.28999328613281,129.28999328613281,0
2012-10-11,129.92999267578125,129.92999267578125,129.92999267578125,129.92999267578125,0
2012-10-12,129.75999450683594,129.75999450683594,129.60000610351562,129.60000610351562,201
2012-10-15,130.14999389648438,130.14999389648438,130.14999389648438,130.14999389648438,0
2012-10-16,132.19000244140625,132.19000244140625,132.19000244140625,132.19000244140625,0
2012-10-17,133.17999267578125,133.17999267578125,133.17999267578125,133.17999267578125,0
2012-10-18,133.50999450683594,133.50999450683594,133.50999450683594,133.50999450683594,0
2012-10-19,132.16000366210938,132.16000366210938,132.16000366210938,132.16000366210938,0
2012-10-22,131.46000671386719,131.46000671386719,131.46000671386719,131.46000671386719,0
2012-10-23,129.82000732421875,129.82000732421875,129.82000732421875,129.82000732421875,0
2012-10-24,129.94000244140625,129.94000244140625,129.94000244140625,129.94000244140625,0
2012-10-25,129.85000610351562,129.85000610351562,129.85000610351562,129.85000610351562,0
2012-10-26,130.35000610351562,130.35000610351562,130.35000610351562,130.35000610351562,0
2012-10-29,129.42999267578125,129.42999267578125,129.42999267578125,129.42999267578125,0
2012-10-30,129.88999938964844,129.88999938964844,129.88999938964844,129.88999938964844,0
2012-10-31,130.02000427246094,130.02000427246094,130.02000427246094,130.02000427246094,0
2012-11-01,130.80999755859375,130.80999755859375,130.80999755859375,130.80999755859375,0
2012-11-02,130.10000610351562,130.57000732421875,129.6199951171875,130.57000732421875,209
2012-11-05,129.28999328613281,129.28999328613281,129.28999328613281,129.28999328613281,0
2012-11-06,129.13999938964844,129.13999938964844,129.13999938964844,129.13999938964844,0
2012-11-07,126.95999908447266,126.95999908447266,126.95999908447266,126.95999908447266,0
2012-11-08,125.70999908447266,125.70999908447266,125.70999908447266,125.70999908447266,0
2012-11-09,124.12000274658203,125.05000305175781,123.90000152587891,125.05000305175781,11300
2012-11-12,124.59999847412109,124.59999847412109,124.59999847412109,124.59999847412109,0
2012-11-13,121.73000335693359,121.73000335693359,121.73000335693359,121.73000335693359,0
2012-11-14,121.97000122070312,121.97000122070312,121.97000122070312,121.97000122070312,0
2012-11-15,120.77999877929688,120.77999877929688,120.77999877929688,120.77999877929688,0
2012-11-16,119.29000091552734,119.29000091552734,119.29000091552734,119.29000091552734,0
2012-11-19,121.37000274658203,121.37000274658203,121.37000274658203,121.37000274658203,0
2012-11-20,121.33999633789062,121.33999633789062,121.33999633789062,121.33999633789062,0
2012-11-21,122.37000274658203,122.37000274658203,122.37000274658203,122.37000274658203,0
2012-11-22,122.59999847412109,122.59999847412109,122.59999847412109,122.59999847412109,0
2012-11-23,123.12999725341797,123.12999725341797,123.12999725341797,123.12999725341797,0
2012-11-26,123.01999664306641,123.01999664306641,122.66000366210938,122.66000366210938,17
2012-11-27,122.06999969482422,122.06999969482422,122.06999969482422,122.06999969482422,0
2012-11-28,121.88999938964844,121.88999938964844,121.88999938964844,121.88999938964844,0
2012-11-29,123.77999877929688,123.77999877929688,123.77999877929688,123.77999877929688,0
2012-11-30,122.91999816894531,122.91999816894531,122.91999816894531,122.91999816894531,0
2012-12-03,123.19000244140625,123.19000244140625,123.19000244140625,123.19000244140625,0
2012-12-04,123.62000274658203,123.62000274658203,123.62000274658203,123.62000274658203,0
2012-12-05,123.98000335693359,123.98000335693359,123.98000335693359,123.98000335693359,0
2012-12-06,123.66999816894531,123.66999816894531,122.26000213623047,122.26000213623047,2040
2012-12-07,121.77999877929688,121.77999877929688,121.77999877929688,121.77999877929688,0
2012-12-10,121.48999786376953,121.48999786376953,121.48999786376953,121.48999786376953,0
2012-12-11,123.62000274658203,123.62000274658203,123.62000274658203,123.62000274658203,0
2012-12-12,124.16999816894531,124.16999816894531,124.16999816894531,124.16999816894531,0
2012-12-13,124.05999755859375,124.05999755859375,124.05999755859375,124.05999755859375,0
2012-12-14,123.80000305175781,123.80000305175781,123.80000305175781,123.80000305175781,0
2012-12-17,124.15000152587891,124.15000152587891,124.15000152587891,124.15000152587891,0
2012-12-18,125.06999969482422,125.06999969482422,125.06999969482422,125.06999969482422,0
2012-12-19,125.43000030517578,125.43000030517578,125.43000030517578,125.43000030517578,0
2012-12-20,125.47000122070312,125.47000122070312,125.47000122070312,125.47000122070312,0
2012-12-21,125.41999816894531,125.55000305175781,125.31999969482422,125.55000305175781,4171
2012-12-27,125.31999969482422,125.31999969482422,125.31999969482422,125.31999969482422,0
2012-12-28,124.40000152587891,124.40000152587891,124.40000152587891,124.40000152587891,0
2013-01-02,126.90000152587891,127.25,126.90000152587891,127.25,3000
2013-01-03,127.01000213623047,127.04000091552734,127.01000213623047,127.04000091552734,171
2013-01-04,127.33999633789062,128.10000610351562,127.33999633789062,128.10000610351562,897
2013-01-07,126.05000305175781,126.05000305175781,125.80999755859375,125.80999755859375,199
2013-01-08,125.73000335693359,125.73000335693359,125.73000335693359,125.73000335693359,0
2013-01-09,126.23000335693359,126.84999847412109,126.23000335693359,126.84999847412109,15040
2013-01-10,126.22000122070312,126.22000122070312,125.66999816894531,125.66999816894531,2000
2013-01-11,124.95999908447266,125.16999816894531,124.77999877929688,125.16999816894531,8000
2013-01-14,124.44000244140625,124.44000244140625,124.44000244140625,124.44000244140625,0
2013-01-15,124.55999755859375,124.55999755859375,124.55999755859375,124.55999755859375,0
2013-01-16,124.23000335693359,124.23000335693359,124.23000335693359,124.23000335693359,0
2013-01-17,124.93000030517578,124.98000335693359,124.62000274658203,124.62000274658203,6040
2013-01-18,123.81999969482422,123.81999969482422,123.81999969482422,123.81999969482422,0
2013-01-21,125.02999877929688,125.02999877929688,125.02999877929688,125.02999877929688,0
2013-01-22,124.16999816894531,124.16999816894531,124.16999816894531,124.16999816894531,0
2013-01-23,123.36000061035156,123.36000061035156,123.36000061035156,123.36000061035156,0
2013-01-24,123.5,123.5,123.5,123.5,0
2013-01-25,123.87000274658203,123.87000274658203,123.87000274658203,123.87000274658203,0
2013-01-28,123.30999755859375,123.30999755859375,123.30999755859375,123.30999755859375,0
2013-01-29,124.56999969482422,124.56999969482422,124.56999969482422,124.56999969482422,0
2013-01-30,123.29000091552734,123.29000091552734,123.29000091552734,123.29000091552734,0
2013-01-31,122.47000122070312,122.47000122070312,122.47000122070312,122.47000122070312,0
2013-02-01,121.41999816894531,121.41999816894531,121.41999816894531,121.41999816894531,0
2013-02-04,119.29000091552734,119.29000091552734,119.29000091552734,119.29000091552734,0
2013-02-05,119.19999694824219,120.11000061035156,119.19999694824219,120.11000061035156,3000
2013-02-06,119.48000335693359,119.48000335693359,119.48000335693359,119.48000335693359,0
2013-02-07,119.02999877929688,119.02999877929688,119.02999877929688,119.02999877929688,0
2013-02-08,119.70999908447266,120.16999816894531,119.70999908447266,120.16999816894531,1006
2013-02-11,120.62999725341797,120.62999725341797,120.62999725341797,120.62999725341797,0
2013-02-12,121.55999755859375,121.55999755859375,121.55999755859375,121.55999755859375,0
2013-02-13,121.51000213623047,121.51000213623047,121.51000213623047,121.51000213623047,0
2013-02-14,120.27999877929688,120.45999908447266,120.19999694824219,120.45999908447266,992
2013-02-15,119.63999938964844,119.63999938964844,119.63999938964844,119.63999938964844,0
2013-02-18,120.51999664306641,120.51999664306641,120.51999664306641,120.51999664306641,0
2013-02-19,121.41999816894531,121.41999816894531,121.41999816894531,121.41999816894531,0
2013-02-20,120.15000152587891,120.15000152587891,120.15000152587891,120.15000152587891,0
2013-02-21,118.23000335693359,118.23000335693359,118.23000335693359,118.23000335693359,0
2013-02-22,120.51000213623047,120.51000213623047,120.51000213623047,120.51000213623047,0
2013-02-25,120.62000274658203,120.62000274658203,120.62000274658203,120.62000274658203,0
2013-02-26,117.81999969482422,117.81999969482422,117.81999969482422,117.81999969482422,0
2013-02-27,119.31999969482422,119.31999969482422,119.31999969482422,119.31999969482422,0
2013-02-28,120.04000091552734,120.58000183105469,120.04000091552734,120.58000183105469,101
2013-03-01,119.72000122070312,119.72000122070312,119.72000122070312,119.72000122070312,0
2013-03-04,120.97000122070312,120.97000122070312,120.97000122070312,120.97000122070312,0
2013-03-05,122.44000244140625,122.44000244140625,122.44000244140625,122.44000244140625,0
2013-03-06,122.30000305175781,122.30000305175781,121.72000122070312,121.72000122070312,100
2013-03-07,121.62999725341797,121.62999725341797,121.62999725341797,121.62999725341797,0
2013-03-08,122.83000183105469,122.83000183105469,122.83000183105469,122.83000183105469,0
2013-03-11,122.23000335693359,122.23000335693359,122.23000335693359,122.23000335693359,0
2013-03-12,121.41000366210938,121.41000366210938,121.41000366210938,121.41000366210938,0
2013-03-13,121.11000061035156,121.11000061035156,121.11000061035156,121.11000061035156,0
2013-03-14,122.56999969482422,122.56999969482422,122.56999969482422,122.56999969482422,0
2013-03-15,121.73000335693359,121.73000335693359,121.73000335693359,121.73000335693359,0
2013-03-18,121.55000305175781,121.55000305175781,121.55000305175781,121.55000305175781,0
2013-03-19,122.05999755859375,122.05999755859375,122.05999755859375,122.05999755859375,0
2013-03-20,122.80999755859375,122.80999755859375,122.80999755859375,122.80999755859375,0
2013-03-21,124.26999664306641,124.26999664306641,124.26999664306641,124.26999664306641,0
2013-03-22,125.19999694824219,125.19999694824219,125.19999694824219,125.19999694824219,3000
2013-03-25,123.18000030517578,123.18000030517578,123.18000030517578,123.18000030517578,0
2013-03-26,122.48999786376953,122.48999786376953,122.48999786376953,122.48999786376953,0
2013-03-27,123.48999786376953,123.48999786376953,121.70999908447266,121.70999908447266,40
2013-03-28,122.12999725341797,122.12999725341797,122.12999725341797,122.12999725341797,0
2013-04-02,124.33999633789062,124.33999633789062,124.33999633789062,124.33999633789062,0
2013-04-03,123.05999755859375,123.05999755859375,123.05999755859375,123.05999755859375,0
2013-04-04,123.58999633789062,123.58999633789062,123.58999633789062,123.58999633789062,0
2013-04-05,123.73000335693359,123.73000335693359,123.73000335693359,123.73000335693359,0
2013-04-08,124.12999725341797,124.12999725341797,123.09999847412109,123.09999847412109,7501
2013-04-09,124.05000305175781,124.05000305175781,124.05000305175781,124.05000305175781,0
2013-04-10,127.65000152587891,127.65000152587891,127.65000152587891,127.65000152587891,0
2013-04-11,127.55000305175781,127.90000152587891,127.55000305175781,127.90000152587891,1949
2013-04-12,127.41999816894531,127.41999816894531,127.41999816894531,127.41999816894531,0
2013-04-15,128.24000549316406,128.24000549316406,127.76999664306641,127.76999664306641,1850
2013-04-16,125.01000213623047,125.01000213623047,125.01000213623047,125.01000213623047,0
2013-04-17,123.90000152587891,123.90000152587891,123.90000152587891,123.90000152587891,0
2013-04-18,123.34999847412109,123.34999847412109,123.34999847412109,123.34999847412109,0
2013-04-19,124,124,123.30000305175781,123.98000335693359,5700
2013-04-22,124.77999877929688,125.08000183105469,124.77999877929688,125.08000183105469,1850
2013-04-23,127.43000030517578,127.43000030517578,127.43000030517578,127.43000030517578,0
2013-04-24,128.5,128.83000183105469,128.5,128.83000183105469,1800
2013-04-25,129.61000061035156,129.61000061035156,129.61000061035156,129.61000061035156,0
2013-04-26,128.97999572753906,128.97999572753906,128.97999572753906,128.97999572753906,0
2013-04-29,130.72000122070312,130.72000122070312,130.72000122070312,130.72000122070312,0
2013-04-30,130.47999572753906,130.47999572753906,130.47999572753906,130.47999572753906,0
2013-05-02,130.91000366210938,130.91000366210938,130.91000366210938,130.91000366210938,0
2013-05-03,132,132.97000122070312,132,132.97000122070312,2000
2013-05-06,132.42999267578125,132.42999267578125,132.42999267578125,132.42999267578125,0
2013-05-07,132.08000183105469,132.22999572753906,132.08000183105469,132.22999572753906,2000
2013-05-08,132.92999267578125,132.92999267578125,132.92999267578125,132.92999267578125,0
2013-05-09,132.00999450683594,132.00999450683594,132.00999450683594,132.00999450683594,0
2013-05-10,132.55000305175781,132.55000305175781,132.55000305175781,132.55000305175781,0
2013-05-13,132.97000122070312,132.97000122070312,132.97000122070312,132.97000122070312,200
2013-05-14,133,133,133,133,0
2013-05-15,133.24000549316406,133.24000549316406,133.24000549316406,133.24000549316406,0
2013-05-16,132.61000061035156,132.61000061035156,132.61000061035156,132.61000061035156,0
2013-05-17,133.02000427246094,133.02000427246094,133.02000427246094,133.02000427246094,0
2013-05-20,133.89999389648438,133.89999389648438,133.89999389648438,133.89999389648438,0
2013-05-21,133.71000671386719,133.71000671386719,133.71000671386719,133.71000671386719,0
2013-05-22,133.8699951171875,133.8699951171875,133.05000305175781,133.30999755859375,2000
2013-05-23,131.91999816894531,131.91999816894531,131.91999816894531,131.91999816894531,0
2013-05-24,131.58999633789062,131.92999267578125,131.58999633789062,131.92999267578125,1700
2013-05-27,133.00999450683594,133.1300048828125,132.77000427246094,132.77000427246094,2000
2013-05-28,134,134.02999877929688,133.75,133.75,2000
2013-05-29,131.10000610351562,131.10000610351562,131.10000610351562,131.10000610351562,0
2013-05-30,130.83000183105469,130.83000183105469,130.83000183105469,130.83000183105469,0
2013-05-31,130.38999938964844,130.38999938964844,130.38999938964844,130.38999938964844,665
2013-06-03,127.62000274658203,128.6300048828125,127.62000274658203,128.6300048828125,2000
2013-06-04,128.97999572753906,128.97999572753906,128.97999572753906,128.97999572753906,0
2013-06-05,127.62000274658203,127.62000274658203,127.62000274658203,127.62000274658203,0
2013-06-06,127.08000183105469,127.08000183105469,127.08000183105469,127.08000183105469,0
2013-06-07,127.98000335693359,127.98000335693359,127.98000335693359,127.98000335693359,0
2013-06-10,127.61000061035156,127.61000061035156,127.61000061035156,127.61000061035156,0
2013-06-11,126.31999969482422,126.31999969482422,126.31999969482422,126.31999969482422,0
2013-06-12,126.54000091552734,126.54000091552734,126.54000091552734,126.54000091552734,0
2013-06-13,125.40000152587891,127.15000152587891,125.40000152587891,127.15000152587891,2000
2013-06-14,127.08999633789062,127.08999633789062,127.08999633789062,127.08999633789062,0
2013-06-17,128.46000671386719,128.46000671386719,128.46000671386719,128.46000671386719,0
2013-06-18,128.72999572753906,128.72999572753906,128.72999572753906,128.72999572753906,0
2013-06-19,127.77999877929688,127.77999877929688,127.77999877929688,127.77999877929688,0
2013-06-20,124.25,124.25,124.25,124.25,0
2013-06-21,122.33000183105469,122.33000183105469,122.33000183105469,122.33000183105469,0
2013-06-24,120.48999786376953,120.48999786376953,120.48999786376953,120.48999786376953,0
2013-06-25,120.22000122070312,120.22000122070312,120.22000122070312,120.22000122070312,0
2013-06-26,122.65000152587891,122.65000152587891,122.65000152587891,122.65000152587891,0
2013-06-27,123.76999664306641,123.76999664306641,123.76999664306641,123.76999664306641,0
2013-06-28,123.80000305175781,123.80000305175781,123.80000305175781,123.80000305175781,0
2013-07-01,123.41999816894531,123.41999816894531,123.41999816894531,123.41999816894531,0
2013-07-02,123.05000305175781,123.05000305175781,123.05000305175781,123.05000305175781,0
2013-07-03,121.02999877929688,121.97000122070312,120.69000244140625,121.97000122070312,14040
2013-07-04,124.44000244140625,124.44000244140625,124.44000244140625,124.44000244140625,0
2013-07-05,122.97000122070312,122.97000122070312,122.97000122070312,122.97000122070312,0
2013-07-08,124.70999908447266,124.70999908447266,124.04000091552734,124.04000091552734,520
2013-07-09,125.66000366210938,125.76999664306641,125,125,780
2013-07-10,124.62999725341797,124.62999725341797,124.62999725341797,124.62999725341797,0
2013-07-11,125.62000274658203,125.66000366210938,125.25,125.25,1300
2013-07-12,124.16999816894531,124.58000183105469,122.87000274658203,122.87000274658203,400
2013-07-15,123.33999633789062,123.33999633789062,123.18000030517578,123.18000030517578,400
2013-07-16,123.56999969482422,123.62999725341797,122.69999694824219,123.27999877929688,4060
2013-07-17,122.80999755859375,123.83999633789062,122.80999755859375,123.56999969482422,3900
2013-07-18,125.18000030517578,125.18000030517578,125.18000030517578,125.18000030517578,0
2013-07-19,125.98999786376953,125.98999786376953,125.98999786376953,125.98999786376953,0
2013-07-22,126.19000244140625,126.19000244140625,126.19000244140625,126.19000244140625,0
2013-07-23,126.51999664306641,126.51999664306641,126.51999664306641,126.51999664306641,0
2013-07-24,127.63999938964844,127.63999938964844,127.63999938964844,127.63999938964844,0
2013-07-25,126.90000152587891,127.52999877929688,126.90000152587891,127.44999694824219,1413
2013-07-26,128.13999938964844,128.55000305175781,127.81999969482422,127.81999969482422,6155
2013-07-29,126.97000122070312,126.97000122070312,126.97000122070312,126.97000122070312,0
2013-07-30,128.74000549316406,128.8699951171875,128.53999328613281,128.53999328613281,750
2013-07-31,128.16999816894531,128.77999877929688,128.16999816894531,128.47000122070312,121
2013-08-01,130.16000366210938,130.16000366210938,130.16000366210938,130.16000366210938,0
2013-08-02,130.72000122070312,130.72000122070312,130.72000122070312,130.72000122070312,0
2013-08-05,130.24000549316406,130.24000549316406,130.24000549316406,130.24000549316406,0
2013-08-06,128,128.49000549316406,128,128.49000549316406,110
2013-08-07,129.72000122070312,129.72000122070312,129.72000122070312,129.72000122070312,0
2013-08-08,130.33000183105469,130.33000183105469,130.33000183105469,130.33000183105469,0
2013-08-09,130.22000122070312,130.22000122070312,130.22000122070312,130.22000122070312,0
2013-08-12,129.5,129.5,129.5,129.5,0
2013-08-13,130.66999816894531,130.66999816894531,130.66999816894531,130.66999816894531,0
2013-08-14,130.16000366210938,130.16000366210938,130.16000366210938,130.16000366210938,0
2013-08-15,128.97999572753906,128.97999572753906,128.97999572753906,128.97999572753906,0
2013-08-16,129.66999816894531,129.66999816894531,129.66000366210938,129.66000366210938,50
2013-08-19,128.97000122070312,128.97000122070312,128.80999755859375,128.80999755859375,1442
2013-08-20,127.63999938964844,127.63999938964844,127.63999938964844,127.63999938964844,0
2013-08-21,127.41000366210938,127.41000366210938,127.41000366210938,127.41000366210938,0
2013-08-22,128.44999694824219,128.44999694824219,128.44999694824219,128.44999694824219,0
2013-08-23,128.71000671386719,128.71000671386719,128.71000671386719,128.71000671386719,0
2013-08-26,128.07000732421875,128.07000732421875,128.07000732421875,128.07000732421875,0
2013-08-27,126.18000030517578,126.18000030517578,126.18000030517578,126.18000030517578,0
2013-08-28,127.48999786376953,127.48999786376953,127.48999786376953,127.48999786376953,0
2013-08-29,127.81999969482422,127.81999969482422,127.81999969482422,127.81999969482422,0
2013-08-30,126.06999969482422,126.06999969482422,126.06999969482422,126.06999969482422,0
2013-09-02,127.55000305175781,127.55000305175781,127.55000305175781,127.55000305175781,0
2013-09-03,127.43000030517578,127.43000030517578,127.43000030517578,127.43000030517578,0
2013-09-04,127.18000030517578,127.18000030517578,127.18000030517578,127.18000030517578,0
2013-09-05,127.83999633789062,127.83999633789062,127.83999633789062,127.83999633789062,0
2013-09-06,129.14999389648438,130.53999328613281,129.14999389648438,130.53999328613281,190
2013-09-09,129.77999877929688,129.77999877929688,129.77999877929688,129.77999877929688,0
2013-09-10,131.36000061035156,131.36000061035156,131.36000061035156,131.36000061035156,0
2013-09-11,131.69999694824219,134.10000610351562,131.69999694824219,134.10000610351562,5000
2013-09-12,135.02999877929688,135.02999877929688,135.02999877929688,135.02999877929688,0
2013-09-13,135.02999877929688,135.02999877929688,135.02999877929688,135.02999877929688,0
2013-09-16,135.27999877929688,135.52000427246094,135.27999877929688,135.52000427246094,20
2013-09-17,136.02000427246094,136.02000427246094,136.02000427246094,136.02000427246094,0
2013-09-18,135.92999267578125,135.92999267578125,135.92999267578125,135.92999267578125,0
2013-09-19,136.58000183105469,136.58000183105469,136.58000183105469,136.58000183105469,0
2013-09-20,136.02999877929688,136.11000061035156,135.99000549316406,136.11000061035156,6000
2013-09-23,135.49000549316406,135.49000549316406,135.49000549316406,135.49000549316406,0
2013-09-24,136.75,136.75,136.75,136.75,0
2013-09-25,136.33999633789062,136.36000061035156,136.1300048828125,136.1300048828125,964
2013-09-26,136.41000366210938,136.41000366210938,136.41000366210938,136.41000366210938,0
2013-09-27,136.14999389648438,136.14999389648438,136.14999389648438,136.14999389648438,0
2013-09-30,134.80000305175781,135.02999877929688,134.80000305175781,135.02999877929688,8000
2013-10-01,136.66000366210938,136.66000366210938,136.66000366210938,136.66000366210938,0
2013-10-02,136.57000732421875,136.57000732421875,136.57000732421875,136.57000732421875,0
2013-10-04,136.38999938964844,136.38999938964844,136.38999938964844,136.38999938964844,0
2013-10-07,137.88999938964844,137.88999938964844,137.88999938964844,137.88999938964844,0
2013-10-08,137.05999755859375,137.05999755859375,137.05999755859375,137.05999755859375,0
2013-10-09,138.44000244140625,138.44000244140625,138.44000244140625,138.44000244140625,0
2013-10-10,139,140.16000366210938,139,140.16000366210938,201
2013-10-11,139.32000732421875,139.32000732421875,139.32000732421875,139.32000732421875,0
2013-10-14,140.10000610351562,140.10000610351562,140.10000610351562,140.10000610351562,0
2013-10-15,141.00999450683594,141.00999450683594,141.00999450683594,141.00999450683594,0
2013-10-16,141.75999450683594,141.75999450683594,141.75999450683594,141.75999450683594,0
2013-10-17,140.91999816894531,140.91999816894531,140.91999816894531,140.91999816894531,0
2013-10-18,140.86000061035156,140.86000061035156,140.86000061035156,140.86000061035156,0
2013-10-21,140.55000305175781,140.6300048828125,140.55000305175781,140.6300048828125,100
2013-10-22,139.69999694824219,140.00999450683594,139.69999694824219,140.00999450683594,200
2013-10-23,138.77000427246094,138.77000427246094,138.77000427246094,138.77000427246094,0
2013-10-24,139.61000061035156,139.61000061035156,139.61000061035156,139.61000061035156,0
2013-10-25,139.46000671386719,139.46000671386719,139.46000671386719,139.46000671386719,0
2013-10-28,139.77999877929688,139.83999633789062,139.77999877929688,139.83999633789062,16
2013-10-29,140.92999267578125,140.92999267578125,140.92999267578125,140.92999267578125,0
2013-10-30,140.19999694824219,140.19999694824219,140.19999694824219,140.19999694824219,0
2013-10-31,140.46000671386719,140.46000671386719,140.46000671386719,140.46000671386719,0
2013-11-01,140.00999450683594,140.00999450683594,140.00999450683594,140.00999450683594,0
2013-11-04,140.30000305175781,140.30000305175781,140.30000305175781,140.30000305175781,0
2013-11-05,140.75,140.75,140.75,140.75,0
2013-11-06,141.47000122070312,141.47000122070312,141.47000122070312,141.47000122070312,0
2013-11-07,141.47999572753906,142.75,140.17999267578125,140.17999267578125,1768
2013-11-08,140.83000183105469,140.83000183105469,140.83000183105469,140.83000183105469,0
2013-11-11,141.25999450683594,141.25999450683594,141.25999450683594,141.25999450683594,0
2013-11-12,140.97999572753906,140.97999572753906,140.97999572753906,140.97999572753906,0
2013-11-13,141.77000427246094,141.77000427246094,141.77000427246094,141.77000427246094,0
2013-11-14,141,141,141,141,0
2013-11-15,140.58000183105469,140.58000183105469,140.58000183105469,140.58000183105469,0
2013-11-18,142.35000610351562,142.35000610351562,142.35000610351562,142.35000610351562,0
2013-11-19,141.16999816894531,141.16999816894531,141.16999816894531,141.16999816894531,0
2013-11-20,140.78999328613281,140.78999328613281,140.78999328613281,140.78999328613281,0
2013-11-21,141.61000061035156,141.61000061035156,141.61000061035156,141.61000061035156,0
2013-11-22,141.77999877929688,141.77999877929688,141.77999877929688,141.77999877929688,0
2013-11-25,141.94999694824219,141.94999694824219,141.94999694824219,141.94999694824219,0
2013-11-26,141.00999450683594,141.00999450683594,141.00999450683594,141.00999450683594,0
2013-11-27,141.42999267578125,141.42999267578125,141.42999267578125,141.42999267578125,0
2013-11-28,142,142,142,142,0
2013-11-29,141.75999450683594,141.75999450683594,141.75999450683594,141.75999450683594,0
2013-12-02,140.41000366210938,140.41000366210938,140.41000366210938,140.41000366210938,0
2013-12-03,138.08999633789062,138.08999633789062,138.08999633789062,138.08999633789062,0
2013-12-04,137.16000366210938,137.16000366210938,137.16000366210938,137.16000366210938,0
2013-12-05,137.25,137.25,135.77999877929688,135.77999877929688,100
2013-12-06,136.16999816894531,136.16999816894531,136.16999816894531,136.16999816894531,0
2013-12-09,136.91999816894531,136.91999816894531,136.91999816894531,136.91999816894531,0
2013-12-10,136.28999328613281,136.28999328613281,136.28999328613281,136.28999328613281,0
2013-12-11,135.39999389648438,135.39999389648438,135.39999389648438,135.39999389648438,0
2013-12-12,135.08999633789062,135.08999633789062,135.08999633789062,135.08999633789062,0
2013-12-13,134.94000244140625,134.94000244140625,134.94000244140625,134.94000244140625,0
2013-12-16,136.14999389648438,136.14999389648438,136.14999389648438,136.14999389648438,0
2013-12-17,134.85000610351562,134.85000610351562,134.85000610351562,134.85000610351562,0
2013-12-18,136.14999389648438,136.14999389648438,136.14999389648438,136.14999389648438,0
2013-12-19,138.08999633789062,138.08999633789062,138.08999633789062,138.08999633789062,0
2013-12-20,137.69000244140625,137.69000244140625,137.69000244140625,137.69000244140625,0
2013-12-23,138.6199951171875,138.6199951171875,138.6199951171875,138.6199951171875,0
2013-12-27,140.22999572753906,140.22999572753906,140.22999572753906,140.22999572753906,0
2013-12-30,140.08999633789062,140.08999633789062,140.08999633789062,140.08999633789062,0
2014-01-02,138.5,138.5,138.5,138.5,0
2014-01-03,139.5,139.5,139.5,139.5,0
2014-01-06,139.27000427246094,139.27000427246094,139.27000427246094,139.27000427246094,0
2014-01-07,139.91999816894531,139.91999816894531,139.91999816894531,139.91999816894531,0
2014-01-08,139.32000732421875,139.32000732421875,139.32000732421875,139.32000732421875,0
2014-01-09,139.96000671386719,139.96000671386719,138.74000549316406,139.08999633789062,6057
2014-01-10,140.00999450683594,140.3699951171875,140.00999450683594,140.3699951171875,3865
2014-01-13,140.02000427246094,140.02000427246094,140.02000427246094,140.02000427246094,0
2014-01-14,141.36000061035156,141.36000061035156,141.36000061035156,141.36000061035156,0
2014-01-15,142.19000244140625,142.19000244140625,142.19000244140625,142.19000244140625,0
2014-01-16,141.91999816894531,141.97000122070312,141.39999389648438,141.39999389648438,1904
2014-01-17,142.94999694824219,142.94999694824219,142.86000061035156,142.86000061035156,139
2014-01-20,143.11000061035156,143.11000061035156,143.11000061035156,143.11000061035156,0
2014-01-21,142.96000671386719,142.96000671386719,142.96000671386719,142.96000671386719,0
2014-01-22,143.94999694824219,144.10000610351562,143.47999572753906,143.47999572753906,1904
2014-01-23,143.88999938964844,143.88999938964844,143.88999938964844,143.88999938964844,0
2014-01-24,143.94000244140625,143.94000244140625,141.30000305175781,141.30000305175781,6000
2014-01-27,140.33000183105469,140.33000183105469,140.33000183105469,140.33000183105469,0
2014-01-28,140.80999755859375,140.80999755859375,140.80999755859375,140.80999755859375,0
2014-01-29,139.72000122070312,139.72000122070312,139.72000122070312,139.72000122070312,0
2014-01-30,141.33999633789062,141.33999633789062,141.33999633789062,141.33999633789062,0
2014-01-31,140.99000549316406,140.99000549316406,140.99000549316406,140.99000549316406,0
2014-02-03,140.16000366210938,140.16000366210938,140.16000366210938,140.16000366210938,0
2014-02-04,140.57000732421875,140.57000732421875,139.6300048828125,139.6300048828125,1904
2014-02-05,139.97999572753906,139.97999572753906,139.97999572753906,139.97999572753906,0
2014-02-06,142.16999816894531,142.16999816894531,142.16999816894531,142.16999816894531,0
2014-02-07,143.3699951171875,143.3699951171875,143.3699951171875,143.3699951171875,0
2014-02-10,143.16999816894531,143.16999816894531,143.16999816894531,143.16999816894531,0
2014-02-11,144.35000610351562,144.35000610351562,144.35000610351562,144.35000610351562,0
2014-02-12,144.8699951171875,144.8699951171875,144.8699951171875,144.8699951171875,0
2014-02-13,145.47999572753906,145.47999572753906,145.47999572753906,145.47999572753906,0
2014-02-14,147.38999938964844,147.38999938964844,147.38999938964844,147.38999938964844,0
2014-02-17,147.25999450683594,147.25999450683594,147.25999450683594,147.25999450683594,0
2014-02-18,147.30999755859375,147.30999755859375,147.30999755859375,147.30999755859375,0
2014-02-19,147.91999816894531,148.77999877929688,147.8800048828125,148.52000427246094,2861
2014-02-20,150.1199951171875,150.1199951171875,150.1199951171875,150.1199951171875,0
2014-02-21,150.78999328613281,150.78999328613281,150.78999328613281,150.78999328613281,0
2014-02-24,151.44000244140625,151.44000244140625,151.44000244140625,151.44000244140625,0
2014-02-25,150.60000610351562,150.72999572753906,150.60000610351562,150.72999572753906,74
2014-02-26,149.03999328613281,149.03999328613281,149.03999328613281,149.03999328613281,0
2014-02-27,150.66000366210938,150.66000366210938,150.66000366210938,150.66000366210938,0
2014-02-28,150.72999572753906,150.72999572753906,150.72999572753906,150.72999572753906,0
2014-03-03,148.25999450683594,148.25999450683594,148.25999450683594,148.25999450683594,0
2014-03-04,151.58000183105469,151.58000183105469,151.58000183105469,151.58000183105469,2857
2014-03-05,152.38999938964844,152.38999938964844,152.38999938964844,152.38999938964844,0
2014-03-06,151.80999755859375,151.80999755859375,151.80999755859375,151.80999755859375,0
2014-03-07,150.85000610351562,150.85000610351562,150.85000610351562,150.85000610351562,0
2014-03-10,151.97000122070312,151.97000122070312,151.07000732421875,151.07000732421875,2500
2014-03-11,152.02999877929688,152.02999877929688,152.02999877929688,152.02999877929688,0
2014-03-12,152.22999572753906,152.22999572753906,152.22999572753906,152.22999572753906,0
2014-03-13,151.53999328613281,151.53999328613281,151.3699951171875,151.3699951171875,333
2014-03-14,150.77000427246094,150.77000427246094,150.77000427246094,150.77000427246094,0
2014-03-17,152.85000610351562,152.85000610351562,152.85000610351562,152.85000610351562,0
2014-03-18,154.11000061035156,154.11000061035156,154.11000061035156,154.11000061035156,0
2014-03-19,154.03999328613281,154.03999328613281,154.03999328613281,154.03999328613281,0
2014-03-20,154.30999755859375,154.30999755859375,154.30999755859375,154.30999755859375,0
2014-03-21,154.55999755859375,154.55999755859375,154.55999755859375,154.55999755859375,0
2014-03-24,152.74000549316406,152.74000549316406,152.74000549316406,152.74000549316406,0
2014-03-25,154.11000061035156,154.11000061035156,154.11000061035156,154.11000061035156,0
2014-03-26,154.86000061035156,155,154.78999328613281,154.78999328613281,3760
2014-03-27,155.02000427246094,155.02000427246094,155.02000427246094,155.02000427246094,0
2014-03-28,155.92999267578125,157.19999694824219,155.92999267578125,157.19999694824219,100
2014-03-31,156.47000122070312,156.47000122070312,156.47000122070312,156.47000122070312,0
2014-04-01,157.19000244140625,157.19000244140625,157.19000244140625,157.19000244140625,0
2014-04-02,156.30999755859375,156.30999755859375,156.30999755859375,156.30999755859375,0
2014-04-03,156.30000305175781,156.30000305175781,156.30000305175781,156.30000305175781,0
2014-04-04,156.5,156.5,156.5,156.5,0
2014-04-07,157.22000122070312,157.22000122070312,156.39999389648438,156.39999389648438,3006
2014-04-08,155.52999877929688,155.52999877929688,155.52999877929688,155.52999877929688,0
2014-04-09,155.94000244140625,155.94000244140625,155.94000244140625,155.94000244140625,0
2014-04-10,154.17999267578125,154.17999267578125,154.17999267578125,154.17999267578125,0
2014-04-11,153.33000183105469,153.60000610351562,152.60000610351562,152.60000610351562,1630
2014-04-14,153.41000366210938,153.41000366210938,153.41000366210938,153.41000366210938,0
2014-04-15,152.80000305175781,152.80000305175781,152.80000305175781,152.80000305175781,0
2014-04-16,155.19999694824219,155.19999694824219,155.19999694824219,155.19999694824219,0
2014-04-17,155.32000732421875,155.32000732421875,155.32000732421875,155.32000732421875,0
2014-04-22,156.97000122070312,156.97000122070312,156.97000122070312,156.97000122070312,0
2014-04-23,155.67999267578125,155.67999267578125,155.67999267578125,155.67999267578125,0
2014-04-24,155.44999694824219,155.44999694824219,155.44999694824219,155.44999694824219,0
2014-04-25,154.02999877929688,154.02999877929688,154.02999877929688,154.02999877929688,0
2014-04-28,154.61000061035156,154.61000061035156,154.61000061035156,154.61000061035156,0
2014-04-29,155.66000366210938,156.30999755859375,155.66000366210938,156.30999755859375,30
2014-04-30,155.44000244140625,155.44000244140625,155.44000244140625,155.44000244140625,0
2014-05-02,155.58000183105469,155.58000183105469,155.58000183105469,155.58000183105469,0
2014-05-05,155.78999328613281,155.78999328613281,155.78999328613281,155.78999328613281,0
2014-05-06,155.47000122070312,155.47000122070312,155.47000122070312,155.47000122070312,0
2014-05-07,156.27999877929688,156.27999877929688,156.27999877929688,156.27999877929688,0
2014-05-08,157.30999755859375,158.39999389648438,157.30999755859375,158.39999389648438,1023
2014-05-09,158.50999450683594,158.50999450683594,158.50999450683594,158.50999450683594,0
2014-05-12,159.60000610351562,159.60000610351562,159.60000610351562,159.60000610351562,0
2014-05-13,159.14999389648438,159.14999389648438,159.14999389648438,159.14999389648438,0
2014-05-14,159.39999389648438,159.39999389648438,158.85000610351562,158.85000610351562,31
2014-05-15,156.66999816894531,156.66999816894531,156.66999816894531,156.66999816894531,0
2014-05-16,157.8800048828125,157.8800048828125,157.86000061035156,157.86000061035156,603
2014-05-19,158.58999633789062,158.58999633789062,158.58999633789062,158.58999633789062,0
2014-05-20,158.8699951171875,158.8699951171875,158.47999572753906,158.47999572753906,51
2014-05-21,159.89999389648438,160.25999450683594,159.89999389648438,159.96000671386719,49
2014-05-22,160.1199951171875,160.27999877929688,159.71000671386719,159.71000671386719,1306
2014-05-23,160.58999633789062,161.13999938964844,160.58999633789062,161.02000427246094,743
2014-05-26,162.41999816894531,162.8800048828125,162.41999816894531,162.8800048828125,782
2014-05-27,162.72000122070312,162.72000122070312,162.72000122070312,162.72000122070312,0
2014-05-28,162.47000122070312,163.03999328613281,162.41999816894531,163.03999328613281,10
2014-05-29,162.16999816894531,162.3699951171875,161.19999694824219,162.21000671386719,402
2014-05-30,162.1300048828125,163.72000122070312,162.1300048828125,163.72000122070312,8731
2014-06-02,163.8800048828125,164.17999267578125,163.46000671386719,163.94000244140625,988
2014-06-03,163.66000366210938,163.66000366210938,163.47999572753906,163.58000183105469,51
2014-06-04,162.86000061035156,163.24000549316406,162.69999694824219,162.69999694824219,1055
2014-06-05,164.47999572753906,164.89999389648438,164.47999572753906,164.72999572753906,411
2014-06-06,165.85000610351562,166.00999450683594,165.63999938964844,165.63999938964844,21
2014-06-09,167.1199951171875,167.1199951171875,167.1199951171875,167.1199951171875,0
2014-06-10,166.89999389648438,167.47999572753906,166.89999389648438,167.14999389648438,96
2014-06-11,166.22999572753906,166.22999572753906,165.92999267578125,165.92999267578125,41
2014-06-12,165.91999816894531,166.44000244140625,165.83999633789062,165.94000244140625,281
2014-06-13,167.27000427246094,167.27000427246094,167.27000427246094,167.27000427246094,0
2014-06-16,166.77999877929688,166.94000244140625,165.55000305175781,165.55000305175781,72
2014-06-17,167.30999755859375,167.30999755859375,166.92999267578125,166.97999572753906,1036
2014-06-18,167.8800048828125,168.16999816894531,167.6300048828125,167.6300048828125,1090
2014-06-19,168.86000061035156,169.94000244140625,168.36000061035156,169.64999389648438,5882
2014-06-20,170.38999938964844,171.47000122070312,169.94999694824219,171.47000122070312,6622
2014-06-23,169.6300048828125,169.6300048828125,169.05000305175781,169.05000305175781,1000
2014-06-24,169.52000427246094,169.52000427246094,169.52000427246094,169.52000427246094,0
2014-06-25,167.1300048828125,167.1300048828125,167.1300048828125,167.1300048828125,0
2014-06-26,168.11000061035156,168.11000061035156,168.11000061035156,168.11000061035156,0
2014-06-27,167.91000366210938,167.91000366210938,167.91000366210938,167.91000366210938,0
2014-06-30,167.69000244140625,167.69000244140625,167.69000244140625,167.69000244140625,0
2014-07-01,168.88999938964844,168.88999938964844,168.88999938964844,168.88999938964844,0
2014-07-02,169.66000366210938,169.66000366210938,169.66000366210938,169.66000366210938,0
2014-07-03,169.77999877929688,169.77999877929688,169.77999877929688,169.77999877929688,0
2014-07-04,169.05000305175781,169.05000305175781,169.05000305175781,169.05000305175781,0
2014-07-07,169,169,167.77000427246094,167.77000427246094,30
2014-07-08,166.30999755859375,166.30999755859375,166.30999755859375,166.30999755859375,0
2014-07-09,165.50999450683594,165.50999450683594,165.50999450683594,165.50999450683594,0
2014-07-10,163.77999877929688,163.77999877929688,163.77999877929688,163.77999877929688,0
2014-07-11,164.83999633789062,164.83999633789062,164.83999633789062,164.83999633789062,0
2014-07-14,165.07000732421875,165.07000732421875,165.07000732421875,165.07000732421875,0
2014-07-15,166.13999938964844,166.13999938964844,165.16999816894531,165.16999816894531,340
2014-07-16,167.35000610351562,167.35000610351562,167.35000610351562,167.35000610351562,0
2014-07-17,165.57000732421875,165.57000732421875,165.32000732421875,165.32000732421875,1500
2014-07-18,166.16000366210938,166.16000366210938,166.16000366210938,166.16000366210938,0
2014-07-21,166.19000244140625,166.19000244140625,166.19000244140625,166.19000244140625,0
2014-07-22,168.97000122070312,168.97000122070312,168.97000122070312,168.97000122070312,0
2014-07-23,168.58999633789062,168.58999633789062,168.58999633789062,168.58999633789062,0
2014-07-24,169.92999267578125,169.92999267578125,169.92999267578125,169.92999267578125,0
2014-07-25,168.41000366210938,168.41000366210938,168.41000366210938,168.41000366210938,0
2014-07-28,168.63999938964844,168.63999938964844,168.63999938964844,168.63999938964844,0
2014-07-29,169.55000305175781,169.55000305175781,169.55000305175781,169.55000305175781,0
2014-07-30,168.10000610351562,168.10000610351562,168.10000610351562,168.10000610351562,0
2014-07-31,166.13999938964844,166.13999938964844,166.13999938964844,166.13999938964844,0
2014-08-01,162.50999450683594,162.50999450683594,162.50999450683594,162.50999450683594,0
2014-08-04,162.69999694824219,162.69999694824219,162.69999694824219,162.69999694824219,0
2014-08-05,162.52999877929688,162.52999877929688,162.52999877929688,162.52999877929688,0
2014-08-06,160.19000244140625,160.66999816894531,160.19000244140625,160.66999816894531,1585
2014-08-07,158.21000671386719,158.21000671386719,158.21000671386719,158.21000671386719,0
2014-08-08,157.46000671386719,157.46000671386719,157.46000671386719,157.46000671386719,0
2014-08-11,158.27000427246094,159.08999633789062,158.27000427246094,159.08999633789062,100
2014-08-12,158.74000549316406,158.74000549316406,158.74000549316406,158.74000549316406,0
2014-08-13,160.77999877929688,161.30000305175781,160.77999877929688,160.89999389648438,24
2014-08-14,161.52000427246094,161.52000427246094,161.52000427246094,161.52000427246094,0
2014-08-15,161.50999450683594,161.66999816894531,161.5,161.66999816894531,1022
2014-08-18,162.60000610351562,162.60000610351562,162.60000610351562,162.60000610351562,0
2014-08-19,162.19000244140625,162.5,162.07000732421875,162.5,4269
2014-08-20,163.16000366210938,163.16000366210938,163.16000366210938,163.16000366210938,0
2014-08-21,164.27000427246094,164.27000427246094,164.27000427246094,164.27000427246094,0
2014-08-22,163.16999816894531,163.16999816894531,163.16999816894531,163.16999816894531,0
2014-08-25,166.03999328613281,166.03999328613281,166.03999328613281,166.03999328613281,0
2014-08-26,164.92999267578125,166.33999633789062,164.78999328613281,166.33999633789062,1150
2014-08-27,166.35000610351562,166.35000610351562,166.35000610351562,166.35000610351562,0
2014-08-28,165.39999389648438,165.39999389648438,165.39999389648438,165.39999389648438,0
2014-08-29,166.00999450683594,166.00999450683594,166.00999450683594,166.00999450683594,0
2014-09-01,166.96000671386719,166.96000671386719,166.96000671386719,166.96000671386719,0
2014-09-02,166.39999389648438,166.39999389648438,166.39999389648438,166.39999389648438,0
2014-09-03,168.13999938964844,168.13999938964844,168.13999938964844,168.13999938964844,0
2014-09-04,170.24000549316406,170.24000549316406,170.24000549316406,170.24000549316406,0
2014-09-05,171.25999450683594,171.25999450683594,171.25999450683594,171.25999450683594,0
2014-09-08,169.92999267578125,169.92999267578125,169.92999267578125,169.92999267578125,0
2014-09-09,168.39999389648438,168.39999389648438,168.39999389648438,168.39999389648438,0
2014-09-10,168.39999389648438,168.39999389648438,168.39999389648438,168.39999389648438,0
2014-09-11,168.78999328613281,168.78999328613281,168.78999328613281,168.78999328613281,0
2014-09-12,168.33000183105469,168.33000183105469,168.03999328613281,168.03999328613281,3
2014-09-15,167.72000122070312,167.72000122070312,167.72000122070312,167.72000122070312,0
2014-09-16,166.78999328613281,166.94999694824219,166.78999328613281,166.94999694824219,700
2014-09-17,167.60000610351562,167.60000610351562,167.60000610351562,167.60000610351562,0
2014-09-18,168.47999572753906,168.47999572753906,168.47999572753906,168.47999572753906,0
2014-09-19,169.10000610351562,169.10000610351562,169.10000610351562,169.10000610351562,0
2014-09-22,169.22999572753906,169.22999572753906,169.22999572753906,169.22999572753906,0
2014-09-23,166.75,166.75,166.64999389648438,166.64999389648438,2500
2014-09-24,167.49000549316406,168.35000610351562,167.49000549316406,168.35000610351562,580
2014-09-25,167.94999694824219,167.94999694824219,167.17999267578125,167.17999267578125,3080
2014-09-26,168.30000305175781,168.30000305175781,168.30000305175781,168.30000305175781,0
2014-09-29,167.52999877929688,167.52999877929688,167.52999877929688,167.52999877929688,0
2014-09-30,168.30000305175781,169.80999755859375,168.30000305175781,169.80999755859375,36
2014-10-01,168.53999328613281,168.53999328613281,168.53999328613281,168.53999328613281,0
2014-10-02,163.63999938964844,163.63999938964844,163.63999938964844,163.63999938964844,0
2014-10-06,165.35000610351562,165.35000610351562,165.35000610351562,165.35000610351562,0
2014-10-07,162.85000610351562,162.85000610351562,162.85000610351562,162.85000610351562,0
2014-10-08,162.30999755859375,162.30999755859375,162.05000305175781,162.05000305175781,700
2014-10-09,163.19000244140625,163.19000244140625,161.52000427246094,161.52000427246094,251
2014-10-10,159.3699951171875,159.3699951171875,159.3699951171875,159.3699951171875,0
2014-10-13,159.33999633789062,159.33999633789062,159.33999633789062,159.33999633789062,0
2014-10-14,159.07000732421875,159.07000732421875,159.07000732421875,159.07000732421875,0
2014-10-15,158.07000732421875,158.07000732421875,154.05000305175781,154.05000305175781,36
2014-10-16,152.22000122070312,152.22000122070312,152.22000122070312,152.22000122070312,0
2014-10-17,156.03999328613281,156.03999328613281,156.03999328613281,156.03999328613281,0
2014-10-20,154.69999694824219,155.6199951171875,154.69999694824219,155.6199951171875,130
2014-10-21,157.91000366210938,157.91000366210938,157.91000366210938,157.91000366210938,0
2014-10-22,156.80000305175781,159.58999633789062,156.78999328613281,159.58999633789062,12241
2014-10-23,160.85000610351562,160.85000610351562,160.85000610351562,160.85000610351562,0
2014-10-24,160.44999694824219,160.44999694824219,160.44999694824219,160.44999694824219,0
2014-10-27,159.49000549316406,159.49000549316406,159.49000549316406,159.49000549316406,0
2014-10-28,161.5,162.69000244140625,161.5,162.69000244140625,2500
2014-10-29,162.42999267578125,162.42999267578125,162.42999267578125,162.42999267578125,0
2014-10-30,163.27000427246094,163.27000427246094,163.27000427246094,163.27000427246094,0
2014-10-31,166.78999328613281,166.78999328613281,166.78999328613281,166.78999328613281,0
2014-11-03,163.03999328613281,163.05000305175781,162.69999694824219,162.75,2465
2014-11-04,163.52000427246094,163.52000427246094,161.75999450683594,161.75999450683594,712
2014-11-05,164.3800048828125,164.3800048828125,164.3800048828125,164.3800048828125,0
2014-11-06,164.19000244140625,164.19000244140625,164.19000244140625,164.19000244140625,0
2014-11-07,162.44000244140625,162.44000244140625,162.44000244140625,162.44000244140625,0
2014-11-10,162.66999816894531,164.19000244140625,162.66999816894531,164.19000244140625,700
2014-11-11,165.28999328613281,165.28999328613281,165.28999328613281,165.28999328613281,0
2014-11-12,161.32000732421875,161.32000732421875,161.32000732421875,161.32000732421875,0
2014-11-13,160.64999389648438,160.64999389648438,160.64999389648438,160.64999389648438,0
2014-11-14,160.22999572753906,160.22999572753906,160.22999572753906,160.22999572753906,0
2014-11-17,161.11000061035156,161.11000061035156,161.11000061035156,161.11000061035156,0
2014-11-18,162.14999389648438,162.61000061035156,162.14999389648438,162.61000061035156,5
2014-11-19,163.1199951171875,163.1199951171875,163.1199951171875,163.1199951171875,0
2014-11-20,161.19999694824219,161.44000244140625,161.19999694824219,161.44000244140625,700
2014-11-21,164.92999267578125,164.92999267578125,164.92999267578125,164.92999267578125,0
2014-11-24,165.1199951171875,165.1199951171875,165.1199951171875,165.1199951171875,0
2014-11-25,166.75,166.75,166.75,166.75,0
2014-11-26,168.05999755859375,168.05999755859375,168.05999755859375,168.05999755859375,0
2014-11-27,169.58999633789062,169.58999633789062,169.58999633789062,169.58999633789062,0
2014-11-28,170.03999328613281,170.03999328613281,168.6300048828125,169.82000732421875,6499
2014-12-01,170.28999328613281,170.28999328613281,170.28999328613281,170.28999328613281,0
2014-12-02,169.91999816894531,169.91999816894531,169.91999816894531,169.91999816894531,0
2014-12-03,171.22000122070312,171.22000122070312,171.22000122070312,171.22000122070312,0
2014-12-04,169.55999755859375,169.55999755859375,169.55999755859375,169.55999755859375,0
2014-12-05,173.21000671386719,173.21000671386719,173.21000671386719,173.21000671386719,0
2014-12-08,172.13999938964844,172.13999938964844,172.13999938964844,172.13999938964844,0
2014-12-09,170.36000061035156,170.36000061035156,166.69000244140625,166.69000244140625,40
2014-12-10,166.53999328613281,166.53999328613281,166.53999328613281,166.53999328613281,0
2014-12-11,165.66999816894531,165.66999816894531,165.66999816894531,165.66999816894531,0
2014-12-12,164.1300048828125,164.1300048828125,161.58000183105469,161.58000183105469,13
2014-12-15,156.69999694824219,156.69999694824219,156.69999694824219,156.69999694824219,0
2014-12-16,154.94999694824219,161.00999450683594,154.94999694824219,161.00999450683594,3101
2014-12-17,159.86000061035156,160.52000427246094,159.86000061035156,160.52000427246094,47
2014-12-18,165.25999450683594,165.25999450683594,165.25999450683594,165.25999450683594,0
2014-12-19,164.83999633789062,164.83999633789062,164.83999633789062,164.83999633789062,0
2014-12-22,165.02000427246094,165.02000427246094,165.02000427246094,165.02000427246094,0
2014-12-23,166.80000305175781,166.80000305175781,166.80000305175781,166.80000305175781,0
2014-12-29,166.8800048828125,166.8800048828125,166.8800048828125,166.8800048828125,0
2014-12-30,165.19999694824219,165.19999694824219,165.19999694824219,165.19999694824219,0
2015-01-02,164.14999389648438,164.41000366210938,162.91000366210938,163.82000732421875,6300
2015-01-05,158.83000183105469,158.83000183105469,158.83000183105469,158.83000183105469,0
2015-01-06,157.6199951171875,157.6199951171875,157.6199951171875,157.6199951171875,0
2015-01-07,157.80000305175781,157.80000305175781,157.80000305175781,157.80000305175781,0
2015-01-08,161.69999694824219,161.69999694824219,161.69999694824219,161.69999694824219,0
2015-01-09,158.83999633789062,158.83999633789062,158.83999633789062,158.83999633789062,0
2015-01-12,157.86000061035156,157.86000061035156,157.86000061035156,157.86000061035156,0
2015-01-13,160,160,160,160,0
2015-01-14,157.91000366210938,157.91000366210938,156.83999633789062,156.83999633789062,700
2015-01-15,158.30000305175781,159.86000061035156,158.30000305175781,159.86000061035156,6700
2015-01-16,162.14999389648438,162.14999389648438,162.14999389648438,162.14999389648438,0
2015-01-19,162.80999755859375,162.80999755859375,162.80999755859375,162.80999755859375,0
2015-01-20,164.22999572753906,164.22999572753906,164.22999572753906,164.22999572753906,0
2015-01-21,165.02000427246094,165.02000427246094,165.02000427246094,165.02000427246094,0
2015-01-22,168.75999450683594,168.75999450683594,168.75999450683594,168.75999450683594,0
2015-01-23,170.66999816894531,170.66999816894531,170.66999816894531,170.66999816894531,0
2015-01-26,172.05999755859375,172.05999755859375,172.05999755859375,172.05999755859375,0
2015-01-27,172.02000427246094,172.02000427246094,172.02000427246094,172.02000427246094,0
2015-01-28,173.39999389648438,173.46000671386719,173.39999389648438,173.46000671386719,226
2015-01-29,174.47999572753906,174.47999572753906,174.47999572753906,174.47999572753906,0
2015-01-30,172.80000305175781,172.80000305175781,172.80000305175781,172.80000305175781,0
2015-02-02,172.05000305175781,172.05000305175781,172.05000305175781,172.05000305175781,0
2015-02-03,171.77999877929688,171.77999877929688,171.77999877929688,171.77999877929688,0
2015-02-04,171.52000427246094,171.52000427246094,171.52000427246094,171.52000427246094,0
2015-02-05,169.55999755859375,169.91999816894531,169.55999755859375,169.91999816894531,24
2015-02-06,169.03999328613281,169.5,169.03999328613281,169.5,1640
2015-02-09,166.02999877929688,166.02999877929688,166.02999877929688,166.02999877929688,0
2015-02-10,167.92999267578125,167.92999267578125,167.92999267578125,167.92999267578125,0
2015-02-11,167.91999816894531,167.91999816894531,167.91999816894531,167.91999816894531,0
2015-02-12,168.27999877929688,168.27999877929688,168.27999877929688,168.27999877929688,0
2015-02-13,167.97000122070312,167.97000122070312,167.97000122070312,167.97000122070312,0
2015-02-16,166.83000183105469,166.83000183105469,166.83000183105469,166.83000183105469,0
2015-02-17,165.53999328613281,167.5,165.53999328613281,167.5,96
2015-02-18,167.47000122070312,167.47000122070312,167.47000122070312,167.47000122070312,0
2015-02-19,166.16000366210938,167.3699951171875,166.16000366210938,167.3699951171875,1027
2015-02-20,167.6199951171875,167.6199951171875,167.6199951171875,167.6199951171875,0
2015-02-23,168.88999938964844,168.88999938964844,168.88999938964844,168.88999938964844,0
2015-02-24,172.24000549316406,172.24000549316406,172.24000549316406,172.24000549316406,0
2015-02-25,172.53999328613281,172.53999328613281,172.53999328613281,172.53999328613281,0
2015-02-26,172.46000671386719,172.46000671386719,172.39999389648438,172.39999389648438,290
2015-02-27,174.10000610351562,174.10000610351562,174.10000610351562,174.10000610351562,0
2015-03-02,172.99000549316406,172.99000549316406,172.99000549316406,172.99000549316406,0
2015-03-03,170.8800048828125,170.8800048828125,170.75999450683594,170.75999450683594,1308
2015-03-04,170.83999633789062,170.83999633789062,170.83999633789062,170.83999633789062,0
2015-03-05,172.36000061035156,172.36000061035156,172.36000061035156,172.36000061035156,0
2015-03-06,171.77000427246094,171.77000427246094,169.82000732421875,169.82000732421875,19
2015-03-09,170.13999938964844,170.13999938964844,170.13999938964844,170.13999938964844,0
2015-03-10,168.16000366210938,168.16000366210938,168.16000366210938,168.16000366210938,0
2015-03-11,170.19000244140625,170.19000244140625,170.19000244140625,170.19000244140625,0
2015-03-12,169.22999572753906,169.22999572753906,169.22999572753906,169.22999572753906,0
2015-03-13,168.13999938964844,168.13999938964844,168.13999938964844,168.13999938964844,0
2015-03-16,167.61000061035156,168.8800048828125,167.61000061035156,168.8800048828125,160
2015-03-17,169.44000244140625,169.44000244140625,169.44000244140625,169.44000244140625,0
2015-03-18,171.03999328613281,171.03999328613281,171.03999328613281,171.03999328613281,0
2015-03-19,172.02999877929688,172.02999877929688,172.02999877929688,172.02999877929688,0
2015-03-20,172.47999572753906,175.44000244140625,172.17999267578125,174.32000732421875,7186
2015-03-23,172.89999389648438,173.3699951171875,172.82000732421875,173.3699951171875,600
2015-03-24,173.94000244140625,174.03999328613281,173.49000549316406,173.49000549316406,3930
2015-03-25,173.11000061035156,173.11000061035156,173.11000061035156,173.11000061035156,0
2015-03-26,171.66000366210938,171.66000366210938,171.39999389648438,171.39999389648438,3354
2015-03-27,172,172,171.82000732421875,171.82000732421875,700
2015-03-30,171.77000427246094,171.77000427246094,171.75,171.75,700
2015-03-31,170.1300048828125,170.1300048828125,170.1300048828125,170.1300048828125,0
2015-04-01,171.44000244140625,171.44000244140625,171.44000244140625,171.44000244140625,0
2015-04-02,170.49000549316406,170.49000549316406,170.49000549316406,170.49000549316406,0
2015-04-07,173.38999938964844,174.88999938964844,173.38999938964844,174.88999938964844,1
2015-04-08,174.39999389648438,174.39999389648438,174.39999389648438,174.39999389648438,0
2015-04-09,176.25,176.25,176.25,176.25,0
2015-04-10,176.88999938964844,176.88999938964844,176.88999938964844,176.88999938964844,0
2015-04-13,178.02000427246094,178.02000427246094,178.02000427246094,178.02000427246094,0
2015-04-14,177.33999633789062,177.33999633789062,177.33999633789062,177.33999633789062,0
2015-04-15,178.35000610351562,178.35000610351562,178.35000610351562,178.35000610351562,0
2015-04-16,177.39999389648438,177.39999389648438,177.39999389648438,177.39999389648438,0
2015-04-17,175.32000732421875,175.32000732421875,175.32000732421875,175.32000732421875,0
2015-04-20,176.07000732421875,176.07000732421875,176.07000732421875,176.07000732421875,0
2015-04-21,175.55999755859375,176.05999755859375,175.55999755859375,176.05999755859375,700
2015-04-22,174.74000549316406,174.74000549316406,174.74000549316406,174.74000549316406,0
2015-04-23,174.78999328613281,174.78999328613281,174.78999328613281,174.78999328613281,0
2015-04-24,178.07000732421875,178.07000732421875,178.07000732421875,178.07000732421875,0
2015-04-27,178.91999816894531,178.91999816894531,178.91999816894531,178.91999816894531,0
2015-04-28,178.3699951171875,178.3699951171875,178.3699951171875,178.3699951171875,0
2015-04-29,173.97000122070312,173.97000122070312,173.97000122070312,173.97000122070312,0
2015-04-30,172.27000427246094,172.27000427246094,172.27000427246094,172.27000427246094,0
2015-05-04,173.1300048828125,173.1300048828125,172.83000183105469,172.83000183105469,700
2015-05-05,168.85000610351562,168.85000610351562,168.85000610351562,168.85000610351562,0
2015-05-06,168.64999389648438,168.64999389648438,168.64999389648438,168.64999389648438,0
2015-05-07,169.25999450683594,169.25999450683594,169.25999450683594,169.25999450683594,0
2015-05-08,176.32000732421875,176.32000732421875,176.32000732421875,176.32000732421875,0
2015-05-11,177.07000732421875,177.07000732421875,177.07000732421875,177.07000732421875,0
2015-05-12,175.41000366210938,175.41000366210938,175.41000366210938,175.41000366210938,0
2015-05-13,174.75999450683594,174.75999450683594,174.75999450683594,174.75999450683594,0
2015-05-14,176.3800048828125,176.3800048828125,176.3800048828125,176.3800048828125,0
2015-05-15,175.6199951171875,175.6199951171875,175.6199951171875,175.6199951171875,500
2015-05-18,175.66999816894531,175.66999816894531,175.66999816894531,175.66999816894531,0
2015-05-19,178.66999816894531,178.66999816894531,178.66999816894531,178.66999816894531,0
2015-05-20,179.57000732421875,180.39999389648438,179.57000732421875,180.39999389648438,3500
2015-05-21,180.80999755859375,180.80999755859375,180.80999755859375,180.80999755859375,0
2015-05-22,180.5,180.5,180.5,180.5,0
2015-05-26,176.88999938964844,176.88999938964844,176.88999938964844,176.88999938964844,0
2015-05-27,179.69999694824219,179.69999694824219,179.69999694824219,179.69999694824219,0
2015-05-28,179.30999755859375,179.30999755859375,179.30999755859375,179.30999755859375,0
2015-05-29,177.5,177.5,177.5,177.5,0
2015-06-01,176.88999938964844,176.88999938964844,176.88999938964844,176.88999938964844,0
2015-06-02,175.5,175.5,175.5,175.5,0
2015-06-03,175.11000061035156,175.11000061035156,175.11000061035156,175.11000061035156,0
2015-06-04,171.80999755859375,171.80999755859375,171.80999755859375,171.80999755859375,0
2015-06-05,169.97000122070312,169.97000122070312,169.97000122070312,169.97000122070312,0
2015-06-08,168.46000671386719,168.46000671386719,168.46000671386719,168.46000671386719,0
2015-06-09,167.46000671386719,167.46000671386719,167.46000671386719,167.46000671386719,0
2015-06-10,170.16000366210938,170.16000366210938,170.16000366210938,170.16000366210938,0
2015-06-11,172,172,170.85000610351562,170.85000610351562,225
2015-06-12,169.30000305175781,169.30000305175781,169.30000305175781,169.30000305175781,0
2015-06-15,166.80000305175781,166.80000305175781,166.80000305175781,166.80000305175781,0
2015-06-16,167.63999938964844,167.63999938964844,167.63999938964844,167.63999938964844,0
2015-06-17,167.61000061035156,167.61000061035156,167.61000061035156,167.61000061035156,0
2015-06-18,169.02000427246094,169.02000427246094,169.02000427246094,169.02000427246094,0
2015-06-19,169.6300048828125,169.6300048828125,169.36000061035156,169.36000061035156,120
2015-06-22,173.74000549316406,173.74000549316406,173.74000549316406,173.74000549316406,0
2015-06-23,174.55000305175781,174.72999572753906,174.11000061035156,174.24000549316406,880
2015-06-24,173.8699951171875,173.8699951171875,173.8699951171875,173.8699951171875,0
2015-06-25,173.69000244140625,175.05000305175781,173.13999938964844,173.13999938964844,1400
2015-06-26,173.17999267578125,173.17999267578125,173.17999267578125,173.17999267578125,0
2015-06-29,168.21000671386719,168.21000671386719,168.21000671386719,168.21000671386719,0
2015-06-30,168.25,168.25,166.13999938964844,166.13999938964844,9118
2015-07-01,166.49000549316406,166.49000549316406,166.49000549316406,166.49000549316406,0
2015-07-02,168.75999450683594,168.75999450683594,168.75999450683594,168.75999450683594,0
2015-07-03,168.77999877929688,168.77999877929688,167.58000183105469,167.58000183105469,700
2015-07-06,164.38999938964844,164.38999938964844,164.38999938964844,164.38999938964844,0
2015-07-07,162.08000183105469,162.33000183105469,162.08000183105469,162.33000183105469,700
2015-07-08,163.19999694824219,163.19999694824219,163.19999694824219,163.19999694824219,0
2015-07-09,167.03999328613281,167.03999328613281,167.03999328613281,167.03999328613281,0
2015-07-10,170.92999267578125,170.92999267578125,170.92999267578125,170.92999267578125,0
2015-07-13,172.83000183105469,172.83000183105469,172.83000183105469,172.83000183105469,0
2015-07-14,173.16000366210938,173.16000366210938,173.16000366210938,173.16000366210938,0
2015-07-15,175.02999877929688,175.02999877929688,175.02999877929688,175.02999877929688,0
2015-07-16,176.96000671386719,176.96000671386719,176.96000671386719,176.96000671386719,0
2015-07-17,175.91000366210938,175.91000366210938,175.91000366210938,175.91000366210938,0
2015-07-20,176.75,176.75,176.75,176.75,0
2015-07-21,174.53999328613281,174.53999328613281,174.53999328613281,174.53999328613281,0
2015-07-22,174.53999328613281,174.53999328613281,174.53999328613281,174.53999328613281,0
2015-07-23,173.58999633789062,173.58999633789062,173.58999633789062,173.58999633789062,0
2015-07-24,173.3699951171875,173.3699951171875,172.66000366210938,172.66000366210938,80
2015-07-27,170.08999633789062,170.08999633789062,170.08999633789062,170.08999633789062,0
2015-07-28,171.07000732421875,171.8699951171875,171.07000732421875,171.1300048828125,205
2015-07-29,171.69000244140625,171.69000244140625,171.69000244140625,171.69000244140625,0
2015-07-30,172.53999328613281,172.53999328613281,172.53999328613281,172.53999328613281,0
2015-07-31,172.42999267578125,172.77999877929688,172.05999755859375,172.77999877929688,5600
2015-08-03,173.80000305175781,173.80000305175781,173.80000305175781,173.80000305175781,0
2015-08-04,173.69000244140625,173.69000244140625,173.69000244140625,173.69000244140625,0
2015-08-05,175.78999328613281,175.78999328613281,175.78999328613281,175.78999328613281,0
2015-08-06,175.41000366210938,175.41000366210938,175.41000366210938,175.41000366210938,0
2015-08-07,174.83999633789062,174.83999633789062,174.83999633789062,174.83999633789062,0
2015-08-10,175.44000244140625,175.44000244140625,175.44000244140625,175.44000244140625,0
2015-08-11,175.00999450683594,175.00999450683594,173.33000183105469,173.33000183105469,178
2015-08-12,170.72000122070312,170.72000122070312,170.72000122070312,170.72000122070312,12
2015-08-13,171.5,171.5,171.5,171.5,0
2015-08-14,170.57000732421875,170.57000732421875,170.57000732421875,170.57000732421875,0
2015-08-17,170.52000427246094,171.49000549316406,170.52000427246094,171.49000549316406,700
2015-08-18,171.3800048828125,171.3800048828125,171.3800048828125,171.3800048828125,0
2015-08-19,169.07000732421875,169.07000732421875,169.07000732421875,169.07000732421875,0
2015-08-20,166.8699951171875,166.8699951171875,166.8699951171875,166.8699951171875,0
2015-08-21,161.30999755859375,161.30999755859375,161.30999755859375,161.30999755859375,0
2015-08-24,151.6300048828125,151.6300048828125,151.6300048828125,151.6300048828125,0
2015-08-25,157.58000183105469,157.58000183105469,157.58000183105469,157.58000183105469,0
2015-08-26,154.52000427246094,154.52000427246094,154.52000427246094,154.52000427246094,0
2015-08-27,159.41000366210938,159.41000366210938,159.41000366210938,159.41000366210938,0
2015-08-28,158.66000366210938,160.52999877929688,158.66000366210938,160.52999877929688,74
2015-08-31,158.6199951171875,159.16999816894531,158.6199951171875,159.16999816894531,1400
2015-09-01,155.86000061035156,155.86000061035156,155.86000061035156,155.86000061035156,0
2015-09-02,155.55999755859375,155.55999755859375,155.55999755859375,155.55999755859375,0
2015-09-03,156.03999328613281,157.77999877929688,156.03999328613281,157.77999877929688,700
2015-09-04,154.02999877929688,154.02999877929688,154.02999877929688,154.02999877929688,0
2015-09-07,154.91999816894531,154.91999816894531,154.91999816894531,154.91999816894531,0
2015-09-08,157.22000122070312,157.22000122070312,157.22000122070312,157.22000122070312,0
2015-09-09,158.99000549316406,158.99000549316406,158.99000549316406,158.99000549316406,0
2015-09-10,155.77000427246094,155.77000427246094,155.77000427246094,155.77000427246094,0
2015-09-11,153.83000183105469,153.83000183105469,153.83000183105469,153.83000183105469,0
2015-09-14,153.17999267578125,153.17999267578125,153.17999267578125,153.17999267578125,0
2015-09-15,153.25,153.25,153.25,153.25,0
2015-09-16,154.86000061035156,154.86000061035156,154.86000061035156,154.86000061035156,0
2015-09-17,156.08999633789062,156.08999633789062,156.08999633789062,156.08999633789062,0
2015-09-18,153.13999938964844,153.13999938964844,153.13999938964844,153.13999938964844,0
2015-09-21,153.91999816894531,153.91999816894531,153.91999816894531,153.91999816894531,0
2015-09-22,150.07000732421875,150.07000732421875,150.07000732421875,150.07000732421875,0
2015-09-23,150.33000183105469,150.33000183105469,150.33000183105469,150.33000183105469,0
2015-09-24,148.41000366210938,148.41000366210938,148.41000366210938,148.41000366210938,0
2015-09-25,151.96000671386719,151.96000671386719,151.96000671386719,151.96000671386719,0
2015-09-28,150.05000305175781,150.05000305175781,150.05000305175781,150.05000305175781,0
2015-09-29,149.91000366210938,149.91000366210938,149.91000366210938,149.91000366210938,0
2015-09-30,153.63999938964844,153.63999938964844,153.63999938964844,153.63999938964844,0
2015-10-01,152.36000061035156,152.36000061035156,152.36000061035156,152.36000061035156,0
2015-10-02,154.89999389648438,154.89999389648438,154.89999389648438,154.89999389648438,0
2015-10-05,157.91000366210938,157.91000366210938,157.91000366210938,157.91000366210938,0
2015-10-06,158.63999938964844,158.63999938964844,158.63999938964844,158.63999938964844,0
2015-10-07,159.97000122070312,159.97000122070312,159.97000122070312,159.97000122070312,0
2015-10-08,160.50999450683594,160.50999450683594,160.50999450683594,160.50999450683594,0
2015-10-09,160.72999572753906,160.72999572753906,160.72999572753906,160.72999572753906,0
2015-10-12,161.19000244140625,161.19000244140625,161.19000244140625,161.19000244140625,0
2015-10-13,158.72000122070312,159.60000610351562,158.71000671386719,159.60000610351562,5553
2015-10-14,161.25,161.25,160.52000427246094,160.52000427246094,4300
2015-10-15,161.66000366210938,161.66000366210938,161.66000366210938,161.66000366210938,0
2015-10-16,162.96000671386719,162.97000122070312,162.94000244140625,162.97000122070312,2100
2015-10-19,162.99000549316406,162.99000549316406,162.99000549316406,162.99000549316406,0
2015-10-20,163.72000122070312,163.72000122070312,163.72000122070312,163.72000122070312,0
2015-10-21,163.97999572753906,164.08999633789062,163.97999572753906,164.08999633789062,700
2015-10-22,166.6300048828125,166.6300048828125,166.61000061035156,166.61000061035156,700
2015-10-23,168.75999450683594,168.75999450683594,168.75999450683594,168.75999450683594,0
2015-10-26,168.55000305175781,168.55000305175781,168.41999816894531,168.47999572753906,1400
2015-10-27,166.00999450683594,166.00999450683594,166.00999450683594,166.00999450683594,0
2015-10-28,167.28999328613281,167.28999328613281,167.28999328613281,167.28999328613281,0
2015-10-29,165.77999877929688,165.94000244140625,165.77999877929688,165.94000244140625,700
2015-10-30,166.67999267578125,167.08999633789062,166.67999267578125,167.08999633789062,700
2015-11-02,168.19000244140625,168.22999572753906,168.19000244140625,168.22999572753906,700
2015-11-03,167.86000061035156,168.03999328613281,167.86000061035156,168.03999328613281,700
2015-11-04,169.13999938964844,169.13999938964844,169.13999938964844,169.13999938964844,0
2015-11-05,168.55000305175781,168.55000305175781,168.55000305175781,168.55000305175781,0
2015-11-06,167.07000732421875,167.16999816894531,167.02000427246094,167.16999816894531,2800
2015-11-09,164.21000671386719,164.21000671386719,164.21000671386719,164.21000671386719,638
2015-11-10,165.08999633789062,165.08999633789062,165.08000183105469,165.08000183105469,700
2015-11-11,164.03999328613281,164.03999328613281,164.03999328613281,164.03999328613281,0
2015-11-12,163.66000366210938,163.66000366210938,162.85000610351562,162.85000610351562,1700
2015-11-13,162.41000366210938,162.55999755859375,162.41000366210938,162.55999755859375,700
2015-11-16,163.11000061035156,163.47000122070312,162.35000610351562,163.3699951171875,900
2015-11-17,166.77000427246094,166.77000427246094,166.77000427246094,166.77000427246094,0
2015-11-18,165.61000061035156,165.61000061035156,165.61000061035156,165.61000061035156,0
2015-11-19,166.97999572753906,166.97999572753906,166.97999572753906,166.97999572753906,546
2015-11-20,167.53999328613281,167.53999328613281,167.53999328613281,167.53999328613281,0
2015-11-23,166.16000366210938,166.19000244140625,166.16000366210938,166.19000244140625,1
2015-11-24,163.83999633789062,163.83999633789062,163.83999633789062,163.83999633789062,0
2015-11-25,166.14999389648438,166.14999389648438,166.14999389648438,166.14999389648438,0
2015-11-26,168,168,168,168,0
2015-11-27,167.91999816894531,167.91999816894531,167.91999816894531,167.91999816894531,0
2015-11-30,167.42999267578125,167.42999267578125,167.42999267578125,167.42999267578125,0
2015-12-01,167.97000122070312,167.97000122070312,167.97000122070312,167.97000122070312,0
2015-12-02,167.64999389648438,167.64999389648438,167.64999389648438,167.64999389648438,0
2015-12-03,169.52000427246094,169.52000427246094,163.91999816894531,163.91999816894531,2499
2015-12-04,163.64999389648438,163.64999389648438,163.64999389648438,163.64999389648438,0
2015-12-07,163.97999572753906,163.97999572753906,163.97999572753906,163.97999572753906,0
2015-12-08,161.05999755859375,161.05999755859375,160.72999572753906,160.72999572753906,5553
2015-12-09,161.77000427246094,161.77000427246094,161.77000427246094,161.77000427246094,0
2015-12-10,162.14999389648438,162.14999389648438,162.14999389648438,162.14999389648438,0
2015-12-11,159.52000427246094,159.52000427246094,159.52000427246094,159.52000427246094,0
2015-12-14,156.61000061035156,156.61000061035156,156.61000061035156,156.61000061035156,0
2015-12-15,159.97000122070312,159.97000122070312,159.97000122070312,159.97000122070312,0
2015-12-16,160.3800048828125,160.3800048828125,160.13999938964844,160.13999938964844,300
2015-12-17,163.03999328613281,163.03999328613281,162.96000671386719,162.96000671386719,5553
2015-12-18,161.27999877929688,161.27999877929688,160.6300048828125,160.6300048828125,21
2015-12-21,158.58999633789062,158.58999633789062,158.58999633789062,158.58999633789062,0
2015-12-22,157.83999633789062,158.02000427246094,157.83999633789062,158.02000427246094,700
2015-12-23,162.74000549316406,162.74000549316406,162.74000549316406,162.74000549316406,0
2015-12-28,161.80999755859375,161.80999755859375,161.80999755859375,161.80999755859375,0
2015-12-29,163.91999816894531,164.75,163.91999816894531,164.75,2163
2015-12-30,164.27000427246094,164.27000427246094,164.27000427246094,164.27000427246094,0
2016-01-04,159.27999877929688,159.27999877929688,159.27999877929688,159.27999877929688,0
2016-01-05,160.50999450683594,161.1199951171875,160.50999450683594,161.1199951171875,700
2016-01-06,159.80000305175781,160.13999938964844,159.80000305175781,160.13999938964844,700
2016-01-07,158.22999572753906,158.53999328613281,158.22999572753906,158.53999328613281,700
2016-01-08,156.82000732421875,156.82000732421875,156.53999328613281,156.53999328613281,700
2016-01-11,156.85000610351562,157.42999267578125,156.85000610351562,157.33999633789062,1400
2016-01-12,157.33999633789062,157.33999633789062,157.13999938964844,157.13999938964844,700
2016-01-13,158.77999877929688,158.77999877929688,158.77999877929688,158.77999877929688,0
2016-01-14,156.1199951171875,156.1199951171875,156.1199951171875,156.1199951171875,0
2016-01-15,151.89999389648438,151.89999389648438,151.89999389648438,151.89999389648438,0
2016-01-18,151.25999450683594,151.25999450683594,151.25999450683594,151.25999450683594,0
2016-01-19,154.55999755859375,154.55999755859375,154.55999755859375,154.55999755859375,0
2016-01-20,150.30000305175781,150.30000305175781,150.30000305175781,150.30000305175781,0
2016-01-21,149.88999938964844,152.75999450683594,149.88999938964844,152.75999450683594,2
2016-01-22,155.89999389648438,155.89999389648438,155.89999389648438,155.89999389648438,0
2016-01-25,155.89999389648438,155.89999389648438,155.89999389648438,155.89999389648438,0
2016-01-26,157.99000549316406,157.99000549316406,157.99000549316406,157.99000549316406,0
2016-01-27,160.16000366210938,160.16000366210938,160.16000366210938,160.16000366210938,0
2016-01-28,158.49000549316406,158.49000549316406,158.49000549316406,158.49000549316406,0
2016-01-29,160.6300048828125,160.6300048828125,160.6300048828125,160.6300048828125,0
2016-02-01,161.86000061035156,161.86000061035156,161.86000061035156,161.86000061035156,0
2016-02-02,159.19999694824219,159.19999694824219,159.19999694824219,159.19999694824219,0
2016-02-03,156.19999694824219,156.19999694824219,156.19999694824219,156.19999694824219,393
2016-02-04,156.3699951171875,156.3699951171875,156.3699951171875,156.3699951171875,0
2016-02-05,154.13999938964844,154.13999938964844,154.13999938964844,154.13999938964844,0
2016-02-08,150.52000427246094,150.52000427246094,150.52000427246094,150.52000427246094,0
2016-02-09,148.33000183105469,148.33000183105469,148.33000183105469,148.33000183105469,0
2016-02-10,148.33000183105469,148.33000183105469,148.33000183105469,148.33000183105469,0
2016-02-11,143.30999755859375,143.30999755859375,143.30999755859375,143.30999755859375,0
2016-02-12,146.44000244140625,146.44000244140625,146.44000244140625,146.44000244140625,0
2016-02-15,150.83000183105469,150.83000183105469,150.83000183105469,150.83000183105469,0
2016-02-16,149.77000427246094,149.77000427246094,149.77000427246094,149.77000427246094,0
2016-02-17,149.88999938964844,149.88999938964844,149.88999938964844,149.88999938964844,0
2016-02-18,151.83000183105469,151.83000183105469,151.83000183105469,151.83000183105469,0
2016-02-19,150.71000671386719,150.86000061035156,150.52000427246094,150.86000061035156,823
2016-02-22,154.02999877929688,154.02999877929688,154.02999877929688,154.02999877929688,0
2016-02-23,150.50999450683594,150.50999450683594,150.50999450683594,150.50999450683594,0
2016-02-24,149.35000610351562,149.35000610351562,146.97000122070312,146.97000122070312,3195
2016-02-25,149.91999816894531,149.91999816894531,149.91999816894531,149.91999816894531,0
2016-02-26,150.55999755859375,150.55999755859375,150.55999755859375,150.55999755859375,0
2016-02-29,151.19000244140625,151.19000244140625,151.19000244140625,151.19000244140625,0
2016-03-01,152.55999755859375,152.55999755859375,152.55999755859375,152.55999755859375,0
2016-03-02,151.89999389648438,151.89999389648438,151.89999389648438,151.89999389648438,0
2016-03-03,151.92999267578125,151.92999267578125,151.92999267578125,151.92999267578125,0
2016-03-04,152.32000732421875,152.32000732421875,152.32000732421875,152.32000732421875,0
2016-03-07,150.97000122070312,150.97000122070312,150.97000122070312,150.97000122070312,0
2016-03-08,150.10000610351562,150.10000610351562,150.10000610351562,150.10000610351562,0
2016-03-09,151.35000610351562,151.35000610351562,151.35000610351562,151.35000610351562,679
2016-03-10,152.22999572753906,155.38999938964844,151.17999267578125,151.17999267578125,4026
2016-03-11,154.50999450683594,154.50999450683594,154.50999450683594,154.50999450683594,0
2016-03-14,155.36000061035156,155.36000061035156,155.36000061035156,155.36000061035156,0
2016-03-15,153.77999877929688,153.77999877929688,153.77999877929688,153.77999877929688,0
2016-03-16,153.58000183105469,153.58000183105469,153.33000183105469,153.33000183105469,174
2016-03-17,154.97999572753906,154.97999572753906,154.97999572753906,154.97999572753906,0
2016-03-18,155.69000244140625,155.69000244140625,155.69000244140625,155.69000244140625,0
2016-03-21,155.10000610351562,155.24000549316406,155.10000610351562,155.24000549316406,25
2016-03-22,153.8699951171875,153.8699951171875,153.8699951171875,153.8699951171875,0
2016-03-23,154,154,154,154,0
2016-03-24,153.55999755859375,153.55999755859375,153.55999755859375,153.55999755859375,0
2016-03-29,154.49000549316406,155.46000671386719,154.49000549316406,155.46000671386719,700
2016-03-30,156.88999938964844,157.17999267578125,156.88999938964844,157.17999267578125,4789
2016-03-31,154.75999450683594,154.75999450683594,154.75999450683594,154.75999450683594,0
2016-04-01,152.44999694824219,152.44999694824219,152.44999694824219,152.44999694824219,0
2016-04-04,153.46000671386719,153.46000671386719,153.46000671386719,153.46000671386719,0
2016-04-05,150.86000061035156,150.86000061035156,150.86000061035156,150.86000061035156,0
2016-04-06,151.58000183105469,151.58000183105469,151.58000183105469,151.58000183105469,393
2016-04-07,151.49000549316406,151.49000549316406,151.49000549316406,151.49000549316406,0
2016-04-08,153.19000244140625,153.19000244140625,153.19000244140625,153.19000244140625,0
2016-04-11,154.39999389648438,154.39999389648438,154.39999389648438,154.39999389648438,0
2016-04-12,154.97999572753906,154.97999572753906,154.97999572753906,154.97999572753906,0
2016-04-13,156.77000427246094,156.77000427246094,156.77000427246094,156.77000427246094,0
2016-04-14,157.16000366210938,157.16000366210938,157.16000366210938,157.16000366210938,0
2016-04-15,157.35000610351562,157.35000610351562,157.35000610351562,157.35000610351562,0
2016-04-18,157.88999938964844,157.88999938964844,157.88999938964844,157.88999938964844,0
2016-04-19,159.27999877929688,159.27999877929688,159.27999877929688,159.27999877929688,0
2016-04-20,158.80000305175781,159.78999328613281,158.80000305175781,159.78999328613281,3324
2016-04-21,157.35000610351562,157.35000610351562,157.35000610351562,157.35000610351562,0
2016-04-22,157.47000122070312,157.47000122070312,157.47000122070312,157.47000122070312,0
2016-04-25,157.38999938964844,157.38999938964844,157.38999938964844,157.38999938964844,0
2016-04-26,158.8699951171875,158.8699951171875,158.8699951171875,158.8699951171875,0
2016-04-27,161.08000183105469,161.08000183105469,161.08000183105469,161.08000183105469,0
2016-04-28,161.22999572753906,161.22999572753906,161.22999572753906,161.22999572753906,0
2016-04-29,159.58999633789062,159.58999633789062,159.58999633789062,159.58999633789062,0
2016-05-02,160.66999816894531,160.66999816894531,159.50999450683594,159.58999633789062,4900
2016-05-03,158.49000549316406,158.66999816894531,157.36000061035156,157.36000061035156,783
2016-05-04,155.72000122070312,155.72000122070312,155.72000122070312,155.72000122070312,286
2016-05-05,155.97999572753906,155.97999572753906,155.97999572753906,155.97999572753906,0
2016-05-06,155.63999938964844,155.63999938964844,155.63999938964844,155.63999938964844,700
2016-05-09,156.07000732421875,156.07000732421875,156.07000732421875,156.07000732421875,0
2016-05-10,157.63999938964844,157.63999938964844,157.63999938964844,157.63999938964844,0
2016-05-11,155.03999328613281,155.03999328613281,155.03999328613281,155.03999328613281,0
2016-05-12,156.25,156.25,156.25,156.25,0
2016-05-13,156.16999816894531,157.25999450683594,156.16999816894531,157.25999450683594,858
2016-05-17,156.61000061035156,156.61000061035156,156.61000061035156,156.61000061035156,0
2016-05-18,157.16999816894531,157.16999816894531,157.16999816894531,157.16999816894531,0
2016-05-19,154.94000244140625,154.94000244140625,154.72999572753906,154.72999572753906,939
2016-05-20,156.85000610351562,156.85000610351562,156.85000610351562,156.85000610351562,0
2016-05-23,156.33999633789062,156.33999633789062,155.89999389648438,155.89999389648438,1400
2016-05-24,157.60000610351562,159.21000671386719,157.60000610351562,159.21000671386719,765
2016-05-25,160.8800048828125,160.8800048828125,160.8800048828125,160.8800048828125,0
2016-05-26,161.21000671386719,161.49000549316406,161.21000671386719,161.32000732421875,1417
2016-05-27,161.91000366210938,162.16000366210938,161.91000366210938,162.16000366210938,1400
2016-05-30,162.08000183105469,162.66000366210938,162.08000183105469,162.66000366210938,1400
2016-05-31,161.77000427246094,162.30999755859375,161.19000244140625,161.19000244140625,2425
2016-06-01,160.74000549316406,160.75,158.3699951171875,158.3699951171875,962
2016-06-02,158.07000732421875,158.07000732421875,158.07000732421875,158.07000732421875,0
2016-06-03,158.35000610351562,158.35000610351562,158.35000610351562,158.35000610351562,0
2016-06-06,158.94999694824219,158.94999694824219,158.94999694824219,158.94999694824219,0
2016-06-07,159.91000366210938,160.88999938964844,159.91000366210938,160.88999938964844,700
2016-06-08,162,162,162,162,0
2016-06-09,161.22000122070312,161.22000122070312,161.22000122070312,161.22000122070312,0
2016-06-10,157.66000366210938,157.66000366210938,157.66000366210938,157.66000366210938,0
2016-06-13,155.27999877929688,155.27999877929688,155.27999877929688,155.27999877929688,0
2016-06-14,152.25999450683594,152.25999450683594,152.25999450683594,152.25999450683594,0
2016-06-15,153.88999938964844,153.88999938964844,153.60000610351562,153.60000610351562,58
2016-06-16,152.00999450683594,153.33000183105469,152.00999450683594,152.99000549316406,548
2016-06-17,153.99000549316406,155.58000183105469,153.99000549316406,155.36000061035156,3450
2016-06-20,160.88999938964844,161.72999572753906,160.88999938964844,161.72999572753906,1839
2016-06-21,162.02999877929688,162.17999267578125,162.02000427246094,162.17999267578125,9745
2016-06-22,161.97999572753906,161.97999572753906,161.97999572753906,161.97999572753906,700
2016-06-23,163.47000122070312,163.47000122070312,163.47000122070312,163.47000122070312,0
2016-06-24,149.82000732421875,149.82000732421875,149.82000732421875,149.82000732421875,0
2016-06-27,150.6199951171875,150.6199951171875,147.88999938964844,147.88999938964844,2100
2016-06-28,152.99000549316406,152.99000549316406,152.99000549316406,152.99000549316406,0
2016-06-29,159.25999450683594,159.25999450683594,159.25999450683594,159.25999450683594,0
2016-06-30,163.27000427246094,163.27000427246094,163.27000427246094,163.27000427246094,0
2016-07-01,163.50999450683594,163.78999328613281,163.50999450683594,163.78999328613281,700
2016-07-04,164.83000183105469,164.83000183105469,164.83000183105469,164.83000183105469,0
2016-07-05,162.66000366210938,162.66000366210938,162.66000366210938,162.66000366210938,0
2016-07-06,161.03999328613281,161.03999328613281,159.41999816894531,160.1300048828125,2100
2016-07-07,160.47000122070312,160.47000122070312,160.47000122070312,160.47000122070312,0
2016-07-08,161.91000366210938,162.36000061035156,161.91000366210938,162.36000061035156,9
2016-07-11,163.67999267578125,163.94000244140625,163.67999267578125,163.94000244140625,700
2016-07-12,163.60000610351562,163.77999877929688,163.60000610351562,163.77999877929688,700
2016-07-13,165.1199951171875,165.1199951171875,165.1199951171875,165.1199951171875,0
2016-07-14,165.30999755859375,165.30999755859375,165.30999755859375,165.30999755859375,0
2016-07-15,165.42999267578125,165.42999267578125,165.42999267578125,165.42999267578125,0
2016-07-18,166.19000244140625,166.19000244140625,166.00999450683594,166.00999450683594,700
2016-07-19,165.02000427246094,165.05999755859375,165.02000427246094,165.05999755859375,700
2016-07-20,166.58999633789062,166.58999633789062,166.58999633789062,166.58999633789062,0
2016-07-21,166.78999328613281,166.78999328613281,166.78999328613281,166.78999328613281,0
2016-07-22,166.89999389648438,166.89999389648438,166.89999389648438,166.89999389648438,0
2016-07-25,167.55999755859375,167.55999755859375,167.55999755859375,167.55999755859375,700
2016-07-26,167.83000183105469,167.83000183105469,167.83000183105469,167.83000183105469,0
2016-07-27,167.52000427246094,167.52000427246094,167.52000427246094,167.52000427246094,0
2016-07-28,166.30000305175781,166.30000305175781,166.30000305175781,166.30000305175781,0
2016-07-29,166.19999694824219,166.19999694824219,166.19999694824219,166.19999694824219,0
2016-08-01,165.08000183105469,165.08000183105469,165.08000183105469,165.08000183105469,0
2016-08-02,163.16000366210938,163.22000122070312,163.16000366210938,163.22000122070312,700
2016-08-03,162.6199951171875,162.6199951171875,162.47000122070312,162.47000122070312,431
2016-08-04,162.55000305175781,163.49000549316406,161.82000732421875,163.27999877929688,954
2016-08-05,164.50999450683594,164.78999328613281,162.89999389648438,163.03999328613281,381
2016-08-08,163.27999877929688,163.27999877929688,163.27999877929688,163.27999877929688,0
2016-08-09,163.21000671386719,163.41999816894531,162.69000244140625,163.13999938964844,722
2016-08-10,162.3699951171875,162.44999694824219,161.35000610351562,161.44999694824219,381
2016-08-11,161.47000122070312,163.27999877929688,161.47000122070312,163.22999572753906,572
2016-08-12,163.27999877929688,163.77999877929688,163.19999694824219,163.19999694824219,687
2016-08-15,163.41000366210938,163.75999450683594,162.77999877929688,162.91000366210938,2173
2016-08-16,160.42999267578125,160.42999267578125,160.42999267578125,160.42999267578125,0
2016-08-17,158.1300048828125,158.1300048828125,158.1300048828125,158.1300048828125,0
2016-08-18,159.47000122070312,159.89999389648438,159.47000122070312,159.89999389648438,1107
2016-08-19,158.11000061035156,158.11000061035156,158.11000061035156,158.11000061035156,0
2016-08-22,157.75999450683594,158.86000061035156,157.75999450683594,158.75,799
2016-08-23,159.38999938964844,159.38999938964844,159.38999938964844,159.38999938964844,0
2016-08-24,159.60000610351562,159.60000610351562,159.27999877929688,159.27999877929688,643
2016-08-25,159.3699951171875,159.3699951171875,159.3699951171875,159.3699951171875,0
2016-08-26,159.91000366210938,159.91000366210938,159.91000366210938,159.91000366210938,0
2016-08-29,159.10000610351562,159.10000610351562,159.10000610351562,159.10000610351562,0
2016-08-30,158.92999267578125,158.92999267578125,158.67999267578125,158.67999267578125,6136
2016-08-31,158.80000305175781,159.08999633789062,158.30000305175781,158.30000305175781,3822
2016-09-01,158.92999267578125,158.92999267578125,158.30999755859375,158.30999755859375,943
2016-09-02,162.64999389648438,162.64999389648438,162.64999389648438,162.64999389648438,0
2016-09-05,163.97999572753906,164.1199951171875,163.82000732421875,164.02999877929688,600
2016-09-06,163.77999877929688,163.80999755859375,163.6300048828125,163.6300048828125,1666
2016-09-07,163.85000610351562,163.85000610351562,163.41000366210938,163.41000366210938,439
2016-09-08,163.03999328613281,163.03999328613281,163.03999328613281,163.03999328613281,0
2016-09-09,162.64999389648438,162.64999389648438,160.83999633789062,161.14999389648438,428
2016-09-12,159,159.44999694824219,158.78999328613281,159.24000549316406,516
2016-09-13,159.75,159.75,157.22999572753906,157.38999938964844,241
2016-09-14,157.86000061035156,158.07000732421875,156.77999877929688,156.77999877929688,826
2016-09-15,156.97000122070312,157.41999816894531,156.66999816894531,157.14999389648438,871
2016-09-16,156.99000549316406,157.19000244140625,155.80000305175781,156.24000549316406,6571
2016-09-19,158.1199951171875,158.25,157.97000122070312,158.02999877929688,969
2016-09-20,157.8800048828125,157.8800048828125,157.19000244140625,157.19000244140625,969
2016-09-21,156.24000549316406,156.24000549316406,156.24000549316406,156.24000549316406,0
2016-09-22,159.6300048828125,159.6300048828125,159.6300048828125,159.6300048828125,0
2016-09-23,157.91999816894531,157.91999816894531,157.91999816894531,157.91999816894531,0
2016-09-26,156.44000244140625,156.86000061035156,156.44000244140625,156.86000061035156,700
2016-09-27,157.86000061035156,157.86000061035156,157.86000061035156,157.86000061035156,0
2016-09-28,158.75999450683594,158.75999450683594,158.75999450683594,158.75999450683594,0
2016-09-29,160.72999572753906,161.47000122070312,159.82000732421875,160.13999938964844,2021
2016-09-30,159.69999694824219,159.69999694824219,159.69999694824219,159.69999694824219,0
2016-10-04,158.88999938964844,159.17999267578125,158,158.05999755859375,1010
2016-10-05,154.82000732421875,154.82000732421875,154.82000732421875,154.82000732421875,0
2016-10-06,154.02000427246094,154.02000427246094,152.36000061035156,152.36000061035156,73832
2016-10-07,150.41999816894531,150.41999816894531,149.03999328613281,149.03999328613281,11593
2016-10-10,149.44999694824219,150.08999633789062,149.05999755859375,149.99000549316406,1010
2016-10-11,149.99000549316406,149.99000549316406,149.92999267578125,149.92999267578125,13
2016-10-12,149.86000061035156,149.86000061035156,149.86000061035156,149.86000061035156,0
2016-10-13,150.49000549316406,150.49000549316406,150.49000549316406,150.49000549316406,0
2016-10-14,153.07000732421875,153.07000732421875,153.07000732421875,153.07000732421875,0
2016-10-17,152.14999389648438,152.14999389648438,152.14999389648438,152.14999389648438,0
2016-10-18,155.14999389648438,155.14999389648438,155.14999389648438,155.14999389648438,0
2016-10-19,155.11000061035156,156,155.11000061035156,155.72999572753906,1875
2016-10-20,156.80999755859375,156.80999755859375,156.07000732421875,156.27000427246094,606
2016-10-21,155.80999755859375,156.19000244140625,155.80999755859375,156.19000244140625,2938
2016-10-24,155.33999633789062,155.33999633789062,154.52999877929688,154.52999877929688,750
2016-10-25,154.92999267578125,155.21000671386719,154.16000366210938,154.52999877929688,1210
2016-10-26,154.69999694824219,155.1199951171875,154.38999938964844,155.10000610351562,1960
2016-10-27,154.77999877929688,154.77999877929688,153.99000549316406,154.52000427246094,750
2016-10-28,154.96000671386719,154.96000671386719,154.96000671386719,154.96000671386719,0
2016-10-31,155.05999755859375,155.05999755859375,155.05999755859375,155.05999755859375,1064
2016-11-01,153.02000427246094,153.02000427246094,153.02000427246094,153.02000427246094,0
2016-11-02,151.96000671386719,151.96000671386719,150.05999755859375,150.05999755859375,2826
2016-11-03,150.53999328613281,150.72999572753906,150.35000610351562,150.35000610351562,1695
2016-11-04,150.19000244140625,150.19000244140625,150.19000244140625,150.19000244140625,0
2016-11-07,151.61000061035156,151.61000061035156,150.41999816894531,150.57000732421875,4650
2016-11-08,150.72999572753906,150.8800048828125,150.69000244140625,150.69999694824219,483
2016-11-09,148.44999694824219,149.07000732421875,147.74000549316406,148.92999267578125,1323
2016-11-10,143.55999755859375,143.55999755859375,143.55999755859375,143.55999755859375,0
2016-11-11,145.03999328613281,145.03999328613281,144.55000305175781,144.55000305175781,700
2016-11-14,141.66999816894531,141.75,141.38999938964844,141.38999938964844,12400
2016-11-15,142.80000305175781,144.08000183105469,142.05000305175781,142.28999328613281,2677
2016-11-16,141.55999755859375,142.38999938964844,141.55999755859375,142.38999938964844,631
2016-11-17,143.3800048828125,143.3800048828125,143.3800048828125,143.3800048828125,0
2016-11-18,141.49000549316406,141.58000183105469,141.49000549316406,141.58000183105469,24
2016-11-21,142.55999755859375,142.55999755859375,142.55999755859375,142.55999755859375,0
2016-11-22,144.6300048828125,144.75,143.89999389648438,143.89999389648438,378
2016-11-23,143.44999694824219,143.80000305175781,143.44999694824219,143.50999450683594,202
2016-11-24,143.00999450683594,143.00999450683594,143.00999450683594,143.00999450683594,0
2016-11-25,144.33999633789062,144.33999633789062,144.33999633789062,144.33999633789062,0
2016-11-28,145.72999572753906,145.72999572753906,145.02999877929688,145.02999877929688,83
2016-11-29,145.78999328613281,145.78999328613281,145.78999328613281,145.78999328613281,0
2016-11-30,146.03999328613281,146.16999816894531,145.10000610351562,145.10000610351562,253
2016-12-01,143.24000549316406,143.24000549316406,143.24000549316406,143.24000549316406,0
2016-12-02,144.02000427246094,144.02000427246094,144.02000427246094,144.02000427246094,0
2016-12-05,142.42999267578125,142.42999267578125,142.42999267578125,142.42999267578125,0
2016-12-06,145.97999572753906,145.97999572753906,145.97999572753906,145.97999572753906,0
2016-12-07,146.44000244140625,146.44000244140625,145.46000671386719,145.88999938964844,50692
2016-12-08,146.21000671386719,146.21000671386719,146.21000671386719,146.21000671386719,0
2016-12-09,148.22999572753906,148.22999572753906,148.22999572753906,148.22999572753906,0
2016-12-12,149.36000061035156,149.36000061035156,149.36000061035156,149.36000061035156,0
2016-12-13,150.47999572753906,150.75999450683594,150.47999572753906,150.75999450683594,3000
2016-12-14,149.8699951171875,149.8699951171875,149.8699951171875,149.8699951171875,0
2016-12-15,151.05000305175781,151.05000305175781,151.05000305175781,151.05000305175781,0
2016-12-16,151.39999389648438,151.39999389648438,151.39999389648438,151.39999389648438,0
2016-12-19,151.75,152.33000183105469,151.75,152.33000183105469,21
2016-12-20,153.44000244140625,153.44000244140625,153.44000244140625,153.44000244140625,0
2016-12-21,153.28999328613281,153.28999328613281,153.28999328613281,153.28999328613281,0
2016-12-22,152.46000671386719,152.46000671386719,152.46000671386719,152.46000671386719,0
2016-12-23,153.55999755859375,153.55999755859375,153.55999755859375,153.55999755859375,0
2016-12-27,153.83999633789062,154.22999572753906,153.83999633789062,154.22999572753906,800
2016-12-28,153.82000732421875,153.82000732421875,153.82000732421875,153.82000732421875,0
2016-12-29,154.52999877929688,154.52999877929688,154.52999877929688,154.52999877929688,0
2016-12-30,154.72999572753906,154.72999572753906,154.72999572753906,154.72999572753906,0
2017-01-02,155.63999938964844,155.63999938964844,155.63999938964844,155.63999938964844,0
2017-01-03,156.36000061035156,156.36000061035156,154.77999877929688,154.77999877929688,2433
2017-01-04,153.5,153.5,153.5,153.5,0
2017-01-05,153.75,153.75,153.75,153.75,0
2017-01-06,153.24000549316406,153.24000549316406,153.24000549316406,153.24000549316406,0
2017-01-09,152.47999572753906,152.47999572753906,152.47999572753906,152.47999572753906,0
2017-01-10,151.07000732421875,151.07000732421875,151.07000732421875,151.07000732421875,0
2017-01-11,149.80000305175781,151.14999389648438,149.41999816894531,151.14999389648438,31360
2017-01-12,152.27999877929688,152.27999877929688,152.27999877929688,152.27999877929688,0
2017-01-13,152.80999755859375,152.80999755859375,152.80999755859375,152.80999755859375,0
2017-01-16,152.32000732421875,152.32000732421875,152.32000732421875,152.32000732421875,0
2017-01-17,153.17999267578125,153.17999267578125,153.17999267578125,153.17999267578125,0
2017-01-18,152.83999633789062,153.16999816894531,152.83000183105469,153.16999816894531,9275
2017-01-19,152.58000183105469,152.58000183105469,152.58000183105469,152.58000183105469,0
2017-01-20,152.41999816894531,152.41999816894531,152.41999816894531,152.41999816894531,0
2017-01-23,152.21000671386719,152.21000671386719,152.21000671386719,152.21000671386719,0
2017-01-24,152.58000183105469,152.58000183105469,151.8699951171875,152.03999328613281,926
2017-01-25,151.58999633789062,151.58999633789062,151.58999633789062,151.58999633789062,0
2017-01-26,151.78999328613281,151.78999328613281,151.05000305175781,151.05000305175781,37
2017-01-27,150.6300048828125,150.6300048828125,150.6300048828125,150.6300048828125,0
2017-01-30,149.33000183105469,149.3699951171875,148.6199951171875,148.8800048828125,6333
2017-01-31,149.07000732421875,149.07000732421875,149.07000732421875,149.07000732421875,0
2017-02-01,148.13999938964844,148.13999938964844,148.13999938964844,148.13999938964844,0
2017-02-02,149,149.22000122070312,148.92999267578125,148.92999267578125,119
2017-02-03,148.75,149.27000427246094,148.75,149.27000427246094,9
2017-02-06,149.53999328613281,149.53999328613281,148.38999938964844,148.38999938964844,22
2017-02-07,149.91000366210938,149.91000366210938,149.91000366210938,149.91000366210938,0
2017-02-08,151.30999755859375,152.83999633789062,151.30999755859375,152.83999633789062,121
2017-02-09,154.46000671386719,154.46000671386719,154.08999633789062,154.08999633789062,16
2017-02-10,153.78999328613281,153.78999328613281,153.78999328613281,153.78999328613281,0
2017-02-13,154.80999755859375,154.80999755859375,154.80999755859375,154.80999755859375,0
2017-02-14,154.00999450683594,154.00999450683594,154.00999450683594,154.00999450683594,0
2017-02-15,153.94999694824219,153.94999694824219,153.94999694824219,153.94999694824219,0
2017-02-16,154.47999572753906,154.47999572753906,154.30000305175781,154.30000305175781,18
2017-02-17,153.50999450683594,153.82000732421875,153.50999450683594,153.82000732421875,105
2017-02-20,154.39999389648438,154.39999389648438,154.39999389648438,154.39999389648438,0
2017-02-21,155.53999328613281,155.53999328613281,155.53999328613281,155.53999328613281,0
2017-02-22,155.61000061035156,155.61000061035156,155.16999816894531,155.16999816894531,16
2017-02-23,154.36000061035156,155.38999938964844,154.36000061035156,155.38999938964844,16
2017-02-24,155.03999328613281,155.03999328613281,155,155,128
2017-02-27,155.47999572753906,155.72999572753906,155.47999572753906,155.72999572753906,141
2017-02-28,155.8699951171875,155.8699951171875,155.8699951171875,155.8699951171875,0
2017-03-01,156.17999267578125,156.33000183105469,156.17999267578125,156.33000183105469,45
2017-03-02,158.36000061035156,158.36000061035156,158.36000061035156,158.36000061035156,0
2017-03-03,158.1300048828125,158.55000305175781,158.1300048828125,158.55000305175781,32
2017-03-06,158.52999877929688,158.52999877929688,158.52999877929688,158.52999877929688,0
2017-03-07,157.47000122070312,157.47000122070312,157.47000122070312,157.47000122070312,0
2017-03-08,156.41000366210938,156.96000671386719,156.41000366210938,156.96000671386719,50
2017-03-09,156.8800048828125,157.83000183105469,156.8800048828125,157.83000183105469,50
2017-03-10,157.05999755859375,157.05999755859375,155.88999938964844,155.88999938964844,3965
2017-03-13,156.44999694824219,156.44999694824219,156.44999694824219,156.44999694824219,0
2017-03-14,156.27999877929688,156.27999877929688,156.27999877929688,156.27999877929688,0
2017-03-15,155.8800048828125,156.24000549316406,155.8800048828125,156.24000549316406,56
2017-03-16,157.72000122070312,157.72000122070312,157.72000122070312,157.72000122070312,0
2017-03-17,156.77999877929688,158.14999389648438,156.77999877929688,158.14999389648438,26
2017-03-20,158.24000549316406,158.25,158.24000549316406,158.25,21
2017-03-21,159.05999755859375,159.05999755859375,159.05999755859375,159.05999755859375,0
2017-03-22,159.44000244140625,159.44000244140625,159.44000244140625,159.44000244140625,0
2017-03-23,159.69000244140625,160.80999755859375,159.69000244140625,160.80999755859375,29
2017-03-24,160.94999694824219,160.94999694824219,160.92999267578125,160.92999267578125,33
2017-03-27,161.33999633789062,161.33999633789062,161.33999633789062,161.33999633789062,1041
2017-03-28,161.72000122070312,161.72000122070312,161.72000122070312,161.72000122070312,0
2017-03-29,162.17999267578125,162.17999267578125,162.17999267578125,162.17999267578125,0
2017-03-30,162.3699951171875,162.3699951171875,162.3699951171875,162.3699951171875,0
2017-03-31,164.80999755859375,164.80999755859375,164.80999755859375,164.80999755859375,0
2017-04-03,164.66999816894531,164.66999816894531,163.72999572753906,163.72999572753906,24
2017-04-04,163.28999328613281,163.28999328613281,163.28999328613281,163.28999328613281,0
2017-04-05,163.08999633789062,164.05000305175781,163.08999633789062,164.05000305175781,1620
2017-04-06,164.97000122070312,165.33999633789062,164.92999267578125,165.33999633789062,148
2017-04-07,165.75,165.75,165.75,165.75,0
2017-04-10,165.41999816894531,165.41999816894531,164.46000671386719,164.72000122070312,41
2017-04-11,165.35000610351562,165.35000610351562,165.35000610351562,165.35000610351562,0
2017-04-12,166.42999267578125,166.42999267578125,166.42999267578125,166.42999267578125,0
2017-04-13,165.16999816894531,165.50999450683594,165.16999816894531,165.50999450683594,97
2017-04-18,165.16999816894531,165.16999816894531,163.50999450683594,163.50999450683594,2400
2017-04-19,163.35000610351562,163.35000610351562,162.74000549316406,162.74000549316406,15
2017-04-20,161.08999633789062,161.08999633789062,161.08999633789062,161.08999633789062,0
2017-04-21,161.63999938964844,161.63999938964844,161.55000305175781,161.55000305175781,17406
2017-04-24,163.41999816894531,163.94000244140625,163.41999816894531,163.94000244140625,45
2017-04-25,162.8800048828125,162.8800048828125,162.49000549316406,162.49000549316406,800
2017-04-26,161.91000366210938,161.91000366210938,161.91000366210938,161.91000366210938,0
2017-04-27,162.61000061035156,162.61000061035156,162.61000061035156,162.61000061035156,0
2017-04-28,161.92999267578125,161.92999267578125,161.80999755859375,161.80999755859375,53
2017-05-02,163.33000183105469,163.33000183105469,163.33000183105469,163.33000183105469,0
2017-05-03,164.11000061035156,164.11000061035156,164.11000061035156,164.11000061035156,0
2017-05-04,166.39999389648438,166.39999389648438,166.39999389648438,166.39999389648438,0
2017-05-05,165.27999877929688,167.08999633789062,165.27999877929688,167.08999633789062,21
2017-05-08,167.89999389648438,167.89999389648438,167.89999389648438,167.89999389648438,800
2017-05-09,168.52000427246094,168.52000427246094,168.52000427246094,168.52000427246094,0
2017-05-10,168.82000732421875,169.64999389648438,168.82000732421875,169.64999389648438,1689
2017-05-11,168.88999938964844,168.88999938964844,167.91999816894531,167.91999816894531,461
2017-05-12,168.36000061035156,168.36000061035156,168.36000061035156,168.36000061035156,0
2017-05-15,168.94000244140625,168.94000244140625,167.86000061035156,168.61000061035156,1776
2017-05-16,168.16000366210938,169.63999938964844,168.16000366210938,169.63999938964844,16
2017-05-17,169.02999877929688,169.44999694824219,168.46000671386719,168.46000671386719,477
2017-05-18,168.60000610351562,168.86000061035156,168.60000610351562,168.72999572753906,604
2017-05-19,169.55000305175781,171.11000061035156,169.55000305175781,171.11000061035156,1000
2017-05-22,171.86000061035156,171.86000061035156,171.86000061035156,171.86000061035156,0
2017-05-23,173.99000549316406,173.99000549316406,173.99000549316406,173.99000549316406,0
2017-05-24,173.69000244140625,173.69000244140625,173.41000366210938,173.41000366210938,55
2017-05-25,173.89999389648438,173.96000671386719,173.89999389648438,173.91000366210938,804
2017-05-26,172.99000549316406,173.02999877929688,172.99000549316406,173.02999877929688,48
2017-05-29,172.58999633789062,172.69999694824219,172.52999877929688,172.61000061035156,4800
2017-05-30,173.57000732421875,173.57000732421875,173.57000732421875,173.57000732421875,0
2017-05-31,173.28999328613281,173.91000366210938,173.28999328613281,173.91000366210938,800
2017-06-01,174.41999816894531,174.41999816894531,174.30999755859375,174.30999755859375,7
2017-06-02,174.96000671386719,174.96000671386719,172.97000122070312,172.97000122070312,16
2017-06-05,173.17990112304688,173.17990112304688,173.17990112304688,173.17990112304688,0
2017-06-06,174.22000122070312,174.22000122070312,174.22000122070312,174.22000122070312,0
2017-06-07,175.66999816894531,175.75999450683594,174.91999816894531,174.91999816894531,827
2017-06-08,176.77000427246094,176.77000427246094,176.77000427246094,176.77000427246094,0
2017-06-09,176.94999694824219,176.94999694824219,175.35000610351562,175.35000610351562,815
2017-06-12,173.05000305175781,173.05000305175781,173.05000305175781,173.05000305175781,0
2017-06-13,173.30000305175781,173.61000061035156,173.30000305175781,173.30999755859375,23
2017-06-14,174.57000732421875,174.57000732421875,174.36000061035156,174.36000061035156,21
2017-06-15,173.41000366210938,174.11000061035156,173.41000366210938,174.11000061035156,24
2017-06-16,174.85000610351562,175.53999328613281,174.80999755859375,175.53999328613281,3500
2017-06-19,176.57000732421875,176.57000732421875,175.66999816894531,175.66999816894531,368
2017-06-20,176.25,176.25,174.83000183105469,174.83000183105469,286
2017-06-21,175.27000427246094,175.27000427246094,175.27000427246094,175.27000427246094,0
2017-06-22,174.41999816894531,174.41999816894531,174.39999389648438,174.39999389648438,116
2017-06-23,173.8699951171875,173.8699951171875,173.8699951171875,173.8699951171875,0
2017-06-26,174.88999938964844,174.88999938964844,174.88999938964844,174.88999938964844,0
2017-06-27,170.67999267578125,170.67999267578125,170.67999267578125,170.67999267578125,0
2017-06-28,169.57000732421875,170.94000244140625,169.57000732421875,170.08999633789062,57
2017-06-29,167.22000122070312,167.22000122070312,167.22000122070312,167.22000122070312,0
2017-06-30,166.24000549316406,166.24000549316406,166.24000549316406,166.24000549316406,0
2017-07-03,166.52999877929688,167.30000305175781,166.52999877929688,166.52999877929688,14
2017-07-04,166.5,166.5,165.85000610351562,166.5,23
2017-07-05,165.29949951171875,165.29949951171875,165.29949951171875,165.29949951171875,0
2017-07-06,164.00650024414062,164.00650024414062,164.00650024414062,164.00650024414062,0
2017-07-07,165.15719604492188,165.15719604492188,165.15719604492188,165.15719604492188,0
2017-07-10,165.97320556640625,165.97320556640625,165.97320556640625,165.97320556640625,0
2017-07-11,164.85499572753906,164.85499572753906,164.85499572753906,164.85499572753906,0
2017-07-12,165.5,167.80999755859375,165.30999755859375,167.80999755859375,62500
2017-07-13,168.62759399414062,168.62759399414062,168.62759399414062,168.62759399414062,0
2017-07-14,168.75,169.1300048828125,168.75,169.1300048828125,46
2017-07-17,168.73869323730469,168.73869323730469,168.73869323730469,168.73869323730469,0
2017-07-18,167.860595703125,167.860595703125,167.860595703125,167.860595703125,0
2017-07-19,168.97000122070312,169.41000366210938,168.74000549316406,169.41000366210938,192
2017-07-20,168.16630554199219,168.16630554199219,168.16630554199219,168.16630554199219,0
2017-07-21,167.77999877929688,167.77999877929688,167.17999267578125,167.17999267578125,624
2017-07-24,166.2073974609375,166.2073974609375,166.2073974609375,166.2073974609375,0
2017-07-25,165.84970092773438,165.84970092773438,165.84970092773438,165.84970092773438,0
2017-07-26,167.27749633789062,167.27749633789062,167.27749633789062,167.27749633789062,0
2017-07-27,167.24589538574219,167.24589538574219,167.24589538574219,167.24589538574219,0
2017-07-28,165.018798828125,165.018798828125,165.018798828125,165.018798828125,0
2017-07-31,165.98309326171875,165.98309326171875,165.98309326171875,165.98309326171875,0
2017-08-01,167.95660400390625,167.95660400390625,167.95660400390625,167.95660400390625,0
2017-08-02,167.52760314941406,167.52760314941406,167.52760314941406,167.52760314941406,0
2017-08-03,168.22520446777344,168.22520446777344,168.22520446777344,168.22520446777344,0
2017-08-04,169.69960021972656,169.69960021972656,169.69960021972656,169.69960021972656,0
2017-08-07,168.88999938964844,168.88999938964844,168.72000122070312,168.88999938964844,224
2017-08-08,168.88999938964844,168.88999938964844,168.88999938964844,168.88999938964844,0
2017-08-09,168.88999938964844,168.88999938964844,168.88999938964844,168.88999938964844,0
2017-08-10,169.60000610351562,169.83999633789062,169.60000610351562,169.83999633789062,20
2017-08-11,168.80999755859375,168.80999755859375,168.6199951171875,168.6199951171875,47
2017-08-14,168.6199951171875,168.6199951171875,168.6199951171875,168.6199951171875,0
2017-08-15,168.6199951171875,168.6199951171875,168.6199951171875,168.6199951171875,0
2017-08-16,168.6199951171875,168.6199951171875,168.6199951171875,168.6199951171875,0
2017-08-17,168.6199951171875,168.6199951171875,168.6199951171875,168.6199951171875,0
2017-08-18,168.6199951171875,168.6199951171875,168.6199951171875,168.6199951171875,0
2017-08-21,168.6199951171875,168.6199951171875,168.6199951171875,168.6199951171875,0
2017-08-22,168.6199951171875,168.6199951171875,168.6199951171875,168.6199951171875,0
2017-08-23,173.55999755859375,173.55999755859375,172.03999328613281,172.03999328613281,16
2017-08-24,173.52000427246094,173.52000427246094,172.77000427246094,172.77000427246094,624
2017-08-25,172.77000427246094,172.77000427246094,172.77000427246094,172.77000427246094,0
2017-08-28,172.05999755859375,172.05999755859375,171.99000549316406,171.99000549316406,36
2017-08-29,170.71000671386719,170.71000671386719,170.47000122070312,170.47000122070312,586
2017-08-30,170.47000122070312,170.47000122070312,170.47000122070312,170.47000122070312,0
2017-08-31,170.47000122070312,170.47000122070312,170.47000122070312,170.47000122070312,0
2017-09-01,170.47000122070312,170.47000122070312,170.47000122070312,170.47000122070312,0
2017-09-04,170.47000122070312,170.47000122070312,170.47000122070312,170.47000122070312,0
2017-09-05,170.47000122070312,170.47000122070312,170.47000122070312,170.47000122070312,0
2017-09-06,173.69999694824219,173.86000061035156,173.6300048828125,173.71000671386719,4838
2017-09-07,173.71000671386719,173.71000671386719,173.71000671386719,173.71000671386719,0
2017-09-08,173.71000671386719,173.71000671386719,173.71000671386719,173.71000671386719,0
2017-09-11,173.71000671386719,173.71000671386719,173.71000671386719,173.71000671386719,0
2017-09-12,173.71000671386719,173.71000671386719,173.71000671386719,173.71000671386719,0
2017-09-13,174.63999938964844,174.63999938964844,173.72000122070312,173.72000122070312,17
2017-09-14,173.72000122070312,173.72000122070312,173.72000122070312,173.72000122070312,0
2017-09-15,173.64999389648438,173.64999389648438,173.19000244140625,173.19000244140625,32
2017-09-18,173.19000244140625,173.19000244140625,173.19000244140625,173.19000244140625,0
2017-09-19,173.19000244140625,173.19000244140625,173.19000244140625,173.19000244140625,0
2017-09-20,174.02999877929688,174.02999877929688,173.8699951171875,173.8699951171875,10
2017-09-21,173.8699951171875,173.8699951171875,173.8699951171875,173.8699951171875,0
2017-09-22,171.83999633789062,172.17999267578125,171.83999633789062,172.17999267578125,66
2017-09-25,172.17999267578125,172.17999267578125,172.17999267578125,172.17999267578125,0
2017-09-26,172.17999267578125,172.17999267578125,172.17999267578125,172.17999267578125,0
2017-09-27,172.17999267578125,172.17999267578125,172.17999267578125,172.17999267578125,0
2017-09-28,170.6300048828125,171.33999633789062,170.6300048828125,171.33999633789062,16
2017-09-29,171.33999633789062,171.33999633789062,171.33999633789062,171.33999633789062,0
2017-10-02,171.74000549316406,172.92999267578125,171.74000549316406,172.92999267578125,30
2017-10-03,172.92999267578125,172.92999267578125,172.92999267578125,172.92999267578125,0
2017-10-04,171.58999633789062,171.58999633789062,169.21000671386719,169.21000671386719,259
2017-10-05,170.55000305175781,170.80000305175781,170.55000305175781,170.80000305175781,180
2017-10-06,170.80000305175781,170.80000305175781,170.80000305175781,170.80000305175781,0
2017-10-09,170.80000305175781,170.80000305175781,170.80000305175781,170.80000305175781,0
2017-10-10,170.80000305175781,170.80000305175781,170.80000305175781,170.80000305175781,0
2017-10-11,173.91999816894531,174.1199951171875,173.91000366210938,174.1199951171875,896
2017-10-12,174.1199951171875,174.1199951171875,174.1199951171875,174.1199951171875,0
2017-10-13,174.1199951171875,174.1199951171875,174.1199951171875,174.1199951171875,0
2017-10-16,174.08000183105469,174.08000183105469,173.25,173.25,1500
2017-10-17,173.25,173.25,173.25,173.25,0
2017-10-18,174.22999572753906,174.22999572753906,174.02000427246094,174.02000427246094,7
2017-10-19,173.71000671386719,174.1199951171875,173.3699951171875,174.1199951171875,1300
2017-10-20,174.1199951171875,174.1199951171875,174.1199951171875,174.1199951171875,0
2017-10-23,174.6300048828125,175.35000610351562,174.6300048828125,175.35000610351562,73
2017-10-24,175.58999633789062,175.58999633789062,174.32000732421875,174.32000732421875,19
2017-10-25,173.77000427246094,173.77000427246094,171.16000366210938,171.16000366210938,51
2017-10-26,170.75999450683594,174.11000061035156,170.13999938964844,174.11000061035156,23448
2017-10-27,175.16999816894531,175.16999816894531,174.75999450683594,174.75999450683594,31
2017-10-30,174.07000732421875,175.47000122070312,174.07000732421875,175.47000122070312,32
2017-10-31,175.47000122070312,175.47000122070312,175.47000122070312,175.47000122070312,0
2017-11-01,176.77999877929688,177.21000671386719,176.58000183105469,176.58999633789062,5324
2017-11-02,176.53999328613281,176.53999328613281,176.19999694824219,176.19999694824219,2058
2017-11-03,176.05000305175781,176.44999694824219,175.75,176.44999694824219,4389
2017-11-06,176.44999694824219,176.44999694824219,176.44999694824219,176.44999694824219,0
2017-11-07,177.30999755859375,177.94000244140625,177.30999755859375,177.94000244140625,2180
2017-11-08,179.27000427246094,179.27000427246094,178.6199951171875,178.6199951171875,16
2017-11-09,178.6199951171875,178.6199951171875,178.6199951171875,178.6199951171875,0
2017-11-10,176.44000244140625,176.44000244140625,175.22000122070312,175.22000122070312,52
2017-11-13,175.22000122070312,175.22000122070312,175.22000122070312,175.22000122070312,0
2017-11-14,173.03999328613281,173.63999938964844,171.97999572753906,171.97999572753906,2948
2017-11-15,171.97999572753906,171.97999572753906,171.97999572753906,171.97999572753906,0
2017-11-16,171.97999572753906,171.97999572753906,171.97999572753906,171.97999572753906,0
2017-11-17,171.64999389648438,171.64999389648438,169.74000549316406,169.74000549316406,10020
2017-11-20,170.22999572753906,170.27000427246094,169.85000610351562,169.85000610351562,2632
2017-11-21,169.46000671386719,171.02000427246094,169.46000671386719,169.99000549316406,18668
2017-11-22,171.24000549316406,171.24000549316406,171.03999328613281,171.03999328613281,11
2017-11-23,169.44999694824219,170.72000122070312,169.41000366210938,170.36000061035156,5022
2017-11-24,169.85000610351562,169.85000610351562,169.52999877929688,169.52999877929688,385
2017-11-27,170.47999572753906,170.47999572753906,169.63999938964844,169.88999938964844,8953
2017-11-28,170.61000061035156,171.36000061035156,170.49000549316406,170.97000122070312,36860
2017-11-29,170.97000122070312,170.97000122070312,170.97000122070312,170.97000122070312,0
2017-11-30,174.57000732421875,174.69000244140625,173.10000610351562,173.17999267578125,15045
2017-12-01,172.36000061035156,172.36000061035156,171.35000610351562,171.35000610351562,19
2017-12-04,172.77000427246094,172.97000122070312,172.25999450683594,172.70500183105469,7982
2017-12-05,172.70500183105469,172.70500183105469,172.70500183105469,172.70500183105469,0
2017-12-06,172.70500183105469,172.70500183105469,172.70500183105469,172.70500183105469,0
2017-12-07,174.30000305175781,174.30000305175781,174.24000549316406,174.24000549316406,14
2017-12-08,174.66000366210938,174.99000549316406,174.19000244140625,174.38999938964844,4250
2017-12-11,173.82000732421875,173.85000610351562,172.58999633789062,173.125,4714
2017-12-12,173.28999328613281,174.47000122070312,173.28999328613281,174.22000122070312,25203
2017-12-13,172.94000244140625,172.94000244140625,170.46000671386719,170.46000671386719,22
2017-12-14,171.44000244140625,171.44000244140625,168.46000671386719,168.46000671386719,4173
2017-12-15,168.46000671386719,168.46000671386719,168.46000671386719,168.46000671386719,0
2017-12-18,169.64999389648438,170.78999328613281,169.64999389648438,170.78999328613281,9
2017-12-19,169.80000305175781,169.80000305175781,169.08999633789062,169.08999633789062,14
2017-12-20,169.08999633789062,169.08999633789062,169.08999633789062,169.08999633789062,0
2017-12-21,167.1300048828125,167.69999694824219,166.94999694824219,167.52999877929688,1559
2017-12-22,167.74000549316406,167.77999877929688,167.74000549316406,167.77999877929688,24
2017-12-27,167.02999877929688,167.6199951171875,167.02999877929688,167.6199951171875,31
2017-12-28,167.6199951171875,167.6199951171875,167.6199951171875,167.6199951171875,0
2017-12-29,167.6199951171875,167.6199951171875,167.6199951171875,167.6199951171875,0
2018-01-02,167.6199951171875,167.6199951171875,167.6199951171875,167.6199951171875,0
2018-01-03,167.6199951171875,167.6199951171875,167.6199951171875,167.6199951171875,0
2018-01-04,167.6199951171875,167.6199951171875,167.6199951171875,167.6199951171875,0
2018-01-05,168.60000610351562,170.46000671386719,168.60000610351562,170.46000671386719,277
2018-01-08,170.46000671386719,170.46000671386719,170.46000671386719,170.46000671386719,0
2018-01-09,170.46000671386719,170.46000671386719,170.46000671386719,170.46000671386719,0
2018-01-10,170.46000671386719,170.46000671386719,170.46000671386719,170.46000671386719,0
2018-01-11,170.46000671386719,170.46000671386719,170.46000671386719,170.46000671386719,0
2018-01-12,170.46000671386719,170.46000671386719,170.46000671386719,170.46000671386719,0
2018-01-15,170.46000671386719,170.46000671386719,170.46000671386719,170.46000671386719,0
2018-01-16,169.27999877929688,169.27999877929688,168.82000732421875,168.82000732421875,78
2018-01-17,169.02000427246094,169.08000183105469,169.02000427246094,169.08000183105469,2
2018-01-18,169.08000183105469,169.08000183105469,169.08000183105469,169.08000183105469,0
2018-01-19,167.8800048828125,167.8800048828125,167.80000305175781,167.80000305175781,51
2018-01-22,167.80000305175781,167.80000305175781,167.80000305175781,167.80000305175781,0
2018-01-23,167.80000305175781,167.80000305175781,167.80000305175781,167.80000305175781,0
2018-01-24,167.16000366210938,167.16000366210938,166.1199951171875,166.1199951171875,69
2018-01-25,164.72000122070312,164.72000122070312,164.3800048828125,164.69999694824219,1005
2018-01-26,164.69999694824219,164.69999694824219,164.69999694824219,164.69999694824219,0
2018-01-29,164.69999694824219,164.69999694824219,164.69999694824219,164.69999694824219,0
2018-01-30,164.69999694824219,164.69999694824219,164.69999694824219,164.69999694824219,0
2018-01-31,162.58000183105469,162.89999389648438,162.58000183105469,162.89999389648438,182
2018-02-01,162.89999389648438,162.89999389648438,162.89999389648438,162.89999389648438,0
2018-02-02,160.32000732421875,160.32000732421875,159.22000122070312,159.22000122070312,130
2018-02-05,159.96000671386719,159.96000671386719,156.82000732421875,156.82000732421875,8
2018-02-06,152.22000122070312,152.94000244140625,152.17999267578125,152.46000671386719,295
2018-02-07,152.46000671386719,152.46000671386719,152.46000671386719,152.46000671386719,0
2018-02-08,153.32000732421875,153.32000732421875,153.32000732421875,153.32000732421875,17
2018-02-09,153.32000732421875,153.32000732421875,153.32000732421875,153.32000732421875,0
2018-02-12,153.32000732421875,153.32000732421875,153.32000732421875,153.32000732421875,0
2018-02-13,153.32000732421875,153.32000732421875,153.32000732421875,153.32000732421875,0
2018-02-14,153.32000732421875,153.32000732421875,153.32000732421875,153.32000732421875,0
2018-02-15,153.32000732421875,153.32000732421875,153.32000732421875,153.32000732421875,0
2018-02-16,153.74000549316406,153.77999877929688,153.74000549316406,153.77999877929688,33
2018-02-19,153.77999877929688,153.77999877929688,153.77999877929688,153.77999877929688,0
2018-02-20,153.36000061035156,153.77999877929688,153.17999267578125,153.77999877929688,83
2018-02-21,153.77999877929688,153.77999877929688,153.77999877929688,153.77999877929688,0
2018-02-22,153.77999877929688,153.77999877929688,153.77999877929688,153.77999877929688,0
2018-02-23,153.77999877929688,153.77999877929688,153.77999877929688,153.77999877929688,0
2018-02-26,153.77999877929688,153.77999877929688,153.77999877929688,153.77999877929688,0
2018-02-27,157.58000183105469,157.60000610351562,157.58000183105469,157.60000610351562,250
2018-02-28,157.60000610351562,157.60000610351562,157.60000610351562,157.60000610351562,0
2018-03-01,155.02000427246094,155.02000427246094,154.77999877929688,154.77999877929688,17
2018-03-02,154.77999877929688,154.77999877929688,154.77999877929688,154.77999877929688,0
2018-03-05,154.77999877929688,154.77999877929688,154.77999877929688,154.77999877929688,0
2018-03-06,154.6199951171875,154.66000366210938,154.6199951171875,154.66000366210938,116
2018-03-07,154.66000366210938,154.66000366210938,154.66000366210938,154.66000366210938,0
2018-03-08,154.66000366210938,154.66000366210938,154.66000366210938,154.66000366210938,0
2018-03-09,154.66000366210938,154.66000366210938,154.66000366210938,154.66000366210938,0
2018-03-12,161.33999633789062,161.33999633789062,160.41999816894531,160.41999816894531,138
2018-03-13,160.41999816894531,160.41999816894531,160.41999816894531,160.41999816894531,0
2018-03-14,160.41999816894531,160.41999816894531,160.41999816894531,160.41999816894531,0
2018-03-15,160.41999816894531,160.41999816894531,160.41999816894531,160.41999816894531,0
2018-03-16,160.41999816894531,160.41999816894531,160.41999816894531,160.41999816894531,0
2018-03-19,159.32000732421875,159.32000732421875,159.24000549316406,159.24000549316406,46
2018-03-20,158.89999389648438,158.89999389648438,158.1199951171875,158.72000122070312,268
2018-03-21,158.72000122070312,158.72000122070312,158.72000122070312,158.72000122070312,0
2018-03-22,158.19999694824219,158.19999694824219,157.83999633789062,157.83999633789062,55
2018-03-23,157.83999633789062,157.83999633789062,157.83999633789062,157.83999633789062,0
2018-03-26,157.83999633789062,157.83999633789062,157.83999633789062,157.83999633789062,0
2018-03-27,158.58000183105469,158.67999267578125,158.58000183105469,158.67999267578125,101
2018-03-28,158.67999267578125,158.67999267578125,158.67999267578125,158.67999267578125,0
2018-03-29,163.44000244140625,163.44000244140625,163.36000061035156,163.36000061035156,27
2018-04-03,163.36000061035156,163.36000061035156,163.36000061035156,163.36000061035156,0
2018-04-04,163.36000061035156,163.36000061035156,163.36000061035156,163.36000061035156,0
2018-04-05,163.36000061035156,163.36000061035156,163.36000061035156,163.36000061035156,0
2018-04-06,163.36000061035156,163.36000061035156,163.36000061035156,163.36000061035156,0
2018-04-09,163.36000061035156,163.36000061035156,163.36000061035156,163.36000061035156,0
2018-04-10,163.36000061035156,163.36000061035156,163.36000061035156,163.36000061035156,0
2018-04-11,164.58000183105469,164.75999450683594,164.55999755859375,164.75999450683594,171
2018-04-12,164.75999450683594,164.75999450683594,164.75999450683594,164.75999450683594,0
2018-04-13,164.75999450683594,164.75999450683594,164.75999450683594,164.75999450683594,0
2018-04-16,166.47999572753906,166.47999572753906,166.17999267578125,166.17999267578125,18
2018-04-17,166.17999267578125,166.17999267578125,166.17999267578125,166.17999267578125,0
2018-04-18,168,168.30000305175781,168,168.30000305175781,23
2018-04-19,167.82000732421875,167.96000671386719,167.82000732421875,167.96000671386719,19
2018-04-20,167.8800048828125,167.8800048828125,167.36000061035156,167.5,168
2018-04-23,165.96000671386719,166.74000549316406,165.96000671386719,166.74000549316406,145
2018-04-24,166.74000549316406,166.74000549316406,166.74000549316406,166.74000549316406,0
2018-04-25,167.63999938964844,167.66000366210938,167.58000183105469,167.58000183105469,100
2018-04-26,168.5,170.74000549316406,168.5,170.74000549316406,328
2018-04-27,170.74000549316406,170.74000549316406,170.74000549316406,170.74000549316406,0
2018-04-30,170.74000549316406,170.74000549316406,170.74000549316406,170.74000549316406,0
2018-05-02,170.74000549316406,170.74000549316406,170.74000549316406,170.74000549316406,0
2018-05-03,170.74000549316406,170.74000549316406,170.74000549316406,170.74000549316406,0
2018-05-04,174.44000244140625,174.77999877929688,174.44000244140625,174.77999877929688,30
2018-05-07,174.77999877929688,174.77999877929688,174.77999877929688,174.77999877929688,0
2018-05-08,174.77999877929688,174.77999877929688,174.77999877929688,174.77999877929688,0
2018-05-09,173.44000244140625,174.17999267578125,173.44000244140625,174.17999267578125,35
2018-05-10,173.44000244140625,173.52000427246094,173.44000244140625,173.52000427246094,160
2018-05-11,173.22000122070312,173.39999389648438,172.94000244140625,173.39999389648438,769
2018-05-14,173.39999389648438,173.39999389648438,173.39999389648438,173.39999389648438,0
2018-05-15,173.39999389648438,173.39999389648438,173.39999389648438,173.39999389648438,0
2018-05-16,173.39999389648438,173.39999389648438,173.39999389648438,173.39999389648438,0
2018-05-17,173.39999389648438,173.39999389648438,173.39999389648438,173.39999389648438,0
2018-05-18,174.41999816894531,175.27999877929688,174.41999816894531,175.27999877929688,32
2018-05-21,175.27999877929688,175.27999877929688,175.27999877929688,175.27999877929688,0
2018-05-22,175.27999877929688,175.27999877929688,175.27999877929688,175.27999877929688,0
2018-05-23,175.27999877929688,175.27999877929688,175.27999877929688,175.27999877929688,0
2018-05-24,175.27999877929688,175.27999877929688,175.27999877929688,175.27999877929688,0
2018-05-25,175.27999877929688,175.27999877929688,175.27999877929688,175.27999877929688,0
2018-05-28,171.6199951171875,171.6199951171875,171,171,22
2018-05-29,171,171,171,171,0
2018-05-30,168.19999694824219,169.83999633789062,168.19999694824219,169.83999633789062,18
2018-05-31,169.83999633789062,169.83999633789062,169.83999633789062,169.83999633789062,0
2018-06-01,169.83999633789062,169.83999633789062,169.83999633789062,169.83999633789062,0
2018-06-04,169.83999633789062,169.83999633789062,169.83999633789062,169.83999633789062,0
2018-06-05,169.80000305175781,169.80000305175781,168.89999389648438,168.89999389648438,470
2018-06-06,168.44000244140625,168.44000244140625,168.19999694824219,168.19999694824219,169
2018-06-07,168.19999694824219,168.19999694824219,168.19999694824219,168.19999694824219,0
2018-06-08,168.19999694824219,168.19999694824219,168.19999694824219,168.19999694824219,0
2018-06-11,168.19999694824219,168.19999694824219,168.19999694824219,168.19999694824219,0
2018-06-12,168.19999694824219,168.19999694824219,168.19999694824219,168.19999694824219,0
2018-06-13,168.19999694824219,168.19999694824219,168.19999694824219,168.19999694824219,0
2018-06-14,168.19999694824219,168.19999694824219,168.19999694824219,168.19999694824219,0
2018-06-15,168.19999694824219,168.19999694824219,168.19999694824219,168.19999694824219,0
2018-06-18,171.96000671386719,171.96000671386719,170.52000427246094,170.52000427246094,296
2018-06-19,168.80000305175781,170.64999389648438,168.80000305175781,170.64999389648438,44
2018-06-20,171.24000549316406,171.24000549316406,171.03999328613281,171.03999328613281,30
2018-06-21,171.03999328613281,171.03999328613281,171.03999328613281,171.03999328613281,0
2018-06-22,168.97999572753906,170.19999694824219,168.97999572753906,170.19999694824219,6438
2018-06-25,170.19999694824219,170.19999694824219,170.19999694824219,170.19999694824219,0
2018-06-26,170.19999694824219,170.19999694824219,170.19999694824219,170.19999694824219,0
2018-06-27,169.10000610351562,171.22000122070312,169.10000610351562,171.22000122070312,26
2018-06-28,171.44000244140625,171.44000244140625,171.10000610351562,171.10000610351562,3
2018-06-29,171.10000610351562,171.10000610351562,171.10000610351562,171.10000610351562,0
2018-07-02,171.10000610351562,171.10000610351562,171.10000610351562,171.10000610351562,0
2018-07-03,171.10000610351562,171.10000610351562,171.10000610351562,171.10000610351562,0
2018-07-04,171.10000610351562,171.10000610351562,171.10000610351562,171.10000610351562,0
2018-07-05,171.10000610351562,171.10000610351562,171.10000610351562,171.10000610351562,0
2018-07-06,171.10000610351562,171.10000610351562,171.10000610351562,171.10000610351562,0
2018-07-09,178.6199951171875,178.6199951171875,177.53999328613281,177.53999328613281,19
2018-07-10,176.25999450683594,177.02000427246094,176.25999450683594,176.55999755859375,46
2018-07-11,176.55999755859375,176.55999755859375,176.55999755859375,176.55999755859375,0
2018-07-12,175.75999450683594,176.91999816894531,175.75999450683594,176.91999816894531,16
2018-07-13,177.32000732421875,177.32000732421875,176.55000305175781,176.55000305175781,55
2018-07-16,175.44000244140625,175.52000427246094,175.44000244140625,175.52000427246094,15
2018-07-17,175.52000427246094,175.52000427246094,175.52000427246094,175.52000427246094,0
2018-07-18,175.52000427246094,175.52000427246094,175.52000427246094,175.52000427246094,0
2018-07-19,174.22000122070312,174.74000549316406,174.22000122070312,174.74000549316406,197
2018-07-20,174.33999633789062,175.05999755859375,174.33999633789062,175.05999755859375,33
2018-07-23,175.05999755859375,175.05999755859375,175.05999755859375,175.05999755859375,0
2018-07-24,175.05999755859375,175.05999755859375,175.05999755859375,175.05999755859375,0
2018-07-25,175.05999755859375,175.05999755859375,175.05999755859375,175.05999755859375,0
2018-07-26,175.05999755859375,175.05999755859375,175.05999755859375,175.05999755859375,0
2018-07-27,175.05999755859375,175.05999755859375,175.05999755859375,175.05999755859375,0
2018-07-30,173.39999389648438,173.39999389648438,173.36000061035156,173.36000061035156,1236
2018-07-31,173.36000061035156,173.36000061035156,173.36000061035156,173.36000061035156,0
2018-08-01,173.36000061035156,173.36000061035156,173.36000061035156,173.36000061035156,0
2018-08-02,173.36000061035156,173.36000061035156,173.36000061035156,173.36000061035156,0
2018-08-03,173.36000061035156,173.36000061035156,173.36000061035156,173.36000061035156,0
2018-08-06,173.36000061035156,173.36000061035156,173.36000061035156,173.36000061035156,0
2018-08-07,173.36000061035156,173.36000061035156,173.36000061035156,173.36000061035156,0
2018-08-08,171.96000671386719,172.17999267578125,171.96000671386719,172.17999267578125,58
2018-08-09,171.60000610351562,172.3800048828125,171.60000610351562,172.32000732421875,2471
2018-08-10,171.63999938964844,171.67999267578125,171.08000183105469,171.08000183105469,39
2018-08-13,171.08000183105469,171.08000183105469,171.08000183105469,171.08000183105469,0
2018-08-14,171.96000671386719,171.96000671386719,171.8800048828125,171.8800048828125,58
2018-08-15,171.8800048828125,171.8800048828125,171.8800048828125,171.8800048828125,0
2018-08-16,170.32000732421875,171.05999755859375,170.32000732421875,171.05999755859375,293
2018-08-17,169.96000671386719,171.17999267578125,169.96000671386719,171.17999267578125,79
2018-08-20,171.17999267578125,171.17999267578125,171.17999267578125,171.17999267578125,0
2018-08-21,170.83999633789062,171.72000122070312,170.83999633789062,171.72000122070312,34
2018-08-22,171.72000122070312,171.72000122070312,171.72000122070312,171.72000122070312,0
2018-08-23,171.72000122070312,171.72000122070312,171.72000122070312,171.72000122070312,0
2018-08-24,171.72000122070312,171.72000122070312,171.72000122070312,171.72000122070312,0
2018-08-27,170.03999328613281,170.25999450683594,170.03999328613281,170.08000183105469,1000
2018-08-28,170.08000183105469,170.08000183105469,170.08000183105469,170.08000183105469,0
2018-08-29,170.08000183105469,170.08000183105469,170.08000183105469,170.08000183105469,0
2018-08-30,170.08000183105469,170.08000183105469,170.08000183105469,170.08000183105469,0
2018-08-31,170.08000183105469,170.08000183105469,170.08000183105469,170.08000183105469,0
2018-09-03,170.08000183105469,170.08000183105469,170.08000183105469,170.08000183105469,0
2018-09-04,170.08000183105469,170.08000183105469,170.08000183105469,170.08000183105469,0
2018-09-05,170.08000183105469,170.08000183105469,170.08000183105469,170.08000183105469,0
2018-09-06,170.08000183105469,170.08000183105469,170.08000183105469,170.08000183105469,0
2018-09-07,167.6199951171875,168.46000671386719,167.6199951171875,168.46000671386719,62
2018-09-10,168.46000671386719,168.46000671386719,168.46000671386719,168.46000671386719,0
2018-09-11,168.46000671386719,168.46000671386719,168.46000671386719,168.46000671386719,0
2018-09-12,169.17999267578125,169.17999267578125,168.63999938964844,168.63999938964844,133
2018-09-13,168.63999938964844,168.63999938964844,168.63999938964844,168.63999938964844,0
2018-09-14,168.63999938964844,168.63999938964844,168.63999938964844,168.63999938964844,0
2018-09-17,166.77999877929688,168.19999694824219,166.77999877929688,168.19999694824219,141
2018-09-18,168.19999694824219,168.6199951171875,168.19999694824219,168.6199951171875,33
2018-09-19,168.6199951171875,168.6199951171875,168.6199951171875,168.6199951171875,0
2018-09-20,168.6199951171875,168.6199951171875,168.6199951171875,168.6199951171875,0
2018-09-21,168.6199951171875,168.6199951171875,168.6199951171875,168.6199951171875,0
2018-09-24,168.6199951171875,168.6199951171875,168.6199951171875,168.6199951171875,0
2018-09-25,167.10000610351562,167.47999572753906,166.83999633789062,166.83999633789062,454
2018-09-26,166.83999633789062,166.83999633789062,166.83999633789062,166.83999633789062,0
2018-09-27,166.83999633789062,166.83999633789062,166.83999633789062,166.83999633789062,0
2018-09-28,166.83999633789062,166.83999633789062,166.83999633789062,166.83999633789062,0
2018-10-01,166.83999633789062,166.83999633789062,166.83999633789062,166.83999633789062,0
2018-10-02,168.58000183105469,168.58000183105469,168.36000061035156,168.36000061035156,21
2018-10-04,168.36000061035156,168.36000061035156,168.36000061035156,168.36000061035156,0
2018-10-05,168.36000061035156,168.36000061035156,168.36000061035156,168.36000061035156,0
2018-10-08,168.36000061035156,168.36000061035156,168.36000061035156,168.36000061035156,0
2018-10-09,166.25999450683594,167.25999450683594,166.25999450683594,167.25999450683594,250
2018-10-10,167.25999450683594,167.25999450683594,167.25999450683594,167.25999450683594,0
2018-10-11,167.25999450683594,167.25999450683594,167.25999450683594,167.25999450683594,0
2018-10-12,167.25999450683594,167.25999450683594,167.25999450683594,167.25999450683594,0
2018-10-15,160.82000732421875,161.67999267578125,160.82000732421875,161.67999267578125,700
2018-10-16,164.39999389648438,164.72000122070312,164.39999389648438,164.72000122070312,18
2018-10-17,164,164.22000122070312,164,164.22000122070312,486
2018-10-18,164.91999816894531,164.91999816894531,164.30000305175781,164.30000305175781,280
2018-10-19,164.30000305175781,164.30000305175781,164.30000305175781,164.30000305175781,0
2018-10-22,164.30000305175781,164.30000305175781,164.30000305175781,164.30000305175781,0
2018-10-23,164.30000305175781,164.30000305175781,164.30000305175781,164.30000305175781,0
2018-10-24,164.30000305175781,164.30000305175781,164.30000305175781,164.30000305175781,0
2018-10-25,165.75999450683594,165.75999450683594,165.39999389648438,165.75999450683594,37
2018-10-26,163.67999267578125,164.3800048828125,163.13999938964844,164.3800048828125,74
2018-10-29,164.3800048828125,164.3800048828125,164.3800048828125,164.3800048828125,0
2018-10-30,164.3800048828125,164.3800048828125,164.3800048828125,164.3800048828125,0
2018-10-31,164.3800048828125,164.3800048828125,164.3800048828125,164.3800048828125,0
2018-11-01,164.3800048828125,164.3800048828125,164.3800048828125,164.3800048828125,0
2018-11-02,166.17999267578125,166.17999267578125,166.1199951171875,166.1199951171875,28
2018-11-05,166.1199951171875,166.1199951171875,166.1199951171875,166.1199951171875,0
2018-11-06,166.1199951171875,166.1199951171875,166.1199951171875,166.1199951171875,0
2018-11-07,171.80000305175781,171.97999572753906,171.80000305175781,171.97999572753906,29
2018-11-08,171.97999572753906,171.97999572753906,171.97999572753906,171.97999572753906,0
2018-11-09,171.97999572753906,171.97999572753906,171.97999572753906,171.97999572753906,0
2018-11-12,171.97999572753906,171.97999572753906,171.97999572753906,171.97999572753906,0
2018-11-13,171.97999572753906,171.97999572753906,171.97999572753906,171.97999572753906,0
2018-11-14,171.97999572753906,171.97999572753906,171.97999572753906,171.97999572753906,0
2018-11-15,171.97999572753906,171.97999572753906,171.97999572753906,171.97999572753906,0
2018-11-16,171.97999572753906,171.97999572753906,171.97999572753906,171.97999572753906,0
2018-11-19,171.97999572753906,171.97999572753906,171.97999572753906,171.97999572753906,0
2018-11-20,171.97999572753906,171.97999572753906,171.97999572753906,171.97999572753906,0
2018-11-21,172.08000183105469,172.08000183105469,171.72000122070312,171.72000122070312,59
2018-11-22,171.72000122070312,171.72000122070312,171.72000122070312,171.72000122070312,0
2018-11-23,169.80000305175781,169.86000061035156,169.80000305175781,169.86000061035156,43
2018-11-26,169.86000061035156,169.86000061035156,169.86000061035156,169.86000061035156,0
2018-11-27,169.86000061035156,169.86000061035156,169.86000061035156,169.86000061035156,0
2018-11-28,169.86000061035156,169.86000061035156,169.86000061035156,169.86000061035156,0
2018-11-29,170.32000732421875,170.46000671386719,170.32000732421875,170.46000671386719,110
2018-11-30,170.46000671386719,170.46000671386719,170.46000671386719,170.46000671386719,0
2018-12-03,170.46000671386719,170.46000671386719,170.46000671386719,170.46000671386719,0
2018-12-04,172.02000427246094,172.02000427246094,170.39999389648438,171.03999328613281,1
2018-12-05,171.03999328613281,171.03999328613281,171.03999328613281,171.03999328613281,0
2018-12-06,170.66000366210938,170.66000366210938,168.58000183105469,168.58000183105469,201
2018-12-07,168.58000183105469,168.58000183105469,168.58000183105469,168.58000183105469,0
2018-12-10,169.32000732421875,169.32000732421875,166.63999938964844,166.63999938964844,25
2018-12-11,167.22000122070312,169.72000122070312,167.22000122070312,169.55999755859375,16
2018-12-12,169.55999755859375,169.55999755859375,169.55999755859375,169.55999755859375,0
2018-12-13,169.55999755859375,169.55999755859375,169.55999755859375,169.55999755859375,0
2018-12-14,169.55999755859375,169.55999755859375,169.55999755859375,169.55999755859375,0
2018-12-17,174.53999328613281,176.60000610351562,174.53999328613281,174.6199951171875,23087
2018-12-18,173.86000061035156,173.86000061035156,170.46000671386719,170.46000671386719,39
2018-12-19,170.46000671386719,170.46000671386719,170.46000671386719,170.46000671386719,0
2018-12-20,170.46000671386719,170.46000671386719,170.46000671386719,170.46000671386719,0
2018-12-21,172.10000610351562,172.17999267578125,170.3800048828125,172.17999267578125,5164
2018-12-27,170.10000610351562,170.10000610351562,165.53999328613281,166.16000366210938,841
2018-12-28,166.74000549316406,168.6199951171875,166.74000549316406,168.6199951171875,12
2019-01-02,168.6199951171875,168.6199951171875,168.6199951171875,168.6199951171875,0
2019-01-03,168.6199951171875,168.6199951171875,168.6199951171875,168.6199951171875,0
2019-01-04,168.6199951171875,168.6199951171875,168.6199951171875,168.6199951171875,0
2019-01-07,168.6199951171875,168.6199951171875,168.6199951171875,168.6199951171875,0
2019-01-08,168.6199951171875,168.6199951171875,168.6199951171875,168.6199951171875,0
2019-01-09,174.17999267578125,174.17999267578125,173.17999267578125,173.17999267578125,2727
2019-01-10,173.17999267578125,173.17999267578125,173.17999267578125,173.17999267578125,0
2019-01-11,173.17999267578125,173.17999267578125,173.17999267578125,173.17999267578125,0
2019-01-14,173.17999267578125,173.17999267578125,173.17999267578125,173.17999267578125,0
2019-01-15,175.77999877929688,176.1199951171875,174.41999816894531,176.1199951171875,4633
2019-01-16,175.69999694824219,176.1199951171875,175.69999694824219,176.1199951171875,229
2019-01-17,176.1199951171875,176.1199951171875,176.1199951171875,176.1199951171875,0
2019-01-18,176.1199951171875,176.1199951171875,176.1199951171875,176.1199951171875,0
2019-01-21,178.89999389648438,178.89999389648438,177.44000244140625,177.82000732421875,6
2019-01-22,177.82000732421875,177.82000732421875,177.82000732421875,177.82000732421875,0
2019-01-23,177.82000732421875,177.82000732421875,177.82000732421875,177.82000732421875,0
2019-01-24,179.36000061035156,181.13999938964844,179.36000061035156,181.13999938964844,2
2019-01-25,181.13999938964844,181.13999938964844,181.13999938964844,181.13999938964844,0
2019-01-28,181.13999938964844,181.13999938964844,181.13999938964844,181.13999938964844,0
2019-01-29,181.13999938964844,181.13999938964844,181.13999938964844,181.13999938964844,0
2019-01-30,181.97999572753906,183.44000244140625,181.96000671386719,182.72000122070312,18
2019-01-31,183.44000244140625,184.05999755859375,183.44000244140625,184.05999755859375,32
2019-02-01,184.58000183105469,184.58000183105469,182.82000732421875,183.75999450683594,19
2019-02-04,183.75999450683594,183.75999450683594,183.75999450683594,183.75999450683594,0
2019-02-05,183.75999450683594,183.75999450683594,183.75999450683594,183.75999450683594,0
2019-02-06,183.75999450683594,183.75999450683594,183.75999450683594,183.75999450683594,0
2019-02-07,183.75999450683594,183.75999450683594,183.75999450683594,183.75999450683594,0
2019-02-08,183.8800048828125,183.8800048828125,182.91999816894531,182.91999816894531,14
2019-02-11,182.91999816894531,182.91999816894531,182.91999816894531,182.91999816894531,0
2019-02-12,182.91999816894531,182.91999816894531,182.91999816894531,182.91999816894531,0
2019-02-13,184.36000061035156,184.36000061035156,183.58000183105469,184.19999694824219,61
2019-02-14,184.19999694824219,184.19999694824219,184.19999694824219,184.19999694824219,0
2019-02-15,184.19999694824219,184.19999694824219,184.19999694824219,184.19999694824219,0
2019-02-18,184.19999694824219,184.19999694824219,184.19999694824219,184.19999694824219,0
2019-02-19,184.32000732421875,185.24000549316406,184.32000732421875,185.24000549316406,242
2019-02-20,185.24000549316406,185.24000549316406,185.24000549316406,185.24000549316406,0
2019-02-21,185.24000549316406,185.24000549316406,185.24000549316406,185.24000549316406,0
2019-02-22,184.13999938964844,185.3800048828125,184.13999938964844,185.3800048828125,515
2019-02-25,185.3800048828125,185.3800048828125,185.3800048828125,185.3800048828125,0
2019-02-26,185.3800048828125,185.3800048828125,185.3800048828125,185.3800048828125,0
2019-02-27,185.3800048828125,185.3800048828125,185.3800048828125,185.3800048828125,0
2019-02-28,185.3800048828125,185.3800048828125,185.3800048828125,185.3800048828125,0
2019-03-01,185.3800048828125,185.3800048828125,185.3800048828125,185.3800048828125,0
2019-03-04,185.3800048828125,185.3800048828125,185.3800048828125,185.3800048828125,0
2019-03-05,185.3800048828125,185.3800048828125,185.3800048828125,185.3800048828125,0
2019-03-06,185.3800048828125,185.3800048828125,185.3800048828125,185.3800048828125,0
2019-03-07,184.97999572753906,188.08000183105469,184.97999572753906,188.08000183105469,14
2019-03-08,187.60000610351562,188.22000122070312,187.32000732421875,187.32000732421875,7
2019-03-11,187.32000732421875,187.32000732421875,187.32000732421875,187.32000732421875,0
2019-03-12,188.13999938964844,188.69999694824219,188.08000183105469,188.69999694824219,17
2019-03-13,188.86000061035156,188.86000061035156,187.6199951171875,187.89999389648438,1253
2019-03-14,188.22000122070312,188.96000671386719,187.86000061035156,188.82000732421875,2197
2019-03-15,188.82000732421875,188.82000732421875,188.82000732421875,188.82000732421875,0
2019-03-18,189.16000366210938,190.32000732421875,189.13999938964844,190.32000732421875,64
2019-03-19,190.32000732421875,190.32000732421875,190.32000732421875,190.32000732421875,0
2019-03-20,190.36000061035156,190.80000305175781,190.27999877929688,190.30000305175781,2024
2019-03-21,190.30000305175781,190.30000305175781,190.30000305175781,190.30000305175781,0
2019-03-22,190.30000305175781,190.30000305175781,190.30000305175781,190.30000305175781,0
2019-03-25,190.30000305175781,190.30000305175781,190.30000305175781,190.30000305175781,0
2019-03-26,190.30000305175781,190.30000305175781,190.30000305175781,190.30000305175781,0
2019-03-27,190.30000305175781,190.30000305175781,190.30000305175781,190.30000305175781,0
2019-03-28,190.30000305175781,190.30000305175781,190.30000305175781,190.30000305175781,0
2019-03-29,190.22000122070312,190.22000122070312,189.19999694824219,189.19999694824219,1000
2019-04-01,189.19999694824219,189.19999694824219,189.19999694824219,189.19999694824219,0
2019-04-02,188.83999633789062,189.27999877929688,188.74000549316406,189.17999267578125,370
2019-04-03,189.17999267578125,189.17999267578125,189.17999267578125,189.17999267578125,0
2019-04-04,191.08000183105469,191.08000183105469,190.08000183105469,190.08000183105469,1181
2019-04-05,190.02000427246094,190.02000427246094,188.75999450683594,189.58000183105469,1407
2019-04-08,189.75999450683594,190.10000610351562,188.77999877929688,188.77999877929688,858
2019-04-09,188.77999877929688,188.77999877929688,188.77999877929688,188.77999877929688,0
2019-04-10,188.77999877929688,188.77999877929688,188.77999877929688,188.77999877929688,0
2019-04-11,188.77999877929688,188.77999877929688,188.77999877929688,188.77999877929688,0
2019-04-12,188.77999877929688,188.77999877929688,188.77999877929688,188.77999877929688,0
2019-04-15,188.77999877929688,188.77999877929688,188.77999877929688,188.77999877929688,0
2019-04-16,188.77999877929688,188.77999877929688,188.77999877929688,188.77999877929688,0
2019-04-17,188.77999877929688,188.77999877929688,188.77999877929688,188.77999877929688,0
2019-04-18,188.77999877929688,188.77999877929688,188.77999877929688,188.77999877929688,0
2019-04-23,188.77999877929688,188.77999877929688,188.77999877929688,188.77999877929688,0
2019-04-24,188.77999877929688,188.77999877929688,188.77999877929688,188.77999877929688,0
2019-04-25,186.27999877929688,186.82000732421875,186.27999877929688,186.69999694824219,8011
2019-04-26,187.5,187.74000549316406,187.05999755859375,187.44000244140625,44
2019-04-29,187.44000244140625,187.44000244140625,187.44000244140625,187.44000244140625,0
2019-04-30,187.44000244140625,187.44000244140625,187.44000244140625,187.44000244140625,0
2019-05-02,187.44000244140625,187.44000244140625,187.44000244140625,187.44000244140625,0
2019-05-03,187.44000244140625,187.44000244140625,187.44000244140625,187.44000244140625,0
2019-05-06,185.19999694824219,186.1199951171875,184.94000244140625,186.1199951171875,4
2019-05-07,186.3800048828125,187.63999938964844,186.3800048828125,187.53999328613281,10
2019-05-08,187.5,187.5,185.24000549316406,185.24000549316406,1750
2019-05-09,185.6199951171875,185.6199951171875,184.25999450683594,184.25999450683594,110
2019-05-10,184.25999450683594,184.25999450683594,184.25999450683594,184.25999450683594,0
2019-05-13,184.25999450683594,184.25999450683594,184.25999450683594,184.25999450683594,0
2019-05-14,184.25999450683594,184.25999450683594,184.25999450683594,184.25999450683594,0
2019-05-15,184.25999450683594,184.25999450683594,184.25999450683594,184.25999450683594,0
2019-05-16,184.25999450683594,184.25999450683594,184.25999450683594,184.25999450683594,0
2019-05-17,184.25999450683594,184.25999450683594,184.25999450683594,184.25999450683594,0
2019-05-20,184.25999450683594,184.25999450683594,184.25999450683594,184.25999450683594,0
2019-05-21,184.25999450683594,184.25999450683594,184.25999450683594,184.25999450683594,0
2019-05-22,184.25999450683594,184.25999450683594,184.25999450683594,184.25999450683594,0
2019-05-23,184.25999450683594,184.25999450683594,184.25999450683594,184.25999450683594,0
2019-05-24,184.25999450683594,184.25999450683594,184.25999450683594,184.25999450683594,0
2019-05-27,184.25999450683594,184.25999450683594,184.25999450683594,184.25999450683594,0
2019-05-28,184.25999450683594,184.25999450683594,184.25999450683594,184.25999450683594,0
2019-05-29,184.25999450683594,184.25999450683594,184.25999450683594,184.25999450683594,0
2019-05-30,184.25999450683594,184.25999450683594,184.25999450683594,184.25999450683594,0
2019-05-31,184.25999450683594,184.25999450683594,184.25999450683594,184.25999450683594,0
2019-06-03,184.25999450683594,184.25999450683594,184.25999450683594,184.25999450683594,0
2019-06-04,184.25999450683594,184.25999450683594,184.25999450683594,184.25999450683594,0
2019-06-05,184.25999450683594,184.25999450683594,184.25999450683594,184.25999450683594,0
2019-06-06,184.25999450683594,184.25999450683594,184.25999450683594,184.25999450683594,0
2019-06-07,184.25999450683594,184.25999450683594,184.25999450683594,184.25999450683594,0
2019-06-11,184.25999450683594,184.25999450683594,184.25999450683594,184.25999450683594,0
2019-06-12,184.25999450683594,184.25999450683594,184.25999450683594,184.25999450683594,0
2019-06-13,184.25999450683594,184.25999450683594,184.25999450683594,184.25999450683594,0
2019-06-14,184.25999450683594,184.25999450683594,184.25999450683594,184.25999450683594,0
2019-06-17,184.25999450683594,184.25999450683594,184.25999450683594,184.25999450683594,0
2019-06-18,184.25999450683594,184.25999450683594,184.25999450683594,184.25999450683594,0
2019-06-19,184.25999450683594,184.25999450683594,184.25999450683594,184.25999450683594,0
2019-06-20,197.25999450683594,197.25999450683594,195.6199951171875,195.63999938964844,122
2019-06-21,195.63999938964844,195.63999938964844,195.63999938964844,195.63999938964844,0
2019-06-24,195.63999938964844,195.63999938964844,195.63999938964844,195.63999938964844,0
2019-06-25,195.53999328613281,195.6199951171875,195.27999877929688,195.27999877929688,500
2019-06-26,194.22000122070312,194.22000122070312,193.10000610351562,193.10000610351562,18
2019-06-27,193.10000610351562,193.10000610351562,193.10000610351562,193.10000610351562,0
2019-06-28,193.10000610351562,193.10000610351562,193.10000610351562,193.10000610351562,0
2019-07-01,193.33999633789062,193.33999633789062,191.41999816894531,193.13999938964844,90
2019-07-02,193.13999938964844,193.13999938964844,193.13999938964844,193.13999938964844,0
2019-07-03,193.13999938964844,193.13999938964844,193.13999938964844,193.13999938964844,0
2019-07-04,193.13999938964844,193.13999938964844,193.13999938964844,193.13999938964844,0
2019-07-05,193.13999938964844,193.13999938964844,193.13999938964844,193.13999938964844,0
2019-07-08,193.13999938964844,193.13999938964844,193.13999938964844,193.13999938964844,0
2019-07-09,193.13999938964844,193.13999938964844,193.13999938964844,193.13999938964844,0
2019-07-10,194.69999694824219,195.91999816894531,194.63999938964844,195.77999877929688,69
2019-07-11,195.77999877929688,195.77999877929688,195.77999877929688,195.77999877929688,0
2019-07-12,195.77999877929688,195.77999877929688,195.77999877929688,195.77999877929688,0
2019-07-15,195.77999877929688,195.77999877929688,195.77999877929688,195.77999877929688,0
2019-07-16,195.77999877929688,195.77999877929688,195.77999877929688,195.77999877929688,0
2019-07-17,195.77999877929688,195.77999877929688,195.77999877929688,195.77999877929688,0
2019-07-18,195.77999877929688,195.77999877929688,195.77999877929688,195.77999877929688,0
2019-07-19,195.77999877929688,195.77999877929688,195.77999877929688,195.77999877929688,0
2019-07-22,195.77999877929688,195.77999877929688,195.77999877929688,195.77999877929688,0
2019-07-23,195.77999877929688,195.77999877929688,195.77999877929688,195.77999877929688,0
2019-07-24,195.77999877929688,195.77999877929688,195.77999877929688,195.77999877929688,0
2019-07-25,197.08000183105469,200.05000305175781,196.47999572753906,196.67999267578125,9857
2019-07-26,196.67999267578125,196.67999267578125,196.67999267578125,196.67999267578125,0
2019-07-29,196.67999267578125,196.67999267578125,196.67999267578125,196.67999267578125,0
2019-07-30,197.10000610351562,197.10000610351562,193.55999755859375,193.55999755859375,600
2019-07-31,191.77999877929688,193.96000671386719,191.77999877929688,193.96000671386719,2184
2019-08-01,193.96000671386719,193.96000671386719,193.96000671386719,193.96000671386719,0
2019-08-02,194.75999450683594,196,194.75999450683594,194.89999389648438,778
2019-08-05,194.89999389648438,194.89999389648438,194.89999389648438,194.89999389648438,0
2019-08-06,194.89999389648438,194.89999389648438,194.89999389648438,194.89999389648438,0
2019-08-07,192.22000122070312,193.36000061035156,191.96000671386719,192.55999755859375,800
2019-08-08,192.55999755859375,192.55999755859375,192.55999755859375,192.55999755859375,0
2019-08-09,192.55999755859375,192.55999755859375,192.55999755859375,192.55999755859375,0
2019-08-12,192.55999755859375,192.55999755859375,192.55999755859375,192.55999755859375,0
2019-08-13,192.55999755859375,192.55999755859375,192.55999755859375,192.55999755859375,0
2019-08-14,192.55999755859375,192.55999755859375,192.55999755859375,192.55999755859375,0
2019-08-15,191.58000183105469,193.27999877929688,191.32000732421875,192.52000427246094,1800
2019-08-16,193.3800048828125,195.91999816894531,193.25999450683594,195.74000549316406,654
2019-08-19,195.74000549316406,195.74000549316406,195.74000549316406,195.74000549316406,0
2019-08-20,195.74000549316406,195.74000549316406,195.74000549316406,195.74000549316406,0
2019-08-21,195.74000549316406,195.74000549316406,195.74000549316406,195.74000549316406,0
2019-08-22,195.74000549316406,195.74000549316406,195.74000549316406,195.74000549316406,0
2019-08-23,195.74000549316406,195.74000549316406,195.74000549316406,195.74000549316406,0
2019-08-26,195.74000549316406,195.74000549316406,195.74000549316406,195.74000549316406,0
2019-08-27,195.74000549316406,195.74000549316406,195.74000549316406,195.74000549316406,0
2019-08-28,195.74000549316406,195.74000549316406,195.74000549316406,195.74000549316406,0
2019-08-29,195.74000549316406,195.74000549316406,195.74000549316406,195.74000549316406,0
2019-08-30,199.02000427246094,200.39999389648438,199.02000427246094,199.82000732421875,3215
2019-09-02,200.44999694824219,202,200.44999694824219,200.94999694824219,3394
2019-09-03,200.94999694824219,200.94999694824219,200.94999694824219,200.94999694824219,0
2019-09-04,200.94999694824219,200.94999694824219,200.94999694824219,200.94999694824219,0
2019-09-05,200.94999694824219,200.94999694824219,200.94999694824219,200.94999694824219,0
2019-09-06,200.94999694824219,200.94999694824219,200.94999694824219,200.94999694824219,0
2019-09-09,200.94999694824219,200.94999694824219,200.94999694824219,200.94999694824219,0
2019-09-10,200.94999694824219,200.94999694824219,200.94999694824219,200.94999694824219,0
2019-09-11,200.94999694824219,200.94999694824219,200.94999694824219,200.94999694824219,0
2019-09-12,198.5,202.25,198.41999816894531,200.89999389648438,26642
2019-09-13,200.55000305175781,200.55000305175781,199.69999694824219,199.69999694824219,6057
2019-09-16,199.69999694824219,199.69999694824219,199.69999694824219,199.69999694824219,0
2019-09-17,199.69999694824219,199.69999694824219,199.69999694824219,199.69999694824219,0
2019-09-18,202.35000610351562,203.5,202.35000610351562,203.5,10
2019-09-19,203.55000305175781,204.39999389648438,203.10000610351562,204.30000305175781,150
2019-09-20,205.05000305175781,205.25,204.75,204.75,600
2019-09-23,204.75,204.75,204.75,204.75,0
2019-09-24,204.55000305175781,206.44999694824219,204.55000305175781,206.35000610351562,121
2019-09-25,206.44999694824219,206.44999694824219,204.14999389648438,204.44999694824219,3410
2019-09-26,204.44999694824219,204.44999694824219,204.44999694824219,204.44999694824219,0
2019-09-27,204.44999694824219,204.44999694824219,204.44999694824219,204.44999694824219,0
2019-09-30,204.44999694824219,204.44999694824219,204.44999694824219,204.44999694824219,0
2019-10-01,204.44999694824219,204.44999694824219,204.44999694824219,204.44999694824219,0
2019-10-02,204.44999694824219,204.44999694824219,204.44999694824219,204.44999694824219,0
2019-10-04,204.44999694824219,204.44999694824219,204.44999694824219,204.44999694824219,0
2019-10-07,204.94999694824219,206.30000305175781,204.94999694824219,206.30000305175781,704
2019-10-08,206.30000305175781,206.30000305175781,206.30000305175781,206.30000305175781,0
2019-10-09,206.30000305175781,206.30000305175781,206.30000305175781,206.30000305175781,0
2019-10-10,206.30000305175781,206.30000305175781,206.30000305175781,206.30000305175781,0
2019-10-11,206.30000305175781,206.30000305175781,206.30000305175781,206.30000305175781,0
2019-10-14,206.30000305175781,206.30000305175781,206.30000305175781,206.30000305175781,0
2019-10-15,206.30000305175781,206.30000305175781,206.30000305175781,206.30000305175781,0
2019-10-16,206.30000305175781,206.30000305175781,206.30000305175781,206.30000305175781,0
2019-10-17,208.19999694824219,209,206.64999389648438,206.64999389648438,2
2019-10-18,206.64999389648438,206.64999389648438,206.64999389648438,206.64999389648438,0
2019-10-21,206.64999389648438,206.64999389648438,206.64999389648438,206.64999389648438,0
2019-10-22,207.25,208.75,207.25,208.75,200
2019-10-23,208.75,208.75,208.75,208.75,0
2019-10-24,208.75,208.75,208.75,208.75,0
2019-10-25,208.75,208.75,208.75,208.75,0
2019-10-28,208.75,208.75,208.75,208.75,0
2019-10-29,208.75,208.75,208.75,208.75,0
2019-10-30,208.75,208.75,208.75,208.75,0
2019-10-31,208.75,208.75,208.75,208.75,0
2019-11-01,208.75,208.75,208.75,208.75,0
2019-11-04,208.75,208.75,208.75,208.75,0
2019-11-05,208.75,208.75,208.75,208.75,0
2019-11-06,208.75,208.75,208.75,208.75,0
2019-11-07,208.75,208.75,208.75,208.75,0
2019-11-08,208.75,208.75,208.75,208.75,0
2019-11-11,205.39999389648438,205.64999389648438,204.64999389648438,205.64999389648438,704
2019-11-12,205.64999389648438,205.64999389648438,205.64999389648438,205.64999389648438,0
2019-11-13,205.64999389648438,205.64999389648438,205.64999389648438,205.64999389648438,0
2019-11-14,205.64999389648438,205.64999389648438,205.64999389648438,205.64999389648438,0
2019-11-15,205.64999389648438,205.64999389648438,205.64999389648438,205.64999389648438,0
2019-11-18,205.64999389648438,205.64999389648438,205.64999389648438,205.64999389648438,0
2019-11-19,205.64999389648438,205.64999389648438,205.64999389648438,205.64999389648438,0
2019-11-20,205.64999389648438,205.64999389648438,205.64999389648438,205.64999389648438,0
2019-11-21,205.64999389648438,205.64999389648438,205.64999389648438,205.64999389648438,0
2019-11-22,205.64999389648438,205.64999389648438,205.64999389648438,205.64999389648438,0
2019-11-25,205.64999389648438,205.64999389648438,205.64999389648438,205.64999389648438,0
2019-11-26,207.80000305175781,208.60000610351562,207.80000305175781,208.60000610351562,97
2019-11-27,208.60000610351562,208.60000610351562,208.60000610351562,208.60000610351562,0
2019-11-28,208.60000610351562,208.60000610351562,208.60000610351562,208.60000610351562,0
2019-11-29,208.60000610351562,208.60000610351562,208.60000610351562,208.60000610351562,0
2019-12-02,208.60000610351562,208.60000610351562,208.60000610351562,208.60000610351562,0
2019-12-03,208.60000610351562,208.60000610351562,208.60000610351562,208.60000610351562,0
2019-12-04,208.60000610351562,208.60000610351562,208.60000610351562,208.60000610351562,0
2019-12-05,208.60000610351562,208.60000610351562,208.60000610351562,208.60000610351562,0
2019-12-06,206.30000305175781,208,206.30000305175781,208,260
2019-12-09,208,208,208,208,0
2019-12-10,208,208,208,208,0
2019-12-11,208,208,208,208,0
2019-12-12,210,210,208.55000305175781,208.55000305175781,51
2019-12-13,213.05000305175781,213.05000305175781,212.19999694824219,212.64999389648438,1984
2019-12-16,212.64999389648438,212.64999389648438,212.64999389648438,212.64999389648438,0
2019-12-17,212.64999389648438,212.64999389648438,212.64999389648438,212.64999389648438,0
2019-12-18,217,217,215.55000305175781,215.55000305175781,1949
2019-12-19,215.55000305175781,215.55000305175781,215.55000305175781,215.55000305175781,0
2019-12-20,215.55000305175781,215.55000305175781,215.55000305175781,215.55000305175781,0
2019-12-23,218.55000305175781,218.55000305175781,218.05000305175781,218.25,390
2019-12-27,218.25,218.25,218.25,218.25,0
2019-12-30,218.25,218.25,218.25,218.25,0
2020-01-02,218.25,218.25,218.25,218.25,0
2020-01-03,218.25,218.25,218.25,218.25,0
2020-01-06,218.25,218.25,218.25,218.25,0
2020-01-07,216.94999694824219,216.94999694824219,215.25,215.30000305175781,28
2020-01-08,215.30000305175781,215.30000305175781,215.30000305175781,215.30000305175781,0
2020-01-09,215.30000305175781,215.30000305175781,215.30000305175781,215.30000305175781,0
2020-01-10,216.89999389648438,218.64999389648438,216.89999389648438,218.05000305175781,45
2020-01-13,218.05000305175781,218.05000305175781,218.05000305175781,218.05000305175781,0
2020-01-14,218.05000305175781,218.05000305175781,218.05000305175781,218.05000305175781,0
2020-01-15,218.05000305175781,218.05000305175781,218.05000305175781,218.05000305175781,0
2020-01-16,218.05000305175781,218.05000305175781,218.05000305175781,218.05000305175781,0
2020-01-17,218.05000305175781,218.05000305175781,218.05000305175781,218.05000305175781,0
2020-01-20,218.05000305175781,218.05000305175781,218.05000305175781,218.05000305175781,0
2020-01-21,218.05000305175781,218.05000305175781,218.05000305175781,218.05000305175781,0
2020-01-22,218.05000305175781,218.05000305175781,218.05000305175781,218.05000305175781,0
2020-01-23,230.05000305175781,232.19999694824219,230.05000305175781,232.19999694824219,12
2020-01-24,232.19999694824219,232.19999694824219,232.19999694824219,232.19999694824219,0
2020-01-27,235.30000305175781,235.30000305175781,233.89999389648438,233.89999389648438,27
2020-01-28,233.89999389648438,233.89999389648438,233.89999389648438,233.89999389648438,0
2020-01-29,236.69999694824219,237.14999389648438,236.69999694824219,237.14999389648438,17
2020-01-30,237.14999389648438,237.14999389648438,237.14999389648438,237.14999389648438,0
2020-01-31,237.14999389648438,237.14999389648438,237.14999389648438,237.14999389648438,0
2020-02-03,237.14999389648438,237.14999389648438,237.14999389648438,237.14999389648438,0
2020-02-04,236.05000305175781,236.14999389648438,235.05000305175781,235.89999389648438,20
2020-02-05,235.89999389648438,235.89999389648438,235.89999389648438,235.89999389648438,0
2020-02-06,238.39999389648438,240,238.39999389648438,239.80000305175781,105
2020-02-07,239.55000305175781,241.25,238.55000305175781,240,17
2020-02-10,240,240,240,240,0
2020-02-11,241.55000305175781,243.64999389648438,241.55000305175781,243.10000610351562,7
2020-02-12,243.10000610351562,243.10000610351562,243.10000610351562,243.10000610351562,0
2020-02-13,243.10000610351562,243.10000610351562,243.10000610351562,243.10000610351562,0
2020-02-14,244.60000610351562,246.80000305175781,244.60000610351562,246.80000305175781,60
2020-02-17,247.80000305175781,249.30000305175781,247.44999694824219,249.30000305175781,4
2020-02-18,249.30000305175781,252.39999389648438,249.30000305175781,252.10000610351562,273
2020-02-19,252.25,255.85000610351562,252.25,254.80000305175781,261
2020-02-20,253.89999389648438,254.19999694824219,251.35000610351562,251.35000610351562,29
2020-02-21,250.89999389648438,253.14999389648438,250.89999389648438,252.89999389648438,27
2020-02-24,247.85000610351562,248,244.39999389648438,245.35000610351562,175
2020-02-25,246.05000305175781,246.05000305175781,239.14999389648438,239.14999389648438,200
2020-02-26,238.80000305175781,241.69999694824219,236.14999389648438,241.69999694824219,134
2020-02-27,241.69999694824219,241.69999694824219,241.69999694824219,241.69999694824219,0
2020-02-28,229.44999694824219,229.75,225.60000610351562,228.35000610351562,54
2020-03-02,228.35000610351562,228.35000610351562,228.35000610351562,228.35000610351562,0
2020-03-03,233.60000610351562,236.85000610351562,233.60000610351562,234.39999389648438,39
2020-03-04,234.30000305175781,243.89999389648438,234.30000305175781,243.89999389648438,19
2020-03-05,245.25,245.25,241.25,241.5,51
2020-03-06,241.5,241.5,241.5,241.5,0
2020-03-09,241.5,241.5,241.5,241.5,0
2020-03-10,214.89999389648438,214.89999389648438,204.30000305175781,204.30000305175781,236
2020-03-11,209.55000305175781,209.55000305175781,201.55000305175781,201.55000305175781,9
2020-03-12,188.30000305175781,190.58000183105469,174.97999572753906,174.97999572753906,6
2020-03-13,172.52000427246094,191.60000610351562,172.52000427246094,180.33999633789062,3
2020-03-16,170.52000427246094,173.24000549316406,165.74000549316406,173.24000549316406,12
2020-03-17,176.72000122070312,180.6199951171875,173.47999572753906,180.6199951171875,36
2020-03-18,178.60000610351562,178.60000610351562,173.17999267578125,178.32000732421875,93
2020-03-19,181.96000671386719,181.96000671386719,175.74000549316406,178.30000305175781,90
2020-03-20,178.30000305175781,178.30000305175781,178.30000305175781,178.30000305175781,0
2020-03-23,167.74000549316406,172.36000061035156,167.74000549316406,169.67999267578125,52
2020-03-24,172.19999694824219,178.94000244140625,172.19999694824219,178.94000244140625,1
2020-03-25,185.22000122070312,186.97999572753906,181.52000427246094,185.46000671386719,8
2020-03-26,185.46000671386719,185.46000671386719,185.46000671386719,185.46000671386719,0
2020-03-27,185.91999816894531,186.1199951171875,183.74000549316406,186.1199951171875,115
2020-03-30,185.75999450683594,187.77999877929688,185.6199951171875,187.77999877929688,5
2020-03-31,189.52000427246094,189.52000427246094,187.17999267578125,188.52000427246094,60
2020-04-01,187.63999938964844,187.63999938964844,181.27999877929688,182,186
2020-04-02,181.39999389648438,181.39999389648438,178.33999633789062,181.32000732421875,2
2020-04-03,181.32000732421875,181.32000732421875,181.32000732421875,181.32000732421875,0
2020-04-06,181.32000732421875,181.32000732421875,181.32000732421875,181.32000732421875,0
2020-04-07,185.77999877929688,187.1199951171875,184.44000244140625,184.44000244140625,1
2020-04-08,184.44000244140625,184.44000244140625,184.44000244140625,184.44000244140625,0
2020-04-09,186.17999267578125,190.27999877929688,186.17999267578125,190.27999877929688,410
2020-04-14,190.27999877929688,190.27999877929688,190.27999877929688,190.27999877929688,0
2020-04-15,190.32000732421875,190.32000732421875,185.39999389648438,185.39999389648438,195
2020-04-16,185.39999389648438,185.39999389648438,185.39999389648438,185.39999389648438,0
2020-04-17,185.39999389648438,185.39999389648438,185.39999389648438,185.39999389648438,0
2020-04-20,187.33999633789062,187.33999633789062,185.60000610351562,186.63999938964844,250
2020-04-21,186.05999755859375,186.05999755859375,181.08000183105469,181.08000183105469,3
2020-04-22,182.58000183105469,184.67999267578125,182.58000183105469,184.67999267578125,176
2020-04-23,185.8800048828125,186.75999450683594,184.80000305175781,185.08000183105469,475
2020-04-24,183.02000427246094,185.69999694824219,183.02000427246094,185.22000122070312,360
2020-04-27,187.8800048828125,188.08000183105469,186.63999938964844,188.08000183105469,311
2020-04-28,188.08000183105469,188.08000183105469,188.08000183105469,188.08000183105469,0
2020-04-29,188.08000183105469,188.08000183105469,188.08000183105469,188.08000183105469,0
2020-04-30,195.1199951171875,195.1199951171875,192.66000366210938,192.66000366210938,175
2020-05-04,190.97999572753906,190.97999572753906,187.46000671386719,187.46000671386719,83
2020-05-05,189,190.44000244140625,189,190.44000244140625,155
2020-05-06,189.67999267578125,191.03999328613281,189.1199951171875,189.1199951171875,133
2020-05-07,189.69999694824219,191.27999877929688,189.63999938964844,190.30000305175781,100
2020-05-08,190.30000305175781,190.30000305175781,190.30000305175781,190.30000305175781,0
2020-05-11,193.05999755859375,193.05999755859375,189.97999572753906,190.16000366210938,328
2020-05-12,190.16000366210938,190.16000366210938,190.16000366210938,190.16000366210938,0
2020-05-13,190.72000122070312,190.72000122070312,190.39999389648438,190.39999389648438,0
2020-05-14,189.63999938964844,189.63999938964844,184.6199951171875,186.75999450683594,30
2020-05-15,189.67999267578125,189.67999267578125,186,186,306
2020-05-18,188.66000366210938,192.8800048828125,188.66000366210938,192.8800048828125,220
2020-05-19,192.8800048828125,192.8800048828125,192.8800048828125,192.8800048828125,0
2020-05-20,190.02000427246094,193.36000061035156,190.02000427246094,193.36000061035156,162
2020-05-21,193.36000061035156,193.36000061035156,193.36000061035156,193.36000061035156,0
2020-05-22,193.36000061035156,193.36000061035156,193.36000061035156,193.36000061035156,0
2020-05-25,193.89999389648438,196.77999877929688,193.36000061035156,196.77999877929688,1
2020-05-26,198.55999755859375,198.55999755859375,198.1199951171875,198.32000732421875,103
2020-05-27,198.32000732421875,198.32000732421875,198.32000732421875,198.32000732421875,0
2020-05-28,200.14999389648438,204.44999694824219,200.14999389648438,203.89999389648438,130
2020-05-29,203.75,204.39999389648438,203.75,204.35000610351562,7
2020-06-02,207.5,209.39999389648438,207.5,209.39999389648438,9
2020-06-03,210.80000305175781,216.30000305175781,210.80000305175781,216.30000305175781,98
2020-06-04,216.30000305175781,216.30000305175781,216.30000305175781,216.30000305175781,0
2020-06-05,214.80000305175781,215.85000610351562,212.80000305175781,214.39999389648438,3749
2020-06-08,212.05000305175781,216.05000305175781,212.05000305175781,216.05000305175781,90
2020-06-09,216.10000610351562,216.10000610351562,212.35000610351562,213.05000305175781,21
2020-06-10,215.69999694824219,215.69999694824219,212.64999389648438,212.64999389648438,5
2020-06-11,209.44999694824219,209.44999694824219,205.05000305175781,205.05000305175781,1762
2020-06-12,204.25,209.19999694824219,204.25,207,17
2020-06-15,202.55000305175781,207.5,202.55000305175781,206.89999389648438,102
2020-06-16,206.89999389648438,206.89999389648438,206.89999389648438,206.89999389648438,0
2020-06-17,212.64999389648438,214.5,212.64999389648438,213.10000610351562,22
2020-06-18,213.30000305175781,213.30000305175781,212.80000305175781,212.80000305175781,84
2020-06-19,214.10000610351562,217.10000610351562,214.10000610351562,215.55000305175781,268
2020-06-22,213,214.94999694824219,213,214.94999694824219,22
2020-06-23,215.30000305175781,216.69999694824219,215.30000305175781,216.69999694824219,565
2020-06-24,216.69999694824219,216.69999694824219,216.69999694824219,216.69999694824219,0
2020-06-25,216.69999694824219,216.69999694824219,216.69999694824219,216.69999694824219,0
2020-06-26,216.69999694824219,216.69999694824219,216.69999694824219,216.69999694824219,0
2020-06-29,212.10000610351562,213.44999694824219,210.80000305175781,213.44999694824219,22
2020-06-30,214.05000305175781,215.85000610351562,214.05000305175781,214.19999694824219,561
2020-07-01,214.55000305175781,214.55000305175781,212.05000305175781,214.55000305175781,52
2020-07-02,216.5,219.80000305175781,216.5,219.80000305175781,9
2020-07-03,219.80000305175781,219.80000305175781,219.80000305175781,219.80000305175781,0
2020-07-06,221.30000305175781,221.44999694824219,218.75,219.60000610351562,1851
2020-07-07,219.60000610351562,219.60000610351562,219.60000610351562,219.60000610351562,0
2020-07-08,218.75,220.75,218.75,220.69999694824219,28
2020-07-09,219.94999694824219,219.94999694824219,216.10000610351562,216.10000610351562,10
2020-07-10,215.5,218.55000305175781,215.5,218.44999694824219,201
2020-07-13,220.35000610351562,220.35000610351562,218.69999694824219,219.69999694824219,45
2020-07-14,219.69999694824219,219.69999694824219,219.69999694824219,219.69999694824219,0
2020-07-15,220.35000610351562,221.75,220.35000610351562,221.19999694824219,11
2020-07-16,221.19999694824219,221.19999694824219,221.19999694824219,221.19999694824219,0
2020-07-17,223.94999694824219,224.89999389648438,223.94999694824219,224.55000305175781,110
2020-07-20,224.75,226.64999389648438,224.75,226.64999389648438,540
2020-07-21,227.94999694824219,230.25,227.75,227.75,46
2020-07-22,226.10000610351562,226.19999694824219,225.5,226.19999694824219,105
2020-07-23,225.69999694824219,226.05000305175781,225.25,225.25,1
2020-07-24,223.35000610351562,223.85000610351562,222.55000305175781,222.55000305175781,65
2020-07-27,222.80000305175781,222.80000305175781,221.25,221.25,9
2020-07-28,221.25,221.25,221.25,221.25,0
2020-07-29,224.35000610351562,224.5,223.60000610351562,224.5,508
2020-07-30,224.5,224.5,224.5,224.5,0
2020-07-31,221.25,222.75,219.64999389648438,219.64999389648438,16
2020-08-03,220.80000305175781,223.60000610351562,220.80000305175781,223.44999694824219,13
2020-08-04,224.30000305175781,224.30000305175781,221.05000305175781,222.10000610351562,20
2020-08-05,223.55000305175781,224.14999389648438,221.64999389648438,221.64999389648438,30
2020-08-06,220.44999694824219,221,218.85000610351562,220.19999694824219,14
2020-08-07,221.10000610351562,221.19999694824219,219.85000610351562,221.19999694824219,12
2020-08-10,221.80000305175781,223.05000305175781,221.44999694824219,222.69999694824219,22
2020-08-11,222.69999694824219,222.69999694824219,222.69999694824219,222.69999694824219,0
2020-08-12,222.55000305175781,226.75,222.55000305175781,226.75,6
2020-08-13,226.75,226.75,226.75,226.75,0
2020-08-14,224.44999694824219,224.44999694824219,222.10000610351562,222.75,22
2020-08-17,223.25,223.25,221.94999694824219,222.10000610351562,11
2020-08-18,221.19999694824219,224.05000305175781,219.94999694824219,219.94999694824219,5
2020-08-19,218.39999389648438,219.75,218.39999389648438,219.75,123
2020-08-20,217.75,218.60000610351562,217.30000305175781,217.75,117
2020-08-21,217.75,217.75,217.75,217.75,0
2020-08-24,217.75,217.75,217.75,217.75,0
2020-08-25,223.25,223.25,219.89999389648438,219.89999389648438,15
2020-08-26,219.89999389648438,219.89999389648438,219.89999389648438,219.89999389648438,0
2020-08-27,219.05000305175781,219.05000305175781,216.89999389648438,216.89999389648438,36
2020-08-28,217.35000610351562,217.35000610351562,216.25,216.25,24
2020-08-31,216.25,216.25,216.25,216.25,0
2020-09-01,218.80000305175781,219.10000610351562,215.80000305175781,215.80000305175781,249
2020-09-02,216.39999389648438,219.94999694824219,216.39999389648438,219.94999694824219,2
2020-09-03,219.94999694824219,219.94999694824219,219.94999694824219,219.94999694824219,0
2020-09-04,216.14999389648438,217.5,212.64999389648438,212.64999389648438,42
2020-09-07,212.64999389648438,212.64999389648438,212.64999389648438,212.64999389648438,0
2020-09-08,217.25,217.44999694824219,213.39999389648438,213.39999389648438,12
2020-09-09,213.80000305175781,217.30000305175781,213.80000305175781,217.05000305175781,140
2020-09-10,217.25,217.35000610351562,214.94999694824219,214.94999694824219,16
2020-09-11,215.44999694824219,215.44999694824219,213.89999389648438,214.85000610351562,22
2020-09-14,214.85000610351562,214.85000610351562,214.85000610351562,214.85000610351562,0
2020-09-15,214.14999389648438,215.60000610351562,214.14999389648438,215.30000305175781,13
2020-09-16,215.30000305175781,215.55000305175781,214.89999389648438,215.30000305175781,143
2020-09-17,213.44999694824219,214.19999694824219,213,213,6
2020-09-18,212.14999389648438,213.85000610351562,212.14999389648438,213.10000610351562,6
2020-09-21,212.05000305175781,212.05000305175781,208.25,208.25,6
2020-09-22,209.44999694824219,209.44999694824219,207.75,208.10000610351562,6
2020-09-23,208.10000610351562,208.10000610351562,208.10000610351562,208.10000610351562,0
2020-09-24,209.94999694824219,211.80000305175781,209.19999694824219,209.5,11
2020-09-25,209.39999389648438,210.80000305175781,209.39999389648438,210.75,6
2020-09-28,213.35000610351562,213.35000610351562,212.89999389648438,212.89999389648438,16
2020-09-29,212.89999389648438,212.89999389648438,212.89999389648438,212.89999389648438,0
2020-09-30,213.64999389648438,215,213.64999389648438,213.85000610351562,6
2020-10-01,216.5,217.44999694824219,216.10000610351562,217.39999389648438,11
2020-10-02,216.19999694824219,219.5,216.19999694824219,219.5,6
2020-10-05,221,221,217.60000610351562,218.64999389648438,37
2020-10-06,220.25,220.25,218.75,218.80000305175781,17
2020-10-07,219.30000305175781,221.94999694824219,219.30000305175781,221.94999694824219,18
2020-10-08,222.5,223.44999694824219,222.5,223.10000610351562,45
2020-10-09,224.10000610351562,224.10000610351562,221.5,222.5,154
2020-10-12,222.5,222.5,222.5,222.5,0
2020-10-13,222.5,222.5,222.5,222.5,0
2020-10-14,225.5,227.85000610351562,224.69999694824219,227.5,464
2020-10-15,225.30000305175781,225.30000305175781,221.30000305175781,221.85000610351562,87
2020-10-16,222.55000305175781,223.89999389648438,221.75,223.89999389648438,173
2020-10-19,225.30000305175781,225.30000305175781,222.25,222.25,608
2020-10-20,222.25,223.35000610351562,221.85000610351562,221.85000610351562,10
2020-10-21,221.85000610351562,221.85000610351562,221.85000610351562,221.85000610351562,0
2020-10-22,221.85000610351562,221.85000610351562,221.85000610351562,221.85000610351562,0
2020-10-23,218.10000610351562,220.55000305175781,218.10000610351562,220.30000305175781,3
2020-10-26,218.55000305175781,219.94999694824219,218.55000305175781,218.69999694824219,80
2020-10-27,218.30000305175781,218.55000305175781,216.85000610351562,217.19999694824219,234
2020-10-28,214.80000305175781,214.80000305175781,209.55000305175781,209.55000305175781,28
2020-10-29,210,210,207.55000305175781,208.10000610351562,25
2020-10-30,208.10000610351562,208.10000610351562,208.10000610351562,208.10000610351562,0
2020-11-02,209.19999694824219,212.05000305175781,209.19999694824219,212.05000305175781,17
2020-11-03,213.75,216.19999694824219,213.75,216.19999694824219,78
2020-11-04,211.19999694824219,220.10000610351562,211.19999694824219,220.10000610351562,159
2020-11-05,221.44999694824219,223.5,221.44999694824219,223.14999389648438,5
2020-11-06,223.14999389648438,223.14999389648438,223.14999389648438,223.14999389648438,0
2020-11-09,224.94999694824219,231.05000305175781,224.94999694824219,226.60000610351562,996
2020-11-10,226.69999694824219,227.05000305175781,225.55000305175781,227.05000305175781,2
2020-11-11,229,233.25,229,233.25,2
2020-11-12,231.60000610351562,232.39999389648438,230.64999389648438,230.64999389648438,97
2020-11-13,231.69999694824219,231.69999694824219,231.19999694824219,231.19999694824219,0
2020-11-16,231.80000305175781,232.05000305175781,230.89999389648438,230.89999389648438,13
2020-11-17,231.80000305175781,231.80000305175781,229.39999389648438,229.85000610351562,20
2020-11-18,229.5,230.64999389648438,229.39999389648438,230.5,132
2020-11-19,229.5,231.69999694824219,229.5,230.05000305175781,0
2020-11-20,230.39999389648438,232.80000305175781,230.39999389648438,232.80000305175781,5
2020-11-23,233,233,230.75,230.75,649
2020-11-24,232.60000610351562,232.60000610351562,230.85000610351562,231.30000305175781,86
2020-11-25,231.55000305175781,233.39999389648438,231.55000305175781,233.39999389648438,106
2020-11-26,234.10000610351562,234.10000610351562,232.55000305175781,232.55000305175781,0
2020-11-27,233.19999694824219,234.55000305175781,233.19999694824219,234.55000305175781,0
2020-11-30,233.85000610351562,234.35000610351562,231.85000610351562,231.85000610351562,100
2020-12-01,232.80000305175781,232.80000305175781,231.10000610351562,231.25,20
2020-12-02,230.64999389648438,232.69999694824219,230.64999389648438,231.25,1
2020-12-03,231.19999694824219,231.19999694824219,229.85000610351562,229.85000610351562,65
2020-12-04,229.35000610351562,229.35000610351562,229.10000610351562,229.10000610351562,69
2020-12-07,228.44999694824219,228.44999694824219,227.19999694824219,228.14999389648438,0
2020-12-08,229.5,229.5,227.94999694824219,229.14999389648438,2
2020-12-09,230.05000305175781,230.85000610351562,230.05000305175781,230.85000610351562,0
2020-12-10,231.39999389648438,232.44999694824219,230.14999389648438,230.14999389648438,260
2020-12-11,229.64999389648438,229.64999389648438,227.44999694824219,227.44999694824219,96
2020-12-14,229.35000610351562,230.5,229.35000610351562,229.44999694824219,25
2020-12-15,228.94999694824219,228.94999694824219,228.05000305175781,228.5,13
2020-12-16,229.25,231.80000305175781,229.25,231.60000610351562,0
2020-12-17,232.75,233.60000610351562,232.30000305175781,233,1423
2020-12-18,232.75,232.75,231.5,231.5,0
2020-12-21,227.55000305175781,227.55000305175781,225.39999389648438,226.44999694824219,191
2020-12-22,227.35000610351562,230.39999389648438,227.35000610351562,230.39999389648438,523
2020-12-23,232.05000305175781,235,232.05000305175781,235,0
2020-12-28,236.39999389648438,239.35000610351562,235.14999389648438,239.35000610351562,28
2020-12-29,240.94999694824219,240.94999694824219,240.19999694824219,240.19999694824219,0
2020-12-30,240.19999694824219,240.19999694824219,239.14999389648438,239.39999389648438,20
2021-01-04,242.30000305175781,243.75,242.30000305175781,242.89999389648438,52
2021-01-05,241.44999694824219,241.44999694824219,239.44999694824219,239.85000610351562,10
2021-01-06,241.75,248.25,241.75,248.25,11
2021-01-07,250.75,250.75,248.75,248.75,480
2021-01-08,250.64999389648438,252.85000610351562,250.64999389648438,252.85000610351562,86
2021-01-11,250.85000610351562,250.85000610351562,249.30000305175781,249.94999694824219,5
2021-01-12,250.25,250.25,246.75,246.75,0
2021-01-13,244.69999694824219,248.64999389648438,244.69999694824219,248.64999389648438,0
2021-01-14,247.80000305175781,248.25,247.80000305175781,248.05000305175781,15
2021-01-15,247.25,247.25,245.69999694824219,246.05000305175781,13
2021-01-18,245.5,245.5,243.55000305175781,244.55000305175781,1326
2021-01-19,245.14999389648438,245.85000610351562,245.14999389648438,245.39999389648438,656
2021-01-20,245.39999389648438,245.55000305175781,243.60000610351562,245.55000305175781,514
2021-01-21,247.19999694824219,247.19999694824219,244.60000610351562,244.60000610351562,0
2021-01-22,243.55000305175781,243.55000305175781,242.19999694824219,243.5,1
2021-01-25,244.44999694824219,244.44999694824219,242.30000305175781,243.19999694824219,0
2021-01-26,243.94999694824219,244.85000610351562,242.75,242.75,32
2021-01-27,242.44999694824219,242.44999694824219,237.5,238.5,16
2021-01-28,235.64999389648438,240.94999694824219,235.64999389648438,240.94999694824219,19
2021-01-29,236.75,239.35000610351562,236.39999389648438,236.39999389648438,1254
2021-02-01,238.05000305175781,239.64999389648438,237.80000305175781,239.64999389648438,23
2021-02-02,240.30000305175781,240.60000610351562,239.64999389648438,240.19999694824219,17
2021-02-03,242.19999694824219,244.35000610351562,242.05000305175781,243.14999389648438,239
2021-02-04,242.55000305175781,243.60000610351562,241.19999694824219,241.94999694824219,84
2021-02-05,242.39999389648438,242.39999389648438,240.80000305175781,240.80000305175781,1
2021-02-08,241.39999389648438,241.39999389648438,238.05000305175781,238.05000305175781,1
2021-02-09,237.39999389648438,237.39999389648438,233.64999389648438,234.44999694824219,323
2021-02-10,236,236,234.14999389648438,234.14999389648438,0
2021-02-11,234.44999694824219,236.14999389648438,234.44999694824219,235.35000610351562,0
2021-02-12,234.55000305175781,235.35000610351562,233.94999694824219,235.35000610351562,0
2021-02-15,236.75,236.85000610351562,235.80000305175781,236.39999389648438,50
2021-02-16,236.25,236.25,232.75,232.75,106
2021-02-17,231.89999389648438,233.30000305175781,231.89999389648438,233.30000305175781,0
2021-02-18,233.89999389648438,233.89999389648438,230.35000610351562,230.35000610351562,67
2021-02-19,229.35000610351562,230.19999694824219,229.35000610351562,230.10000610351562,25
2021-02-22,228,228.75,226.44999694824219,226.44999694824219,32
2021-02-23,226.75,226.75,223.69999694824219,226.75,22
2021-02-24,226.35000610351562,227.35000610351562,226.14999389648438,226.14999389648438,2
2021-02-25,226.44999694824219,226.44999694824219,224.85000610351562,224.85000610351562,224
2021-02-26,222.64999389648438,223.89999389648438,222.60000610351562,222.85000610351562,5
2021-03-01,225.69999694824219,225.69999694824219,223.25,224.80000305175781,915
2021-03-02,225.55000305175781,225.75,223.14999389648438,223.14999389648438,0
2021-03-03,223.19999694824219,223.19999694824219,217.44999694824219,217.44999694824219,861
2021-03-04,218.14999389648438,220.94999694824219,218.14999389648438,220.94999694824219,0
2021-03-05,220.14999389648438,220.5,220.14999389648438,220.35000610351562,500
2021-03-08,220.55000305175781,223,219.85000610351562,223,0
2021-03-09,224.39999389648438,229.19999694824219,224.39999389648438,227.30000305175781,0
2021-03-10,227.19999694824219,229.05000305175781,227.14999389648438,229.05000305175781,0
2021-03-11,230,232.25,230,232.25,0
2021-03-12,230.64999389648438,231.10000610351562,230.64999389648438,231.10000610351562,0
2021-03-15,232.39999389648438,232.85000610351562,231.5,231.5,99
2021-03-16,232.19999694824219,233.10000610351562,232.19999694824219,233.10000610351562,0
2021-03-17,233.5,233.5,229.14999389648438,229.14999389648438,19
2021-03-18,228.69999694824219,228.89999389648438,228.30000305175781,228.30000305175781,66
2021-03-19,228.60000610351562,231.5,228.60000610351562,231.5,582
2021-03-22,230.64999389648438,231.69999694824219,230.5,231.69999694824219,264
2021-03-23,231.39999389648438,235.14999389648438,231.39999389648438,235.14999389648438,86
2021-03-24,234.44999694824219,234.44999694824219,232.60000610351562,233.80000305175781,170
2021-03-25,233.30000305175781,235.55000305175781,233.30000305175781,235.55000305175781,155
2021-03-26,235.80000305175781,236.25,235.55000305175781,236,43
2021-03-29,236.89999389648438,238.19999694824219,236.89999389648438,238.19999694824219,5
2021-03-30,238.39999389648438,238.39999389648438,235.25,235.60000610351562,14
2021-03-31,235.35000610351562,238.35000610351562,235.35000610351562,238.35000610351562,0
2021-04-01,238.30000305175781,239.85000610351562,237.69999694824219,239.64999389648438,2600
2021-04-06,242.85000610351562,242.85000610351562,240.05000305175781,240.69999694824219,620
2021-04-07,241.25,242.30000305175781,240.94999694824219,240.94999694824219,0
2021-04-08,242.05000305175781,244.10000610351562,242.05000305175781,244.10000610351562,95
2021-04-09,243.94999694824219,243.94999694824219,243.39999389648438,243.39999389648438,13
2021-04-12,242.69999694824219,245.19999694824219,242.69999694824219,244.75,209
2021-04-13,245.19999694824219,245.19999694824219,242.60000610351562,243.39999389648438,125
2021-04-14,243.14999389648438,243.14999389648438,241.89999389648438,241.89999389648438,0
2021-04-15,242.30000305175781,242.75,241.35000610351562,242.75,11
2021-04-16,242.10000610351562,243.69999694824219,242.10000610351562,243.69999694824219,1
2021-04-19,244.60000610351562,244.60000610351562,244,244,0
2021-04-20,243.39999389648438,243.39999389648438,241,241,0
2021-04-21,241.55000305175781,241.55000305175781,238.75,239.39999389648438,754
2021-04-22,240.39999389648438,245.05000305175781,240.39999389648438,245.05000305175781,0
2021-04-23,245.60000610351562,246.44999694824219,244.44999694824219,244.89999389648438,246
2021-04-26,244.89999389648438,244.89999389648438,243.94999694824219,244,0
2021-04-27,244.25,244.25,243.30000305175781,243.30000305175781,0
2021-04-28,242.89999389648438,242.89999389648438,241.75,241.94999694824219,93
2021-04-29,241.64999389648438,242.5,239.44999694824219,239.44999694824219,1
2021-04-30,239.85000610351562,240,238.5,239,2486
2021-05-03,240.14999389648438,241.69999694824219,239.85000610351562,241.69999694824219,59
2021-05-04,242.30000305175781,242.5,237.85000610351562,237.85000610351562,747
2021-05-05,239.64999389648438,241.30000305175781,239.64999389648438,239.94999694824219,850
2021-05-06,240.30000305175781,240.89999389648438,239.80000305175781,239.89999389648438,171
2021-05-07,240.05000305175781,242.75,239.5,242.75,84
2021-05-10,243,243,242,242.14999389648438,174
2021-05-11,240.44999694824219,240.44999694824219,236.75,236.80000305175781,452
2021-05-12,238.19999694824219,239.64999389648438,236.89999389648438,236.89999389648438,241
2021-05-13,234.60000610351562,238.94999694824219,233.05000305175781,238.80000305175781,3293
2021-05-14,240.55000305175781,242.30000305175781,239.5,242.30000305175781,5254
2021-05-17,243.19999694824219,243.44999694824219,240.85000610351562,241.35000610351562,137
2021-05-18,243.75,243.85000610351562,242.94999694824219,242.94999694824219,126
2021-05-19,241.19999694824219,241.94999694824219,241.05000305175781,241.05000305175781,0
2021-05-20,241.39999389648438,244.25,241.19999694824219,244.25,124
2021-05-21,244.89999389648438,245.85000610351562,244.89999389648438,245.85000610351562,0
2021-05-25,245.69999694824219,245.69999694824219,245.10000610351562,245.10000610351562,64
2021-05-26,245.55000305175781,245.89999389648438,245.19999694824219,245.19999694824219,63
2021-05-27,244.69999694824219,244.69999694824219,242.69999694824219,242.69999694824219,15
2021-05-28,242.75,243.80000305175781,242.75,243.80000305175781,0
2021-05-31,242.85000610351562,242.85000610351562,241.10000610351562,241.25,1451
2021-06-01,241.89999389648438,242.44999694824219,241.75,241.75,13
2021-06-02,241.89999389648438,241.89999389648438,239.60000610351562,239.60000610351562,29
2021-06-03,239.89999389648438,239.89999389648438,237.30000305175781,238.5,0
2021-06-04,239.44999694824219,239.44999694824219,237.94999694824219,238.94999694824219,2
2021-06-07,238.55000305175781,239.80000305175781,238.55000305175781,239.80000305175781,32
2021-06-08,240.64999389648438,241.44999694824219,240.05000305175781,240.5,334
2021-06-09,240,240.25,240,240.10000610351562,0
2021-06-10,240.39999389648438,240.39999389648438,238.39999389648438,238.60000610351562,0
2021-06-11,239.30000305175781,240.64999389648438,239.30000305175781,240.64999389648438,0
2021-06-14,241.75,243.10000610351562,241.75,243.10000610351562,36
2021-06-15,244.19999694824219,244.19999694824219,242.85000610351562,242.94999694824219,11
2021-06-16,243.89999389648438,245.35000610351562,243.89999389648438,245.35000610351562,0
2021-06-17,243.35000610351562,243.35000610351562,241.55000305175781,243.19999694824219,0
2021-06-18,243.10000610351562,243.10000610351562,240.05000305175781,240.05000305175781,0
2021-06-21,239.44999694824219,240.75,239.19999694824219,240.75,64
2021-06-22,240.89999389648438,240.89999389648438,240.19999694824219,240.19999694824219,0
2021-06-23,239.89999389648438,239.89999389648438,236.64999389648438,236.64999389648438,0
2021-06-24,237,238.69999694824219,237,238.69999694824219,0
2021-06-25,238.25,238.25,236.85000610351562,237.89999389648438,0
2021-06-28,237.89999389648438,238.55000305175781,237.89999389648438,238.55000305175781,0
2021-06-29,238.44999694824219,239.85000610351562,238.44999694824219,239.35000610351562,73
2021-06-30,238.94999694824219,238.94999694824219,235.60000610351562,236.30000305175781,543
2021-07-01,239,239,236.25,238.69999694824219,11
2021-07-02,239.55000305175781,239.75,239.5,239.75,3
2021-07-05,239.60000610351562,239.89999389648438,238.89999389648438,239.89999389648438,173
2021-07-06,239.39999389648438,241.14999389648438,239.35000610351562,241.14999389648438,1
2021-07-07,241.94999694824219,244.85000610351562,241.94999694824219,244.85000610351562,1
2021-07-08,243.5,243.5,240.5,240.5,517
2021-07-09,240.75,241.30000305175781,240.75,241.30000305175781,0
2021-07-12,242.75,244.55000305175781,242.75,244.55000305175781,62
2021-07-13,243.85000610351562,244.14999389648438,243.5,244.14999389648438,0
2021-07-14,243.30000305175781,243.30000305175781,241.60000610351562,242.64999389648438,95
2021-07-15,241.94999694824219,241.94999694824219,239.89999389648438,240.10000610351562,11
2021-07-16,240.30000305175781,241.60000610351562,240.30000305175781,241.60000610351562,0
2021-07-19,240.44999694824219,240.44999694824219,235.55000305175781,235.94999694824219,229
2021-07-20,236.94999694824219,237.60000610351562,235.25,235.39999389648438,340
2021-07-21,235.75,239.14999389648438,235.75,239.14999389648438,129
2021-07-22,240,242.44999694824219,239.85000610351562,241.94999694824219,1
2021-07-23,242.55000305175781,243.85000610351562,241.64999389648438,243.85000610351562,1
2021-07-26,242.89999389648438,243.64999389648438,242.89999389648438,243.64999389648438,0
2021-07-27,244.19999694824219,244.19999694824219,242.55000305175781,242.55000305175781,0
2021-07-28,243.64999389648438,244.80000305175781,243.64999389648438,244.80000305175781,0
2021-07-29,244.69999694824219,244.69999694824219,244.05000305175781,244.25,0
2021-07-30,242.89999389648438,242.89999389648438,240.60000610351562,240.60000610351562,275
2021-08-02,242.10000610351562,242.30000305175781,240.44999694824219,241.55000305175781,82
2021-08-03,241.80000305175781,242.39999389648438,241.80000305175781,242.39999389648438,0
2021-08-04,242.75,243.55000305175781,242.05000305175781,243.35000610351562,71
2021-08-05,243.80000305175781,244.35000610351562,243.80000305175781,243.80000305175781,1
2021-08-06,243.35000610351562,244.39999389648438,242.94999694824219,244.14999389648438,124
2021-08-09,245.14999389648438,246.75,245.14999389648438,246.10000610351562,1
2021-08-10,246.39999389648438,247.64999389648438,246.39999389648438,246.94999694824219,0
2021-08-11,246.69999694824219,247.75,246.69999694824219,247.75,0
2021-08-12,247.89999389648438,247.89999389648438,246.69999694824219,246.69999694824219,0
2021-08-13,246.89999389648438,248.60000610351562,246.89999389648438,248.60000610351562,0
2021-08-16,247.89999389648438,249,247.89999389648438,249,17
2021-08-17,247.85000610351562,249.44999694824219,247.85000610351562,249.44999694824219,5
2021-08-18,249.64999389648438,253.05000305175781,249.64999389648438,253.05000305175781,32
2021-08-19,251.5,255.05000305175781,251.5,254.89999389648438,220
2021-08-20,256.04998779296875,257.29998779296875,255.69999694824219,257.29998779296875,60
2021-08-23,258.70001220703125,258.70001220703125,253.85000610351562,255.60000610351562,171
2021-08-24,255.94999694824219,255.94999694824219,254.39999389648438,255.19999694824219,177
2021-08-25,255,255,253.05000305175781,253.05000305175781,20
2021-08-26,252.14999389648438,252.14999389648438,250.75,250.75,0
2021-08-27,250.19999694824219,250.19999694824219,249.80000305175781,249.80000305175781,0
2021-08-30,250.14999389648438,250.85000610351562,250.14999389648438,250.85000610351562,439
2021-08-31,250.60000610351562,252.89999389648438,250.60000610351562,251.75,3548
2021-09-01,253.19999694824219,255.44999694824219,253.19999694824219,254.19999694824219,128
2021-09-02,254.10000610351562,254.10000610351562,253.80000305175781,253.85000610351562,0
2021-09-03,253.80000305175781,253.80000305175781,252.60000610351562,252.69999694824219,43
2021-09-06,253.25,253.25,251.80000305175781,251.80000305175781,0
2021-09-07,251.30000305175781,251.30000305175781,249.44999694824219,249.44999694824219,2
2021-09-08,247.19999694824219,249.5,247.19999694824219,249.5,0
2021-09-09,248,248.94999694824219,248,248.85000610351562,0
2021-09-10,248.94999694824219,248.94999694824219,245.75,245.75,8
2021-09-13,247.25,249.94999694824219,247.25,249.64999389648438,0
2021-09-14,249.39999389648438,249.85000610351562,248.55000305175781,249.85000610351562,61
2021-09-15,248.60000610351562,248.60000610351562,242.80000305175781,242.80000305175781,17
2021-09-16,243,243,242.05000305175781,242.60000610351562,10
2021-09-17,244.10000610351562,244.10000610351562,240.19999694824219,240.19999694824219,0
2021-09-20,238.19999694824219,239.5,238.19999694824219,238.55000305175781,0
2021-09-21,240.64999389648438,240.75,239.85000610351562,240.35000610351562,612
2021-09-22,241.44999694824219,241.44999694824219,239,240,241
2021-09-23,241.19999694824219,243.44999694824219,241.19999694824219,242.10000610351562,169
2021-09-24,241.44999694824219,241.44999694824219,238.75,238.94999694824219,253
2021-09-27,240,240,238.85000610351562,238.85000610351562,0
2021-09-28,238.30000305175781,238.30000305175781,234.60000610351562,234.60000610351562,83
2021-09-29,235.30000305175781,235.39999389648438,234.14999389648438,234.14999389648438,63
2021-09-30,235.30000305175781,235.30000305175781,230.64999389648438,230.64999389648438,0
2021-10-01,229.55000305175781,234.05000305175781,229.55000305175781,233.35000610351562,38
2021-10-04,233.55000305175781,234.05000305175781,232.94999694824219,233.55000305175781,80
2021-10-05,234.89999389648438,236.55000305175781,234.89999389648438,236.55000305175781,26
2021-10-06,234.25,234.75,232.55000305175781,234.75,0
2021-10-07,239.64999389648438,239.64999389648438,237.94999694824219,237.94999694824219,475
2021-10-08,237.94999694824219,237.94999694824219,236.14999389648438,236.14999389648438,74
2021-10-11,235.55000305175781,235.55000305175781,233,233.39999389648438,0
2021-10-12,231.14999389648438,235.69999694824219,231.14999389648438,235.69999694824219,0
2021-10-13,234.39999389648438,238.44999694824219,234.39999389648438,238.44999694824219,0
2021-10-14,238.80000305175781,240,238.80000305175781,239.75,6818
2021-10-15,239.69999694824219,240.05000305175781,236.89999389648438,239.69999694824219,2319
2021-10-18,239.05000305175781,239.5,239.05000305175781,239.05000305175781,0
2021-10-19,240.35000610351562,242.25,240.35000610351562,242.25,56
2021-10-20,242.39999389648438,246.44999694824219,242.39999389648438,246.44999694824219,0
2021-10-21,245.64999389648438,245.85000610351562,245.64999389648438,245.85000610351562,2
2021-10-22,246,246.60000610351562,246,246.55000305175781,0
2021-10-25,246.69999694824219,246.69999694824219,244.75,244.75,0
2021-10-26,245.60000610351562,247.44999694824219,245.60000610351562,247.44999694824219,0
2021-10-27,248,250.14999389648438,248,250.14999389648438,423
2021-10-28,249.39999389648438,251.85000610351562,249.39999389648438,251.85000610351562,125
2021-10-29,251.10000610351562,251.10000610351562,248.80000305175781,249.10000610351562,11
2021-11-01,251.35000610351562,251.85000610351562,249.94999694824219,251.85000610351562,59
2021-11-02,250.69999694824219,251.94999694824219,250.69999694824219,251.44999694824219,11
2021-11-03,249.75,249.85000610351562,249.39999389648438,249.64999389648438,35
2021-11-04,249.80000305175781,251.60000610351562,249.80000305175781,251,1
2021-11-05,250.39999389648438,250.55000305175781,249.60000610351562,250,60
2021-11-08,251,251,248.85000610351562,248.85000610351562,1
2021-11-09,247.44999694824219,249.44999694824219,247.35000610351562,247.35000610351562,1
2021-11-10,247.64999389648438,249.75,247.64999389648438,249.75,0
2021-11-11,250.05000305175781,250.05000305175781,249.35000610351562,249.80000305175781,7
2021-11-12,249.10000610351562,249.60000610351562,248.75,249.60000610351562,0
2021-11-15,249.05000305175781,251.69999694824219,249.05000305175781,251.69999694824219,33
2021-11-16,252.80000305175781,252.80000305175781,251.39999389648438,251.39999389648438,0
2021-11-17,250.64999389648438,251.55000305175781,250.64999389648438,251.35000610351562,41
2021-11-18,251.19999694824219,251.19999694824219,250.5,250.5,0
2021-11-19,249.89999389648438,250,248.35000610351562,248.39999389648438,3
2021-11-22,248.30000305175781,248.5,247.55000305175781,248.05000305175781,184
2021-11-23,247.35000610351562,247.75,246.64999389648438,246.64999389648438,229
2021-11-24,247.39999389648438,249.14999389648438,247.39999389648438,249.14999389648438,0
2021-11-25,250.55000305175781,253.80000305175781,250.55000305175781,253.80000305175781,39
2021-11-26,247.64999389648438,249.75,246.85000610351562,246.85000610351562,77
2021-11-29,247.10000610351562,249.5,247.10000610351562,248,20
2021-11-30,246.30000305175781,246.80000305175781,244.64999389648438,246.80000305175781,20
2021-12-01,247.55000305175781,249.30000305175781,246.69999694824219,249.30000305175781,282
2021-12-02,246.80000305175781,246.80000305175781,244.10000610351562,244.30000305175781,0
2021-12-03,245.75,246.25,244.55000305175781,244.55000305175781,0
2021-12-06,246.35000610351562,249.94999694824219,246.35000610351562,249.94999694824219,0
2021-12-07,251,252.39999389648438,251,252.39999389648438,367
2021-12-08,252.60000610351562,253.39999389648438,251.14999389648438,251.14999389648438,381
2021-12-09,251.39999389648438,252.35000610351562,251.39999389648438,252.30000305175781,258
2021-12-10,250.64999389648438,250.69999694824219,250.60000610351562,250.69999694824219,0
2021-12-13,250.30000305175781,251.25,250.30000305175781,250.44999694824219,179
2021-12-14,251,251.05000305175781,248.94999694824219,248.94999694824219,80
2021-12-15,250.64999389648438,251.39999389648438,250.64999389648438,251.39999389648438,13
2021-12-16,253.35000610351562,253.35000610351562,251.80000305175781,251.80000305175781,65
2021-12-17,252.14999389648438,252.14999389648438,250.10000610351562,251.19999694824219,13
2021-12-20,247.89999389648438,250.44999694824219,247.89999389648438,250.44999694824219,0
2021-12-21,252.19999694824219,255.5,252.19999694824219,255.5,0
2021-12-22,255.14999389648438,255.89999389648438,252.5,255.89999389648438,12
2021-12-23,256.20001220703125,256.79998779296875,256,256.79998779296875,21
2021-12-27,256.29998779296875,257,256.29998779296875,256.39999389648438,0
2021-12-28,256.75,259.25,256.75,259.25,0
2021-12-29,259.89999389648438,259.95001220703125,259.70001220703125,259.95001220703125,0
2021-12-30,260.14999389648438,260.89999389648438,260.14999389648438,260.85000610351562,0
2022-01-03,262.10000610351562,262.10000610351562,260.75,261.95001220703125,1172
2022-01-04,262.5,262.5,260.54998779296875,261.60000610351562,3
2022-01-05,260.29998779296875,260.29998779296875,258.39999389648438,258.39999389648438,123
2022-01-06,256.04998779296875,256.04998779296875,253.69999694824219,253.89999389648438,362
2022-01-07,253.55000305175781,254.69999694824219,252.80000305175781,253.10000610351562,112
2022-01-10,254.94999694824219,255,252.75,252.75,570
2022-01-11,253.30000305175781,254.19999694824219,253.30000305175781,253.39999389648438,266
2022-01-12,253.94999694824219,253.94999694824219,252.55000305175781,253.35000610351562,15
2022-01-13,252.64999389648438,255.30000305175781,252.64999389648438,255.30000305175781,0
2022-01-14,252.35000610351562,253.44999694824219,252.35000610351562,253.44999694824219,0
2022-01-17,254.10000610351562,255.10000610351562,254.10000610351562,255,200
2022-01-18,254.39999389648438,254.39999389648438,252.44999694824219,253.05000305175781,261
2022-01-19,251.60000610351562,252.85000610351562,251.60000610351562,252.80000305175781,10
2022-01-20,254.05000305175781,257.10000610351562,253.19999694824219,257.10000610351562,166
2022-01-21,255.19999694824219,255.19999694824219,253,253,0
2022-01-24,253.35000610351562,253.35000610351562,247.85000610351562,247.85000610351562,139
2022-01-25,248.69999694824219,248.69999694824219,247.44999694824219,247.44999694824219,0
2022-01-26,248.69999694824219,251.19999694824219,248.69999694824219,251,79
2022-01-27,249.25,256.14999389648438,249.25,256.14999389648438,1
2022-01-28,255.25,255.25,252.64999389648438,253.19999694824219,55
2022-01-31,255.85000610351562,255.85000610351562,253.44999694824219,253.80000305175781,0
2022-02-01,256.29998779296875,257.54998779296875,255.5,255.5,136
2022-02-02,256.79998779296875,256.95001220703125,255.80000305175781,256.95001220703125,702
2022-02-03,257.10000610351562,257.75,254,254,237
2022-02-04,255.30000305175781,255.30000305175781,249.94999694824219,249.94999694824219,1
2022-02-07,251.14999389648438,251.14999389648438,246.94999694824219,247.69999694824219,1
2022-02-08,248.60000610351562,248.60000610351562,246.69999694824219,246.69999694824219,0
2022-02-09,249.10000610351562,250.89999389648438,249.10000610351562,249.89999389648438,122
2022-02-10,250.64999389648438,250.64999389648438,249.69999694824219,249.85000610351562,0
2022-02-11,247.55000305175781,248.30000305175781,246.64999389648438,248.30000305175781,0
2022-02-14,244.44999694824219,244.44999694824219,242.44999694824219,243.25,203
2022-02-15,243.80000305175781,246.30000305175781,243.80000305175781,246.30000305175781,737
2022-02-16,245.55000305175781,247,245.55000305175781,247,1805
2022-02-17,247.55000305175781,249.80000305175781,247.55000305175781,248.5,248
2022-02-18,249.05000305175781,249.75,247.55000305175781,247.89999389648438,256
2022-02-21,247.85000610351562,247.85000610351562,243.60000610351562,243.60000610351562,1
2022-02-22,239.85000610351562,243.19999694824219,239.85000610351562,243.19999694824219,6
2022-02-23,244.85000610351562,245.75,243.14999389648438,243.80000305175781,136
2022-02-24,235.44999694824219,240.85000610351562,235.44999694824219,240.85000610351562,3631
2022-02-25,243.10000610351562,253.44999694824219,243.10000610351562,252.75,214
2022-02-28,250.94999694824219,258.25,250.94999694824219,258.10000610351562,4445
2022-03-01,259.14999389648438,259.14999389648438,245.44999694824219,245.44999694824219,1385
2022-03-02,245.39999389648438,245.39999389648438,240.75,241,1099
2022-03-03,242.10000610351562,242.10000610351562,231.75,232.80000305175781,22
2022-03-04,234.69999694824219,234.69999694824219,229,229,360
2022-03-07,225.60000610351562,231.60000610351562,218.05000305175781,228.94999694824219,486
2022-03-08,228.64999389648438,238.89999389648438,228.64999389648438,232.85000610351562,697
2022-03-09,237.75,244.19999694824219,237.75,244.19999694824219,33
2022-03-10,242.10000610351562,242.10000610351562,238.10000610351562,238.5,865
2022-03-11,240.60000610351562,240.60000610351562,237.85000610351562,238.64999389648438,227
2022-03-14,240.44999694824219,240.44999694824219,239.05000305175781,240,65
2022-03-15,239.30000305175781,242.19999694824219,239.30000305175781,242.19999694824219,127
2022-03-16,245.30000305175781,245.30000305175781,240.19999694824219,240.19999694824219,227
2022-03-17,241.55000305175781,242.44999694824219,239.14999389648438,242.44999694824219,823
2022-03-18,242.39999389648438,243.60000610351562,241.55000305175781,243.60000610351562,44
2022-03-21,243.10000610351562,244.10000610351562,241.60000610351562,241.60000610351562,74
2022-03-22,244.19999694824219,244.69999694824219,242.94999694824219,244.69999694824219,0
2022-03-23,244.5,244.5,238.55000305175781,238.55000305175781,0
2022-03-24,241.10000610351562,241.10000610351562,238.14999389648438,238.55000305175781,142
2022-03-25,239.19999694824219,241.14999389648438,239.19999694824219,240.39999389648438,20
2022-03-28,241.5,244.55000305175781,241.5,242.75,1
2022-03-29,245.60000610351562,246.05000305175781,243.35000610351562,246.05000305175781,758
2022-03-30,245.44999694824219,248.35000610351562,245.44999694824219,248.35000610351562,1
2022-03-31,248.85000610351562,251,248.85000610351562,249.10000610351562,1085
2022-04-01,249.5,249.69999694824219,248.30000305175781,248.30000305175781,9
2022-04-04,250.89999389648438,250.89999389648438,248.05000305175781,249.85000610351562,1
2022-04-05,250.05000305175781,254.69999694824219,250.05000305175781,254.69999694824219,0
2022-04-06,253.44999694824219,255.10000610351562,252.75,255.10000610351562,260
2022-04-07,256.04998779296875,257,253.75,253.75,29
2022-04-08,256.10000610351562,257.70001220703125,256.04998779296875,257.70001220703125,67
2022-04-11,255.30000305175781,255.94999694824219,254.80000305175781,254.80000305175781,0
2022-04-12,252.19999694824219,252.55000305175781,252.10000610351562,252.39999389648438,1136
2022-04-13,251.39999389648438,252.39999389648438,251.19999694824219,251.80000305175781,288
2022-04-14,251.94999694824219,253.44999694824219,249.39999389648438,252.30000305175781,105
2022-04-19,253.19999694824219,253.19999694824219,247.94999694824219,251.80000305175781,1445
2022-04-20,251.25,255.25,251.25,255.25,0
2022-04-21,254,255.14999389648438,252.85000610351562,252.89999389648438,90
2022-04-22,251.89999389648438,253.25,250.94999694824219,250.94999694824219,1449
2022-04-25,249.55000305175781,254.69999694824219,249.55000305175781,254.05000305175781,671
2022-04-26,255.25,256.5,251.85000610351562,251.85000610351562,796
2022-04-27,249.19999694824219,252.55000305175781,249.19999694824219,252.55000305175781,1
2022-04-28,254,256.14999389648438,254,256.14999389648438,1642
2022-04-29,256.35000610351562,256.35000610351562,254.64999389648438,254.64999389648438,29
2022-05-02,255.25,255.25,251.10000610351562,251.10000610351562,74
2022-05-03,251.25,252.19999694824219,250.60000610351562,252.19999694824219,590
2022-05-04,252.69999694824219,252.85000610351562,251.39999389648438,251.39999389648438,322
2022-05-05,254.05000305175781,254.05000305175781,248.60000610351562,249.14999389648438,81
2022-05-06,247.94999694824219,248.55000305175781,246.14999389648438,246.14999389648438,1
2022-05-09,247.05000305175781,247.05000305175781,241.89999389648438,241.89999389648438,60
2022-05-10,242.39999389648438,243.5,242.39999389648438,243.14999389648438,45
2022-05-11,244.05000305175781,248.94999694824219,243.80000305175781,248.94999694824219,1000
2022-05-12,246.25,246.25,242.64999389648438,242.85000610351562,2
2022-05-13,245.55000305175781,247.64999389648438,245.55000305175781,247.64999389648438,583
2022-05-16,247.69999694824219,250.85000610351562,247.69999694824219,250.85000610351562,423
2022-05-17,252.55000305175781,253.89999389648438,252.55000305175781,253.25,9
2022-05-18,255.25,255.25,254.25,254.64999389648438,0
2022-05-19,253.44999694824219,255,253.19999694824219,254.14999389648438,632
2022-05-20,255.85000610351562,259.60000610351562,255.85000610351562,257.95001220703125,2926
2022-05-23,259.29998779296875,260.10000610351562,257.85000610351562,260.10000610351562,686
2022-05-24,251.69999694824219,254.25,251.69999694824219,254.25,117
2022-05-25,259.14999389648438,259.35000610351562,258.35000610351562,259.25,17
2022-05-26,259.35000610351562,259.45001220703125,257.25,257.25,115
2022-05-27,256.95001220703125,256.95001220703125,253.19999694824219,254.75,571
2022-05-30,255.10000610351562,255.10000610351562,251.89999389648438,253.44999694824219,116
2022-05-31,253.39999389648438,253.39999389648438,251.25,251.75,1410
2022-06-01,253.19999694824219,254.05000305175781,248.55000305175781,248.80000305175781,1350
2022-06-02,249.75,249.80000305175781,248.89999389648438,248.89999389648438,0
2022-06-03,250.94999694824219,250.94999694824219,248.94999694824219,249.10000610351562,5
2022-06-06,252.5,252.80000305175781,251.69999694824219,252.69999694824219,1
2022-06-07,251.19999694824219,252.89999389648438,250.75,252.89999389648438,12
2022-06-08,252.75,252.75,249.05000305175781,249.69999694824219,243
2022-06-09,249.14999389648438,249.14999389648438,247.75,247.80000305175781,77
2022-06-10,246.05000305175781,246.05000305175781,242.10000610351562,242.30000305175781,2
2022-06-13,240,240,237.44999694824219,237.44999694824219,0
2022-06-14,239.44999694824219,239.44999694824219,231.60000610351562,231.60000610351562,0
2022-06-15,235.55000305175781,237.19999694824219,234.60000610351562,235.60000610351562,349
2022-06-16,235.44999694824219,235.44999694824219,228.80000305175781,229.55000305175781,0
2022-06-17,229.19999694824219,231.69999694824219,229.19999694824219,230.14999389648438,34
2022-06-20,231.14999389648438,233,231.14999389648438,233,0
2022-06-21,233.30000305175781,233.30000305175781,230.69999694824219,230.89999389648438,77
2022-06-22,229.19999694824219,229.19999694824219,227.69999694824219,228.89999389648438,0
2022-06-23,227.30000305175781,231.75,227.30000305175781,230.10000610351562,1070
2022-06-24,232.55000305175781,233.75,232.55000305175781,233.5,1516
2022-06-27,233.60000610351562,233.94999694824219,231.80000305175781,231.80000305175781,316
2022-06-28,232.94999694824219,235.14999389648438,232.94999694824219,235.14999389648438,0
2022-06-29,235.94999694824219,235.94999694824219,231.35000610351562,233.19999694824219,1618
2022-06-30,228.5,229.05000305175781,226.10000610351562,227.25,664
2022-07-01,225.60000610351562,234.44999694824219,225,234.44999694824219,93
2022-07-04,235.85000610351562,236.10000610351562,232.80000305175781,232.80000305175781,452
2022-07-05,232.94999694824219,233.19999694824219,228.19999694824219,228.19999694824219,530
2022-07-06,229.64999389648438,232.39999389648438,229.64999389648438,230.75,557
2022-07-07,232.69999694824219,234.10000610351562,231.30000305175781,234.10000610351562,685
2022-07-08,233.55000305175781,235.35000610351562,233.5,233.5,286
2022-07-11,232.85000610351562,236.75,232.85000610351562,236.60000610351562,49
2022-07-12,236.60000610351562,236.94999694824219,236.60000610351562,236.60000610351562,0
2022-07-13,235.94999694824219,235.94999694824219,235.25,235.60000610351562,0
2022-07-14,235.10000610351562,235.10000610351562,231.10000610351562,231.30000305175781,21
2022-07-15,233.05000305175781,234.94999694824219,233.05000305175781,234.14999389648438,5
2022-07-18,233.85000610351562,235.69999694824219,233.85000610351562,235.69999694824219,1
2022-07-19,236,239.05000305175781,236,239.05000305175781,0
2022-07-20,239.85000610351562,239.85000610351562,236.69999694824219,236.69999694824219,2
2022-07-21,235.69999694824219,235.69999694824219,233.10000610351562,233.60000610351562,155
2022-07-22,234,236.89999389648438,234,236.69999694824219,4
2022-07-25,236,238.05000305175781,236,237.10000610351562,20
2022-07-26,236.89999389648438,238.64999389648438,236.85000610351562,238.64999389648438,0
2022-07-27,240,240.30000305175781,238.39999389648438,240.30000305175781,15
2022-07-28,240.80000305175781,243.80000305175781,240.39999389648438,243.80000305175781,166
2022-07-29,246.25,246.89999389648438,246.14999389648438,246.60000610351562,13
2022-08-01,247,248.35000610351562,247,247.19999694824219,10
2022-08-02,246.25,248.39999389648438,246.25,248.39999389648438,6
2022-08-03,248,248.5,246,246,446
2022-08-04,246.64999389648438,247.10000610351562,246.64999389648438,247.10000610351562,2
2022-08-05,247.80000305175781,247.80000305175781,245.80000305175781,245.80000305175781,0
2022-08-08,248.89999389648438,250.10000610351562,248,249.64999389648438,15
2022-08-09,248.69999694824219,250.94999694824219,248.30000305175781,250.94999694824219,37
2022-08-10,251.19999694824219,251.19999694824219,249.69999694824219,249.69999694824219,10
2022-08-11,248.89999389648438,250.80000305175781,248.85000610351562,249,80
2022-08-12,250.10000610351562,250.10000610351562,249.94999694824219,249.94999694824219,0
2022-08-15,253.19999694824219,253.19999694824219,250.75,252,3
2022-08-16,253.5,255.10000610351562,253.5,255.10000610351562,0
2022-08-17,255.10000610351562,255.10000610351562,253.30000305175781,253.30000305175781,0
2022-08-18,253.19999694824219,253.19999694824219,252.60000610351562,252.60000610351562,3
2022-08-19,252.14999389648438,252.39999389648438,251.14999389648438,251.69999694824219,1
2022-08-22,251.10000610351562,251.30000305175781,250.94999694824219,251.30000305175781,0
2022-08-23,250.69999694824219,250.69999694824219,250.05000305175781,250.25,21
2022-08-24,250,250,249.85000610351562,249.94999694824219,2
2022-08-25,250.5,250.5,250,250,0
2022-08-26,251.10000610351562,251.10000610351562,245.25,245.60000610351562,3
2022-08-29,242.44999694824219,242.44999694824219,241.10000610351562,241.60000610351562,5
2022-08-30,242.10000610351562,242.10000610351562,237.94999694824219,237.94999694824219,20
2022-08-31,238.19999694824219,238.19999694824219,231.94999694824219,231.94999694824219,0
2022-09-01,231.89999389648438,231.94999694824219,230.75,231.60000610351562,7
2022-09-02,231.69999694824219,234.35000610351562,231.5,234.35000610351562,0
2022-09-05,230.05000305175781,234.69999694824219,230.05000305175781,234.55000305175781,347
2022-09-06,236.35000610351562,236.35000610351562,231.69999694824219,232.5,228
2022-09-07,231.55000305175781,240.10000610351562,231.55000305175781,237.80000305175781,61
2022-09-08,237.19999694824219,238.10000610351562,236.25,238.10000610351562,1
2022-09-09,237.39999389648438,240.05000305175781,237.39999389648438,239.64999389648438,0
2022-09-12,239.89999389648438,242.39999389648438,239.89999389648438,242.39999389648438,1
2022-09-13,243.19999694824219,245,242.35000610351562,242.35000610351562,787
2022-09-14,241.55000305175781,241.55000305175781,238.39999389648438,238.39999389648438,10
2022-09-15,237.10000610351562,237.10000610351562,235.10000610351562,235.10000610351562,3
2022-09-16,233.35000610351562,235.30000305175781,233.35000610351562,234.44999694824219,0
2022-09-19,232.64999389648438,234.19999694824219,232.64999389648438,234.19999694824219,0
2022-09-20,236.25,236.25,230.55000305175781,230.64999389648438,1091
2022-09-21,230.85000610351562,234.85000610351562,230.85000610351562,234.85000610351562,0
2022-09-22,232.5,233.30000305175781,231.69999694824219,231.69999694824219,1
2022-09-23,232.19999694824219,232.19999694824219,224.5,226.19999694824219,21
2022-09-26,223.80000305175781,223.80000305175781,220.89999389648438,220.89999389648438,0
2022-09-27,221.85000610351562,221.85000610351562,214.05000305175781,214.05000305175781,0
2022-09-28,213.30000305175781,215.39999389648438,213.30000305175781,215.39999389648438,8
2022-09-29,213.35000610351562,213.35000610351562,211.10000610351562,211.25,1
2022-09-30,212.64999389648438,212.64999389648438,211.44999694824219,211.44999694824219,0
2022-10-03,211.30000305175781,216.69999694824219,211.30000305175781,216.69999694824219,8
2022-10-04,218,219.10000610351562,218,219.10000610351562,444
2022-10-05,219.35000610351562,219.35000610351562,216.05000305175781,216.05000305175781,0
2022-10-06,215.94999694824219,215.94999694824219,210.94999694824219,211.60000610351562,34
2022-10-07,211,213.75,209.75,209.75,29
2022-10-10,208.10000610351562,208.10000610351562,207.94999694824219,207.94999694824219,0
2022-10-11,207.44999694824219,207.44999694824219,203.94999694824219,204.5,441
2022-10-12,203.69999694824219,203.69999694824219,201.05000305175781,201.05000305175781,0
2022-10-13,199.30000305175781,204.39999389648438,199.30000305175781,204.39999389648438,0
2022-10-14,208.75,209.60000610351562,207.30000305175781,207.30000305175781,0
2022-10-17,209.69999694824219,213.25,209.69999694824219,212.75,3
2022-10-18,213.14999389648438,213.69999694824219,212.14999389648438,212.14999389648438,1
2022-10-19,212.39999389648438,212.39999389648438,209.35000610351562,211.10000610351562,1086
2022-10-20,210.55000305175781,210.85000610351562,209.64999389648438,210.75,82
2022-10-21,210.05000305175781,210.05000305175781,206.75,208.30000305175781,66
2022-10-24,212.30000305175781,214.30000305175781,212.30000305175781,214.30000305175781,0
2022-10-25,215.10000610351562,219.10000610351562,214.5,219.10000610351562,0
2022-10-26,218.69999694824219,220,218.69999694824219,220,0
2022-10-27,219.19999694824219,222.60000610351562,218.80000305175781,222.60000610351562,308
2022-10-28,220.60000610351562,222.5,220.60000610351562,222.5,0
2022-10-31,223.30000305175781,223.60000610351562,222.5,223.39999389648438,1
2022-11-01,224.35000610351562,226.80000305175781,224.35000610351562,225,16
2022-11-02,224.39999389648438,225.80000305175781,224.39999389648438,225.10000610351562,0
2022-11-03,222.14999389648438,223,221.14999389648438,223,1
2022-11-04,224.44999694824219,225,223.19999694824219,225,1
2022-11-07,225.85000610351562,226.39999389648438,225,225,2
2022-11-08,224.25,227.55000305175781,224.25,227.55000305175781,0
2022-11-09,228.75,229.25,226.5,229.25,7
2022-11-10,230.55000305175781,236.75,230.55000305175781,236.75,0
2022-11-11,235.85000610351562,238.19999694824219,233.14999389648438,233.14999389648438,10
2022-11-14,233.64999389648438,235.14999389648438,233.64999389648438,234.64999389648438,14
2022-11-15,238,238,236.69999694824219,236.69999694824219,4
2022-11-16,236.10000610351562,236.55000305175781,234.75,236.55000305175781,2
2022-11-17,237.35000610351562,237.35000610351562,232.89999389648438,235.55000305175781,1
2022-11-18,237.75,239.69999694824219,237.75,239.69999694824219,0
2022-11-21,240.69999694824219,240.69999694824219,240,240.19999694824219,1
2022-11-22,241.19999694824219,242.14999389648438,241.19999694824219,241.19999694824219,10
2022-11-23,239.19999694824219,241.35000610351562,239.19999694824219,241.19999694824219,455
2022-11-24,241.94999694824219,243.80000305175781,241.94999694824219,243.60000610351562,39
2022-11-25,243.44999694824219,243.5,243.44999694824219,243.5,14
2022-11-28,242.55000305175781,242.55000305175781,240.55000305175781,240.55000305175781,1
2022-11-29,241.05000305175781,241.05000305175781,238.64999389648438,238.64999389648438,272
2022-11-30,240.05000305175781,241,239.30000305175781,241,209
2022-12-01,244,245.44999694824219,244,244.69999694824219,102
2022-12-02,244.64999389648438,245.64999389648438,244.30000305175781,244.30000305175781,0
2022-12-05,243.94999694824219,244.5,243.94999694824219,244.5,20
2022-12-06,244.75,245.69999694824219,243.94999694824219,243.94999694824219,189
2022-12-07,243.85000610351562,244,243.55000305175781,243.55000305175781,2
2022-12-08,242.69999694824219,242.69999694824219,240.55000305175781,241.30000305175781,84
2022-12-09,242.25,243.35000610351562,242.14999389648438,243.35000610351562,0
2022-12-12,243.14999389648438,243.14999389648438,242.5,242.55000305175781,585
2022-12-13,241.60000610351562,244.19999694824219,241.60000610351562,243.85000610351562,8
2022-12-14,243.85000610351562,245.60000610351562,243.85000610351562,245.60000610351562,0
2022-12-15,244.80000305175781,244.80000305175781,240.19999694824219,240.19999694824219,3
2022-12-16,239.69999694824219,239.69999694824219,236.25,236.25,20
2022-12-19,236.94999694824219,238.75,236.94999694824219,237.35000610351562,105
2022-12-20,234.60000610351562,236.60000610351562,234.60000610351562,236.60000610351562,0
2022-12-21,237.85000610351562,239.05000305175781,237.5,239.05000305175781,85
2022-12-22,239.89999389648438,239.89999389648438,238,238,96
2022-12-23,238.69999694824219,238.69999694824219,236.94999694824219,237.39999389648438,0
2022-12-27,238.60000610351562,238.60000610351562,236.64999389648438,236.85000610351562,203
2022-12-28,238.10000610351562,238.30000305175781,236.64999389648438,236.64999389648438,0
2022-12-29,236.05000305175781,238.89999389648438,236.05000305175781,238.89999389648438,1
2022-12-30,237.5,237.89999389648438,237.19999694824219,237.19999694824219,3
2023-01-02,239.69999694824219,239.69999694824219,238.44999694824219,239.64999389648438,7
2023-01-03,238.30000305175781,239.55000305175781,238.30000305175781,238.60000610351562,3
2023-01-04,239.60000610351562,241.64999389648438,239.60000610351562,241.64999389648438,16
2023-01-05,241.35000610351562,242,240.05000305175781,240.05000305175781,0
2023-01-06,239.85000610351562,242.5,239.85000610351562,242.5,1
2023-01-09,241.39999389648438,242,240.35000610351562,241.55000305175781,1
2023-01-10,241.5,241.5,240.94999694824219,240.94999694824219,0
2023-01-11,241.19999694824219,244.14999389648438,241.19999694824219,244,225
2023-01-12,246.25,246.94999694824219,246.25,246.94999694824219,0
2023-01-13,245.64999389648438,246.60000610351562,245.64999389648438,246,15
2023-01-16,246.94999694824219,246.94999694824219,245.60000610351562,246.05000305175781,4
2023-01-17,245.30000305175781,245.89999389648438,244.44999694824219,245.89999389648438,5
2023-01-18,246,246,244.94999694824219,244.94999694824219,0
2023-01-19,244.89999389648438,244.89999389648438,242.60000610351562,243.60000610351562,0
2023-01-20,244.14999389648438,244.30000305175781,243.55000305175781,243.55000305175781,1
2023-01-23,244.19999694824219,244.19999694824219,243.5,243.5,0
2023-01-24,244.44999694824219,244.85000610351562,244.44999694824219,244.60000610351562,1
2023-01-25,245.05000305175781,245.64999389648438,244.30000305175781,245.64999389648438,275
2023-01-26,246.35000610351562,246.35000610351562,244.25,244.80000305175781,3730
2023-01-27,244.75,244.75,243.60000610351562,244.30000305175781,3016
2023-01-30,243.69999694824219,243.69999694824219,242.39999389648438,243.39999389648438,3338
2023-01-31,243.35000610351562,243.35000610351562,241.14999389648438,242,2718
2023-02-01,242.5,242.94999694824219,240.80000305175781,241.19999694824219,20
2023-02-02,242.10000610351562,244.44999694824219,241.25,244.44999694824219,1
2023-02-03,242.69999694824219,242.69999694824219,242.55000305175781,242.55000305175781,0
2023-02-06,242.10000610351562,243.14999389648438,241.60000610351562,243.14999389648438,1
2023-02-07,244.14999389648438,244.14999389648438,242.5,242.5,44
2023-02-08,243.94999694824219,243.94999694824219,242.85000610351562,242.85000610351562,175
2023-02-09,244.39999389648438,244.39999389648438,242.19999694824219,242.60000610351562,9
2023-02-10,242.64999389648438,243,241.14999389648438,242.35000610351562,1
2023-02-13,242.55000305175781,243.39999389648438,242.55000305175781,243.39999389648438,0
2023-02-14,244.55000305175781,244.85000610351562,243.25,243.25,0
2023-02-15,245.55000305175781,245.55000305175781,243.25,243.80000305175781,5
2023-02-16,244.89999389648438,245.05000305175781,242.05000305175781,243.64999389648438,151
2023-02-17,242.64999389648438,245.60000610351562,242.64999389648438,245.60000610351562,0
2023-02-20,246.89999389648438,246.89999389648438,246.25,246.25,0
2023-02-21,246.60000610351562,249.39999389648438,246.60000610351562,247.85000610351562,1
2023-02-22,247.14999389648438,247.14999389648438,245,246.14999389648438,210
2023-02-23,245.69999694824219,246.25,245.5,245.5,1
2023-02-24,246.55000305175781,246.55000305175781,244.85000610351562,244.85000610351562,0
2023-02-27,246.44999694824219,247.05000305175781,246.44999694824219,246.60000610351562,103
2023-02-28,245.60000610351562,246.25,244.69999694824219,245.14999389648438,432
2023-03-01,245,245,238.39999389648438,238.64999389648438,6969
2023-03-02,237.85000610351562,240.80000305175781,237.85000610351562,240.69999694824219,1337
2023-03-03,242.60000610351562,243.25,241.75,242.64999389648438,1719
2023-03-06,243.35000610351562,243.35000610351562,241.69999694824219,242.39999389648438,0
2023-03-07,241.80000305175781,243.64999389648438,241.75,241.75,3
2023-03-08,240,242.64999389648438,240,242.64999389648438,416
2023-03-09,242.25,244.05000305175781,241,242.89999389648438,3902
2023-03-10,243.39999389648438,243.39999389648438,242.19999694824219,242.64999389648438,607
2023-03-13,242.05000305175781,243.80000305175781,239.5,241.55000305175781,37
2023-03-14,243.14999389648438,245.55000305175781,243.14999389648438,245.35000610351562,0
2023-03-15,246.10000610351562,246.69999694824219,241.75,241.75,3829
2023-03-16,243.44999694824219,244.85000610351562,241.55000305175781,244.85000610351562,3272
2023-03-17,245.05000305175781,245.05000305175781,239.80000305175781,240.10000610351562,143
2023-03-20,241.25,243.94999694824219,241.25,243.94999694824219,0
2023-03-21,244.60000610351562,246.05000305175781,244.60000610351562,244.89999389648438,1
2023-03-22,244.60000610351562,245,244.05000305175781,245,14
2023-03-23,244.30000305175781,246.55000305175781,244.30000305175781,246.14999389648438,4
2023-03-24,244.19999694824219,244.19999694824219,241.94999694824219,242.55000305175781,7
2023-03-27,244.5,245.85000610351562,244.25,245.85000610351562,5059
2023-03-28,246.10000610351562,246.10000610351562,245.30000305175781,245.75,58
2023-03-29,246.30000305175781,248.39999389648438,246.30000305175781,248.39999389648438,0
2023-03-30,250.80000305175781,252.64999389648438,250.80000305175781,252.64999389648438,0
2023-03-31,252,254.80000305175781,252,254.39999389648438,299
2023-04-03,255.5,255.5,252.69999694824219,253.19999694824219,29
2023-04-04,253.25,254.25,253.25,254.05000305175781,2
2023-04-05,254.5,257.95001220703125,254.5,257.95001220703125,0
2023-04-06,258.75,261.45001220703125,258.75,261.04998779296875,1
2023-04-11,262,262,261.60000610351562,261.64999389648438,0
2023-04-12,263.14999389648438,264.10000610351562,263.14999389648438,263.29998779296875,6
2023-04-13,263.29998779296875,263.29998779296875,260.79998779296875,260.95001220703125,3
2023-04-14,261.35000610351562,261.35000610351562,257.45001220703125,257.45001220703125,0
2023-04-17,258.10000610351562,259.39999389648438,258.10000610351562,258.25,46
2023-04-18,258.45001220703125,258.45001220703125,257.60000610351562,257.70001220703125,13
2023-04-19,257.25,261.10000610351562,257.25,260.54998779296875,672
2023-04-20,259.79998779296875,261.20001220703125,259.79998779296875,261.20001220703125,417
2023-04-21,262.79998779296875,264.75,262.75,263.60000610351562,8481
2023-04-24,263.04998779296875,263.04998779296875,261.70001220703125,262.64999389648438,1969
2023-04-25,261.35000610351562,262.95001220703125,261.35000610351562,262.95001220703125,1634
2023-04-26,263.79998779296875,263.79998779296875,262.54998779296875,262.54998779296875,0
2023-04-27,262.95001220703125,264.14999389648438,262.95001220703125,264.14999389648438,0
2023-04-28,264.39999389648438,265.14999389648438,262.45001220703125,265.14999389648438,7
2023-05-02,265.75,265.75,262.45001220703125,262.45001220703125,160
2023-05-03,263.25,263.25,262.35000610351562,262.85000610351562,231
2023-05-04,261.5,265.14999389648438,261.20001220703125,265.14999389648438,10
2023-05-05,265.70001220703125,266.60000610351562,264.39999389648438,266.04998779296875,723
2023-05-08,265.60000610351562,265.79998779296875,265.20001220703125,265.39999389648438,83
2023-05-09,265,266.20001220703125,264.14999389648438,266.20001220703125,0
2023-05-10,265.95001220703125,266.5,265.95001220703125,266.04998779296875,660
2023-05-11,266.25,266.35000610351562,265.35000610351562,265.35000610351562,1
2023-05-12,267.14999389648438,267.85000610351562,267.14999389648438,267.5,0
2023-05-15,269.10000610351562,269.60000610351562,267.89999389648438,267.89999389648438,3
2023-05-16,268.70001220703125,269.75,267.60000610351562,267.60000610351562,70
2023-05-17,265.29998779296875,265.89999389648438,264.5,264.5,64
2023-05-18,264.45001220703125,264.45001220703125,260,260.54998779296875,284
2023-05-19,260.64999389648438,262.54998779296875,260.64999389648438,262.10000610351562,2
2023-05-22,261.89999389648438,263.85000610351562,261.89999389648438,262.10000610351562,29
2023-05-23,260.29998779296875,262.29998779296875,260.29998779296875,262.10000610351562,5
2023-05-24,261,261,257.45001220703125,258.79998779296875,15
2023-05-25,258.04998779296875,258.04998779296875,255.35000610351562,255.35000610351562,0
2023-05-26,255.80000305175781,255.80000305175781,254.19999694824219,254.94999694824219,4799
2023-05-29,256.89999389648438,256.89999389648438,255.85000610351562,255.94999694824219,0
2023-05-30,256.60000610351562,258.75,256.60000610351562,258.10000610351562,17
2023-05-31,257.64999389648438,258.20001220703125,257.04998779296875,257.04998779296875,0
2023-06-01,258.29998779296875,259,258.04998779296875,258.70001220703125,16
2023-06-02,259,259.70001220703125,256.75,259.70001220703125,159
2023-06-05,259.35000610351562,260.10000610351562,259.35000610351562,259.35000610351562,2
2023-06-06,259.25,261.20001220703125,259.25,261.20001220703125,1
2023-06-07,261.04998779296875,261.20001220703125,259.45001220703125,259.45001220703125,13
2023-06-08,260.54998779296875,260.85000610351562,260.04998779296875,260.10000610351562,34
2023-06-09,261.10000610351562,261.79998779296875,261.10000610351562,261.79998779296875,0
2023-06-12,263.20001220703125,263.20001220703125,261.85000610351562,261.85000610351562,2
2023-06-13,262.10000610351562,262.10000610351562,259.35000610351562,260.75,3
2023-06-14,260.70001220703125,262.79998779296875,260.70001220703125,262.79998779296875,0
2023-06-15,261.60000610351562,262.29998779296875,261.04998779296875,261.79998779296875,25
2023-06-16,262.29998779296875,265.89999389648438,262.29998779296875,265.10000610351562,2
2023-06-19,264.20001220703125,264.20001220703125,262.35000610351562,262.35000610351562,24
2023-06-20,262.35000610351562,264.14999389648438,262.35000610351562,264.14999389648438,0
2023-06-21,261.35000610351562,262.20001220703125,261.35000610351562,261.89999389648438,1
2023-06-22,260.70001220703125,260.70001220703125,259.89999389648438,260.29998779296875,0
2023-06-23,259.5,261.75,259.20001220703125,259.20001220703125,0
2023-06-26,259.5,260.29998779296875,259.5,259.54998779296875,0
2023-06-27,260.29998779296875,261.39999389648438,260.29998779296875,261.39999389648438,0
2023-06-28,262.39999389648438,262.79998779296875,262.39999389648438,262.79998779296875,5
2023-06-29,263.10000610351562,263.10000610351562,261.95001220703125,261.95001220703125,0
2023-06-30,262.75,264.35000610351562,262.75,263.89999389648438,12
2023-07-03,265.10000610351562,266.5,265.10000610351562,265.89999389648438,12
2023-07-04,266.39999389648438,267.64999389648438,266.39999389648438,266.60000610351562,4
2023-07-05,265.60000610351562,265.60000610351562,261.60000610351562,261.60000610351562,0
2023-07-06,261.5,262.20001220703125,257.89999389648438,257.89999389648438,1
2023-07-07,256.25,256.75,256.25,256.25,18
2023-07-10,255.10000610351562,256.89999389648438,254.44999694824219,254.44999694824219,12
2023-07-11,255.44999694824219,255.60000610351562,255.44999694824219,255.60000610351562,0
2023-07-12,255.94999694824219,258.39999389648438,255.94999694824219,258.39999389648438,0
2023-07-13,259.5,261.29998779296875,259.29998779296875,261.04998779296875,57
2023-07-14,260.54998779296875,260.70001220703125,260.25,260.25,6
2023-07-17,259.70001220703125,260.25,258.85000610351562,258.85000610351562,66
2023-07-18,257.95001220703125,258.5,257.95001220703125,258.5,0
2023-07-19,260.04998779296875,260.54998779296875,259.64999389648438,259.95001220703125,3
2023-07-20,261.14999389648438,261.85000610351562,261.14999389648438,261.85000610351562,0
2023-07-21,262.89999389648438,263.95001220703125,262.70001220703125,263.95001220703125,13
2023-07-24,262.45001220703125,264.79998779296875,262.45001220703125,264.14999389648438,153
2023-07-25,263.04998779296875,263.64999389648438,261.85000610351562,263.64999389648438,0
2023-07-26,265.35000610351562,265.35000610351562,263.10000610351562,265,1
2023-07-27,266,266,264.89999389648438,265.25,1
2023-07-28,263.54998779296875,265.14999389648438,262.20001220703125,262.20001220703125,2109
2023-07-31,261.95001220703125,262.75,261.95001220703125,262,0
2023-08-01,263.10000610351562,263.10000610351562,259.60000610351562,259.60000610351562,9
2023-08-02,256.85000610351562,256.95001220703125,254.35000610351562,255.05000305175781,382
2023-08-03,253.25,253.69999694824219,250,250.60000610351562,235
2023-08-04,250.25,251.60000610351562,249.14999389648438,251.25,312
2023-08-07,251.05000305175781,251.10000610351562,248.35000610351562,250.44999694824219,435
2023-08-08,250.69999694824219,252.35000610351562,250.69999694824219,251.85000610351562,262
2023-08-09,252.64999389648438,253.25,251.60000610351562,252,264
2023-08-10,253.60000610351562,254.25,253.19999694824219,254.25,113
2023-08-11,253.64999389648438,253.85000610351562,252.80000305175781,252.80000305175781,332
2023-08-14,252.55000305175781,253.19999694824219,252.10000610351562,252.75,339
2023-08-15,253.05000305175781,253.05000305175781,249.05000305175781,249.30000305175781,644
2023-08-16,249.39999389648438,250.69999694824219,249.39999389648438,249.89999389648438,0
2023-08-17,248.80000305175781,249.35000610351562,247.64999389648438,247.64999389648438,906
2023-08-18,247.64999389648438,249,247.64999389648438,248.39999389648438,100
2023-08-21,248.64999389648438,249.60000610351562,247.89999389648438,247.89999389648438,2
2023-08-22,249.30000305175781,250.14999389648438,249.14999389648438,249.44999694824219,7
2023-08-23,251.30000305175781,253.64999389648438,251.30000305175781,252.19999694824219,43
2023-08-24,254.14999389648438,254.14999389648438,253.05000305175781,253.05000305175781,0
2023-08-25,253,254.80000305175781,253,254.75,1
2023-08-28,255.80000305175781,256.25,255.39999389648438,256.25,17
2023-08-29,257.04998779296875,258.70001220703125,257.04998779296875,258.70001220703125,37
2023-08-30,256.45001220703125,256.45001220703125,253.85000610351562,253.85000610351562,3
2023-08-31,254.5,255.85000610351562,254.5,254.5,2
2023-09-01,254.5,254.80000305175781,252.89999389648438,252.89999389648438,8
2023-09-04,253.89999389648438,253.89999389648438,251,251,1
2023-09-05,250.19999694824219,250.5,248.69999694824219,248.69999694824219,0
2023-09-06,248.39999389648438,248.60000610351562,246.75,248.5,18
2023-09-07,247.69999694824219,251.75,247.69999694824219,251.69999694824219,4
2023-09-08,253,253.55000305175781,251.64999389648438,253.55000305175781,1
2023-09-11,254.89999389648438,254.89999389648438,253.60000610351562,253.60000610351562,0
2023-09-12,253.89999389648438,253.89999389648438,252.75,252.75,0
2023-09-13,251.64999389648438,252.19999694824219,249.10000610351562,252.19999694824219,18
2023-09-14,252.5,258.29998779296875,252.5,258.29998779296875,81
2023-09-15,260.35000610351562,260.35000610351562,257.89999389648438,257.89999389648438,7
2023-09-18,257.35000610351562,257.54998779296875,256.04998779296875,256.04998779296875,0
2023-09-19,256.10000610351562,257.25,256.10000610351562,257.20001220703125,2
2023-09-20,257.95001220703125,259.85000610351562,257.95001220703125,259.85000610351562,0
2023-09-21,258,258,255,255.14999389648438,5
2023-09-22,252.64999389648438,254,252.55000305175781,252.55000305175781,15
2023-09-25,251.80000305175781,251.80000305175781,247.80000305175781,248.94999694824219,18
2023-09-26,246.85000610351562,249.35000610351562,246.85000610351562,248.14999389648438,39
2023-09-27,246.44999694824219,246.44999694824219,243.5,243.64999389648438,4
2023-09-28,244.44999694824219,244.44999694824219,241.25,241.25,90
2023-09-29,242.5,245.85000610351562,242.5,243.14999389648438,2
2023-10-02,246,246,236.85000610351562,236.85000610351562,199
2023-10-03,235.05000305175781,235.05000305175781,230.19999694824219,230.19999694824219,1
2023-10-04,230.80000305175781,234.05000305175781,230.80000305175781,231.44999694824219,4
2023-10-05,232.75,233.69999694824219,231.60000610351562,233.35000610351562,7
2023-10-06,233.60000610351562,233.60000610351562,231.39999389648438,233.19999694824219,14
2023-10-09,233.39999389648438,235.60000610351562,233.39999389648438,235.30000305175781,33
2023-10-10,238.44999694824219,241.35000610351562,238.44999694824219,241.35000610351562,5
2023-10-11,241.14999389648438,243.39999389648438,241.14999389648438,242.94999694824219,100
2023-10-12,244.05000305175781,244.64999389648438,241.19999694824219,241.19999694824219,88
2023-10-13,240.10000610351562,241.25,240.10000610351562,240.85000610351562,2
2023-10-16,242,242,239.80000305175781,241.35000610351562,23
2023-10-17,241.94999694824219,242.30000305175781,241.35000610351562,241.35000610351562,0
2023-10-18,240.25,240.35000610351562,239.64999389648438,239.64999389648438,0
2023-10-19,239.05000305175781,240.80000305175781,238.44999694824219,239.64999389648438,21
2023-10-20,237.44999694824219,238.05000305175781,237.25,238.05000305175781,7
2023-10-23,237.85000610351562,237.85000610351562,234.55000305175781,237.25,133
2023-10-24,237.60000610351562,241.05000305175781,237.60000610351562,241.05000305175781,79
2023-10-25,241.25,241.64999389648438,240.05000305175781,241.64999389648438,4
2023-10-26,241.5,243.25,240.64999389648438,242.55000305175781,1
2023-10-27,243.60000610351562,243.60000610351562,241.64999389648438,241.64999389648438,0
2023-10-30,244.55000305175781,244.55000305175781,242.85000610351562,242.85000610351562,1
2023-10-31,243.35000610351562,245.19999694824219,243.35000610351562,244.85000610351562,0
2023-11-01,242.89999389648438,246.44999694824219,242.89999389648438,246.25,27
2023-11-02,248.44999694824219,248.94999694824219,248.44999694824219,248.85000610351562,1
2023-11-03,249.5,250.05000305175781,248.60000610351562,250.05000305175781,21
2023-11-06,250.25,250.25,248.35000610351562,248.35000610351562,0
2023-11-07,248.14999389648438,249.75,247.75,247.75,1
2023-11-08,246.39999389648438,246.39999389648438,244.25,244.94999694824219,2
2023-11-09,246.89999389648438,248.19999694824219,246.89999389648438,248.19999694824219,0
2023-11-10,247.60000610351562,248.14999389648438,246.14999389648438,248.14999389648438,2
2023-11-13,247.35000610351562,248.64999389648438,247.35000610351562,248.55000305175781,0
2023-11-14,249.25,253.05000305175781,249,253.05000305175781,40
2023-11-15,255.30000305175781,255.30000305175781,252.35000610351562,252.35000610351562,2
2023-11-16,253.85000610351562,255.35000610351562,253.85000610351562,255,0
2023-11-17,255.94999694824219,257.29998779296875,255.94999694824219,257.14999389648438,0
2023-11-20,257.64999389648438,258.14999389648438,257.64999389648438,257.95001220703125,1
2023-11-21,258.5,258.5,256.70001220703125,256.70001220703125,2
2023-11-22,256.89999389648438,257.89999389648438,256.70001220703125,256.70001220703125,2
2023-11-23,256.60000610351562,257.64999389648438,256.60000610351562,257.64999389648438,1
2023-11-24,257.35000610351562,258.85000610351562,257.35000610351562,258.85000610351562,1
2023-11-27,258.85000610351562,260.25,258.85000610351562,260.04998779296875,0
2023-11-28,259.54998779296875,262.25,259.54998779296875,261.64999389648438,8
2023-11-29,261.95001220703125,262.89999389648438,261.85000610351562,261.85000610351562,5
2023-11-30,261.85000610351562,262.79998779296875,261.85000610351562,262.64999389648438,13
2023-12-01,263.39999389648438,265.10000610351562,263.39999389648438,264.75,108
2023-12-04,264.75,264.75,264.75,264.75,0
2023-12-05,264.75,264.75,264.75,264.75,0
2023-12-06,264.75,264.75,264.75,264.75,0
2023-12-07,270.29998779296875,270.5,269.64999389648438,269.95001220703125,19
2023-12-08,269.54998779296875,270.75,268.79998779296875,270.75,65
2023-12-11,270.29998779296875,270.29998779296875,268.85000610351562,268.85000610351562,2
2023-12-12,269.10000610351562,269.10000610351562,267.85000610351562,267.85000610351562,2
2023-12-13,268.25,270.04998779296875,268.25,269.85000610351562,2
2023-12-14,275.10000610351562,275.5,273.25,273.25,1
2023-12-15,273,273,271.75,271.75,19
2023-12-18,270.25,270.25,268.04998779296875,268.04998779296875,0
2023-12-19,269.64999389648438,269.64999389648438,269.39999389648438,269.39999389648438,4
2023-12-20,270.25,270.25,268.39999389648438,269.39999389648438,13
2023-12-21,268.39999389648438,268.70001220703125,268.35000610351562,268.70001220703125,1
2023-12-22,268.79998779296875,269.70001220703125,268.79998779296875,269.14999389648438,50
2023-12-27,269.60000610351562,269.60000610351562,268.85000610351562,269.54998779296875,7
2023-12-28,270.29998779296875,270.29998779296875,268.29998779296875,268.75,5
2023-12-29,269.89999389648438,269.89999389648438,268.70001220703125,269.10000610351562,24
2024-01-02,270.89999389648438,270.89999389648438,268.10000610351562,268.10000610351562,6
2024-01-03,268.54998779296875,268.54998779296875,266.35000610351562,266.85000610351562,23
2024-01-04,268.39999389648438,271.20001220703125,268.39999389648438,271.20001220703125,0
2024-01-05,269,272.14999389648438,269,272,14
2024-01-08,272.14999389648438,272.5,271.35000610351562,272.5,14
2024-01-09,272.39999389648438,273.54998779296875,272,273.54998779296875,2
2024-01-10,272.70001220703125,272.70001220703125,272.04998779296875,272.04998779296875,4
2024-01-11,272.79998779296875,272.79998779296875,268.60000610351562,268.60000610351562,0
2024-01-12,270.45001220703125,271.35000610351562,269.70001220703125,271.35000610351562,0
2024-01-15,272.5,272.5,270.89999389648438,270.89999389648438,2
2024-01-16,269.20001220703125,269.20001220703125,268.10000610351562,268.10000610351562,28
2024-01-17,265.10000610351562,265.10000610351562,261.95001220703125,263.29998779296875,8
2024-01-18,261.5,261.75,260.89999389648438,261.39999389648438,77
2024-01-19,261.85000610351562,262.75,261.85000610351562,262.14999389648438,17
2024-01-22,263.14999389648438,263.14999389648438,261.14999389648438,262.29998779296875,0
2024-01-23,262.60000610351562,262.60000610351562,260.14999389648438,260.14999389648438,0
2024-01-24,261.64999389648438,262.04998779296875,260.85000610351562,260.95001220703125,9
2024-01-25,259.35000610351562,260.04998779296875,258.95001220703125,260.04998779296875,0
2024-01-26,261.20001220703125,261.20001220703125,258.04998779296875,258.04998779296875,0
2024-01-29,258.60000610351562,258.60000610351562,257.54998779296875,258.04998779296875,34
2024-01-30,258.25,259,257.54998779296875,258.45001220703125,2351
2024-01-31,258.45001220703125,261.64999389648438,258.45001220703125,261.04998779296875,13
2024-02-01,259.20001220703125,259.29998779296875,258.5,258.54998779296875,27
2024-02-02,260.79998779296875,260.79998779296875,256.5,256.5,2
2024-02-05,257.39999389648438,257.60000610351562,255.89999389648438,255.89999389648438,0
2024-02-06,255.85000610351562,255.85000610351562,253,253.55000305175781,80
2024-02-07,254.35000610351562,254.35000610351562,251.85000610351562,251.85000610351562,10
2024-02-08,251.55000305175781,251.55000305175781,248.64999389648438,248.64999389648438,20
2024-02-09,246.80000305175781,246.80000305175781,245.85000610351562,245.85000610351562,0
2024-02-12,246.44999694824219,248.19999694824219,246.44999694824219,247.64999389648438,0
2024-02-13,248.05000305175781,249.5,246.75,246.75,0
2024-02-14,248.05000305175781,248.05000305175781,246.64999389648438,246.64999389648438,176
2024-02-15,248,249.75,247.05000305175781,248.80000305175781,107
2024-02-16,248.14999389648438,248.14999389648438,247.14999389648438,247.14999389648438,5
2024-02-19,247.39999389648438,247.39999389648438,246.75,246.75,2
2024-02-20,246.30000305175781,249.60000610351562,246.30000305175781,249.60000610351562,2723
2024-02-21,249.25,249.39999389648438,249.19999694824219,249.39999389648438,0
2024-02-22,250.94999694824219,250.94999694824219,247.55000305175781,247.55000305175781,0
2024-02-23,247.94999694824219,248.05000305175781,246.14999389648438,247.55000305175781,3
2024-02-26,246.75,246.75,244.25,244.25,0
2024-02-27,244.39999389648438,246.64999389648438,244.19999694824219,246.25,31
2024-02-28,246.64999389648438,246.64999389648438,244.05000305175781,244.94999694824219,12
2024-02-29,246.25,247.64999389648438,246.25,246.35000610351562,0
2024-03-01,247,247.94999694824219,245.85000610351562,245.85000610351562,6
2024-03-04,246.94999694824219,246.94999694824219,245.35000610351562,245.35000610351562,0
2024-03-05,245.80000305175781,250.05000305175781,245.55000305175781,250.05000305175781,35
2024-03-06,249.55000305175781,253.44999694824219,249.55000305175781,251.75,48
2024-03-07,251.5,255.35000610351562,251.5,254.05000305175781,70
2024-03-08,252.94999694824219,253.64999389648438,252.94999694824219,253.14999389648438,14
2024-03-11,254.44999694824219,254.44999694824219,252.35000610351562,252.35000610351562,5
2024-03-12,252.25,252.55000305175781,249.05000305175781,249.05000305175781,0
2024-03-13,251.64999389648438,251.75,251,251,31
2024-03-14,252.30000305175781,253.80000305175781,250.55000305175781,250.55000305175781,26
2024-03-15,252.39999389648438,252.39999389648438,251.05000305175781,251.10000610351562,110
2024-03-18,251.35000610351562,251.35000610351562,250.35000610351562,250.35000610351562,0
2024-03-19,249.55000305175781,249.55000305175781,249.05000305175781,249.55000305175781,65
2024-03-20,250.10000610351562,252.64999389648438,249.94999694824219,252.05000305175781,220
2024-03-21,253.55000305175781,253.55000305175781,250.75,250.75,0
2024-03-22,250.64999389648438,253.5,250.64999389648438,253.39999389648438,55
2024-03-25,253.19999694824219,253.80000305175781,252.60000610351562,253.80000305175781,86
2024-03-26,253.5,253.94999694824219,253.25,253.35000610351562,15
2024-03-27,253.80000305175781,256.64999389648438,251.94999694824219,256.64999389648438,72
2024-03-28,257.54998779296875,257.54998779296875,255.44999694824219,255.44999694824219,182
2024-04-02,256.39999389648438,256.39999389648438,253.85000610351562,253.85000610351562,54
2024-04-03,253.14999389648438,253.14999389648438,252.5,252.55000305175781,7
2024-04-04,253.05000305175781,254.80000305175781,253.05000305175781,254.35000610351562,41
2024-04-05,252.39999389648438,252.69999694824219,248.75,248.75,63
2024-04-08,249.10000610351562,249.5,249.10000610351562,249.44999694824219,1
2024-04-09,248.85000610351562,250.85000610351562,248.85000610351562,249.75,10
2024-04-10,251.05000305175781,251.44999694824219,246.55000305175781,246.55000305175781,0
2024-04-11,246.44999694824219,248.25,246.44999694824219,247.80000305175781,0
2024-04-12,250.75,253.69999694824219,250.75,253.10000610351562,0
2024-04-15,254,254,250.75,250.75,10
2024-04-16,249.85000610351562,251.35000610351562,248.19999694824219,248.19999694824219,50
2024-04-17,247.85000610351562,249.25,247.85000610351562,248.75,0
2024-04-18,251.05000305175781,252,251.05000305175781,252,2
2024-04-19,252.14999389648438,253.94999694824219,252.14999389648438,253.55000305175781,6
2024-04-22,254.5,254.55000305175781,251.5,254.55000305175781,71
2024-04-23,255.60000610351562,256.60000610351562,255.44999694824219,256.5,42
2024-04-24,255.75,255.85000610351562,255.35000610351562,255.35000610351562,0
2024-04-25,255.30000305175781,255.69999694824219,254.35000610351562,254.35000610351562,0
2024-04-26,255.55000305175781,256.60000610351562,255.55000305175781,255.89999389648438,1
2024-04-29,257.04998779296875,259.10000610351562,257.04998779296875,258.64999389648438,1
2024-04-30,259.79998779296875,259.79998779296875,256.70001220703125,256.89999389648438,234
2024-05-02,260.5,260.85000610351562,259.85000610351562,259.89999389648438,188
2024-05-03,260.64999389648438,261.14999389648438,260.29998779296875,261.14999389648438,0
2024-05-06,261.04998779296875,263.14999389648438,261.04998779296875,262.64999389648438,6
2024-05-07,264.39999389648438,266.95001220703125,264.39999389648438,266.95001220703125,17
2024-05-08,267.54998779296875,268.54998779296875,267.54998779296875,268.54998779296875,0
2024-05-09,268.54998779296875,270.64999389648438,268.54998779296875,270.64999389648438,6
2024-05-10,272.85000610351562,275.54998779296875,272.85000610351562,274.5,46
2024-05-13,274.29998779296875,274.29998779296875,272.89999389648438,273.25,34
2024-05-14,274.10000610351562,274.60000610351562,274.10000610351562,274.60000610351562,0
2024-05-15,276.20001220703125,279.29998779296875,276.20001220703125,279.29998779296875,19
2024-05-16,279.5,279.70001220703125,278.04998779296875,279.60000610351562,31
2024-05-17,279,279.10000610351562,276.54998779296875,277.79998779296875,10
2024-05-20,278.20001220703125,278.35000610351562,276.79998779296875,276.79998779296875,64
2024-05-21,274.79998779296875,276.14999389648438,273.70001220703125,276.14999389648438,92
2024-05-22,274.95001220703125,276.10000610351562,274.95001220703125,276.10000610351562,72
2024-05-23,272.04998779296875,272.04998779296875,268.25,268.25,11
2024-05-24,262.64999389648438,266.85000610351562,262.64999389648438,264.95001220703125,2904
2024-05-27,264.64999389648438,268.10000610351562,264.64999389648438,268.10000610351562,0
2024-05-28,268.60000610351562,268.60000610351562,265.89999389648438,265.89999389648438,56
2024-05-29,264.25,264.25,261,261.14999389648438,27
2024-05-30,261.70001220703125,263.20001220703125,261.70001220703125,263.20001220703125,0
2024-05-31,263.29998779296875,266.60000610351562,263.29998779296875,266.60000610351562,157
2024-06-03,269.85000610351562,269.85000610351562,268.79998779296875,269.20001220703125,38
2024-06-04,268.79998779296875,270.60000610351562,268.79998779296875,270.60000610351562,99
2024-06-05,271.70001220703125,272.20001220703125,269.75,270.5,1836
2024-06-06,270.14999389648438,272.54998779296875,269.70001220703125,269.70001220703125,1
2024-06-07,269.79998779296875,269.79998779296875,266.89999389648438,266.95001220703125,124
2024-06-10,263.79998779296875,266.14999389648438,263.75,266.14999389648438,1
2024-06-11,267.75,267.75,262.54998779296875,262.89999389648438,1
2024-06-12,263.5,265.14999389648438,263.5,265.14999389648438,11
2024-06-13,264.14999389648438,264.14999389648438,261.95001220703125,263.20001220703125,63
2024-06-14,263.25,263.25,259.5,260.5,8
2024-06-17,260.79998779296875,260.79998779296875,257.85000610351562,257.85000610351562,3
2024-06-18,259,261.95001220703125,258.85000610351562,261.95001220703125,30
2024-06-19,262.14999389648438,262.14999389648438,261.60000610351562,261.64999389648438,138
2024-06-20,262.04998779296875,265.10000610351562,262.04998779296875,265.10000610351562,0
2024-06-21,265.75,265.89999389648438,264.5,264.5,5
2024-06-24,264.79998779296875,265.85000610351562,264.39999389648438,265.39999389648438,1
2024-06-25,266.04998779296875,266.04998779296875,265.20001220703125,265.70001220703125,1
2024-06-26,265.39999389648438,265.39999389648438,263.85000610351562,263.85000610351562,6
2024-06-27,263.79998779296875,263.79998779296875,260.29998779296875,260.29998779296875,40
2024-06-28,259.54998779296875,260.25,258.70001220703125,258.70001220703125,0
2024-07-01,263.54998779296875,263.54998779296875,261.75,261.75,10
2024-07-02,260.79998779296875,260.95001220703125,260.64999389648438,260.64999389648438,0
2024-07-03,261.79998779296875,264.79998779296875,261.79998779296875,264.45001220703125,8
2024-07-04,264.85000610351562,265.75,264.45001220703125,265.75,17
2024-07-05,266,268.60000610351562,266,268.60000610351562,4
2024-07-08,267.85000610351562,268.45001220703125,266.64999389648438,266.64999389648438,2
2024-07-09,267,267.20001220703125,265.25,265.25,75
2024-07-10,266,268.64999389648438,266,268.64999389648438,1
2024-07-11,269.85000610351562,275.14999389648438,269.85000610351562,273.10000610351562,74
2024-07-12,274.70001220703125,274.70001220703125,272.35000610351562,272.85000610351562,0
2024-07-15,271.54998779296875,271.54998779296875,267.45001220703125,267.45001220703125,2
2024-07-16,265.85000610351562,265.89999389648438,265.75,265.89999389648438,1
2024-07-17,265.10000610351562,268.10000610351562,265.10000610351562,267.79998779296875,3
2024-07-18,268.89999389648438,269.89999389648438,268.89999389648438,269.89999389648438,48
2024-07-19,267.64999389648438,268.60000610351562,267.64999389648438,268.04998779296875,50
2024-07-22,270.79998779296875,270.79998779296875,269.04998779296875,269.04998779296875,50
2024-07-23,267.70001220703125,270.75,267.70001220703125,270,1
2024-07-24,268.79998779296875,271.54998779296875,268.79998779296875,271.54998779296875,0
2024-07-25,270.25,272.20001220703125,270.10000610351562,272.20001220703125,12
2024-07-26,272.29998779296875,274,272.29998779296875,274,0
2024-07-29,276,276.89999389648438,275.45001220703125,275.45001220703125,0
2024-07-30,276.39999389648438,276.39999389648438,275.29998779296875,275.39999389648438,33
2024-07-31,276.5,276.85000610351562,276.04998779296875,276.04998779296875,0
2024-08-01,276.70001220703125,276.70001220703125,273.79998779296875,273.79998779296875,6
2024-08-02,273.60000610351562,274.75,273.60000610351562,274.75,74
2024-08-05,266.14999389648438,266.14999389648438,264.35000610351562,265,64
2024-08-06,264.85000610351562,264.85000610351562,263.14999389648438,264.85000610351562,22
2024-08-07,265.95001220703125,269.79998779296875,265.95001220703125,269.54998779296875,28
2024-08-08,268.5,269.75,268.5,269.75,0
2024-08-09,268.89999389648438,270.64999389648438,268.89999389648438,269.75,1
2024-08-12,270.70001220703125,270.85000610351562,270.5,270.85000610351562,0
2024-08-13,272.60000610351562,273.5,272.60000610351562,273.5,3
2024-08-14,274.5,274.5,271.39999389648438,272.10000610351562,3
2024-08-15,272.5,272.5,271.95001220703125,272.10000610351562,2
2024-08-16,272.10000610351562,272.75,272.10000610351562,272.75,42
2024-08-19,273.29998779296875,274.54998779296875,272.64999389648438,274.54998779296875,2
2024-08-20,274.89999389648438,274.89999389648438,273.64999389648438,273.79998779296875,0
2024-08-21,273.89999389648438,274.10000610351562,273.5,273.60000610351562,2
2024-08-22,274,275.29998779296875,274,274.54998779296875,0
2024-08-23,274.79998779296875,277.5,274.79998779296875,277.5,1
2024-08-26,277.5,278.54998779296875,277.5,278.14999389648438,305
2024-08-27,279.35000610351562,279.35000610351562,278.39999389648438,278.39999389648438,0
2024-08-28,278.79998779296875,280.35000610351562,278.79998779296875,280.35000610351562,10
2024-08-29,280.85000610351562,281.14999389648438,280.04998779296875,280.10000610351562,1
2024-08-30,281.5,282.70001220703125,281.25,281.60000610351562,6
2024-09-02,282.04998779296875,282.14999389648438,281.10000610351562,282.14999389648438,5
2024-09-03,283.10000610351562,283.10000610351562,281.85000610351562,282.14999389648438,3
2024-09-04,280.70001220703125,282.60000610351562,280.29998779296875,282.60000610351562,7
2024-09-05,283.29998779296875,287.45001220703125,283.29998779296875,287.45001220703125,0
2024-09-06,287.14999389648438,288.79998779296875,287.14999389648438,287.79998779296875,12
2024-09-09,287.89999389648438,290.35000610351562,287.89999389648438,290.35000610351562,2
2024-09-10,290.45001220703125,291.14999389648438,290,290,0
2024-09-11,291.14999389648438,291.14999389648438,289.85000610351562,290,0
2024-09-12,291.85000610351562,291.85000610351562,289,289,0
2024-09-13,290.35000610351562,290.95001220703125,290.29998779296875,290.95001220703125,10
2024-09-16,291.29998779296875,291.89999389648438,291.10000610351562,291.89999389648438,3
2024-09-17,294.29998779296875,294.5,293.5,293.5,13
2024-09-18,294,294,290.75,291.20001220703125,1883
2024-09-19,292.39999389648438,292.39999389648438,285.64999389648438,285.64999389648438,0
2024-09-20,286.5,288.04998779296875,286.5,287.29998779296875,2
2024-09-23,288.5,290.64999389648438,288.5,290.64999389648438,15
2024-09-24,290.29998779296875,291,289.20001220703125,291,0
2024-09-25,289.70001220703125,290.5,289.35000610351562,290.5,19
2024-09-26,292.54998779296875,292.54998779296875,290.10000610351562,290.54998779296875,11
2024-09-27,291.5,292.95001220703125,291.5,292.60000610351562,6
2024-09-30,290.79998779296875,291.10000610351562,289.20001220703125,291.10000610351562,1
2024-10-01,291.35000610351562,292.64999389648438,291,292,6
2024-10-02,292.25,292.25,287.79998779296875,287.79998779296875,2
2024-10-03,287.29998779296875,287.35000610351562,284.60000610351562,284.60000610351562,200
2024-10-04,284.20001220703125,284.64999389648438,282.79998779296875,282.85000610351562,7
2024-10-07,283.39999389648438,283.39999389648438,280.75,281.39999389648438,8
2024-10-08,281.35000610351562,282.89999389648438,281.35000610351562,282.89999389648438,0
2024-10-09,283.5,284,283.45001220703125,284,9
2024-10-10,284.5,284.5,281.54998779296875,282.79998779296875,45
2024-10-11,282.70001220703125,285.20001220703125,282.70001220703125,285.20001220703125,1
2024-10-14,284,288.5,284,288.5,1
2024-10-15,290.45001220703125,291.20001220703125,290.45001220703125,291.20001220703125,2
2024-10-16,291.75,293.89999389648438,291.75,293.89999389648438,5
2024-10-17,295,295.79998779296875,293.29998779296875,293.29998779296875,816
2024-10-18,291.60000610351562,293.10000610351562,291.29998779296875,293.04998779296875,1
2024-10-21,292.75,292.75,290.25,291.85000610351562,0
2024-10-22,290.39999389648438,290.39999389648438,285.25,287.5,0
2024-10-23,289.20001220703125,289.20001220703125,288.20001220703125,288.5,38
2024-10-24,288.95001220703125,289.85000610351562,287.25,287.35000610351562,35
2024-10-25,285.60000610351562,286.35000610351562,285.60000610351562,286.20001220703125,2
2024-10-28,287.39999389648438,288,286.85000610351562,288,3
2024-10-29,289.04998779296875,289.04998779296875,284.5,284.5,4
2024-10-30,283.39999389648438,283.64999389648438,281.89999389648438,281.89999389648438,10
2024-10-31,280.25,280.25,277.04998779296875,278,41
2024-11-01,278.95001220703125,281.29998779296875,278.95001220703125,280.5,6
2024-11-04,280.79998779296875,281.75,279.79998779296875,279.79998779296875,23
2024-11-05,280.89999389648438,281.14999389648438,280.25,280.25,11
2024-11-06,278.60000610351562,278.60000610351562,272.39999389648438,273.45001220703125,90
2024-11-07,275.20001220703125,275.20001220703125,272.70001220703125,272.70001220703125,7
2024-11-08,273.10000610351562,273.79998779296875,273.10000610351562,273.10000610351562,2
2024-11-11,274.85000610351562,278,274.85000610351562,276.45001220703125,236
2024-11-12,274,274.35000610351562,271.5,271.5,4
2024-11-13,272.60000610351562,272.60000610351562,271.70001220703125,271.70001220703125,3
2024-11-14,271.89999389648438,275.75,271.60000610351562,275.75,2
2024-11-15,276.60000610351562,276.79998779296875,276.39999389648438,276.54998779296875,27
2024-11-18,277.10000610351562,277.10000610351562,274.89999389648438,275.35000610351562,0
2024-11-19,277.10000610351562,277.10000610351562,274.85000610351562,275.14999389648438,8
2024-11-20,275.95001220703125,275.95001220703125,274.14999389648438,274.14999389648438,2
2024-11-21,274.45001220703125,275.60000610351562,274.45001220703125,274.70001220703125,6
2024-11-22,275.64999389648438,279.85000610351562,275.64999389648438,279.70001220703125,0
2024-11-25,280,280,277.95001220703125,278.95001220703125,39
2024-11-26,278.39999389648438,278.39999389648438,276.89999389648438,276.89999389648438,9
2024-11-27,276.04998779296875,277.85000610351562,275.75,277.85000610351562,1
2024-11-28,278.60000610351562,280.45001220703125,277.95001220703125,280.45001220703125,0
2024-11-29,280,280.5,280,280.5,0
2024-12-02,279.89999389648438,282.04998779296875,279.85000610351562,280.45001220703125,9
2024-12-03,281.5,281.5,280,280,0
2024-12-04,279.5,279.5,277.89999389648438,277.89999389648438,2
2024-12-05,278.25,279.70001220703125,278.25,279.70001220703125,66
2024-12-06,280.5,280.5,278,278,0
2024-12-09,278.79998779296875,278.79998779296875,276.85000610351562,277.29998779296875,24
2024-12-10,276.5,276.70001220703125,276.25,276.25,0
2024-12-11,276,276,274.20001220703125,274.20001220703125,29
2024-12-12,274.20001220703125,274.64999389648438,273.79998779296875,273.79998779296875,0
2024-12-13,273.14999389648438,273.14999389648438,272.70001220703125,272.79998779296875,836
2024-12-16,272.79998779296875,272.79998779296875,271.04998779296875,271.29998779296875,72
2024-12-17,269.70001220703125,269.75,268.25,269.75,0
2024-12-18,270.25,270.25,268.04998779296875,268.14999389648438,3
2024-12-19,264.70001220703125,265.95001220703125,264.64999389648438,265.95001220703125,38
2024-12-20,264.29998779296875,266.35000610351562,264.20001220703125,266.35000610351562,100
2024-12-23,265.25,267.35000610351562,265.25,267,3
2024-12-27,265.89999389648438,268.45001220703125,265.89999389648438,268,30
2024-12-30,268.75,269.75,268.75,269.64999389648438,1
2025-01-02,273.95001220703125,275.14999389648438,271.39999389648438,274.95001220703125,8
2025-01-03,275.14999389648438,276,274.79998779296875,275.54998779296875,96
2025-01-06,275.60000610351562,275.60000610351562,274.04998779296875,274.60000610351562,0
2025-01-07,273.5,274.39999389648438,273.39999389648438,273.39999389648438,2
2025-01-08,272.60000610351562,272.60000610351562,268.14999389648438,270.35000610351562,7
2025-01-09,269.39999389648438,270.45001220703125,269.39999389648438,270.04998779296875,0
2025-01-10,268.35000610351562,268.35000610351562,264.70001220703125,264.70001220703125,20
2025-01-13,263.10000610351562,265.79998779296875,263.10000610351562,264.5,1003
2025-01-14,264.29998779296875,264.95001220703125,263.79998779296875,263.79998779296875,6
2025-01-15,266.5,268.70001220703125,265.70001220703125,268.60000610351562,577
2025-01-16,268.39999389648438,270.25,267,270.25,0
2025-01-17,272.25,274,272.25,273,308
2025-01-20,273.39999389648438,273.39999389648438,270.5,270.79998779296875,7
2025-01-21,268.20001220703125,271.54998779296875,268.20001220703125,271.54998779296875,5
2025-01-22,271.10000610351562,271.10000610351562,266.95001220703125,266.95001220703125,26
2025-01-23,267.20001220703125,267.70001220703125,266.85000610351562,267.70001220703125,68
2025-01-24,268.14999389648438,268.14999389648438,265.35000610351562,266,1
2025-01-27,266.45001220703125,270.70001220703125,266.45001220703125,267.39999389648438,1
2025-01-28,267.95001220703125,272.10000610351562,267.95001220703125,270.60000610351562,10
2025-01-29,270.64999389648438,271.35000610351562,270.5,271.35000610351562,3
2025-01-30,271.70001220703125,274.5,271.70001220703125,274.5,0
2025-01-31,274.60000610351562,276.45001220703125,274.60000610351562,275.60000610351562,14
2025-02-03,275.25,276.14999389648438,275,275.79998779296875,6
2025-02-04,275.20001220703125,276.70001220703125,275.20001220703125,276.70001220703125,20
2025-02-05,275.79998779296875,278.20001220703125,275.79998779296875,278.20001220703125,5
2025-02-06,278.85000610351562,278.85000610351562,274.39999389648438,274.39999389648438,0
2025-02-07,275.10000610351562,276.25,273.60000610351562,274.20001220703125,22
2025-02-10,274.70001220703125,275.35000610351562,274.70001220703125,275.35000610351562,2
2025-02-11,275.45001220703125,275.45001220703125,273.10000610351562,273.10000610351562,1
2025-02-12,273.75,273.75,269.39999389648438,269.75,28
2025-02-13,270.10000610351562,272.20001220703125,270.10000610351562,272.20001220703125,0
2025-02-14,271.35000610351562,271.79998779296875,271.20001220703125,271.75,6
2025-02-17,271.39999389648438,271.70001220703125,271.29998779296875,271.29998779296875,5
2025-02-18,271.79998779296875,271.79998779296875,269.39999389648438,269.75,0
2025-02-19,271,271.70001220703125,271,271.70001220703125,0
2025-02-20,273.10000610351562,273.10000610351562,271.75,272.10000610351562,0
2025-02-21,271.79998779296875,273.85000610351562,271.60000610351562,273.85000610351562,7
2025-02-24,275.64999389648438,279.45001220703125,275.64999389648438,279.45001220703125,2
2025-02-25,279.89999389648438,280.5,279.89999389648438,280.20001220703125,841
2025-02-26,281.39999389648438,281.95001220703125,280.29998779296875,281.95001220703125,4
2025-02-27,281.35000610351562,281.89999389648438,280.75,280.75,0
2025-02-28,281.14999389648438,282.89999389648438,281.14999389648438,282.89999389648438,3
2025-03-03,282.45001220703125,282.45001220703125,279.45001220703125,280.79998779296875,140
2025-03-04,280.5,281.45001220703125,280.5,280.85000610351562,1
2025-03-05,277.35000610351562,277.35000610351562,274.5,274.5,4
2025-03-06,272.29998779296875,273.14999389648438,272.29998779296875,273.10000610351562,0
2025-03-07,275.79998779296875,277.64999389648438,274.20001220703125,277.5,75
2025-03-10,278,281.39999389648438,278,280.79998779296875,2
2025-03-11,281.45001220703125,281.89999389648438,280.85000610351562,280.85000610351562,35
2025-03-12,281.60000610351562,281.60000610351562,280,280.79998779296875,56
2025-03-13,281.29998779296875,282.85000610351562,281.04998779296875,282.85000610351562,0
2025-03-14,283,283.75,282.25,283.75,80
2025-03-17,284.95001220703125,286.39999389648438,284.95001220703125,285.70001220703125,103
2025-03-18,286.64999389648438,286.64999389648438,285.5,286.39999389648438,0
2025-03-19,286.70001220703125,287.25,286.35000610351562,287.10000610351562,44
2025-03-20,287.20001220703125,289.5,287.20001220703125,289.5,81
2025-03-21,289.95001220703125,290,289.64999389648438,289.64999389648438,0
2025-03-24,290.79998779296875,290.79998779296875,288.04998779296875,288.04998779296875,90
2025-03-25,289.5,291.04998779296875,289.5,289.54998779296875,0
2025-03-26,290.04998779296875,291.20001220703125,290.04998779296875,291.20001220703125,1
2025-03-27,292.85000610351562,294.35000610351562,292.85000610351562,293.75,18
2025-03-28,296.10000610351562,298.75,296.10000610351562,298.70001220703125,1
2025-03-31,299.95001220703125,299.95001220703125,297.20001220703125,297.5,13
2025-04-01,298.85000610351562,299.35000610351562,298.35000610351562,299.35000610351562,17
2025-04-02,299.70001220703125,300.70001220703125,299.70001220703125,300.5,95
2025-04-03,302.04998779296875,309.60000610351562,302.04998779296875,309.04998779296875,69
2025-04-04,309.35000610351562,309.35000610351562,296.5,296.5,61
2025-04-07,281.85000610351562,284.79998779296875,279.60000610351562,279.60000610351562,101
2025-04-08,277.89999389648438,284.79998779296875,277.89999389648438,284.45001220703125,1
2025-04-09,279.5,279.5,277.20001220703125,278.10000610351562,225
2025-04-10,286.35000610351562,288.35000610351562,285.39999389648438,285.39999389648438,171
2025-04-11,288.04998779296875,289.79998779296875,287.29998779296875,288.64999389648438,30
2025-04-14,289.60000610351562,292.45001220703125,289.60000610351562,292.45001220703125,37
2025-04-15,296.5,299.45001220703125,296.10000610351562,299.45001220703125,3
2025-04-16,301,302.85000610351562,300.85000610351562,302.85000610351562,181
2025-04-17,301.29998779296875,304.25,301.29998779296875,304.25,100
2025-04-22,303.64999389648438,307.45001220703125,303.64999389648438,307.45001220703125,1
2025-04-23,306.54998779296875,306.54998779296875,301.89999389648438,303,36
2025-04-24,305.10000610351562,305.10000610351562,303.64999389648438,304.85000610351562,120
2025-04-25,303.85000610351562,305.75,303.85000610351562,304.89999389648438,9
2025-04-28,306.95001220703125,306.95001220703125,305.54998779296875,306.54998779296875,51
2025-04-29,308.25,310.39999389648438,308.25,309.89999389648438,85
2025-04-30,309.85000610351562,312.75,309.85000610351562,312.75,8
2025-05-02,311.95001220703125,311.95001220703125,309.75,310.79998779296875,25
2025-05-05,311.60000610351562,312.5,311,312.25,58
2025-05-06,314.04998779296875,314.04998779296875,313.54998779296875,313.64999389648438,52
2025-05-07,314.20001220703125,314.20001220703125,312.79998779296875,313.75,8
2025-05-08,311.10000610351562,311.10000610351562,307.75,307.75,1
2025-05-09,308.45001220703125,310.64999389648438,308.45001220703125,309.29998779296875,16
2025-05-12,307.5,307.5,302.85000610351562,305.25,3
2025-05-13,307.20001220703125,307.20001220703125,303.20001220703125,303.54998779296875,5
2025-05-14,301.79998779296875,304.95001220703125,301.79998779296875,304.75,54
2025-05-15,306.10000610351562,310.75,306.10000610351562,310.45001220703125,17
2025-05-16,312.89999389648438,313.79998779296875,312.10000610351562,313.79998779296875,35
2025-05-19,314.85000610351562,315.54998779296875,313.10000610351562,315.54998779296875,13
2025-05-20,318.79998779296875,321.5,318.79998779296875,321.5,1
2025-05-21,322.04998779296875,322.04998779296875,321,321.54998779296875,49
2025-05-22,320.14999389648438,321.35000610351562,319.85000610351562,321.35000610351562,13
2025-05-23,321.5,321.5,320.75,321.20001220703125,16
2025-05-26,322.75,323.75,322.75,323.75,53
2025-05-27,322.89999389648438,322.89999389648438,321.39999389648438,321.39999389648438,41
2025-05-28,321.5,321.5,319.20001220703125,319.20001220703125,5
2025-05-29,317.39999389648438,318.45001220703125,317.39999389648438,318.45001220703125,6
2025-05-30,319.95001220703125,321.5,319.95001220703125,320.95001220703125,0
2025-06-02,322.54998779296875,322.54998779296875,320.5,321.14999389648438,9
2025-06-03,322.04998779296875,322.04998779296875,319.95001220703125,319.95001220703125,55
2025-06-04,319.95001220703125,320.95001220703125,319.95001220703125,320.45001220703125,1
2025-06-05,318.04998779296875,320.25,318.04998779296875,319.5,32
2025-06-06,320.70001220703125,320.70001220703125,319.85000610351562,319.85000610351562,10
2025-06-09,320.45001220703125,320.5,317.75,318.95001220703125,5
2025-06-10,320.10000610351562,320.75,320.10000610351562,320.75,0
2025-06-11,319.85000610351562,322.29998779296875,319.85000610351562,322.29998779296875,67
2025-06-12,323.04998779296875,324.54998779296875,323.04998779296875,324.54998779296875,3
2025-06-13,324.14999389648438,324.70001220703125,324.14999389648438,324.54998779296875,27
2025-06-16,323.85000610351562,324.95001220703125,323.60000610351562,324.10000610351562,3
2025-06-17,321.10000610351562,323.04998779296875,321.10000610351562,322.64999389648438,3
2025-06-18,322.5,323.95001220703125,321.79998779296875,321.79998779296875,12
2025-06-19,321.35000610351562,321.89999389648438,321.10000610351562,321.89999389648438,0
2025-06-20,322.04998779296875,323.54998779296875,321.89999389648438,323.20001220703125,1
2025-06-23,321.70001220703125,327.89999389648438,321.70001220703125,327.89999389648438,1246
2025-06-24,326.5,328.79998779296875,326.5,327.5,974
2025-06-25,328.25,328.25,324.79998779296875,324.79998779296875,122
2025-06-26,327.25,327.54998779296875,326.64999389648438,326.64999389648438,1
2025-06-27,326.60000610351562,327.39999389648438,326.20001220703125,326.25,95
2025-06-30,327.25,327.25,325.35000610351562,325.35000610351562,1
2025-07-01,328.10000610351562,329.75,327.64999389648438,328.70001220703125,15
2025-07-02,330.75,330.75,324.14999389648438,324.14999389648438,108
2025-07-03,324.70001220703125,325.29998779296875,324.60000610351562,325.29998779296875,0
2025-07-04,325.35000610351562,326.10000610351562,324.89999389648438,325.89999389648438,13
2025-07-07,325.95001220703125,325.95001220703125,323.25,323.25,8
2025-07-08,323.29998779296875,323.29998779296875,320.20001220703125,321.29998779296875,92
2025-07-09,321.70001220703125,323.70001220703125,321.70001220703125,323.70001220703125,1474
2025-07-10,325.39999389648438,325.39999389648438,320.85000610351562,320.85000610351562,211
2025-07-11,320.85000610351562,321.14999389648438,320.54998779296875,321.14999389648438,0
2025-07-14,321.10000610351562,322.95001220703125,321.10000610351562,322.95001220703125,4
2025-07-15,323.79998779296875,323.79998779296875,321.45001220703125,321.45001220703125,2
2025-07-16,321.95001220703125,321.95001220703125,321.04998779296875,321.04998779296875,10
2025-07-17,321.35000610351562,321.39999389648438,321.20001220703125,321.20001220703125,0
2025-07-18,323.5,323.5,321.89999389648438,323.10000610351562,4
2025-07-21,323.39999389648438,326.79998779296875,323.39999389648438,326.79998779296875,22
2025-07-22,327.60000610351562,331.14999389648438,327.60000610351562,331.14999389648438,22
2025-07-23,329.54998779296875,329.54998779296875,323.64999389648438,323.64999389648438,3158
2025-07-24,323.95001220703125,323.95001220703125,322.45001220703125,322.45001220703125,0
2025-07-25,322.14999389648438,323.35000610351562,319.89999389648438,323.35000610351562,5
2025-07-28,323.64999389648438,323.64999389648438,322.04998779296875,322.04998779296875,7
2025-07-29,321.04998779296875,322.5,321.04998779296875,321.95001220703125,32
2025-07-30,322.10000610351562,323.25,322.10000610351562,323.25,0
2025-07-31,322.5,322.89999389648438,322.5,322.64999389648438,3
2025-08-01,320,322.14999389648438,320,321.29998779296875,2997
2025-08-04,321.95001220703125,325.04998779296875,321.95001220703125,325.04998779296875,331
2025-08-05,325.04998779296875,325.04998779296875,324.20001220703125,324.20001220703125,20
2025-08-06,324.85000610351562,326.25,324.5,325.35000610351562,8
2025-08-07,324,324,321.25,322.85000610351562,4
2025-08-08,324.39999389648438,325,320.5,320.5,163
2025-08-11,319.04998779296875,319.45001220703125,317.95001220703125,319.45001220703125,20
2025-08-12,320.14999389648438,320.79998779296875,317.45001220703125,317.45001220703125,21
2025-08-13,318.89999389648438,320.5,318.89999389648438,319.45001220703125,18
2025-08-14,320.54998779296875,322.70001220703125,320.54998779296875,322.70001220703125,0
2025-08-15,323.64999389648438,323.64999389648438,322.45001220703125,322.45001220703125,133
2025-08-18,324.75,324.75,321.04998779296875,321.04998779296875,3
2025-08-19,321.04998779296875,322.5,321.04998779296875,321.85000610351562,0
2025-08-20,322.89999389648438,324.89999389648438,322.89999389648438,324.89999389648438,0
2025-08-21,324.85000610351562,325.25,324,325.25,0
2025-08-22,324.79998779296875,325.64999389648438,324.54998779296875,324.64999389648438,7
2025-08-25,322.14999389648438,322.14999389648438,320.64999389648438,320.64999389648438,35
2025-08-26,320.04998779296875,320.89999389648438,319.39999389648438,319.39999389648438,7
2025-08-27,321.14999389648438,321.54998779296875,320,320,4
2025-08-28,319.70001220703125,319.70001220703125,316.75,317.85000610351562,2
2025-08-29,317.20001220703125,317.20001220703125,314.79998779296875,314.85000610351562,18
2025-09-01,315.20001220703125,315.20001220703125,312.14999389648438,312.14999389648438,38
2025-09-02,311.5,311.5,306.45001220703125,306.45001220703125,15
2025-09-03,306.29998779296875,308.25,306.29998779296875,308.25,6
2025-09-04,308.85000610351562,311.45001220703125,308.85000610351562,309.95001220703125,39
2025-09-05,309.25,311.95001220703125,309.25,311.95001220703125,2
2025-09-08,313.79998779296875,313.79998779296875,312.25,312.45001220703125,147
2025-09-09,313.60000610351562,313.60000610351562,311.95001220703125,311.95001220703125,0
2025-09-10,312.45001220703125,313.64999389648438,312.45001220703125,313.64999389648438,1
2025-09-11,314.79998779296875,314.79998779296875,313.70001220703125,314.14999389648438,0
2025-09-12,315.60000610351562,316.39999389648438,314.95001220703125,316.39999389648438,100
2025-09-15,316.70001220703125,318.54998779296875,316.39999389648438,318.54998779296875,19
2025-09-16,317.54998779296875,317.54998779296875,314.45001220703125,314.45001220703125,11
2025-09-17,311.70001220703125,315.60000610351562,311.70001220703125,314.10000610351562,26
2025-09-18,313.60000610351562,313.60000610351562,312.10000610351562,312.14999389648438,0
2025-09-19,312.54998779296875,312.85000610351562,312.5,312.79998779296875,40
2025-09-22,312.95001220703125,315.54998779296875,312.95001220703125,315.54998779296875,0
2025-09-23,318.45001220703125,318.45001220703125,316.60000610351562,316.60000610351562,0
2025-09-24,318.89999389648438,318.89999389648438,318.45001220703125,318.54998779296875,7
2025-09-25,317.29998779296875,319.14999389648438,317.29998779296875,319.14999389648438,0
2025-09-26,319,321.25,319,321.25,0
2025-09-29,322,322,319.70001220703125,321.64999389648438,47
2025-09-30,320.95001220703125,323.54998779296875,320,323.54998779296875,1
2025-10-01,325.10000610351562,327.20001220703125,322.5,326.70001220703125,12767
2025-10-02,324.39999389648438,325.75,324.10000610351562,325.75,46
2025-10-03,326.14999389648438,328.04998779296875,326.14999389648438,328.04998779296875,1
2025-10-06,327.20001220703125,328.5,326.10000610351562,328.5,2
2025-10-07,329.54998779296875,329.54998779296875,327.70001220703125,329.29998779296875,3
2025-10-08,331.20001220703125,331.70001220703125,330.29998779296875,331.04998779296875,48
2025-10-09,331.89999389648438,333.70001220703125,331.89999389648438,333.14999389648438,11
2025-10-10,334.54998779296875,335.14999389648438,334.10000610351562,334.10000610351562,43
2025-10-13,333.70001220703125,335.29998779296875,333.70001220703125,335.29998779296875,41
2025-10-14,335.60000610351562,336.70001220703125,335.60000610351562,336.70001220703125,1
2025-10-15,338.10000610351562,338.79998779296875,337.10000610351562,338.79998779296875,3
2025-10-16,339.64999389648438,342.54998779296875,339.60000610351562,342.54998779296875,119
2025-10-17,341.60000610351562,343.10000610351562,341.39999389648438,342.60000610351562,2
2025-10-20,342,344.04998779296875,342,343.25,36
2025-10-21,343.95001220703125,344.39999389648438,343.95001220703125,344.20001220703125,0
2025-10-22,345.35000610351562,345.35000610351562,343.10000610351562,343.10000610351562,160
2025-10-23,342.35000610351562,344.10000610351562,342.29998779296875,344.10000610351562,1
2025-10-24,344.09429931640625,344.09429931640625,344.09429931640625,344.09429931640625,0
2025-10-27,342.5,343.85000610351562,342.5,343.54998779296875,37
2025-10-28,345.20001220703125,346.79998779296875,344.95001220703125,346.79998779296875,0
2025-10-29,345.14999389648438,347.95001220703125,345.14999389648438,347.54998779296875,72
2025-10-30,348.25,350.04998779296875,347.35000610351562,350.04998779296875,67
2025-10-31,349.10000610351562,349.10000610351562,347.39999389648438,347.70001220703125,17
2025-11-03,348.14999389648438,348.14999389648438,347.39999389648438,348.10000610351562,72
2025-11-04,346.20001220703125,350.25,346.20001220703125,350.20001220703125,103
2025-11-05,349.79998779296875,351.14999389648438,349.60000610351562,351.10000610351562,20
2025-11-06,352.64999389648438,352.64999389648438,350,351.75,122
2025-11-07,352.85000610351562,352.85000610351562,349.60000610351562,349.60000610351562,5
2025-11-10,349.39999389648438,351.70001220703125,348.64999389648438,351.10000610351562,145
2025-11-11,352.20001220703125,352.20001220703125,351.04998779296875,351.04998779296875,0
2025-11-12,352.95001220703125,356.89999389648438,352.70001220703125,356.89999389648438,71
2025-11-13,357.10000610351562,357.10000610351562,354.95001220703125,355.95001220703125,0
2025-11-14,353.64999389648438,354.25,351.89999389648438,354.25,123
2025-11-17,356.29998779296875,357.60000610351562,355,357.14999389648438,68
2025-11-18,355,355,353.60000610351562,354.25,2
2025-11-19,352.5,353,348.54998779296875,348.54998779296875,3654
2025-11-20,350.5,352.64999389648438,350.5,351.85000610351562,33
2025-11-21,351.25,351.25,349.85000610351562,350.79998779296875,3
2025-11-24,350,351.29998779296875,350,350.10000610351562,96
2025-11-25,350.20001220703125,350.20001220703125,348.85000610351562,350.04998779296875,16
2025-11-26,349.70001220703125,354,349.10000610351562,354,100
2025-11-27,355.04998779296875,355.04998779296875,353.60000610351562,354.45001220703125,3
2025-11-28,354.25,355.64999389648438,353.75,355.64999389648438,1
2025-12-01,354.5,354.54998779296875,353.14999389648438,353.14999389648438,23
2025-12-02,354.29998779296875,356.20001220703125,354.20001220703125,354.5,121
2025-12-03,353.5,355.64999389648438,353.5,355,39
2025-12-04,354.20001220703125,354.20001220703125,352.29998779296875,354,4
2025-12-05,352.75,352.75,351.60000610351562,351.60000610351562,41
2025-12-08,352.39999389648438,352.39999389648438,351.39999389648438,352.14999389648438,66
2025-12-09,352,352.20001220703125,351.10000610351562,351.10000610351562,0
2025-12-10,349.89999389648438,349.89999389648438,348.29998779296875,348.29998779296875,34
2025-12-11,345.60000610351562,346.60000610351562,345.60000610351562,346.60000610351562,35
2025-12-12,347.60000610351562,348.45001220703125,346.60000610351562,348.45001220703125,102
2025-12-15,350.5,352.10000610351562,350.29998779296875,351.75,2
2025-12-16,352.20001220703125,352.20001220703125,350.5,350.5,14
2025-12-17,350.79998779296875,352.25,350.79998779296875,351.60000610351562,2
2025-12-18,351.45001220703125,352.14999389648438,351.45001220703125,352.14999389648438,0
2025-12-19,353,355.54998779296875,352.79998779296875,355.54998779296875,4
2025-12-22,352.70001220703125,353.75,350.89999389648438,352.5,42
2025-12-23,353.20001220703125,355.20001220703125,353.20001220703125,355.20001220703125,10
2025-12-29,356,357,354.64999389648438,357,72
2025-12-30,356.5,357.89999389648438,356.45001220703125,357.89999389648438,61
2026-01-02,360.25,365.35000610351562,360.25,364.95001220703125,88
2026-01-05,364.25,366.70001220703125,364.25,365.64999389648438,190
2026-01-06,365.54998779296875,371.95001220703125,365.54998779296875,370.14999389648438,132
2026-01-07,373.20001220703125,375.20001220703125,373.14999389648438,374.35000610351562,126
2026-01-08,375.75,375.75,374.10000610351562,374.10000610351562,20
2026-01-09,374.25,374.54998779296875,373,374.54998779296875,20
2026-01-12,372.39999389648438,373,372.25,372.29998779296875,359
2026-01-13,373,373,367.5,367.70001220703125,66
2026-01-14,371.54998779296875,373.25,369,372.35000610351562,27
2026-01-15,372.79998779296875,374.95001220703125,372.79998779296875,374.89999389648438,171
2026-01-16,374.89999389648438,378.95001220703125,374.89999389648438,378.95001220703125,42
2026-01-19,379.04998779296875,379.04998779296875,377.04998779296875,377.45001220703125,11
2026-01-20,374.35000610351562,374.35000610351562,371.04998779296875,371.89999389648438,1
2026-01-21,371.14999389648438,372.25,371,371.85000610351562,10
2026-01-22,376.14999389648438,378.70001220703125,372.35000610351562,374.39999389648438,221
2026-01-23,373.85000610351562,375.14999389648438,372.95001220703125,375.14999389648438,28
2026-01-26,377.5,379.85000610351562,376.5,379.70001220703125,51
2026-01-27,380,384.39999389648438,379.70001220703125,384.39999389648438,4
2026-01-28,384.04998779296875,386.14999389648438,381.89999389648438,386.14999389648438,97
2026-01-29,384.60000610351562,389,384.60000610351562,386.79998779296875,2
2026-01-30,387.20001220703125,389.29998779296875,387.20001220703125,388.25,33
2026-02-02,389.79998779296875,392.20001220703125,388.14999389648438,388.14999389648438,1146
2026-02-03,387.79998779296875,391.95001220703125,387.79998779296875,391.95001220703125,32
2026-02-04,392.60000610351562,398,392.60000610351562,396,32
2026-02-05,391.79998779296875,391.95001220703125,388,391.5,101
2026-02-06,392.25,395.75,392.25,394.89999389648438,256
2026-02-09,394.5,396.54998779296875,392.54998779296875,396.54998779296875,141
2026-02-10,395.85000610351562,398.70001220703125,394.5,398.70001220703125,26
2026-02-11,400.60000610351562,407.29998779296875,400.60000610351562,407.29998779296875,102
2026-02-12,405.85000610351562,405.85000610351562,398.60000610351562,405.04998779296875,110
2026-02-13,404.20001220703125,404.20001220703125,400.20001220703125,403.5,93
2026-02-16,400,404.54998779296875,400,404.54998779296875,179
2026-02-17,405.35000610351562,409.29998779296875,405.35000610351562,406.64999389648438,15
2026-02-18,406.60000610351562,409.64999389648438,406.14999389648438,406.14999389648438,223
2026-02-19,401.29998779296875,401.29998779296875,396.5,398.79998779296875,114
2026-02-20,397.5,402,397.5,401.70001220703125,40
2026-02-23,403.79998779296875,407.45001220703125,403.79998779296875,406.54998779296875,231
2026-02-24,407.20001220703125,414.20001220703125,407.20001220703125,411.89999389648438,59
2026-02-25,411.39999389648438,418.95001220703125,411.39999389648438,418.95001220703125,88
2026-02-26,419.85000610351562,422.75,419.85000610351562,421.75,194
2026-02-27,419.10000610351562,424.85000610351562,419.10000610351562,421.79998779296875,255
2026-03-02,421.95001220703125,421.95001220703125,415.20001220703125,418.95001220703125,383
2026-03-03,408.75,408.75,402,402.70001220703125,6
2026-03-04,403.89999389648438,408,403.89999389648438,405.75,100
2026-03-05,406.70001220703125,408.95001220703125,403.25,403.25,163
2026-03-06,404.79998779296875,404.79998779296875,399.04998779296875,401.85000610351562,236
2026-03-09,393.20001220703125,400.85000610351562,393.20001220703125,400.75,444
2026-03-10,406.04998779296875,409.35000610351562,406.04998779296875,408.70001220703125,60
2026-03-11,404.89999389648438,406.5,403.29998779296875,405.04998779296875,113
2026-03-12,404.95001220703125,412.54998779296875,404.95001220703125,412.54998779296875,385
2026-03-13,411,417.35000610351562,411,416.75,13
2026-03-16,415,418.95001220703125,415,415.64999389648438,330
2026-03-17,418.70001220703125,423.79998779296875,418.70001220703125,422.70001220703125,426
2026-03-18,419.29998779296875,419.29998779296875,412.95001220703125,413.64999389648438,6
2026-03-19,410.45001220703125,410.45001220703125,406.04998779296875,406.04998779296875,29
2026-03-20,409.35000610351562,409.35000610351562,395.35000610351562,395.75,22
2026-03-23,388,397.39999389648438,387.14999389648438,391.25,332
2026-03-24,394.35000610351562,395.04998779296875,392.35000610351562,395.04998779296875,47
2026-03-25,398.35000610351562,402,398.35000610351562,402,37
2026-03-26,399.70001220703125,399.70001220703125,396.89999389648438,397.14999389648438,73
2026-03-27,398.60000610351562,398.60000610351562,391.89999389648438,394.70001220703125,1
2026-03-30,397.60000610351562,406.5,397.04998779296875,406.5,335
2026-03-31,408.75,409.5,407.35000610351562,407.35000610351562,55
2026-04-01,413.60000610351562,416.85000610351562,413.60000610351562,415.75,32
2026-04-02,415.5,421.79998779296875,414.5,421.79998779296875,96
2026-04-07,419.85000610351562,422.04998779296875,419.85000610351562,420.79998779296875,31
2026-04-08,426.10000610351562,426.10000610351562,418.25,422.64999389648438,183
2026-04-09,425.89999389648438,427.04998779296875,424.5,427.04998779296875,6
2026-04-10,425.20001220703125,427.10000610351562,424.64999389648438,426.39999389648438,7
2026-04-13,425.70001220703125,425.75,420.39999389648438,421.25,401
2026-04-14,421.29998779296875,422.35000610351562,419.35000610351562,421.79998779296875,24
2026-04-15,421.29998779296875,422.10000610351562,418.04998779296875,419.10000610351562,408
2026-04-16,419.85000610351562,419.95001220703125,415.14999389648438,415.14999389648438,464
2026-04-17,412.75,412.75,406.85000610351562,409.20001220703125,1126
2026-04-20,412.20001220703125,412.5,411,411.89999389648438,139
2026-04-21,414.14999389648438,416.35000610351562,411.89999389648438,411.89999389648438,2
2026-04-22,413.14999389648438,418.39999389648438,413.14999389648438,416.89999389648438,15
2026-04-23,415.39999389648438,420.29998779296875,415.39999389648438,420.29998779296875,20
2026-04-24,420,420.29998779296875,418.04998779296875,418.04998779296875,7
2026-04-27,416.79998779296875,421.25,416.79998779296875,419.14999389648438,53
2026-04-28,420.29998779296875,422.60000610351562,420.29998779296875,421.85000610351562,19
2026-04-29,420.60000610351562,420.60000610351562,414.20001220703125,414.20001220703125,15
2026-04-30,415.85000610351562,425.04998779296875,415.85000610351562,424.89999389648438,14
2026-05-04,425,425,416.64999389648438,416.64999389648438,127
2026-05-05,419.20001220703125,419.35000610351562,415.75,417.85000610351562,1
2026-05-06,419.35000610351562,419.35000610351562,412.70001220703125,419,37
2026-05-07,416.35000610351562,416.35000610351562,411,411.20001220703125,467
2026-05-08,409.39999389648438,411,409.39999389648438,410.60000610351562,20
2026-05-11,408.64999389648438,415.54998779296875,408.64999389648438,415.54998779296875,299
2026-05-12,411.5,411.60000610351562,410.14999389648438,410.60000610351562,13
2026-05-13,411.5,414.25,409.89999389648438,411.35000610351562,99
2026-05-14,414,414,411.75,411.75,152
2026-05-15,407.70001220703125,407.70001220703125,395.70001220703125,395.70001220703125,208
2026-05-18,394.25,404,394.25,404,85
2026-05-19,406.70001220703125,408.25,405.89999389648438,405.89999389648438,5
2026-05-20,406.89999389648438,408.54998779296875,406.10000610351562,408.54998779296875,920
2026-05-21,407.39999389648438,411.85000610351562,407.39999389648438,411.85000610351562,0
2026-05-22,410.75,413.14999389648438,410.75,411.75,104
2026-05-25,415.85000610351562,415.85000610351562,414.10000610351562,415.45001220703125,4
2026-05-26,415.64999389648438,417.79998779296875,415.64999389648438,416,13
2026-05-27,409.89999389648438,409.95001220703125,407.64999389648438,408.14999389648438,61
2026-05-28,408.5,408.85000610351562,405.25,405.25,3
2026-05-29,405.29998779296875,405.29998779296875,403.25,403.25,1
2026-06-01,404.60000610351562,404.60000610351562,400.10000610351562,400.95001220703125,24
2026-06-02,400.54998779296875,402.25,400.54998779296875,401.04998779296875,3
2026-06-03,403.29998779296875,405.39999389648438,403.29998779296875,405.14999389648438,71
2026-06-04,402.79998779296875,406.39999389648438,402.79998779296875,404.25,0
2026-06-05,407.14999389648438,408.75,407.14999389648438,408.54998779296875,18
2026-06-08,410.60000610351562,410.60000610351562,405.5,405.5,30
2026-06-09,405.70001220703125,408.35000610351562,405.70001220703125,406.45001220703125,29
2026-06-10,406,406,405.10000610351562,405.95001220703125,98
2026-06-11,406.54998779296875,412.64999389648438,406.54998779296875,411.35000610351562,11
2026-06-12,411.45001220703125,412.20001220703125,409.70001220703125,412.20001220703125,0
2026-06-15,412.64999389648438,412.64999389648438,408,410.14999389648438,46
2026-06-16,411.85000610351562,411.85000610351562,409,409.64999389648438,60
2026-06-17,408.64999389648438,409.75,405.75,409.75,11
2026-06-18,409.85000610351562,409.85000610351562,404.64999389648438,407.75,29
2026-06-19,406.85000610351562,408.14999389648438,406.70001220703125,408.14999389648438,88
2026-06-22,409.79998779296875,411.10000610351562,409.10000610351562,411.10000610351562,1
2026-06-23,409.20001220703125,411.25,407.89999389648438,411.25,7
2026-06-24,408.85000610351562,409.64999389648438,408.04998779296875,409.64999389648438,13
2026-06-25,412.95001220703125,418.54998779296875,412.95001220703125,417.25,19
2026-06-26,417.10000610351562,417.60000610351562,417.10000610351562,417.14999389648438,1
2026-06-29,418.5,420.64999389648438,417.89999389648438,419.64999389648438,4
2026-06-30,422.04998779296875,423.14999389648438,419.45001220703125,420.10000610351562,68
2026-07-01,418.45001220703125,418.45001220703125,412.20001220703125,412.20001220703125,21
