date,Open,High,Low,Close,Volume
2010-03-25,1142.3699951171875,1142.3699951171875,1142.3699951171875,1142.3699951171875,0
2010-03-26,1147.06005859375,1147.06005859375,1147.06005859375,1147.06005859375,0
2010-03-29,1163.6500244140625,1163.6500244140625,1163.6500244140625,1163.6500244140625,0
2010-03-30,1173.02001953125,1173.02001953125,1173.02001953125,1173.02001953125,0
2010-03-31,1169.6700439453125,1169.6700439453125,1169.6700439453125,1169.6700439453125,0
2010-04-01,1178.3199462890625,1178.3199462890625,1178.3199462890625,1178.3199462890625,0
2010-04-06,1186.219970703125,1186.219970703125,1186.219970703125,1186.219970703125,0
2010-04-07,1183.260009765625,1183.260009765625,1183.260009765625,1183.260009765625,0
2010-04-08,1173.43994140625,1173.43994140625,1173.43994140625,1173.43994140625,0
2010-04-09,1190.739990234375,1190.739990234375,1190.739990234375,1190.739990234375,0
2010-04-12,1182.2900390625,1182.2900390625,1182.2900390625,1182.2900390625,0
2010-04-13,1178.949951171875,1178.949951171875,1178.949951171875,1178.949951171875,0
2010-04-14,1179.239990234375,1179.239990234375,1179.239990234375,1179.239990234375,0
2010-04-15,1184.68994140625,1184.68994140625,1184.68994140625,1184.68994140625,0
2010-04-16,1174.7900390625,1174.7900390625,1174.7900390625,1174.7900390625,0
2010-04-19,1152.949951171875,1152.949951171875,1152.949951171875,1152.949951171875,0
2010-04-20,1164.239990234375,1164.239990234375,1164.239990234375,1164.239990234375,0
2010-04-21,1171.9599609375,1171.9599609375,1171.9599609375,1171.9599609375,0
2010-04-22,1159.3800048828125,1159.3800048828125,1159.3800048828125,1159.3800048828125,0
2010-04-23,1163.1199951171875,1163.1199951171875,1163.1199951171875,1163.1199951171875,0
2010-04-26,1165.3699951171875,1165.3699951171875,1165.3699951171875,1165.3699951171875,0
2010-04-27,1141.9200439453125,1141.9200439453125,1141.9200439453125,1141.9200439453125,0
2010-04-28,1115.0699462890625,1115.0699462890625,1115.0699462890625,1115.0699462890625,0
2010-04-29,1131.239990234375,1131.239990234375,1131.239990234375,1131.239990234375,0
2010-04-30,1130.0699462890625,1130.0699462890625,1130.0699462890625,1130.0699462890625,0
2010-05-04,1106.0999755859375,1106.0999755859375,1106.0999755859375,1106.0999755859375,0
2010-05-05,1087.0999755859375,1087.0999755859375,1087.0999755859375,1087.0999755859375,0
2010-05-06,1076.9100341796875,1076.9100341796875,1076.9100341796875,1076.9100341796875,0
2010-05-07,1021.5,1021.5,1021.5,1021.5,0
2010-05-10,1088.75,1088.75,1088.75,1088.75,0
2010-05-11,1084.9300537109375,1084.9300537109375,1084.9300537109375,1084.9300537109375,0
2010-05-12,1110.6199951171875,1110.6199951171875,1110.6199951171875,1110.6199951171875,0
2010-05-14,1067.699951171875,1067.699951171875,1067.699951171875,1067.699951171875,0
2010-06-15,919,919,919,919,1810
2010-08-16,919,946,919,943.5,0
2010-08-17,919,967,919,964,0
2010-08-18,919,962,919,959,0
2010-08-19,919,953,919,949,0
2010-08-20,919,941,919,938,0
2010-08-23,919,946,919,944,0
2010-08-24,919,939,919,937.5,0
2010-08-25,919,941,919,938,0
2010-08-26,919,941,919,939.5,0
2010-08-27,919,960,919,957.5,0
2010-08-31,952,961,952,961,2400
2010-09-01,966,984,966,983,2100
2010-09-02,986.5,992,986.5,992,4400
2010-09-03,994,1001,993,1001,2500
2010-09-06,1005,1005,1005,1005,100
2010-09-08,991,999,990,999,500
2010-09-09,1004,1012,1003,1009.5,4900
2010-09-10,1009,1011,1009,1011,700
2010-09-13,1019,1030,1019,1028,6700
2010-09-14,1029,1035,1024,1035,1700
2010-09-15,1035,1036,1035,1035,800
2010-09-16,1027,1034,1027,1034,900
2010-09-17,1039,1043,1025.5,1025.5,2000
2010-09-20,1039,1046,1038,1046,2400
2010-09-21,1047,1056,1047,1050,2800
2010-09-22,1056,1056,1050,1051,4300
2010-09-23,1051,1051,1051,1051,100
2010-09-24,1046,1060,1046,1059,3300
2010-09-27,1060,1062,1057,1060,1400
2010-09-28,1050.5,1069,1025,1069,19100
2010-09-29,1079,1079,1069,1076,6700
2010-09-30,1077,1084,1077,1078.5,10000
2010-10-01,1088,1091,1085,1090,7000
2010-10-04,1095,1096,1088,1088,7850
2010-10-05,1086,1101,1086,1101,13200
2010-10-06,1103,1109,1103,1105,1600
2010-10-07,1106,1128,1106,1126.5,7800
2010-10-08,1127,1127,1123,1125,1500
2010-10-11,1115,1120,1115,1117.5,600
2010-10-12,1111,1119,1105,1119,14700
2010-10-13,1127,1137,1127,1137,15200
2010-10-14,1138,1146,1136,1146,5200
2010-10-15,1146,1146,1146,1146,500
2010-10-18,1134.5,1137,1132,1137,4000
2010-10-19,1139,1139,1139,1139,600
2010-10-20,1139.5,1142,1137,1140,3500
2010-10-21,1141,1153,1141,1153,3100
2010-10-22,1136,1151.5,1136,1148,26700
2010-10-25,1159,1165,1159,1159,4800
2010-10-26,1148,1148,1138,1140,6600
2010-10-27,1142.5,1142.5,1142.5,1142.5,200
2010-10-28,1136,1136,1135,1135,400
2010-10-29,1132,1132,1120,1123.5,3515
2010-11-01,1121,1123,1120,1123,37420
2010-11-02,1122,1131,1122,1127,2800
2010-11-03,1125,1126,1120,1120,2800
2010-11-04,1133,1133,1128.5,1128.5,2400
2010-11-05,1130,1131,1125,1126.5,3200
2010-11-08,1126,1126,1119,1119,2600
2010-11-09,1116,1122.5,1113,1116,3700
2010-11-10,1111,1111,1092,1092,6300
2010-11-11,1096,1096,1083,1084,3400
2010-11-12,1072,1078,1067.5,1071.5,2600
2010-11-15,1074,1080,1074,1078,400
2010-11-16,1068,1068,1068,1068,1515
2010-11-17,1059,1059,1055,1056.5,300
2010-11-18,1062,1068,1062,1064,1900
2010-11-19,1061,1062,1054,1059,1100
2010-11-22,1063,1063,1062,1062,600
2010-11-23,1045,1050,1033,1033,1800
2010-11-24,1031,1031,1021,1027,2700
2010-11-25,1035,1042,1035,1042,3700
2010-11-29,1032,1032,1032,1032,939
2010-12-01,1015,1015,1014,1014,38770
2010-12-02,1047,1063,1045,1063,8800
2010-12-03,1066,1073,1065,1073,3500
2010-12-06,1077,1077,1070,1073.5,4200
2010-12-07,1079,1087,1079,1080.5,5800
2010-12-08,1075,1076,1072,1073.5,6900
2010-12-09,1078,1078,1074,1077,6500
2010-12-10,1072,1073,1071,1071.5,4000
2010-12-13,1081,1088,1081,1085,2300
2010-12-14,1097,1101.5,1096,1101,1900
2010-12-15,1099,1106,1099,1104,500
2010-12-16,1099,1106,1094,1096,0
2010-12-20,1098,1098,1098,1098,100
2010-12-21,1109,1109,1108,1108,300
2010-12-22,1107,1108,1107,1107.5,700
2010-12-24,1105,1105,1105,1105,100
2010-12-29,1114,1115,1111,1113,1800
2010-12-30,1116,1120,1114,1120,2100
2010-12-31,1308.550048828125,1308.550048828125,1308.550048828125,1308.550048828125,0
2011-01-04,1135,1135,1122.5,1129,3300
2011-01-05,1121.5,1128.5,1121,1128.5,1200
2011-01-06,1120.5,1120.5,1110.5,1110.5,900
2011-01-07,1106.5,1109,1093,1093,14200
2011-01-10,1092,1092,1079,1079,15400
2011-01-11,1077.5,1087,1077,1083.5,3200
2011-01-12,1100,1100,1096.5,1096.5,200
2011-01-13,1097,1108.5,1096,1108.5,2600
2011-01-14,1111,1112,1104,1109.5,2900
2011-01-17,1104,1105,1099.5,1099.5,2600
2011-01-18,1103,1105,1103,1105,300
2011-01-19,1106,1106,1104,1104,100
2011-01-20,1097,1097,1095,1095,200
2011-01-21,1097,1097,1093.5,1093.5,0
2011-01-24,1097,1103,1094,1103,7700
2011-01-25,1110,1115,1104,1115,16500
2011-01-26,1119,1124,1118,1118.5,6000
2011-01-27,1116,1120.5,1115,1120.5,700
2011-01-28,1119,1120,1113,1113,1300
2011-01-31,1107,1108,1104.5,1104.5,1000
2011-02-01,1108,1114,1105,1114,3500
2011-02-02,1110,1110,1106,1106,5200
2011-02-03,1106,1108,1101,1103,20700
2011-02-04,1106,1106,1102,1106,2000
2011-02-07,1105.5,1105.5,1105.5,1105.5,0
2011-02-08,1119.5,1119.5,1119.5,1119.5,0
2011-02-09,1120.5,1120.5,1120.5,1120.5,0
2011-02-10,1110,1110,1110,1110,0
2011-02-11,1115.5,1115.5,1115.5,1115.5,0
2011-02-14,1115.5,1115.5,1115.5,1115.5,0
2011-02-15,1115.5,1115.5,1112,1112,500
2011-02-16,1131,1131,1131,1131,0
2011-02-17,1131,1131,1131,1131,0
2011-02-18,1130,1134.5,1130,1134.5,700
2011-02-21,1124.5,1124.5,1124.5,1124.5,0
2011-02-22,1116,1125.5,1116,1125.5,2000
2011-02-23,1123,1123,1123,1123,0
2011-02-24,1123,1129,1123,1129,1839
2011-02-25,1136,1140.5,1136,1140.5,100
2011-02-28,1141,1151.5,1141,1151.5,6000
2011-03-01,1144.5,1144.5,1144.5,1144.5,0
2011-03-02,1144,1144,1142,1142,2560
2011-03-03,1150,1155,1150,1155,1000
2011-03-04,1166,1173,1166,1170.5,7500
2011-03-07,1163,1178,1163,1172.5,1200
2011-03-08,1168,1170,1167,1170,2900
2011-03-09,1168.7650146484375,1168.7650146484375,1168.7650146484375,1168.7650146484375,0
2011-03-10,1165.4300537109375,1165.4300537109375,1165.4300537109375,1165.4300537109375,0
2011-03-11,1156.4100341796875,1156.4100341796875,1156.4100341796875,1156.4100341796875,0
2011-03-14,1324.3800048828125,1324.3800048828125,1324.3800048828125,1324.3800048828125,0
2011-03-15,1292.030029296875,1292.030029296875,1292.030029296875,1292.030029296875,0
2011-03-16,1275.030029296875,1275.030029296875,1275.030029296875,1275.030029296875,0
2011-03-17,1306.47998046875,1306.47998046875,1306.47998046875,1306.47998046875,0
2011-03-18,1315.9000244140625,1315.9000244140625,1315.9000244140625,1315.9000244140625,0
2011-03-21,1330.4100341796875,1330.4100341796875,1330.4100341796875,1330.4100341796875,0
2011-03-22,1329.8900146484375,1329.8900146484375,1329.8900146484375,1329.8900146484375,0
2011-03-23,1341.199951171875,1341.199951171875,1341.199951171875,1341.199951171875,0
2011-03-24,1348.3800048828125,1348.3800048828125,1348.3800048828125,1348.3800048828125,0
2011-03-25,1348.81005859375,1348.81005859375,1348.81005859375,1348.81005859375,0
2011-03-28,1346.4599609375,1346.4599609375,1346.4599609375,1346.4599609375,0
2011-03-29,1344.050048828125,1344.050048828125,1344.050048828125,1344.050048828125,0
2011-03-30,1354.030029296875,1354.030029296875,1354.030029296875,1354.030029296875,0
2011-03-31,1345.0400390625,1345.0400390625,1345.0400390625,1345.0400390625,0
2011-04-01,1355.1600341796875,1355.1600341796875,1355.1600341796875,1355.1600341796875,0
2011-04-04,1356.239990234375,1356.239990234375,1356.239990234375,1356.239990234375,0
2011-04-05,1362.3199462890625,1362.3199462890625,1362.3199462890625,1362.3199462890625,0
2011-04-06,1358.7099609375,1358.7099609375,1358.7099609375,1358.7099609375,0
2011-04-07,1339.9200439453125,1339.9200439453125,1339.9200439453125,1339.9200439453125,0
2011-04-08,1343.9599609375,1343.9599609375,1343.9599609375,1343.9599609375,0
2011-04-11,1187,1187,1182.3699951171875,1182.3699951171875,8253
2011-04-12,1322.739990234375,1322.739990234375,1322.739990234375,1322.739990234375,0
2011-04-13,1331.0799560546875,1331.0799560546875,1331.0799560546875,1331.0799560546875,0
2011-04-14,1334.4100341796875,1334.4100341796875,1334.4100341796875,1334.4100341796875,0
2011-04-15,1344.699951171875,1344.699951171875,1344.699951171875,1344.699951171875,0
2011-04-18,1331.489990234375,1331.489990234375,1331.489990234375,1331.489990234375,0
2011-04-19,1333.300048828125,1333.300048828125,1333.300048828125,1333.300048828125,0
2011-04-20,1348.5799560546875,1348.5799560546875,1348.5799560546875,1348.5799560546875,0
2011-04-21,1363.699951171875,1363.699951171875,1363.699951171875,1363.699951171875,0
2011-04-26,1368.6800537109375,1368.6800537109375,1368.6800537109375,1368.6800537109375,0
2011-04-27,1375.030029296875,1375.030029296875,1375.030029296875,1375.030029296875,0
2011-04-28,1385.4599609375,1385.4599609375,1385.4599609375,1385.4599609375,0
2011-04-29,1391.1600341796875,1391.1600341796875,1391.1600341796875,1391.1600341796875,0
2011-05-03,1390.469970703125,1390.469970703125,1390.469970703125,1390.469970703125,0
2011-05-04,1372.3800048828125,1372.3800048828125,1372.3800048828125,1372.3800048828125,0
2011-05-05,1376.75,1376.75,1376.75,1376.75,0
2011-05-06,1390.8299560546875,1390.8299560546875,1390.8299560546875,1390.8299560546875,0
2011-05-09,1384.8599853515625,1384.8599853515625,1384.8599853515625,1384.8599853515625,0
2011-05-10,1398.739990234375,1398.739990234375,1398.739990234375,1398.739990234375,0
2011-05-11,1402.2099609375,1402.2099609375,1402.2099609375,1402.2099609375,0
2011-05-12,1394.4100341796875,1394.4100341796875,1394.4100341796875,1394.4100341796875,0
2011-05-13,1396.93994140625,1396.93994140625,1396.93994140625,1396.93994140625,0
2011-05-16,1216.1300048828125,1216.1300048828125,1211.56005859375,1213.64501953125,6600
2011-05-17,1212.2900390625,1212.2900390625,1206.385009765625,1206.385009765625,4500
2011-05-18,1235.0400390625,1235.0400390625,1230.219970703125,1234.6800537109375,16200
2011-05-19,1239.0550537109375,1239.0550537109375,1239.0550537109375,1239.0550537109375,0
2011-05-20,1229.4949951171875,1229.4949951171875,1229.4949951171875,1229.4949951171875,0
2011-05-23,1218.0699462890625,1218.0699462890625,1213.47998046875,1217.594970703125,600
2011-05-24,1220.530029296875,1220.530029296875,1220.530029296875,1220.530029296875,0
2011-05-25,1215.885009765625,1215.885009765625,1215.885009765625,1215.885009765625,0
2011-05-26,1216.1600341796875,1216.1600341796875,1216.1600341796875,1216.1600341796875,0
2011-05-27,1237.0400390625,1237.0400390625,1233.81494140625,1233.81494140625,2200
2011-05-31,1257.7049560546875,1257.7049560546875,1257.7049560546875,1257.7049560546875,0
2011-06-01,1260.864990234375,1260.864990234375,1260.864990234375,1260.864990234375,0
2011-06-02,1257.5699462890625,1257.5699462890625,1253.0350341796875,1253.0350341796875,500
2011-06-03,1262.3349609375,1262.3349609375,1262.3349609375,1262.3349609375,0
2011-06-06,1264.77001953125,1264.77001953125,1264.77001953125,1264.77001953125,0
2011-06-07,1258.625,1258.625,1258.625,1258.625,0
2011-06-08,1247.3800048828125,1247.3800048828125,1247.3800048828125,1247.3800048828125,0
2011-06-09,1250.4000244140625,1250.4000244140625,1250.4000244140625,1250.4000244140625,0
2011-06-10,1247.4000244140625,1247.4000244140625,1247.4000244140625,1247.4000244140625,0
2011-06-13,1246.2850341796875,1246.2850341796875,1246.2850341796875,1246.2850341796875,0
2011-06-14,1252.6800537109375,1252.6800537109375,1249.9100341796875,1249.9100341796875,4010
2011-06-15,1244.4749755859375,1244.4749755859375,1244.4749755859375,1244.4749755859375,0
2011-06-16,1234.1700439453125,1234.64501953125,1234.1700439453125,1234.64501953125,300
2011-06-17,1240,1240,1236.3399658203125,1236.6949462890625,2000
2011-06-20,1222.5,1222.635009765625,1222.5,1222.635009765625,200
2011-06-21,1241.5999755859375,1241.5999755859375,1241.5999755859375,1241.5999755859375,0
2011-06-22,1248.43505859375,1248.43505859375,1248.43505859375,1248.43505859375,0
2011-06-23,1233.989990234375,1233.989990234375,1227.6700439453125,1227.6700439453125,1500
2011-06-24,1227.8900146484375,1227.8900146484375,1219.18994140625,1219.18994140625,7600
2011-06-27,1225.199951171875,1225.199951171875,1223.655029296875,1223.655029296875,1500
2011-06-28,1238.969970703125,1238.969970703125,1238.969970703125,1238.969970703125,0
2011-06-29,1257.6800537109375,1257.6800537109375,1256.5899658203125,1256.5899658203125,1000
2011-06-30,1273,1275.2900390625,1273,1275.2900390625,1600
2011-07-01,1283.8199462890625,1283.8199462890625,1281.925048828125,1281.925048828125,579
2011-07-04,1287.27001953125,1287.27001953125,1287.27001953125,1287.27001953125,0
2011-07-05,1289.719970703125,1289.719970703125,1289.719970703125,1289.719970703125,0
2011-07-06,1284.3299560546875,1284.3299560546875,1281.8499755859375,1281.8499755859375,11100
2011-07-07,1279.800048828125,1279.800048828125,1277.9849853515625,1277.9849853515625,5200
2011-07-08,1261.800048828125,1261.800048828125,1257.4100341796875,1257.4100341796875,6889
2011-07-11,1228.489990234375,1228.489990234375,1228.489990234375,1228.489990234375,0
2011-07-12,1217.93994140625,1219.97998046875,1217.93994140625,1219.97998046875,582
2011-07-13,1232.7149658203125,1232.7149658203125,1232.7149658203125,1232.7149658203125,0
2011-07-14,1211.280029296875,1225.625,1211.280029296875,1225.625,194
2011-07-15,1224.489990234375,1224.489990234375,1224.489990234375,1224.489990234375,0
2011-07-18,1203.9200439453125,1203.9200439453125,1203.9200439453125,1203.9200439453125,0
2011-07-19,1203.9200439453125,1203.9200439453125,1203.9200439453125,1203.9200439453125,0
2011-07-20,1216.280029296875,1216.280029296875,1216.280029296875,1216.280029296875,0
2011-07-21,1226.6300048828125,1226.6300048828125,1226.6300048828125,1226.6300048828125,0
2011-07-22,1231.0350341796875,1231.0350341796875,1231.0350341796875,1231.0350341796875,0
2011-07-25,1243.2950439453125,1243.2950439453125,1243.2950439453125,1243.2950439453125,0
2011-07-26,1237.6400146484375,1237.6400146484375,1237.6400146484375,1237.6400146484375,0
2011-07-27,1223.35498046875,1223.35498046875,1223.35498046875,1223.35498046875,0
2011-07-28,1217.97998046875,1217.97998046875,1217.97998046875,1217.97998046875,0
2011-07-29,1208.2900390625,1208.2900390625,1208.2900390625,1208.2900390625,0
2011-08-01,1201.8050537109375,1201.8050537109375,1201.8050537109375,1201.8050537109375,0
2011-08-02,1190.0849609375,1190.0849609375,1190.0849609375,1190.0849609375,0
2011-08-03,1165.260009765625,1165.260009765625,1165.260009765625,1165.260009765625,0
2011-08-04,1165.260009765625,1165.260009765625,1165.260009765625,1165.260009765625,0
2011-08-05,1073.550048828125,1073.550048828125,1070.7900390625,1070.7900390625,5000
2011-08-08,1048.550048828125,1048.550048828125,1014,1014,1106
2011-08-09,1002.4199829101562,1050.625,978.42999267578125,1050.625,20000
2011-08-10,1048.4000244140625,1048.4000244140625,1048.4000244140625,1048.4000244140625,0
2011-08-11,1084.1600341796875,1084.1600341796875,1084.1600341796875,1084.1600341796875,0
2011-08-12,1103,1103,1103,1103,0
2011-08-15,1118.949951171875,1118.949951171875,1115.93994140625,1115.93994140625,250
2011-08-16,1094.1300048828125,1094.1300048828125,1094.1300048828125,1094.1300048828125,0
2011-08-17,1099.4599609375,1099.4599609375,1099.4599609375,1099.4599609375,0
2011-08-18,1061.6500244140625,1061.6500244140625,1054.0250244140625,1054.0250244140625,135
2011-08-19,1042.9649658203125,1042.9649658203125,1042.9649658203125,1042.9649658203125,0
2011-08-22,1060.9000244140625,1060.9000244140625,1060.9000244140625,1060.9000244140625,0
2011-08-23,1063.6700439453125,1063.6700439453125,1063.6700439453125,1063.6700439453125,0
2011-08-24,1081.1500244140625,1081.1500244140625,1081.1500244140625,1081.1500244140625,0
2011-08-25,1077.9100341796875,1077.9100341796875,1077.9100341796875,1077.9100341796875,0
2011-08-26,1071.3050537109375,1071.3050537109375,1071.3050537109375,1071.3050537109375,0
2011-08-30,1105.6099853515625,1105.6099853515625,1105.6099853515625,1105.6099853515625,0
2011-08-31,1123.93994140625,1123.93994140625,1123.93994140625,1123.93994140625,0
2011-09-01,1117.969970703125,1125.385009765625,1117.969970703125,1125.385009765625,3106
2011-09-02,1107.3699951171875,1107.3699951171875,1107.3699951171875,1107.3699951171875,0
2011-09-05,1078.199951171875,1078.199951171875,1078.199951171875,1078.199951171875,0
2011-09-06,1068.5550537109375,1068.5550537109375,1068.5550537109375,1068.5550537109375,0
2011-09-07,1096.2900390625,1096.2900390625,1096.2900390625,1096.2900390625,0
2011-09-08,1089.4200439453125,1089.4200439453125,1089.4200439453125,1089.4200439453125,0
2011-09-09,1061.9949951171875,1061.9949951171875,1061.9949951171875,1061.9949951171875,0
2011-09-12,1033.655029296875,1033.655029296875,1033.655029296875,1033.655029296875,0
2011-09-13,1021.39501953125,1021.39501953125,1021.39501953125,1021.39501953125,0
2011-09-14,1019.844970703125,1019.844970703125,1019.844970703125,1019.844970703125,0
2011-09-15,1046.52001953125,1046.52001953125,1046.52001953125,1046.52001953125,0
2011-09-16,1055.06005859375,1055.06005859375,1055.06005859375,1055.06005859375,0
2011-09-19,1035.6400146484375,1035.6400146484375,1035.6400146484375,1035.6400146484375,0
2011-09-20,1046.4100341796875,1046.4100341796875,1046.4100341796875,1046.4100341796875,0
2011-09-21,1041.989990234375,1041.989990234375,1041.989990234375,1041.989990234375,0
2011-09-22,999.47998046875,999.47998046875,999.47998046875,999.47998046875,0
2011-09-23,989.9949951171875,989.9949951171875,989.9949951171875,989.9949951171875,0
2011-09-26,990.28497314453125,990.28497314453125,990.28497314453125,990.28497314453125,0
2011-09-27,1025.1199951171875,1025.1199951171875,1025.1199951171875,1025.1199951171875,0
2011-09-28,1015.8400268554688,1015.8400268554688,1015.8400268554688,1015.8400268554688,0
2011-09-29,1024.18505859375,1024.18505859375,1024.18505859375,1024.18505859375,0
2011-09-30,1005.0900268554688,1005.0900268554688,1005.0900268554688,1005.0900268554688,0
2011-10-03,986.39501953125,986.39501953125,986.39501953125,986.39501953125,0
2011-10-04,967.8800048828125,967.8800048828125,967.8800048828125,967.8800048828125,0
2011-10-05,992.17498779296875,992.17498779296875,992.17498779296875,992.17498779296875,0
2011-10-06,1043.5,1043.5,1043.5,1043.5,0
2011-10-07,1045.1099853515625,1045.1099853515625,1045.1099853515625,1045.1099853515625,0
2011-10-10,1058.824951171875,1058.824951171875,1058.824951171875,1058.824951171875,0
2011-10-11,1052.9749755859375,1052.9749755859375,1052.9749755859375,1052.9749755859375,0
2011-10-12,1076.47998046875,1076.47998046875,1076.47998046875,1076.47998046875,0
2011-10-13,1066.72998046875,1066.72998046875,1066.72998046875,1066.72998046875,0
2011-10-14,1086.199951171875,1086.199951171875,1086.199951171875,1086.199951171875,0
2011-10-17,1077.68505859375,1077.68505859375,1077.68505859375,1077.68505859375,0
2011-10-18,1065.635009765625,1065.635009765625,1065.635009765625,1065.635009765625,0
2011-10-19,1060.3599853515625,1060.3599853515625,1060.3599853515625,1060.3599853515625,0
2011-10-20,1038.405029296875,1038.405029296875,1038.405029296875,1038.405029296875,0
2011-10-21,1063.969970703125,1063.969970703125,1063.969970703125,1063.969970703125,0
2011-10-24,1073.425048828125,1073.425048828125,1073.425048828125,1073.425048828125,0
2011-10-25,1052.844970703125,1052.844970703125,1052.844970703125,1052.844970703125,0
2011-10-26,1045.655029296875,1045.655029296875,1045.655029296875,1045.655029296875,0
2011-10-27,1083.27001953125,1091.60498046875,1083.27001953125,1091.60498046875,1000
2011-10-28,1094.4100341796875,1094.4100341796875,1094.4100341796875,1094.4100341796875,0
2011-10-31,1069.7950439453125,1069.7950439453125,1069.7950439453125,1069.7950439453125,0
2011-11-01,1026.2550048828125,1026.2550048828125,1026.2550048828125,1026.2550048828125,0
2011-11-02,1034.7750244140625,1034.7750244140625,1034.7750244140625,1034.7750244140625,0
2011-11-03,1042.7950439453125,1042.7950439453125,1042.7950439453125,1042.7950439453125,0
2011-11-04,1042.31494140625,1042.31494140625,1042.31494140625,1042.31494140625,0
2011-11-07,1030.8050537109375,1030.8050537109375,1030.8050537109375,1030.8050537109375,0
2011-11-08,1047.9300537109375,1047.9300537109375,1047.9300537109375,1047.9300537109375,0
2011-11-09,1023.97998046875,1023.97998046875,1023.97998046875,1023.97998046875,0
2011-11-10,1016.7550048828125,1016.7550048828125,1016.7550048828125,1016.7550048828125,0
2011-11-11,1037.93505859375,1037.93505859375,1037.93505859375,1037.93505859375,0
2011-11-14,1020.9849853515625,1020.9849853515625,1020.9849853515625,1020.9849853515625,0
2011-11-15,1006.27001953125,1006.27001953125,1006.27001953125,1006.27001953125,0
2011-11-16,999.59002685546875,999.59002685546875,999.59002685546875,999.59002685546875,0
2011-11-17,975.53997802734375,975.53997802734375,975.53997802734375,975.53997802734375,0
2011-11-18,973.655029296875,973.655029296875,973.655029296875,973.655029296875,0
2011-11-21,950.80499267578125,950.80499267578125,950.80499267578125,950.80499267578125,0
2011-11-22,947.42498779296875,947.42498779296875,947.42498779296875,947.42498779296875,0
2011-11-23,933.80999755859375,933.80999755859375,933.80999755859375,933.80999755859375,0
2011-11-24,927.6400146484375,927.6400146484375,927.6400146484375,927.6400146484375,0
2011-11-25,927.6300048828125,927.6300048828125,927.6300048828125,927.6300048828125,0
2011-11-28,965.94500732421875,965.94500732421875,965.94500732421875,965.94500732421875,0
2011-11-29,966,972.780029296875,966,972.780029296875,75
2011-11-30,999.0999755859375,1005.530029296875,999.0999755859375,1005.530029296875,800
2011-12-01,1009.27001953125,1011.8599853515625,1009.27001953125,1009.6950073242188,12554
2011-12-02,1010.72998046875,1010.72998046875,1010.72998046875,1010.72998046875,0
2011-12-05,1012,1013,1004.8200073242188,1004.8200073242188,1900
2011-12-06,1005.9299926757812,1005.9299926757812,1005.9299926757812,1005.9299926757812,0
2011-12-07,1001.8049926757812,1001.8049926757812,1001.8049926757812,1001.8049926757812,0
2011-12-08,990,990,972.97998046875,972.97998046875,100
2011-12-09,984.22998046875,984.22998046875,984.22998046875,984.22998046875,0
2011-12-12,949.85498046875,949.85498046875,949.85498046875,949.85498046875,0
2011-12-13,953,953,943.32000732421875,943.32000732421875,100
2011-12-14,920.44000244140625,920.44000244140625,920.44000244140625,920.44000244140625,0
2011-12-15,930.42498779296875,930.42498779296875,930.42498779296875,930.42498779296875,0
2011-12-16,932.70001220703125,932.70001220703125,932.70001220703125,932.70001220703125,0
2011-12-19,922.4000244140625,926.469970703125,922.4000244140625,926.469970703125,1000
2011-12-20,930.1500244140625,944.385009765625,930.03997802734375,944.385009765625,13600
2011-12-21,958.52001953125,958.52001953125,941.44500732421875,941.44500732421875,6000
2011-12-22,950.67999267578125,950.905029296875,950.67999267578125,950.905029296875,2500
2011-12-23,953.84002685546875,957.7650146484375,953.84002685546875,957.7650146484375,1000
2011-12-28,958.125,958.125,958.125,958.125,0
2011-12-29,962.469970703125,968.44500732421875,962.469970703125,968.44500732421875,4300
2011-12-30,976.79498291015625,976.79498291015625,976.79498291015625,976.79498291015625,0
2012-01-03,989.6500244140625,989.6500244140625,989.6500244140625,989.6500244140625,0
2012-01-04,987.3499755859375,987.3499755859375,970,972.66998291015625,10700
2012-01-05,968.489990234375,968.489990234375,958.85498046875,958.85498046875,500
2012-01-06,948.719970703125,948.719970703125,941.760009765625,941.760009765625,3400
2012-01-09,940.09002685546875,940.09002685546875,940.09002685546875,940.09002685546875,0
2012-01-10,959.885009765625,959.885009765625,959.885009765625,959.885009765625,0
2012-01-11,964.46002197265625,964.46002197265625,959.46002197265625,960.885009765625,500
2012-01-12,977.010009765625,983.375,975.69000244140625,983.375,4028
2012-01-13,966.96002197265625,968.32000732421875,966.96002197265625,968.32000732421875,1140
2012-01-16,971.44500732421875,971.44500732421875,971.44500732421875,971.44500732421875,0
2012-01-17,980.260009765625,980.260009765625,976.79998779296875,976.79998779296875,400
2012-01-18,986.04998779296875,986.04998779296875,982.4949951171875,982.4949951171875,1300
2012-01-19,992.969970703125,1014.7949829101562,992.969970703125,1014.7949829101562,5400
2012-01-20,1025.800048828125,1025.800048828125,1025.800048828125,1025.800048828125,0
2012-01-23,1032,1035,1031,1035,2400
2012-01-24,1023,1023,1020,1021.5,7100
2012-01-25,1022,1022,1019.5,1019.5,3000
2012-01-26,1037.5,1037.5,1037.5,1037.5,0
2012-01-27,1037.5,1037.5,1037.5,1037.5,0
2012-01-30,1021.5,1021.5,1021.5,1021.5,0
2012-01-31,1016.5,1016.5,1016.5,1016.5,0
2012-02-01,1033,1041.5,1033,1041.5,700
2012-02-02,1040.5,1040.5,1040.5,1040.5,0
2012-02-03,1044.5,1044.5,1044.5,1044.5,0
2012-02-06,1046.5,1046.5,1046.5,1046.5,0
2012-02-07,1045,1046,1044,1046,3000
2012-02-08,1051,1054,1051,1054,4600
2012-02-09,1054,1057.5,1054,1057.5,500
2012-02-10,1046.5,1046.5,1046.5,1046.5,0
2012-02-13,1054,1054,1054,1054,0
2012-02-14,1047.5,1047.5,1047.5,1047.5,0
2012-02-15,1041.5,1041.5,1041.5,1041.5,0
2012-02-16,1031.5,1031.5,1031.5,1031.5,0
2012-02-17,1038,1043,1038,1042.5,17281
2012-02-20,1053,1053,1053,1053,0
2012-02-21,1041.5,1041.5,1041.5,1041.5,0
2012-02-22,1037.5,1037.5,1037.5,1037.5,0
2012-02-23,1033,1037,1033,1037,8500
2012-02-24,1045,1048.5,1045,1048.5,8000
2012-02-27,1035.5,1035.5,1035.5,1035.5,0
2012-02-28,1044,1045,1039,1039,12700
2012-02-29,1033,1033,1033,1033,0
2012-03-01,1043,1044,1043,1044,1300
2012-03-02,1047,1047,1047,1047,0
2012-03-05,1044,1047,1044,1045,2400
2012-03-06,1020,1020,1020,1020,0
2012-03-07,1022,1025.5,1022,1025.5,4000
2012-03-08,1045,1054,1045,1052.5,26300
2012-03-09,1063,1065,1063,1064,4000
2012-03-12,1074,1077.5,1074,1077.5,5000
2012-03-13,1086,1086,1086,1086,0
2012-03-14,1087,1087,1087,1087,0
2012-03-15,1091.5,1091.5,1091.5,1091.5,0
2012-03-16,1105,1105.5,1105,1105.5,770
2012-03-19,1101.5,1101.5,1101.5,1101.5,0
2012-03-20,1092.5,1092.5,1092.5,1092.5,0
2012-03-21,1096,1096,1096,1096,0
2012-03-22,1084.5,1084.5,1084.5,1084.5,0
2012-03-23,1075,1075,1075,1075,0
2012-03-26,1083,1088,1083,1088,900
2012-03-27,1089.5,1089.5,1089.5,1089.5,0
2012-03-28,1078,1081,1078,1081,500
2012-03-29,1062,1062,1062,1062,0
2012-03-30,1075,1075,1075,1075,0
2012-04-02,1073,1075.5,1070,1075.5,18508
2012-04-03,1075.5,1075.5,1075.5,1075.5,0
2012-04-04,1045.5,1045.5,1045.5,1045.5,0
2012-04-05,1048,1048,1048,1048,0
2012-04-10,1041,1041,1035,1035,900
2012-04-11,1041.5,1041.5,1041.5,1041.5,0
2012-04-12,1053,1053,1053,1053,0
2012-04-13,1040,1040,1040,1040,0
2012-04-16,1033.5,1033.5,1033.5,1033.5,0
2012-04-17,1048,1055,1048,1055,500
2012-04-18,1043,1043,1039,1041,25000
2012-04-19,1040,1040,1039,1040,10000
2012-04-20,1040,1045.5,1040,1045.5,5000
2012-04-23,1021,1021,1018,1020,17500
2012-04-24,1039.5,1039.5,1039.5,1039.5,0
2012-04-25,1050,1050,1049,1049.5,10000
2012-04-26,1046,1047,1046,1047,5000
2012-04-27,1057,1057.5,1056,1057.5,10000
2012-04-30,1051,1051,1045,1047,29681
2012-05-01,1047,1047,1047,1047,0
2012-05-02,1050,1050,1050,1050,0
2012-05-03,1053,1054,1053,1054,5000
2012-05-04,1036,1036,1036,1036,0
2012-05-08,1046,1046,1036.5,1036.5,10000
2012-05-09,1023,1023,1023,1023,0
2012-05-10,1025.5,1025.5,1025.5,1025.5,0
2012-05-11,1044,1044,1044,1044,0
2012-05-14,1022,1022,1022,1022,0
2012-05-15,1011.5,1011.5,1011.5,1011.5,0
2012-05-16,1017.5,1017.5,1017.5,1017.5,0
2012-05-17,1013.5,1013.5,1013.5,1013.5,0
2012-05-18,1007.5,1007.5,1007.5,1007.5,0
2012-05-21,1020,1020,1020,1020,0
2012-05-22,1032,1032,1032,1032,0
2012-05-23,1015.5,1015.5,1015.5,1015.5,0
2012-05-24,1030,1030,1030,1030,0
2012-05-25,1028,1028,1028,1028,0
2012-05-29,1031,1031,1031,1031,0
2012-05-30,1019,1019,1019,1019,0
2012-05-31,1021,1021,1021,1021,0
2012-06-01,1009.5,1009.5,1009.5,1009.5,0
2012-06-06,1044,1044,1044,1044,0
2012-06-07,1041,1041,1039,1039,2000
2012-06-08,1037.5,1037.5,1037.5,1037.5,0
2012-06-11,1019,1019,1019,1019,0
2012-06-12,1009,1009,1009,1009,0
2012-06-13,1015,1015,1015,1015,0
2012-06-14,1025,1025,1025,1025,0
2012-06-15,1034,1034,1034,1034,0
2012-06-18,1026,1026,1026,1026,0
2012-06-19,1045,1045,1045,1045,0
2012-06-20,1054.5,1054.5,1054.5,1054.5,0
2012-06-21,1049,1049,1045,1045,95
2012-06-22,1039,1039,1039,1039,0
2012-06-25,1026,1026,1026,1026,0
2012-06-26,1024,1024,1024,1024,0
2012-06-27,1037,1037,1037,1037,9619
2012-06-28,1033.5,1033.5,1033.5,1033.5,0
2012-06-29,1066,1066,1066,1066,0
2012-07-02,1077.5,1077.5,1077.5,1077.5,0
2012-07-03,1085.5,1085.5,1085.5,1085.5,0
2012-07-04,1087,1087,1087,1087,0
2012-07-05,1080,1080,1080,1080,0
2012-07-06,1078.5,1078.5,1078.5,1078.5,0
2012-07-09,1075.5,1075.5,1075.5,1075.5,0
2012-07-10,1076.5,1076.5,1076.5,1076.5,0
2012-07-11,1077,1077,1077,1077,0
2012-07-12,1076.5,1076.5,1076.5,1076.5,0
2012-07-13,1084,1084,1084,1084,0
2012-07-16,1090,1090,1090,1090,0
2012-07-17,1090.5,1090.5,1090.5,1090.5,0
2012-07-18,1096.5,1096.5,1096.5,1096.5,0
2012-07-19,1100,1100,1100,1100,0
2012-07-20,1089,1089,1089,1089,0
2012-07-23,1067,1067,1067,1067,0
2012-07-24,1071,1071,1071,1071,0
2012-07-25,1089.5,1089.5,1089.5,1089.5,0
2012-07-26,1100.5,1100.5,1100.5,1100.5,0
2012-07-27,1107.5,1107.5,1107.5,1107.5,0
2012-07-30,1111,1111,1111,1111,0
2012-07-31,1108.5,1108.5,1108.5,1108.5,0
2012-08-01,1121.5,1121.5,1121.5,1121.5,0
2012-08-02,1125,1125,1112,1112,2000
2012-08-03,1136.5,1136.5,1136.5,1136.5,0
2012-08-06,1141,1141,1141,1141,0
2012-08-07,1142,1142,1142,1142,0
2012-08-08,1136.5,1136.5,1136.5,1136.5,0
2012-08-09,1130,1130,1130,1130,0
2012-08-10,1126,1126,1126,1126,0
2012-08-13,1124.5,1124.5,1124.5,1124.5,0
2012-08-14,1129,1129,1129,1129,0
2012-08-15,1128,1128,1128,1128,0
2012-08-16,1130,1130,1130,1130,0
2012-08-17,1131.5,1131.5,1131.5,1131.5,0
2012-08-20,1133.5,1133.5,1133.5,1133.5,0
2012-08-21,1135.5,1135.5,1135.5,1135.5,0
2012-08-22,1124,1124,1124,1124,0
2012-08-23,1119.5,1119.5,1119.5,1119.5,0
2012-08-24,1115.5,1115.5,1115.5,1115.5,0
2012-08-28,1119,1119,1119,1119,0
2012-08-29,1116,1116,1116,1116,0
2012-08-30,1111.5,1111.5,1111.5,1111.5,0
2012-08-31,1114.5,1114.5,1114.5,1114.5,0
2012-09-03,1119.5,1119.5,1119.5,1119.5,0
2012-09-04,1106.5,1106.5,1106.5,1106.5,0
2012-09-05,1107.5,1107.5,1107.5,1107.5,0
2012-09-06,1125,1125,1125,1125,0
2012-09-07,1135,1135,1135,1135,0
2012-09-10,1129.5,1129.5,1129.5,1129.5,0
2012-09-11,1126,1127,1126,1127,30
2012-09-12,1136.5,1136.5,1136.5,1136.5,0
2012-09-13,1132,1132,1132,1132,0
2012-09-14,1153.5,1153.5,1153.5,1153.5,0
2012-09-17,1147.5,1147.5,1147.5,1147.5,0
2012-09-18,1139.5,1139.5,1139.5,1139.5,0
2012-09-19,1144,1144,1144,1144,0
2012-09-20,1134,1135,1131.5,1131.5,1749
2012-09-21,1132,1132,1132,1132,0
2012-09-24,1122.5,1122.5,1122.5,1122.5,0
2012-09-25,1131.5,1131.5,1131.5,1131.5,0
2012-09-26,1123.5,1123.5,1123.5,1123.5,0
2012-09-27,1116.5,1116.5,1116.5,1116.5,0
2012-09-28,1113.5,1113.5,1113.5,1113.5,0
2012-10-01,1121.5,1121.5,1121.5,1121.5,0
2012-10-02,1126.5,1126.5,1126.5,1126.5,0
2012-10-03,1126.5,1126.5,1126.5,1126.5,0
2012-10-04,1131,1131,1131,1131,0
2012-10-05,1145,1145,1145,1145,0
2012-10-08,1146,1146,1146,1146,0
2012-10-09,1138.5,1138.5,1138.5,1138.5,0
2012-10-10,1136.5,1136.5,1136.5,1136.5,0
2012-10-11,1147.5,1147.5,1147.5,1147.5,0
2012-10-12,1146.5,1146.5,1146.5,1146.5,0
2012-10-15,1157,1157,1157,1157,0
2012-10-16,1174.5,1174.5,1174.5,1174.5,0
2012-10-17,1181.5,1181.5,1181.5,1181.5,0
2012-10-18,1182,1182,1182,1182,0
2012-10-19,1185.5,1185.5,1185.5,1185.5,0
2012-10-22,1181,1181,1181,1181,0
2012-10-23,1163.5,1163.5,1163.5,1163.5,0
2012-10-24,1160,1160,1160,1160,0
2012-10-25,1157,1157,1157,1157,0
2012-10-26,1162,1162,1162,1162,0
2012-10-29,1169.5,1169.5,1169.5,1169.5,0
2012-10-30,1174,1174,1174,1174,0
2012-10-31,1173.5,1173.5,1173.5,1173.5,0
2012-11-01,1178.5,1178.5,1178.5,1178.5,0
2012-11-02,1180,1180,1180,1180,0
2012-11-05,1174,1174,1171,1171,2328
2012-11-06,1174.5,1174.5,1174.5,1174.5,0
2012-11-07,1160,1160,1160,1160,0
2012-11-08,1154.5,1154.5,1154.5,1154.5,0
2012-11-09,1146.5,1146.5,1146.5,1146.5,0
2012-11-12,1151.5,1151.5,1151.5,1151.5,0
2012-11-13,1152,1152,1152,1152,0
2012-11-14,1148,1148,1148,1148,0
2012-11-15,1139,1139,1139,1139,0
2012-11-16,1124.5,1124.5,1124.5,1124.5,0
2012-11-19,1141.5,1141.5,1141.5,1141.5,0
2012-11-20,1141,1141,1141,1141,0
2012-11-21,1146,1146,1146,1146,0
2012-11-22,1157,1157,1157,1157,0
2012-11-23,1162,1162,1162,1162,0
2012-11-26,1160.5,1160.5,1160.5,1160.5,0
2012-11-27,1166.5,1166.5,1166.5,1166.5,0
2012-11-28,1168,1168,1168,1168,0
2012-11-29,1191,1191,1191,1191,0
2012-11-30,1202.5,1202.5,1202.5,1202.5,0
2012-12-03,1200.5,1200.5,1200.5,1200.5,0
2012-12-04,1198.5,1198.5,1198.5,1198.5,0
2012-12-05,1195.5,1195.5,1195.5,1195.5,0
2012-12-06,1191.5,1191.5,1191.5,1191.5,0
2012-12-07,1200,1200,1200,1200,0
2012-12-10,1198.5,1198.5,1198.5,1198.5,0
2012-12-11,1204,1204,1204,1204,0
2012-12-12,1203.5,1203.5,1203.5,1203.5,0
2012-12-13,1205,1205,1205,1205,0
2012-12-14,1211.5,1211.5,1211.5,1211.5,0
2012-12-17,1209,1209,1209,1209,0
2012-12-18,1218,1218,1218,1218,0
2012-12-19,1225,1225,1225,1225,0
2012-12-20,1227,1228.5,1227,1228.5,634
2012-12-21,1225.5,1225.5,1225.5,1225.5,0
2012-12-24,1226,1226,1226,1226,0
2012-12-27,1239,1239,1239,1239,0
2012-12-28,1228,1228,1228,1228,0
2012-12-31,1219,1219,1219,1219,0
2013-01-02,1237.5,1237.5,1237.5,1237.5,0
2013-01-03,1229,1229,1229,1229,0
2013-01-04,1236,1236,1236,1236,0
2013-01-07,1234.5,1234.5,1234.5,1234.5,0
2013-01-08,1230.5,1230.5,1230.5,1230.5,0
2013-01-09,1229.5,1229.5,1229.5,1229.5,0
2013-01-10,1227,1227,1227,1227,0
2013-01-11,1229.5,1229.5,1229.5,1229.5,0
2013-01-14,1234.5,1234.5,1234.5,1234.5,0
2013-01-15,1232,1232,1232,1232,0
2013-01-16,1236,1236,1236,1236,0
2013-01-17,1244,1244,1239.5,1239.5,230
2013-01-18,1246,1246,1243.5,1243.5,1514
2013-01-21,1246,1246,1246,1246,0
2013-01-22,1239.5,1239.5,1239.5,1239.5,0
2013-01-23,1240.5,1240.5,1240.5,1240.5,0
2013-01-24,1253.5,1253.5,1253.5,1253.5,0
2013-01-25,1257.5,1257.5,1257.5,1257.5,0
2013-01-28,1256,1262,1256,1262,12000
2013-01-29,1258,1258,1256.5,1256.5,314
2013-01-30,1261.5,1261.5,1261.5,1261.5,0
2013-01-31,1251,1251,1251,1251,0
2013-02-01,1269,1269,1269,1269,0
2013-02-04,1247.5,1247.5,1247.5,1247.5,0
2013-02-05,1266,1266,1266,1266,0
2013-02-06,1258,1258,1258,1258,0
2013-02-07,1238,1238,1238,1238,0
2013-02-08,1238.5,1238.5,1238.5,1238.5,0
2013-02-11,1247.5,1247.5,1247.5,1247.5,0
2013-02-12,1263,1263,1263,1263,0
2013-02-13,1281,1281,1281,1281,0
2013-02-14,1272,1272,1272,1272,0
2013-02-15,1274.5,1274.5,1274.5,1274.5,0
2013-02-18,1273,1284.5,1273,1284.5,46766
2013-02-19,1297.5,1297.5,1297.5,1297.5,0
2013-02-20,1302,1302,1302,1302,0
2013-02-21,1279,1279,1279,1279,0
2013-02-22,1281.5,1281.5,1281.5,1281.5,0
2013-02-25,1290,1290,1290,1290,0
2013-02-26,1268,1268,1268,1268,0
2013-02-27,1274.5,1274.5,1274.5,1274.5,0
2013-02-28,1284,1284,1284,1284,0
2013-03-01,1287,1287,1287,1287,0
2013-03-04,1285,1285,1285,1285,0
2013-03-05,1512.56005859375,1512.56005859375,1512.56005859375,1512.56005859375,0
2013-03-06,1503.0400390625,1503.0400390625,1503.0400390625,1503.0400390625,0
2013-03-07,1509.3299560546875,1509.3299560546875,1509.3299560546875,1509.3299560546875,0
2013-03-08,1509.199951171875,1509.199951171875,1509.199951171875,1509.199951171875,0
2013-03-11,1496.22998046875,1496.22998046875,1496.22998046875,1496.22998046875,0
2013-03-12,1478.719970703125,1478.719970703125,1478.719970703125,1478.719970703125,0
2013-03-13,1488.27001953125,1488.27001953125,1488.27001953125,1488.27001953125,0
2013-03-14,1505.43994140625,1505.43994140625,1505.43994140625,1505.43994140625,0
2013-03-15,1497.8699951171875,1497.8699951171875,1497.8699951171875,1497.8699951171875,0
2013-03-18,1501.5899658203125,1501.5899658203125,1501.5899658203125,1501.5899658203125,0
2013-03-19,1492.1800537109375,1492.1800537109375,1492.1800537109375,1492.1800537109375,0
2013-03-20,1496.8599853515625,1496.8599853515625,1496.8599853515625,1496.8599853515625,0
2013-03-21,1491.1700439453125,1491.1700439453125,1491.1700439453125,1491.1700439453125,0
2013-03-22,1491.9200439453125,1491.9200439453125,1491.9200439453125,1491.9200439453125,0
2013-03-25,1490.52001953125,1490.52001953125,1490.52001953125,1490.52001953125,0
2013-03-26,1490.1500244140625,1490.1500244140625,1490.1500244140625,1490.1500244140625,0
2013-03-27,1478.6099853515625,1478.6099853515625,1478.6099853515625,1478.6099853515625,0
2013-03-28,1496.0899658203125,1496.0899658203125,1496.0899658203125,1496.0899658203125,0
2013-04-02,1282.5,1282.5,1282.5,1282.5,0
2013-04-03,1279.5,1279.5,1279.5,1279.5,0
2013-04-04,1270,1270,1270,1270,0
2013-04-05,1251,1256,1251,1256,2328
2013-04-08,1262,1262,1262,1262,0
2013-04-09,1273,1273,1273,1273,0
2013-04-10,1288,1294.5,1288,1294.5,8014
2013-04-11,1301,1301,1301,1301,0
2013-04-12,1310.5,1310.5,1310.5,1310.5,0
2013-04-15,1301.5,1301.5,1301.5,1301.5,0
2013-04-16,1306,1306,1306,1306,0
2013-04-17,1289.5,1289.5,1289.5,1289.5,0
2013-04-18,1290,1290,1290,1290,0
2013-04-19,1301.5,1301.5,1301.5,1301.5,0
2013-04-22,1305,1305,1305,1305,0
2013-04-23,1316.5,1316.5,1316.5,1316.5,0
2013-04-24,1329.5,1329.5,1329.5,1329.5,0
2013-04-25,1321,1321,1321,1321,0
2013-04-26,1314,1314,1314,1314,0
2013-04-29,1326,1334,1326,1334,135
2013-04-30,1335,1335,1335,1335,0
2013-05-01,1344,1344,1339,1339,46
2013-05-02,1331,1337.5,1331,1337.5,46
2013-05-03,1348,1348,1348,1348,0
2013-05-07,1367,1367,1367,1367,0
2013-05-08,1379,1379,1374,1374,870
2013-05-09,1374.5,1374.5,1374.5,1374.5,0
2013-05-10,1379,1379,1379,1379,0
2013-05-13,1390.5,1390.5,1390.5,1390.5,0
2013-05-14,1403.5,1403.5,1403.5,1403.5,0
2013-05-15,1414,1419.5,1414,1419.5,1400
2013-05-16,1418.5,1418.5,1418.5,1418.5,0
2013-05-17,1432,1432,1432,1432,0
2013-05-20,1439,1439,1439,1439,0
2013-05-21,1441.5,1441.5,1441.5,1441.5,0
2013-05-22,1438.5,1438.5,1438.5,1438.5,0
2013-05-23,1403,1403,1401,1402.5,870
2013-05-24,1397.5,1397.5,1397.5,1397.5,0
2013-05-28,1410.5,1410.5,1410.5,1410.5,0
2013-05-29,1389.5,1389.5,1389.5,1389.5,0
2013-05-30,1379.5,1379.5,1379.5,1379.5,0
2013-05-31,1367,1367,1367,1367,0
2013-06-03,1358.5,1358.5,1358.5,1358.5,0
2013-06-04,1366.5,1366.5,1366.5,1366.5,0
2013-06-05,1342.5,1342.5,1342.5,1342.5,0
2013-06-06,1321,1321,1321,1321,0
2013-06-07,1334,1334,1334,1334,0
2013-06-10,1325,1325,1325,1325,0
2013-06-11,1304,1304,1304,1304,0
2013-06-12,1293,1296.5,1293,1296.5,400
2013-06-13,1282.5,1282.5,1282.5,1282.5,0
2013-06-14,1311.5,1311.5,1311.5,1311.5,0
2013-06-17,1309,1309,1309,1309,0
2013-06-18,1317.5,1317.5,1317.5,1317.5,0
2013-06-19,1317.5,1317.5,1317.5,1317.5,0
2013-06-20,1285.5,1285.5,1285.5,1285.5,0
2013-06-21,1279,1294,1269,1269,152
2013-06-24,1227.5,1227.5,1227.5,1227.5,0
2013-06-25,1242.5,1242.5,1242.5,1242.5,0
2013-06-26,1265,1265,1265,1265,0
2013-06-27,1277,1277,1277,1277,0
2013-06-28,1285,1285,1285,1285,0
2013-07-01,1287,1287,1287,1287,0
2013-07-02,1299,1301,1290,1301,772
2013-07-03,1287,1287,1287,1287,0
2013-07-04,1308,1322,1295.9000244140625,1322,182489
2013-07-05,1326.5,1326.5,1326.5,1326.5,0
2013-07-08,1342,1342,1337,1339,158
2013-07-09,1359,1359,1355.5,1355.5,10919
2013-07-10,1343.5,1343.5,1343.5,1343.5,0
2013-07-11,1367,1367,1367,1367,0
2013-07-12,1365.5,1365.5,1365.5,1365.5,0
2013-07-15,1372,1372,1372,1372,0
2013-07-16,1369.5,1369.5,1369.5,1369.5,0
2013-07-17,1354.5,1354.5,1354.5,1354.5,0
2013-07-18,1361.5,1361.5,1361.5,1361.5,0
2013-07-19,1370,1370,1365,1370,366
2013-07-22,1594.8399658203125,1594.8399658203125,1594.8399658203125,1594.8399658203125,0
2013-07-23,1366.5,1366.5,1366.5,1366.5,0
2013-07-24,1362,1362,1359.5,1359.5,1025
2013-07-25,1353.5,1353.5,1353.5,1353.5,0
2013-07-26,1354,1354,1354,1354,0
2013-07-29,1359,1359,1354,1354,41
2013-07-30,1366,1366,1360,1363.5,1574
2013-07-31,1368,1368,1368,1368,0
2013-08-01,1386,1386,1386,1386,0
2013-08-02,1378.5,1378.5,1378.5,1378.5,0
2013-08-05,1379,1379,1379,1379,0
2013-08-06,1381.5,1381.5,1381.5,1381.5,0
2013-08-07,1375,1375,1357,1357,2000
2013-08-08,1360.5,1360.5,1360.5,1360.5,0
2013-08-09,1351,1351,1351,1351,0
2013-08-12,1345,1345,1345,1345,0
2013-08-13,1345,1347,1345,1347,2000
2013-08-14,1347,1347,1347,1347,0
2013-08-15,1327.5,1327.5,1327.5,1327.5,0
2013-08-16,1334.5,1334.5,1334.5,1334.5,0
2013-08-19,1327.5,1327.5,1327.5,1327.5,0
2013-08-20,1326.5,1326.5,1326.5,1326.5,0
2013-08-21,1310,1310,1310,1310,0
2013-08-22,1314.5,1314.5,1314.5,1314.5,0
2013-08-23,1313,1324,1313,1324,299959
2013-08-27,1325,1325,1307,1307,192
2013-08-28,1301,1301,1301,1301,0
2013-08-29,1292.5,1292.5,1292.5,1292.5,0
2013-08-30,1291,1291,1291,1291,0
2013-09-02,1307.5,1307.5,1307.5,1307.5,0
2013-09-03,1281,1281,1281,1281,0
2013-09-04,1280,1280,1273.5,1273.5,45
2013-09-05,1275,1275,1275,1275,0
2013-09-06,1277.5,1277.5,1277.5,1277.5,0
2013-09-09,1276,1276,1276,1276,0
2013-09-10,1296.5,1296.5,1296.5,1296.5,0
2013-09-11,1295,1295,1295,1295,0
2013-09-12,1307,1307,1307,1307,0
2013-09-13,1301.5,1301.5,1301.5,1301.5,0
2013-09-16,1315,1315,1315,1315,0
2013-09-17,1312,1312,1312,1312,0
2013-09-18,1300,1300,1300,1300,0
2013-09-19,1335.5,1335.5,1335.5,1335.5,0
2013-09-20,1342,1342,1342,1342,0
2013-09-23,1337,1337,1330.5,1330.5,8000
2013-09-24,1339,1339,1339,1339,0
2013-09-25,1336.5,1336.5,1336.5,1336.5,0
2013-09-26,1344,1344,1344,1344,0
2013-09-27,1333,1336.5,1333,1336.5,3940
2013-09-30,1322.5,1322.5,1322.5,1322.5,0
2013-10-01,1331,1331,1331,1331,0
2013-10-02,1332.5,1332.5,1332.5,1332.5,0
2013-10-03,1334.5,1334.5,1334.5,1334.5,0
2013-10-04,1339.5,1339.5,1339.5,1339.5,0
2013-10-07,1323.5,1323.5,1323.5,1323.5,0
2013-10-08,1320,1320,1320,1320,0
2013-10-09,1325,1325,1325,1325,0
2013-10-10,1347,1347,1347,1347,0
2013-10-11,1357,1357,1357,1357,0
2013-10-14,1361.5,1361.5,1361.5,1361.5,0
2013-10-15,1363,1363,1363,1363,0
2013-10-16,1375,1375,1375,1375,0
2013-10-17,1381.5,1381.5,1381.5,1381.5,0
2013-10-18,1394,1394,1392,1392,7182
2013-10-21,1391.280029296875,1392,1391.280029296875,1392,3591
2013-10-22,1400,1400,1397,1398.5,2146
2013-10-23,1404,1404,1404,1404,0
2013-10-24,1413,1413,1413,1413,0
2013-10-25,1416.5,1416.5,1416.5,1416.5,0
2013-10-28,1418,1418,1418,1418,0
2013-10-29,1425,1425,1425,1425,0
2013-10-30,1413.5,1413.5,1413.5,1413.5,0
2013-10-31,1395.5,1395.5,1395.5,1395.5,0
2013-11-01,1396,1399,1392.5,1392.5,1428
2013-11-04,1398.280029296875,1398.280029296875,1396,1396,714
2013-11-05,1385,1385,1385,1385,0
2013-11-06,1387.5,1387.5,1387.5,1387.5,0
2013-11-07,1379.5,1379.5,1379.5,1379.5,0
2013-11-08,1375,1376,1375,1376,626
2013-11-11,1388.5,1388.5,1388.5,1388.5,0
2013-11-12,1393,1393,1388.5,1388.5,858
2013-11-13,1374.27001953125,1374.27001953125,1372,1372,484
2013-11-14,1382,1382,1382,1382,0
2013-11-15,1388.5,1388.5,1388.5,1388.5,0
2013-11-18,1398,1398,1398,1398,55
2013-11-19,1386,1386,1386,1386,0
2013-11-20,1368,1368,1368,1368,0
2013-11-21,1369,1369,1369,1369,0
2013-11-22,1368.5,1368.5,1368.5,1368.5,0
2013-11-25,1377.5,1377.5,1377.5,1377.5,0
2013-11-26,1375.5,1375.5,1375.5,1375.5,0
2013-11-27,1375,1375,1375,1375,0
2013-11-28,1374.5,1374.5,1374.5,1374.5,0
2013-11-29,1377.5,1377.5,1377.5,1377.5,0
2013-12-02,1364.5,1364.5,1364.5,1364.5,0
2013-12-03,1349.5,1349.5,1349.5,1349.5,0
2013-12-04,1347.5,1347.5,1347.5,1347.5,0
2013-12-05,1354.5,1354.5,1354.5,1354.5,0
2013-12-06,1361.5,1361.5,1361.5,1361.5,0
2013-12-09,1366,1366,1366,1366,0
2013-12-10,1362.9300537109375,1362.9300537109375,1362,1362,159590
2013-12-11,1351.5,1351.5,1351.5,1351.5,0
2013-12-12,1339,1339,1339,1339,0
2013-12-13,1338.5,1338.5,1338.5,1338.5,0
2013-12-16,1344,1344,1344,1344,0
2013-12-17,1344,1344,1336.5,1336.5,20164
2013-12-18,1333.5,1333.5,1333.5,1333.5,0
2013-12-19,1347.5,1347.5,1347.5,1347.5,0
2013-12-20,1357,1357,1351.5,1351.5,606
2013-12-23,1363,1363,1363,1363,0
2013-12-24,1364,1364,1364,1364,0
2013-12-27,1364,1364,1364,1364,0
2013-12-30,1367,1367,1367,1367,0
2013-12-31,1373.5,1373.5,1373.5,1373.5,0
2014-01-02,1358.969970703125,1358.969970703125,1351.5,1351.5,93625
2014-01-03,1362.5,1362.5,1362.5,1362.5,0
2014-01-06,1366,1366,1366,1366,0
2014-01-07,1372,1372,1372,1372,0
2014-01-08,1368.5,1368.5,1368.5,1368.5,0
2014-01-09,1375,1375,1375,1375,0
2014-01-10,1390,1390,1390,1390,0
2014-01-13,1400.5,1400.5,1400.5,1400.5,0
2014-01-14,1394.5,1394.5,1394.5,1394.5,0
2014-01-15,1399.5,1399.5,1399.5,1399.5,0
2014-01-16,1401,1401,1401,1401,0
2014-01-17,1410.5,1410.5,1410.5,1410.5,0
2014-01-20,1412,1412,1412,1412,0
2014-01-21,1417.5,1417.5,1408.5,1408.5,4324
2014-01-22,1408.5,1408.5,1408.5,1408.5,0
2014-01-23,1409,1409,1409,1409,0
2014-01-24,1393,1393,1393,1393,0
2014-01-27,1387.5,1387.5,1387.5,1387.5,0
2014-01-28,1385,1394.5,1385,1394.5,1640
2014-01-29,1387.5,1387.5,1387.5,1387.5,0
2014-01-30,1385,1385,1385,1385,0
2014-01-31,1377,1377,1377,1377,0
2014-02-03,1385,1385,1385,1385,0
2014-02-04,1377,1377,1377,1377,0
2014-02-05,1378.5,1378.5,1378.5,1378.5,0
2014-02-06,1394.5,1394.5,1394.5,1394.5,0
2014-02-07,1409.5,1409.5,1409.5,1409.5,0
2014-02-10,1421,1421,1416,1417,68
2014-02-11,1432,1432,1432,1432,0
2014-02-12,1417,1420.5,1417,1420.5,152
2014-02-13,1425,1425,1425,1425,0
2014-02-14,1426,1426,1426,1426,0
2014-02-17,1443.5,1443.5,1443.5,1443.5,0
2014-02-18,1440,1450.5,1440,1450.5,37
2014-02-19,1452.5,1452.5,1452.5,1452.5,0
2014-02-20,1457.5,1457.5,1457.5,1457.5,0
2014-02-21,1467.5,1467.5,1467.5,1467.5,0
2014-02-24,1465,1465,1465,1465,0
2014-02-25,1470,1474.5,1470,1474.5,106003
2014-02-26,1469.5,1469.5,1469.5,1469.5,0
2014-02-27,1463.5,1463.5,1463.5,1463.5,0
2014-02-28,1467,1467,1467,1467,0
2014-03-03,1454,1455,1450,1450,66
2014-03-04,1463,1478,1463,1478,2000
2014-03-05,1473,1473,1466,1469,676
2014-03-06,1482.5,1482.5,1482.5,1482.5,0
2014-03-07,1467,1467,1467,1467,0
2014-03-10,1464,1464,1464,1464,0
2014-03-11,1459.5,1459.5,1459.5,1459.5,0
2014-03-12,1446.5,1446.5,1446.5,1446.5,0
2014-03-13,1440,1440,1440,1440,0
2014-03-14,1430.5,1430.5,1430.5,1430.5,0
2014-03-17,1450,1450,1450,1450,0
2014-03-18,1459.5,1459.5,1459.5,1459.5,0
2014-03-19,1463.5,1463.5,1463.5,1463.5,0
2014-03-20,1442,1442,1429.5,1429.5,10088
2014-03-21,1440,1440,1440,1440,0
2014-03-24,1429.5,1429.5,1429.5,1429.5,0
2014-03-25,1449,1449,1445,1445,412
2014-03-26,1450,1450,1443,1443,2000
2014-03-27,1439,1439,1439,1439,0
2014-03-28,1446,1446,1446,1446,0
2014-03-31,1444.5,1444.5,1444.5,1444.5,0
2014-04-01,1448,1448,1448,1448,0
2014-04-02,1454,1456,1449,1456,160
2014-04-03,1455,1457,1451,1451,204
2014-04-04,1457,1457,1457,1457,0
2014-04-07,1457,1457,1457,1457,0
2014-04-08,1449.5,1449.5,1449.5,1449.5,0
2014-04-09,1460,1460,1454,1456,274
2014-04-10,1465,1465,1465,1465,0
2014-04-11,1455,1455,1451.5,1451.5,850
2014-04-14,1441,1441,1441,1441,0
2014-04-15,1439,1440.7099609375,1437,1437,63000
2014-04-16,1450,1450,1450,1450,0
2014-04-17,1460.5,1460.5,1460.5,1460.5,0
2014-04-22,1472,1472,1468.5,1468.5,1360
2014-04-23,1477,1484.030029296875,1477,1479.5,271748
2014-04-24,1475.5,1475.5,1475.5,1475.5,0
2014-04-25,1474,1474,1474,1474,0
2014-04-28,1478,1478,1478,1478,0
2014-04-29,1490,1490,1486.5,1486.5,36176
2014-04-30,1479,1485.9200439453125,1478.5,1478.5,28254
2014-05-01,1482,1482,1482,1482,0
2014-05-02,1478,1478,1478,1478,0
2014-05-06,1485,1490,1485,1488.5,1118
2014-05-07,1498,1498,1496,1496,3500
2014-05-08,1514,1514,1514,1514,0
2014-05-09,1510.5,1510.5,1510.5,1510.5,0
2014-05-12,1504.5,1504.5,1504.5,1504.5,0
2014-05-13,1517,1521,1515,1515,280
2014-05-14,1521,1521,1512,1519,1984
2014-05-15,1503,1503,1503,1503,0
2014-05-16,1502,1502,1489.5,1489.5,2000
2014-05-19,1498.5,1498.5,1498.5,1498.5,0
2014-05-20,1484.5,1484.5,1484.5,1484.5,0
2014-05-21,1484,1485.5,1483,1485.5,3028
2014-05-22,1489,1489,1489,1489,0
2014-05-23,1492,1492,1492,1492,0
2014-05-27,1506,1508.5,1501,1508.5,412
2014-05-28,1518,1518,1518,1518,0
2014-05-29,1521,1521,1515,1518,1433
2014-05-30,1521,1521,1521,1521,0
2014-06-02,1532,1532,1528.030029296875,1530,479985
2014-06-03,1529,1535,1529,1530,95000
2014-06-04,1538,1540,1531,1531,5954
2014-06-05,1530,1534,1530,1530,1176
2014-06-06,1549,1562,1549,1562,52500
2014-06-09,1562,1566,1556,1556,12650
2014-06-10,1552,1552,1552,1552,0
2014-06-11,1545,1547,1541,1541,646
2014-06-12,1548,1548,1542,1542,27518
2014-06-13,1527,1534,1506.5,1506.5,2876
2014-06-16,1498,1507,1497.5,1497.5,3444
2014-06-17,1502,1503,1486.75,1486.75,4982
2014-06-18,1490,1492,1486.5,1486.5,4938
2014-06-19,1500,1501,1495.300048828125,1497,8351
2014-06-20,1496,1501,1491.300048828125,1494,25869
2014-06-23,1491,1497,1490,1490,7402
2014-06-24,1495,1504,1494.300048828125,1501.75,2801
2014-06-25,1503,1507,1500.75,1500.75,10836
2014-06-26,1506,1509,1502.9000244140625,1507,10088
2014-06-27,1515,1516,1513,1513,4646
2014-06-30,1517,1521,1507.800048828125,1514.75,13888
2014-07-01,1515,1522.2769775390625,1513.800048828125,1521,111921
2014-07-02,1525,1525,1520,1523,2526
2014-07-03,1531,1531,1522,1522,14987
2014-07-04,1521.5,1525.5,1515,1515,2056
2014-07-07,1511,1514.5,1504.75,1504.75,4798
2014-07-08,1491,1508,1490.5,1490.5,221595
2014-07-09,1498.5,1499,1493.5,1498,7923
2014-07-10,1495.5,1504,1495.5,1498.5,20917
2014-07-11,1504.5,1506.5,1498.5,1500.75,428
2014-07-14,1516.5,1516.5,1505,1513.5,742
2014-07-15,1514,1515,1493.5,1497.75,3430
2014-07-16,1511.5,1511.5,1503,1510.25,400
2014-07-17,1514.5,1514.800048828125,1510.75,1510.75,1562
2014-07-18,1510.5,1517.25,1503,1517.25,14434
2014-07-21,1511,1517.5,1510.5,1510.5,902
2014-07-22,1524.5,1524.5,1517.5,1521.5,508
2014-07-23,1524.5,1524.5,1519.5,1524,1178
2014-07-24,1518.5,1526.5,1516,1526.25,3004
2014-07-25,1510,1526.5,1505.25,1505.25,192
2014-07-28,1500,1510,1500,1504.25,910
2014-07-29,1514,1516,1509.5,1515.5,390
2014-07-30,1515,1515,1503.5,1507.75,194
2014-07-31,1499.25,1499.25,1499.25,1499.25,0
2014-08-01,1492.5,1501,1488.5,1490,498
2014-08-04,1483.5,1496,1480,1480,8835
2014-08-05,1479.5,1487.5,1478.5,1478.5,1551
2014-08-06,1460,1475.5,1457,1461,2058
2014-08-07,1468.75,1468.75,1468.75,1468.75,0
2014-08-08,1466,1469.5,1460,1469.5,1571
2014-08-11,1496.5,1507,1495.5,1495.5,668
2014-08-12,1490.5,1495.5,1489.5,1489.5,416
2014-08-13,1503.5,1507,1491,1507,1905
2014-08-14,1513,1527.5,1510,1525.5,3387
2014-08-15,1536,1536,1522.5,1522.5,114
2014-08-18,1525,1535.5,1524.5,1524.5,1265
2014-08-19,1535.5,1535.5,1531,1532.75,282
2014-08-20,1533,1535,1518,1519.5,3846
2014-08-21,1529,1530.5,1525,1528.5,2066
2014-08-22,1527.5,1532.5,1527.5,1528,38
2014-08-26,1547,1549,1540.5,1549,354
2014-08-27,1549,1549,1548,1548,175483
2014-08-28,1552,1553,1540.5,1540.5,2826
2014-08-29,1531,1548,1531,1535,332
2014-09-01,1538,1538,1533.5,1533.5,1686
2014-09-02,1537,1542,1534.5,1534.5,746
2014-09-03,1550,1550,1526.041015625,1547,392778
2014-09-04,1543.5,1550,1541.5,1541.5,444
2014-09-05,1545,1561,1542.5,1545.25,3854
2014-09-08,1547,1551.7750244140625,1546.5,1548.75,23335
2014-09-09,1541,1549.6500244140625,1537.25,1540.25,1987
2014-09-10,1534.25,1534.25,1534.25,1534.25,0
2014-09-11,1524,1533.75,1524,1527.25,1244
2014-09-12,1525,1529.5,1525,1529.5,36
2014-09-15,1520.25,1520.25,1520.25,1520.25,0
2014-09-16,1508,1516.300048828125,1506.5,1506.5,62
2014-09-17,1514,1514.7750244140625,1509.675048828125,1510.5,620
2014-09-18,1506,1511.25,1503.25,1511.25,248
2014-09-19,1525,1525,1513.25,1513.25,1258
2014-09-22,1507,1509,1505.5,1505.5,1506
2014-09-23,1494,1507.699951171875,1489.25,1489.25,100
2014-09-24,1485,1494.425048828125,1478.75,1488.5,150
2014-09-25,1473,1484.75,1470,1470,62
2014-09-26,1491,1491,1467.2750244140625,1485.5,604
2014-09-29,1477,1489.699951171875,1475.5,1475.5,474
2014-09-30,1468,1481.6500244140625,1468,1479.25,20233
2014-10-01,1478.5999755859375,1478.5999755859375,1467.75,1467.75,83700
2014-10-02,1456.5,1471.7249755859375,1456.5,1457,54
2014-10-03,1462,1464.5,1461.25,1461.25,1458
2014-10-06,1463.5,1467.5999755859375,1459.5,1459.5,1560
2014-10-07,1444.5,1454,1444.5,1446.5,11359
2014-10-08,1445,1445,1440.324951171875,1444.25,92
2014-10-09,1437,1454.699951171875,1436.5,1436.5,86
2014-10-10,1433,1434.5,1431.25,1434.5,672
2014-10-13,1427.5,1433,1422.675048828125,1431.5,903365
2014-10-14,1432,1437,1424.925048828125,1437,1794
2014-10-15,1412.5,1434.5,1412.5,1414,189036
2014-10-16,1422,1423,1420,1421.5,66472
2014-10-17,1423.5,1434.5,1417.050048828125,1434.5,4350
2014-10-20,1439.5,1443,1433.675048828125,1443,1689
2014-10-21,1465.5,1468,1441.5,1468,678
2014-10-22,1475.5,1476.5,1475,1476.5,2724
2014-10-23,1489.75,1489.75,1489.75,1489.75,0
2014-10-24,1487.25,1487.25,1487.25,1487.25,0
2014-10-27,1476.5,1480.7249755859375,1476,1478,4146
2014-10-28,1496.75,1496.75,1496.75,1496.75,0
2014-10-29,1502.5,1502.5,1502.5,1502.5,0
2014-10-30,1501.5,1501.5,1501.5,1501.5,0
2014-10-31,1522.5,1522.5,1519.5,1519.5,9867
2014-11-03,1514.5,1514.5,1514.5,1514.5,0
2014-11-04,1523.25,1523.25,1523.25,1523.25,0
2014-11-05,1530.25,1530.25,1530.25,1530.25,0
2014-11-06,1525.5,1532.25,1525.0999755859375,1532.25,366
2014-11-07,1517.5,1517.5,1517.5,1517.5,0
2014-11-10,1518,1520,1513.7249755859375,1520,214
2014-11-11,1534.5,1534.5,1530.699951171875,1532.5,194
2014-11-12,1527,1527,1527,1527,0
2014-11-13,1542.75,1542.75,1542.75,1542.75,0
2014-11-14,1551,1551,1551,1551,0
2014-11-17,1547,1550.5,1545.5999755859375,1550.5,56984
2014-11-18,1568,1568,1568,1568,0
2014-11-19,1566,1566,1566,1566,0
2014-11-20,1555,1555,1555,1555,0
2014-11-21,1562,1562,1562,1562,0
2014-11-24,1570.25,1570.25,1570.25,1570.25,0
2014-11-25,1579,1579,1579,1579,0
2014-11-26,1583,1583,1578.5,1578.5,2000
2014-11-27,1600.75,1600.75,1600.75,1600.75,0
2014-11-28,1608,1609,1600.7750244140625,1607.25,2271
2014-12-01,1612,1612,1608,1608,76884
2014-12-02,1621.25,1621.25,1621.25,1621.25,0
2014-12-03,1610.5,1610.5,1610.5,1610.5,0
2014-12-04,1607.5,1607.5,1607.5,1607.5,0
2014-12-05,1610.75,1610.75,1610.75,1610.75,0
2014-12-08,1601.25,1601.25,1601.25,1601.25,0
2014-12-09,1605.5,1605.5,1589,1589,107
2014-12-10,1595,1595,1591,1591,8718
2014-12-11,1584.25,1584.25,1584.25,1584.25,0
2014-12-12,1570,1570,1570,1570,0
2014-12-15,1568,1568,1487.5,1487.5,4000
2014-12-16,1551.25,1551.25,1551.25,1551.25,0
2014-12-17,1549.25,1549.25,1549.25,1549.25,0
2014-12-18,1573.5,1573.5,1554.5,1568.5,200500
2014-12-19,1580,1593.5,1579.5,1593.5,29143
2014-12-22,1606.75,1606.75,1606.75,1606.75,0
2014-12-23,1614,1614,1614,1614,0
2014-12-24,1618.25,1618.25,1618.25,1618.25,0
2014-12-29,1625,1625,1612.75,1612.75,1400
2014-12-30,1603,1603,1602,1602,815
2014-12-31,1605.25,1605.25,1605.25,1605.25,0
2015-01-02,1602,1608.199951171875,1602,1607.75,2
2015-01-05,1605.75,1605.75,1605.75,1605.75,0
2015-01-06,1601,1606.199951171875,1601,1606,5223
2015-01-07,1617.5,1617.5,1617.5,1617.5,0
2015-01-08,1641.25,1641.25,1641.25,1641.25,0
2015-01-09,1630,1634,1630,1634,680
2015-01-12,1651,1654,1648.5,1648.5,1507
2015-01-13,1657.5,1657.5,1657.5,1657.5,0
2015-01-14,1647,1647,1647,1647,0
2015-01-15,1644,1659.5,1644,1659.5,18037
2015-01-16,1660,1688.75,1660,1688.75,155
2015-01-19,1693.5,1696.75,1685,1696.75,389287
2015-01-20,1706.5,1706.5,1706.5,1706.5,0
2015-01-21,1715,1718.5,1713.324951171875,1714.75,42418
2015-01-22,1717.5,1734,1711.97802734375,1733.5,38442
2015-01-23,1752.5,1753,1750.5,1750.5,20082
2015-01-26,1749.5,1759,1748.2259521484375,1759,440
2015-01-27,1731,1733.25,1731,1733.25,130
2015-01-28,1736,1743,1736,1743,1970
2015-01-29,1756,1763.5,1756,1763.5,1140
2015-01-30,1763.5,1763.5,1747.468994140625,1753,12430
2015-02-02,1766,1775.75,1764.2750244140625,1775.75,14374
2015-02-03,1793.800048828125,1798,1793.800048828125,1798,5632
2015-02-04,1785.5,1795.5999755859375,1782,1790,1116
2015-02-05,1796,1796,1796,1796,0
2015-02-06,1778,1778,1778,1778,0
2015-02-09,1754.5,1755.5,1746,1755.5,15212
2015-02-10,1761.5,1761.5,1761.5,1761.5,0
2015-02-11,1757,1757.25,1757,1757.25,65
2015-02-12,1771.5,1771.5,1771.5,1771.5,0
2015-02-13,1785.5,1789.6500244140625,1777.3499755859375,1784,4160
2015-02-16,1779,1784,1778,1778,125462
2015-02-17,1778,1780,1766.3399658203125,1780,14460
2015-02-18,1770.5,1772.175048828125,1759.5,1765,26509
2015-02-19,1778,1780,1773,1780,25317
2015-02-20,1774.5,1774.5,1774.5,1774.5,0
2015-02-23,1786,1786,1786,1786,0
2015-02-24,1792.5,1793,1791.5,1793,60410
2015-02-25,1782.5,1784.5,1780.75,1784.5,132
2015-02-26,1783.5,1788.5,1783.5,1788.5,27232
2015-02-27,1784,1784,1784,1784,0
2015-03-02,1806,1809,1805,1805,7444
2015-03-03,1808,1813.699951171875,1794,1794,240
2015-03-04,1784.5,1784.5,1782,1782,5362
2015-03-05,1788.5,1789,1754.050048828125,1787,58442
2015-03-06,1750,1750,1747,1747,100
2015-03-09,1714,1717.5,1714,1717.5,164180
2015-03-10,1721,1721,1689.75,1689.75,2000
2015-03-11,1704,1707,1697.5,1697.5,256
2015-03-12,1702.5,1702.5,1702.5,1702.5,0
2015-03-13,1729,1730.75,1727.75,1730.75,126
2015-03-16,1745.5,1746.75,1745.5,1746.75,712
2015-03-17,1741.25,1741.25,1741.25,1741.25,0
2015-03-18,1771,1771,1753.675048828125,1766.75,960
2015-03-19,1779.5,1784,1777.5,1784,7862
2015-03-20,1798,1799.25,1794.2249755859375,1799.25,4066
2015-03-23,1804.5,1809.5,1799,1806.5,8239
2015-03-24,1834,1842,1823.25,1829.75,650
2015-03-25,1812,1831.4749755859375,1812,1819.5,5238
2015-03-26,1794.5,1797,1784,1794,3089
2015-03-27,1796.25,1796.25,1796.25,1796.25,0
2015-03-30,1808,1808,1802.5,1802.5,348
2015-03-31,1800,1800,1777,1777,22500
2015-04-01,1779,1793.175048828125,1779,1783.5,18462
2015-04-02,1792,1792,1792,1792,0
2015-04-07,1813,1819.4749755859375,1803.5,1803.5,3284
2015-04-08,1806.5,1810.699951171875,1804,1804,110
2015-04-09,1821,1824.175048828125,1819,1819.25,3229
2015-04-10,1836.25,1836.25,1836.25,1836.25,0
2015-04-13,1830.5,1830.5,1820.5,1820.5,2339
2015-04-14,1824,1824,1824,1824,0
2015-04-15,1829.5,1829.5,1814,1814,3383
2015-04-16,1804,1806.675048828125,1798,1798,15793
2015-04-17,1783.5,1789,1783.5,1785,5200
2015-04-20,1798,1798,1788.324951171875,1796,1434
2015-04-21,1806,1806,1800.5,1800.5,1860
2015-04-22,1786.5,1787,1775,1781,8796
2015-04-23,1773,1777,1773,1777,7264
2015-04-24,1777,1777,1768.5,1768.5,680
2015-04-27,1768,1786,1768,1786,12420
2015-04-28,1760.25,1760.25,1760.25,1760.25,0
2015-04-29,1755.5,1774.050048828125,1750.75,1750.75,780
2015-04-30,1740,1760.199951171875,1739,1756.5,23836
2015-05-01,1760,1762.75,1758.5,1762.75,2534
2015-05-05,1744.5,1781,1742.5,1742.5,1335
2015-05-06,1728.25,1728.25,1721,1721,328035
2015-05-07,1710.5,1710.5,1710.5,1710.5,0
2015-05-08,1736.5,1745.5,1736.5,1743.75,2543
2015-05-11,1723,1723,1723,1723,0
2015-05-12,1694.5,1704.25,1692,1704.25,173286
2015-05-13,1713,1724.75,1713,1724.75,1400
2015-05-14,1743,1743,1743,1743,0
2015-05-15,1758.5,1765.25,1756.5,1765.25,144564
2015-05-18,1770,1774,1759.675048828125,1759.75,27316
2015-05-19,1767,1790.75,1766,1790.75,97060
2015-05-20,1777.5,1799.8499755859375,1761.75,1761.75,2496
2015-05-21,1729,1754.0999755859375,1729,1734.25,2058
2015-05-22,1738.5,1749,1734.75,1734.75,856
2015-05-26,1711.5,1711.5,1711.5,1711.5,0
2015-05-27,1726,1737.5,1719.800048828125,1734.25,141724
2015-05-28,1733,1733,1733,1733,0
2015-05-29,1714.5,1714.5,1714.5,1714.5,0
2015-06-01,1732,1732,1732,1732,0
2015-06-02,1728,1728,1713.5,1713.5,800
2015-06-03,1696.5,1696.5,1696.5,1696.5,0
2015-06-04,1705.75,1705.75,1705.75,1705.75,0
2015-06-05,1670.5,1670.5,1670.5,1670.5,0
2015-06-08,1669.5,1669.5,1664.25,1664.25,598
2015-06-09,1675,1680.324951171875,1661.7750244140625,1673.25,7296
2015-06-10,1677.5,1682.75,1673.175048828125,1682.75,804
2015-06-11,1704.5,1714.2249755859375,1703,1705.5,991
2015-06-12,1682.25,1682.25,1682.25,1682.25,0
2015-06-15,1671,1671,1661.5,1661.5,3690
2015-06-16,1663.5,1663.5,1663.5,1663.5,0
2015-06-17,1675,1675,1627,1627,44650
2015-06-18,1616,1629,1616,1629,10400
2015-06-19,1624.5,1624.5,1624.5,1624.5,0
2015-06-22,1660,1660,1660,1660,0
2015-06-23,1662,1662,1662,1662,0
2015-06-24,1660.25,1660.25,1660.25,1660.25,0
2015-06-25,1659,1659,1659,1659,0
2015-06-26,1663.5,1663.5,1663.5,1663.5,0
2015-06-29,1629.25,1629.25,1629.25,1629.25,0
2015-06-30,1625,1625,1618.75,1618.75,115
2015-07-01,1646.5,1646.5,1641.175048828125,1645.25,26764
2015-07-02,1637.5,1637.5,1637.5,1637.5,0
2015-07-03,1647,1647,1644.175048828125,1646.5,120
2015-07-06,1620,1620,1620,1620,0
2015-07-07,1626,1630,1620,1620,29269
2015-07-08,1631,1644,1631,1644,26400
2015-07-09,1667.75,1667.75,1667.75,1667.75,0
2015-07-10,1700.5,1700.5,1700.5,1700.5,0
2015-07-13,1719,1719,1719,1719,0
2015-07-14,1713.25,1713.25,1713.25,1713.25,0
2015-07-15,1713.5,1722.2750244140625,1710.0999755859375,1712.75,26687
2015-07-16,1738,1738,1733.5,1737,223985
2015-07-17,1733.75,1733.75,1733.75,1733.75,0
2015-07-20,1737.5,1737.5,1737.5,1737.5,0
2015-07-21,1734.5,1734.5,1734.5,1734.5,0
2015-07-22,1725,1725,1715.25,1715.25,310
2015-07-23,1713.25,1713.25,1713.25,1713.25,0
2015-07-24,1719,1719,1719,1719,0
2015-07-27,1708,1724.2750244140625,1705,1705,408
2015-07-28,1711.75,1711.75,1711.75,1711.75,0
2015-07-29,1720.75,1720.75,1720.75,1720.75,0
2015-07-30,1712.25,1712.25,1712.25,1712.25,0
2015-07-31,1728.25,1728.25,1728.25,1728.25,0
2015-08-03,1733,1733,1733,1733,0
2015-08-04,1746.25,1746.25,1746.25,1746.25,0
2015-08-05,1743,1748.25,1743,1743,174
2015-08-06,1761.5,1764,1758.6500244140625,1764,1048
2015-08-07,1769.5,1769.5,1762,1763.25,7480
2015-08-10,1772,1772,1769.5,1769.5,46
2015-08-11,1763.25,1763.25,1763.25,1763.25,0
2015-08-12,1748.75,1748.75,1748.75,1748.75,0
2015-08-13,1769.5,1778,1769.5,1778,3546
2015-08-14,1791.25,1791.25,1791.25,1791.25,0
2015-08-17,1793,1797,1789,1797,11452
2015-08-18,1794.75,1794.75,1794.75,1794.75,0
2015-08-19,1779.25,1779.25,1779.25,1779.25,0
2015-08-20,1772,1782.199951171875,1767.25,1767.25,1098
2015-08-21,1758,1764,1747.25,1747.25,3621
2015-08-24,1675.75,1675.75,1675.75,1675.75,0
2015-08-25,1710.75,1710.75,1710.75,1710.75,0
2015-08-26,1699,1699,1697.199951171875,1699,240
2015-08-27,1727.5,1727.5,1727.5,1727.5,0
2015-08-28,1719.75,1719.75,1719.75,1719.75,0
2015-09-01,1690,1690,1690,1690,0
2015-09-02,1711.5,1718,1711.5,1718,118
2015-09-03,1732.75,1732.75,1732.75,1732.75,0
2015-09-04,1709.75,1709.75,1709.75,1709.75,0
2015-09-07,1701.75,1701.75,1701.75,1701.75,0
2015-09-08,1713,1717.75,1713,1717.75,8000
2015-09-09,1724.25,1724.25,1724.25,1724.25,0
2015-09-10,1725.25,1725.25,1725.25,1725.25,0
2015-09-11,1712.5,1712.5,1712.5,1712.5,0
2015-09-14,1701.25,1701.25,1701.25,1701.25,0
2015-09-15,1700,1700,1693.675048828125,1696,200
2015-09-16,1695.25,1695.25,1695.25,1695.25,0
2015-09-17,1699.75,1699.75,1699.75,1699.75,0
2015-09-18,1718.5,1718.5,1701.75,1710.5,314
2015-09-21,1710,1718,1709.175048828125,1709.25,377
2015-09-22,1686.75,1686.75,1686.75,1686.75,0
2015-09-23,1724,1724,1678.6500244140625,1716,1924
2015-09-24,1715,1715,1715,1715,0
2015-09-25,1759,1759,1759,1759,0
2015-09-28,1739,1740.3499755859375,1732.25,1732.25,661
2015-09-29,1735.5,1735.5,1732.25,1732.25,319
2015-09-30,1745,1745,1745,1745,0
2015-10-01,1748,1748,1728.25,1728.25,915
2015-10-02,1741,1741,1741,1741,0
2015-10-05,1776.5,1776.5,1776.5,1776.5,0
2015-10-06,1784,1784,1784,1784,0
2015-10-07,1750,1750,1750,1750,0
2015-10-08,1765,1765.6500244140625,1761.5,1761.5,34
2015-10-09,1772.75,1772.75,1772.75,1772.75,0
2015-10-12,1773,1773,1764.800048828125,1773,2390
2015-10-13,1777,1777,1777,1777,0
2015-10-14,1763.25,1763.25,1763.25,1763.25,0
2015-10-15,1768.5,1768.5,1760.324951171875,1764.25,11132
2015-10-16,1767,1770.6500244140625,1765.75,1765.75,1350
2015-10-19,1773.5,1773.5,1773.5,1773.5,0
2015-10-20,1788,1788,1783,1785,2706
2015-10-21,1790.25,1790.25,1790.25,1790.25,0
2015-10-22,1814.5,1814.5,1797.2249755859375,1812.25,1924
2015-10-23,1816,1819.699951171875,1816,1817.75,598
2015-10-26,1820.5,1832.2750244140625,1817.300048828125,1823.5,62
2015-10-27,1830,1830,1822.75,1822.75,3482
2015-10-28,1842.5,1842.5,1842.5,1842.5,0
2015-10-29,1830,1830.5,1829,1830.5,12425
2015-10-30,1830.5,1830.7750244140625,1818,1818,5504
2015-11-02,1824,1824,1823.25,1823.25,74028
2015-11-03,1800,1820,1793.7750244140625,1796.25,272
2015-11-04,1775.75,1775.75,1775.75,1775.75,0
2015-11-05,1795,1795,1795,1795,0
2015-11-06,1783.5,1783.5,1783.5,1783.5,0
2015-11-09,1782.5,1782.5,1744.5,1744.5,80047
2015-11-10,1734,1734,1731.800048828125,1733.75,1626
2015-11-11,1746,1746,1743,1743,570
2015-11-12,1733.5,1736.699951171875,1725.75,1725.75,308
2015-11-13,1711.5,1715,1711.5,1711.5,48893
2015-11-16,1718.5,1720.75,1716,1720.75,9805
2015-11-17,1750,1755.2740478515625,1745.7249755859375,1746.25,5299
2015-11-18,1745,1746.7249755859375,1740.824951171875,1743,2562
2015-11-19,1764,1764.5,1761,1764,11927
2015-11-20,1762,1775.5,1762,1773.5,8200
2015-11-23,1763.5,1768,1756.75,1756.75,754
2015-11-24,1723,1731,1720.5,1731,5577
2015-11-25,1754,1754,1754,1754,0
2015-11-26,1754.5,1760,1749.9000244140625,1757,41920
2015-11-27,1766,1767.75,1765.5,1767.75,18324
2015-11-30,1765,1770,1764.75,1764.75,6144
2015-12-01,1793.5,1793.5,1775.300048828125,1790,150535
2015-12-02,1783.5,1784.75,1781.625,1784.75,130
2015-12-03,1769,1789.75,1765,1765,922
2015-12-04,1754,1754,1754,1754,0
2015-12-07,1770.75,1770.75,1770.75,1770.75,0
2015-12-08,1781,1781,1764.75,1764.75,9944
2015-12-09,1759,1759,1750.5,1750.5,4682
2015-12-10,1744.5,1744.5,1737.75,1737.75,84115
2015-12-11,1712.5,1723.125,1712.5,1715,170
2015-12-14,1703,1703,1703,1703,0
2015-12-15,1720,1734,1720,1731.75,983
2015-12-16,1746,1751.75,1746,1751.75,28
2015-12-17,1767,1767,1765.2249755859375,1765.25,28
2015-12-18,1760,1767.2249755859375,1760,1763,2523
2015-12-21,1765.5,1769.2750244140625,1755,1755,6786
2015-12-22,1745,1761.5,1745,1761.5,3546
2015-12-23,1770.5,1770.5,1770.5,1770.5,0
2015-12-24,1775,1775,1775,1775,0
2015-12-29,1802,1802,1802,1802,0
2015-12-30,1794,1799.4749755859375,1792.25,1792.25,13128
2015-12-31,1783.5,1783.5,1783.5,1783.5,0
2016-01-04,1762,1767.7249755859375,1755.25,1755.25,2816
2016-01-05,1760,1765.7249755859375,1760,1763,270
2016-01-06,1753,1755.25,1752.2750244140625,1755,3490
2016-01-07,1743.5,1743.5,1738.25,1738.25,858
2016-01-08,1723,1738,1723,1726.25,23946
2016-01-11,1722.5,1728.7249755859375,1720.5,1720.5,1356
2016-01-12,1745.5,1747.25,1739.5,1739.5,50
2016-01-13,1737.5,1751.199951171875,1734.25,1734.25,318
2016-01-14,1717,1717,1717,1717,292
2016-01-15,1695,1695,1695,1695,0
2016-01-18,1681,1685.25,1675,1675,3011
2016-01-19,1702.25,1702.25,1702.25,1702.25,0
2016-01-20,1658,1676.7249755859375,1658,1658,8
2016-01-21,1660,1672.2249755859375,1660,1665.75,10334
2016-01-22,1710,1710.25,1695.7750244140625,1710.25,820
2016-01-25,1719,1729.324951171875,1711.375,1725,3521
2016-01-26,1712,1720,1709,1720,23594
2016-01-27,1711,1717.25,1709.25,1709.25,422
2016-01-28,1703.5,1719.25,1702.25,1702.25,632
2016-01-29,1748,1748.75,1733.699951171875,1748.75,474
2016-02-01,1741.5,1755.5250244140625,1738.824951171875,1747,1342
2016-02-02,1726.25,1726.25,1726.25,1726.25,0
2016-02-03,1720.5,1738.2750244140625,1720.5,1725.5,294
2016-02-04,1731,1735.25,1729.25,1729.25,194
2016-02-05,1738,1744.6949462890625,1712.5,1712.5,7790
2016-02-08,1710.5,1711.5,1663.25,1663.25,64480
2016-02-09,1639,1650.324951171875,1638,1645,109496
2016-02-10,1676,1681.7750244140625,1649.738037109375,1673,698
2016-02-11,1650,1663.75,1650,1650,2200
2016-02-12,1648.5,1649.25,1641.2249755859375,1649.25,556
2016-02-15,1678,1684,1678,1684,935
2016-02-16,1688.5,1688.5,1686.5,1687,9644
2016-02-17,1718,1721,1702.25,1717.5,107598
2016-02-18,1718,1718,1715.2249755859375,1718,970
2016-02-19,1726.5,1731,1724.2249755859375,1731,168
2016-02-22,1744.5,1749.800048828125,1744.5,1744.5,4
2016-02-23,1725.75,1725.75,1725.75,1725.75,0
2016-02-24,1709,1709,1709,1709,0
2016-02-25,1738.25,1738.25,1738.25,1738.25,0
2016-02-26,1743,1747,1741.75,1741.75,603
2016-02-29,1732,1732,1731.5,1731.5,66
2016-03-01,1749,1752.25,1737.2249755859375,1752.25,78
2016-03-02,1758,1758,1738.18896484375,1742,304528
2016-03-03,1752.5,1754.675048828125,1746.75,1746.75,87553
2016-03-04,1762,1762,1755.25,1755.25,72517
2016-03-07,1739,1749,1739,1742.25,87657
2016-03-08,1729,1731.5,1729,1731.5,72459
2016-03-09,1729,1729,1726.5,1726.5,72459
2016-03-10,1727,1760,1726.75,1747.75,115410
2016-03-11,1779,1780.75,1779,1780.75,57377
2016-03-14,1806.5,1806.5,1806.5,1806.5,0
2016-03-15,1820,1822.5,1817.2249755859375,1822.5,18
2016-03-16,1835.25,1835.25,1835.25,1835.25,0
2016-03-17,1852.5,1852.5,1841.25,1841.25,10500
2016-03-18,1836.5,1836.5,1836.5,1836.5,0
2016-03-21,1846,1851.25,1844.25,1844.25,32
2016-03-22,1830,1842.5,1825.800048828125,1842.5,3134
2016-03-23,1854.25,1854.25,1854.25,1854.25,0
2016-03-24,1825.5,1825.5,1825.5,1825.5,0
2016-03-29,1836,1836,1836,1836,0
2016-03-30,1861,1861,1861,1861,0
2016-03-31,1863.25,1863.25,1863.25,1863.25,0
2016-04-01,1857.5,1867.25,1857.5,1867.25,39636
2016-04-04,1860.5,1863.25,1860.5,1863.25,3761
2016-04-05,1867.5,1874.75,1858.2249755859375,1874.75,168
2016-04-06,1891,1891,1891,1891,0
2016-04-07,1879.75,1879.75,1879.75,1879.75,0
2016-04-08,1903,1903,1887.699951171875,1900,39072
2016-04-11,1902.5,1907.8499755859375,1899.25,1899.25,589
2016-04-12,1882.75,1882.75,1882.75,1882.75,0
2016-04-13,1892,1892,1884.7249755859375,1888.75,664
2016-04-14,1878.25,1878.25,1878.25,1878.25,0
2016-04-15,1877,1877,1869.5,1869.5,1690
2016-04-18,1859.5,1859.5,1859.5,1859.5,0
2016-04-19,1864.5,1864.5,1864.5,1864.5,0
2016-04-20,1862.75,1862.75,1862.75,1862.75,0
2016-04-21,1838.75,1838.75,1838.75,1838.75,0
2016-04-22,1809,1809,1809,1809,0
2016-04-25,1822,1822,1822,1822,0
2016-04-26,1841.75,1841.75,1841.75,1841.75,0
2016-04-27,1846,1848.75,1846,1848.75,10
2016-04-28,1846,1846,1846,1846,0
2016-04-29,1845.75,1845.75,1845.75,1845.75,0
2016-05-03,1858,1861.5,1856.25,1861.5,555
2016-05-04,1853.5,1853.5,1853.5,1853.5,0
2016-05-05,1851,1864.175048828125,1849,1849,12
2016-05-06,1862.5,1865.2750244140625,1862.5,1864,200
2016-05-09,1886.75,1886.75,1886.75,1886.75,0
2016-05-10,1882,1897,1879,1879,459104
2016-05-11,1865.25,1865.25,1865.25,1865.25,0
2016-05-12,1851,1853.824951171875,1847.5,1847.5,320
2016-05-13,1853,1862.75,1850.2249755859375,1862.75,742
2016-05-16,1867.5,1867.5,1867.5,1867.5,250
2016-05-17,1867.25,1867.25,1867.25,1867.25,0
2016-05-18,1841.5,1853.199951171875,1841.5,1845.5,2398
2016-05-19,1823,1823,1822.75,1822.75,54
2016-05-20,1832,1845.5,1832,1845.5,369
2016-05-23,1857,1859,1852.175048828125,1859,691
2016-05-24,1858,1864.5,1858,1864.5,10092
2016-05-25,1850,1850,1850,1850,0
2016-05-26,1865,1865,1865,1865,0
2016-05-27,1871.5,1871.5,1871.5,1871.5,0
2016-05-31,1871.5,1872,1868.75,1868.75,816
2016-06-01,1874,1874,1874,1874,7834
2016-06-02,1864.5,1865.875,1864.5,1865.75,2286
2016-06-03,1895,1895,1885.300048828125,1892.75,10
2016-06-06,1909,1912.7249755859375,1905.75,1905.75,3228
2016-06-07,1901.5,1907.25,1900.6800537109375,1907.25,3519
2016-06-08,1918.5,1918.5,1918.5,1918.5,0
2016-06-09,1922.25,1922.25,1922.25,1922.25,0
2016-06-10,1902,1902,1894,1895.5,2622
2016-06-13,1883,1883,1878.75,1878.75,750
2016-06-14,1858.5,1859.300048828125,1843,1845,2031
2016-06-15,1846.5,1855.5,1838.5999755859375,1845.25,805
2016-06-16,1840,1840,1821.75,1821.75,1705
2016-06-17,1825,1828,1824.5,1826.25,56439
2016-06-20,1857,1858.25,1857,1858.25,922
2016-06-21,1875.5,1875.5,1875.5,1875.5,0
2016-06-22,1892,1892,1881.25,1883.5,19505
2016-06-23,1897,1900.5,1894.699951171875,1900.5,262
2016-06-24,1808,1827.25,1741.199951171875,1827.25,40627
2016-06-27,1836.75,1836.75,1800.5,1800.5,10498
2016-06-28,1840,1840,1832,1838.5,570
2016-06-29,1871,1871,1866.800048828125,1868.75,2088
2016-06-30,1910.75,1910.75,1910.75,1910.75,0
2016-07-01,1930,1930,1930,1930,0
2016-07-04,1908,1908,1899,1899,27379
2016-07-05,1890.5,1890.5,1882.199951171875,1885,1944
2016-07-06,1857,1860.699951171875,1857,1858.5,12406
2016-07-07,1877.5,1877.5,1861.75,1872.5,186
2016-07-08,1908.5,1913,1901.2249755859375,1913,4
2016-07-11,1958,1959.5,1958,1959.5,4370
2016-07-12,1941.5,1941.5,1929.5,1929.5,450
2016-07-13,1930,1947,1930,1947,558
2016-07-14,1936.75,1936.75,1936.75,1936.75,0
2016-07-15,1927,1937.5,1927,1937.5,2374
2016-07-18,1939,1939,1939,1939,0
2016-07-19,1960.25,1960.25,1960.25,1960.25,0
2016-07-20,1977.25,1977.25,1977.25,1977.25,0
2016-07-21,1957,1962.25,1957,1962.25,698570
2016-07-22,1960.5,1984.75,1960.5,1984.75,29
2016-07-25,2000,2002.324951171875,1996.75,1996.75,498
2016-07-26,2005.25,2005.25,2005.25,2005.25,0
2016-07-27,2011,2011,2011,2011,0
2016-07-28,2032,2032,2032,2032,0
2016-07-29,2040.5,2040.5,2040.5,2040.5,0
2016-08-01,2071.5,2071.5,2049,2051.25,60649
2016-08-02,2028.75,2028.75,2028.75,2028.75,0
2016-08-03,2012,2013.324951171875,2003.5,2003.5,348
2016-08-04,2044.25,2044.25,2044.25,2044.25,0
2016-08-05,2055.5,2055.5,2055.5,2055.5,0
2016-08-08,2052,2052,2052,2052,0
2016-08-09,2072,2072,2072,2072,0
2016-08-10,2083.5,2083.5,2083.5,2083.5,0
2016-08-11,2087.75,2087.75,2087.75,2087.75,0
2016-08-12,2108.75,2108.75,2108.75,2108.75,0
2016-08-15,2117.25,2117.25,2117.25,2117.25,0
2016-08-16,2092.25,2092.25,2092.25,2092.25,0
2016-08-17,2072.5,2072.5,2072.5,2072.5,0
2016-08-18,2080.5,2080.5,2080.5,2080.5,0
2016-08-19,2085.5,2085.5,2085.5,2085.5,0
2016-08-22,2074,2077.75,2072.14990234375,2077.75,262
2016-08-23,2092.5,2092.5,2092.5,2092.5,0
2016-08-24,2073.5,2073.5,2073.5,2073.5,0
2016-08-25,2073.5,2073.5,2073.5,2073.5,0
2016-08-26,2070.5,2070.5,2070.5,2070.5,0
2016-08-30,2065.5,2065.5,2065.5,2065.5,0
2016-08-31,2068,2072,2067.5,2069,13524
2016-09-01,2067.5,2068.175048828125,2059.5,2062.25,1745
2016-09-02,2070,2070,2070,2070,0
2016-09-05,2070,2072.5,2061.375,2062.75,14282
2016-09-06,2064,2064,2059.64990234375,2062.25,130
2016-09-07,2075,2079.5,2074,2079.5,17431
2016-09-08,2079.5,2079.5,2079.5,2079.5,0
2016-09-09,2029,2029,2029,2029,0
2016-09-12,2018,2018,2009.5,2010,565
2016-09-13,2005.5,2005.5,2005.5,2005.5,0
2016-09-14,2007.5,2007.5,2007.5,2007.5,0
2016-09-15,1999,1999,1999,1999,0
2016-09-16,2003.5,2003.5,2003.5,2003.5,0
2016-09-19,2017.5,2017.5,2017.5,2017.5,0
2016-09-20,2046,2047.324951171875,2039.25,2039.25,1464
2016-09-21,2025,2025,2025,2025,0
2016-09-22,2058.493896484375,2058.493896484375,2054.75,2054.75,7628
2016-09-23,2072.5,2072.5,2063.699951171875,2068.25,4
2016-09-26,2059.75,2059.75,2059.75,2059.75,0
2016-09-27,2058.75,2058.75,2058.75,2058.75,0
2016-09-28,2056.75,2056.75,2056.75,2056.75,0
2016-09-29,2051.5,2051.5,2051.5,2051.5,0
2016-09-30,2030,2049.75,2030,2049.75,8610
2016-10-03,2069,2069,2069,2069,0
2016-10-04,2063,2063,2063,2063,0
2016-10-05,2022,2040.199951171875,2013.5,2013.5,722
2016-10-06,1987.5,1987.5,1987.5,1987.5,0
2016-10-07,1994,1996.5,1994,1996.5,1212
2016-10-10,2003.75,2003.75,2003.75,2003.75,0
2016-10-11,1999,1999,1999,1999,0
2016-10-12,1981.5,1981.5,1981.5,1981.5,0
2016-10-13,2006.5,2006.5,2006.5,2006.5,0
2016-10-14,2012,2012,2012,2012,0
2016-10-17,1997.5,1997.5,1997.5,1997.5,0
2016-10-18,2006,2010.5,2006,2007,4420
2016-10-19,2003,2009,2001.199951171875,2008.5,17676
2016-10-20,2025.25,2025.25,2025.25,2025.25,0
2016-10-21,2021.5,2021.675048828125,2021.25,2021.25,496
2016-10-24,2026.5,2031.5,2026.5,2031.5,490
2016-10-25,2037,2046.5,2037,2042,8502
2016-10-26,1998.25,1998.25,1998.25,1998.25,0
2016-10-27,1974,1986.75,1972.75,1974.5,384
2016-10-28,1952,1986,1950.7750244140625,1983.5,2803
2016-10-31,1984.25,1984.25,1984.25,1984.25,0
2016-11-01,1959.5,1959.5,1959.5,1959.5,0
2016-11-02,1968,1968.7750244140625,1967.5,1967.5,150
2016-11-03,1960,1971.7249755859375,1952.75,1952.75,16
2016-11-04,1927,1927,1927,1927,0
2016-11-07,1947.75,1947.75,1947.75,1947.75,0
2016-11-08,1956.25,1956.25,1956.25,1956.25,0
2016-11-09,1920,1941.300048828125,1917.5,1917.5,891
2016-11-10,1846.5,1909.7249755859375,1846.5,1852,1126
2016-11-11,1852,1852,1852,1852,0
2016-11-14,1830.75,1830.75,1830.75,1830.75,0
2016-11-15,1862.25,1862.25,1862.25,1862.25,0
2016-11-16,1840.4000244140625,1840.4000244140625,1838.75,1838.75,2711
2016-11-17,1853.5,1853.5,1853.5,1853.5,0
2016-11-18,1859,1859,1858.5,1858.5,1517
2016-11-21,1835.5,1835.5,1831.25,1831.25,1517
2016-11-22,1849,1850,1848.699951171875,1850,200
2016-11-23,1845.5,1864.175048828125,1845.5,1846.25,4
2016-11-24,1844.5,1844.75,1841.625,1844.75,500
2016-11-25,1857.25,1857.25,1857.25,1857.25,0
2016-11-28,1873.5,1873.5,1866.5,1868.5,1225
2016-11-29,1865.75,1865.75,1865.75,1865.75,0
2016-11-30,1874.5,1877.5,1847,1847,2265
2016-12-01,1837.5,1837.5,1814.5,1814.5,29895
2016-12-02,1814,1822.5,1814,1816,1826
2016-12-05,1817,1817,1811.800048828125,1812.25,16
2016-12-06,1822.5,1828.5,1822.5,1828.5,467
2016-12-07,1862.25,1862.25,1862.25,1862.25,0
2016-12-08,1854.25,1854.25,1854.25,1854.25,0
2016-12-09,1870,1875.25,1870,1875.25,10686
2016-12-12,1851.75,1851.75,1851.75,1851.75,0
2016-12-13,1858,1882,1858,1882,1317
2016-12-14,1875,1875,1871.75,1871.75,3478
2016-12-15,1850,1854.75,1842.5,1854.75,9353
2016-12-16,1871,1871,1865.25,1865.25,42
2016-12-19,1897,1897,1897,1897,0
2016-12-20,1903,1903.5,1899.3499755859375,1900,2396
2016-12-21,1908.5,1914.75,1890.719970703125,1914.75,5279
2016-12-22,1921.5,1921.5,1921.5,1921.5,0
2016-12-23,1944.5,1944.5,1943.5,1943.5,2100
2016-12-28,1924,1924,1924,1924,0
2016-12-29,1941,1948.25,1941,1948.25,6548
2016-12-30,1964,1965.75,1963.4000244140625,1965.75,2
2017-01-03,1937.5,1937.5,1937.5,1937.5,0
2017-01-04,1947.75,1947.75,1947.75,1947.75,0
2017-01-05,1962,1962,1954.2750244140625,1960.5,24
2017-01-06,1976,1976,1976,1976,0
2017-01-09,1969,1973,1969,1973,2634
2017-01-10,1975.25,1975.25,1975.25,1975.25,0
2017-01-11,1972.5,1972.5,1968.25,1968.25,886
2017-01-12,1970,1970,1970,1970,0
2017-01-13,1959.75,1959.75,1959.75,1959.75,0
2017-01-16,1976.5,1977,1972,1972,2005
2017-01-17,1964.5,1972.0250244140625,1938,1938,5810
2017-01-18,1949.97998046875,1949.97998046875,1944.5,1944.5,57436
2017-01-19,1910.5,1924.1500244140625,1910.5,1913.25,1142
2017-01-20,1912.75,1912.75,1912.75,1912.75,0
2017-01-23,1909.5,1913.75,1909.5,1913.75,45978
2017-01-24,1912,1912,1903,1903,2824
2017-01-25,1900,1900,1888.5,1888.5,333
2017-01-26,1887.5,1890.25,1887.5,1890.25,8
2017-01-27,1894.5,1895,1894.5,1895,3176
2017-01-30,1892,1892,1889,1889,3629
2017-01-31,1894.5,1911,1894.5,1909.75,868
2017-02-01,1921,1921,1908.75,1908.75,361
2017-02-02,1922.5,1922.5,1922.5,1922.5,0
2017-02-03,1922.5,1933.25,1922.5,1933.25,1604
2017-02-06,1925.5,1931,1925.25,1925.25,4473
2017-02-07,1946,1946,1928.02001953125,1939.25,545
2017-02-08,1962,1962,1962,1962,0
2017-02-09,1965,1965,1962.25,1962.25,8145
2017-02-10,1965.5,1965.5,1957,1957,406
2017-02-13,1951,1953.2249755859375,1948.5,1948.5,1696
2017-02-14,1943.5,1959,1943.5,1959,112508
2017-02-15,1975,1977.75,1975,1977.75,654
2017-02-16,1980.25,1980.25,1980.25,1980.25,0
2017-02-17,1978,1987.75,1978,1987.75,1
2017-02-20,1991.5,1992.675048828125,1989.75,1989.75,180
2017-02-21,1973.5,1985.7750244140625,1970.25,1970.25,1556
2017-02-22,1977,1977,1977,1977,0
2017-02-23,1981,1981,1973.75,1973.75,1
2017-02-24,1971.5,1974,1971.5,1974,100
2017-02-27,1975,1975,1967.5,1971,3752
2017-02-28,1972.4859619140625,1979.25,1972.4859619140625,1979.25,52000
2017-03-01,1985,1993.25,1974.9959716796875,1993.25,51180
2017-03-02,1988.5,1993.25,1983,1983.75,7571
2017-03-03,1987.25,1987.25,1987.25,1987.25,0
2017-03-06,1992.5,1995.2249755859375,1991.25,1993,5486
2017-03-07,1980.75,1980.75,1980.75,1980.75,0
2017-03-08,1974.5,1974.5,1974.5,1974.5,0
2017-03-09,1990,1990,1989,1989,842
2017-03-10,1976.5,1977.75,1976.5,1977.75,137
2017-03-13,1970,1973.5,1968.6729736328125,1973.5,8726
2017-03-14,1977,1977,1977,1977,0
2017-03-15,1965,1965.488037109375,1962.5,1962.5,2864
2017-03-16,1992,1992,1992,1992,0
2017-03-17,1996,2000.5,1996,1999.25,2757
2017-03-20,2008.25,2008.25,2008.25,2008.25,0
2017-03-21,2005,2005,1993.5,1993.5,23
2017-03-22,1975.75,1975.75,1975.75,1975.75,0
2017-03-23,1979.5,1979.5,1979.5,1979.5,0
2017-03-24,1988,1988,1986.25,1986.25,277
2017-03-27,1979,1987,1978,1978,400
2017-03-28,1972,1975,1967.675048828125,1975,1318
2017-03-29,1986,1986,1986,1986,28
2017-03-30,1967.5,1982.75,1961.5,1963.75,1672
2017-03-31,1986.5,1986.5,1986.5,1986.5,0
2017-04-03,1980.5,1980.5,1980.5,1980.5,0
2017-04-04,1998,1998,1993.06201171875,1994.5,35984
2017-04-05,2004.5,2004.5,1996.300048828125,2002.75,16
2017-04-06,2019.5,2019.5,2012.7750244140625,2019,300338
2017-04-07,2040.5,2040.5,2028.2750244140625,2039.75,310
2017-04-10,2038.5589599609375,2038.5589599609375,2034.5,2034.5,1000
2017-04-11,2040,2042,2040,2040.75,39675
2017-04-12,2048,2050,2045.5,2049.25,3781
2017-04-13,2047.5,2047.5,2046.75,2046.75,398
2017-04-18,2020.5,2036.8900146484375,2020.5,2034.75,11454
2017-04-19,2022.5,2025.25,2021.75,2021.75,62
2017-04-20,2022.5,2022.5,2015.25,2015.25,33899
2017-04-21,1999.5,2004.5,1997.25,2004.5,8640
2017-04-24,2041,2041.5,2035.5,2039,12449
2017-04-25,2057,2069.5,2057,2069.5,36284
2017-04-26,2063.5,2067.5,2062.75,2062.75,54099
2017-04-27,2058,2060,2054.75,2054.75,44424
2017-04-28,2046.5,2047,2033,2033,52791
2017-05-02,2059.5,2060,2059.5,2060,240
2017-05-03,2056.5,2068.5,2056.5,2065.75,82554
2017-05-04,2070.5,2070.5,2066,2066,5772
2017-05-05,2076,2077.25,2071.22509765625,2077.25,11026
2017-05-08,2083.5,2096.175048828125,2083.5,2089,198
2017-05-09,2100,2102,2097.25,2097.25,2920
2017-05-10,2091.5,2091.77490234375,2089.5,2089.5,2515
2017-05-11,2110.25,2110.25,2110.25,2110.25,0
2017-05-12,2120,2123.25,2118.5,2123.25,13618
2017-05-15,2122.5,2140.074951171875,2117.5,2124,548
2017-05-16,2122.5,2139.5,2122.5,2135,3797
2017-05-17,2134.236083984375,2134.236083984375,2125.75,2125.75,48512
2017-05-18,2093.5,2093.5,2088.5,2092.5,9162
2017-05-19,2099,2099,2099,2099,0
2017-05-22,2130,2135.199951171875,2130,2133.25,3502
2017-05-23,2126,2128.300048828125,2119,2119,202
2017-05-24,2118.60009765625,2124.75,2118.60009765625,2124.75,117
2017-05-25,2137.06005859375,2137.06005859375,2131,2131,139
2017-05-26,2146.239990234375,2153.5,2146.239990234375,2153.5,1859
2017-05-30,2145.5,2150.5,2137.75,2148.5,689
2017-05-31,2152.5,2163.824951171875,2148.25,2148.25,2472
2017-06-01,2165,2165,2165,2165,0
2017-06-02,2185,2185,2185,2185,0
2017-06-05,2171,2182.64990234375,2167,2167,14
2017-06-06,2172,2173,2171.14990234375,2173,240
2017-06-07,2173.5,2179.5,2169.75,2169.75,33302
2017-06-08,2179,2179.5,2163.25,2163.25,30615
2017-06-09,2166.5,2189.75,2166.5,2189.75,7600
2017-06-12,2192,2192,2184.5,2189.25,1444
2017-06-13,2203.5,2204,2197.75,2197.75,1624
2017-06-14,2209,2220,2208,2220,23495
2017-06-15,2212,2212,2180,2182.75,6527
2017-06-16,2195,2198.5,2191.72802734375,2198.5,289607
2017-06-19,2194.699951171875,2194.75,2194.699951171875,2194.75,646
2017-06-20,2187.5,2198,2186,2186,10000
2017-06-21,2184.5,2184.5,2172.949951171875,2173,10063
2017-06-22,2166,2166.25,2164.5,2166.25,10720
2017-06-23,2177.5,2177.5,2175.5,2175.5,366
2017-06-26,2174.5,2174.5,2174.5,2174.5,732
2017-06-27,2163.5,2163.5,2157.5,2157.5,1110
2017-06-28,2130.5,2130.5,2130.5,2130.5,0
2017-06-29,2134,2134,2117.25,2117.25,1117
2017-06-30,2120.5,2120.5,2118.25,2118.25,1117
2017-07-03,2131,2131,2109.5,2109.5,5100
2017-07-04,2108,2113,2108,2113,1467
2017-07-05,2113,2113,2112.25,2112.25,14
2017-07-06,2092.5,2096.75,2091.5,2096.75,18045
2017-07-07,2108,2108,2108,2108,0
2017-07-10,2122.5,2131.5,2122.5,2124.5,1570
2017-07-11,2111.75,2111.75,2111.75,2111.75,0
2017-07-12,2133.5,2139,2115.18994140625,2134,73618
2017-07-13,2132,2132,2132,2132,0
2017-07-14,2129,2140.5,2129,2135.75,1979
2017-07-17,2129,2137,2129,2135,639
2017-07-18,2163,2163,2163,2163,0
2017-07-19,2155.6298828125,2156,2155.6298828125,2156,4990
2017-07-20,2167.419921875,2183,2167.419921875,2183,2500
2017-07-21,2173,2180.25,2173,2180.25,1120
2017-07-24,2178,2178,2161.5,2161.5,1096
2017-07-25,2168,2168,2165.5,2165.5,458
2017-07-26,2163.760009765625,2163.760009765625,2163.25,2163.25,4000
2017-07-27,2177,2177,2177,2177,0
2017-07-28,2158,2158,2158,2158,0
2017-07-31,2154.5,2154.5,2154.5,2154.5,0
2017-08-01,2167.5,2167.5,2167.5,2167.5,0
2017-08-02,2182,2182,2182,2182,0
2017-08-03,2204,2204,2200.75,2200.75,5014
2017-08-04,2202,2202.25,2202,2202.25,1170
2017-08-07,2203.25,2203.25,2203.25,2203.25,0
2017-08-08,2204.5,2204.5,2202.5,2202.5,250
2017-08-09,2190.5,2197,2189.824951171875,2197,332
2017-08-10,2186.5,2187.75,2185.5,2187.75,906
2017-08-11,2173,2173,2164,2165.25,644
2017-08-14,2201.25,2201.25,2201.25,2201.25,0
2017-08-15,2206.25,2206.25,2206.25,2206.25,0
2017-08-16,2213,2213,2211.75,2211.75,1117
2017-08-17,2216.5,2216.5,2214.25,2214.25,584
2017-08-18,2192,2194.75,2190.699951171875,2194.75,3862
2017-08-21,2194.75,2194.75,2194.75,2194.75,0
2017-08-22,2209.242919921875,2209.242919921875,2205.25,2205.25,6000
2017-08-23,2204.5,2210.25,2204.5,2210.25,1224
2017-08-24,2209.25,2209.25,2209.25,2209.25,0
2017-08-25,2197.5,2197.5,2197.5,2197.5,0
2017-08-29,2206,2206,2197,2205.75,9534
2017-08-30,2208.75,2208.75,2208.75,2208.75,0
2017-08-31,2221,2231.5,2219.5,2231.5,4096
2017-09-01,2210.5,2210.5,2206,2206,16
2017-09-04,2213.5,2213.5,2210.25,2210.25,543
2017-09-05,2187,2210.324951171875,2187,2187,14
2017-09-06,2193,2193,2193,2193,0
2017-09-07,2213.5,2214.75,2208.699951171875,2214.75,8
2017-09-08,2209.25,2209.25,2209.25,2209.25,0
2017-09-11,2217,2225.5,2217,2219.5,199
2017-09-12,2223.5,2223.5,2200,2200,8718
2017-09-13,2194.25,2195.610107421875,2189.25,2189.25,32237
2017-09-14,2169,2169,2163.5,2163.5,16500
2017-09-15,2171.5,2171.5,2147.25,2147.25,24
2017-09-18,2149,2151.25,2149,2151.25,8
2017-09-19,2144,2144,2144,2144,0
2017-09-20,2139.5,2146.51611328125,2138.5,2138.5,4749
2017-09-21,2124,2124,2124,2124,0
2017-09-22,2135.5,2135.5,2135.5,2135.5,0
2017-09-25,2125,2134.5,2123.425048828125,2134,11006
2017-09-26,2142,2142,2136.75,2136.75,20
2017-09-27,2142,2142,2120.75,2120.75,1490
2017-09-28,2130,2130.5,2121.75,2121.75,1929
2017-09-29,2149.25,2149.25,2149.25,2149.25,0
2017-10-02,2155,2158.5,2153,2158.5,5697
2017-10-03,2168,2169.25,2163.175048828125,2169.25,2
2017-10-04,2160.5,2170.89990234375,2158.89990234375,2161.25,23
2017-10-05,2172.5,2172.5,2167.875,2172.5,3
2017-10-06,2174,2174,2174,2174,0
2017-10-09,2165,2165,2165,2165,0
2017-10-10,2169.75,2169.75,2169.75,2169.75,0
2017-10-11,2189,2189,2187,2187,222
2017-10-12,2204.25,2204.25,2204.25,2204.25,0
2017-10-13,2184.5,2184.5,2184.5,2184.5,0
2017-10-16,2180,2190.25,2171,2190.25,1780
2017-10-17,2191.75,2191.75,2191.75,2191.75,0
2017-10-18,2196.48388671875,2210,2196.48388671875,2210,1955
2017-10-19,2205.760009765625,2205.760009765625,2201.75,2201.75,1
2017-10-20,2191,2191,2180,2180,735
2017-10-23,2169,2170,2158.25,2158.25,5951
2017-10-24,2163.5,2163.5,2163.5,2163.5,0
2017-10-25,2135.5,2154.89990234375,2130.5,2131,174
2017-10-26,2139.5,2145.5,2139.5,2145.5,4365
2017-10-27,2151.75,2151.75,2151.75,2151.75,0
2017-10-30,2151.77392578125,2152.75,2151.77392578125,2152.75,668
2017-10-31,2165,2169,2165,2169,1152
2017-11-01,2159,2166.5,2159,2161.25,3082
2017-11-02,2189.5,2198.5,2172.35009765625,2197.25,1242
2017-11-03,2206,2207,2199.5,2199.75,4058
2017-11-06,2200,2200.5,2191,2192.75,2992
2017-11-07,2185,2185.5,2183,2185.5,1997
2017-11-08,2199.5,2203,2199.5,2203,134
2017-11-09,2202,2202,2198,2198,1113
2017-11-10,2183.5,2189.35009765625,2178.75,2178.75,3176
2017-11-13,2191,2195.625,2184,2187.5,11852
2017-11-14,2196,2208.5,2196,2206,42318
2017-11-15,2204.75,2204.75,2204.75,2204.75,0
2017-11-16,2217.5,2222.5,2217.5,2221.25,1033
2017-11-17,2214,2220.39990234375,2211.25,2211.25,1926
2017-11-20,2196,2196.5,2195,2195,742
2017-11-21,2210,2211,2204.25,2204.25,1471
2017-11-22,2210.5,2210.5,2198.25,2198.25,5890
2017-11-23,2209.25,2209.25,2209.25,2209.25,0
2017-11-24,2207.5,2214,2207.5,2214,5120
2017-11-27,2221,2225,2218.5,2219,40774
2017-11-28,2212.5,2225.5,2212.5,2224.5,2463
2017-11-29,2185.75,2185.75,2185.75,2185.75,0
2017-11-30,2192.5,2192.5,2186,2189.75,7937
2017-12-01,2187,2187,2182.5,2182.5,83
2017-12-04,2193,2197.5,2193,2196.5,1545
2017-12-05,2214,2216,2213,2213.75,21690
2017-12-06,2221,2225.5,2216,2216,3074
2017-12-07,2215.5,2220.75,2215,2220.75,865
2017-12-08,2234.5,2241,2234.5,2239.75,1542
2017-12-11,2239.75,2239.75,2239.75,2239.75,0
2017-12-12,2236,2236,2227.5,2229.25,480
2017-12-13,2229,2229,2225.5,2225.75,8383
2017-12-14,2225.75,2225.75,2225.75,2225.75,0
2017-12-15,2227,2246.5,2227,2246.5,815
2017-12-18,2256.5,2276,2256.5,2275.5,11192
2017-12-19,2282.360107421875,2282.360107421875,2280.25,2280.25,4000
2017-12-20,2280.25,2280.25,2280.25,2280.25,0
2017-12-21,2269.7451171875,2269.75,2269.7451171875,2269.75,188
2017-12-22,2260.5,2260.5,2258,2258,1282
2017-12-27,2268,2282,2268,2280.5,28701
2017-12-28,2280.5,2292,2280.5,2289.5,16047
2017-12-29,2284,2291.25,2284,2291.25,1622
2018-01-02,2283,2283,2275.25,2275.25,898
2018-01-03,2282.5,2301.5,2282.5,2300,4419
2018-01-04,2299,2299,2295,2295.25,547
2018-01-05,2302,2309,2301.5,2306,864
2018-01-08,2316.5,2320.5,2316.5,2316.75,951
2018-01-09,2317,2317,2308,2314.25,5276
2018-01-10,2283,2287.5,2283,2285.25,3319
2018-01-11,2278.5,2278.5,2263.25,2263.25,4371
2018-01-12,2262.5,2262.5,2261.75,2261.75,1314
2018-01-15,2261.75,2261.75,2261.75,2261.75,0
2018-01-16,2270,2277.5,2270,2273.5,4103
2018-01-17,2277,2277,2274.25,2274.25,1645
2018-01-18,2251.5,2255.5,2250.25,2250.25,2614
2018-01-19,2263.5,2266.25,2263.5,2266.25,319
2018-01-22,2266.25,2266.25,2266.25,2266.25,0
2018-01-23,2259.5,2264.75,2259.5,2264.75,4
2018-01-24,2243.5,2243.5,2241.25,2241.25,106
2018-01-25,2241.25,2241.25,2241.25,2241.25,0
2018-01-26,2241.25,2241.25,2241.25,2241.25,0
2018-01-29,2236,2238.75,2236,2238.75,314924
2018-01-30,2239,2239,2228.25,2228.25,1001
2018-01-31,2237,2237,2232.75,2232.75,3941
2018-02-01,2205,2211.75,2205,2211.75,2
2018-02-02,2195.239990234375,2195.239990234375,2194.25,2194.25,4
2018-02-05,2161.5,2161.5,2158.75,2158.75,80
2018-02-06,2128,2128,2111.5,2111.5,643
2018-02-07,2121.5,2158,2121.5,2151.5,10476
2018-02-08,2099.760009765625,2099.760009765625,2098.25,2098.25,37
2018-02-09,2098.25,2098.25,2098.25,2098.25,0
2018-02-12,2098.25,2098.25,2098.25,2098.25,0
2018-02-13,2098.25,2098.25,2098.25,2098.25,0
2018-02-14,2098.25,2098.25,2098.25,2098.25,0
2018-02-15,2128,2128,2118.5,2118.5,5352
2018-02-16,2118.5,2118.5,2118.5,2118.5,0
2018-02-19,2147,2147,2138,2138,750
2018-02-20,2138,2138,2138,2138,0
2018-02-21,2138,2138,2138,2138,0
2018-02-22,2141,2146.25,2141,2146.25,98
2018-02-23,2150,2160.5,2150,2159.75,5720
2018-02-26,2169,2170.75,2167,2170.75,5515
2018-02-27,2166.5,2166.5,2142.5,2142.5,5955
2018-02-28,2129.5,2142.5,2129.5,2141,810
2018-03-01,2142,2148,2135.75,2135.75,4729
2018-03-02,2133,2133,2124.5,2130.5,948
2018-03-05,2140.5,2149.25,2140.5,2149.25,574
2018-03-06,2147,2154,2140.5,2149.75,2978
2018-03-07,2171.5,2171.5,2170.25,2170.25,2
2018-03-08,2187.5,2208.5,2187.5,2205.25,572
2018-03-09,2200,2200,2187.25,2187.25,54
2018-03-12,2190.5,2190.5,2189.25,2189.25,1132
2018-03-13,2189.25,2189.25,2189.25,2189.25,0
2018-03-14,2182,2183.75,2182,2183.75,2664
2018-03-15,2179,2186,2179,2185.75,1038
2018-03-16,2178,2178,2171.5,2171.5,983
2018-03-19,2185.5,2185.5,2181.5,2182.75,809
2018-03-20,2182.75,2182.75,2182.75,2182.75,0
2018-03-21,2173,2173,2172.75,2172.75,50
2018-03-22,2160.5,2165.75,2160,2165.75,4463
2018-03-23,2152,2152.25,2150,2152.25,68
2018-03-26,2143,2143,2135,2135,1704
2018-03-27,2160.5,2165.5,2160.5,2165.5,96
2018-03-28,2174.75,2174.75,2174.75,2174.75,0
2018-03-29,2200,2203.5,2195.5,2200.75,136
2018-04-03,2186.5,2186.5,2183.25,2183.25,3
2018-04-04,2188.75,2188.75,2188.75,2188.75,0
2018-04-05,2206.5,2209,2206.5,2209,96
2018-04-06,2207.5,2207.5,2201.75,2201.75,2000
2018-04-09,2216.5,2217,2205,2207.75,6496
2018-04-10,2199.219970703125,2199.219970703125,2198.25,2198.25,93
2018-04-11,2190.5,2192,2190.5,2192,1065
2018-04-12,2182.5,2182.5,2179.25,2179.25,5000
2018-04-13,2192,2197,2192,2193.5,9909
2018-04-16,2185.75,2185.75,2185.75,2185.75,0
2018-04-17,2203,2210,2203,2210,200
2018-04-18,2224.5,2224.5,2221.75,2221.75,105
2018-04-19,2217.25,2217.25,2217.25,2217.25,0
2018-04-20,2232.5,2234.75,2232.5,2234.75,230
2018-04-23,2233.75,2233.75,2233.75,2233.75,0
2018-04-24,2230,2230.25,2230,2230.25,68
2018-04-25,2229.5,2229.5,2225.75,2225.75,543
2018-04-26,2240.75,2240.75,2240.75,2240.75,0
2018-04-27,2272,2274.5,2272,2274.5,162
2018-04-30,2292.5,2296.5,2288.5,2288.5,3821
2018-05-01,2304,2304.5,2294.75,2294.75,246
2018-05-02,2295.5,2295.5,2290,2295.25,17
2018-05-03,2290.5,2303.5,2290.5,2297.5,3175
2018-05-04,2302,2309.5,2302,2305.25,17060
2018-05-08,2318,2318,2311.5,2312.75,2991
2018-05-09,2309,2310,2308.25,2308.25,651
2018-05-10,2324,2324,2324,2324,0
2018-05-11,2341.5,2341.5,2333.5,2333.5,2395
2018-05-14,2324,2324,2324,2324,0
2018-05-15,2318,2318.5,2306.75,2306.75,5893
2018-05-16,2295.5,2295.5,2289.5,2289.5,612
2018-05-17,2291.5,2293.5,2290,2290.25,8105
2018-05-18,2293.5,2293.5,2291.25,2291.25,6619
2018-05-21,2307,2307,2304,2304,134
2018-05-22,2307.5,2307.5,2305.5,2305.5,372
2018-05-23,2288,2292,2288,2292,4
2018-05-24,2288.25,2288.25,2288.25,2288.25,0
2018-05-25,2308.5,2309.5,2307.5,2308.75,486
2018-05-29,2273,2278.5,2273,2274.25,82935
2018-05-30,2296,2301.5,2296,2301.5,34242
2018-05-31,2312.25,2312.25,2312.25,2312.25,0
2018-06-01,2316.5,2317.5,2297,2297,254113
2018-06-04,2335,2335,2334.25,2334.25,65107
2018-06-05,2329,2335.5,2329,2333.75,393
2018-06-06,2331.5,2333.75,2331.5,2333.75,2
2018-06-07,2329,2332,2325,2325,2624
2018-06-08,2319.5,2327,2317.5,2326.5,980
2018-06-11,2338.75,2338.75,2338.75,2338.75,0
2018-06-12,2333,2334.5,2333,2333.25,634
2018-06-13,2338.5,2338.5,2338.5,2338.5,0
2018-06-14,2326.5,2337.75,2326.5,2337.75,28
2018-06-15,2352,2352,2345.75,2345.75,2375
2018-06-18,2331.5,2336.5,2326.5,2336.5,6515
2018-06-19,2324.5,2324.5,2324.25,2324.25,298
2018-06-20,2341.5,2341.5,2336.75,2336.75,189
2018-06-21,2316.25,2316.25,2316.25,2316.25,0
2018-06-22,2332.5,2336.25,2332.5,2336.25,8
2018-06-25,2328.25,2328.25,2328.25,2328.25,0
2018-06-26,2322.679931640625,2322.679931640625,2321.25,2321.25,61
2018-06-27,2321.75,2321.75,2321.75,2321.75,0
2018-06-28,2326.5,2326.5,2321.25,2321.25,1
2018-06-29,2340,2340,2340,2340,0
2018-07-02,2323.5,2323.5,2318.75,2318.75,2
2018-07-03,2325,2330.5,2325,2328.75,3057
2018-07-04,2328.5,2336,2328.5,2331.25,6541
2018-07-05,2328.5,2335.5,2328.5,2332.5,963
2018-07-06,2352,2352,2348.75,2348.75,5787
2018-07-09,2356,2356.5,2345.5,2353.25,8206
2018-07-10,2352.5,2356.5,2344,2354.5,2693
2018-07-11,2344.25,2344.25,2344.25,2344.25,0
2018-07-12,2344,2344,2336,2341.25,6961
2018-07-13,2348,2348.5,2344.5,2344.75,6960
2018-07-16,2345.5,2354.5,2345.5,2354.5,5690
2018-07-17,2344,2357,2344,2356.25,2896
2018-07-18,2366.5,2376.25,2366,2376.25,3515
2018-07-19,2370,2372,2363,2370,3805
2018-07-20,2377.5,2377.5,2365.5,2366.25,44
2018-07-23,2355.5,2355.5,2352.5,2352.5,1434
2018-07-24,2367.5,2367.5,2356.5,2356.5,173654
2018-07-25,2362.5,2369,2362.5,2362.75,309714
2018-07-26,2361.5,2365.5,2361.5,2365.5,75
2018-07-27,2370.5,2373.25,2370.5,2373.25,132374
2018-07-30,2378,2378,2378,2378,0
2018-07-31,2381.5,2387.5,2377.5,2385.25,8266
2018-08-01,2372.5,2372.5,2363,2363,87
2018-08-02,2371,2372.5,2371,2372.5,2
2018-08-03,2381.5,2396.5,2381.5,2396.5,1264
2018-08-06,2390.5,2392,2389.5,2389.5,3
2018-08-07,2391.5,2395,2391.5,2392,284
2018-08-08,2392,2406,2392,2404.75,324
2018-08-09,2408,2408,2405,2405,5020
2018-08-10,2382,2382,2382,2382,0
2018-08-13,2369,2377.5,2363,2377.5,720
2018-08-14,2360.5,2360.5,2356.5,2356.5,61264
2018-08-15,2342,2345.25,2342,2345.25,4
2018-08-16,2361,2375,2361,2373.5,3202
2018-08-17,2377,2381.5,2377,2379,712
2018-08-20,2380.5,2383.5,2380.5,2383.5,2000
2018-08-21,2385.25,2385.25,2385.25,2385.25,0
2018-08-22,2385.25,2385.25,2385.25,2385.25,0
2018-08-23,2403,2414,2403,2410.75,2808
2018-08-24,2402,2412,2402,2409.75,6477
2018-08-28,2435.5,2444,2435.5,2441,10168
2018-08-29,2440,2440,2434.5,2434.5,440650
2018-08-30,2400.7939453125,2409.5,2400.7939453125,2409.5,440000
2018-08-31,2399.75,2399.75,2399.75,2399.75,0
2018-09-03,2412,2412.5,2388,2388.5,438
2018-09-04,2377.5,2386,2377.5,2380.75,292
2018-09-05,2369,2376,2369,2376,21
2018-09-06,2377,2377,2361,2361,1326
2018-09-07,2352.139892578125,2352.139892578125,2351.5,2351.5,503
2018-09-10,2357,2357,2347.25,2347.25,142
2018-09-11,2339,2352,2339,2349,202
2018-09-12,2361.5,2373.5,2361.5,2368.5,272
2018-09-13,2367,2367,2358.75,2358.75,2714
2018-09-14,2366,2366,2354,2355.25,4151
2018-09-17,2351.75,2351.75,2351.75,2351.75,0
2018-09-18,2359.5,2359.5,2353.25,2353.25,842
2018-09-19,2329.5,2329.5,2329.5,2329.5,0
2018-09-20,2329.5,2329.5,2329.5,2329.5,0
2018-09-21,2350.5,2355,2350.5,2352,1920
2018-09-24,2342,2352.5,2335.5,2335.5,4214
2018-09-25,2329.719970703125,2329.719970703125,2325.75,2325.75,1075
2018-09-26,2329.75,2329.75,2329.75,2329.75,0
2018-09-27,2328,2329,2323.5,2325,3255
2018-09-28,2315,2323,2315,2318,1612
2018-10-01,2313,2314.5,2307.5,2310,4452
2018-10-02,2297,2297,2297,2297,0
2018-10-03,2288.5,2292.25,2288.5,2292.25,170
2018-10-04,2231,2231,2231,2231,0
2018-10-05,2231,2231,2211.5,2211.5,1574
2018-10-08,2213.5,2213.5,2211.75,2211.75,338
2018-10-09,2229,2229,2229,2229,0
2018-10-10,2196.5,2196.5,2196.5,2196.5,0
2018-10-11,2170.5,2170.5,2170.25,2170.25,1602
2018-10-12,2152.5,2152.5,2152.5,2152.5,0
2018-10-15,2144,2146.5,2144,2146.5,3367
2018-10-16,2182.719970703125,2185.25,2182.719970703125,2185.25,10483
2018-10-17,2221,2221,2221,2221,0
2018-10-18,2235,2235,2235,2235,15648
2018-10-19,2232.5,2247,2232.5,2243.5,7790
2018-10-22,2247,2247,2244.25,2244.25,88
2018-10-23,2200.5,2205.75,2200.5,2205.75,1000
2018-10-24,2205,2205,2202.75,2202.75,38
2018-10-25,2212.5,2217.5,2212.5,2216.5,156
2018-10-26,2197.5,2208.25,2197.5,2208.25,82
2018-10-29,2222.5,2222.5,2222.5,2222.5,0
2018-10-30,2230,2245,2230,2243.5,457
2018-10-31,2234,2238,2234,2235.5,301
2018-11-01,2229,2229,2223,2223,2705
2018-11-02,2231,2231,2219.25,2219.25,40
2018-11-05,2213.5,2217.5,2207,2210.25,2768
2018-11-06,2211.5,2213,2211,2213,882
2018-11-07,2240.5,2242,2240.5,2242,633
2018-11-08,2252.5,2252.5,2242.5,2242.5,650
2018-11-09,2247,2257.25,2247,2257.25,2
2018-11-12,2269,2269,2249,2249.75,2089
2018-11-13,2241,2245.5,2241,2245.5,68
2018-11-14,2265,2265,2253.5,2253.5,280
2018-11-15,2240.5,2248,2240.5,2246.5,147
2018-11-16,2244,2253,2244,2251,210
2018-11-19,2244,2244,2236.75,2236.75,22
2018-11-20,2217,2217,2203.75,2203.75,1008
2018-11-21,2228,2234.75,2228,2234.75,24
2018-11-22,2223,2223,2214.25,2214.25,82
2018-11-23,2230.5,2232.25,2230.5,2232.25,56
2018-11-26,2241,2242.25,2238.5,2242.25,682
2018-11-27,2264,2264,2252,2253.75,1400
2018-11-28,2245,2251,2245,2249.5,1192
2018-11-29,2236.5,2239.25,2236.5,2239.25,56
2018-11-30,2218,2218,2210.25,2210.25,23
2018-12-03,2201,2201,2192.25,2192.25,497
2018-12-04,2194,2194,2189.75,2189.75,92
2018-12-05,2200.5,2200.5,2195.25,2195.25,33
2018-12-06,2172.5,2172.5,2169,2169,90
2018-12-07,2206,2219.5,2197.5,2202,8082
2018-12-10,2210,2210,2207.5,2207.5,134
2018-12-11,2204,2208.5,2204,2205.75,1340
2018-12-12,2233.5,2233.5,2224.75,2224.75,223
2018-12-13,2213.5,2215.25,2213.5,2215.25,1361
2018-12-14,2215,2215,2213.5,2213.5,2668
2018-12-17,2210.5,2210.5,2196.25,2196.25,14642
2018-12-18,2185.5,2185.5,2182.5,2182.5,1376
2018-12-19,2200,2200,2200,2200,94
2018-12-20,2180.5,2180.5,2180,2180,132
2018-12-21,2167,2167,2163,2165.75,432
2018-12-24,2144,2144,2144,2144,0
2018-12-27,2114.5,2114.5,2114.5,2114.5,0
2018-12-28,2125.5,2125.5,2125.5,2125.5,0
2018-12-31,2126.800048828125,2128.75,2126.800048828125,2128.75,1
2019-01-02,2129,2133.5,2124,2127.5,265
2019-01-03,2122.5,2139,2122.5,2137.5,401
2019-01-04,2157.5,2157.5,2152.5,2152.5,127
2019-01-07,2152,2168,2152,2167,257
2019-01-08,2202.5,2205.75,2202.5,2205.75,6
2019-01-09,2222,2222,2204.5,2207.5,217
2019-01-10,2211.5,2211.5,2193.75,2193.75,2502
2019-01-11,2218.5,2218.5,2202,2203.75,1926
2019-01-14,2201,2201,2196.25,2196.25,34
2019-01-15,2204,2206.25,2203,2206.25,516
2019-01-16,2202.5,2205.5,2202.5,2205.5,173
2019-01-17,2208.5,2208.5,2196.25,2196.25,659
2019-01-18,2208.5,2224,2208.5,2214.5,2243
2019-01-21,2230.5,2230.5,2215.5,2219,445
2019-01-22,2213,2213,2206.5,2206.5,2434
2019-01-23,2213,2213,2209.5,2211.5,2541
2019-01-24,2215.5,2219.5,2215.5,2219.5,63
2019-01-25,2214,2223,2214,2220.5,16894
2019-01-28,2237,2240,2237,2240,42
2019-01-29,2261,2266.5,2261,2266.5,150
2019-01-30,2286.5,2294,2286.5,2294,306
2019-01-31,2284.5,2284.5,2271.5,2277,360
2019-02-01,2292,2292,2281,2288.25,4163
2019-02-04,2277.5,2284.5,2277.5,2284.5,2351
2019-02-05,2292.5,2297.75,2292.5,2297.75,922
2019-02-06,2298.5,2298.5,2295.5,2295.5,1159
2019-02-07,2295.5,2295.5,2286,2286,1411
2019-02-08,2287,2287.5,2263,2268.5,2767
2019-02-11,2288.5,2288.5,2287,2287,12
2019-02-12,2291.5,2292,2281.5,2281.5,2332
2019-02-13,2266,2267.25,2266,2267.25,239
2019-02-14,2274,2274.5,2261.25,2261.25,558
2019-02-15,2261.5,2265,2257.75,2257.75,250867
2019-02-18,2266,2266.5,2261.25,2261.25,1580
2019-02-19,2249,2249,2245.5,2248.5,185
2019-02-20,2246,2246.5,2236.5,2236.5,457
2019-02-21,2245,2245.5,2243,2243,845
2019-02-22,2240.75,2240.75,2240.75,2240.75,0
2019-02-25,2228.5,2233.5,2228.5,2231.75,2854
2019-02-26,2226.5,2226.5,2221.75,2221.75,207
2019-02-27,2208,2208,2205,2205.25,393
2019-02-28,2219,2220.5,2216.5,2216.5,1200
2019-03-01,2216.5,2221.5,2215.5,2221.5,4615
2019-03-04,2221.5,2222,2214,2217.25,364
2019-03-05,2209.5,2233.25,2209.5,2233.25,115
2019-03-06,2241,2241,2217.5,2223.5,154
2019-03-07,2221,2230,2220.5,2230,452
2019-03-08,2256.5,2263.75,2256.5,2263.75,597
2019-03-11,2262,2262,2252.5,2254.75,507
2019-03-12,2242.5,2275.5,2242,2273.5,1611
2019-03-13,2259,2264,2259,2262.5,2445
2019-03-14,2282,2282,2279,2279.75,397
2019-03-15,2296.5,2296.5,2281,2283.25,2129
2019-03-18,2303.5,2303.5,2298,2301.5,104
2019-03-19,2306.5,2309,2305.5,2305.5,42
2019-03-20,2318,2318,2307,2308.25,3881
2019-03-21,2325.5,2343,2325.5,2341.5,622
2019-03-22,2297.5,2300.75,2297.5,2300.75,82
2019-03-25,2309,2309,2297.5,2302.25,1924
2019-03-26,2304,2308.25,2304,2308.25,2759
2019-03-27,2306.5,2306.5,2300,2305,435
2019-03-28,2319.5,2320,2317.75,2317.75,357
2019-03-29,2327.5,2327.5,2326.25,2326.25,1223
2019-04-01,2325,2325.5,2315,2320.5,5078
2019-04-02,2331,2335.5,2331,2335.5,2598
2019-04-03,2313.5,2340,2313.5,2338.25,4037
2019-04-04,2336.5,2341.25,2336.5,2341.25,1670
2019-04-05,2330.5,2338,2330,2334.75,2515
2019-04-08,2314,2316.75,2314,2316.75,401
2019-04-09,2304.5,2304.5,2295.75,2295.75,426
2019-04-10,2318,2318.75,2318,2318.75,122
2019-04-11,2301.5,2334,2301.5,2331,2852
2019-04-12,2318,2325,2317.5,2321.5,276
2019-04-15,2312.5,2313.75,2310,2313.75,884
2019-04-16,2333.5,2333.5,2331.5,2331.5,268
2019-04-17,2302,2310,2293.5,2307.25,8197
2019-04-18,2307,2310,2307,2310,286
2019-04-23,2311,2314.25,2311,2314.25,394
2019-04-24,2333,2343,2332,2339.75,672
2019-04-25,2329,2334.5,2326.5,2326.5,362
2019-04-26,2315,2320.5,2314.5,2318,832
2019-04-29,2326,2326,2318.75,2318.75,24
2019-04-30,2310.5,2310.5,2293.5,2297.75,2737
2019-05-01,2306.360107421875,2306.360107421875,2287.43994140625,2298.5,216
2019-05-02,2296.5,2308,2296.5,2307.5,661
2019-05-03,2288,2288,2280,2285.75,83
2019-05-07,2310,2314.5,2307,2308.25,1150
2019-05-08,2314,2318.5,2309.5,2311,12300
2019-05-09,2321,2321.5,2317,2317,2397
2019-05-10,2324.5,2325.5,2323.5,2325,79
2019-05-13,2325.5,2335.25,2325.5,2335.25,891
2019-05-14,2333.5,2333.75,2333.5,2333.75,271
2019-05-15,2350,2357,2350,2354.75,1014
2019-05-16,2375,2375,2375,2375,0
2019-05-17,2370.5,2370.5,2367.5,2368.75,2297
2019-05-20,2367.25,2367.25,2367.25,2367.25,0
2019-05-21,2371.49609375,2376.215087890625,2371.49609375,2373.75,54
2019-05-22,2369.75,2369.75,2369.75,2369.75,0
2019-05-23,2348.5,2348.5,2348.5,2348.5,0
2019-05-24,2372.25,2372.25,2372.25,2372.25,0
2019-05-28,2348.5,2348.5,2348.5,2348.5,0
2019-05-29,2342,2342.5,2339,2339,207
2019-05-30,2344.75,2344.75,2344.75,2344.75,0
2019-05-31,2337,2356,2337,2355.25,1152
2019-06-03,2358.5,2363,2358.5,2363,230415
2019-06-04,2370,2370,2362.5,2362.5,67
2019-06-05,2374,2376,2362,2376,177
2019-06-06,2348.5,2348.5,2342,2344.75,3061
2019-06-07,2345.74609375,2345.74609375,2339,2339,50
2019-06-10,2356.5,2357.5,2355,2357.5,2351
2019-06-11,2355,2361.5,2355,2356.5,2522
2019-06-12,2339.5,2353,2339.5,2352,499
2019-06-13,2372.5,2372.5,2370,2370,147
2019-06-14,2368,2370.25,2368,2370.25,8
2019-06-17,2384.5,2386.25,2384.5,2386.25,8000
2019-06-18,2400,2400,2386.25,2386.25,2
2019-06-19,2351.75,2351.75,2351.75,2351.75,0
2019-06-20,2340.510986328125,2340.510986328125,2335.5,2335.5,85
2019-06-21,2338,2338.5,2338,2338,1574
2019-06-24,2333,2333,2333,2333,0
2019-06-25,2334,2334,2329,2330.5,4309
2019-06-26,2310.541015625,2310.541015625,2304,2304,413
2019-06-27,2291,2291,2288.25,2288.25,1809
2019-06-28,2304.5,2310.25,2304.5,2310.25,390
2019-07-01,2338.5,2338.5,2330.5,2330.5,3
2019-07-02,2342.419921875,2351.5,2330.361083984375,2351.5,31282
2019-07-03,2391,2392.25,2391,2392.25,779
2019-07-04,2403.5,2409.25,2400,2409.25,1027
2019-07-05,2389.5,2389.5,2389,2389,2
2019-07-08,2388.406005859375,2396.25,2388.406005859375,2396.25,44
2019-07-09,2419.25,2419.25,2419.25,2419.25,0
2019-07-10,2427,2427,2397,2399.25,819
2019-07-11,2389,2389,2389,2389,0
2019-07-12,2391.25,2391.25,2391.25,2391.25,0
2019-07-15,2395.861083984375,2402.25,2395.861083984375,2402.25,38
2019-07-16,2389,2389,2389,2389,0
2019-07-17,2387.5,2396.25,2381.5,2396.25,3620
2019-07-18,2379,2391,2379,2391,173
2019-07-19,2390.5,2390.5,2390.5,2390.5,0
2019-07-22,2381.25,2381.25,2381.25,2381.25,0
2019-07-23,2382.092041015625,2382.75,2382.092041015625,2382.75,385
2019-07-24,2390,2390,2390,2390,0
2019-07-25,2406.81005859375,2406.81005859375,2392.25,2392.25,62
2019-07-26,2385.75,2385.75,2385.75,2385.75,0
2019-07-29,2374.5,2427.5,2374.5,2427.5,7
2019-07-30,2414,2414,2414,2414,0
2019-07-31,2371.5,2396.133056640625,2371.5,2374.25,2151
2019-08-01,2386,2386,2386,2386,0
2019-08-02,2400.5,2402,2399,2399,551
2019-08-05,2403,2403,2370.5,2370.5,95
2019-08-06,2370.092041015625,2370.092041015625,2368.75,2368.75,19
2019-08-07,2380.5,2382.22509765625,2379.75,2379.75,2
2019-08-08,2389.5,2392.5,2385.5,2388.25,369
2019-08-09,2404.75,2404.75,2404.75,2404.75,0
2019-08-12,2410.25,2410.25,2410.25,2410.25,0
2019-08-13,2393.25,2393.25,2393.25,2393.25,0
2019-08-14,2372.75,2372.75,2372.75,2372.75,0
2019-08-15,2360.5,2362,2360.5,2362,877
2019-08-16,2368.5,2380,2368.5,2380,375
2019-08-19,2386.5,2399.406005859375,2386.5,2393.5,279
2019-08-20,2369.5,2369.5,2369.5,2369.5,0
2019-08-21,2364,2395,2364,2395,491
2019-08-22,2373.25,2373.25,2373.25,2373.25,0
2019-08-23,2375.5,2385,2375.5,2385,426
2019-08-27,2393,2398.75,2393,2398.75,70
2019-08-28,2411.409912109375,2411.409912109375,2401,2401,11
2019-08-29,2400.5,2400.5,2392,2393.5,3861
2019-08-30,2429,2429,2420.25,2420.25,3565
2019-09-02,2437.010986328125,2437.010986328125,2427.25,2427.25,48
2019-09-03,2416,2416,2416,2416,0
2019-09-04,2433.633056640625,2433.633056640625,2423,2423,7
2019-09-05,2405.25,2405.25,2381.5,2381.5,1
2019-09-06,2380.010986328125,2388,2380.010986328125,2388,58
2019-09-09,2356.75,2356.75,2356.75,2356.75,0
2019-09-10,2360.5,2360.5,2360.5,2360.5,0
2019-09-11,2379.75,2379.75,2379.75,2379.75,0
2019-09-12,2381.47509765625,2381.47509765625,2378,2378,72
2019-09-13,2374.5,2374.5,2374.5,2374.5,0
2019-09-16,2365.510986328125,2365.510986328125,2349.25,2349.25,21
2019-09-17,2359,2372.25,2359,2372.25,26
2019-09-18,2405,2405,2405,2405,0
2019-09-19,2413.5,2413.5,2413.5,2413.5,0
2019-09-20,2411,2413,2410.5,2413,586
2019-09-23,2418,2418,2414.75,2414.75,4
2019-09-24,2419.25,2419.25,2419.25,2419.25,0
2019-09-25,2425,2427.5,2420.072998046875,2427.5,378
2019-09-26,2473.5,2474,2465.25,2465.25,54014
2019-09-27,2473.0859375,2475.25,2473.0859375,2475.25,140
2019-09-30,2489.5,2490.5,2476.5,2490.5,109
2019-10-01,2497.154052734375,2497.154052734375,2464.840087890625,2485.25,62
2019-10-02,2469.22509765625,2469.22509765625,2446,2446,1
2019-10-03,2440,2452.387939453125,2440,2441.5,4007
2019-10-04,2462,2474.75,2462,2474.75,29
2019-10-07,2465.800048828125,2484.75,2465.800048828125,2484.75,5586
2019-10-08,2486.5,2500.450927734375,2482.75,2482.75,120
2019-10-09,2498,2499.25,2498,2499.25,6839
2019-10-10,2487,2487,2487,2487,0
2019-10-11,2483,2484,2476.5,2476.5,786
2019-10-14,2488.25,2488.25,2488.25,2488.25,0
2019-10-15,2492.133056640625,2507.25,2492.133056640625,2507.25,79
2019-10-16,2499,2515.990966796875,2494.75,2494.75,3262
2019-10-17,2521,2521,2521,2521,0
2019-10-18,2517,2519.75,2515,2519.75,6000
2019-10-21,2492.5,2494,2489.75,2489.75,2662
2019-10-22,2498.25,2498.25,2498.25,2498.25,0
2019-10-23,2497.5,2507.75,2497.5,2507.75,3557
2019-10-24,2506,2506,2493.25,2493.25,2530
2019-10-25,2481,2481,2481,2481,0
2019-10-28,2476.5,2485.25,2476.5,2485.25,499
2019-10-29,2484.5,2484.5,2482.592041015625,2484.25,234
2019-10-30,2499.5,2499.5,2499.5,2499.5,0
2019-10-31,2499.75,2499.75,2499.75,2499.75,0
2019-11-01,2500.43994140625,2500.43994140625,2493.75,2493.75,85
2019-11-04,2506.25,2506.25,2506.25,2506.25,0
2019-11-05,2497,2498,2488.5,2488.5,1373
2019-11-06,2493.75,2493.75,2493.75,2493.75,0
2019-11-07,2509,2509,2483.75,2483.75,830
2019-11-08,2479.25,2479.25,2479.25,2479.25,0
2019-11-11,2477,2477,2471.199951171875,2475.75,1979
2019-11-12,2492.26806640625,2492.26806640625,2477.25,2477.25,71
2019-11-13,2478.5,2478.5,2478.5,2478.5,0
2019-11-14,2495.551025390625,2495.551025390625,2488.75,2488.75,3239
2019-11-15,2502.5,2502.5,2502.5,2502.5,0
2019-11-18,2530.5,2530.5,2510.49609375,2527.75,914
2019-11-19,2540,2540,2537.25,2537.25,8597
2019-11-20,2527.469970703125,2527.469970703125,2520.25,2520.25,6
2019-11-21,2496.051025390625,2499.75,2496.051025390625,2499.75,2296
2019-11-22,2504.25,2504.25,2504.25,2504.25,0
2019-11-25,2515.5,2516,2502.75,2502.75,9223
2019-11-26,2541.5,2541.5,2541.5,2541.5,0
2019-11-27,2536.5,2536.5,2536.5,2536.5,0
2019-11-28,2539.25,2539.25,2539.25,2539.25,0
2019-11-29,2539.75,2539.75,2533,2533,51850
2019-12-02,2540.5,2541,2509.75,2509.75,1332
2019-12-03,2500.5,2516.113037109375,2500.5,2502.25,831
2019-12-04,2499,2499,2493.25,2493.25,1429
2019-12-05,2500,2500,2492.25,2492.25,1369
2019-12-06,2506.551025390625,2518.5,2506.551025390625,2518.5,80
2019-12-09,2519.75,2519.75,2519.75,2519.75,0
2019-12-10,2524.5,2525.5,2523.75,2523.75,12174
2019-12-11,2533,2533,2494.72509765625,2504.25,366
2019-12-12,2515.5,2515.5,2497.5,2497.5,436
2019-12-13,2485.75,2485.75,2485.75,2485.75,0
2019-12-16,2507.5,2515.174072265625,2506.551025390625,2514.25,2534
2019-12-17,2525,2525,2525,2525,0
2019-12-18,2525.469970703125,2535.75,2525.469970703125,2535.75,9
2019-12-19,2548.969970703125,2563,2548.969970703125,2563,132
2019-12-20,2582,2582,2563.25,2563.25,9408
2019-12-23,2592.25,2592.25,2592.25,2592.25,0
2019-12-24,2591.75,2591.75,2591.75,2591.75,0
2019-12-27,2613.25,2613.25,2613.25,2613.25,0
2019-12-30,2612,2612,2597.5,2603,8434
2019-12-31,2599.943115234375,2599.943115234375,2599.25,2599.25,570
2020-01-02,2619,2619,2599.52001953125,2611.75,579
2020-01-03,2615,2626,2614.5,2626,82
2020-01-06,2639,2639,2592.52001953125,2599.25,3392
2020-01-07,2615.5,2617.969970703125,2595.800048828125,2609.75,6
2020-01-08,2585.969970703125,2587.25,2585.969970703125,2587.25,18205
2020-01-09,2586.5,2586.5,2579.25,2579.25,6
2020-01-10,2583,2586.5859375,2580.25,2580.25,180
2020-01-13,2607,2607,2607,2607,0
2020-01-14,2609.25,2609.25,2609.25,2609.25,0
2020-01-15,2602.5,2609.75,2602.300048828125,2609.75,110
2020-01-16,2623.5,2624.469970703125,2620.25,2620.25,3192
2020-01-17,2635.5,2635.5,2635.25,2635.25,2000
2020-01-20,2636,2636,2632.25,2632.25,24
2020-01-21,2632,2632,2623,2624,5823
2020-01-22,2637,2637,2616.5,2616.5,162
2020-01-23,2625.5,2635.010986328125,2610.988037109375,2613.75,213
2020-01-24,2647,2647,2647,2647,0
2020-01-27,2623,2623,2606.25,2606.25,771
2020-01-28,2613,2622.75,2613,2622.75,378
2020-01-29,2635.5,2648.5,2635.5,2643,8397
2020-01-30,2636,2636,2616.5,2618,2061
2020-01-31,2611,2611,2611,2611,0
2020-02-03,2616.52001953125,2640.25,2616.52001953125,2638.25,1880
2020-02-04,2644.75,2644.75,2644.75,2644.75,0
2020-02-05,2644.175048828125,2649,2644.175048828125,2649,75
2020-02-06,2661,2662,2660.800048828125,2662,7
2020-02-07,2660,2661.199951171875,2659,2659,100
2020-02-10,2668.5,2672.5,2668.5,2669,573
2020-02-11,2669,2669,2669,2669,0
2020-02-12,2688.5,2688.5,2661.199951171875,2672.5,1883
2020-02-13,2660.5,2681.41796875,2659.75,2660.25,1761
2020-02-14,2688.541015625,2707.25,2688.541015625,2707.25,2746
2020-02-17,2721.5,2721.5,2697.300048828125,2698.5,1271
2020-02-18,2702,2708.14990234375,2684,2696.5,646
2020-02-19,2725,2733.175048828125,2723.199951171875,2725.25,13522
2020-02-20,2743,2743.5,2720.5,2720.5,257
2020-02-21,2732,2732,2721,2721,5111
2020-02-24,2689.5,2689.5,2662.26611328125,2673.5,5074
2020-02-25,2687.5,2687.5,2626.5,2626.5,2610
2020-02-26,2593.449951171875,2622.5,2593.449951171875,2622.5,10176
2020-02-27,2587.675048828125,2587.675048828125,2559,2559,25225
2020-02-28,2457,2478.25,2435.172119140625,2478.25,11614
2020-03-02,2485.5,2522.43994140625,2485.5,2511,4464
2020-03-03,2532,2582,2532,2568.25,43
2020-03-04,2589.5,2608.25,2589.5,2608.25,52
2020-03-05,2590,2590,2569.675048828125,2573,440
2020-03-06,2522,2537.675048828125,2490.5,2506.75,2263
2020-03-09,2398.5,2398.5,2365,2378.25,591
2020-03-10,2416,2429.699951171875,2323.5,2323.5,2636
2020-03-11,2318,2318,2309.25,2309.25,822
2020-03-12,2173.5,2232.39990234375,2062.64990234375,2077.5,978
2020-03-13,2086.02490234375,2086.02490234375,2057.25,2057.25,750
2020-03-16,1900.8399658203125,1909.199951171875,1864.77001953125,1909.199951171875,2159
2020-03-17,1814.800048828125,1839.81005859375,1806.199951171875,1833.4000244140625,8423
2020-03-18,1762.8599853515625,1772.050048828125,1759.5999755859375,1759.5999755859375,1263
2020-03-19,1792.6300048828125,1806.5999755859375,1736.3499755859375,1806.5999755859375,353
2020-03-20,1886.969970703125,1886.969970703125,1886.300048828125,1886.300048828125,8
2020-03-23,1850,1859.800048828125,1841.5999755859375,1853.300048828125,22877
2020-03-24,1921.800048828125,1968.9000244140625,1860.6199951171875,1968.9000244140625,835
2020-03-25,2065,2065,1976.5799560546875,2030,5572
2020-03-26,2015,2025.3499755859375,1965.800048828125,2025.3499755859375,12518
2020-03-27,1985,1985,1927.760009765625,1947.800048828125,4443
2020-03-30,2001,2001,1927.760009765625,1956.0999755859375,591
2020-03-31,1997.5999755859375,1997.5999755859375,1927.760009765625,1988.25,4009
2020-04-01,1933.4000244140625,1940.3599853515625,1920.4100341796875,1933,8708
2020-04-02,1912.199951171875,1912.199951171875,1910.800048828125,1910.800048828125,16
2020-04-03,1887.3599853515625,1895.4599609375,1887.3599853515625,1895.199951171875,245
2020-04-06,1949,1953.9599609375,1946.9000244140625,1946.9000244140625,395
2020-04-07,2046.5,2062.14990234375,2006.199951171875,2006.199951171875,4679
2020-04-08,2015.8570556640625,2026.25,2015.8570556640625,2026.25,2843
2020-04-09,2061,2094.25,2057.5,2094.25,15364
2020-04-14,2068.5,2088.550048828125,2004,2035.5,4587
2020-04-15,2005.6500244140625,2005.6500244140625,1977.280029296875,1979.199951171875,1844
2020-04-16,2019,2019,1958.800048828125,1958.800048828125,46103
2020-04-17,2007.2960205078125,2007.2960205078125,1997.4000244140625,1997.4000244140625,1245
2020-04-20,2017,2017,1983.969970703125,1987.300048828125,1061
2020-04-21,1975,1975.9000244140625,1971.5999755859375,1971.5999755859375,34
2020-04-22,1990.6600341796875,1990.6600341796875,1971.7099609375,1973.300048828125,244
2020-04-23,1964.5999755859375,1985.719970703125,1964.5999755859375,1982.699951171875,2110
2020-04-24,1980.300048828125,1980.300048828125,1973.699951171875,1973.699951171875,90
2020-04-27,2000,2009.47998046875,1978.1700439453125,1982.5999755859375,3568
2020-04-28,1997.7099609375,2015.5999755859375,1997.7099609375,2000.75,426
2020-04-29,2017.5,2049.5,2016.550048828125,2047.25,412
2020-04-30,2051,2058.949951171875,2022.75,2022.75,133
2020-05-01,1998.448974609375,1998.448974609375,1991.75,1993.0999755859375,3706
2020-05-04,2022.5,2022.5,1969.800048828125,1971.5,1775
2020-05-05,2004,2004,1990.989990234375,1998.800048828125,317
2020-05-06,2013,2013,1987.699951171875,1987.699951171875,1095
2020-05-07,2030.5,2035.75,2027.5,2035.75,1600
2020-05-11,2075,2075,2021.875,2038.25,2607
2020-05-12,2027,2027,2003.800048828125,2003.800048828125,1818
2020-05-13,1992.199951171875,1995.199951171875,1969.02001953125,1979.199951171875,2465
2020-05-14,1929.199951171875,1964.18994140625,1915.199951171875,1934,4769
2020-05-15,1939.4000244140625,1953.9000244140625,1935.4000244140625,1953.9000244140625,1359
2020-05-18,1987,2012,1983.280029296875,2012,509
2020-05-19,2007,2039,2007,2023.25,3045
2020-05-20,2009.5,2017.5,1998.31005859375,2017.5,16527
2020-05-21,2011,2012.7509765625,1992.199951171875,1999.5,1522
2020-05-22,1992.5999755859375,2015.5,1992.5999755859375,2011.5,1012
2020-05-26,2072.5,2087,2069,2072,1745
2020-05-27,2103.5,2115.5,2085.699951171875,2099.5,3540
2020-05-28,2104,2149.77490234375,2104,2139.75,1869
2020-05-29,2139.5,2142.5,2129,2132.25,3451
2020-06-01,2160,2160,2143,2152.5,1346
2020-06-02,2165.5,2221.77490234375,2165.5,2211,1019
2020-06-03,2227.5,2271.75,2227.5,2271.75,525
2020-06-04,2265.5,2302,2260,2302,642
2020-06-05,2346,2346,2322,2323,1093
2020-06-08,2336,2336,2299,2301.25,1990
2020-06-09,2315.5,2317,2231.25,2244,193
2020-06-10,2255,2258.325927734375,2216.5,2216.5,10805
2020-06-11,2200,2200,2169.77490234375,2172.75,785
2020-06-12,2171.5,2209.27490234375,2171.5,2194.75,2845
2020-06-15,2178.5,2200.5,2169.780029296875,2196,160
2020-06-16,2242,2242,2231.25,2231.25,1
2020-06-17,2274.5,2274.5,2249,2249,846
2020-06-18,2262,2272.5,2221.300048828125,2269.5,1153
2020-06-19,2265,2265.5,2248.5,2257.25,1360
2020-06-22,2244.5,2244.5,2212.5,2224.5,2597
2020-06-23,2247.5,2247.5,2212,2220.75,3563
2020-06-24,2198.5,2225,2162.5,2162.5,2126
2020-06-25,2173,2173,2152.25,2159.25,533
2020-06-26,2157.5,2182.5,2157.5,2175,625
2020-06-29,2169.5,2185.5,2167,2183,1451
2020-06-30,2169,2203.5,2165.5,2180.25,3018
2020-07-01,2231,2231,2159,2191.75,3875
2020-07-02,2218,2220.75,2218,2220.75,9
2020-07-03,2240,2240,2216,2218,2
2020-07-06,2245,2261.25,2245,2261.25,408
2020-07-07,2212,2212,2201.5,2206.75,2842
2020-07-08,2216.5,2219.300048828125,2201.300048828125,2207,1003
2020-07-09,2201.5,2201.5,2179.25,2179.25,1111
2020-07-10,2192,2192.75,2192,2192.75,436
2020-07-13,2211.5,2212.5,2201.324951171875,2212.5,3071
2020-07-14,2220,2220,2213.5,2213.5,2
2020-07-15,2207,2207.699951171875,2203.824951171875,2207.25,659
2020-07-16,2212.5,2213.5,2183.75,2183.75,4
2020-07-17,2198,2198,2172.5,2185.25,4269
2020-07-20,2194,2194,2179.675048828125,2190.25,772
2020-07-21,2190,2203,2190,2203,367
2020-07-22,2224,2226.5,2216,2226.25,17224
2020-07-23,2208.5,2208.5,2202.75,2202.75,793
2020-07-24,2174.5,2183.5,2174.5,2177,10
2020-07-27,2166,2166,2151.75,2151.75,4608
2020-07-28,2173.5,2175,2151.824951171875,2175,2191
2020-07-29,2196.5,2222.25,2180.449951171875,2222.25,980
2020-07-30,2210.5,2210.5,2175.25,2175.25,1038
2020-07-31,2205,2205,2180,2187.5,343
2020-08-03,2174,2199.64990234375,2161,2189.75,206
2020-08-04,2198.300048828125,2205.75,2198.300048828125,2205.75,41
2020-08-05,2254.22509765625,2258.5,2254.22509765625,2258.5,1
2020-08-06,2238,2241.5,2219.300048828125,2239.75,194
2020-08-07,2250.5,2251.5,2233,2250,141
2020-08-10,2256.5,2256.5,2239.800048828125,2248.25,1027
2020-08-11,2274,2283.5,2255.25,2262.75,292
2020-08-12,2264.5,2265.75,2254.75,2265.75,636
2020-08-13,2278,2279,2264.5,2264.5,2
2020-08-14,2242.800048828125,2243.75,2242.800048828125,2243.75,560
2020-08-17,2241.5,2242.25,2239.75,2242.25,1350
2020-08-18,2251,2251,2201.75,2201.75,157
2020-08-19,2207.5,2207.5,2190,2192.25,4157
2020-08-20,2224.5,2240.5,2224.5,2240.5,4
2020-08-21,2239,2250.5,2237.14990234375,2246.25,1482
2020-08-24,2251.699951171875,2254.75,2237.14990234375,2254.75,891
2020-08-25,2243.5,2243.5,2231.75,2231.75,149
2020-08-26,2267,2267,2243,2252,629
2020-08-27,2231.175048828125,2231.175048828125,2229,2229,251
2020-08-28,2230.5,2248.175048828125,2225.5,2227.75,937
2020-09-01,2226,2226,2210.175048828125,2214.75,134
2020-09-02,2227,2243.5,2227,2243.5,7686
2020-09-03,2270.25,2270.25,2242.25,2242.25,1182
2020-09-04,2230,2230,2175.5,2175.5,47
2020-09-07,2208.5,2228,2208.5,2222.75,3180
2020-09-08,2245,2245.72509765625,2234.5,2244.25,310
2020-09-09,2273.5,2281.75,2272,2281.75,891
2020-09-10,2277,2303,2277,2300.5,130
2020-09-11,2299.5,2305.5,2298.72998046875,2300.5,257
2020-09-14,2275,2312,2275,2286.75,56
2020-09-15,2307.5,2307.5,2288.25,2300,3
2020-09-16,2318.300048828125,2318.300048828125,2305.22509765625,2309.25,44
2020-09-17,2301,2315,2295,2315,81
2020-09-18,2325,2325,2277.25,2286.5,253
2020-09-21,2283,2283,2216,2216,149
2020-09-22,2208.5,2234.5,2208.5,2226,41
2020-09-23,2198,2214.5,2195.25,2195.25,229
2020-09-24,2188,2190.77490234375,2183,2183,10
2020-09-25,2189,2189,2159.5,2169.25,332
2020-09-28,2206.5,2211,2195.5,2210,586
2020-09-29,2203,2218.5,2182.5,2193.5,127
2020-09-30,2215.800048828125,2220.5,2215.800048828125,2217.25,31
2020-10-01,2236.75,2236.75,2236.75,2236.75,0
2020-10-02,2218.300048828125,2226,2218.300048828125,2226,31
2020-10-05,2249.5,2256,2239,2253,2275
2020-10-06,2257,2275,2251,2271.25,2370
2020-10-07,2275,2277.5,2244.72509765625,2248.75,31
2020-10-08,2280,2284.5,2260,2263,3286
2020-10-09,2282.5,2282.5,2267,2267,2112
2020-10-12,2270.5,2276.5,2266.5,2276.5,295
2020-10-13,2284,2284,2254.25,2254.25,35
2020-10-14,2260.5,2264,2246.72509765625,2248.25,428
2020-10-15,2237.22509765625,2243.25,2237.22509765625,2243.25,8
2020-10-16,2231.5,2248,2216.5,2216.5,2513
2020-10-19,2230.5,2242.5,2223.72509765625,2229.75,4505
2020-10-20,2230,2266,2220,2256.5,2953
2020-10-21,2211.5,2211.5,2194.25,2194.25,519
2020-10-22,2167,2207.5,2163,2198,10964
2020-10-23,2198.5,2219,2198.5,2213.5,6302
2020-10-26,2195.5,2215.699951171875,2174.5,2174.5,2366
2020-10-27,2167.5,2185.5,2146.5,2147.75,8242
2020-10-28,2088.5,2101,2071,2075.25,2360
2020-10-29,2093,2093,2083.22509765625,2088.25,86
2020-10-30,2079.5,2102.75,2079.5,2102.75,1712
2020-11-02,2117,2121,2108.675048828125,2121,27
2020-11-03,2132.5,2154,2128.638916015625,2146,2341
2020-11-04,2148.5,2208.75,2148.5,2208.75,31
2020-11-05,2229,2241.800048828125,2228,2231.5,2308
2020-11-06,2218.5,2240.5,2218,2228.5,2490
2020-11-09,2264.5,2366,2263,2303,4919
2020-11-10,2317.5,2329.675048828125,2301,2316.5,8445
2020-11-11,2329,2366.5,2329,2366.5,4125
2020-11-12,2362.5,2379,2350,2364.75,5909
2020-11-13,2354,2354,2350.25,2353.5,27
2020-11-16,2399.5,2399.5,2379,2391,663
2020-11-17,2374.5,2388.5,2374,2376.75,447
2020-11-18,2372.27490234375,2392.175048828125,2372.27490234375,2390.75,243
2020-11-19,2371,2383.050048828125,2370.5,2379,2127
2020-11-20,2367,2367,2356.22509765625,2358.25,256
2020-11-23,2362.5,2387,2340.72509765625,2346,322
2020-11-24,2368.5,2368.5,2335.5,2349.75,172
2020-11-25,2349,2371,2342.5,2365,382
2020-11-26,2376.5,2383,2373.75,2373.75,109
2020-11-27,2359,2376.5,2359,2369.25,628
2020-11-30,2377,2379,2358.5,2358.5,2606
2020-12-01,2364,2375.300048828125,2362.5,2374.25,402
2020-12-02,2387,2398.5,2380.699951171875,2385,4593
2020-12-03,2356.5,2380.5,2356,2380.5,3065
2020-12-04,2389.5,2398,2389.5,2395.25,8744
2020-12-07,2411.5,2424.300048828125,2405.72509765625,2410.75,12872
2020-12-08,2408,2408,2394.5,2402,3353
2020-12-09,2408,2408,2384.300048828125,2387.75,195
2020-12-10,2409,2411,2395.77490234375,2411,4192
2020-12-11,2394.5,2422.89990234375,2384.5,2410,4075
2020-12-14,2400,2413.949951171875,2400,2407,729
2020-12-15,2405,2420,2401.25,2401.25,82
2020-12-16,2422,2431,2422,2426.25,29
2020-12-17,2427,2440.47998046875,2427,2439,2856
2020-12-18,2439,2456.5,2414.25,2414.25,594
2020-12-21,2381.5,2456.5,2356.699951171875,2388.25,12645
2020-12-22,2385,2406,2385,2405.75,22221
2020-12-23,2416,2430.5,2407.85009765625,2427.75,627
2020-12-24,2412,2432.5,2412,2429.75,2
2020-12-29,2501.5,2501.5,2481.5,2489.75,2332
2020-12-30,2475,2483.5,2465.25,2465.25,82
2020-12-31,2450,2455.5,2442.824951171875,2443.75,28
2021-01-04,2485,2485,2438.77490234375,2446.5,461
2021-01-05,2449,2466.5,2426.5,2447.75,731
2021-01-06,2470.5,2470.5,2445,2445.25,169
2021-01-07,2425.5,2456.5,2418.199951171875,2421.25,210
2021-01-08,2438.25,2438.25,2413.800048828125,2418.25,804
2021-01-11,2412,2416,2391,2394.75,789
2021-01-12,2375,2396.5,2361.25,2361.25,432
2021-01-13,2365.75,2389,2365.75,2383.25,66
2021-01-14,2403,2407.22509765625,2402.75,2402.75,1581
2021-01-15,2381.25,2384,2378,2383.75,60
2021-01-18,2391.5,2398,2377,2392.25,4157
2021-01-19,2392.5,2406.5,2380.5,2380.5,4932
2021-01-20,2379.5,2384.25,2378.324951171875,2384.25,78
2021-01-21,2341.5,2397.153076171875,2341.5,2341.5,112
2021-01-22,2353,2355,2343,2352.25,198
2021-01-25,2350.5,2373,2315,2330.25,400
2021-01-26,2349,2358.699951171875,2336.5,2357,9067
2021-01-27,2361.5,2381.5,2346.5,2366.25,2172
2021-01-28,2350.5,2361,2342.72509765625,2361,651
2021-01-29,2354,2355.5,2341.5,2347.5,8228
2021-02-01,2363,2367.5,2343,2367.5,2040
2021-02-02,2370,2382.5,2370,2382.5,5454
2021-02-03,2390,2407,2362,2365,523
2021-02-04,2358.5,2370,2340.27490234375,2346.75,2664
2021-02-05,2340,2350,2334,2344,1295
2021-02-08,2353.5,2353.5,2326.5,2329.5,1132
2021-02-09,2339,2339,2319.75,2334,1861
2021-02-10,2342.5,2344.300048828125,2327.5,2330,1268
2021-02-11,2322,2327.25,2322,2327.25,545
2021-02-12,2319,2319,2314.77490234375,2315,147
2021-02-15,2320,2328.25,2317.680908203125,2328.25,2066
2021-02-16,2311,2314.25,2307.75,2307.75,205
2021-02-17,2296,2314.5,2293.094970703125,2306.25,1331
2021-02-18,2286.5,2302,2272.77490234375,2274.5,2894
2021-02-19,2276.5,2276.5,2264,2272,495
2021-02-22,2266,2274,2251.5,2274,723
2021-02-23,2281.5,2294.75,2264.5,2294.75,2574
2021-02-24,2285.25,2297.5,2283.905029296875,2293.5,128
2021-02-25,2295,2305.25,2295,2303.5,353
2021-02-26,2277.5,2280.27490234375,2277.5,2278,436
2021-03-01,2304.47509765625,2313.5,2296.25,2311.25,110
2021-03-02,2320.5,2321,2305,2305,4042
2021-03-03,2290,2314,2290,2294.5,381
2021-03-04,2297.5,2309.5,2297.5,2308.5,2613
2021-03-05,2290.5,2290.5,2275,2275,1178
2021-03-08,2289.5,2303,2288,2303,1846
2021-03-09,2299.5,2309,2288.5,2294.75,4064
2021-03-10,2298.5,2304,2292,2303.5,2180
2021-03-11,2308.5,2324.75,2302.27490234375,2324.75,84
2021-03-12,2310.5,2323.75,2310.5,2323.75,43
2021-03-15,2321.5,2330,2321.5,2325,3166
2021-03-16,2367,2376,2355,2362.75,80
2021-03-17,2338,2354,2334.5,2338.25,160
2021-03-18,2347.300048828125,2347.300048828125,2319,2319,72
2021-03-19,2327,2338,2327,2338,10
2021-03-22,2319.5,2337.5,2312.5,2319.75,40593
2021-03-23,2309,2349,2309,2345,2
2021-03-24,2350.25,2350.25,2350.25,2350.25,0
2021-03-25,2309.824951171875,2311,2309.824951171875,2311,30
2021-03-26,2326,2326.75,2325.75,2325.75,238
2021-03-29,2336,2336,2308.22509765625,2314.75,78
2021-03-30,2332,2337.5,2328,2335.25,84
2021-03-31,2335.5,2340.72509765625,2320.25,2320.25,101
2021-04-01,2329,2358,2318.324951171875,2347.25,70
2021-04-06,2372,2373.75,2363.77490234375,2373.75,413
2021-04-07,2395,2423.139892578125,2395,2417.75,1572
2021-04-08,2422,2444.5,2413.22509765625,2441,1609
2021-04-09,2424,2446,2424,2426.5,1197
2021-04-12,2427,2427,2417.22509765625,2420,31
2021-04-13,2422.5,2444,2422.5,2444,2078
2021-04-14,2445,2459.75,2445,2459.75,76
2021-04-15,2460,2473.5,2455.5,2470.5,997
2021-04-16,2487,2494.5,2486.75,2486.75,52
2021-04-19,2491,2499.35009765625,2475.199951171875,2481.5,549
2021-04-20,2483,2494,2482,2493.5,2394
2021-04-21,2477,2487.5,2465.5,2466,967
2021-04-22,2494,2505,2474.5,2505,128
2021-04-23,2484.75,2484.75,2484.75,2484.75,0
2021-04-26,2510.5,2510.5,2503,2503,6
2021-04-27,2491.5,2494.5,2490.5,2494.5,793
2021-04-28,2504.5,2504.5,2496.5,2496.5,23
2021-04-29,2507.094970703125,2507.094970703125,2485.5,2487.5,5
2021-04-30,2487.5,2487.5,2480,2482.75,10
2021-05-04,2493.5,2493.5,2477,2477,6
2021-05-05,2471,2471,2455.75,2464.5,222
2021-05-06,2455.5,2475.75,2455.5,2475.75,65
2021-05-07,2485,2496,2483.25,2496,7
2021-05-10,2483,2519.5,2483,2507,44
2021-05-11,2468.64990234375,2470,2451.25,2451.25,25
2021-05-12,2467.5,2467.5,2447.75,2447.75,25
2021-05-13,2448,2448,2413.77490234375,2440.75,127
2021-05-14,2473.5,2473.5,2470.25,2470.25,297
2021-05-17,2474,2483,2467.25,2467.25,22
2021-05-18,2475.5,2497,2472,2491.25,294
2021-05-19,2476,2488.25,2473.75,2477,4057
2021-05-20,2487.77490234375,2499.5,2487.77490234375,2495.75,10
2021-05-21,2478.5,2489.5,2477.5,2483.5,87
2021-05-24,2488.5,2516.5,2488.5,2516.5,6
2021-05-25,2533.5,2544.5,2524,2524,212
2021-05-26,2529,2537.5,2522.25,2533,19
2021-05-27,2538.5,2553,2538.5,2546,84
2021-05-28,2566,2568,2554.5,2564.5,821
2021-06-01,2572.85009765625,2590.5,2556.77490234375,2588.5,81
2021-06-02,2600,2606.699951171875,2581,2599,1660
2021-06-03,2595,2598.5,2582,2584.5,1442
2021-06-04,2596.5,2598.5,2585.5,2595.5,619
2021-06-07,2604.5,2627,2600,2620.5,3426
2021-06-08,2634.5,2658,2612,2654.5,1319
2021-06-09,2664,2675.5,2653.5,2674.25,1504
2021-06-10,2666,2671,2657.25,2657.25,7
2021-06-11,2649.5,2665,2642,2642.25,15
2021-06-14,2659,2668.5,2656.75,2664.25,616
2021-06-15,2675,2676.5,2650.5,2650.5,893
2021-06-16,2659.5,2659.5,2626,2638.5,27
2021-06-17,2629.5,2629.5,2602.375,2605.5,270
2021-06-18,2612.5,2633.5,2598.5,2599,139
2021-06-21,2592,2611,2592,2595.75,299
2021-06-22,2627,2627,2590.5,2619.25,157
2021-06-23,2612.5,2624,2607.5,2610.75,2455
2021-06-24,2602.5,2619,2602.5,2616,177
2021-06-25,2611.5,2624,2607.22509765625,2618.5,1023
2021-06-28,2612,2623,2589.25,2589.25,1499
2021-06-29,2587.5,2599.5,2582.25,2582.25,2263
2021-06-30,2579.5,2582.5,2560.5,2560.5,5871
2021-07-01,2573.5,2587,2570,2587,12426
2021-07-02,2618.5,2618.5,2595,2618.5,2083
2021-07-05,2622.5,2636,2612,2632.25,915
2021-07-06,2631,2651.25,2631,2651.25,197
2021-07-07,2669,2673.5,2655.72509765625,2665,197
2021-07-08,2667,2670.5,2657.5,2657.5,16665
2021-07-09,2702.5,2702.5,2687,2700,40
2021-07-12,2710,2743,2710,2740.5,3115
2021-07-13,2739,2740.5,2712.5,2712.5,46
2021-07-14,2704.5,2705.5,2667,2678.75,1060
2021-07-15,2657,2690.5,2655.25,2655.25,298
2021-07-16,2681,2690.5,2673.675048828125,2690.5,499
2021-07-19,2662.5,2683,2646.72509765625,2653.25,66008
2021-07-20,2676,2683.5,2671.75,2676.5,32450
2021-07-21,2700,2717,2695.5,2717,75
2021-07-22,2716,2727,2706,2707.5,1404
2021-07-23,2719.5,2732.5,2699.5,2706.75,5192
2021-07-26,2695.5,2704.5,2689.300048828125,2700.5,2205
2021-07-27,2701,2708,2688.9619140625,2698,1910
2021-07-28,2700,2720,2700,2713.25,112
2021-07-29,2700.5,2704.5,2695.77490234375,2704.25,176
2021-07-30,2717.5,2719.5,2696.5,2713.5,632
2021-08-02,2743.5,2758,2723.5,2757,2038
2021-08-03,2743,2757.5,2741.75,2741.75,497
2021-08-04,2765,2771,2748,2761.25,21
2021-08-05,2778,2792,2773.25,2790.5,490
2021-08-06,2772,2787,2770.5,2780.25,157
2021-08-09,2765.5,2793.5,2757.5,2764,159
2021-08-10,2751.5,2771.5,2744,2751,1984027
2021-08-11,2765,2776,2759.5,2771.5,1146
2021-08-12,2785,2787,2763,2780.75,5413
2021-08-13,2809.5,2827.60009765625,2787,2813,2560
2021-08-16,2813.5,2832.5,2806,2820.75,3147
2021-08-17,2812.5,2821,2803.25,2803.25,2505
2021-08-18,2826,2827,2813,2817.25,7
2021-08-19,2808,2808,2788.27490234375,2802,20
2021-08-20,2823.5,2824.75,2807,2824.75,12
2021-08-23,2806,2838,2796,2796,1086
2021-08-24,2795,2811.20703125,2773.5,2782.75,3556
2021-08-25,2796,2796,2770.27490234375,2771.5,785
2021-08-26,2771,2772,2763,2765.75,3430
2021-08-27,2776.5,2810.25,2776.5,2810.25,449
2021-08-31,2813.5,2835.5,2794.25,2797.75,1348
2021-09-01,2822.5,2824.25,2805.925048828125,2812.5,855
2021-09-02,2790.5,2807,2788.5,2788.5,8016
2021-09-03,2794,2811,2769,2772,80
2021-09-06,2773.5,2776,2755.75,2755.75,1280
2021-09-07,2765.5,2765.5,2740.5,2746.25,13231
2021-09-08,2711.5,2752.5,2681.5,2684.5,5634
2021-09-09,2665.5,2698.5,2665.5,2697.75,471
2021-09-10,2691.5,2699,2666,2671,5871
2021-09-13,2677.5,2677.5,2677.175048828125,2677.175048828125,1
2021-09-14,2687,2698.5,2671,2686,94
2021-09-15,2692,2692,2659.5,2660,266
2021-09-16,2660.5,2672.75,2654,2672.75,213
2021-09-17,2683,2686,2653.5,2653.5,1125
2021-09-20,2614,2654.5,2603.2490234375,2619,1092
2021-09-21,2643,2660.5,2610,2659.75,240
2021-09-22,2670,2681,2663,2663,81
2021-09-23,2688.5,2693,2674,2674,1600
2021-09-24,2652.5,2678.5,2645,2650,21041
2021-09-27,2670,2678.5,2659,2660.25,380
2021-09-28,2629.5,2660,2602,2603.5,211
2021-09-29,2616,2623,2593.75,2593.75,5228
2021-09-30,2616.5,2625.60009765625,2565.5,2565.5,505
2021-10-01,2558.5,2595.5,2544.175048828125,2588.25,597
2021-10-04,2581.5,2597.5,2564,2565,5672
2021-10-05,2555,2572,2551,2557.5,82
2021-10-06,2514.5,2530.5,2493.199951171875,2521,5927
2021-10-07,2545,2556.5,2543.5,2552.25,12471
2021-10-08,2544,2568,2544,2545,13553
2021-10-11,2522,2547.75,2514,2547.75,542
2021-10-12,2564.5,2578,2521,2576,2581
2021-10-13,2606.5,2606.5,2592.75,2599.5,137
2021-10-14,2615,2624.75,2609,2624.75,682
2021-10-15,2627.5,2643.25,2621.824951171875,2643.25,44
2021-10-18,2623,2648,2623,2648,148
2021-10-19,2645.5,2662,2644,2662,1094
2021-10-20,2660,2660,2640.0009765625,2643.75,1423
2021-10-21,2659.5,2665.72509765625,2645.5,2657,753
2021-10-22,2673.5,2684,2673.5,2684,519
2021-10-25,2673.699951171875,2674.5,2666.75,2667.75,18
2021-10-26,2677.5,2680.222900390625,2669.75,2669.75,1677
2021-10-27,2684,2704.5,2667.5,2704.5,684
2021-10-28,2702,2707.5,2694,2707.5,8
2021-10-29,2702,2703.5,2650,2659.75,668
2021-11-01,2657,2703.5,2648,2655.25,269
2021-11-02,2672,2676,2644,2670.75,23507
2021-11-03,2665.5,2674,2659.5,2674,9
2021-11-04,2740,2759.25,2705.5,2759.25,600
2021-11-05,2762,2767.5,2753.47509765625,2763.75,633
2021-11-08,2776,2776.39208984375,2738.14990234375,2738.25,121
2021-11-09,2751.5,2753,2747.64990234375,2752.75,33
2021-11-10,2756,2763.5,2737,2742,296
2021-11-11,2749,2749,2735.5,2743,187
2021-11-12,2753.5,2753.5,2748.5,2753.25,104
2021-11-15,2750,2753.5,2750,2752.25,547
2021-11-16,2762.5,2771,2734,2771,222
2021-11-17,2729.5,2761.68505859375,2729.5,2730.5,15
2021-11-18,2747,2756.25,2735.22509765625,2756.25,2010
2021-11-19,2769,2769.5,2753,2769,603
2021-11-22,2773.5,2774,2741,2741,101
2021-11-23,2725,2725,2710,2710,261
2021-11-24,2736.5,2743,2698.5,2736.75,2238
2021-11-25,2777,2778.75,2746.625,2778.75,164
2021-11-26,2725,2728.5,2706.75,2706.75,155
2021-11-29,2732.5,2735.5,2709.75,2709.75,106
2021-11-30,2693.5,2712.221923828125,2679,2693.5,7402
2021-12-01,2667.5,2698.5,2667.5,2698.5,3312
2021-12-02,2675,2687,2664.35009765625,2687,426
2021-12-03,2700.5,2712,2681,2681,7026
2021-12-06,2687,2703.75,2678.5,2703.75,4
2021-12-07,2726,2726,2726,2726,0
2021-12-08,2731.666015625,2731.666015625,2721.75,2721.75,36
2021-12-09,2712.5,2712.5,2712.5,2712.5,0
2021-12-10,2710,2710,2704.77490234375,2705.75,98
2021-12-13,2696.5,2697,2677.35009765625,2678,24
2021-12-14,2694,2702.5,2647.5,2647.5,5236
2021-12-15,2658.5,2661.75,2647.35009765625,2661.75,204
2021-12-16,2671,2671,2645,2646.5,2013
2021-12-17,2645.5,2669,2644.10009765625,2669,2006
2021-12-20,2633,2643.5,2631.5,2636.5,4135
2021-12-21,2664,2664,2639.75,2639.75,4
2021-12-22,2635,2640.0009765625,2635,2637.75,1527
2021-12-23,2650,2656,2641,2644,536
2021-12-24,2664.5,2664.5,2649.5,2649.5,95
2021-12-29,2690.5,2701,2679.14990234375,2684,7882
2021-12-30,2688.5,2699.5,2687.72705078125,2695.25,679
2021-12-31,2697.75,2697.75,2697.75,2697.75,0
2022-01-04,2748,2749,2695,2695,565
2022-01-05,2708,2713.0009765625,2695.5,2695.5,6591
2022-01-06,2666,2669.5,2662.5,2667.5,4289
2022-01-07,2688.5,2688.5,2630,2637.25,10168
2022-01-10,2595,2612.85009765625,2591.635986328125,2602.25,4000
2022-01-11,2609.5,2615.111083984375,2592.5,2594.5,1251
2022-01-12,2591,2617,2591,2617,10
2022-01-13,2622.5,2627,2622.5,2622.5,54
2022-01-14,2614,2623.5,2611.25,2611.25,92
2022-01-17,2626.22509765625,2626.22509765625,2600,2610.5,148
2022-01-18,2600,2600,2576.699951171875,2582,278
2022-01-19,2599.5,2605,2593.5,2593.5,7738
2022-01-20,2606.5,2606.5,2593.5,2605.75,2008
2022-01-21,2590,2590,2583,2583,1
2022-01-24,2562.5,2562.5,2527.5,2527.5,737
2022-01-25,2536.5,2544.5,2523.5,2531,776
2022-01-26,2569.5,2586.222900390625,2549.89990234375,2581.25,9047
2022-01-27,2598.945068359375,2598.945068359375,2591.5,2591.5,203
2022-01-28,2585,2598.5,2564,2580,10465
2022-01-31,2580,2603.5,2580,2603.5,1966
2022-02-01,2609.5,2629.169921875,2597,2597,3742
2022-02-02,2624,2624.863037109375,2612,2623.75,260
2022-02-03,2604.5,2626.5,2604.5,2615,554
2022-02-04,2552.75,2552.75,2552.75,2552.75,0
2022-02-07,2559,2559,2538.5,2538.5,11
2022-02-08,2517.72509765625,2517.72509765625,2502.75,2502.75,156
2022-02-09,2554.5,2554.5,2553.5,2553.5,148
2022-02-10,2570.5,2571.25,2549.719970703125,2571.25,165
2022-02-11,2522.054931640625,2534.5,2522.054931640625,2534.5,1231
2022-02-14,2468.5,2506.5,2460.800048828125,2491.5,301
2022-02-15,2474.5,2527.25,2474.5,2527.25,19
2022-02-16,2551.5,2561.5,2551.324951171875,2561.5,49
2022-02-17,2539,2555.5,2528,2528,12
2022-02-18,2528.5,2551.5,2501.5,2501.5,371
2022-02-21,2512,2512,2453,2453,50
2022-02-22,2422,2490.5,2422,2472.75,12
2022-02-23,2490.5,2493.5,2466,2466,14
2022-02-24,2423.5,2423.5,2391.5,2409.25,604
2022-02-25,2427,2518.75,2427,2518.75,176
2022-02-28,2460.5,2530.5,2460.5,2530.5,10
2022-03-01,2502.5,2526.5,2470.25,2470.25,938
2022-03-02,2460.5,2496,2460.5,2488.75,2142
2022-03-03,2481,2481,2439.75,2439.75,762
2022-03-04,2379,2413.875,2358.25,2360.5,3245
2022-03-07,2284,2366,2249,2325.25,1857
2022-03-08,2334,2356,2291.093017578125,2336.5,1700
2022-03-09,2420,2461.75,2420,2461.75,906
2022-03-10,2453.5,2458.5,2449.25,2449.25,168
2022-03-11,2471.5,2517.22509765625,2466,2489.75,102
2022-03-14,2531.5,2535,2526,2535,6
2022-03-15,2519,2536,2503.25,2503.25,72
2022-03-16,2559,2583.60009765625,2559,2559.25,160
2022-03-17,2598.5,2598.5,2580,2596.5,2
2022-03-18,2570,2574.25,2568.675048828125,2574.25,2
2022-03-21,2569,2582.5,2543.5,2543.5,2100
2022-03-22,2542,2559.404052734375,2542,2552.25,5204
2022-03-23,2515.77490234375,2517,2492.75,2492.75,10
2022-03-24,2472.5,2475.75,2469,2475.75,27202
2022-03-25,2516.5,2516.5,2487.5,2512,953
2022-03-28,2523,2539.25,2502.5,2539.25,856
2022-03-29,2578.5,2599,2573.5,2599,998
2022-03-30,2594,2597.75,2588.634033203125,2597.75,3322
2022-03-31,2593,2612.22509765625,2575.25,2575.25,1707
2022-04-01,2581,2585,2577.5,2585,252
2022-04-04,2597,2597,2575.5,2580.5,4906
2022-04-05,2579,2583.25,2575,2583.25,1549
2022-04-06,2589.5,2596,2538,2538,99
2022-04-07,2527.5,2551.5,2523.75,2523.75,727
2022-04-08,2534,2541,2532.699951171875,2541,188
2022-04-11,2546,2561,2544,2544,2807
2022-04-12,2501.5,2501.5,2501.5,2501.5,0
2022-04-13,2485,2499.675048828125,2484,2486.5,295
2022-04-14,2490,2500.75,2476.5,2500.75,2309
2022-04-19,2484.5,2495,2464.25,2464.25,45
2022-04-20,2470.5,2482.25,2469.5,2473,449
2022-04-21,2495,2496.75,2495,2496.75,13
2022-04-22,2480,2500,2464.25,2464.25,1382
2022-04-25,2463,2463,2439,2446,418010
2022-04-26,2471.5,2471.5,2436,2445.75,2890
2022-04-27,2454,2454,2446.5,2446.5,394
2022-04-28,2466,2466,2450.25,2450.25,0
2022-04-29,2448,2452,2421.25,2421.25,721
2022-05-03,2379,2402,2356.5,2356.5,1001
2022-05-04,2350,2350,2309.5,2309.5,40595
2022-05-05,2354,2377.22509765625,2347,2347,180
2022-05-06,2323.5,2343.985107421875,2272.72509765625,2284.25,1228
2022-05-09,2216,2271.5,2200,2200,1052
2022-05-10,2218.5,2240.219970703125,2216.0439453125,2219.5,1845
2022-05-11,2220.5,2278.5,2220.5,2278.5,574
2022-05-12,2235.5,2262,2222.5,2251.5,1000
2022-05-13,2245.5,2285.5,2245.5,2280.25,126
2022-05-16,2307,2310.824951171875,2299,2303,235
2022-05-17,2314,2314,2310.5,2310.5,29
2022-05-18,2313.5,2335.77490234375,2313.5,2314.25,9
2022-05-19,2287.5,2296,2287.5,2289.25,34
2022-05-20,2313.5,2316.5,2311.5,2316.5,7721
2022-05-23,2340.5,2346.75,2324,2346.75,3224
2022-05-24,2341,2352.75,2335.25,2335.25,555
2022-05-25,2330,2348,2303,2309.5,2005
2022-05-26,2325,2335.75,2325,2335.75,8
2022-05-27,2346,2354.25,2344.625,2354.25,1109
2022-05-30,2382.5,2382.5,2368.5,2368.5,606
2022-05-31,2339.5,2349.883056640625,2339.5,2342.5,6499
2022-06-01,2350.5,2350.5,2309.25,2309.25,46
2022-06-06,2314,2331.5,2314,2324.5,1535
2022-06-07,2335.5,2335.5,2306.25,2306.25,3
2022-06-08,2306,2306,2297.5,2297.5,0
2022-06-09,2299,2299,2230.75,2230.75,11
2022-06-10,2189.5,2199.5,2177.406982421875,2193.75,19614
2022-06-13,2139,2180.5,2110,2110,1482
2022-06-14,2115.5,2116.5,2094.5,2106,1727
2022-06-15,2124.5,2124.5,2107,2119,1440
2022-06-16,2084,2084,2025.7249755859375,2035,7443
2022-06-17,2053.5,2094.5048828125,2051.178955078125,2087.25,3182
2022-06-20,2091,2110,2091,2097,3372
2022-06-21,2105,2112.5,2089.5,2091.5,7210
2022-06-22,2057,2098.5,2057,2098.5,670
2022-06-23,2091.5,2091.5,2033.5,2050.5,1336
2022-06-24,2089,2102.5,2089,2101.25,2526
2022-06-27,2115.5,2120.5,2105.175048828125,2119.25,1354
2022-06-28,2133.5,2141,2133.5,2135,5102
2022-06-29,2066,2102.5,2058.5,2072,822
2022-06-30,2040,2040,1993.4000244140625,2001.4000244140625,13312
2022-07-01,1986.4000244140625,2020,1985.5999755859375,2005,30360
2022-07-04,1967.4000244140625,1970,1950.4000244140625,1950.4000244140625,1729
2022-07-05,1970.5999755859375,1977.199951171875,1951,1957.4000244140625,9986
2022-07-06,1978.800048828125,2005,1978.800048828125,2005,7
2022-07-07,2014,2023.25,2009,2023.25,2029
2022-07-08,2023.5,2023.5,2006,2016.75,5
2022-07-11,2004.5,2005,1988.800048828125,2005,481
2022-07-12,2001.5,2016.75,1966.5999755859375,2016.75,7870
2022-07-13,2011,2031.5,2011,2020.75,2
2022-07-14,2004.5,2004.5,1955.800048828125,1982.0999755859375,277
2022-07-15,2004.5,2033.75,2004.5,2033.75,22
2022-07-18,2059.5,2059.5,2044.5,2052.75,46
2022-07-19,2058.5,2089.75,2057.5,2089.75,2
2022-07-20,2092,2112,2092,2096.75,40
2022-07-21,2104.75,2104.75,2104.75,2104.75,0
2022-07-22,2095,2182,2095,2182,3
2022-07-25,2182.5,2182.5,2149.25,2149.25,5
2022-07-26,2122.5,2122.5,2114.25,2114.25,3
2022-07-27,2113,2113,2097,2097,5
2022-07-28,2120.5,2142.5,2120.5,2142.5,1976
2022-07-29,2187.5,2187.5,2187.5,2187.5,0
2022-08-01,2173.5,2191.5,2160.75,2160.75,19592
2022-08-02,2165,2165,2133,2136.25,18741
2022-08-03,2146,2164.5,2146,2164.5,3759
2022-08-04,2169.5,2169.5,2149,2149.75,39
2022-08-05,2159,2159,2122.25,2122.25,5
2022-08-08,2130,2159,2130,2159,581
2022-08-09,2160.5,2160.5,2140.5,2140.5,18
2022-08-10,2140.5,2208.25,2137.580078125,2208.25,305
2022-08-11,2200.5,2214,2199.5,2201,11395
2022-08-12,2219,2234.5,2188.5,2226.75,645
2022-08-15,2230.5,2242.5,2220,2220.75,2038
2022-08-16,2209,2218,2191,2196.5,8006
2022-08-17,2197,2203,2138.5,2141,29081
2022-08-18,2155.5,2157,2155.5,2157,3738
2022-08-19,2161,2161,2115.25,2115.25,17
2022-08-22,2113.5,2113.5,2069,2071.75,18222
2022-08-23,2080,2080,2047,2047,6140
2022-08-24,2045.75,2045.75,2045.75,2045.75,0
2022-08-25,2043,2059.5,2038.5,2038.75,7959
2022-08-26,2034,2052,2002,2003.9000244140625,1007
2022-08-30,2016.5,2029.5,2008.25,2008.25,4875
2022-08-31,2016.5,2020,1998.719970703125,2016,1343
2022-09-01,1988.4000244140625,1988.4000244140625,1940.0999755859375,1940.0999755859375,6
2022-09-02,1948.4000244140625,1989.800048828125,1948.4000244140625,1989.800048828125,4140
2022-09-05,1967,1967.800048828125,1960.300048828125,1960.300048828125,26085
2022-09-06,1977.5999755859375,1977.5999755859375,1963.530029296875,1967.4000244140625,4620
2022-09-07,1968.199951171875,1979.4000244140625,1964.199951171875,1978.5999755859375,4532
2022-09-08,1947.199951171875,1961,1944.4000244140625,1959.300048828125,8677
2022-09-09,1985.4000244140625,1985.4000244140625,1985.4000244140625,1985.4000244140625,0
2022-09-12,2020,2029.25,2018.68505859375,2029.25,876
2022-09-13,2023.5,2023.5,1965,1965,10198
2022-09-14,1955.5999755859375,1958.5999755859375,1915,1920.0999755859375,2992
2022-09-15,1908.4000244140625,1916.199951171875,1907.4000244140625,1908.699951171875,1602
2022-09-16,1929.800048828125,1932.0999755859375,1929.800048828125,1932.0999755859375,1
2022-09-20,1915.4000244140625,1915.4000244140625,1823.791015625,1830.9000244140625,2451
2022-09-21,1826.800048828125,1840.199951171875,1826.800048828125,1838.0999755859375,5548
2022-09-22,1808.5999755859375,1808.5999755859375,1762.0999755859375,1762.0999755859375,12131
2022-09-23,1759.800048828125,1759.800048828125,1709.177001953125,1735.199951171875,5710
2022-09-26,1735.4000244140625,1747.199951171875,1688.800048828125,1688.800048828125,14312
2022-09-27,1688.800048828125,1691,1626.300048828125,1626.300048828125,5939
2022-09-28,1600,1682.0999755859375,1600,1682.0999755859375,7977
2022-09-29,1644.199951171875,1649.199951171875,1616.4000244140625,1632.5,5858
2022-09-30,1645.4000244140625,1706.0999755859375,1645.4000244140625,1706.0999755859375,91216
2022-10-03,1674.5999755859375,1711.199951171875,1671.199951171875,1706.5999755859375,15562
2022-10-04,1727.5999755859375,1727.5999755859375,1700.5550537109375,1715.800048828125,7681
2022-10-05,1702.800048828125,1702.800048828125,1648.4000244140625,1648.4000244140625,18150
2022-10-06,1659.199951171875,1667,1655.5999755859375,1663.5999755859375,14057
2022-10-07,1668.800048828125,1668.800048828125,1630.300048828125,1630.300048828125,8630
2022-10-10,1619,1639.4000244140625,1607.800048828125,1607.800048828125,1427
2022-10-11,1584,1602.199951171875,1584,1593.4000244140625,10800
2022-10-12,1570.5999755859375,1570.5999755859375,1556.800048828125,1562.0999755859375,489
2022-10-13,1560.800048828125,1562.5999755859375,1534.4000244140625,1547.9000244140625,3308
2022-10-14,1584,1608.699951171875,1583.5340576171875,1608.699951171875,654
2022-10-17,1609.4000244140625,1660,1609.4000244140625,1654.800048828125,2674
2022-10-18,1675.0999755859375,1681.4000244140625,1665.300048828125,1665.300048828125,34
2022-10-19,1619.800048828125,1648.800048828125,1619.800048828125,1621.9000244140625,10175
2022-10-20,1628.5999755859375,1646.9000244140625,1628.5999755859375,1646.9000244140625,2782
2022-10-21,1656.800048828125,1656.800048828125,1632.5999755859375,1632.5999755859375,2557
2022-10-24,1632.199951171875,1655,1632.199951171875,1655,3660
2022-10-25,1642.8599853515625,1720.800048828125,1639.199951171875,1720.800048828125,1163
2022-10-26,1712.800048828125,1725.800048828125,1710,1719.9000244140625,15378
2022-10-27,1733.199951171875,1752.6600341796875,1714.989990234375,1752.5999755859375,1615
2022-10-28,1711.199951171875,1743.800048828125,1711.199951171875,1712.5,2717
2022-10-31,1724,1724,1709.0009765625,1723.5999755859375,2687
2022-11-01,1768,1788.5999755859375,1758,1768.5,4988
2022-11-02,1748.199951171875,1773.800048828125,1735.0400390625,1744.300048828125,3136
2022-11-03,1721.800048828125,1734,1709,1717.5,10650
2022-11-04,1726.199951171875,1776,1726.199951171875,1766.300048828125,8948
2022-11-07,1767.199951171875,1785,1764.300048828125,1769.699951171875,1414
2022-11-08,1775.4000244140625,1776.5999755859375,1775.4000244140625,1776.5999755859375,13
2022-11-09,1780.4000244140625,1804.5,1770.800048828125,1804.5,2
2022-11-10,1797.4000244140625,1890,1764.303955078125,1885.300048828125,10005
2022-11-11,1913.800048828125,1951.4000244140625,1903.5999755859375,1916.300048828125,2918
2022-11-14,1890.5999755859375,1923.5999755859375,1887,1897.4000244140625,377
2022-11-15,1898.199951171875,1903.199951171875,1881.5999755859375,1881.5999755859375,2170
2022-11-16,1836.199951171875,1844.0999755859375,1828,1844.0999755859375,297
2022-11-17,1825.800048828125,1849,1815.5999755859375,1830.5999755859375,2715
2022-11-18,1833.199951171875,1841.4000244140625,1830.5999755859375,1841.4000244140625,663
2022-11-21,1835.4000244140625,1845.4000244140625,1835.4000244140625,1839.4000244140625,3
2022-11-22,1825.800048828125,1827.300048828125,1825.800048828125,1827.300048828125,9
2022-11-23,1840.5999755859375,1840.5999755859375,1807.0999755859375,1807.0999755859375,2390
2022-11-24,1822.199951171875,1866.4000244140625,1822.199951171875,1850.0999755859375,1737
2022-11-25,1831.800048828125,1836.199951171875,1831.800048828125,1836.199951171875,427
2022-11-28,1834.5999755859375,1843.199951171875,1819.0999755859375,1819.0999755859375,2523
2022-11-29,1823.4000244140625,1823.4000244140625,1802.800048828125,1802.800048828125,1407
2022-11-30,1797.199951171875,1821.5999755859375,1779.4000244140625,1779.4000244140625,54
2022-12-01,1807.5999755859375,1877,1772.800048828125,1777.9000244140625,3501
2022-12-02,1783.199951171875,1818.5999755859375,1783.199951171875,1803.0999755859375,1306
2022-12-05,1815,1826.404052734375,1815,1823.9000244140625,1445
2022-12-06,1820.800048828125,1820.800048828125,1805.06005859375,1807.5,187
2022-12-07,1800,1802.800048828125,1798.5999755859375,1798.5999755859375,1446
2022-12-08,1810.5999755859375,1810.5999755859375,1793.4000244140625,1798.5999755859375,20
2022-12-09,1789.4000244140625,1807.4000244140625,1789.4000244140625,1803.0999755859375,2808
2022-12-12,1800.5999755859375,1811.800048828125,1784.300048828125,1784.300048828125,7214
2022-12-13,1854.199951171875,1863,1816.800048828125,1833.5999755859375,4937
2022-12-14,1859.0999755859375,1859.0999755859375,1859.0999755859375,1859.0999755859375,0
2022-12-15,1857.4000244140625,1857.4000244140625,1839.4000244140625,1839.4000244140625,748
2022-12-16,1834.510009765625,1834.510009765625,1758.199951171875,1758.199951171875,51
2022-12-19,1757,1758.4000244140625,1753.199951171875,1753.199951171875,4511
2022-12-20,1725,1725,1725,1725,0
2022-12-21,1751.5999755859375,1775.699951171875,1751.5999755859375,1775.699951171875,9228
2022-12-22,1765.5999755859375,1765.5999755859375,1765.5,1765.5,9
2022-12-23,1787.800048828125,1793,1768.1199951171875,1781.300048828125,142
2022-12-28,1786.199951171875,1791.800048828125,1775.5999755859375,1788.199951171875,4201
2022-12-29,1783,1814,1783,1812.300048828125,6604
2022-12-30,1811.199951171875,1817.199951171875,1809.5999755859375,1809.5999755859375,3447
2023-01-03,1851.5999755859375,1858,1823.5999755859375,1850.5,5989
2023-01-04,1872.4000244140625,1895.800048828125,1872.4000244140625,1889.0999755859375,1166
2023-01-05,1901,1906.800048828125,1871.5,1871.5,21006
2023-01-06,1870.4000244140625,1876.800048828125,1870.4000244140625,1875.9000244140625,8
2023-01-09,1869.4000244140625,1904.699951171875,1868.199951171875,1904.699951171875,7525
2023-01-10,1896,1896,1888.699951171875,1888.699951171875,101
2023-01-11,1920.800048828125,1953.0999755859375,1890.4000244140625,1953.0999755859375,1775
2023-01-12,1973.800048828125,1992,1946.199951171875,1990.5999755859375,14428
2023-01-13,2017.5,2068.5,1980.5999755859375,1980.5999755859375,4982
2023-01-16,1979,2031.5,1979,2025,649
2023-01-17,2025,2025,2003.6500244140625,2003.6500244140625,2295
2023-01-18,1988.4000244140625,2009.5,1971.4000244140625,1971.4000244140625,2970
2023-01-19,1960.4000244140625,1960.4000244140625,1931,1931,7045
2023-01-20,1954.5999755859375,1957.6800537109375,1939.800048828125,1939.800048828125,320
2023-01-23,1959,1970.5999755859375,1958.199951171875,1967,41798
2023-01-24,1976.5999755859375,1978.5999755859375,1968.5999755859375,1978.199951171875,1064
2023-01-25,1970.800048828125,1971.199951171875,1967.7679443359375,1970,3601
2023-01-26,1968.4000244140625,1974.5999755859375,1962.5,1962.5,124033
2023-01-27,1965.5999755859375,1978.9000244140625,1965.5999755859375,1978.9000244140625,4466
2023-01-30,1953,1982.199951171875,1952.800048828125,1962.5,2492
2023-01-31,1953.199951171875,1953.800048828125,1946.300048828125,1946.300048828125,3522
2023-02-01,1964.5999755859375,1964.5999755859375,1954.739990234375,1961.199951171875,258
2023-02-02,2081.5,2090,1982.4000244140625,2090,5654
2023-02-03,2073.5,2073.5,2058.824951171875,2065.25,5028
2023-02-06,2015,2060,2015,2019.5,372
2023-02-07,2005.5,2015,1988.3800048828125,1991.300048828125,1196
2023-02-08,2004.5,2030,2004.5,2006.25,1145
2023-02-09,1997.199951171875,2000.1500244140625,1997.199951171875,2000.1500244140625,533
2023-02-10,2002.5,2003.4010009765625,1978.5999755859375,1981.0999755859375,1117
2023-02-13,1986,2002.5,1983.199951171875,1984.300048828125,2588
2023-02-14,1911.4000244140625,2069.5,1911.4000244140625,1983.9000244140625,1
2023-02-15,1974.199951171875,1981,1974.199951171875,1978.199951171875,20
2023-02-16,1974,1974,1967.0999755859375,1967.0999755859375,17
2023-02-17,1993,2029.5,1934.800048828125,1970.699951171875,255
2023-02-20,1966,1992.4000244140625,1966,1967.5999755859375,115
2023-02-21,1959.800048828125,1959.800048828125,1919.699951171875,1919.699951171875,600
2023-02-22,1887.5999755859375,1901.9000244140625,1887.5999755859375,1901.9000244140625,3980
2023-02-23,1914.800048828125,1919.800048828125,1914.800048828125,1919.800048828125,18
2023-02-24,1924.199951171875,1924.885986328125,1893.199951171875,1898.5999755859375,1978
2023-02-27,1913.800048828125,1915.699951171875,1890,1915.699951171875,15
2023-02-28,1904,1910.9000244140625,1904,1910.9000244140625,5
2023-03-01,1893.4000244140625,1902.2779541015625,1875.800048828125,1875.800048828125,9402
2023-03-02,1862.5999755859375,1882,1862.5999755859375,1882,1074
2023-03-03,1898.33203125,1898.33203125,1894.02001953125,1895.0999755859375,301
2023-03-06,1919,1933.800048828125,1901.800048828125,1923.300048828125,160
2023-03-07,1894.4000244140625,1941.4000244140625,1894.4000244140625,1898.199951171875,447
2023-03-08,1895.199951171875,1895.199951171875,1872.199951171875,1875.9000244140625,15
2023-03-09,1900.4000244140625,1900.4000244140625,1807.800048828125,1815.0999755859375,2202
2023-03-10,1777.199951171875,1781.18994140625,1765,1774.9000244140625,7417
2023-03-13,1744.5999755859375,1796.800048828125,1744.5999755859375,1772.5999755859375,1802
2023-03-14,1814.199951171875,1814.199951171875,1803.4000244140625,1803.4000244140625,193
2023-03-15,1826.4000244140625,1826.4000244140625,1748.800048828125,1775.5999755859375,25
2023-03-16,1747.5999755859375,1804.199951171875,1747.5999755859375,1756.300048828125,50
2023-03-17,1763.800048828125,1763.800048828125,1718.9339599609375,1724.0999755859375,1884
2023-03-20,1703.5999755859375,1733.0999755859375,1703.5999755859375,1733.0999755859375,8497
2023-03-21,1743.4000244140625,1744.5999755859375,1731.5999755859375,1741.800048828125,936
2023-03-22,1693.800048828125,1693.800048828125,1675.199951171875,1675.5999755859375,2696
2023-03-23,1665.4000244140625,1679.800048828125,1663.5999755859375,1677.800048828125,23623
2023-03-24,1650.199951171875,1666,1627.199951171875,1630.0999755859375,1803
2023-03-27,1629.199951171875,1645,1628,1631.199951171875,24261
2023-03-28,1639.4000244140625,1639.4000244140625,1588.5999755859375,1593.4000244140625,50658
2023-03-29,1592.199951171875,1635.4000244140625,1592.199951171875,1634.800048828125,7739
2023-03-30,1690.4000244140625,1692.9000244140625,1688.5999755859375,1692.9000244140625,8537
2023-03-31,1687.800048828125,1706,1681.5999755859375,1696.699951171875,4316
2023-04-03,1705.5999755859375,1720,1696.800048828125,1699.699951171875,5336
2023-04-04,1691.5999755859375,1716,1691.5999755859375,1705.9000244140625,4615
2023-04-05,1667,1677.947998046875,1664.5999755859375,1668.5999755859375,1834
2023-04-06,1683.4000244140625,1717.0999755859375,1678.199951171875,1717.0999755859375,6654
2023-04-11,1741.5999755859375,1741.5999755859375,1732.199951171875,1732.199951171875,1361
2023-04-12,1743.199951171875,1776.345947265625,1727.4000244140625,1754.5999755859375,7996
2023-04-13,1757.4000244140625,1757.4000244140625,1747.199951171875,1753.199951171875,18632
2023-04-14,1794,1805.800048828125,1756,1788.699951171875,10504
2023-04-17,1780.199951171875,1798.4000244140625,1780.199951171875,1797.5999755859375,65
2023-04-18,1794.800048828125,1795.4000244140625,1785.4000244140625,1785.4000244140625,772
2023-04-19,1756.4000244140625,1764.300048828125,1756.4000244140625,1764.300048828125,43
2023-04-20,1783.5999755859375,1783.5999755859375,1760.5,1760.5,11
2023-04-21,1760.4000244140625,1771.5999755859375,1760.4000244140625,1771.5999755859375,443
2023-04-24,1770.199951171875,1772.4000244140625,1760.4000244140625,1769.199951171875,10923
2023-04-25,1748.4000244140625,1753.5,1738.5999755859375,1753.5,784
2023-04-26,1747.5999755859375,1761.9000244140625,1747.199951171875,1761.9000244140625,1133
2023-04-27,1765.199951171875,1780.800048828125,1758.800048828125,1772.0999755859375,2544
2023-04-28,1798.4000244140625,1806.4000244140625,1767.4000244140625,1794.800048828125,2012
2023-05-02,1770.4000244140625,1798.5999755859375,1751.5999755859375,1751.5999755859375,18003
2023-05-03,1775,1775,1753.4000244140625,1753.4000244140625,8
2023-05-04,1714,1742.699951171875,1714,1742.699951171875,1035
2023-05-05,1751.5999755859375,1756,1751.5999755859375,1755.0999755859375,115
2023-05-09,1736.800048828125,1736.800048828125,1695.0999755859375,1695.0999755859375,9
2023-05-10,1696,1704.9000244140625,1696,1704.9000244140625,2001
2023-05-11,1705.4000244140625,1712.9000244140625,1705.4000244140625,1712.9000244140625,150
2023-05-12,1705.4000244140625,1705.4000244140625,1685.5999755859375,1685.5999755859375,4121
2023-05-15,1686.4000244140625,1718.199951171875,1686.4000244140625,1712.5999755859375,15014
2023-05-16,1715.4000244140625,1724.800048828125,1705.199951171875,1708.9000244140625,964
2023-05-17,1691.199951171875,1695.4000244140625,1691.199951171875,1693.5999755859375,375
2023-05-18,1703,1703,1677.4000244140625,1678.5,11
2023-05-19,1680.800048828125,1683.4000244140625,1678.5999755859375,1683.199951171875,19
2023-05-22,1687,1693.199951171875,1687,1690.800048828125,87
2023-05-23,1697.199951171875,1721.4000244140625,1697.199951171875,1718.4000244140625,7003
2023-05-24,1679.5999755859375,1694.4000244140625,1678.300048828125,1678.300048828125,775
2023-05-25,1665.199951171875,1665.199951171875,1656.5,1656.5,7
2023-05-26,1653.4000244140625,1653.4000244140625,1647,1647,92
2023-05-30,1651.5999755859375,1656.4539794921875,1638.800048828125,1638.800048828125,2772
2023-05-31,1629,1630,1629,1630,5
2023-06-01,1624.199951171875,1631.199951171875,1624.199951171875,1630.5,265
2023-06-02,1694,1696.4000244140625,1659.5999755859375,1696.4000244140625,596
2023-06-05,1709,1726,1702.1800537109375,1703.5,86
2023-06-06,1709.800048828125,1711.4000244140625,1693.800048828125,1711.4000244140625,59
2023-06-07,1710.199951171875,1720.4000244140625,1709.5999755859375,1713.199951171875,233
2023-06-08,1702.4000244140625,1708.199951171875,1699.0999755859375,1699.0999755859375,7
2023-06-09,1704.800048828125,1710,1703,1706,14841
2023-06-12,1713.4000244140625,1713.4000244140625,1693.9000244140625,1693.9000244140625,11
2023-06-13,1679.5999755859375,1679.5999755859375,1666.800048828125,1669.4000244140625,97
2023-06-14,1688.5999755859375,1688.5999755859375,1674.4000244140625,1677.5999755859375,847
2023-06-15,1677.5999755859375,1677.5999755859375,1664.5,1664.5,1126
2023-06-16,1673.199951171875,1678.4000244140625,1650.199951171875,1666,2955
2023-06-19,1650,1660.800048828125,1634,1635.4000244140625,449
2023-06-20,1627.4000244140625,1639.5999755859375,1616.199951171875,1625.9000244140625,1615
2023-06-21,1616,1616,1596.199951171875,1608.699951171875,3668
2023-06-22,1602.5999755859375,1602.5999755859375,1590.0999755859375,1590.0999755859375,499
2023-06-23,1579.800048828125,1588.5999755859375,1560.5999755859375,1560.5999755859375,295
2023-06-26,1551.5999755859375,1574.800048828125,1551.126953125,1563.199951171875,4474
2023-06-27,1572.5999755859375,1572.5999755859375,1569.0999755859375,1569.0999755859375,94
2023-06-28,1580.800048828125,1604.800048828125,1580.800048828125,1604.800048828125,318
2023-06-29,1610.4000244140625,1610.4000244140625,1586.5999755859375,1586.5999755859375,13
2023-06-30,1601.199951171875,1611.5999755859375,1586.199951171875,1603.5,1652
2023-07-03,1617.4000244140625,1629.800048828125,1607.800048828125,1629.800048828125,47
2023-07-04,1669.5999755859375,1674.4000244140625,1629,1669.5,34986
2023-07-05,1659,1720,1659,1663.699951171875,2649
2023-07-06,1633.5999755859375,1635.199951171875,1599,1600.5,4895
2023-07-07,1602.800048828125,1609,1594,1604.9000244140625,238
2023-07-10,1598,1603,1596.5999755859375,1596.699951171875,4175
2023-07-11,1604.800048828125,1720,1593.800048828125,1630.800048828125,6793
2023-07-12,1655.800048828125,1688,1633,1688,2140
2023-07-13,1691.199951171875,1692,1687.800048828125,1689.5999755859375,29799
2023-07-14,1684.800048828125,1684.800048828125,1683.199951171875,1683.800048828125,2408
2023-07-17,1684,1684,1667.300048828125,1667.300048828125,23
2023-07-18,1689,1689,1689,1689,0
2023-07-19,1720,1776,1702.5999755859375,1773.699951171875,266
2023-07-20,1794.5999755859375,1800,1768.5,1768.5,277
2023-07-21,1769.199951171875,1771,1762.800048828125,1764.800048828125,2571
2023-07-24,1757.4000244140625,1778.4000244140625,1755.800048828125,1757.0999755859375,835
2023-07-25,1751.5999755859375,1757.800048828125,1750,1750,920
2023-07-26,1745.199951171875,1757.4000244140625,1735.199951171875,1754.300048828125,282
2023-07-27,1768.5999755859375,1769.800048828125,1750.9000244140625,1750.9000244140625,235
2023-07-28,1734.5999755859375,1740.5999755859375,1734.5999755859375,1738.5999755859375,361
2023-07-31,1735.5999755859375,1756,1719.4000244140625,1745.800048828125,689
2023-08-01,1721.199951171875,1732.800048828125,1720.364013671875,1726.0999755859375,733
2023-08-02,1703,1720.5999755859375,1703,1705.800048828125,631
2023-08-03,1722.800048828125,1722.800048828125,1701,1711.4000244140625,506
2023-08-04,1726.4000244140625,1730,1700.5999755859375,1727.4000244140625,69
2023-08-07,1710,1713.4000244140625,1710,1711.699951171875,474
2023-08-08,1714.800048828125,1714.800048828125,1707.4000244140625,1707.4000244140625,39
2023-08-09,1723.4000244140625,1728.4000244140625,1720,1723.800048828125,295
2023-08-10,1750,1766.4000244140625,1750,1758.699951171875,62
2023-08-11,1722.800048828125,1723,1716,1716,23
2023-08-14,1704.4000244140625,1720,1702.5999755859375,1708.0999755859375,746
2023-08-15,1715.4000244140625,1715.4000244140625,1684.199951171875,1687.199951171875,13
2023-08-16,1695.5999755859375,1695.5999755859375,1657.4000244140625,1683.4000244140625,1473
2023-08-17,1674.4000244140625,1676,1655,1655,119
2023-08-18,1626.800048828125,1644,1626,1631.300048828125,3303
2023-08-21,1628.800048828125,1628.800048828125,1600.9000244140625,1600.9000244140625,45
2023-08-22,1607,1628.199951171875,1607,1626.199951171875,7509
2023-08-23,1662.199951171875,1662.199951171875,1662.199951171875,1662.199951171875,0
2023-08-24,1662.199951171875,1667,1661.800048828125,1667,39
2023-08-25,1664.5999755859375,1664.5999755859375,1664.5999755859375,1664.5999755859375,0
2023-08-29,1689.4000244140625,1707.199951171875,1689.4000244140625,1700.9000244140625,408
2023-08-30,1712,1712,1700.5999755859375,1705.4000244140625,47
2023-08-31,1718.5999755859375,1729.5999755859375,1718.5999755859375,1729.5999755859375,42
2023-09-01,1705.5,1705.5,1705.5,1705.5,0
2023-09-04,1695.4000244140625,1708.199951171875,1695.4000244140625,1699.199951171875,1579
2023-09-05,1696.5999755859375,1707.800048828125,1691.0999755859375,1691.0999755859375,201
2023-09-06,1699.7139892578125,1709.199951171875,1699.7139892578125,1709.199951171875,297
2023-09-07,1706.5999755859375,1706.5999755859375,1700.5,1700.5,10
2023-09-08,1702.4000244140625,1702.4000244140625,1697.9739990234375,1700.5999755859375,1869
2023-09-11,1715.800048828125,1719.0999755859375,1714,1719.0999755859375,594
2023-09-12,1706,1723.199951171875,1704.800048828125,1704.800048828125,19
2023-09-13,1713.800048828125,1713.800048828125,1708.5999755859375,1712.300048828125,372
2023-09-14,1729.4000244140625,1757,1715.14404296875,1757,1071
2023-09-15,1735,1739.4000244140625,1732.199951171875,1736.5,131
2023-09-18,1711.800048828125,1733.800048828125,1693.5999755859375,1693.5999755859375,2087
2023-09-19,1705.4000244140625,1710.800048828125,1705.4000244140625,1709.199951171875,362
2023-09-20,1740,1751.199951171875,1740,1751.0999755859375,30
2023-09-21,1730,1734.800048828125,1730,1734.800048828125,590
2023-09-22,1712,1738.5999755859375,1712,1729,268
2023-09-25,1698.5999755859375,1728.199951171875,1698.5999755859375,1715.0999755859375,1246
2023-09-26,1688,1691.800048828125,1685.47705078125,1688.300048828125,1115
2023-09-27,1669.4000244140625,1685,1647.800048828125,1647.800048828125,1247
2023-09-28,1664.199951171875,1664.199951171875,1633.4000244140625,1637.699951171875,1537
2023-09-29,1663.4000244140625,1697.5999755859375,1663.4000244140625,1688.5999755859375,513
2023-10-02,1694.800048828125,1694.800048828125,1667.4000244140625,1667.4000244140625,18
2023-10-03,1651.199951171875,1668.800048828125,1628.8499755859375,1629.199951171875,237
2023-10-04,1627,1647.0240478515625,1627,1628.9000244140625,29
2023-10-05,1643.199951171875,1643.199951171875,1630.5999755859375,1638.199951171875,491
2023-10-06,1628.5999755859375,1653.800048828125,1628.5999755859375,1651.5999755859375,29
2023-10-09,1642.5999755859375,1671.4000244140625,1642.5999755859375,1647.0999755859375,118
2023-10-10,1674.5999755859375,1687.800048828125,1674.5999755859375,1682.0999755859375,802
2023-10-11,1683,1694,1679,1690.4000244140625,23038
2023-10-12,1702,1717.199951171875,1677.199951171875,1680.0999755859375,595
2023-10-13,1671.199951171875,1672,1652.5,1652.5,644
2023-10-16,1652.199951171875,1673.4000244140625,1645,1658.4000244140625,273
2023-10-17,1655.5999755859375,1662,1655.5999755859375,1656.5999755859375,337
2023-10-18,1642,1650.800048828125,1621.4000244140625,1621.5,607
2023-10-19,1594.800048828125,1618,1594.800048828125,1594.800048828125,722
2023-10-20,1567.4000244140625,1613,1567.4000244140625,1593.800048828125,111
2023-10-23,1566.800048828125,1582.300048828125,1566.800048828125,1582.300048828125,206
2023-10-24,1590.4000244140625,1597.800048828125,1590.4000244140625,1597.300048828125,3093
2023-10-25,1574.199951171875,1574.199951171875,1569.9000244140625,1569.9000244140625,323
2023-10-26,1564,1575.199951171875,1558.800048828125,1567.800048828125,590
2023-10-27,1595.800048828125,1596.800048828125,1585.800048828125,1587.4000244140625,874
2023-10-30,1598,1611.5999755859375,1581.199951171875,1595.199951171875,5015
2023-10-31,1625.800048828125,1638.5999755859375,1625.550048828125,1632.300048828125,1464
2023-11-01,1628,1642,1624.2939453125,1642,1511
2023-11-02,1733.199951171875,1741.5999755859375,1681.5999755859375,1735.5,14230
2023-11-03,1770,1786.5999755859375,1767.4000244140625,1779.5999755859375,8187
2023-11-06,1754.5999755859375,1789.800048828125,1731.9000244140625,1731.9000244140625,2121
2023-11-07,1741.5999755859375,1741.800048828125,1738.800048828125,1741.800048828125,293
2023-11-08,1732.199951171875,1741.5999755859375,1732.199951171875,1732.4000244140625,592
2023-11-09,1757.5999755859375,1766.5,1748,1766.5,111
2023-11-10,1741.916015625,1747.4000244140625,1741.916015625,1747.4000244140625,13
2023-11-13,1746.199951171875,1754.6099853515625,1742.199951171875,1742.199951171875,589
2023-11-14,1748,1852.0999755859375,1748,1852.0999755859375,1571
2023-11-15,1871.4000244140625,1881.199951171875,1836.300048828125,1836.300048828125,1255
2023-11-16,1825,1836.199951171875,1816.800048828125,1816.800048828125,155088
2023-11-17,1852.4000244140625,1854.4000244140625,1833.4000244140625,1850.0999755859375,14445
2023-11-20,1842.5999755859375,1857,1842.5999755859375,1857,4506
2023-11-21,1848.199951171875,1848.199951171875,1814.9000244140625,1814.9000244140625,152
2023-11-22,1835.800048828125,1840.0999755859375,1835.800048828125,1840.0999755859375,112203
2023-11-23,1839.5999755859375,1849.199951171875,1838,1838,339
2023-11-24,1831,1831,1828.9000244140625,1828.9000244140625,68
2023-11-27,1823,1845,1823,1845,13
2023-11-28,1821,1834.300048828125,1821,1834.300048828125,892
2023-11-29,1860.5999755859375,1864.4000244140625,1856.199951171875,1856.199951171875,326
2023-11-30,1857,1857,1843.199951171875,1843.199951171875,4712
2023-12-01,1845.5999755859375,1871.9000244140625,1841.5999755859375,1871.9000244140625,1159
2023-12-04,1846.4000244140625,1884,1846.4000244140625,1872.300048828125,2796
2023-12-05,1918.199951171875,1918.800048828125,1861.4000244140625,1904.0999755859375,7972
2023-12-06,1891.800048828125,1925.300048828125,1891.800048828125,1925.300048828125,177
2023-12-07,1936.199951171875,1936.199951171875,1910.4000244140625,1919.300048828125,8786
2023-12-08,1896,1918.800048828125,1896,1901.4000244140625,186
2023-12-11,1899,1923.4000244140625,1888.199951171875,1910.5,35773
2023-12-12,1897.199951171875,1920.199951171875,1894.9000244140625,1894.9000244140625,1955
2023-12-13,1906.5999755859375,1917,1906.5999755859375,1916.300048828125,519
2023-12-14,2013,2027,1958.800048828125,2020.75,16605
2023-12-15,2028,2029,1996.4000244140625,2002.75,2093
2023-12-18,1973.4000244140625,2002.5,1973.4000244140625,1999.550048828125,14725
2023-12-19,2020,2027,2007,2010.5,41508
2023-12-20,2032.5,2061.5,2024.5,2048.5,154
2023-12-21,2003,2033.75,2003,2033.75,65
2023-12-22,2000.5,2035,2000.5,2035,17
2023-12-27,1999,2066.5,1999,2060.5,118312
2023-12-28,2069,2070,2057,2060.75,299
2023-12-29,2054.5,2054.5,2051.75,2051.75,2790
2024-01-02,2050,2056.5,2022,2022,761
2024-01-03,2011,2011,1977.4000244140625,1982.5,3345
2024-01-04,1985,2001.904052734375,1982.199951171875,1991.699951171875,19401
2024-01-05,1957.4000244140625,1980.9599609375,1957.4000244140625,1974.5999755859375,3072
2024-01-08,1977.199951171875,1980.0999755859375,1941.092041015625,1980.0999755859375,174
2024-01-09,1961.4000244140625,1966.300048828125,1961.4000244140625,1966.300048828125,760
2024-01-10,1988.4000244140625,1988.4000244140625,1977.300048828125,1977.300048828125,1402
2024-01-11,1965.5999755859375,1965.5999755859375,1948.199951171875,1949,2350
2024-01-12,1974.0999755859375,1974.0999755859375,1974.0999755859375,1974.0999755859375,0
2024-01-15,1958.4000244140625,1958.4000244140625,1958,1958,1109
2024-01-16,1956.800048828125,1959,1937,1942.199951171875,10475
2024-01-17,1942,1942,1876.199951171875,1885.800048828125,1162
2024-01-18,1879.199951171875,1916,1879.199951171875,1881.199951171875,644
2024-01-19,1883.199951171875,1883.199951171875,1882.800048828125,1883,111
2024-01-22,1913.199951171875,1926.4000244140625,1887.800048828125,1898.4000244140625,3276
2024-01-23,1879.199951171875,1887.97998046875,1873.199951171875,1873.199951171875,4128
2024-01-24,1887.800048828125,1906,1887.800048828125,1906,1154
2024-01-25,1904.5999755859375,1909.4000244140625,1904.5999755859375,1909.4000244140625,1755
2024-01-26,1923.800048828125,1923.800048828125,1887,1921.800048828125,142
2024-01-29,1924.199951171875,1937.5999755859375,1913.2139892578125,1937.5999755859375,957
2024-01-30,1944.5999755859375,1944.5999755859375,1939.5999755859375,1941.699951171875,501
2024-01-31,1947.5999755859375,1955.699951171875,1947.5999755859375,1955.699951171875,19
2024-02-01,1941,1941,1914.4000244140625,1914.4000244140625,178
2024-02-02,1938.5999755859375,1942.5999755859375,1902.5999755859375,1902.5999755859375,81
2024-02-05,1886.5999755859375,1926,1886.5999755859375,1888.5,1210
2024-02-06,1886.5999755859375,1891.0260009765625,1877.800048828125,1889.199951171875,188
2024-02-07,1878,1893.02197265625,1874.4000244140625,1874.4000244140625,388
2024-02-08,1873.800048828125,1879,1871.4000244140625,1871.4000244140625,970
2024-02-09,1875.4000244140625,1900.5999755859375,1844.199951171875,1844.199951171875,125495
2024-02-12,1869.800048828125,1881,1857.010009765625,1873.199951171875,7342
2024-02-13,1860.800048828125,1863.4000244140625,1820.199951171875,1821.800048828125,1114
2024-02-14,1821.5999755859375,1830.0999755859375,1821.5999755859375,1830.0999755859375,28
2024-02-15,1843.800048828125,1866.5999755859375,1843.800048828125,1862.4000244140625,9905
2024-02-16,1857.199951171875,1862.4000244140625,1841.199951171875,1862.4000244140625,1316
2024-02-19,1867.5999755859375,1870.4000244140625,1862.800048828125,1867.300048828125,468
2024-02-20,1854.199951171875,1857.800048828125,1854.199951171875,1857.800048828125,5781
2024-02-21,1848.5999755859375,1869.5999755859375,1847.5999755859375,1847.5999755859375,193
2024-02-22,1855,1858.5999755859375,1855,1858.5999755859375,12568
2024-02-23,1854.5999755859375,1857.800048828125,1844.199951171875,1845.4000244140625,235
2024-02-26,1834,1869.4000244140625,1832.800048828125,1834,2466
2024-02-27,1838.5360107421875,1838.5360107421875,1834,1834,14688
2024-02-28,1808.199951171875,1808.199951171875,1782.4000244140625,1800.199951171875,2128
2024-02-29,1811.5999755859375,1817.199951171875,1804.800048828125,1804.800048828125,979
2024-03-01,1814.800048828125,1842.800048828125,1814.800048828125,1839.800048828125,5091
2024-03-04,1837.5999755859375,1867.5999755859375,1817,1821.800048828125,19608
2024-03-05,1822.3580322265625,1822.3580322265625,1818.800048828125,1818.800048828125,3053
2024-03-06,1843.4000244140625,1846.738037109375,1825.800048828125,1825.800048828125,1115
2024-03-07,1837.199951171875,1850,1803.5999755859375,1850,104
2024-03-08,1879.199951171875,1880.699951171875,1879.199951171875,1880.699951171875,1844
2024-03-11,1902,1902,1849.5999755859375,1894,5691
2024-03-12,1878.4000244140625,1903.4000244140625,1877.800048828125,1878.0999755859375,2410
2024-03-13,1883.27001953125,1883.27001953125,1882.300048828125,1882.300048828125,146
2024-03-14,1868.0999755859375,1868.0999755859375,1868.0999755859375,1868.0999755859375,0
2024-03-15,1844.199951171875,1844.199951171875,1838.0999755859375,1838.0999755859375,69
2024-03-18,1861.4000244140625,1861.4000244140625,1848,1848.5,2429
2024-03-19,1843.199951171875,1857.699951171875,1843.199951171875,1857.699951171875,197
2024-03-20,1858.800048828125,1870.300048828125,1858.800048828125,1870.300048828125,4140
2024-03-21,1915.199951171875,1915.199951171875,1913.5999755859375,1913.5999755859375,2362
2024-03-22,1932.9000244140625,1932.9000244140625,1932.9000244140625,1932.9000244140625,0
2024-03-25,1933,1933,1921.4000244140625,1930.5999755859375,178
2024-03-26,1927.5999755859375,1940.199951171875,1927.5999755859375,1940.199951171875,3997
2024-03-27,1930.4000244140625,1948.0999755859375,1930.4000244140625,1948.0999755859375,65
2024-03-28,1957.4000244140625,1977.199951171875,1954.9239501953125,1957.4000244140625,695
2024-04-02,1942.199951171875,1949.053955078125,1918.4000244140625,1918.4000244140625,4522
2024-04-03,1902.199951171875,1918.6939697265625,1902.199951171875,1912.9000244140625,1905
2024-04-04,1921.199951171875,1921.199951171875,1921.199951171875,1921.199951171875,0
2024-04-05,1904.4000244140625,1925.199951171875,1898,1899.4000244140625,8395
2024-04-08,1903.800048828125,1919.300048828125,1901,1919.300048828125,5613
2024-04-09,1904,1905.4000244140625,1899,1905.4000244140625,11261
2024-04-10,1917.800048828125,1917.800048828125,1872.5999755859375,1872.5999755859375,5532
2024-04-11,1859.800048828125,1882,1859.800048828125,1873.199951171875,10147
2024-04-12,1886.800048828125,1886.800048828125,1867.4000244140625,1874.5,2288
2024-04-15,1851.5999755859375,1883.4000244140625,1851.5999755859375,1869.5999755859375,7512
2024-04-16,1846,1846,1841.2900390625,1843.4000244140625,432
2024-04-17,1836.199951171875,1850.800048828125,1836.199951171875,1838.5999755859375,12274
2024-04-18,1853.199951171875,1864,1851.5999755859375,1863.199951171875,36474
2024-04-19,1860,1878.800048828125,1858,1878.800048828125,82220
2024-04-22,1902.5999755859375,1910,1902.5999755859375,1905.800048828125,161
2024-04-23,1905.5999755859375,1920.800048828125,1905.5999755859375,1920.800048828125,834
2024-04-24,1915.800048828125,1915.800048828125,1882.9000244140625,1882.9000244140625,14705
2024-04-25,1870,1879.9300537109375,1858.5999755859375,1866.5999755859375,1271
2024-04-26,1893.5999755859375,1900.4000244140625,1885.199951171875,1898.5999755859375,3029
2024-04-29,1916.199951171875,1930.199951171875,1905.5999755859375,1913.199951171875,2657
2024-04-30,1930.4000244140625,1932.251953125,1914.800048828125,1917.800048828125,383
2024-05-01,1918,1929.5999755859375,1915.43994140625,1915.5999755859375,6482
2024-05-02,1913.199951171875,1952.5999755859375,1913.199951171875,1951.300048828125,3000
2024-05-03,1967.5999755859375,1982.125,1947.4000244140625,1975.4000244140625,41246
2024-05-07,1994.4000244140625,2020,1992.6650390625,2009.5,914
2024-05-08,2023.5,2024,1993.969970703125,1999,5384
2024-05-09,2005.0799560546875,2012.5,2005.0799560546875,2007,3172
2024-05-10,2012.9649658203125,2012.9649658203125,1998.25,1998.25,292
2024-05-13,2018,2018,1990,1992.699951171875,4077
2024-05-14,1994.800048828125,2010.33203125,1994.800048828125,2002.449951171875,1501
2024-05-15,2018,2064.75,2007.5,2064.75,3924
2024-05-16,2040.5,2072.212890625,2040.5,2061.75,370
2024-05-17,2055,2057.5,2043.5,2044.5,332
2024-05-20,2029.5,2059.5,2029.5,2031.5,3084
2024-05-21,2020.5,2032,2020.5,2021.75,1784
2024-05-22,2031,2032,2022,2032,1218
2024-05-23,2010,2024.363037109375,1990.800048828125,1990.800048828125,523
2024-05-24,1988.199951171875,1992.4000244140625,1982.739990234375,1989.800048828125,8123
2024-05-28,2025.5,2029,1989,2010.25,661
2024-05-29,1971.5999755859375,2001,1970.199951171875,1970.199951171875,220
2024-05-30,2005.5,2013.5,1971,2013.5,771
2024-05-31,2011,2021.5,2008.8609619140625,2019.25,11047
2024-06-03,2015,2050.25,2010,2050.25,4286
2024-06-04,2052.5,2060.39501953125,2044.093017578125,2054.5,3543
2024-06-05,2069,2074.5,2042,2054.5,7207
2024-06-06,2042.5,2068,2042.5,2048.25,1410
2024-06-07,2017,2021,1986.654052734375,1987,1565
2024-06-10,1993.800048828125,1993.800048828125,1968.1290283203125,1979.0999755859375,1186
2024-06-11,1971.1650390625,1971.1650390625,1938.5,1938.5,591
2024-06-12,1935.883056640625,1988.9000244140625,1929.4410400390625,1988.9000244140625,400
2024-06-13,1977.4000244140625,1977.4189453125,1954.9560546875,1957.800048828125,1794
2024-06-14,1938.800048828125,1944.3790283203125,1938.800048828125,1940.5999755859375,720
2024-06-17,1949.199951171875,1949.5670166015625,1917.800048828125,1930.5999755859375,2350
2024-06-18,1943,1967.800048828125,1921.800048828125,1950.5,934
2024-06-19,1942.5999755859375,1942.5999755859375,1922.199951171875,1922.199951171875,1294
2024-06-20,1924.199951171875,1953.5999755859375,1924.199951171875,1951,4248
2024-06-21,1942,1956.1800537109375,1937.800048828125,1938,1010
2024-06-24,1957.199951171875,1959.5999755859375,1916.5999755859375,1959.300048828125,55
2024-06-25,1955,1955,1935.300048828125,1935.300048828125,212
2024-06-26,1915.800048828125,1960.199951171875,1915.800048828125,1919.5999755859375,937
2024-06-27,1914,1930.5999755859375,1913.5999755859375,1930.5999755859375,1775
2024-06-28,1940.550048828125,1948.199951171875,1940.550048828125,1941.4000244140625,202
2024-07-01,1940,2009,1940,1945.4000244140625,4945
2024-07-02,1945.199951171875,1945.800048828125,1933,1944.4000244140625,20036
2024-07-03,1951,1976.4000244140625,1951,1976.4000244140625,3240
2024-07-04,1990.4000244140625,1992.5999755859375,1975.800048828125,1980.800048828125,5032
2024-07-05,1988.5999755859375,2009,1988.5999755859375,1997.9000244140625,1928
2024-07-08,1975.4000244140625,2007,1975.4000244140625,1976.4000244140625,4823
2024-07-09,1974.5999755859375,1993.8079833984375,1967.5999755859375,1982.800048828125,1379
2024-07-10,2032.5,2032.5,1992.9119873046875,2019.5,2467
2024-07-11,2015.5,2049.010009765625,2004.5,2047,1417
2024-07-12,2040,2049.714111328125,2040,2043,4660
2024-07-15,2033,2049.5,2008.5,2033,3104
2024-07-16,2022,2028.9150390625,2022,2023.5,1660
2024-07-17,2021.5,2025,2013.7659912109375,2019.75,386
2024-07-18,2029.5,2029.5,2019.5,2019.5,24858
2024-07-19,2006,2009.574951171875,1996.199951171875,1999,1745
2024-07-22,2006,2026.5,2006,2007.5,1303
2024-07-23,1985,2004,1984,1985.199951171875,1835
2024-07-24,1974.5999755859375,1982.5999755859375,1965.02099609375,1975,2246
2024-07-25,1952.5999755859375,1976.4000244140625,1946.5999755859375,1976.4000244140625,1340
2024-07-26,1975.800048828125,1987.199951171875,1971.199951171875,1981,429
2024-07-29,1989.199951171875,2010.75,1989.199951171875,1992.800048828125,1310
2024-07-30,1999.926025390625,2009,1996.5999755859375,2009,4682
2024-07-31,2025.5,2035,2004.5,2004.5,183584
2024-08-01,2050,2050,2019.5,2021,1599
2024-08-02,2040.5,2048,2006.4200439453125,2046.5,1108
2024-08-05,2046.5,2046.5,1970.800048828125,1996.1500244140625,12687
2024-08-06,2000,2002.5,1964.699951171875,1993.4000244140625,572
2024-08-07,2016,2026,2012.041015625,2026,1201
2024-08-08,2023,2023,2003.3929443359375,2011.25,485
2024-08-09,2026,2047.6800537109375,2026,2038.5,1481
2024-08-12,2023.5,2070.5,2020.5,2021.5,616
2024-08-13,2033,2035.154052734375,2033,2033,551
2024-08-14,2052,2058,2043.4029541015625,2058,1803
2024-08-15,2055.5,2060.264892578125,2050.14794921875,2051.75,1459
2024-08-16,2036.5,2044.5,2036.5,2041.25,298
2024-08-19,2060.5,2060.5,2032.5,2060.5,1041
2024-08-20,2064,2068,2053,2059,17512
2024-08-21,2053,2070.034912109375,2053,2057,1900
2024-08-22,2064.5,2067.75,2064.5,2067.75,2
2024-08-23,2090.5,2093.25,2077.4150390625,2093.25,8255
2024-08-27,2115,2138.5,2084,2094.5,1685
2024-08-28,2089,2092,2085.5,2092,46
2024-08-29,2060,2095.5,2050.5,2051,852
2024-08-30,2055,2090,2037.5,2080,1059
2024-09-02,2080,2095,2079.5,2094.5,9853
2024-09-03,2094.5,2094.5,2070.25,2070.25,1148
2024-09-04,2053.2939453125,2093.199951171875,2053.2939453125,2088.75,1376
2024-09-05,2126.616943359375,2126.616943359375,2119,2119,555
2024-09-06,2119,2133,2117.43310546875,2133,1977
2024-09-09,2127.95703125,2130.93896484375,2121,2128.25,190
2024-09-10,2167,2168.5,2143.06591796875,2168.5,1786989
2024-09-11,2157.5,2177.5,2143.56005859375,2151.5,194
2024-09-12,2163,2164.195068359375,2162.5,2163,8017
2024-09-13,2186.81494140625,2197,2186.81494140625,2194,825
2024-09-16,2185,2198.5,2179,2179,18609
2024-09-17,2162.5,2183.498046875,2162.5,2162.5,409
2024-09-18,2147.5,2162,2143,2143,1482
2024-09-19,2149.5,2164,2146.06396484375,2153.25,1635
2024-09-20,2144.5,2148,2139.5,2139.5,246
2024-09-23,2140,2148.5,2140,2145.75,54
2024-09-24,2123,2152.5,2123,2134.25,866
2024-09-25,2150,2154.5,2128.5,2128.5,351
2024-09-26,2151.5,2160,2141.19091796875,2152,746
2024-09-27,2153.5,2176.5,2152,2165,1041
2024-09-30,2151.5,2188,2142,2145.5,4148
2024-10-01,2159.5,2183.5,2151.5,2167.5,4052
2024-10-02,2183.5,2183.5,2135,2149.25,304
2024-10-03,2164.708984375,2167.590087890625,2142,2142,18932
2024-10-04,2148.5,2161.5,2130.5,2130.5,2179
2024-10-07,2122,2153,2107.5,2107.5,10012
2024-10-08,2113.5,2117,2097.031982421875,2100.25,1193
2024-10-09,2118.5,2118.5,2107.5,2109.75,2612
2024-10-10,2151,2151,2084.5,2089.5,2180
2024-10-11,2090,2119,2090,2117.5,467
2024-10-14,2118,2134,2097.5,2107,3068
2024-10-15,2108.5,2118.5,2106.5,2115,1833
2024-10-16,2135,2138.9189453125,2101,2136.75,2033
2024-10-17,2130,2130,2113.89599609375,2115,87347
2024-10-18,2099,2108.5,2097,2098,27353
2024-10-21,2100.5,2102.5,2060,2060.25,769
2024-10-22,2036,2043.5,2028,2038,19902
2024-10-23,2038,2043,2030.2490234375,2041,80541
2024-10-24,2054.5,2054.5,2044,2045,154
2024-10-25,2037,2047,2037,2038.25,4238
2024-10-28,2040,2050,2040,2049.5,13254
2024-10-29,2061.5,2061.5,2024.5,2026.75,2325
2024-10-30,2026,2034.5,2015,2016.75,293
2024-10-31,2000,2038.5,1990.4000244140625,1997.199951171875,18412
2024-11-01,1996.4000244140625,2004.947998046875,1992.8680419921875,1993.800048828125,12097
2024-11-04,2000.5,2011.5,1971.199951171875,1982.5999755859375,21364
2024-11-05,1974.800048828125,1979,1972.75,1973.5,528
2024-11-06,1949.5999755859375,1966.6719970703125,1925.800048828125,1925.9000244140625,6816
2024-11-07,1927.5999755859375,1953,1927.5999755859375,1947.199951171875,4121
2024-11-08,1969.4000244140625,1972.199951171875,1949.199951171875,1971.0999755859375,1471
2024-11-11,1976.199951171875,1986.5999755859375,1964,1965.5,12223
2024-11-12,1942.4000244140625,1949.4000244140625,1941.114013671875,1942.4000244140625,3214
2024-11-13,1916.800048828125,1945,1916.800048828125,1918,1309
2024-11-14,1944.5999755859375,1944.5999755859375,1927,1940.9000244140625,604
2024-11-15,1941.800048828125,1951.199951171875,1941.800048828125,1948.199951171875,542
2024-11-18,1920.4000244140625,1979.199951171875,1918.4000244140625,1922.199951171875,3603
2024-11-19,1929.199951171875,1939.4000244140625,1919.199951171875,1928.199951171875,1550
2024-11-20,1933.5999755859375,1933.5999755859375,1904.5479736328125,1910.699951171875,15590
2024-11-21,1912.800048828125,1916.5999755859375,1900,1906.199951171875,7471
2024-11-22,1948.199951171875,1957.4000244140625,1917,1957.4000244140625,743
2024-11-25,1978.800048828125,1979.4000244140625,1947.5999755859375,1973,2184
2024-11-26,1951.199951171875,1965,1951.199951171875,1955.800048828125,96
2024-11-27,1954,1987.4000244140625,1954,1987.199951171875,4783
2024-11-28,1982,1985.68505859375,1982,1983.300048828125,9375
2024-11-29,1981,1992.25,1979.5999755859375,1983.5999755859375,3257
2024-12-02,1967,1979,1953.5999755859375,1963,14930
2024-12-03,1959.5999755859375,1966,1952.199951171875,1958.5999755859375,911
2024-12-04,1974.4000244140625,1975.199951171875,1967.199951171875,1975.199951171875,441
2024-12-05,1969.5999755859375,1971.4000244140625,1956,1956,539
2024-12-06,1954,1966,1954,1966,285
2024-12-09,1925.5999755859375,1973.199951171875,1925.5999755859375,1928.4000244140625,5263
2024-12-10,1925,1929.199951171875,1920.5999755859375,1924.300048828125,5247
2024-12-11,1919.4000244140625,1924.199951171875,1919.4000244140625,1920.800048828125,6830
2024-12-12,1920.4000244140625,1920.4000244140625,1914.199951171875,1920.4000244140625,11964
2024-12-13,1918.199951171875,1918.199951171875,1915.4000244140625,1915.4000244140625,1003
2024-12-16,1884,1914.4000244140625,1880.8160400390625,1882.5,868
2024-12-17,1873.199951171875,1904,1847.800048828125,1876.300048828125,25445
2024-12-18,1884.5999755859375,1891.5999755859375,1880.199951171875,1880.199951171875,21746
2024-12-19,1820,1875.5999755859375,1820,1838.9000244140625,2539
2024-12-20,1835.4000244140625,1872.2750244140625,1835.4000244140625,1870.4000244140625,1190
2024-12-23,1865.5999755859375,1873,1858.199951171875,1869.5999755859375,108
2024-12-24,1864.4000244140625,1883.9010009765625,1862.800048828125,1877.9000244140625,2694
2024-12-27,1912.199951171875,1912.199951171875,1878.300048828125,1878.300048828125,41212
2024-12-30,1874.199951171875,1886,1870.5999755859375,1871.5999755859375,1897
2024-12-31,1866,1887.800048828125,1864,1887.800048828125,89
2025-01-02,1892.800048828125,1946.199951171875,1863,1892.199951171875,6967
2025-01-03,1917.5999755859375,1917.5999755859375,1884.800048828125,1884.800048828125,16385
2025-01-06,1882,1891.072998046875,1874.5999755859375,1883.5,1770
2025-01-07,1888.4000244140625,1890.5999755859375,1861.300048828125,1861.300048828125,322
2025-01-08,1856.800048828125,1861.3330078125,1828,1837.199951171875,1620
2025-01-09,1851,1851,1851,1851,0
2025-01-10,1841.4000244140625,1848.06494140625,1823.4000244140625,1830.5999755859375,2433
2025-01-13,1830.800048828125,1831.199951171875,1814,1814.9000244140625,131
2025-01-14,1828.199951171875,1834.0999755859375,1827.0699462890625,1834.0999755859375,12560
2025-01-15,1891.800048828125,1898.7039794921875,1861.5999755859375,1891.300048828125,388
2025-01-16,1875,1896.4000244140625,1871.5999755859375,1896.4000244140625,571
2025-01-17,1917.199951171875,1922.2900390625,1907.199951171875,1918.4000244140625,677
2025-01-20,1911.4000244140625,1911.4000244140625,1905.0989990234375,1906.199951171875,1437
2025-01-21,1910.199951171875,1910.4000244140625,1897,1907.0999755859375,1380
2025-01-22,1906.4000244140625,1910.4000244140625,1892.4000244140625,1892.4000244140625,9307
2025-01-23,1892.5999755859375,1905,1890.199951171875,1905,70
2025-01-24,1906.800048828125,1920.4000244140625,1883.199951171875,1888.4000244140625,1017
2025-01-27,1885.4000244140625,1918.199951171875,1871.5999755859375,1914.800048828125,2832
2025-01-28,1930.800048828125,1931.800048828125,1899.800048828125,1931.800048828125,906
2025-01-29,1927.5999755859375,1934,1919.5,1919.5,3299
2025-01-30,1947.4000244140625,1951.5,1939.800048828125,1951.5,3166
2025-01-31,1943.5999755859375,1954.5589599609375,1943.5999755859375,1954.0999755859375,3354
2025-02-03,1930,1930,1912.623046875,1927.5999755859375,2479
2025-02-04,1928.5999755859375,1928.5999755859375,1923.0699462890625,1924.9000244140625,3
2025-02-05,1960.5999755859375,1961.5999755859375,1936.5999755859375,1961.5999755859375,205
2025-02-06,1972.5999755859375,1983.6600341796875,1962.5999755859375,1972.300048828125,724
2025-02-07,1972,1983.4000244140625,1950.199951171875,1950.199951171875,28
2025-02-10,1970.800048828125,1971.9000244140625,1960.4000244140625,1971.9000244140625,710
2025-02-11,1968.5999755859375,1979.800048828125,1955.9000244140625,1955.9000244140625,805
2025-02-12,1976.4000244140625,1976.4000244140625,1942.5999755859375,1944.4000244140625,15
2025-02-13,1957.199951171875,1962.0999755859375,1956.4000244140625,1962.0999755859375,1
2025-02-14,1964.5999755859375,1967.5999755859375,1954.199951171875,1962.4000244140625,12907
2025-02-17,1941.199951171875,1954.199951171875,1941.199951171875,1946.0999755859375,1376
2025-02-18,1942.5999755859375,1943,1938.4000244140625,1940.300048828125,2238
2025-02-19,1938.199951171875,1938.199951171875,1911.699951171875,1911.699951171875,127
2025-02-20,1926,1926,1918.199951171875,1922.5999755859375,401
2025-02-21,1924.4000244140625,1924.4000244140625,1915,1922.5999755859375,2003
2025-02-24,1944.5999755859375,1954.4000244140625,1935.199951171875,1936.0999755859375,65
2025-02-25,1945.199951171875,1952.800048828125,1936.800048828125,1944.199951171875,828
2025-02-26,1950.4000244140625,1951,1935.9000244140625,1935.9000244140625,2051
2025-02-27,1931.199951171875,1934.4000244140625,1921.4000244140625,1931.800048828125,356
2025-02-28,1924.199951171875,1932.300048828125,1914.5999755859375,1932.300048828125,694
2025-03-03,1925.5999755859375,1925.5999755859375,1898.89501953125,1908.800048828125,1059
2025-03-04,1906.4000244140625,1920.25,1906.4000244140625,1909.5999755859375,242
2025-03-05,1886.5999755859375,1909,1868.5999755859375,1872,1549
2025-03-06,1825.800048828125,1863.4000244140625,1813,1825.5999755859375,2280
2025-03-07,1856,1863.800048828125,1827.5999755859375,1852.300048828125,282
2025-03-10,1866.199951171875,1871.4000244140625,1858.300048828125,1858.300048828125,188
2025-03-11,1866.4000244140625,1871.7099609375,1854,1854,3246
2025-03-12,1859.800048828125,1868,1858,1858,7
2025-03-13,1853.4000244140625,1856.5999755859375,1838.800048828125,1842.9000244140625,444
2025-03-14,1842.4000244140625,1872,1842.4000244140625,1872,4
2025-03-17,1858.199951171875,1887.4000244140625,1858.199951171875,1884.4000244140625,3
2025-03-18,1883.5999755859375,1892.800048828125,1872,1872,39
2025-03-19,1860,1873.199951171875,1860,1863,60
2025-03-20,1869.4000244140625,1899.800048828125,1866.9859619140625,1867.800048828125,820
2025-03-21,1877.800048828125,1879.5999755859375,1869.5999755859375,1878.5,1
2025-03-24,1867.800048828125,1889.800048828125,1843.199951171875,1849.300048828125,790
2025-03-25,1849.4000244140625,1865.199951171875,1848.800048828125,1854.800048828125,94
2025-03-26,1866.199951171875,1868,1856.5999755859375,1864.0999755859375,138
2025-03-27,1866.199951171875,1868,1833.4000244140625,1860.699951171875,369
2025-03-28,1887.800048828125,1896.5999755859375,1871.199951171875,1893.5999755859375,847
2025-03-31,1893.5999755859375,1893.5999755859375,1874.800048828125,1883.9000244140625,414
2025-04-01,1895.800048828125,1905,1880.199951171875,1898.4000244140625,2161
2025-04-02,1895.4000244140625,1895.4000244140625,1872.4000244140625,1885.5999755859375,1655
2025-04-03,1903.5999755859375,1936.800048828125,1903.5999755859375,1935,480
2025-04-04,1930.5999755859375,1943.637939453125,1871.5999755859375,1871.5999755859375,1759
2025-04-07,1875.5999755859375,1875.5999755859375,1779,1802.699951171875,11593
2025-04-08,1808,1830.800048828125,1787.800048828125,1824.199951171875,538
2025-04-09,1773,1804.199951171875,1747.655029296875,1773.5999755859375,2636
2025-04-10,1843.4000244140625,1872,1828,1836,992
2025-04-11,1855.5999755859375,1883.4000244140625,1839.199951171875,1883.4000244140625,2465
2025-04-14,1909.199951171875,1909.199951171875,1885.239013671875,1903.5999755859375,3057
2025-04-15,1921.199951171875,1943.9000244140625,1921.199951171875,1943.9000244140625,4076
2025-04-16,1950.5999755859375,1963.5,1949,1963.5,159
2025-04-17,1932.199951171875,1991,1932.199951171875,1984,1646
2025-04-22,2000.5,2017,1973,2002.75,200
2025-04-23,2009.5,2011,1978.4000244140625,1980,338
2025-04-24,1989.4000244140625,2013,1989.4000244140625,1989.9000244140625,217
2025-04-25,1990.5999755859375,2008,1985.199951171875,1989.0999755859375,786
2025-04-28,2003,2003,1973.800048828125,1987.199951171875,3324
2025-04-29,1993.4000244140625,2006,1991.5999755859375,1992.199951171875,877
2025-04-30,1991.5999755859375,2018.5,1991.5999755859375,2014,33
2025-05-01,2069.5,2069.5,2008,2037.75,2715
2025-05-02,2040,2052,2035,2049,26266
2025-05-06,2040,2059,2035.5,2048.75,18870
2025-05-07,2038,2064.5,2035.85205078125,2050,1226
2025-05-08,2042,2053.677978515625,2022.75,2022.75,541
2025-05-09,2031,2034.75,2025.5,2034.75,289
2025-05-12,2014,2029,1990.5999755859375,2003.5,445
2025-05-13,1982.5999755859375,2026.5,1981.300048828125,1981.300048828125,226
2025-05-14,2000,2000,1980,1980,31
2025-05-15,2015.5,2015.5,1982,2007.25,188
2025-05-16,2024,2033,2014,2033,293
2025-05-19,2020.5,2039.5,2012.5,2037.5,176
2025-05-20,2048,2049.5,2039.5,2049.5,289
2025-05-21,2050,2050,2035,2041.5,18
2025-05-22,2021.5,2021.5,2008.5,2008.5,8
2025-05-23,2024,2031.5,2005,2016.25,383
2025-05-27,2048,2048,2036.5,2039.5,122
2025-05-28,2055.5,2060.406982421875,2036,2050.75,570
2025-05-29,2055,2079.5,2042,2079.5,369
2025-05-30,2095.5,2115,2078,2083.75,143
2025-06-02,2048,2110.5,2048,2081.5,6
2025-06-03,2083,2094.5,2068.5,2068.5,524
2025-06-04,2062.5,2070.5,2061.5,2068,426
2025-06-05,2073.5,2084,2061.5,2066,122
2025-06-06,2064,2080.5,2063.5,2063.5,11
2025-06-09,2086,2090.5,2072.5,2086.5,156
2025-06-10,2094.5,2112.5,2091,2106,5951
2025-06-11,2105.5,2123.5,2093,2100.5,263
2025-06-12,2084,2104.5,2080,2087.75,1049
2025-06-13,2083.5,2083.5,2064.5,2065.25,3
2025-06-16,2073,2087.25,2058.5,2087.25,1016
2025-06-17,2085,2101,2066.5,2100,3
2025-06-18,2115,2128.25,2106,2128.25,436
2025-06-19,2109,2118.5,2099.5,2107,1225
2025-06-20,2134.5,2136.5,2124.5,2124.5,5
2025-06-23,2114.5,2146.5,2110.5,2125,127
2025-06-24,2123.5,2159.5,2121.5,2126.75,3846
2025-06-25,2115,2137.5,2105.5,2105.75,69
2025-06-26,2107.5,2127.5,2107.5,2115.75,1360
2025-06-27,2124.5,2133.5,2121,2125,1127
2025-06-30,2140,2156,2124.5,2133.75,338
2025-07-01,2158,2158,2127.5,2150,2315
2025-07-02,2117,2164,2112.75,2112.75,85
2025-07-03,2125,2129.5,2112.675048828125,2118.25,1241
2025-07-04,2118,2124.5,2097,2107.5,49
2025-07-07,2105.5,2127,2090,2090.5,630
2025-07-08,2077,2102,2074.5,2079.25,789
2025-07-09,2068,2094,2068,2085.5,1
2025-07-10,2076,2090.5,2076,2079,660
2025-07-11,2092,2092,2062.5,2075.25,16
2025-07-14,2102.5,2102.5,2057,2090,3
2025-07-15,2094,2124.5,2077.5,2077.5,1488
2025-07-16,2076,2088,2061,2069,22346
2025-07-17,2057.5,2080.5,2056,2067,3648
2025-07-18,2078,2080.5,2056,2078.5,1218
2025-07-21,2104.087890625,2110,2088.5,2109.75,506
2025-07-22,2113,2124,2095.5,2121.5,1245
2025-07-23,2112.5,2143,2097.25,2097.25,2442
2025-07-24,2096,2101.5,2083.5,2101.5,524
2025-07-25,2089.5,2115.5,2087.14990234375,2097.5,199
2025-07-28,2110,2119.5,2089.5,2089.5,89
2025-07-29,2098,2098,2075.5,2078.5,54
2025-07-30,2083.5,2093.5,2066,2072.25,442
2025-07-31,2104.5,2104.5,2072.25,2072.25,240
2025-08-01,2069.5,2069.5,2039.4649658203125,2058,206
2025-08-04,2082,2087.5,2055,2086,6
2025-08-05,2091,2123.5,2077.5,2090.25,18439
2025-08-06,2073.5,2123.5,2073.5,2121.75,166
2025-08-07,2125.5,2150,2105.5,2112.5,43
2025-08-08,2123.5,2123.5,2115.75,2115.75,76
2025-08-11,2115.5,2130.5,2108.25,2108.25,34
2025-08-12,2097,2118.5,2084.25,2084.25,130
2025-08-13,2077,2094.5,2074,2083.25,3
2025-08-14,2094,2096.5,2087,2089.5,22
2025-08-15,2096.5,2111,2074.5,2082.5,268
2025-08-18,2096.5,2102.5,2069,2073.75,1285
2025-08-19,2091.5,2091.5,2076.072021484375,2077,255
2025-08-20,2075,2095.75,2072.9541015625,2095.75,45
2025-08-21,2099.5,2099.5,2078.5,2090.75,1
2025-08-22,2088,2114,2083.5,2113,57
2025-08-26,2087,2100,2071,2082,1702
2025-08-27,2085,2086.5,2065,2075.5,157
2025-08-28,2084,2093,2055.2060546875,2059.25,1459
2025-08-29,2058.5,2067.5,2052.25,2052.25,403
2025-09-01,2051.5,2062,2049,2049,929
2025-09-02,2026.5,2050.5,1994.4000244140625,1994.4000244140625,2341
2025-09-03,2008.5,2008.5,1987.5999755859375,2006,142
2025-09-04,2016,2019.5,2000,2004.300048828125,4141
2025-09-05,2016.5,2040.25,2012.5,2040.25,2
2025-09-08,2053,2054,2042,2042,760
2025-09-09,2053,2053,2033,2035.75,436
2025-09-10,2034,2049.5,2019,2022.75,511
2025-09-11,2032,2032,2021,2027.75,78
2025-09-12,2049,2049,2032.75,2032.75,3
2025-09-15,2026.5,2050.5,2023.5,2049,270
2025-09-16,2051.5,2070.5,2024.5,2027,1642
2025-09-17,2040,2042.613037109375,2034.511962890625,2037.25,5124
2025-09-18,2034.5,2060.5,2030,2040.25,40
2025-09-19,2057.5,2057.5,2035,2038,643
2025-09-22,2037,2042,2023,2026.75,325
2025-09-23,2055,2055,2020,2039.75,41
2025-09-24,2036,2069,2036,2042.75,98
2025-09-25,2036,2039.5,2020.25,2020.25,11
2025-09-26,2023,2034,2023,2031,18
2025-09-29,2040,2050,2035,2049.25,622
2025-09-30,2049,2064,2025,2064,767
2025-10-01,2058,2073,2053.5,2066.5,667
2025-10-02,2059,2094,2050,2058.5,1947
2025-10-03,2056.5,2068,2056.5,2068,1916
2025-10-06,2040,2066.5,2036.5,2054.25,849
2025-10-07,2070.5,2070.5,2040,2043.5,17
2025-10-08,2028.5,2069,2026,2027.5,133
2025-10-09,2026,2046,2010.5,2035,982
2025-10-10,2056.5,2062.5,2036.5,2045.25,2434
2025-10-13,2060,2079.5,2042.5,2077,233
2025-10-14,2058.5,2108.5,2058.5,2099,5004
2025-10-15,2112,2112,2083.5,2100.25,44
2025-10-16,2110,2115.5,2095,2115.5,142
2025-10-17,2093,2136,2076.5,2105,646
2025-10-20,2106.5,2108,2077,2107.5,489
2025-10-21,2114.5,2137.25,2096.5,2137.25,5872
2025-10-22,2145,2180,2124,2159.75,538
2025-10-23,2131,2187.5,2131,2166.75,8953
2025-10-24,2474.510009765625,2474.510009765625,2474.510009765625,2474.510009765625,0
2025-10-27,2142,2192,2133.5,2150.5,675
2025-10-28,2160,2160,2130,2144.75,7
2025-10-29,2150,2154.5,2138.971923828125,2141,118
2025-10-30,2137.5,2140,2117,2129.5,1136
2025-10-31,2139,2139,2106,2108.5,138
2025-11-03,2095,2116.5,2077,2091.25,179
2025-11-04,2110,2116.824951171875,2065.5,2108.5,164
2025-11-05,2100,2130,2087.5,2104.75,105
2025-11-06,2117,2131.5,2081.5,2108.25,15
2025-11-07,2105.5,2117,2105.5,2112.25,14
2025-11-10,2109.5,2124,2104.5,2107.5,1657
2025-11-11,2121,2143.5,2111,2127.75,1460
2025-11-12,2141,2160,2109,2138.75,1979
2025-11-13,2145,2158.5,2137,2141.25,3139
2025-11-14,2110.18798828125,2115.5,2100,2107.75,23
2025-11-17,2100,2120.5,2083,2102,352
2025-11-18,2094,2110,2066.5,2088.75,730
2025-11-19,2094,2096.5,2065.5,2086,53
2025-11-20,2087,2103,2072.5,2074.5,140
2025-11-21,2071,2075.5,2059,2072.75,54
2025-11-24,2073,2085,2070,2074.25,72
2025-11-25,2069,2080.5,2065,2077.75,58
2025-11-26,2098.5,2099.25,2071.5,2099.25,6
2025-11-27,2103,2112.75,2077,2112.75,8
2025-11-28,2126,2126,2108.5,2114.75,43
2025-12-01,2087,2139,2087,2098.5,117
2025-12-02,2090.5,2109.5,2090.5,2101.25,519
2025-12-03,2131.5,2131.5,2079.75,2079.75,32
2025-12-04,2085.5,2113,2077,2081.5,684
2025-12-05,2077,2086.5,2070,2072.25,87
2025-12-08,2064.5,2078,2036.75,2036.75,3027
2025-12-09,2041,2059,2030,2031,126
2025-12-10,2005,2033.5,2005,2029.25,1328
2025-12-11,2027,2029,2026.5,2026.5,211
2025-12-12,2023,2057,2023,2040,4
2025-12-15,2047.5,2051.5,2039.5,2041.5,18
2025-12-16,2044.5,2049.5,2032.5,2044.75,77
2025-12-17,2061,2075.5,2054.5,2058,483
2025-12-18,2067.5,2083.5,2059.5,2068.5,158
2025-12-19,2061.5,2074.5,2052.5,2065.5,32
2025-12-22,2083,2083,2032.5,2062.5,38
2025-12-23,2075,2075.5,2056,2068.75,3
2025-12-24,2106,2106,2069.75,2069.75,3
2025-12-29,2060,2114,2060,2089,1077
2025-12-30,2094,2130.5,2077.5,2102.75,391
2025-12-31,2099.5,2110.5,2089,2098.75,145
2026-01-02,2113.5,2113.5,2075,2077.25,22
2026-01-05,2084.72900390625,2097,2062.5,2084.75,1858
2026-01-06,2084,2110.5,2070,2085.75,273
2026-01-07,2100,2147.5,2071,2147.5,869
2026-01-08,2153,2185,2142,2155,3837
2026-01-09,2158,2158,2140.302001953125,2148.5,489
2026-01-12,2161,2161,2137.48095703125,2144.75,5277
2026-01-13,2139,2144.5,2128.5,2129.75,155
2026-01-14,2142.5,2142.5,2101.43798828125,2118.75,403
2026-01-15,2153.5,2159.5,2119.5,2159.5,13594
2026-01-16,2161,2169,2151,2159,11315
2026-01-19,2172,2172,2126.5,2142,1220
2026-01-20,2160.5,2160.5,2108.375,2112,2525
2026-01-21,2125,2125,2095,2107,1174
2026-01-22,2121.5,2144,2095,2130.75,252
2026-01-23,2157,2157,2112,2120,3686
2026-01-26,2134,2147.5,2106,2131.75,380
2026-01-27,2123,2146.5,2116.5,2134.25,412
2026-01-28,2146.5,2158.5,2115.5,2158.5,5664
2026-01-29,2168,2185,2127,2167,1168
2026-01-30,2164.5,2171.5,2156.5,2160,7167
2026-02-02,2163,2171.5,2153.25,2153.25,967
2026-02-03,2175.5,2175.5,2147,2153,385
2026-02-04,2179,2188,2149.5,2178.75,1734
2026-02-05,2164.5,2185,2164.5,2180.5,476
2026-02-06,2167,2191.5,2161,2187.5,2282
2026-02-09,2200,2200,2175.5,2191,3028
2026-02-10,2200,2210,2164,2210,3067
2026-02-11,2200.5,2242.5,2200.5,2223.25,1596
2026-02-12,2184,2248,2184,2219.5,48
2026-02-13,2217,2249,2207.5,2223.75,632
2026-02-16,2257,2257,2217,2219,398
2026-02-17,2253.5,2273,2221.5,2270.75,849
2026-02-18,2277.5,2298,2240,2248.25,566
2026-02-19,2279.5,2279.5,2249.5,2259,139
2026-02-20,2290.5,2290.5,2274.5,2290.5,511
2026-02-23,2282.5,2324.5,2252.5,2282.5,885
2026-02-24,2301.5,2308,2266.5,2281.25,306
2026-02-25,2283.5,2301.5,2272.5,2292.5,146
2026-02-26,2304,2315,2285.5,2314.5,951
2026-02-27,2329,2358.5,2309,2349.25,519
2026-03-02,2333.5,2333.5,2283.5,2292,562
2026-03-03,2276,2276,2203.925048828125,2213.5,546
2026-03-04,2238,2239,2203.5,2231,7314
2026-03-05,2219,2251.5,2206.75,2206.75,99
2026-03-09,2119.5,2149,2094,2122.25,13812
2026-03-10,2163,2181,2125,2159,37
2026-03-11,2120,2173.5,2106,2108.5,134
2026-03-12,2073,2127,2071.5,2096.5,1093
2026-03-13,2095,2112,2081.5,2087.75,278
2026-03-16,2120,2128,2066.5,2119,674
2026-03-17,2126.5,2136.5,2106,2133.5,734
2026-03-18,2146,2150,2116,2126,586
2026-03-19,2107,2108,2044.75,2044.75,42
2026-03-20,2045,2071,2010,2010,246
2026-03-23,1944.800048828125,2019.5,1931,1983.699951171875,5513
2026-03-24,1975.199951171875,2011,1975,1983.5,160
2026-03-25,1995,2025,1993.5999755859375,1993.5999755859375,406
2026-03-26,1987.800048828125,2002,1961.199951171875,1971.9000244140625,2611
2026-03-27,1961,1997.5999755859375,1946,1959.699951171875,436
2026-03-30,1983.800048828125,1996.8499755859375,1931.4000244140625,1996.8499755859375,714
2026-03-31,2002.5,2027.5,2001,2006.25,461
2026-04-01,1957.800048828125,2065,1957.800048828125,2059,1070
2026-04-02,2026,2073,2026,2073,112
2026-04-07,2069,2086,2052.5,2054.75,686
2026-04-08,2106,2149.5,2093.5,2122.25,831
2026-04-09,2146,2152.5,2107.5,2118.5,1985
2026-04-10,2131,2151,2096.5,2118,519
2026-04-13,2139,2139,2093,2111.25,1719
2026-04-14,2149.5,2151.5,2101,2146.25,2587
2026-04-15,2169.5,2171,2147.5,2153.5,4621
2026-04-16,2166,2186.5,2148.5,2166.5,980
2026-04-17,2165.5,2224,2165.5,2205.75,1996
2026-04-20,2160,2213,2160,2171.5,1840
2026-04-21,2183.5,2192.5,2160.25,2160.25,509
2026-04-22,2186.5,2186.5,2130.5,2158.25,493
2026-04-23,2164,2164,2127.5,2141.5,471
2026-04-24,2130.5,2143.5,2107,2123,1081
2026-04-27,2139.5,2139.5,2110.93603515625,2115.75,750
2026-04-28,2105,2124,2087.5,2105,5114
2026-04-29,2082,2113.5,2075.75,2075.75,857
2026-04-30,2080,2099.25,2069.5,2099.25,226
2026-05-01,2121,2131,2065.5,2105.75,552
2026-05-05,2085,2086,2058.5,2062.25,152
2026-05-06,2081,2127.5,2076,2113,177
2026-05-07,2102,2123,2087.5,2099,238
2026-05-08,2074.5,2100.5,2074.5,2085,158
2026-05-11,2095,2099,2075.5,2088.25,1045
2026-05-12,2077.5,2092.5,2061.5,2061.5,953
2026-05-13,2041,2074,2041,2057,892
2026-05-14,2069.5,2087,2061.5,2076,4398
2026-05-15,2061,2080,2036.5,2036.5,304
2026-05-18,2026.5,2059.5,2026.5,2059.5,3832
2026-05-19,2081,2086,2044,2063.75,135
2026-05-20,2067.5,2103.10595703125,2060,2102.25,644
2026-05-21,2109,2109,2080,2093.25,110
2026-05-22,2097.5,2114.5,2083,2083,127
2026-05-26,2143,2143,2090.5,2099,2679
2026-05-27,2124.5,2140,2113,2113,2094
2026-05-28,2105.5,2128.75,2105.5,2128.75,6
2026-05-29,2141,2142.5,2128.75,2128.75,1656
2026-06-01,2119,2136.5,2081,2083,1795
2026-06-02,2124.5,2124.5,2083,2090.5,77
2026-06-03,2101,2101,2047.1500244140625,2055.5,2041
2026-06-04,2051.5,2072.5,2022.5,2061.25,259
2026-06-05,2068,2072.5,2030.5,2030.5,923
2026-06-08,2032.5,2058,2010.5,2037.25,606
2026-06-09,2044.5,2049.5,2005.5,2040.25,1416
2026-06-10,2064.5,2082,2028,2070.5,41
2026-06-11,2037.5,2075.5,2037.5,2065.75,7
2026-06-12,2073,2095,2073,2095,1097
2026-06-15,2124,2139.5,2102.25,2102.25,1056
2026-06-16,2089.5,2120,2075.5,2089.5,1464
2026-06-17,2078.5,2123.5,2068,2078.5,756
2026-06-18,2103.5,2103.5,2056.5,2090,200
2026-06-19,2067,2067,2062.5,2062.5,54
2026-06-22,2062.5,2089,2062.5,2077.5,264
2026-06-23,2055.5,2069.5,2055.5,2063,34
2026-06-24,2110.5,2123.25,2065,2123.25,2363
2026-06-25,2143,2143,2130.5791015625,2136,1281
2026-06-26,2150,2153,2141,2153,683
2026-06-29,2166,2172,2122,2145,91
2026-06-30,2150.5,2150.5,2126.5,2132,40
2026-07-01,2134.5,2150.5,2108,2119.25,1505
