date,Open,High,Low,Close,Volume
2006-07-21,49.349998474121094,49.639999389648438,49.220001220703125,49.25,37400
2006-07-24,49.25,49.700000762939453,48.979999542236328,49.700000762939453,220900
2006-07-25,50.150001525878906,50.150001525878906,49.200000762939453,49.25,41600
2006-07-26,49.349998474121094,49.799999237060547,49.349998474121094,49.619998931884766,17800
2006-07-27,50.150001525878906,50.349998474121094,49.930000305175781,50.150001525878906,41800
2006-07-28,49.900001525878906,49.900001525878906,49.330001831054688,49.549999237060547,42000
2006-07-31,50.150001525878906,50.770000457763672,49.75,50.75,68100
2006-08-01,50.75,51.229999542236328,50.680000305175781,50.75,191700
2006-08-02,51.599998474121094,52.049999237060547,51.270000457763672,51.590000152587891,148100
2006-08-03,50.900001525878906,50.919998168945312,50.569999694824219,50.770000457763672,138800
2006-08-04,50.950000762939453,51.069999694824219,50.369998931884766,50.599998474121094,94600
2006-08-07,51,51.509998321533203,50.849998474121094,51.330001831054688,204200
2006-08-08,51.049999237060547,51.400001525878906,50.930000305175781,51.099998474121094,52100
2006-08-09,51.299999237060547,51.880001068115234,51.200000762939453,51.330001831054688,166200
2006-08-10,50.950000762939453,50.950000762939453,49.900001525878906,50,117000
2006-08-11,50.200000762939453,50.330001831054688,49.630001068115234,49.849998474121094,18600
2006-08-14,48.950000762939453,49.029998779296875,48.630001068115234,48.979999542236328,19800
2006-08-15,49.049999237060547,49.139999389648438,48.849998474121094,48.849998474121094,16300
2006-08-16,48.900001525878906,48.950000762939453,48.400001525878906,48.450000762939453,33200
2006-08-17,48,48,47.549999237060547,47.729999542236328,16400
2006-08-18,47.950000762939453,48.119998931884766,47.459999084472656,47.869998931884766,29000
2006-08-21,48.400001525878906,48.5,48.150001525878906,48.430000305175781,82700
2006-08-22,48.5,48.720001220703125,48.279998779296875,48.560001373291016,34700
2006-08-23,48.580001831054688,48.580001831054688,47.599998474121094,48.029998779296875,145600
2006-08-24,48,48.549999237060547,47.909999847412109,48.549999237060547,189400
2006-08-25,49.049999237060547,49.150001525878906,48.439998626708984,48.439998626708984,65300
2006-08-28,47.740001678466797,47.75,47.220001220703125,47.240001678466797,239200
2006-08-29,46.900001525878906,47.099998474121094,46.599998474121094,47.009998321533203,25200
2006-08-30,47.009998321533203,47.009998321533203,46.450000762939453,47,16200
2006-08-31,47,47.130001068115234,46.700000762939453,47.130001068115234,21600
2006-09-01,47,47,46.430000305175781,46.5,49800
2006-09-05,46.25,46.529998779296875,46.119998931884766,46.220001220703125,35500
2006-09-06,45.900001525878906,46.279998779296875,45.700000762939453,45.819999694824219,16900
2006-09-07,45.700000762939453,45.709999084472656,45.25,45.5,90800
2006-09-08,45.599998474121094,45.599998474121094,44.619998931884766,44.709999084472656,81500
2006-09-11,44.099998474121094,44.360000610351562,43.75,43.909999847412109,77000
2006-09-12,44.099998474121094,44.299999237060547,43.200000762939453,43.369998931884766,234500
2006-09-13,43.540000915527344,43.540000915527344,42.990001678466797,43.270000457763672,143700
2006-09-14,43.099998474121094,43.200000762939453,42.25,42.369998931884766,102700
2006-09-15,42.400001525878906,42.400001525878906,41.840000152587891,42.200000762939453,75100
2006-09-18,42.349998474121094,42.880001068115234,42,42.650001525878906,25500
2006-09-19,42.779998779296875,42.840000152587891,41.5,41.5,222400
2006-09-20,41.150001525878906,41.450000762939453,40.900001525878906,41,173800
2006-09-21,41.049999237060547,41.5,40.849998474121094,41.450000762939453,99200
2006-09-22,41.650001525878906,41.650001525878906,40.75,40.939998626708984,26100
2006-09-25,40.299999237060547,41.310001373291016,40.25,41,53400
2006-09-26,41.049999237060547,41.450000762939453,40.919998168945312,41.299999237060547,76700
2006-09-27,41.400001525878906,41.979999542236328,40.680000305175781,41.979999542236328,112200
2006-09-28,42,42.299999237060547,41.729999542236328,41.840000152587891,351600
2006-09-29,41.700000762939453,42.139999389648438,41.299999237060547,42.069999694824219,245800
2006-10-02,42.049999237060547,42.110000610351562,41.119998931884766,41.279998779296875,17800
2006-10-03,40.720001220703125,40.720001220703125,40.099998474121094,40.279998779296875,25300
2006-10-04,40.389999389648438,40.709999084472656,39.740001678466797,40.669998168945312,203200
2006-10-05,41.5,41.529998779296875,40.990001678466797,41.060001373291016,153200
2006-10-06,41.200000762939453,41.409999847412109,40.799999237060547,41.400001525878906,111200
2006-10-09,41.950000762939453,42.279998779296875,41.790000915527344,41.849998474121094,152700
2006-10-10,41.549999237060547,41.560001373291016,41.150001525878906,41.150001525878906,42800
2006-10-11,41.150001525878906,42.279998779296875,40.799999237060547,40.799999237060547,47200
2006-10-12,40.950000762939453,41.099998474121094,40.659999847412109,40.930000305175781,20200
2006-10-13,41.25,41.659999847412109,41.25,41.450000762939453,62600
2006-10-16,41.5,42.419998168945312,41.349998474121094,42.400001525878906,55500
2006-10-17,42.75,42.759998321533203,41.770000457763672,41.849998474121094,58600
2006-10-18,41.700000762939453,42.049999237060547,41.040000915527344,41.400001525878906,28100
2006-10-19,41.599998474121094,42.049999237060547,41.150001525878906,41.889999389648438,79100
2006-10-20,42,42.049999237060547,41.299999237060547,41.5,213600
2006-10-23,41,41.200000762939453,40.770000457763672,41.099998474121094,284400
2006-10-24,41.049999237060547,41.599998474121094,40.869998931884766,41.599998474121094,59100
2006-10-25,41.650001525878906,42.680000305175781,41.650001525878906,42.630001068115234,42400
2006-10-26,42.580001831054688,42.75,41.900001525878906,42.150001525878906,42700
2006-10-27,42.150001525878906,42.279998779296875,41.869998931884766,42.150001525878906,52400
2006-10-30,41.5,41.569999694824219,40.689998626708984,40.939998626708984,97300
2006-10-31,40.549999237060547,41.020000457763672,40.080001831054688,41,121600
2006-11-01,41.049999237060547,41.25,40.400001525878906,41,112000
2006-11-02,40.799999237060547,41.259998321533203,40.569999694824219,40.700000762939453,61800
2006-11-03,41.049999237060547,41.479999542236328,40.950000762939453,41.310001373291016,83500
2006-11-06,41.299999237060547,41.869998931884766,41.299999237060547,41.650001525878906,132800
2006-11-07,41.75,41.849998474121094,41.259998321533203,41.409999847412109,38000
2006-11-08,41.599998474121094,41.990001678466797,41.439998626708984,41.790000915527344,173500
2006-11-09,42.099998474121094,42.630001068115234,42.099998474121094,42.200000762939453,250300
2006-11-10,42.200000762939453,42.200000762939453,41.400001525878906,41.549999237060547,134900
2006-11-13,41.200000762939453,41.220001220703125,40.770000457763672,41.060001373291016,158400
2006-11-14,41.099998474121094,41.220001220703125,40.889999389648438,40.970001220703125,51300
2006-11-15,41.049999237060547,41.580001831054688,40.970001220703125,41.340000152587891,83700
2006-11-16,41.5,41.709999084472656,40.099998474121094,40.25,359700
2006-11-17,40.200000762939453,40.599998474121094,40.060001373291016,40.5,186400
2006-11-20,40.549999237060547,40.849998474121094,40.340000152587891,40.580001831054688,154300
2006-11-21,40.799999237060547,41.340000152587891,40.700000762939453,41.229999542236328,141400
2006-11-22,41.150001525878906,41.369998931884766,40.430000305175781,40.650001525878906,207400
2006-11-24,40.950000762939453,41.389999389648438,40.950000762939453,41.389999389648438,74600
2006-11-27,41.389999389648438,41.529998779296875,41.159999847412109,41.439998626708984,89500
2006-11-28,41.639999389648438,41.849998474121094,41.450000762939453,41.75,243400
2006-11-29,41.849998474121094,42.590000152587891,41.779998779296875,42.580001831054688,286000
2006-11-30,42.580001831054688,43.189998626708984,42.580001831054688,43.049999237060547,187700
2006-12-01,42.849998474121094,43.099998474121094,42.529998779296875,43.099998474121094,657600
2006-12-04,42.599998474121094,42.599998474121094,42.009998321533203,42.069999694824219,127000
2006-12-05,42.299999237060547,42.380001068115234,41.729999542236328,42.299999237060547,111900
2006-12-06,41.889999389648438,42.299999237060547,41.599998474121094,41.799999237060547,102300
2006-12-07,41.650001525878906,41.729999542236328,41.319999694824219,41.639999389648438,91000
2006-12-08,41.950000762939453,42.200000762939453,41.299999237060547,41.349998474121094,132300
2006-12-11,41.200000762939453,41.409999847412109,40.909999847412109,41.150001525878906,67600
2006-12-12,41.299999237060547,41.419998168945312,40.770000457763672,40.889999389648438,307800
2006-12-13,40.990001678466797,41.180000305175781,40.659999847412109,40.919998168945312,365900
2006-12-14,41.549999237060547,41.779998779296875,41.349998474121094,41.599998474121094,130900
2006-12-15,41.599998474121094,41.659999847412109,41.310001373291016,41.650001525878906,80900
2006-12-18,41.400001525878906,41.400001525878906,40.830001831054688,40.830001831054688,147200
2006-12-19,40.740001678466797,41.400001525878906,40.599998474121094,41.130001068115234,80500
2006-12-20,41.439998626708984,41.450000762939453,41.110000610351562,41.25,130600
2006-12-21,41.090000152587891,41.099998474121094,40.599998474121094,40.900001525878906,71400
2006-12-22,40.939998626708984,40.950000762939453,40.630001068115234,40.680000305175781,53700
2006-12-26,40.740001678466797,40.740001678466797,39.75,39.799999237060547,191000
2006-12-27,39.900001525878906,40,39.580001831054688,39.650001525878906,165200
2006-12-28,39.990001678466797,39.990001678466797,39.659999847412109,39.799999237060547,242400
2006-12-29,39.799999237060547,40.150001525878906,39.509998321533203,40.069999694824219,308300
2007-01-03,39.5,40,38.290000915527344,38.400001525878906,174500
2007-01-04,38.060001373291016,38.200000762939453,36.930000305175781,37.150001525878906,200000
2007-01-05,37.200000762939453,37.639999389648438,36.5,37.479999542236328,337200
2007-01-08,38,38.290000915527344,37.069999694824219,37.400001525878906,291100
2007-01-09,36.900001525878906,37.319999694824219,36.650001525878906,37.220001220703125,230900
2007-01-10,37,37.200000762939453,36.509998321533203,36.610000610351562,213500
2007-01-11,36.700000762939453,37.159999847412109,36,36.319999694824219,323700
2007-01-12,36.029998779296875,36.939998626708984,36.029998779296875,36.880001068115234,138000
2007-01-16,36.650001525878906,37.349998474121094,35.729999542236328,36.150001525878906,109500
2007-01-17,35.75,36.490001678466797,35.75,36.319999694824219,92600
2007-01-18,36.5,36.990001678466797,35.529998779296875,35.889999389648438,252700
2007-01-19,35.950000762939453,36.889999389648438,35.950000762939453,36.810001373291016,140700
2007-01-22,37.150001525878906,37.450000762939453,36.459999084472656,36.880001068115234,170100
2007-01-23,37.299999237060547,37.880001068115234,36.849998474121094,37.75,415700
2007-01-24,37.729999542236328,37.990001678466797,37.200000762939453,37.950000762939453,162400
2007-01-25,38.049999237060547,38.099998474121094,37.330001831054688,37.450000762939453,65600
2007-01-26,37.700000762939453,37.950000762939453,37.430000305175781,37.830001831054688,56000
2007-01-29,37.75,37.75,36.849998474121094,36.970001220703125,93900
2007-01-30,37.25,38.459999084472656,37.180000305175781,38.419998168945312,97100
2007-01-31,38.349998474121094,39.049999237060547,38.040000915527344,39.049999237060547,193700
2007-02-01,38.950000762939453,39.180000305175781,38.459999084472656,38.590000152587891,161100
2007-02-02,38.700000762939453,39.139999389648438,38.279998779296875,39.090000152587891,62100
2007-02-05,39.5,39.700000762939453,39.049999237060547,39.290000915527344,222100
2007-02-06,39.450000762939453,39.5,38.930000305175781,39.020000457763672,208800
2007-02-07,39.25,39.470001220703125,38.529998779296875,38.75,114200
2007-02-08,38.840000152587891,39.630001068115234,38.580001831054688,39.630001068115234,141200
2007-02-09,39.75,40,39.470001220703125,39.709999084472656,86900
2007-02-12,39.099998474121094,39.180000305175781,38.259998321533203,38.450000762939453,108000
2007-02-13,38.799999237060547,39.400001525878906,38.520000457763672,39.299999237060547,82400
2007-02-14,39.25,39.400001525878906,38.610000610351562,38.720001220703125,54900
2007-02-15,38.799999237060547,38.950000762939453,38.209999084472656,38.950000762939453,95400
2007-02-16,39.099998474121094,39.549999237060547,38.840000152587891,39.430000305175781,148900
2007-02-20,38.900001525878906,39.200000762939453,38.5,39.200000762939453,85800
2007-02-21,39.150001525878906,40.049999237060547,38.970001220703125,39.849998474121094,75900
2007-02-22,40,40.569999694824219,39.849998474121094,40.150001525878906,392600
2007-02-23,40.900001525878906,41.040000915527344,40.409999847412109,40.569999694824219,153400
2007-02-26,41.049999237060547,41.069999694824219,40.560001373291016,40.990001678466797,219700
2007-02-27,40.450000762939453,41.139999389648438,40,40,173800
2007-02-28,40.599998474121094,41.409999847412109,40.049999237060547,40.5,176600
2007-03-01,40.5,40.720001220703125,40.029998779296875,40.599998474121094,62000
2007-03-02,40.549999237060547,40.659999847412109,40.180000305175781,40.349998474121094,76800
2007-03-05,39.75,39.900001525878906,39.319999694824219,39.549999237060547,213700
2007-03-06,39.900001525878906,40.119998931884766,39.700000762939453,40.080001831054688,157200
2007-03-07,40.200000762939453,40.680000305175781,40.110000610351562,40.630001068115234,123700
2007-03-08,40.810001373291016,40.810001373291016,40.310001373291016,40.630001068115234,120500
2007-03-09,40.549999237060547,40.549999237060547,39.799999237060547,39.909999847412109,54100
2007-03-12,39.599998474121094,39.669998168945312,39.159999847412109,39.200000762939453,97800
2007-03-13,39.5,39.970001220703125,39.150001525878906,39.200000762939453,41500
2007-03-14,39.200000762939453,39.459999084472656,38.930000305175781,39.380001068115234,40900
2007-03-15,39.5,39.740001678466797,39.029998779296875,39.150001525878906,150100
2007-03-16,39.299999237060547,39.669998168945312,38.830001831054688,38.830001831054688,94600
2007-03-19,39.099998474121094,39.319999694824219,39.009998321533203,39.240001678466797,32400
2007-03-20,39.299999237060547,39.360000610351562,38.950000762939453,39.020000457763672,89700
2007-03-21,39,39.479999542236328,39,39.450000762939453,48800
2007-03-22,39.799999237060547,40.290000915527344,39.689998626708984,40.25,44600
2007-03-23,40.299999237060547,40.470001220703125,40.060001373291016,40.25,259300
2007-03-26,40.450000762939453,40.669998168945312,40.419998168945312,40.639999389648438,37200
2007-03-27,40.5,40.75,40.389999389648438,40.740001678466797,27600
2007-03-28,41.150001525878906,41.479999542236328,41.040000915527344,41.180000305175781,115700
2007-03-29,41.490001678466797,42.049999237060547,41.340000152587891,41.900001525878906,64600
2007-03-30,42,42.169998168945312,41.5,41.5,252800
2007-04-02,41.799999237060547,42.110000610351562,41.490001678466797,41.669998168945312,205900
2007-04-03,41.599998474121094,41.669998168945312,41.139999389648438,41.380001068115234,54300
2007-04-04,41.299999237060547,41.869998931884766,40.959999084472656,41.869998931884766,156200
2007-04-05,41.799999237060547,41.970001220703125,41.569999694824219,41.799999237060547,89600
2007-04-09,41.950000762939453,42.040000915527344,41.029998779296875,41.299999237060547,120400
2007-04-10,41.099998474121094,41.619998931884766,41.099998474121094,41.569999694824219,74100
2007-04-11,41.650001525878906,42.5,41.299999237060547,41.450000762939453,51600
2007-04-12,41.700000762939453,42.040000915527344,41.430000305175781,41.75,399200
2007-04-13,42.200000762939453,42.25,41.799999237060547,41.799999237060547,51100
2007-04-16,41.849998474121094,42.009998321533203,41.400001525878906,41.520000457763672,41700
2007-04-17,41.799999237060547,41.840000152587891,41.009998321533203,41.159999847412109,111300
2007-04-18,41.049999237060547,41.229999542236328,40.590000152587891,41.229999542236328,99700
2007-04-19,41,41.040000915527344,40.630001068115234,41,360700
2007-04-20,41,41.180000305175781,40.729999542236328,41.180000305175781,425400
2007-04-23,41.099998474121094,41.900001525878906,41,41.619998931884766,218500
2007-04-24,41.849998474121094,41.959999084472656,41.080001831054688,41.310001373291016,101800
2007-04-25,41.650001525878906,42.040000915527344,41.490001678466797,41.779998779296875,129800
2007-04-26,41.779998779296875,41.919998168945312,41.400001525878906,41.599998474121094,173500
2007-04-27,41.400001525878906,42.189998626708984,41.319999694824219,42.139999389648438,58200
2007-04-30,42.049999237060547,42.150001525878906,41.630001068115234,41.689998626708984,81400
2007-05-01,41.799999237060547,42.080001831054688,41.409999847412109,41.490001678466797,37700
2007-05-02,41.5,41.5,40.930000305175781,41.220001220703125,22400
2007-05-03,41.099998474121094,41.400001525878906,40.849998474121094,41.400001525878906,26100
2007-05-04,41.549999237060547,41.549999237060547,40.810001373291016,41.020000457763672,44200
2007-05-07,40.5,40.720001220703125,39.650001525878906,40.340000152587891,119400
2007-05-08,40.400001525878906,40.939998626708984,40.360000610351562,40.840000152587891,76600
2007-05-09,40.700000762939453,40.950000762939453,40.099998474121094,40.599998474121094,232400
2007-05-10,40.759998321533203,40.759998321533203,40.400001525878906,40.5,92400
2007-05-11,40.799999237060547,41.209999084472656,40.590000152587891,41.180000305175781,103300
2007-05-14,41.299999237060547,41.319999694824219,40.869998931884766,40.959999084472656,47000
2007-05-15,40.849998474121094,41.299999237060547,40.479999542236328,41.159999847412109,143000
2007-05-16,41.150001525878906,41.25,40.709999084472656,41.25,159200
2007-05-17,41,41.779998779296875,40.919998168945312,41.779998779296875,240800
2007-05-18,41.900001525878906,41.959999084472656,41.529998779296875,41.610000610351562,48200
2007-05-21,41.75,42.220001220703125,41.439998626708984,42.060001373291016,67000
2007-05-22,41.799999237060547,42.119998931884766,41.389999389648438,41.549999237060547,156900
2007-05-23,41.549999237060547,41.650001525878906,41.200000762939453,41.619998931884766,65400
2007-05-24,41.75,41.799999237060547,41.009998321533203,41.349998474121094,131800
2007-05-25,41.380001068115234,41.619998931884766,41.119998931884766,41.439998626708984,43600
2007-05-29,41.150001525878906,41.340000152587891,40.290000915527344,40.680000305175781,108500
2007-05-30,40.799999237060547,40.840000152587891,40.569999694824219,40.810001373291016,135000
2007-05-31,40.950000762939453,41.200000762939453,40.610000610351562,41.200000762939453,44400
2007-06-01,41.180000305175781,41.790000915527344,41.099998474121094,41.569999694824219,292600
2007-06-04,41.700000762939453,42.340000152587891,41.700000762939453,42.099998474121094,71600
2007-06-05,42.099998474121094,42.290000915527344,41.810001373291016,42.009998321533203,40100
2007-06-06,41.799999237060547,42.099998474121094,41.740001678466797,42.029998779296875,57800
2007-06-07,42.049999237060547,42.459999084472656,41.759998321533203,42.049999237060547,150200
2007-06-08,42.049999237060547,42.049999237060547,40.930000305175781,41.049999237060547,57100
2007-06-11,41.349998474121094,41.720001220703125,41.020000457763672,41.630001068115234,33600
2007-06-12,41.200000762939453,41.540000915527344,41.130001068115234,41.540000915527344,53200
2007-06-13,41.400001525878906,41.919998168945312,41.189998626708984,41.799999237060547,61500
2007-06-14,42.349998474121094,42.799999237060547,41.799999237060547,42.680000305175781,77500
2007-06-15,42.799999237060547,43.200000762939453,42.549999237060547,43,432200
2007-06-18,43.049999237060547,43.180000305175781,42.75,43.029998779296875,108500
2007-06-19,42.849998474121094,42.959999084472656,42.520000457763672,42.520000457763672,144600
2007-06-20,42.650001525878906,42.650001525878906,42.150001525878906,42.439998626708984,96800
2007-06-21,42.950000762939453,42.950000762939453,42.270000457763672,42.439998626708984,47700
2007-06-22,42.549999237060547,42.639999389648438,42.25,42.419998168945312,55100
2007-06-25,41.700000762939453,42.450000762939453,41.659999847412109,42.380001068115234,219500
2007-06-26,41.900001525878906,42.049999237060547,41.639999389648438,41.740001678466797,183600
2007-06-27,41.549999237060547,42.25,41.299999237060547,41.880001068115234,72400
2007-06-28,42.450000762939453,42.5,41.900001525878906,41.900001525878906,98600
2007-06-29,42.549999237060547,42.680000305175781,42.290000915527344,42.490001678466797,247700
2007-07-02,42.310001373291016,43,42.150001525878906,42.75,69000
2007-07-03,42.700000762939453,42.939998626708984,42.509998321533203,42.669998168945312,64900
2007-07-05,43.349998474121094,43.360000610351562,42.729999542236328,43.180000305175781,148300
2007-07-06,43.229999542236328,43.549999237060547,43.220001220703125,43.419998168945312,122800
2007-07-09,43.569999694824219,43.669998168945312,43.229999542236328,43.419998168945312,125100
2007-07-10,43.270000457763672,44,43.159999847412109,43.680000305175781,87000
2007-07-11,43.680000305175781,43.909999847412109,43.409999847412109,43.650001525878906,232100
2007-07-12,44,44.150001525878906,43.400001525878906,43.650001525878906,65800
2007-07-13,43.700000762939453,44.279998779296875,43.700000762939453,44.229999542236328,159000
2007-07-16,43.959999084472656,44,43.259998321533203,43.459999084472656,275800
2007-07-17,43.759998321533203,43.939998626708984,43.209999084472656,43.419998168945312,84700
2007-07-18,43.490001678466797,44.139999389648438,43.419998168945312,44.139999389648438,176400
2007-07-19,44.220001220703125,44.619998931884766,44.209999084472656,44.610000610351562,45800
2007-07-20,44.779998779296875,44.779998779296875,44.299999237060547,44.430000305175781,102900
2007-07-23,43.979999542236328,43.990001678466797,43.669998168945312,43.849998474121094,34400
2007-07-24,43.439998626708984,43.439998626708984,42.959999084472656,43.270000457763672,139700
2007-07-25,43.150001525878906,43.959999084472656,42.919998168945312,43.900001525878906,73800
2007-07-26,44.299999237060547,44.319999694824219,43.139999389648438,43.75,70100
2007-07-27,43.709999084472656,44.520000457763672,43.630001068115234,44.150001525878906,48100
2007-07-30,44.150001525878906,44.360000610351562,43.880001068115234,44.150001525878906,214400
2007-07-31,44.450000762939453,44.860000610351562,44.180000305175781,44.520000457763672,230200
2007-08-01,44.549999237060547,44.619998931884766,43.659999847412109,44.180000305175781,163900
2007-08-02,44.099998474121094,44.360000610351562,43.930000305175781,44.119998931884766,43300
2007-08-03,44.150001525878906,44.150001525878906,43.419998168945312,43.580001831054688,36800
2007-08-06,42.700000762939453,42.889999389648438,41.849998474121094,42.200000762939453,203000
2007-08-07,42.319999694824219,42.619998931884766,42.080001831054688,42.619998931884766,103300
2007-08-08,42.349998474121094,42.700000762939453,41.840000152587891,42.549999237060547,99000
2007-08-09,42,42.450000762939453,41.229999542236328,42.310001373291016,98800
2007-08-10,42,42.319999694824219,41.389999389648438,42.200000762939453,119300
2007-08-13,42.75,43.020000457763672,41.909999847412109,42.549999237060547,102700
2007-08-14,42.630001068115234,42.680000305175781,42.150001525878906,42.639999389648438,73000
2007-08-15,42.849998474121094,43.290000915527344,42.490001678466797,42.880001068115234,80400
2007-08-16,42,42.080001831054688,41,41.950000762939453,104000
2007-08-17,42.099998474121094,42.299999237060547,41.830001831054688,42.25,73300
2007-08-20,41.799999237060547,41.799999237060547,41.099998474121094,41.099998474121094,81000
2007-08-21,41.400001525878906,41.549999237060547,40.639999389648438,41.049999237060547,79000
2007-08-22,41.430000305175781,41.430000305175781,40.639999389648438,41.040000915527344,32300
2007-08-23,41.549999237060547,41.590000152587891,40.669998168945312,41.099998474121094,75500
2007-08-24,41.349998474121094,42.080001831054688,41.349998474121094,42.040000915527344,32900
2007-08-27,41.599998474121094,42.189998626708984,41.430000305175781,42.009998321533203,24400
2007-08-28,42,42.200000762939453,41.669998168945312,42.009998321533203,32500
2007-08-29,40.299999237060547,42.650001525878906,40.299999237060547,42.590000152587891,32300
2007-08-30,42.599998474121094,42.840000152587891,42.400001525878906,42.709999084472656,64300
2007-08-31,43.150001525878906,43.360000610351562,42.709999084472656,43.099998474121094,233400
2007-09-04,43,43.580001831054688,42.950000762939453,43.580001831054688,85200
2007-09-05,43.400001525878906,43.740001678466797,43.220001220703125,43.549999237060547,53100
2007-09-06,44.099998474121094,44.110000610351562,43.490001678466797,43.869998931884766,31500
2007-09-07,43.75,44.049999237060547,43.470001220703125,43.700000762939453,29600
2007-09-10,43.799999237060547,44.799999237060547,43.659999847412109,44.450000762939453,26700
2007-09-11,44.400001525878906,45.130001068115234,44.270000457763672,45.029998779296875,166000
2007-09-12,45,45.659999847412109,45,45.630001068115234,97900
2007-09-13,45.5,45.630001068115234,45.060001373291016,45.380001068115234,48700
2007-09-14,45.400001525878906,45.75,45.180000305175781,45.319999694824219,55000
2007-09-17,45.599998474121094,46.139999389648438,45.409999847412109,46.139999389648438,230400
2007-09-18,45.900001525878906,46.740001678466797,45.540000915527344,46.360000610351562,82200
2007-09-19,46.599998474121094,46.669998168945312,46.049999237060547,46.479999542236328,51900
2007-09-20,46.75,47.150001525878906,46.290000915527344,47.009998321533203,134200
2007-09-21,47.060001373291016,47.590000152587891,46.590000152587891,47.020000457763672,165600
2007-09-24,47.020000457763672,47.25,46.669998168945312,46.909999847412109,62100
2007-09-25,46.700000762939453,46.700000762939453,46.220001220703125,46.479999542236328,49400
2007-09-26,46.830001831054688,46.919998168945312,45.930000305175781,46.200000762939453,120300
2007-09-27,47,47.790000915527344,46.939998626708984,47.689998626708984,67200
2007-09-28,48.099998474121094,48.099998474121094,47.029998779296875,47.169998168945312,54900
2007-10-01,47.299999237060547,47.299999237060547,46.450000762939453,46.569999694824219,158200
2007-10-02,46.509998321533203,46.700000762939453,46.029998779296875,46.529998779296875,100700
2007-10-03,46.669998168945312,46.830001831054688,46.259998321533203,46.540000915527344,97800
2007-10-04,46.349998474121094,47.139999389648438,46,47.139999389648438,46600
2007-10-05,47.049999237060547,47.979999542236328,46.400001525878906,46.5,62000
2007-10-08,46.069999694824219,46.150001525878906,45.310001373291016,45.770000457763672,69100
2007-10-09,45.25,46.310001373291016,45.25,46.060001373291016,47700
2007-10-10,46.080001831054688,46.680000305175781,46.040000915527344,46.680000305175781,39300
2007-10-11,47.029998779296875,47.560001373291016,46.840000152587891,47.349998474121094,55100
2007-10-12,47.349998474121094,47.619998931884766,47.189998626708984,47.509998321533203,57400
2007-10-15,48.200000762939453,48.599998474121094,47.970001220703125,48.5,80300
2007-10-16,48.599998474121094,48.889999389648438,48.099998474121094,48.099998474121094,97900
2007-10-17,48.610000610351562,49.169998168945312,48.380001068115234,48.659999847412109,53600
2007-10-18,48.75,49.5,48.75,49.430000305175781,30700
2007-10-19,49.029998779296875,49.259998321533203,48.790000915527344,49.200000762939453,72100
2007-10-22,48.400001525878906,48.819999694824219,47.869998931884766,48.549999237060547,69700
2007-10-23,49,49,48.060001373291016,48.290000915527344,113800
2007-10-24,47.900001525878906,48.889999389648438,47.900001525878906,48.669998168945312,128700
2007-10-25,49.200000762939453,50.25,48.919998168945312,50.25,88400
2007-10-26,50.900001525878906,50.900001525878906,50.060001373291016,50.240001678466797,344800
2007-10-29,50.659999847412109,51.439998626708984,50.650001525878906,51.319999694824219,81400
2007-10-30,50.729999542236328,51,49.990001678466797,50.279998779296875,75400
2007-10-31,50.790000915527344,51.779998779296875,49.799999237060547,50,275900
2007-11-01,51.380001068115234,51.590000152587891,50.669998168945312,51.349998474121094,97500
2007-11-02,51.599998474121094,52.75,51.419998168945312,52.75,316500
2007-11-05,51.439998626708984,52.259998321533203,51.220001220703125,51.919998168945312,108000
2007-11-06,52.450000762939453,52.75,52.270000457763672,52.669998168945312,82700
2007-11-07,53,53.020000457763672,51.75,52.200000762939453,161300
2007-11-08,52.779998779296875,53,51.759998321533203,52.099998474121094,182400
2007-11-09,51.909999847412109,52.470001220703125,51.680000305175781,52.389999389648438,63900
2007-11-12,52.5,52.5,50.849998474121094,51.400001525878906,246700
2007-11-13,51.799999237060547,51.799999237060547,49.740001678466797,50.369998931884766,102200
2007-11-14,50.380001068115234,51.490001678466797,50.380001068115234,51.319999694824219,25900
2007-11-15,51.610000610351562,51.610000610351562,50.259998321533203,51.099998474121094,68100
2007-11-16,51.860000610351562,51.860000610351562,50.979999542236328,51.490001678466797,37600
2007-11-19,51.630001068115234,51.650001525878906,51.040000915527344,51.549999237060547,32400
2007-11-20,52.060001373291016,53,51.689998626708984,53,93700
2007-11-21,53.009998321533203,53.009998321533203,52.069999694824219,52.490001678466797,115400
2007-11-23,53.340000152587891,53.340000152587891,52.549999237060547,52.75,115800
2007-11-26,53.25,53.319999694824219,52.450000762939453,52.450000762939453,131100
2007-11-27,53.240001678466797,53.240001678466797,51.119998931884766,51.569999694824219,207700
2007-11-28,52.25,52.25,49.759998321533203,50.799999237060547,79600
2007-11-29,50.159999847412109,51.419998168945312,50.159999847412109,50.740001678466797,58300
2007-11-30,51.840000152587891,51.840000152587891,49.310001373291016,49.770000457763672,203400
2007-12-03,49.799999237060547,50.110000610351562,48.720001220703125,50.110000610351562,219100
2007-12-04,50.240001678466797,50.490001678466797,48.860000610351562,48.900001525878906,120000
2007-12-05,50,50,48.900001525878906,49.090000152587891,262900
2007-12-06,48.450000762939453,50.5,48.450000762939453,50.5,277900
2007-12-07,50,50,49.099998474121094,49.930000305175781,69600
2007-12-10,50,50.209999084472656,49.119998931884766,49.490001678466797,34500
2007-12-11,50.150001525878906,50.330001831054688,49.310001373291016,50.020000457763672,54700
2007-12-12,50.650001525878906,52.099998474121094,50.590000152587891,51.779998779296875,67500
2007-12-13,51.830001831054688,51.959999084472656,51.299999237060547,51.650001525878906,126100
2007-12-14,51.659999847412109,51.659999847412109,50.779998779296875,51.5,62400
2007-12-17,50.599998474121094,51.099998474121094,50.419998168945312,50.479999542236328,91200
2007-12-18,51.270000457763672,51.540000915527344,50.229999542236328,50.959999084472656,63500
2007-12-19,50.889999389648438,51.590000152587891,50.830001831054688,50.880001068115234,61400
2007-12-20,51.200000762939453,51.299999237060547,50.729999542236328,51.130001068115234,75300
2007-12-21,51.419998168945312,51.840000152587891,51.099998474121094,51.75,45400
2007-12-24,51.75,52.200000762939453,51.5,52.200000762939453,185000
2007-12-26,52.729999542236328,53.270000457763672,52.439998626708984,53.270000457763672,58000
2007-12-27,52.529998779296875,53.259998321533203,52.529998779296875,53.130001068115234,78900
2007-12-28,53.270000457763672,53.369998931884766,52.490001678466797,52.810001373291016,98000
2007-12-31,52.860000610351562,53.849998474121094,52.25,52.740001678466797,47100
2008-01-02,53.75,54.900001525878906,53.5,54.659999847412109,361100
2008-01-03,54.639999389648438,55.150001525878906,54.319999694824219,54.659999847412109,165100
2008-01-04,54.400001525878906,55.020000457763672,53.729999542236328,54.299999237060547,194100
2008-01-07,54.049999237060547,54.049999237060547,52.639999389648438,52.680000305175781,227200
2008-01-08,53.810001373291016,54.159999847412109,53.490001678466797,53.700000762939453,340600
2008-01-09,53.709999084472656,54.229999542236328,53.069999694824219,53.5,245700
2008-01-10,52.700000762939453,52.959999084472656,52.340000152587891,52.759998321533203,75100
2008-01-11,52.509998321533203,52.729999542236328,52.020000457763672,52.650001525878906,86200
2008-01-14,52.819999694824219,53.360000610351562,52.729999542236328,53.360000610351562,212300
2008-01-15,52.569999694824219,52.569999694824219,51.889999389648438,52.389999389648438,146800
2008-01-16,51.729999542236328,51.919998168945312,50.889999389648438,51.349998474121094,229100
2008-01-17,52.069999694824219,52.150001525878906,51.069999694824219,51.099998474121094,214200
2008-01-18,51.729999542236328,51.849998474121094,51.130001068115234,51.450000762939453,100200
2008-01-22,50,51.220001220703125,49.959999084472656,50.470001220703125,555400
2008-01-23,49.580001831054688,50.439998626708984,49.450000762939453,49.860000610351562,237600
2008-01-24,50.459999084472656,51.090000152587891,50.150001525878906,50.729999542236328,121200
2008-01-25,51.790000915527344,51.970001220703125,51.400001525878906,51.790000915527344,93400
2008-01-28,51.409999847412109,52.259998321533203,51,52.259998321533203,307500
2008-01-29,52.310001373291016,52.549999237060547,52.040000915527344,52.509998321533203,267200
2008-01-30,52.740001678466797,52.740001678466797,52.119998931884766,52.509998321533203,167300
2008-01-31,52.060001373291016,52.799999237060547,51.330001831054688,52.5,64800
2008-02-01,52.299999237060547,52.299999237060547,51.090000152587891,51.520000457763672,161400
2008-02-04,51.599998474121094,52.299999237060547,51.220001220703125,52,91400
2008-02-05,51.349998474121094,51.590000152587891,51.040000915527344,51.430000305175781,84100
2008-02-06,51.659999847412109,51.939998626708984,51.099998474121094,51.240001678466797,183800
2008-02-07,51,51.810001373291016,50.970001220703125,51.639999389648438,77200
2008-02-08,52.159999847412109,53.770000457763672,52.159999847412109,53.619998931884766,213400
2008-02-11,53.900001525878906,55,53.419998168945312,54.130001068115234,119800
2008-02-12,53.869998931884766,54.229999542236328,53.419998168945312,53.5,178500
2008-02-13,53.080001831054688,53.950000762939453,53.080001831054688,53.779998779296875,172100
2008-02-14,54.389999389648438,55.220001220703125,54.25,54.849998474121094,408500
2008-02-15,55.360000610351562,55.490001678466797,54.509998321533203,55,253700
2008-02-19,56.409999847412109,56.919998168945312,55.959999084472656,56.549999237060547,233400
2008-02-20,56.450000762939453,57.220001220703125,56.130001068115234,56.650001525878906,321400
2008-02-21,56.650001525878906,57.189998626708984,55.970001220703125,56.290000915527344,548000
2008-02-22,56.650001525878906,56.979999542236328,55.959999084472656,56.919998168945312,112700
2008-02-25,57.060001373291016,57.509998321533203,56.599998474121094,57.509998321533203,122500
2008-02-26,57.560001373291016,58.979999542236328,57.169998168945312,58.979999542236328,447700
2008-02-27,57.909999847412109,58.5,57.569999694824219,57.970001220703125,197700
2008-02-28,58.430000305175781,59.159999847412109,58.099998474121094,59.159999847412109,283900
2008-02-29,58.979999542236328,59.009998321533203,58.290000915527344,58.409999847412109,312700
2008-03-03,59.560001373291016,59.860000610351562,58.849998474121094,59.189998626708984,326600
2008-03-04,59.290000915527344,59.430000305175781,57.200000762939453,57.770000457763672,444200
2008-03-05,58.319999694824219,59.950000762939453,58.319999694824219,59.509998321533203,151800
2008-03-06,59.790000915527344,60.110000610351562,58.950000762939453,60.099998474121094,492900
2008-03-07,59.700000762939453,60.229999542236328,59.159999847412109,59.5,440200
2008-03-10,59.130001068115234,60.799999237060547,58.650001525878906,60.549999237060547,254000
2008-03-11,60.930000305175781,61.340000152587891,60.139999389648438,61.299999237060547,163400
2008-03-12,61.099998474121094,61.770000457763672,60.459999084472656,61.490001678466797,125700
2008-03-13,61.75,62.369998931884766,61.5,62,242800
2008-03-14,61.950000762939453,62.400001525878906,61,61.680000305175781,269400
2008-03-17,60,60.299999237060547,57.610000610351562,58.5,486400
2008-03-18,59.25,60.860000610351562,59.159999847412109,60.139999389648438,233500
2008-03-19,59.580001831054688,59.580001831054688,56.119998931884766,56.119998931884766,631800
2008-03-20,55.599998474121094,57.200000762939453,55.529998779296875,56.259998321533203,779000
2008-03-24,56.740001678466797,57.459999084472656,56.220001220703125,56.939998626708984,595100
2008-03-25,57.5,58.040000915527344,56.930000305175781,58.029998779296875,187800
2008-03-26,58.5,59.580001831054688,58.369998931884766,59.299999237060547,211700
2008-03-27,59.349998474121094,60.639999389648438,59.220001220703125,60.639999389648438,213500
2008-03-28,60.229999542236328,60.229999542236328,58.75,59.259998321533203,201300
2008-03-31,59.040000915527344,59.549999237060547,57,57.860000610351562,174700
2008-04-01,57.060001373291016,57.830001831054688,56.299999237060547,56.880001068115234,319900
2008-04-02,56.979999542236328,58.790000915527344,56.639999389648438,58.490001678466797,107200
2008-04-03,58.310001373291016,59.25,58.090000152587891,58.459999084472656,134200
2008-04-04,58.909999847412109,59.709999084472656,58.840000152587891,59.669998168945312,547700
2008-04-07,60.619998931884766,60.880001068115234,60.340000152587891,60.590000152587891,196700
2008-04-08,60.540000915527344,60.740001678466797,60.080001831054688,60.279998779296875,113600
2008-04-09,60.459999084472656,62.200000762939453,60.459999084472656,61.650001525878906,125500
2008-04-10,62.189998626708984,62.220001220703125,61.029998779296875,61.409999847412109,226000
2008-04-11,61.169998168945312,61.409999847412109,60.889999389648438,61.159999847412109,125200
2008-04-14,61.259998321533203,61.970001220703125,61.220001220703125,61.970001220703125,103500
2008-04-15,62.470001220703125,62.979999542236328,62.470001220703125,62.880001068115234,286900
2008-04-16,63.040000915527344,64.110000610351562,62.470001220703125,64.110000610351562,425400
2008-04-17,63.720001220703125,63.810001373291016,63.200000762939453,63.639999389648438,191000
2008-04-18,62.939998626708984,64.129997253417969,62.509998321533203,64.129997253417969,211000
2008-04-21,63.959999084472656,63.959999084472656,63.159999847412109,63.709999084472656,119300
2008-04-22,63.950000762939453,64.889999389648438,63.759998321533203,64.739997863769531,249200
2008-04-23,64.19000244140625,64.779998779296875,63.790000915527344,64.699996948242188,286900
2008-04-24,63.889999389648438,64.410003662109375,63,63.310001373291016,317800
2008-04-25,63.470001220703125,64.889999389648438,63.470001220703125,64.30999755859375,120300
2008-04-28,64.919998168945312,64.949996948242188,64.389999389648438,64.779998779296875,361700
2008-04-29,63.970001220703125,64.089996337890625,62.970001220703125,63.029998779296875,292200
2008-04-30,63.290000915527344,63.590000152587891,62.159999847412109,62.599998474121094,186900
2008-05-01,62.069999694824219,62.069999694824219,60.619998931884766,61.529998779296875,267900
2008-05-02,61.5,63.310001373291016,61.5,63.080001831054688,244200
2008-05-05,63.889999389648438,64.980003356933594,63.889999389648438,64.790000915527344,112700
2008-05-06,65,65.989997863769531,64.980003356933594,65.800003051757812,184700
2008-05-07,65.599998474121094,66.5,65,66.5,145600
2008-05-08,66.419998168945312,67.150001525878906,66.010002136230469,67.040000915527344,317700
2008-05-09,67.849998474121094,68.029998779296875,67.040000915527344,67.680000305175781,284300
2008-05-12,67.480003356933594,67.800003051757812,66.830001831054688,66.959999084472656,184000
2008-05-13,66.889999389648438,68.050003051757812,66.580001831054688,67.760002136230469,108000
2008-05-14,67.599998474121094,67.599998474121094,66.900001525878906,66.980003356933594,137200
2008-05-15,67.889999389648438,67.889999389648438,65.800003051757812,66.959999084472656,167300
2008-05-16,68.260002136230469,68.339996337890625,67.30999755859375,67.959999084472656,208500
2008-05-19,67.94000244140625,68.050003051757812,67.150001525878906,67.879997253417969,213800
2008-05-20,68.5,68.980003356933594,68.449996948242188,68.760002136230469,75900
2008-05-21,68.989997863769531,70.94000244140625,68.860000610351562,70.75,153400
2008-05-22,70.800003051757812,71.05999755859375,69.470001220703125,69.699996948242188,259300
2008-05-23,70.599998474121094,70.760002136230469,69.379997253417969,69.900001525878906,131900
2008-05-27,69.599998474121094,69.760002136230469,68.5,68.550003051757812,108000
2008-05-28,68.129997253417969,69.779998779296875,67.900001525878906,69.5,123900
2008-05-29,68.660003662109375,70.379997253417969,67.080001831054688,67.319999694824219,380700
2008-05-30,67.910003662109375,68.279998779296875,66.800003051757812,67.900001525878906,173800
2008-06-02,67.69000244140625,69,67.339996337890625,68.230003356933594,387700
2008-06-03,68.400001525878906,68.400001525878906,67.019996643066406,67.019996643066406,367800
2008-06-04,66.589996337890625,67,66,66.110000610351562,194700
2008-06-05,66.790000915527344,68.839996337890625,66.529998779296875,68.599998474121094,206400
2008-06-06,71.080001831054688,72.970001220703125,70.629997253417969,72.680000305175781,230300
2008-06-09,72.029998779296875,72.459999084472656,70.849998474121094,71.050003051757812,152300
2008-06-10,71.660003662109375,72.279998779296875,69.720001220703125,70.269996643066406,301100
2008-06-11,71.139999389648438,73.5,71.139999389648438,72.300003051757812,341500
2008-06-12,71.389999389648438,72.989997863769531,70.819999694824219,72.879997253417969,646300
2008-06-13,71.779998779296875,72.489997863769531,71.419998168945312,72,209000
2008-06-16,73.779998779296875,73.959999084472656,71.830001831054688,72.040000915527344,371400
2008-06-17,71.760002136230469,72.550003051757812,71.580001831054688,72.169998168945312,204800
2008-06-18,72.349998474121094,73.44000244140625,71.5,73.279998779296875,210100
2008-06-19,73.360000610351562,73.360000610351562,71.180000305175781,71.339996337890625,217800
2008-06-20,72.639999389648438,73.279998779296875,72.010002136230469,72.199996948242188,128600
2008-06-23,72.330001831054688,73.389999389648438,72.330001831054688,72.989997863769531,125300
2008-06-24,72.930000305175781,73.319999694824219,72.510002136230469,72.959999084472656,157300
2008-06-25,72.680000305175781,72.699996948242188,70.889999389648438,71.94000244140625,218200
2008-06-26,72.900001525878906,74.680000305175781,72.900001525878906,74.510002136230469,174000
2008-06-27,74.870002746582031,75.599998474121094,74.44000244140625,74.730003356933594,280400
2008-06-30,75.629997253417969,75.650001525878906,73.819999694824219,74.910003662109375,406400
2008-07-01,75.529998779296875,75.529998779296875,74.370002746582031,74.949996948242188,587800
2008-07-02,74.650001525878906,76.379997253417969,74.44000244140625,76.379997253417969,407300
2008-07-03,76.580001831054688,76.580001831054688,75.75,76.349998474121094,466100
2008-07-07,74.589996337890625,75.110000610351562,73.620002746582031,74.569999694824219,268900
2008-07-08,72.650001525878906,72.879997253417969,71.279998779296875,72,440900
2008-07-09,72.139999389648438,72.639999389648438,71.510002136230469,71.550003051757812,445500
2008-07-10,72.639999389648438,74.300003051757812,72.25,73.910003662109375,154500
2008-07-11,76.120002746582031,76.55999755859375,74.44000244140625,75.319999694824219,141100
2008-07-14,75.019996643066406,75.580001831054688,74.709999084472656,75.050003051757812,130800
2008-07-15,75.30999755859375,75.400001525878906,71.339996337890625,72.419998168945312,246200
2008-07-16,71.849998474121094,72.050003051757812,69.540000915527344,71.050003051757812,307100
2008-07-17,70.75,71.779998779296875,68.290000915527344,68.589996337890625,659700
2008-07-18,68.599998474121094,69.300003051757812,67.769996643066406,67.800003051757812,573000
2008-07-21,68.139999389648438,68.900001525878906,67.680000305175781,68.779998779296875,357400
2008-07-22,68.150001525878906,68.150001525878906,66.449996948242188,67,485300
2008-07-23,66.519996643066406,67.069999694824219,65,65.370002746582031,727500
2008-07-24,65.529998779296875,65.900001525878906,64.660003662109375,65.400001525878906,496500
2008-07-25,65.160003662109375,65.180000305175781,64.330001831054688,64.949996948242188,197000
2008-07-28,65,65.459999084472656,64.660003662109375,65.269996643066406,386800
2008-07-29,64.830001831054688,64.980003356933594,63.400001525878906,64.050003051757812,252000
2008-07-30,63.770000457763672,65.900001525878906,63.400001525878906,65.519996643066406,384600
2008-07-31,65.919998168945312,65.919998168945312,64.400001525878906,64.930000305175781,307300
2008-08-01,64.269996643066406,66.349998474121094,64.180000305175781,65.010002136230469,746000
2008-08-04,64.519996643066406,64.779998779296875,62.159999847412109,62.950000762939453,272400
2008-08-05,61.950000762939453,62.75,61.259998321533203,61.5,739200
2008-08-06,61.610000610351562,62.130001068115234,60.599998474121094,61.110000610351562,558100
2008-08-07,62.040000915527344,62.290000915527344,60.970001220703125,61.470001220703125,227900
2008-08-08,60.540000915527344,61.130001068115234,58.919998168945312,59.020000457763672,350900
2008-08-11,59.400001525878906,59.939998626708984,58.340000152587891,59.080001831054688,416700
2008-08-12,59.369998931884766,59.369998931884766,58.099998474121094,58.240001678466797,268300
2008-08-13,58.389999389648438,60.770000457763672,58.389999389648438,60.529998779296875,242100
2008-08-14,59.979999542236328,60.5,58.830001831054688,59.790000915527344,236100
2008-08-15,58.869998931884766,59.189998626708984,58.139999389648438,58.619998931884766,410600
2008-08-18,58.959999084472656,59.529998779296875,58.430000305175781,58.450000762939453,152200
2008-08-19,58.700000762939453,60.340000152587891,58.279998779296875,60.139999389648438,108200
2008-08-20,60.479999542236328,60.729999542236328,59.009998321533203,60.619998931884766,214400
2008-08-21,61.689998626708984,63.729999542236328,61.509998321533203,63.729999542236328,369400
2008-08-22,62.5,62.5,59.900001525878906,60.270000457763672,188500
2008-08-25,60.479999542236328,60.540000915527344,59.720001220703125,60.180000305175781,89000
2008-08-26,60.459999084472656,60.990001678466797,60.090000152587891,60.509998321533203,167200
2008-08-27,61.400001525878906,62.049999237060547,60.680000305175781,61.330001831054688,264700
2008-08-28,62.220001220703125,62.220001220703125,59.279998779296875,60.200000762939453,90900
2008-08-29,60.689998626708984,61.130001068115234,59.759998321533203,60.069999694824219,96100
2008-09-02,56.509998321533203,57.709999084472656,55.979999542236328,57.639999389648438,472100
2008-09-03,56.319999694824219,57.240001678466797,55.970001220703125,57.220001220703125,732500
2008-09-04,56.869998931884766,57.049999237060547,55.360000610351562,56.220001220703125,448800
2008-09-05,55.909999847412109,56.209999084472656,54.770000457763672,55.270000457763672,214700
2008-09-08,56.549999237060547,56.619998931884766,54.689998626708984,55.270000457763672,175400
2008-09-09,54.150001525878906,54.909999847412109,53.549999237060547,54.049999237060547,294800
2008-09-10,54.5,54.990001678466797,53.549999237060547,54.389999389648438,522400
2008-09-11,54.029998779296875,54.380001068115234,53.319999694824219,53.560001373291016,294600
2008-09-12,54.340000152587891,54.759998321533203,53.659999847412109,53.950000762939453,196700
2008-09-15,51.919998168945312,52.849998474121094,51.430000305175781,51.680000305175781,164300
2008-09-16,49.849998474121094,51.060001373291016,49.700000762939453,50.740001678466797,200300
2008-09-17,50.849998474121094,52.779998779296875,50.080001831054688,52.470001220703125,1009500
2008-09-18,53.130001068115234,54.009998321533203,51.650001525878906,52.630001068115234,389500
2008-09-19,54.529998779296875,54.659999847412109,53.020000457763672,54.5,619900
2008-09-22,55.849998474121094,57.909999847412109,55.840000152587891,57.25,412100
2008-09-23,57.389999389648438,57.389999389648438,55,56.419998168945312,119700
2008-09-24,56.909999847412109,57.459999084472656,55.610000610351562,55.770000457763672,118900
2008-09-25,55.209999084472656,56.830001831054688,55.209999084472656,56.549999237060547,153400
2008-09-26,55.349998474121094,56.080001831054688,55,55.759998321533203,75700
2008-09-29,53.240001678466797,53.5,50.590000152587891,50.590000152587891,284800
2008-09-30,51.849998474121094,53.799999237060547,51.540000915527344,53.799999237060547,339500
2008-10-01,52.139999389648438,52.689998626708984,50.930000305175781,52.229999542236328,915300
2008-10-02,50.950000762939453,51.220001220703125,49.240001678466797,49.279998779296875,300200
2008-10-03,49.049999237060547,50.400001525878906,48.639999389648438,48.900001525878906,172200
2008-10-06,47.610000610351562,47.970001220703125,45.689998626708984,45.990001678466797,419200
2008-10-07,47.270000457763672,47.520000457763672,45.970001220703125,46.369998931884766,168200
2008-10-08,45.389999389648438,46.900001525878906,45.200000762939453,46.380001068115234,221400
2008-10-09,46.509998321533203,46.819999694824219,43.990001678466797,43.990001678466797,165000
2008-10-10,42.180000305175781,43.520000457763672,40.979999542236328,42.950000762939453,688000
2008-10-13,42.799999237060547,44.209999084472656,42.709999084472656,43.779998779296875,179500
2008-10-14,44.900001525878906,45.080001831054688,42.790000915527344,43.5,327000
2008-10-15,41.439998626708984,41.900001525878906,40.380001068115234,40.860000610351562,238000
2008-10-16,40.450000762939453,40.450000762939453,38.189998626708984,40.020000457763672,186500
2008-10-17,39.549999237060547,40.779998779296875,39.040000915527344,40.090000152587891,108400
2008-10-20,40.610000610351562,41.400001525878906,39.900001525878906,41.319999694824219,150100
2008-10-21,39.840000152587891,40.139999389648438,39.069999694824219,40.060001373291016,160600
2008-10-22,38.799999237060547,38.799999237060547,37.319999694824219,37.720001220703125,112200
2008-10-23,37.939998626708984,38.560001373291016,37.430000305175781,38.349998474121094,133400
2008-10-24,35.569999694824219,36.700000762939453,35.5,36.540000915527344,153800
2008-10-27,35.459999084472656,36.959999084472656,35.279998779296875,35.540000915527344,70100
2008-10-28,36.619998931884766,36.959999084472656,35.369998931884766,36.279998779296875,117800
2008-10-29,37.459999084472656,38.950000762939453,37.459999084472656,38.189998626708984,276100
2008-10-30,38.459999084472656,38.5,36.650001525878906,37.419998168945312,206600
2008-10-31,36.560001373291016,38.389999389648438,36.279998779296875,37.840000152587891,526500
2008-11-03,37.240001678466797,37.75,36.580001831054688,37.009998321533203,353600
2008-11-04,38.119998931884766,40.400001525878906,37.810001373291016,39.830001831054688,431800
2008-11-05,38.810001373291016,39.259998321533203,37.369998931884766,37.639999389648438,147800
2008-11-06,36.909999847412109,37.020000457763672,35.099998474121094,35.819999694824219,215400
2008-11-07,35.580001831054688,36.060001373291016,35.25,35.659999847412109,343900
2008-11-10,37.240001678466797,37.25,35,36.299999237060547,282300
2008-11-11,35.529998779296875,35.529998779296875,34.299999237060547,34.700000762939453,197800
2008-11-12,34.299999237060547,34.299999237060547,33,33.459999084472656,195800
2008-11-13,33.459999084472656,34.720001220703125,32.639999389648438,34.389999389648438,245400
2008-11-14,33.779998779296875,34.240001678466797,33.150001525878906,33.349998474121094,192600
2008-11-17,33.380001068115234,34.369998931884766,33.009998321533203,33.180000305175781,148500
2008-11-18,33,33.490001678466797,32.409999847412109,32.409999847412109,117700
2008-11-19,32.740001678466797,33.150001525878906,32.279998779296875,32.290000915527344,117300
2008-11-20,31.129999160766602,31.639999389648438,30.110000610351562,30.110000610351562,201700
2008-11-21,30.909999847412109,31.229999542236328,30.399999618530273,30.979999542236328,212600
2008-11-24,31.760000228881836,33.340000152587891,31.329999923706055,33.279998779296875,420400
2008-11-25,32.419998168945312,32.439998626708984,31.510000228881836,31.520000457763672,704200
2008-11-26,32.569999694824219,33.599998474121094,31.899999618530273,33.599998474121094,263400
2008-11-28,32.479999542236328,32.479999542236328,31.840000152587891,32.209999084472656,101600
2008-12-01,31.5,31.809999465942383,30.5,30.739999771118164,183200
2008-12-02,31.079999923706055,31.129999160766602,29.659999847412109,30.010000228881836,228700
2008-12-03,29.610000610351562,29.899999618530273,29.020000457763672,29.479999542236328,333700
2008-12-04,29.219999313354492,29.479999542236328,27.600000381469727,27.870000839233398,333500
2008-12-05,26.989999771118164,27.639999389648438,26.25,27.260000228881836,498400
2008-12-08,27.700000762939453,28.979999542236328,27.559999465942383,28.670000076293945,1020100
2008-12-09,27.989999771118164,28.239999771118164,27.149999618530273,27.959999084472656,745600
2008-12-10,28.299999237060547,29.209999084472656,27.420000076293945,28.420000076293945,375800
2008-12-11,29.030000686645508,30.149999618530273,28.889999389648438,29.510000228881836,339700
2008-12-12,28.340000152587891,29.680000305175781,28.25,29.479999542236328,298600
2008-12-15,30.190000534057617,30.659999847412109,28.5,29.059999465942383,257500
2008-12-16,29.319999694824219,29.719999313354492,28.5,29.129999160766602,253700
2008-12-17,29.090000152587891,29.5,28.020000457763672,28.639999389648438,394600
2008-12-18,28.020000457763672,28.299999237060547,27.159999847412109,27.319999694824219,370600
2008-12-19,27.299999237060547,27.719999313354492,26.940000534057617,27.510000228881836,369700
2008-12-22,27.399999618530273,27.520000457763672,26.409999847412109,26.690000534057617,1399400
2008-12-23,26.739999771118164,26.780000686645508,25.860000610351562,26.670000076293945,309100
2008-12-24,26.049999237060547,26.149999618530273,25.780000686645508,26.090000152587891,139400
2008-12-26,25.260000228881836,26.229999542236328,25.260000228881836,26.149999618530273,179500
2008-12-29,27.040000915527344,27.159999847412109,26.209999084472656,26.659999847412109,439900
2008-12-30,26.790000915527344,27.399999618530273,26.209999084472656,26.799999237060547,583400
2008-12-31,26.530000686645508,28.850000381469727,26.219999313354492,28.610000610351562,218200
2009-01-02,28.399999618530273,30.049999237060547,28.299999237060547,29.610000610351562,331000
2009-01-05,29.950000762939453,30.809999465942383,29.690000534057617,30.629999160766602,217400
2009-01-06,31.549999237060547,31.670000076293945,30.690000534057617,31.200000762939453,336200
2009-01-07,30.930000305175781,30.959999084472656,28.729999542236328,29.020000457763672,627900
2009-01-08,29.020000457763672,29.170000076293945,28,28.620000839233398,262700
2009-01-09,28.290000915527344,28.649999618530273,27.709999084472656,28.370000839233398,281100
2009-01-12,27.979999542236328,28,27,27.030000686645508,197500
2009-01-13,27.549999237060547,27.819999694824219,27.010000228881836,27.629999160766602,286200
2009-01-14,27.5,27.530000686645508,26.5,27.200000762939453,360000
2009-01-15,26.700000762939453,27.149999618530273,26.100000381469727,26.129999160766602,574400
2009-01-16,26.909999847412109,27.129999160766602,26.420000076293945,26.610000610351562,195300
2009-01-20,26.090000152587891,26.549999237060547,25.280000686645508,25.700000762939453,172100
2009-01-21,25.879999160766602,26.389999389648438,25.540000915527344,26.139999389648438,198800
2009-01-22,25.870000839233398,26.159999847412109,25.290000915527344,25.959999084472656,153200
2009-01-23,25.780000686645508,27.280000686645508,25.510000228881836,26.729999542236328,245200
2009-01-26,27.100000381469727,27.940000534057617,26.959999084472656,27.049999237060547,174200
2009-01-27,26.489999771118164,26.559999465942383,26.020000457763672,26.309999465942383,733300
2009-01-28,25.979999542236328,26.600000381469727,25.549999237060547,26.290000915527344,669600
2009-01-29,25.700000762939453,26.540000915527344,25.600000381469727,26.420000076293945,484300
2009-01-30,26.489999771118164,26.719999313354492,25.610000610351562,25.649999618530273,376000
2009-02-02,25.280000686645508,26.110000610351562,25.280000686645508,25.819999694824219,649200
2009-02-03,25.5,26.030000686645508,25.209999084472656,25.850000381469727,1823200
2009-02-04,26.090000152587891,26.100000381469727,25.329999923706055,25.620000839233398,574400
2009-02-05,25.620000839233398,26.020000457763672,25.25,25.870000839233398,506900
2009-02-06,25.659999847412109,26.190000534057617,25.100000381469727,25.770000457763672,547900
2009-02-09,26.200000762939453,26.540000915527344,25.450000762939453,25.649999618530273,319800
2009-02-10,26,26.159999847412109,24.729999542236328,25.200000762939453,436100
2009-02-11,24.959999084472656,25.129999160766602,24.319999694824219,24.530000686645508,332300
2009-02-12,24.350000381469727,24.729999542236328,24,24.729999542236328,252300
2009-02-13,24.270000457763672,24.489999771118164,23.799999237060547,24.010000228881836,411500
2009-02-17,23.280000686645508,23.280000686645508,22.299999237060547,22.340000152587891,354400
2009-02-18,22.340000152587891,22.549999237060547,21.969999313354492,22.090000152587891,352600
2009-02-19,22.590000152587891,22.799999237060547,21.909999847412109,22.590000152587891,245300
2009-02-20,22.069999694824219,22.639999389648438,21.850000381469727,22.399999618530273,360300
2009-02-23,23.129999160766602,23.129999160766602,22,22.100000381469727,199900
2009-02-24,22.350000381469727,22.860000610351562,22.100000381469727,22.780000686645508,194100
2009-02-25,23.040000915527344,23.649999618530273,22.659999847412109,23.559999465942383,192200
2009-02-26,23.739999771118164,24.309999465942383,23.739999771118164,24.190000534057617,147600
2009-02-27,23.370000839233398,24.139999389648438,23.360000610351562,24.079999923706055,161800
2009-03-02,23.149999618530273,23.270000457763672,22.309999465942383,22.479999542236328,385900
2009-03-03,23.100000381469727,24.100000381469727,22.409999847412109,22.930000305175781,275700
2009-03-04,23.659999847412109,24.290000915527344,23.659999847412109,24.030000686645508,181700
2009-03-05,23.889999389648438,23.979999542236328,23.110000610351562,23.680000305175781,204800
2009-03-06,23.850000381469727,24.170000076293945,23.520000457763672,24.170000076293945,243800
2009-03-09,24.149999618530273,24.860000610351562,23.790000915527344,24.319999694824219,288900
2009-03-10,24.709999084472656,24.870000839233398,23.760000228881836,24.100000381469727,531100
2009-03-11,23.799999237060547,24.149999618530273,22.950000762939453,23.100000381469727,262000
2009-03-12,23.149999618530273,24.389999389648438,23.149999618530273,24.389999389648438,249600
2009-03-13,24.370000839233398,24.700000762939453,24.030000686645508,24.049999237060547,581600
2009-03-16,23.639999389648438,24.600000381469727,23.549999237060547,24.360000610351562,366400
2009-03-17,24.559999465942383,25.219999313354492,24.280000686645508,25.010000228881836,321800
2009-03-18,25.020000457763672,25.950000762939453,24.290000915527344,25.270000457763672,472400
2009-03-19,26.090000152587891,29.139999389648438,25.670000076293945,25.979999542236328,1327500
2009-03-20,25.969999313354492,26.440000534057617,25.870000839233398,26.389999389648438,602300
2009-03-23,26.430000305175781,27.110000610351562,26.260000228881836,27.090000152587891,566700
2009-03-24,26.870000839233398,26.989999771118164,26.430000305175781,26.829999923706055,595400
2009-03-25,26.420000076293945,26.819999694824219,26.139999389648438,26.389999389648438,507400
2009-03-26,26.75,26.930000305175781,26.350000381469727,26.700000762939453,234600
2009-03-27,26.090000152587891,26.100000381469727,25.770000457763672,25.940000534057617,284300
2009-03-30,25.350000381469727,25.350000381469727,24.559999465942383,24.790000915527344,530000
2009-03-31,24.930000305175781,25.299999237060547,24.430000305175781,25.180000305175781,564500
2009-04-01,24.739999771118164,24.899999618530273,24.459999084472656,24.860000610351562,318700
2009-04-02,26.059999465942383,26.329999923706055,25.760000228881836,26.239999771118164,496400
2009-04-03,26.159999847412109,26.450000762939453,25.790000915527344,26.239999771118164,485100
2009-04-06,25.930000305175781,26.25,25.540000915527344,26,260300
2009-04-07,25.569999694824219,25.760000228881836,25.319999694824219,25.430000305175781,299300
2009-04-08,24.989999771118164,26.059999465942383,24.989999771118164,25.510000228881836,324900
2009-04-09,26.370000839233398,26.440000534057617,25.780000686645508,26.399999618530273,588100
2009-04-13,25.579999923706055,26.270000457763672,25.5,25.889999389648438,549500
2009-04-14,25.920000076293945,26.299999237060547,25.540000915527344,25.600000381469727,804800
2009-04-15,25.760000228881836,25.920000076293945,25.399999618530273,25.920000076293945,274000
2009-04-16,25.959999084472656,26.139999389648438,25.600000381469727,26.100000381469727,1679400
2009-04-17,25.909999847412109,26.079999923706055,25.700000762939453,25.840000152587891,610300
2009-04-20,24.940000534057617,24.969999313354492,24.209999084472656,24.299999237060547,539400
2009-04-21,24,24.739999771118164,23.799999237060547,24.489999771118164,512000
2009-04-22,24.360000610351562,24.549999237060547,24.090000152587891,24.270000457763672,883300
2009-04-23,24.629999160766602,24.659999847412109,24.270000457763672,24.659999847412109,239100
2009-04-24,24.989999771118164,25.25,24.930000305175781,25.129999160766602,272600
2009-04-27,24.129999160766602,24.870000839233398,23.989999771118164,24.399999618530273,509800
2009-04-28,24.200000762939453,24.409999847412109,24.139999389648438,24.319999694824219,366900
2009-04-29,24.829999923706055,25.040000915527344,24.420000076293945,24.899999618530273,321200
2009-04-30,24.770000457763672,25.049999237060547,24.569999694824219,24.790000915527344,413300
2009-05-01,25.319999694824219,25.909999847412109,25.180000305175781,25.819999694824219,390700
2009-05-04,26.079999923706055,26.440000534057617,25.920000076293945,26.430000305175781,472000
2009-05-05,26.590000152587891,26.709999084472656,26,26.239999771118164,609100
2009-05-06,26.780000686645508,27.120000839233398,26.520000457763672,27.100000381469727,498800
2009-05-07,27.840000152587891,27.879999160766602,27,27.309999465942383,855500
2009-05-08,27.75,28.120000839233398,27.540000915527344,28.100000381469727,787900
2009-05-11,27.819999694824219,28.049999237060547,27.5,28.049999237060547,744100
2009-05-12,28.329999923706055,28.329999923706055,27.5,28.090000152587891,714000
2009-05-13,28,28.180000305175781,27.530000686645508,27.680000305175781,475000
2009-05-14,27.530000686645508,27.959999084472656,27.209999084472656,27.790000915527344,382200
2009-05-15,27.5,27.719999313354492,26.889999389648438,26.889999389648438,474800
2009-05-18,27.479999542236328,28.040000915527344,27.280000686645508,27.979999542236328,799600
2009-05-19,28.020000457763672,28.090000152587891,27.620000839233398,27.959999084472656,576500
2009-05-20,28.329999923706055,28.690000534057617,28.209999084472656,28.5,533800
2009-05-21,27.959999084472656,28.329999923706055,27.700000762939453,28.170000076293945,712900
2009-05-22,28.239999771118164,28.489999771118164,28.059999465942383,28.440000534057617,401500
2009-05-26,27.790000915527344,28.639999389648438,27.680000305175781,28.479999542236328,568400
2009-05-27,28.899999618530273,29,28.520000457763672,28.700000762939453,559400
2009-05-28,28.899999618530273,29.600000381469727,28.860000610351562,29.420000076293945,887100
2009-05-29,29.909999847412109,30.120000839233398,29.549999237060547,30.120000839233398,950200
2009-06-01,30.600000381469727,31.090000152587891,30.399999618530273,31.020000457763672,1233500
2009-06-02,30.600000381469727,31.120000839233398,30.520000457763672,31,6399500
2009-06-03,30.559999465942383,30.600000381469727,29.399999618530273,29.719999313354492,990400
2009-06-04,30.430000305175781,31.010000228881836,30.180000305175781,30.920000076293945,919700
2009-06-05,30.809999465942383,30.930000305175781,30.350000381469727,30.5,1171200
2009-06-08,30.479999542236328,30.690000534057617,30.299999237060547,30.549999237060547,502800
2009-06-09,30.879999160766602,31.129999160766602,30.649999618530273,31.049999237060547,573700
2009-06-10,31.370000839233398,31.569999694824219,31.059999465942383,31.25,789500
2009-06-11,31.569999694824219,32.069999694824219,31.5,32.029998779296875,1061400
2009-06-12,31.5,31.600000381469727,31.319999694824219,31.520000457763672,610300
2009-06-15,31.209999084472656,31.25,30.600000381469727,30.950000762939453,639800
2009-06-16,31.440000534057617,31.5,30.659999847412109,30.879999160766602,472500
2009-06-17,30.709999084472656,31.120000839233398,30.309999465942383,30.950000762939453,475900
2009-06-18,30.819999694824219,31.209999084472656,30.700000762939453,31.059999465942383,371200
2009-06-19,31.170000076293945,31.200000762939453,30.229999542236328,30.450000762939453,496400
2009-06-22,29.629999160766602,29.780000686645508,29.100000381469727,29.25,590500
2009-06-23,29.5,30.079999923706055,29.25,29.870000839233398,541600
2009-06-24,29.940000534057617,30.200000762939453,29.629999160766602,29.809999465942383,1578600
2009-06-25,30.030000686645508,30.540000915527344,29.979999542236328,30.440000534057617,313300
2009-06-26,30.270000457763672,30.270000457763672,29.799999237060547,30.129999160766602,298900
2009-06-29,30.450000762939453,30.739999771118164,30.379999160766602,30.510000228881836,424300
2009-06-30,30.379999160766602,30.579999923706055,29.5,30.049999237060547,348300
2009-07-01,30.469999313354492,30.600000381469727,29.540000915527344,29.670000076293945,591200
2009-07-02,29.100000381469727,29.190000534057617,28.840000152587891,28.840000152587891,729300
2009-07-06,27.920000076293945,28.329999923706055,27.770000457763672,28.100000381469727,626400
2009-07-07,27.950000762939453,28.059999465942383,27.459999084472656,27.579999923706055,666500
2009-07-08,27.319999694824219,27.489999771118164,26.600000381469727,26.799999237060547,902200
2009-07-09,27.049999237060547,27.110000610351562,26.620000839233398,27.090000152587891,453200
2009-07-10,26.559999465942383,26.809999465942383,26.309999465942383,26.690000534057617,821600
2009-07-13,26.440000534057617,26.909999847412109,26.190000534057617,26.870000839233398,437700
2009-07-14,27.120000839233398,27.299999237060547,26.700000762939453,26.940000534057617,319900
2009-07-15,27.450000762939453,27.729999542236328,27.25,27.579999923706055,529500
2009-07-16,27.260000228881836,27.909999847412109,27.260000228881836,27.819999694824219,377100
2009-07-17,27.950000762939453,28.559999465942383,27.909999847412109,28.180000305175781,329700
2009-07-20,28.569999694824219,28.899999618530273,28.309999465942383,28.770000457763672,560900
2009-07-21,29.069999694824219,29.069999694824219,28.430000305175781,28.829999923706055,340300
2009-07-22,28.329999923706055,28.870000839233398,28.229999542236328,28.760000228881836,342100
2009-07-23,28.649999618530273,29.540000915527344,28.610000610351562,29.340000152587891,418200
2009-07-24,29.459999084472656,29.760000228881836,29.290000915527344,29.709999084472656,494900
2009-07-27,29.770000457763672,29.870000839233398,29.549999237060547,29.809999465942383,311400
2009-07-28,29.579999923706055,29.639999389648438,29.159999847412109,29.510000228881836,302100
2009-07-29,29.059999465942383,29.069999694824219,28.030000686645508,28.129999160766602,421700
2009-07-30,28.729999542236328,29.590000152587891,28.569999694824219,29.370000839233398,294100
2009-07-31,29.270000457763672,30.409999847412109,29.120000839233398,30.270000457763672,483300
2009-08-03,30.950000762939453,31.399999618530273,30.879999160766602,30.989999771118164,748600
2009-08-04,30.969999313354492,31.399999618530273,30.879999160766602,31.260000228881836,439700
2009-08-05,31.409999847412109,31.590000152587891,30.879999160766602,31.5,555900
2009-08-06,31.430000305175781,31.469999313354492,30.889999389648438,31.069999694824219,433400
2009-08-07,31.159999847412109,31.209999084472656,30.639999389648438,30.809999465942383,637400
2009-08-10,31,31.079999923706055,30.690000534057617,30.930000305175781,503200
2009-08-11,30.680000305175781,30.680000305175781,30.190000534057617,30.25,383200
2009-08-12,30.329999923706055,30.829999923706055,30.299999237060547,30.649999618530273,262600
2009-08-13,30.959999084472656,31.139999389648438,30.709999084472656,30.940000534057617,460700
2009-08-14,30.860000610351562,30.860000610351562,29.75,30,490800
2009-08-17,29.260000228881836,29.299999237060547,28.739999771118164,29.159999847412109,561900
2009-08-18,29.129999160766602,29.850000381469727,29.120000839233398,29.819999694824219,453400
2009-08-19,29.579999923706055,30.739999771118164,29.370000839233398,30.600000381469727,296900
2009-08-20,30.489999771118164,30.569999694824219,30.110000610351562,30.25,262100
2009-08-21,30.729999542236328,30.840000152587891,30.459999084472656,30.629999160766602,655500
2009-08-24,30.920000076293945,32.720001220703125,30.819999694824219,31.979999542236328,1001100
2009-08-25,31.950000762939453,32.220001220703125,30.510000228881836,30.520000457763672,678700
2009-08-26,30.440000534057617,30.959999084472656,30.200000762939453,30.510000228881836,481100
2009-08-27,30.600000381469727,30.790000915527344,30.049999237060547,30.25,452600
2009-08-28,30.680000305175781,31.25,30.520000457763672,30.899999618530273,445300
2009-08-31,30.530000686645508,30.75,29.889999389648438,30.399999618530273,356200
2009-09-01,30.690000534057617,30.809999465942383,29.579999923706055,29.760000228881836,315600
2009-09-02,29.799999237060547,29.799999237060547,29,29.299999237060547,390500
2009-09-03,29.639999389648438,29.639999389648438,28.299999237060547,28.319999694824219,612500
2009-09-04,28.309999465942383,28.819999694824219,27.950000762939453,28.569999694824219,591700
2009-09-08,29.149999618530273,29.770000457763672,29.030000686645508,29.360000610351562,536300
2009-09-09,29.629999160766602,30,29.399999618530273,29.860000610351562,301900
2009-09-10,29.639999389648438,30.280000686645508,29.479999542236328,30.200000762939453,316300
2009-09-11,30.299999237060547,30.450000762939453,29.549999237060547,29.709999084472656,613000
2009-09-14,29.639999389648438,30.120000839233398,29.180000305175781,30.120000839233398,311700
2009-09-15,30.190000534057617,30.370000839233398,29.75,30.149999618530273,552900
2009-09-16,30.200000762939453,30.379999160766602,30.010000228881836,30.180000305175781,596500
2009-09-17,30.260000228881836,30.5,29.780000686645508,29.870000839233398,759200
2009-09-18,30.270000457763672,30.280000686645508,29.899999618530273,29.920000076293945,337600
2009-09-21,29.909999847412109,29.909999847412109,29.129999160766602,29.409999847412109,414700
2009-09-22,29.899999618530273,30.290000915527344,29.700000762939453,30.120000839233398,384400
2009-09-23,30.040000915527344,30.069999694824219,29.25,30,778700
2009-09-24,29.799999237060547,29.799999237060547,28.899999618530273,29.309999465942383,303000
2009-09-25,29.170000076293945,29.25,28.5,29.25,307100
2009-09-28,29.319999694824219,29.329999923706055,28.5,28.739999771118164,378700
2009-09-29,28.600000381469727,29.129999160766602,28.389999389648438,28.620000839233398,406700
2009-09-30,29,29.920000076293945,28.670000076293945,29.680000305175781,463900
2009-10-01,29.479999542236328,30.290000915527344,29.370000839233398,30.149999618530273,540100
2009-10-02,29.989999771118164,30.5,28.75,29.069999694824219,6632800
2009-10-05,29.5,29.579999923706055,28.760000228881836,29.420000076293945,660800
2009-10-06,29.489999771118164,30.299999237060547,29.450000762939453,30.219999313354492,488000
2009-10-07,30.280000686645508,30.409999847412109,29.370000839233398,29.600000381469727,815900
2009-10-08,29.760000228881836,30.569999694824219,29.649999618530273,30.510000228881836,557800
2009-10-09,30.549999237060547,30.659999847412109,30.079999923706055,30.319999694824219,373900
2009-10-12,31.030000686645508,31.030000686645508,30.540000915527344,30.940000534057617,464900
2009-10-13,30.950000762939453,31.229999542236328,30.649999618530273,31.069999694824219,734600
2009-10-14,31.350000381469727,31.629999160766602,31.200000762939453,31.450000762939453,591700
2009-10-15,31.399999618530273,32.099998474121094,31.159999847412109,31.940000534057617,437400
2009-10-16,32,32.680000305175781,31.930000305175781,32.549999237060547,402200
2009-10-19,32.409999847412109,32.799999237060547,32.290000915527344,32.740001678466797,601100
2009-10-20,32.799999237060547,32.990001678466797,32.330001831054688,32.680000305175781,462700
2009-10-21,32.169998168945312,33.720001220703125,32.169998168945312,33.389999389648438,884400
2009-10-22,33.459999084472656,33.459999084472656,32.860000610351562,33.240001678466797,395600
2009-10-23,33.549999237060547,33.549999237060547,32.700000762939453,32.869998931884766,535400
2009-10-26,32.959999084472656,33.299999237060547,31.870000839233398,32,620000
2009-10-27,32.189998626708984,32.479999542236328,31.819999694824219,32.119998931884766,1528300
2009-10-28,31.979999542236328,32.080001831054688,31.069999694824219,31.260000228881836,479200
2009-10-29,31.729999542236328,32.240001678466797,31.549999237060547,32.200000762939453,978300
2009-10-30,31.920000076293945,31.979999542236328,29.610000610351562,31.110000610351562,774200
2009-11-02,31.219999313354492,31.600000381469727,31.040000915527344,31.459999084472656,397100
2009-11-03,31.139999389648438,32.180000305175781,31.079999923706055,32.180000305175781,307900
2009-11-04,32.340000152587891,32.459999084472656,32,32.279998779296875,301100
2009-11-05,32.279998779296875,32.310001373291016,31.950000762939453,32.169998168945312,300400
2009-11-06,31.770000457763672,31.819999694824219,31.100000381469727,31.450000762939453,364900
2009-11-09,31.709999084472656,32.5,31.649999618530273,32.200000762939453,341300
2009-11-10,32.360000610351562,32.369998931884766,31.510000228881836,31.969999313354492,192500
2009-11-11,32.130001068115234,32.450000762939453,32.080001831054688,32.290000915527344,357800
2009-11-12,31.950000762939453,32.060001373291016,31.5,31.569999694824219,212200
2009-11-13,31.520000457763672,31.579999923706055,31.159999847412109,31.239999771118164,404500
2009-11-16,31.590000152587891,32.400001525878906,31.5,32.229999542236328,355900
2009-11-17,32.220001220703125,32.689998626708984,32,32.639999389648438,357300
2009-11-18,32.779998779296875,32.950000762939453,32.419998168945312,32.520000457763672,262900
2009-11-19,32.439998626708984,32.520000457763672,31.799999237060547,32.060001373291016,259400
2009-11-20,31.620000839233398,32,31.530000686645508,31.809999465942383,1386600
2009-11-23,32.470001220703125,32.599998474121094,31.620000839233398,31.889999389648438,568900
2009-11-24,31.840000152587891,31.850000381469727,31.079999923706055,31.260000228881836,499400
2009-11-25,31.389999389648438,31.950000762939453,30.799999237060547,31.809999465942383,666400
2009-11-27,30.790000915527344,31.350000381469727,30.370000839233398,31.159999847412109,452600
2009-11-30,31.100000381469727,31.799999237060547,30.989999771118164,31.510000228881836,346000
2009-12-01,31.840000152587891,32.290000915527344,31.840000152587891,31.879999160766602,309300
2009-12-02,31.930000305175781,32.069999694824219,31.520000457763672,31.680000305175781,286200
2009-12-03,31.610000610351562,31.819999694824219,31.399999618530273,31.489999771118164,199900
2009-12-04,31.790000915527344,31.930000305175781,31.040000915527344,31.299999237060547,209800
2009-12-07,31,31.379999160766602,30.840000152587891,31.090000152587891,352500
2009-12-08,30.75,30.889999389648438,30.270000457763672,30.370000839233398,372000
2009-12-09,30.510000228881836,30.600000381469727,29.579999923706055,29.690000534057617,352100
2009-12-10,29.690000534057617,29.920000076293945,29.569999694824219,29.659999847412109,329700
2009-12-11,29.840000152587891,29.899999618530273,29.409999847412109,29.659999847412109,351400
2009-12-14,29.780000686645508,30,29.690000534057617,29.829999923706055,740400
2009-12-15,30,30.270000457763672,29.920000076293945,30.040000915527344,305300
2009-12-16,30.200000762939453,30.700000762939453,30.129999160766602,30.579999923706055,290400
2009-12-17,30.389999389648438,30.559999465942383,30.059999465942383,30.129999160766602,510700
2009-12-18,30.569999694824219,30.690000534057617,30.040000915527344,30.239999771118164,329800
2009-12-21,30.409999847412109,30.590000152587891,30,30.120000839233398,456700
2009-12-22,30.139999389648438,30.600000381469727,29.719999313354492,30.149999618530273,313200
2009-12-23,30.549999237060547,31,30.479999542236328,30.950000762939453,434800
2009-12-24,30.940000534057617,31.25,30.940000534057617,31.120000839233398,191500
2009-12-28,31.600000381469727,31.770000457763672,31.489999771118164,31.489999771118164,548700
2009-12-29,31.799999237060547,31.840000152587891,31.530000686645508,31.690000534057617,485400
2009-12-30,31.649999618530273,31.870000839233398,31.520000457763672,31.690000534057617,880700
2009-12-31,32,32,31.659999847412109,31.819999694824219,433500
2010-01-04,32.400001525878906,32.700000762939453,32.270000457763672,32.700000762939453,910600
2010-01-05,32.700000762939453,33.049999237060547,32.470001220703125,33.029998779296875,2071400
2010-01-06,33.060001373291016,33.349998474121094,32.619998931884766,33.270000457763672,487100
2010-01-07,33.139999389648438,33.380001068115234,32.939998626708984,33.110000610351562,354800
2010-01-08,33.009998321533203,33.180000305175781,32.759998321533203,33.180000305175781,489200
2010-01-11,33.369998931884766,33.5,32.900001525878906,33.020000457763672,578300
2010-01-12,32.770000457763672,32.869998931884766,32.099998474121094,32.279998779296875,305000
2010-01-13,32.209999084472656,32.479999542236328,31.639999389648438,32.259998321533203,269700
2010-01-14,32.380001068115234,32.409999847412109,31.979999542236328,32.200000762939453,274000
2010-01-15,32.040000915527344,32.130001068115234,31.700000762939453,31.770000457763672,695300
2010-01-19,31.600000381469727,32.090000152587891,31.309999465942383,32.009998321533203,1064100
2010-01-20,31.379999160766602,31.569999694824219,31.159999847412109,31.420000076293945,371400
2010-01-21,31.440000534057617,31.579999923706055,30.819999694824219,30.879999160766602,242600
2010-01-22,30.739999771118164,30.850000381469727,30.079999923706055,30.079999923706055,845100
2010-01-25,30.200000762939453,30.399999618530273,29.809999465942383,30.350000381469727,896000
2010-01-26,30,30.290000915527344,29.860000610351562,30.040000915527344,207700
2010-01-27,30.049999237060547,30.100000381469727,29.329999923706055,29.579999923706055,281800
2010-01-28,29.770000457763672,29.770000457763672,29.340000152587891,29.549999237060547,488200
2010-01-29,29.729999542236328,29.790000915527344,29.020000457763672,29.239999771118164,673100
2010-02-01,29.340000152587891,29.840000152587891,29.299999237060547,29.760000228881836,675300
2010-02-02,29.899999618530273,30.670000076293945,29.850000381469727,30.540000915527344,261200
2010-02-03,30.590000152587891,30.709999084472656,30.299999237060547,30.430000305175781,298900
2010-02-04,30.069999694824219,30.090000152587891,28.899999618530273,29.180000305175781,551100
2010-02-05,29.129999160766602,29.190000534057617,27.969999313354492,28.610000610351562,472700
2010-02-08,28.760000228881836,28.959999084472656,28.520000457763672,28.819999694824219,184300
2010-02-09,29.059999465942383,29.510000228881836,28.819999694824219,29.389999389648438,667200
2010-02-10,29.280000686645508,29.629999160766602,28.899999618530273,29.459999084472656,280600
2010-02-11,29.610000610351562,29.920000076293945,29.290000915527344,29.860000610351562,358200
2010-02-12,29.420000076293945,29.569999694824219,29.129999160766602,29.5,139200
2010-02-16,30.149999618530273,30.5,29.989999771118164,30.409999847412109,559400
2010-02-17,30.409999847412109,30.549999237060547,30.270000457763672,30.469999313354492,193400
2010-02-18,30.600000381469727,30.930000305175781,30.569999694824219,30.909999847412109,198400
2010-02-19,30.879999160766602,31.100000381469727,30.739999771118164,31.100000381469727,247000
2010-02-22,31.170000076293945,31.219999313354492,30.899999618530273,31.110000610351562,348900
2010-02-23,30.739999771118164,30.819999694824219,30.459999084472656,30.510000228881836,142300
2010-02-24,30.569999694824219,30.879999160766602,30.479999542236328,30.860000610351562,164500
2010-02-25,30.219999313354492,30.360000610351562,30,30.350000381469727,131500
2010-02-26,30.420000076293945,30.979999542236328,30.379999160766602,30.969999313354492,588400
2010-03-01,31.030000686645508,31.079999923706055,30.469999313354492,30.590000152587891,397500
2010-03-02,30.739999771118164,31.170000076293945,30.639999389648438,30.860000610351562,274400
2010-03-03,31.049999237060547,31.420000076293945,30.879999160766602,31.360000610351562,261500
2010-03-04,31.159999847412109,31.280000686645508,30.840000152587891,31.049999237060547,296100
2010-03-05,31.350000381469727,31.530000686645508,31.219999313354492,31.340000152587891,458900
2010-03-08,31.450000762939453,31.5,31.040000915527344,31.270000457763672,369300
2010-03-09,31.020000457763672,31.239999771118164,30.950000762939453,30.989999771118164,300000
2010-03-10,31.090000152587891,31.489999771118164,30.899999618530273,31.280000686645508,164000
2010-03-11,31.219999313354492,31.309999465942383,30.989999771118164,31.209999084472656,152600
2010-03-12,31.350000381469727,31.399999618530273,30.840000152587891,30.979999542236328,281900
2010-03-15,30.75,30.780000686645508,30.360000610351562,30.639999389648438,271200
2010-03-16,30.870000839233398,31.200000762939453,30.790000915527344,31.100000381469727,179500
2010-03-17,31.290000915527344,31.489999771118164,31.190000534057617,31.420000076293945,202900
2010-03-18,31.309999465942383,31.420000076293945,31.149999618530273,31.319999694824219,156300
2010-03-19,30.799999237060547,31.260000228881836,30.709999084472656,30.799999237060547,296400
2010-03-22,30.360000610351562,30.969999313354492,30.219999313354492,30.889999389648438,736600
2010-03-23,30.840000152587891,31.049999237060547,30.620000839233398,30.75,2278700
2010-03-24,30.440000534057617,30.549999237060547,30.299999237060547,30.479999542236328,375000
2010-03-25,30.659999847412109,30.670000076293945,30.299999237060547,30.329999923706055,213800
2010-03-26,30.430000305175781,30.530000686645508,30.149999618530273,30.270000457763672,254500
2010-03-29,30.690000534057617,31.129999160766602,30.360000610351562,30.940000534057617,1143600
2010-03-30,31.040000915527344,31.229999542236328,30.950000762939453,31.200000762939453,734200
2010-03-31,31.420000076293945,31.450000762939453,31.030000686645508,31.159999847412109,336700
2010-04-01,31.579999923706055,31.899999618530273,31.530000686645508,31.879999160766602,464500
2010-04-05,31.989999771118164,32.419998168945312,31.989999771118164,32.380001068115234,254200
2010-04-06,32.290000915527344,32.490001678466797,32.240001678466797,32.319999694824219,127200
2010-04-07,32.299999237060547,32.459999084472656,32.040000915527344,32.229999542236328,231400
2010-04-08,31.909999847412109,32.049999237060547,31.790000915527344,32.020000457763672,129700
2010-04-09,32.090000152587891,32.229999542236328,31.790000915527344,32.009998321533203,342000
2010-04-12,32.049999237060547,32.220001220703125,31.780000686645508,31.840000152587891,290800
2010-04-13,31.809999465942383,32.090000152587891,31.5,31.969999313354492,120700
2010-04-14,32.119998931884766,32.479999542236328,31.959999084472656,32.450000762939453,155700
2010-04-15,32.450000762939453,32.650001525878906,32.330001831054688,32.610000610351562,823100
2010-04-16,32.229999542236328,32.409999847412109,31.819999694824219,31.989999771118164,425400
2010-04-19,31.489999771118164,31.700000762939453,31.319999694824219,31.620000839233398,179300
2010-04-20,31.709999084472656,31.989999771118164,31.670000076293945,31.680000305175781,185900
2010-04-21,31.840000152587891,31.950000762939453,31.399999618530273,31.760000228881836,259900
2010-04-22,31.350000381469727,31.850000381469727,31.159999847412109,31.770000457763672,173100
2010-04-23,31.620000839233398,32.25,31.610000610351562,32.159999847412109,166600
2010-04-26,32.229999542236328,32.299999237060547,31.920000076293945,31.979999542236328,242700
2010-04-27,31.780000686645508,31.950000762939453,31.25,31.290000915527344,255600
2010-04-28,31.489999771118164,31.600000381469727,31.200000762939453,31.549999237060547,255300
2010-04-29,31.870000839233398,31.989999771118164,31.639999389648438,31.909999847412109,607300
2010-04-30,32.189998626708984,32.189998626708984,31.829999923706055,32.139999389648438,267000
2010-05-03,32.189998626708984,32.490001678466797,32.150001525878906,32.330001831054688,321200
2010-05-04,31.850000381469727,31.870000839233398,31.270000457763672,31.309999465942383,249600
2010-05-05,30.239999771118164,30.809999465942383,30.219999313354492,30.479999542236328,1077300
2010-05-06,30.120000839233398,30.399999618530273,28.770000457763672,29.270000457763672,677200
2010-05-07,29.260000228881836,29.549999237060547,28.860000610351562,29.180000305175781,544000
2010-05-10,30.030000686645508,30.090000152587891,29.559999465942383,29.770000457763672,299500
2010-05-11,29.700000762939453,29.879999160766602,29.540000915527344,29.639999389648438,703500
2010-05-12,29.969999313354492,30.299999237060547,29.709999084472656,29.950000762939453,521300
2010-05-13,29.770000457763672,29.899999618530273,29.559999465942383,29.600000381469727,175800
2010-05-14,29.299999237060547,29.309999465942383,28.450000762939453,28.559999465942383,324700
2010-05-17,28.389999389648438,28.520000457763672,27.469999313354492,27.799999237060547,682300
2010-05-18,28.360000610351562,28.370000839233398,27.5,27.649999618530273,555600
2010-05-19,27.399999618530273,27.620000839233398,26.899999618530273,27.489999771118164,686200
2010-05-20,26.899999618530273,26.989999771118164,26.399999618530273,26.649999618530273,556600
2010-05-21,26.549999237060547,27.139999389648438,26.479999542236328,26.950000762939453,532300
2010-05-24,26.959999084472656,27.139999389648438,26.799999237060547,26.870000839233398,293300
2010-05-25,26.030000686645508,26.540000915527344,25.950000762939453,26.530000686645508,371400
2010-05-26,26.760000228881836,27.069999694824219,26.729999542236328,26.860000610351562,739100
2010-05-27,27.559999465942383,27.979999542236328,27.370000839233398,27.870000839233398,956000
2010-05-28,27.790000915527344,28.149999618530273,27.639999389648438,27.770000457763672,1142300
2010-06-01,27.440000534057617,27.889999389648438,27.110000610351562,27.190000534057617,716000
2010-06-02,27.229999542236328,27.659999847412109,27.200000762939453,27.590000152587891,255400
2010-06-03,27.649999618530273,27.879999160766602,27.430000305175781,27.799999237060547,204500
2010-06-04,27.420000076293945,27.549999237060547,26.829999923706055,26.979999542236328,158700
2010-06-07,27.110000610351562,27.190000534057617,26.760000228881836,26.940000534057617,208500
2010-06-08,27.120000839233398,27.190000534057617,26.870000839233398,27.159999847412109,189400
2010-06-09,27.590000152587891,27.850000381469727,27.479999542236328,27.5,182100
2010-06-10,27.959999084472656,28.489999771118164,27.899999618530273,28.110000610351562,351800
2010-06-11,27.75,28.040000915527344,27.620000839233398,27.850000381469727,155400
2010-06-14,28.180000305175781,28.459999084472656,28,28.180000305175781,157000
2010-06-15,28.319999694824219,28.690000534057617,28.260000228881836,28.649999618530273,134700
2010-06-16,28.530000686645508,29.129999160766602,28.489999771118164,29.040000915527344,341300
2010-06-17,29.079999923706055,29.149999618530273,28.760000228881836,28.770000457763672,290400
2010-06-18,28.600000381469727,28.940000534057617,28.530000686645508,28.879999160766602,155900
2010-06-21,29.170000076293945,29.5,28.819999694824219,28.940000534057617,300800
2010-06-22,28.879999160766602,29.059999465942383,28.659999847412109,28.690000534057617,220500
2010-06-23,28.430000305175781,28.520000457763672,28.010000228881836,28.280000686645508,200600
2010-06-24,28.309999465942383,28.440000534057617,28.100000381469727,28.420000076293945,155300
2010-06-25,28.559999465942383,29.129999160766602,28.540000915527344,29.110000610351562,136800
2010-06-28,28.889999389648438,28.889999389648438,28.5,28.579999923706055,1440300
2010-06-29,27.920000076293945,28.040000915527344,27.700000762939453,27.870000839233398,335900
2010-06-30,27.819999694824219,28.149999618530273,27.579999923706055,27.790000915527344,1757000
2010-07-01,27.690000534057617,27.690000534057617,26.940000534057617,27.409999847412109,397400
2010-07-02,27.430000305175781,27.430000305175781,26.950000762939453,27.059999465942383,100000
2010-07-06,27.420000076293945,27.649999618530273,26.969999313354492,27.290000915527344,212500
2010-07-07,27.389999389648438,27.959999084472656,27.290000915527344,27.920000076293945,148300
2010-07-08,27.989999771118164,28.319999694824219,27.850000381469727,28.190000534057617,525500
2010-07-09,28.049999237060547,28.440000534057617,28.049999237060547,28.399999618530273,354800
2010-07-12,28.079999923706055,28.319999694824219,27.920000076293945,27.959999084472656,403100
2010-07-13,28.409999847412109,28.610000610351562,28.399999618530273,28.569999694824219,314900
2010-07-14,28.420000076293945,28.780000686645508,28.309999465942383,28.569999694824219,296500
2010-07-15,28.549999237060547,28.670000076293945,28.129999160766602,28.590000152587891,111000
2010-07-16,28.479999542236328,28.479999542236328,28.079999923706055,28.200000762939453,160600
2010-07-19,28.540000915527344,28.770000457763672,28.100000381469727,28.25,965400
2010-07-20,28.090000152587891,28.489999771118164,28.059999465942383,28.430000305175781,195800
2010-07-21,28.719999313354492,28.840000152587891,28.200000762939453,28.25,109200
2010-07-22,28.760000228881836,29.079999923706055,28.659999847412109,28.969999313354492,257700
2010-07-23,28.860000610351562,29.129999160766602,28.860000610351562,29.049999237060547,113600
2010-07-26,29.040000915527344,29.049999237060547,28.860000610351562,28.930000305175781,147700
2010-07-27,29.020000457763672,29.069999694824219,28.430000305175781,28.549999237060547,298400
2010-07-28,28.520000457763672,28.709999084472656,28.319999694824219,28.629999160766602,155300
2010-07-29,28.959999084472656,29.239999771118164,28.809999465942383,29.059999465942383,148800
2010-07-30,28.790000915527344,29.430000305175781,28.790000915527344,29.389999389648438,887000
2010-08-02,30.069999694824219,30.159999847412109,29.729999542236328,30,1132400
2010-08-03,30.159999847412109,30.360000610351562,30.049999237060547,30.290000915527344,649600
2010-08-04,30.409999847412109,30.610000610351562,30.299999237060547,30.510000228881836,382400
2010-08-05,30.440000534057617,30.549999237060547,30.290000915527344,30.420000076293945,716700
2010-08-06,30.170000076293945,30.450000762939453,29.829999923706055,30.030000686645508,262900
2010-08-09,30.020000457763672,30.120000839233398,29.879999160766602,30.049999237060547,244700
2010-08-10,29.659999847412109,29.790000915527344,29.329999923706055,29.700000762939453,546300
2010-08-11,29.350000381469727,29.399999618530273,28.940000534057617,29,272000
2010-08-12,28.879999160766602,28.930000305175781,28.520000457763672,28.75,1520900
2010-08-13,28.579999923706055,28.719999313354492,28.399999618530273,28.469999313354492,119300
2010-08-16,28.5,28.590000152587891,28.370000839233398,28.370000839233398,248700
2010-08-17,28.670000076293945,28.940000534057617,28.670000076293945,28.739999771118164,226600
2010-08-18,28.430000305175781,28.75,28.290000915527344,28.690000534057617,174700
2010-08-19,28.639999389648438,28.690000534057617,28.290000915527344,28.389999389648438,404700
2010-08-20,28.270000457763672,28.280000686645508,28.129999160766602,28.260000228881836,219600
2010-08-23,28.239999771118164,28.350000381469727,27.889999389648438,27.930000305175781,172300
2010-08-24,27.610000610351562,27.709999084472656,27.409999847412109,27.430000305175781,353000
2010-08-25,27.409999847412109,27.809999465942383,27.25,27.799999237060547,230000
2010-08-26,27.850000381469727,28.120000839233398,27.850000381469727,27.940000534057617,297900
2010-08-27,28.049999237060547,28.649999618530273,27.739999771118164,28.649999618530273,371600
2010-08-30,28.450000762939453,28.549999237060547,28.239999771118164,28.239999771118164,227800
2010-08-31,28.280000686645508,28.459999084472656,27.639999389648438,27.780000686645508,268300
2010-09-01,28.090000152587891,28.430000305175781,28.049999237060547,28.280000686645508,254300
2010-09-02,28.219999313354492,28.659999847412109,28.209999084472656,28.579999923706055,144200
2010-09-03,28.700000762939453,28.780000686645508,28.379999160766602,28.709999084472656,148800
2010-09-07,28.639999389648438,28.909999847412109,28.420000076293945,28.75,472400
2010-09-08,28.780000686645508,29.049999237060547,28.780000686645508,28.780000686645508,105800
2010-09-09,29.020000457763672,29.090000152587891,28.629999160766602,28.680000305175781,136700
2010-09-10,28.889999389648438,29.149999618530273,28.829999923706055,29.059999465942383,117300
2010-09-13,29.469999313354492,29.590000152587891,29.350000381469727,29.399999618530273,115000
2010-09-14,29.379999160766602,29.629999160766602,29.319999694824219,29.370000839233398,185600
2010-09-15,29.219999313354492,29.399999618530273,29.200000762939453,29.229999542236328,146600
2010-09-16,29.299999237060547,29.360000610351562,28.889999389648438,29.069999694824219,425800
2010-09-17,29.239999771118164,29.319999694824219,28.809999465942383,29.030000686645508,336200
2010-09-20,29.040000915527344,29.399999618530273,29.040000915527344,29.190000534057617,573000
2010-09-21,29.180000305175781,29.229999542236328,28.860000610351562,28.889999389648438,323100
2010-09-22,29.110000610351562,29.260000228881836,28.75,28.920000076293945,435700
2010-09-23,28.709999084472656,29.219999313354492,28.709999084472656,28.959999084472656,335300
2010-09-24,29.110000610351562,29.549999237060547,29.110000610351562,29.459999084472656,812700
2010-09-27,29.450000762939453,29.620000839233398,29.139999389648438,29.319999694824219,386800
2010-09-28,29.370000839233398,29.579999923706055,29.180000305175781,29.299999237060547,155500
2010-09-29,29.129999160766602,29.780000686645508,29.059999465942383,29.670000076293945,1007200
2010-09-30,29.879999160766602,30.120000839233398,29.639999389648438,30.010000228881836,947600
2010-10-01,30.370000839233398,30.459999084472656,30.219999313354492,30.420000076293945,813300
2010-10-04,30.350000381469727,30.430000305175781,30.170000076293945,30.200000762939453,732100
2010-10-05,30.559999465942383,30.790000915527344,30.420000076293945,30.719999313354492,670800
2010-10-06,30.809999465942383,31.069999694824219,30.709999084472656,30.850000381469727,1098400
2010-10-07,31.129999160766602,31.129999160766602,30.319999694824219,30.440000534057617,890900
2010-10-08,30.709999084472656,31.290000915527344,30.659999847412109,31.200000762939453,239100
2010-10-11,31.190000534057617,31.340000152587891,31.030000686645508,31.059999465942383,686900
2010-10-12,31.020000457763672,31.190000534057617,30.829999923706055,31.129999160766602,227600
2010-10-13,31.430000305175781,31.540000915527344,31.340000152587891,31.370000839233398,267100
2010-10-14,31.399999618530273,31.649999618530273,31.209999084472656,31.319999694824219,741300
2010-10-15,31.280000686645508,31.319999694824219,30.75,30.889999389648438,428200
2010-10-18,30.969999313354492,31.190000534057617,30.790000915527344,30.920000076293945,960500
2010-10-19,30.530000686645508,30.739999771118164,30.149999618530273,30.239999771118164,173100
2010-10-20,30.319999694824219,30.950000762939453,30.299999237060547,30.879999160766602,1022000
2010-10-21,30.909999847412109,31.049999237060547,30.379999160766602,30.540000915527344,186600
2010-10-22,30.600000381469727,30.860000610351562,30.5,30.829999923706055,145500
2010-10-25,31.100000381469727,31.239999771118164,30.75,30.889999389648438,339000
2010-10-26,30.829999923706055,31.120000839233398,30.790000915527344,31.100000381469727,157400
2010-10-27,30.719999313354492,30.920000076293945,30.5,30.879999160766602,224800
2010-10-28,31.040000915527344,31.120000839233398,30.889999389648438,30.989999771118164,88800
2010-10-29,30.870000839233398,30.979999542236328,30.659999847412109,30.879999160766602,136500
2010-11-01,31.420000076293945,31.450000762939453,31.069999694824219,31.120000839233398,295000
2010-11-02,31.469999313354492,31.530000686645508,31.370000839233398,31.489999771118164,484100
2010-11-03,31.510000228881836,31.739999771118164,31.25,31.690000534057617,96400
2010-11-04,32.189998626708984,32.549999237060547,32.189998626708984,32.540000915527344,1144400
2010-11-05,32.409999847412109,32.610000610351562,32.279998779296875,32.590000152587891,784700
2010-11-08,32.5,32.759998321533203,32.400001525878906,32.729999542236328,377900
2010-11-09,33.069999694824219,33.110000610351562,32.369998931884766,32.479999542236328,650700
2010-11-10,32.810001373291016,32.979999542236328,32.599998474121094,32.900001525878906,293100
2010-11-11,32.939998626708984,33.009998321533203,32.770000457763672,32.810001373291016,641400
2010-11-12,32.279998779296875,32.279998779296875,31.5,31.659999847412109,357600
2010-11-15,31.860000610351562,31.860000610351562,31.600000381469727,31.649999618530273,204600
2010-11-16,31.319999694824219,31.350000381469727,30.680000305175781,30.709999084472656,340100
2010-11-17,30.709999084472656,30.870000839233398,30.280000686645508,30.399999618530273,250300
2010-11-18,30.969999313354492,31.139999389648438,30.760000228881836,31.139999389648438,722600
2010-11-19,30.850000381469727,30.899999618530273,30.600000381469727,30.700000762939453,203900
2010-11-22,30.659999847412109,30.700000762939453,30.370000839233398,30.540000915527344,377900
2010-11-23,30.399999618530273,30.680000305175781,30.229999542236328,30.620000839233398,472100
2010-11-24,30.659999847412109,31.280000686645508,30.659999847412109,31.280000686645508,724600
2010-11-26,31.030000686645508,31.180000305175781,30.989999771118164,31.139999389648438,50400
2010-11-29,31.299999237060547,31.659999847412109,31.159999847412109,31.659999847412109,313700
2010-11-30,31.399999618530273,31.579999923706055,31.180000305175781,31.260000228881836,1152900
2010-12-01,31.700000762939453,32.259998321533203,31.700000762939453,32.220001220703125,1091600
2010-12-02,32.150001525878906,32.610000610351562,32.150001525878906,32.549999237060547,382600
2010-12-03,32.590000152587891,33.119998931884766,32.580001831054688,33.069999694824219,590200
2010-12-06,33.119998931884766,33.119998931884766,32.880001068115234,32.990001678466797,711400
2010-12-07,33.400001525878906,33.439998626708984,32.709999084472656,32.709999084472656,268400
2010-12-08,32.889999389648438,32.990001678466797,32.520000457763672,32.919998168945312,227100
2010-12-09,32.919998168945312,33.049999237060547,32.770000457763672,32.849998474121094,300200
2010-12-10,32.919998168945312,32.939998626708984,32.540000915527344,32.779998779296875,311500
2010-12-13,33.139999389648438,33.310001373291016,32.970001220703125,33.069999694824219,260500
2010-12-14,33.040000915527344,33.189998626708984,32.919998168945312,33.009998321533203,144000
2010-12-15,32.770000457763672,33.189998626708984,32.770000457763672,32.959999084472656,136000
2010-12-16,33.029998779296875,33.040000915527344,32.779998779296875,32.869998931884766,254900
2010-12-17,32.849998474121094,33.119998931884766,32.840000152587891,33.009998321533203,419800
2010-12-20,33.200000762939453,33.400001525878906,32.950000762939453,33.349998474121094,404400
2010-12-21,33.490001678466797,33.659999847412109,33.400001525878906,33.580001831054688,1377900
2010-12-22,33.709999084472656,33.810001373291016,33.549999237060547,33.779998779296875,305200
2010-12-23,33.759998321533203,34,33.689998626708984,33.909999847412109,898000
2010-12-27,33.849998474121094,33.939998626708984,33.659999847412109,33.840000152587891,490200
2010-12-28,34.150001525878906,34.150001525878906,33.939998626708984,34.040000915527344,258000
2010-12-29,34.060001373291016,34.119998931884766,33.909999847412109,33.950000762939453,2397100
2010-12-30,33.740001678466797,33.830001831054688,33.360000610351562,33.470001220703125,543200
2010-12-31,33.5,34.299999237060547,33.479999542236328,34.099998474121094,321600
2011-01-03,34.529998779296875,34.740001678466797,34.299999237060547,34.340000152587891,337500
2011-01-04,34.25,34.299999237060547,33.389999389648438,33.630001068115234,967800
2011-01-05,33.369998931884766,34.130001068115234,33.290000915527344,34.040000915527344,271100
2011-01-06,34.029998779296875,34.069999694824219,33.430000305175781,33.549999237060547,606200
2011-01-07,33.479999542236328,33.720001220703125,33.069999694824219,33.349998474121094,731400
2011-01-10,33.630001068115234,33.779998779296875,33.549999237060547,33.779998779296875,153800
2011-01-11,34.009998321533203,34.319999694824219,33.880001068115234,34.299999237060547,254200
2011-01-12,34.709999084472656,34.75,34.509998321533203,34.580001831054688,265700
2011-01-13,34.630001068115234,34.639999389648438,34.340000152587891,34.349998474121094,858400
2011-01-14,34.340000152587891,34.619998931884766,34.240001678466797,34.619998931884766,190800
2011-01-18,34.400001525878906,34.700000762939453,34.369998931884766,34.520000457763672,344700
2011-01-19,34.75,34.75,34.450000762939453,34.450000762939453,254600
2011-01-20,34.029998779296875,34.180000305175781,33.709999084472656,34.060001373291016,914200
2011-01-21,34.240001678466797,34.349998474121094,34.139999389648438,34.279998779296875,298500
2011-01-24,34.150001525878906,34.209999084472656,33.869998931884766,33.990001678466797,197900
2011-01-25,33.599998474121094,33.619998931884766,33.419998168945312,33.509998321533203,531700
2011-01-26,33.669998168945312,34.25,33.659999847412109,34.25,465800
2011-01-27,34.240001678466797,34.349998474121094,33.770000457763672,33.830001831054688,430900
2011-01-28,33.860000610351562,34.580001831054688,33.860000610351562,34.470001220703125,541200
2011-01-31,34.5,35.340000152587891,34.439998626708984,35.159999847412109,662800
2011-02-01,35.259998321533203,35.389999389648438,35.069999694824219,35.169998168945312,832400
2011-02-02,35.290000915527344,35.459999084472656,35.150001525878906,35.430000305175781,261700
2011-02-03,35.490001678466797,35.5,35.099998474121094,35.189998626708984,694600
2011-02-04,35.340000152587891,35.400001525878906,34.639999389648438,34.819999694824219,679800
2011-02-07,34.860000610351562,34.919998168945312,34.509998321533203,34.540000915527344,287000
2011-02-08,34.389999389648438,34.799999237060547,34.319999694824219,34.700000762939453,768200
2011-02-09,34.770000457763672,35,34.599998474121094,34.930000305175781,803500
2011-02-10,34.759998321533203,34.979999542236328,34.650001525878906,34.810001373291016,301300
2011-02-11,34.709999084472656,34.790000915527344,34.380001068115234,34.549999237060547,557400
2011-02-14,34.650001525878906,35,34.610000610351562,34.689998626708984,190000
2011-02-15,34.680000305175781,34.720001220703125,34.139999389648438,34.330001831054688,430200
2011-02-16,34.520000457763672,34.720001220703125,34.360000610351562,34.619998931884766,266600
2011-02-17,34.669998168945312,34.900001525878906,34.610000610351562,34.880001068115234,424400
2011-02-18,34.639999389648438,35,34.5,34.759998321533203,377500
2011-02-22,35.490001678466797,35.770000457763672,35.009998321533203,35.259998321533203,416800
2011-02-23,35.610000610351562,36.299999237060547,35.5,36.150001525878906,1463300
2011-02-24,36.369998931884766,36.5,35.450000762939453,35.599998474121094,404100
2011-02-25,35.889999389648438,36.330001831054688,35.659999847412109,36.220001220703125,628500
2011-02-28,36.229999542236328,36.409999847412109,36.090000152587891,36.090000152587891,7144700
2011-03-01,36.389999389648438,36.979999542236328,36.369998931884766,36.970001220703125,1201300
2011-03-02,37.009998321533203,37.389999389648438,36.849998474121094,37.299999237060547,902700
2011-03-03,37.110000610351562,37.319999694824219,36.970001220703125,37.270000457763672,1364900
2011-03-04,37.560001373291016,37.889999389648438,37.509998321533203,37.849998474121094,423400
2011-03-07,38.040000915527344,38.159999847412109,37.529998779296875,37.569999694824219,528800
2011-03-08,37.490001678466797,37.490001678466797,37.099998474121094,37.229999542236328,423600
2011-03-09,37.610000610351562,37.639999389648438,37.169998168945312,37.310001373291016,189900
2011-03-10,37.040000915527344,37.200000762939453,36.459999084472656,36.849998474121094,381300
2011-03-11,36.189998626708984,36.619998931884766,36.150001525878906,36.439998626708984,269900
2011-03-14,36.369998931884766,36.509998321533203,36.150001525878906,36.5,407600
2011-03-15,35.180000305175781,35.529998779296875,34.990001678466797,35.169998168945312,675600
2011-03-16,35.459999084472656,35.860000610351562,35.119998931884766,35.430000305175781,605200
2011-03-17,35.959999084472656,36.560001373291016,35.900001525878906,36.490001678466797,403400
2011-03-18,36.409999847412109,36.680000305175781,36.25,36.599998474121094,284900
2011-03-21,36.759998321533203,36.900001525878906,36.419998168945312,36.560001373291016,393700
2011-03-22,36.490001678466797,36.970001220703125,36.389999389648438,36.959999084472656,288900
2011-03-23,36.979999542236328,37.189998626708984,36.930000305175781,37.040000915527344,188000
2011-03-24,36.970001220703125,37.240001678466797,36.869998931884766,37.049999237060547,502600
2011-03-25,37.080001831054688,37.220001220703125,36.970001220703125,37.130001068115234,345000
2011-03-28,36.75,36.930000305175781,36.590000152587891,36.659999847412109,364300
2011-03-29,36.630001068115234,36.909999847412109,36.520000457763672,36.840000152587891,214300
2011-03-30,36.840000152587891,36.880001068115234,36.549999237060547,36.740001678466797,2022500
2011-03-31,37.220001220703125,37.5,37.209999084472656,37.349998474121094,2044300
2011-04-01,37.360000610351562,37.860000610351562,37.310001373291016,37.770000457763672,332100
2011-04-04,37.819999694824219,38.180000305175781,37.819999694824219,38.139999389648438,522600
2011-04-05,38.119998931884766,38.25,38,38.090000152587891,356800
2011-04-06,38.450000762939453,38.540000915527344,38.090000152587891,38.180000305175781,513800
2011-04-07,38.220001220703125,38.5,38.090000152587891,38.459999084472656,538000
2011-04-08,38.950000762939453,39.369998931884766,38.779998779296875,39.340000152587891,916000
2011-04-11,39.180000305175781,39.180000305175781,38.490001678466797,38.509998321533203,349500
2011-04-12,38.25,38.299999237060547,37.369998931884766,37.590000152587891,1177900
2011-04-13,37.810001373291016,38.099998474121094,37.479999542236328,37.930000305175781,431000
2011-04-14,37.669998168945312,38.069999694824219,37.659999847412109,38.029998779296875,329100
2011-04-15,37.990001678466797,38.419998168945312,37.889999389648438,38.270000457763672,197800
2011-04-18,38.009998321533203,38.009998321533203,37.630001068115234,37.889999389648438,202900
2011-04-19,37.720001220703125,38.130001068115234,37.590000152587891,37.830001831054688,203800
2011-04-20,38.290000915527344,38.700000762939453,38.200000762939453,38.509998321533203,271500
2011-04-21,38.639999389648438,39,38.419998168945312,38.75,271600
2011-04-25,38.979999542236328,38.979999542236328,38.450000762939453,38.669998168945312,571800
2011-04-26,38.639999389648438,38.790000915527344,38.549999237060547,38.680000305175781,433000
2011-04-27,38.650001525878906,38.880001068115234,38.310001373291016,38.849998474121094,421300
2011-04-28,37.680000305175781,38.970001220703125,37.680000305175781,38.549999237060547,605500
2011-04-29,38.590000152587891,39.040000915527344,38,38.939998626708984,485000
2011-05-02,38.720001220703125,39.180000305175781,38.610000610351562,38.639999389648438,755100
2011-05-03,38.599998474121094,38.840000152587891,37.970001220703125,38.200000762939453,414000
2011-05-04,37.389999389648438,38,37.209999084472656,37.509998321533203,418500
2011-05-05,36.220001220703125,36.650001525878906,34.680000305175781,34.860000610351562,990900
2011-05-06,34.799999237060547,35.669998168945312,34.369998931884766,34.580001831054688,1794500
2011-05-09,35.209999084472656,36.080001831054688,34.900001525878906,36.069999694824219,1116800
2011-05-10,35.810001373291016,36.409999847412109,35.650001525878906,36.319999694824219,784900
2011-05-11,35.900001525878906,36.009998321533203,34.810001373291016,35.080001831054688,755400
2011-05-12,34.569999694824219,35.360000610351562,34.290000915527344,35.009998321533203,1228800
2011-05-13,34.919998168945312,35.270000457763672,34.549999237060547,35.060001373291016,367000
2011-05-16,34.889999389648438,35.180000305175781,34.409999847412109,34.520000457763672,402400
2011-05-17,34.450000762939453,34.770000457763672,33.950000762939453,34.720001220703125,719800
2011-05-18,35.080001831054688,35.700000762939453,34.979999542236328,35.5,363100
2011-05-19,35.549999237060547,35.680000305175781,35.110000610351562,35.200000762939453,197000
2011-05-20,35.119998931884766,35.509998321533203,34.590000152587891,35.409999847412109,176800
2011-05-23,34.279998779296875,34.880001068115234,34.279998779296875,34.669998168945312,170400
2011-05-24,35.209999084472656,35.400001525878906,34.810001373291016,35.119998931884766,213500
2011-05-25,35.060001373291016,35.799999237060547,35.060001373291016,35.729999542236328,306300
2011-05-26,35.770000457763672,35.880001068115234,35.5,35.680000305175781,246400
2011-05-27,35.900001525878906,35.990001678466797,35.770000457763672,35.959999084472656,153000
2011-05-31,36.389999389648438,36.509998321533203,36.169998168945312,36.270000457763672,321700
2011-06-01,36.209999084472656,36.270000457763672,35.529998779296875,35.659999847412109,418800
2011-06-02,35.799999237060547,36.020000457763672,35.459999084472656,35.959999084472656,490000
2011-06-03,35.540000915527344,36.069999694824219,35.240001678466797,36.049999237060547,157000
2011-06-06,35.900001525878906,35.990001678466797,35.369998931884766,35.450000762939453,255500
2011-06-07,35.5,35.869998931884766,35.369998931884766,35.700000762939453,505000
2011-06-08,35.849998474121094,36.349998474121094,35.849998474121094,36.209999084472656,368600
2011-06-09,36.319999694824219,36.650001525878906,36.270000457763672,36.580001831054688,171700
2011-06-10,36.220001220703125,36.279998779296875,35.840000152587891,35.959999084472656,239000
2011-06-13,35.930000305175781,36.099998474121094,35.360000610351562,35.610000610351562,209000
2011-06-14,35.720001220703125,35.979999542236328,35.720001220703125,35.959999084472656,300100
2011-06-15,35.729999542236328,35.900001525878906,34.549999237060547,34.909999847412109,346400
2011-06-16,34.770000457763672,34.830001831054688,34.569999694824219,34.779998779296875,381200
2011-06-17,34.540000915527344,34.799999237060547,33.869998931884766,34.090000152587891,680600
2011-06-20,34.180000305175781,34.299999237060547,33.880001068115234,34,290800
2011-06-21,34.150001525878906,34.279998779296875,33.909999847412109,34.080001831054688,172400
2011-06-22,34.130001068115234,34.590000152587891,34.130001068115234,34.330001831054688,281700
2011-06-23,33.330001831054688,33.450000762939453,32.889999389648438,33.419998168945312,2589100
2011-06-24,33.209999084472656,33.290000915527344,32.740001678466797,33.069999694824219,349100
2011-06-27,32.680000305175781,33.110000610351562,32.599998474121094,33.049999237060547,399600
2011-06-28,33.319999694824219,33.720001220703125,33.119998931884766,33.659999847412109,209000
2011-06-29,33.819999694824219,34.5,33.810001373291016,34.409999847412109,199900
2011-06-30,34.220001220703125,34.450000762939453,33.810001373291016,34.110000610351562,543800
2011-07-01,33.930000305175781,34.150001525878906,33.5,34.040000915527344,732600
2011-07-05,34.189998626708984,34.799999237060547,34.189998626708984,34.709999084472656,367600
2011-07-06,34.630001068115234,34.700000762939453,34.400001525878906,34.650001525878906,104800
2011-07-07,34.939998626708984,35.580001831054688,34.939998626708984,35.479999542236328,159600
2011-07-08,35.159999847412109,35.290000915527344,34.979999542236328,35.259998321533203,115700
2011-07-11,34.799999237060547,35.029998779296875,34.630001068115234,34.869998931884766,159700
2011-07-12,34.740001678466797,35.439998626708984,34.740001678466797,35.270000457763672,129400
2011-07-13,35.490001678466797,36.049999237060547,35.349998474121094,35.790000915527344,118400
2011-07-14,35.799999237060547,35.990001678466797,35.080001831054688,35.270000457763672,95200
2011-07-15,35.349998474121094,35.759998321533203,34.909999847412109,35.560001373291016,272500
2011-07-18,35.290000915527344,35.290000915527344,34.909999847412109,35.290000915527344,120000
2011-07-19,35.599998474121094,36.009998321533203,35.599998474121094,35.759998321533203,290200
2011-07-20,35.880001068115234,35.970001220703125,35.580001831054688,35.849998474121094,391800
2011-07-21,35.990001678466797,36.189998626708984,35.720001220703125,35.840000152587891,512700
2011-07-22,35.840000152587891,36.110000610351562,35.830001831054688,36.060001373291016,293300
2011-07-25,35.720001220703125,36,35.700000762939453,35.869998931884766,1107300
2011-07-26,35.900001525878906,36.169998168945312,35.599998474121094,35.889999389648438,191900
2011-07-27,35.810001373291016,35.849998474121094,35.5,35.560001373291016,195000
2011-07-28,35.619998931884766,35.790000915527344,35.520000457763672,35.610000610351562,432400
2011-07-29,35.169998168945312,35.360000610351562,35.060001373291016,35.189998626708984,796700
2011-08-01,35.869998931884766,35.900001525878906,34.860000610351562,35.349998474121094,687300
2011-08-02,35.080001831054688,35.479999542236328,34.970001220703125,35.020000457763672,295800
2011-08-03,34.880001068115234,34.959999084472656,34.290000915527344,34.340000152587891,372000
2011-08-04,34.130001068115234,34.139999389648438,32.860000610351562,32.889999389648438,480900
2011-08-05,33.040000915527344,33.279998779296875,32.389999389648438,33.090000152587891,933900
2011-08-08,32.209999084472656,32.419998168945312,31.379999160766602,31.530000686645508,1678700
2011-08-09,31.879999160766602,32.150001525878906,31.090000152587891,31.770000457763672,1411400
2011-08-10,31.829999923706055,32.290000915527344,31.559999465942383,31.959999084472656,563200
2011-08-11,32.270000457763672,33.080001831054688,32.200000762939453,33.049999237060547,447700
2011-08-12,33.209999084472656,33.340000152587891,32.939998626708984,33,912700
2011-08-15,33.220001220703125,33.509998321533203,33.189998626708984,33.450000762939453,419700
2011-08-16,33.25,33.569999694824219,33.080001831054688,33.419998168945312,177200
2011-08-17,33.860000610351562,34.020000457763672,33.590000152587891,33.590000152587891,308400
2011-08-18,33.080001831054688,33.130001068115234,32.330001831054688,32.419998168945312,193800
2011-08-19,32.389999389648438,33.029998779296875,32.380001068115234,32.860000610351562,152100
2011-08-22,32.970001220703125,33.130001068115234,32.650001525878906,33.009998321533203,266300
2011-08-23,33.139999389648438,33.580001831054688,32.939998626708984,33.569999694824219,115500
2011-08-24,33.409999847412109,33.540000915527344,33.150001525878906,33.180000305175781,79400
2011-08-25,33.330001831054688,33.529998779296875,32.889999389648438,33.330001831054688,182800
2011-08-26,33.020000457763672,33.659999847412109,33,33.619998931884766,201300
2011-08-29,34.029998779296875,34.049999237060547,33.860000610351562,33.919998168945312,154000
2011-08-30,34.029998779296875,34.560001373291016,33.880001068115234,34.520000457763672,445700
2011-08-31,34.569999694824219,34.720001220703125,34.450000762939453,34.590000152587891,740500
2011-09-01,34.520000457763672,34.599998474121094,34.189998626708984,34.189998626708984,779400
2011-09-02,33.689998626708984,34.060001373291016,33.549999237060547,33.840000152587891,153600
2011-09-06,33.220001220703125,33.759998321533203,33.200000762939453,33.740001678466797,123400
2011-09-07,33.909999847412109,34.409999847412109,33.900001525878906,34.330001831054688,228300
2011-09-08,34.319999694824219,34.5,34.119998931884766,34.169998168945312,87200
2011-09-09,33.599998474121094,33.729999542236328,33.349998474121094,33.599998474121094,106600
2011-09-12,33.349998474121094,34.299999237060547,33.240001678466797,33.689998626708984,274100
2011-09-13,33.729999542236328,33.919998168945312,33.529998779296875,33.709999084472656,282300
2011-09-14,33.619998931884766,33.680000305175781,33.369998931884766,33.479999542236328,87700
2011-09-15,33.919998168945312,34.009998321533203,33.639999389648438,33.770000457763672,97400
2011-09-16,33.569999694824219,33.909999847412109,33.389999389648438,33.400001525878906,100200
2011-09-19,32.810001373291016,32.930000305175781,32.590000152587891,32.740001678466797,304600
2011-09-20,32.840000152587891,33.169998168945312,32.75,32.75,95500
2011-09-21,32.830001831054688,33.110000610351562,32.330001831054688,32.360000610351562,123900
2011-09-22,31.620000839233398,31.620000839233398,30.780000686645508,30.889999389648438,462700
2011-09-23,30.430000305175781,30.969999313354492,30.25,30.530000686645508,153500
2011-09-26,30.379999160766602,30.930000305175781,30.280000686645508,30.879999160766602,567000
2011-09-27,31.440000534057617,31.840000152587891,31.420000076293945,31.549999237060547,562800
2011-09-28,31,31.649999618530273,30.719999313354492,30.75,359400
2011-09-29,31.260000228881836,31.459999084472656,31.020000457763672,31.299999237060547,143800
2011-09-30,30.590000152587891,30.760000228881836,30.129999160766602,30.190000534057617,359500
2011-10-03,29.920000076293945,30.299999237060547,29.649999618530273,29.75,563400
2011-10-04,29.420000076293945,29.889999389648438,29.020000457763672,29.760000228881836,517300
2011-10-05,29.940000534057617,30.389999389648438,29.639999389648438,30.290000915527344,308400
2011-10-06,29.940000534057617,31.090000152587891,29.940000534057617,31.079999923706055,132000
2011-10-07,31.069999694824219,31.159999847412109,30.620000839233398,30.850000381469727,286800
2011-10-10,31.280000686645508,31.780000686645508,31.219999313354492,31.709999084472656,193600
2011-10-11,31.409999847412109,32.090000152587891,31.370000839233398,31.850000381469727,122600
2011-10-12,31.959999084472656,32.209999084472656,31.879999160766602,31.930000305175781,289400
2011-10-13,31.739999771118164,32.090000152587891,31.190000534057617,31.909999847412109,80900
2011-10-14,32.169998168945312,32.770000457763672,32.169998168945312,32.720001220703125,116200
2011-10-17,32.479999542236328,32.569999694824219,32.229999542236328,32.290000915527344,115300
2011-10-18,32.130001068115234,32.909999847412109,31.940000534057617,32.799999237060547,113600
2011-10-19,32.599998474121094,32.900001525878906,31.940000534057617,31.979999542236328,140200
2011-10-20,31.610000610351562,32.139999389648438,31.450000762939453,32.130001068115234,106600
2011-10-21,32.209999084472656,32.779998779296875,32.200000762939453,32.400001525878906,299800
2011-10-24,32.599998474121094,33.200000762939453,32.490001678466797,33.169998168945312,195700
2011-10-25,33.299999237060547,33.5,33.049999237060547,33.200000762939453,263400
2011-10-26,33.299999237060547,33.389999389648438,32.630001068115234,32.790000915527344,139800
2011-10-27,33.490001678466797,33.880001068115234,33.340000152587891,33.700000762939453,443700
2011-10-28,33.380001068115234,33.659999847412109,33.310001373291016,33.479999542236328,143600
2011-10-31,32.990001678466797,33.479999542236328,32.909999847412109,33.290000915527344,825700
2011-11-01,32.349998474121094,33.029998779296875,32.319999694824219,32.880001068115234,704700
2011-11-02,33.279998779296875,33.400001525878906,32.729999542236328,32.819999694824219,656500
2011-11-03,32.950000762939453,33.490001678466797,32.889999389648438,33.439998626708984,478800
2011-11-04,33.439998626708984,33.610000610351562,33.180000305175781,33.540000915527344,191700
2011-11-07,33.810001373291016,34.049999237060547,33.619998931884766,34.029998779296875,242500
2011-11-08,34.069999694824219,34.290000915527344,33.970001220703125,34.270000457763672,159600
2011-11-09,33.790000915527344,34.169998168945312,33.580001831054688,33.599998474121094,174600
2011-11-10,33.900001525878906,34.020000457763672,33.610000610351562,33.810001373291016,104400
2011-11-11,33.939998626708984,34.169998168945312,33.439998626708984,34.169998168945312,88900
2011-11-14,33.909999847412109,33.979999542236328,33.630001068115234,33.830001831054688,277500
2011-11-15,33.900001525878906,34.159999847412109,33.790000915527344,34.150001525878906,146300
2011-11-16,34.150001525878906,34.400001525878906,34.069999694824219,34.130001068115234,86200
2011-11-17,33.919998168945312,33.950000762939453,33.259998321533203,33.380001068115234,239300
2011-11-18,33.369998931884766,33.549999237060547,32.950000762939453,33.150001525878906,119100
2011-11-21,32.75,32.990001678466797,32.330001831054688,32.909999847412109,224500
2011-11-22,32.970001220703125,33.240001678466797,32.860000610351562,33.130001068115234,453000
2011-11-23,32.720001220703125,32.799999237060547,32.470001220703125,32.630001068115234,330100
2011-11-25,32.490001678466797,32.779998779296875,32.360000610351562,32.389999389648438,99300
2011-11-28,32.950000762939453,33.200000762939453,32.700000762939453,32.860000610351562,126200
2011-11-29,33.099998474121094,33.439998626708984,32.659999847412109,33.419998168945312,186000
2011-11-30,33.700000762939453,33.979999542236328,33.590000152587891,33.790000915527344,576100
2011-12-01,33.639999389648438,33.909999847412109,33.360000610351562,33.639999389648438,285800
2011-12-02,33.830001831054688,33.849998474121094,33.439998626708984,33.520000457763672,836900
2011-12-05,33.580001831054688,33.830001831054688,33.25,33.419998168945312,874900
2011-12-06,33.349998474121094,33.770000457763672,33.130001068115234,33.759998321533203,136400
2011-12-07,33.740001678466797,33.959999084472656,33.270000457763672,33.409999847412109,76600
2011-12-08,33.020000457763672,33.430000305175781,32.849998474121094,32.889999389648438,197300
2011-12-09,33.060001373291016,33.080001831054688,32.779998779296875,33.060001373291016,125300
2011-12-12,32.740001678466797,32.790000915527344,32.220001220703125,32.599998474121094,164600
2011-12-13,32.630001068115234,33.340000152587891,32.630001068115234,33.049999237060547,113000
2011-12-14,32.450000762939453,32.479999542236328,31.639999389648438,31.719999313354492,203900
2011-12-15,32.029998779296875,32.139999389648438,31.399999618530273,31.430000305175781,266700
2011-12-16,31.440000534057617,31.840000152587891,31.110000610351562,31.620000839233398,277400
2011-12-19,31.719999313354492,31.729999542236328,31.340000152587891,31.610000610351562,209300
2011-12-20,32.229999542236328,32.509998321533203,32.009998321533203,32.430000305175781,293300
2011-12-21,32.490001678466797,32.830001831054688,32.400001525878906,32.810001373291016,276100
2011-12-22,32.740001678466797,33.040000915527344,32.740001678466797,32.909999847412109,294500
2011-12-23,33.049999237060547,33.090000152587891,32.860000610351562,33.029998779296875,278400
2011-12-27,32.959999084472656,33.540000915527344,32.959999084472656,33.409999847412109,280100
2011-12-28,33.25,33.330001831054688,32.900001525878906,33.080001831054688,301800
2011-12-29,33.020000457763672,33.139999389648438,32.759998321533203,33.139999389648438,165000
2011-12-30,33.599998474121094,33.610000610351562,32.840000152587891,32.979999542236328,504600
2012-01-03,33.529998779296875,34.180000305175781,33.529998779296875,34.159999847412109,426400
2012-01-04,34.169998168945312,34.409999847412109,34.020000457763672,34.319999694824219,146800
2012-01-05,34.150001525878906,34.200000762939453,33.700000762939453,33.799999237060547,169900
2012-01-06,33.860000610351562,33.979999542236328,33.599998474121094,33.950000762939453,444100
2012-01-09,34,34.040000915527344,33.729999542236328,33.990001678466797,703200
2012-01-10,34.310001373291016,34.389999389648438,34.060001373291016,34.25,259000
2012-01-11,34.020000457763672,34.439998626708984,33.860000610351562,34.029998779296875,194800
2012-01-12,34.049999237060547,34.389999389648438,33.400001525878906,33.479999542236328,125000
2012-01-13,33.270000457763672,33.490001678466797,33.180000305175781,33.479999542236328,206300
2012-01-17,33.669998168945312,33.779998779296875,33.520000457763672,33.759998321533203,208400
2012-01-18,33.680000305175781,33.759998321533203,33.509998321533203,33.700000762939453,123400
2012-01-19,34.020000457763672,34.020000457763672,33.610000610351562,33.770000457763672,127600
2012-01-20,33.610000610351562,33.610000610351562,33.25,33.380001068115234,147100
2012-01-23,33.520000457763672,33.819999694824219,33.520000457763672,33.770000457763672,123500
2012-01-24,33.509998321533203,33.759998321533203,33.450000762939453,33.680000305175781,169300
2012-01-25,33.569999694824219,33.950000762939453,33.430000305175781,33.930000305175781,190300
2012-01-26,34.240001678466797,34.319999694824219,33.840000152587891,34.040000915527344,226200
2012-01-27,33.919998168945312,34.200000762939453,33.900001525878906,34.139999389648438,386500
2012-01-30,33.849998474121094,33.990001678466797,33.680000305175781,33.819999694824219,207000
2012-01-31,34.180000305175781,34.25,33.630001068115234,33.770000457763672,398200
2012-02-01,33.950000762939453,34.020000457763672,33.630001068115234,33.75,168500
2012-02-02,33.580001831054688,33.75,33.369998931884766,33.729999542236328,113200
2012-02-03,33.740001678466797,34.069999694824219,33.720001220703125,34.009998321533203,336500
2012-02-06,33.939998626708984,34.189998626708984,33.919998168945312,34.169998168945312,175400
2012-02-07,34.040000915527344,34.439998626708984,33.950000762939453,34.319999694824219,246300
2012-02-08,34.450000762939453,34.560001373291016,34.099998474121094,34.459999084472656,211800
2012-02-09,34.569999694824219,34.810001373291016,34.459999084472656,34.569999694824219,97700
2012-02-10,34.200000762939453,34.310001373291016,34.020000457763672,34.259998321533203,127300
2012-02-13,34.479999542236328,34.540000915527344,34.270000457763672,34.409999847412109,137700
2012-02-14,34.520000457763672,34.610000610351562,34.330001831054688,34.479999542236328,93300
2012-02-15,34.580001831054688,34.689998626708984,34.490001678466797,34.619998931884766,142400
2012-02-16,34.650001525878906,34.880001068115234,34.529998779296875,34.880001068115234,125000
2012-02-17,34.909999847412109,34.990001678466797,34.75,34.990001678466797,152200
2012-02-21,35.240001678466797,35.560001373291016,35.169998168945312,35.479999542236328,396500
2012-02-22,35.470001220703125,35.799999237060547,35.400001525878906,35.659999847412109,433800
2012-02-23,35.720001220703125,36.040000915527344,35.580001831054688,35.950000762939453,332500
2012-02-24,36.060001373291016,36.430000305175781,35.959999084472656,36.349998474121094,437800
2012-02-27,36.130001068115234,36.290000915527344,35.930000305175781,35.990001678466797,549800
2012-02-28,36.060001373291016,36.180000305175781,35.720001220703125,35.810001373291016,418400
2012-02-29,35.889999389648438,35.970001220703125,35.299999237060547,35.869998931884766,802700
2012-03-01,35.919998168945312,36.720001220703125,35.759998321533203,36.430000305175781,1065300
2012-03-02,36.159999847412109,36.159999847412109,35.700000762939453,35.840000152587891,313000
2012-03-05,35.889999389648438,36,35.639999389648438,35.900001525878906,204100
2012-03-06,35.220001220703125,35.450000762939453,35.099998474121094,35.279998779296875,116300
2012-03-07,35.279998779296875,35.490001678466797,35.150001525878906,35.439998626708984,167000
2012-03-08,35.569999694824219,35.770000457763672,35.540000915527344,35.619998931884766,187700
2012-03-09,35.560001373291016,35.950000762939453,35.509998321533203,35.799999237060547,137500
2012-03-12,35.520000457763672,35.759998321533203,35.400001525878906,35.740001678466797,162200
2012-03-13,35.729999542236328,35.990001678466797,35.569999694824219,35.860000610351562,120300
2012-03-14,35.779998779296875,35.930000305175781,35.479999542236328,35.639999389648438,153200
2012-03-15,35.580001831054688,35.729999542236328,35.25,35.459999084472656,157400
2012-03-16,35.619998931884766,36,35.619998931884766,36,102200
2012-03-19,36.009998321533203,36.130001068115234,35.930000305175781,36.069999694824219,163700
2012-03-20,35.610000610351562,35.680000305175781,35.430000305175781,35.520000457763672,162700
2012-03-21,35.490001678466797,35.819999694824219,35.439998626708984,35.680000305175781,360000
2012-03-22,35.180000305175781,35.340000152587891,35.060001373291016,35.279998779296875,103000
2012-03-23,35.389999389648438,36.020000457763672,35.349998474121094,35.669998168945312,114500
2012-03-26,35.529998779296875,35.909999847412109,35.529998779296875,35.810001373291016,169600
2012-03-27,35.889999389648438,35.930000305175781,35.650001525878906,35.729999542236328,201400
2012-03-28,35.340000152587891,35.389999389648438,35.180000305175781,35.349998474121094,138300
2012-03-29,35.240001678466797,35.319999694824219,34.509998321533203,34.75,326900
2012-03-30,34.75,35.130001068115234,34.630001068115234,34.779998779296875,526000
2012-04-02,34.540000915527344,35.450000762939453,34.529998779296875,35.389999389648438,564500
2012-04-03,35.310001373291016,35.439998626708984,35.060001373291016,35.209999084472656,274500
2012-04-04,34.770000457763672,34.990001678466797,34.529998779296875,34.75,165400
2012-04-05,34.580001831054688,34.880001068115234,34.5,34.849998474121094,108300
2012-04-09,34.439998626708984,34.630001068115234,34.259998321533203,34.569999694824219,135500
2012-04-10,34.470001220703125,34.560001373291016,33.990001678466797,34.020000457763672,226900
2012-04-11,34.200000762939453,34.430000305175781,34.110000610351562,34.330001831054688,178000
2012-04-12,34.319999694824219,34.849998474121094,34.319999694824219,34.759998321533203,280000
2012-04-13,34.720001220703125,34.720001220703125,34.450000762939453,34.560001373291016,190700
2012-04-16,34.340000152587891,34.490001678466797,34.159999847412109,34.319999694824219,355500
2012-04-17,34.490001678466797,34.569999694824219,34.389999389648438,34.470001220703125,150200
2012-04-18,34.189998626708984,34.319999694824219,33.950000762939453,34.130001068115234,161000
2012-04-19,34.180000305175781,34.290000915527344,33.970001220703125,34.049999237060547,235400
2012-04-20,34.389999389648438,34.520000457763672,34.150001525878906,34.340000152587891,168300
2012-04-23,33.889999389648438,34.220001220703125,33.799999237060547,34.169998168945312,150400
2012-04-24,34.220001220703125,34.340000152587891,34,34.060001373291016,354800
2012-04-25,34.169998168945312,34.360000610351562,33.990001678466797,34.290000915527344,82800
2012-04-26,34.349998474121094,34.529998779296875,34.330001831054688,34.400001525878906,108500
2012-04-27,34.400001525878906,34.639999389648438,34.360000610351562,34.580001831054688,157800
2012-04-30,34.479999542236328,34.700000762939453,34.369998931884766,34.659999847412109,178000
2012-05-01,34.409999847412109,34.849998474121094,34.409999847412109,34.75,75100
2012-05-02,34.569999694824219,34.650001525878906,34.259998321533203,34.319999694824219,121000
2012-05-03,34.139999389648438,34.200000762939453,33.770000457763672,33.799999237060547,182600
2012-05-04,33.340000152587891,33.430000305175781,32.790000915527344,33.080001831054688,180400
2012-05-07,32.840000152587891,32.939998626708984,32.590000152587891,32.900001525878906,589000
2012-05-08,32.630001068115234,32.810001373291016,32.340000152587891,32.779998779296875,542400
2012-05-09,32.340000152587891,32.659999847412109,32.290000915527344,32.590000152587891,335300
2012-05-10,32.810001373291016,32.810001373291016,32.520000457763672,32.520000457763672,173100
2012-05-11,32.229999542236328,32.580001831054688,32.229999542236328,32.279998779296875,295000
2012-05-14,31.879999160766602,32.029998779296875,31.790000915527344,31.879999160766602,296700
2012-05-15,32.029998779296875,32.159999847412109,31.870000839233398,31.870000839233398,201000
2012-05-16,31.840000152587891,32.119998931884766,31.760000228881836,31.790000915527344,447600
2012-05-17,31.809999465942383,31.989999771118164,31.629999160766602,31.680000305175781,276100
2012-05-18,31.729999542236328,31.860000610351562,31.579999923706055,31.590000152587891,145900
2012-05-21,31.75,32.020000457763672,31.729999542236328,32,109600
2012-05-22,31.870000839233398,31.950000762939453,31.530000686645508,31.540000915527344,278700
2012-05-23,31.260000228881836,31.479999542236328,30.940000534057617,31.190000534057617,231000
2012-05-24,31.290000915527344,31.370000839233398,31.059999465942383,31.25,109000
2012-05-25,31.209999084472656,31.319999694824219,31.190000534057617,31.229999542236328,137900
2012-05-29,31.420000076293945,31.510000228881836,31.030000686645508,31.090000152587891,125300
2012-05-30,30.680000305175781,30.680000305175781,30.329999923706055,30.409999847412109,137800
2012-05-31,30.409999847412109,30.440000534057617,29.979999542236328,30.229999542236328,723700
2012-06-01,29.5,29.760000228881836,29.100000381469727,29.319999694824219,820700
2012-06-04,29.260000228881836,29.629999160766602,29.120000839233398,29.600000381469727,564900
2012-06-05,29.520000457763672,29.620000839233398,29.399999618530273,29.520000457763672,173700
2012-06-06,29.819999694824219,30.120000839233398,29.729999542236328,30.020000457763672,246100
2012-06-07,30.309999465942383,30.469999313354492,29.739999771118164,29.819999694824219,280500
2012-06-08,29.489999771118164,29.989999771118164,29.420000076293945,29.950000762939453,305800
2012-06-11,30.049999237060547,30.049999237060547,29.239999771118164,29.270000457763672,298900
2012-06-12,29.540000915527344,29.639999389648438,29.399999618530273,29.549999237060547,168100
2012-06-13,29.280000686645508,29.680000305175781,29.200000762939453,29.309999465942383,111600
2012-06-14,29.309999465942383,29.729999542236328,29.149999618530273,29.729999542236328,212300
2012-06-15,29.680000305175781,29.879999160766602,29.520000457763672,29.649999618530273,115300
2012-06-18,29.409999847412109,29.639999389648438,29.25,29.540000915527344,148000
2012-06-19,29.819999694824219,29.909999847412109,29.729999542236328,29.829999923706055,102200
2012-06-20,29.649999618530273,29.680000305175781,29.049999237060547,29.069999694824219,133300
2012-06-21,28.969999313354492,29.010000228881836,28.299999237060547,28.469999313354492,389900
2012-06-22,28.559999465942383,28.829999923706055,28.5,28.809999465942383,195300
2012-06-25,28.670000076293945,28.940000534057617,28.600000381469727,28.899999618530273,156100
2012-06-26,28.899999618530273,29.129999160766602,28.799999237060547,29.069999694824219,166000
2012-06-27,29.309999465942383,29.520000457763672,29.25,29.350000381469727,267700
2012-06-28,29.159999847412109,29.280000686645508,28.760000228881836,29.020000457763672,122100
2012-06-29,29.850000381469727,30.590000152587891,29.709999084472656,30.440000534057617,236100
2012-07-02,30.270000457763672,30.389999389648438,30.010000228881836,30.329999923706055,82400
2012-07-03,31.110000610351562,31.399999618530273,30.889999389648438,31.360000610351562,134900
2012-07-05,31.420000076293945,31.610000610351562,31,31.430000305175781,319200
2012-07-06,30.920000076293945,30.950000762939453,30.649999618530273,30.700000762939453,87100
2012-07-09,30.899999618530273,31.409999847412109,30.899999618530273,31.180000305175781,212100
2012-07-10,31.159999847412109,31.159999847412109,30.690000534057617,30.799999237060547,100200
2012-07-11,31.069999694824219,31.309999465942383,30.899999618530273,31.239999771118164,77800
2012-07-12,30.879999160766602,31.370000839233398,30.809999465942383,31.25,36100
2012-07-13,31.420000076293945,31.809999465942383,31.409999847412109,31.590000152587891,111000
2012-07-16,31.809999465942383,32.099998474121094,31.719999313354492,32.099998474121094,71900
2012-07-17,32.259998321533203,32.389999389648438,31.860000610351562,32.090000152587891,138700
2012-07-18,31.879999160766602,32.650001525878906,31.879999160766602,32.590000152587891,292300
2012-07-19,33,33.369998931884766,32.959999084472656,33.340000152587891,113700
2012-07-20,33.090000152587891,33.229999542236328,32.919998168945312,33.189998626708984,116300
2012-07-23,32.220001220703125,32.610000610351562,32.139999389648438,32.340000152587891,470500
2012-07-24,32.25,32.319999694824219,31.879999160766602,32.200000762939453,80900
2012-07-25,32.450000762939453,32.470001220703125,31.940000534057617,32.340000152587891,141600
2012-07-26,32.639999389648438,32.689998626708984,32.299999237060547,32.360000610351562,81800
2012-07-27,32.740001678466797,32.840000152587891,32.5,32.779998779296875,95100
2012-07-30,32.779998779296875,32.909999847412109,32.610000610351562,32.810001373291016,62600
2012-07-31,32.669998168945312,32.799999237060547,32.229999542236328,32.229999542236328,140500
2012-08-01,32.659999847412109,32.659999847412109,32.319999694824219,32.459999084472656,155600
2012-08-02,32.090000152587891,32.279998779296875,32.009998321533203,32.090000152587891,71100
2012-08-03,32.619998931884766,33.080001831054688,32.610000610351562,32.990001678466797,244800
2012-08-06,32.959999084472656,33.159999847412109,32.779998779296875,33.090000152587891,103500
2012-08-07,33.159999847412109,33.599998474121094,33.090000152587891,33.419998168945312,146600
2012-08-08,33.590000152587891,33.669998168945312,33.419998168945312,33.549999237060547,178000
2012-08-09,33.529998779296875,33.830001831054688,33.529998779296875,33.720001220703125,113500
2012-08-10,33.279998779296875,33.599998474121094,33.279998779296875,33.529998779296875,53300
2012-08-13,33.430000305175781,33.560001373291016,33.159999847412109,33.299999237060547,57900
2012-08-14,33.369998931884766,33.540000915527344,33.319999694824219,33.459999084472656,50400
2012-08-15,33.340000152587891,33.860000610351562,33.159999847412109,33.740001678466797,78600
2012-08-16,33.869998931884766,34.080001831054688,33.75,33.950000762939453,120200
2012-08-17,33.880001068115234,34.150001525878906,33.770000457763672,34.110000610351562,198000
2012-08-20,34.099998474121094,34.189998626708984,33.909999847412109,34.169998168945312,94700
2012-08-21,34.580001831054688,34.689998626708984,34.400001525878906,34.450000762939453,560400
2012-08-22,34.430000305175781,34.619998931884766,34.380001068115234,34.610000610351562,79500
2012-08-23,34.709999084472656,34.75,34.240001678466797,34.319999694824219,84900
2012-08-24,34.430000305175781,34.5,34.069999694824219,34.090000152587891,107000
2012-08-27,34.380001068115234,34.380001068115234,33.880001068115234,34.049999237060547,287000
2012-08-28,34.049999237060547,34.200000762939453,33.930000305175781,34.119998931884766,282700
2012-08-29,34.119998931884766,34.159999847412109,33.979999542236328,34.090000152587891,136000
2012-08-30,34.220001220703125,34.220001220703125,33.580001831054688,34.090000152587891,108500
2012-08-31,34.349998474121094,34.549999237060547,34.099998474121094,34.540000915527344,337000
2012-09-04,34.740001678466797,34.740001678466797,34.369998931884766,34.450000762939453,1301600
2012-09-05,34.389999389648438,34.409999847412109,34.180000305175781,34.279998779296875,114700
2012-09-06,34.459999084472656,34.790000915527344,34.220001220703125,34.220001220703125,190800
2012-09-07,34.330001831054688,34.689998626708984,34.150001525878906,34.639999389648438,390900
2012-09-10,34.599998474121094,34.75,34.5,34.639999389648438,90400
2012-09-11,34.689998626708984,34.830001831054688,34.650001525878906,34.740001678466797,458600
2012-09-12,34.770000457763672,34.880001068115234,34.630001068115234,34.75,314300
2012-09-13,35.020000457763672,35.049999237060547,34.599998474121094,34.930000305175781,443400
2012-09-14,35.319999694824219,35.520000457763672,35.200000762939453,35.349998474121094,532900
2012-09-17,35.319999694824219,35.340000152587891,34.130001068115234,34.380001068115234,215900
2012-09-18,34.450000762939453,34.490001678466797,33.979999542236328,34.110000610351562,211700
2012-09-19,33.939998626708984,33.939998626708984,33.240001678466797,33.349998474121094,323800
2012-09-20,33.380001068115234,33.680000305175781,33.299999237060547,33.650001525878906,521200
2012-09-21,33.759998321533203,33.880001068115234,33.680000305175781,33.810001373291016,182600
2012-09-24,33.279998779296875,33.520000457763672,33.169998168945312,33.5,266900
2012-09-25,33.740001678466797,33.790000915527344,33.400001525878906,33.490001678466797,550300
2012-09-26,33.229999542236328,33.259998321533203,32.5,33.189998626708984,230500
2012-09-27,33.520000457763672,33.700000762939453,33.439998626708984,33.650001525878906,122000
2012-09-28,33.759998321533203,33.889999389648438,33.650001525878906,33.799999237060547,466500
2012-10-01,33.990001678466797,34.110000610351562,33.75,33.880001068115234,709700
2012-10-02,33.909999847412109,33.919998168945312,33.700000762939453,33.709999084472656,90600
2012-10-03,33.400001525878906,33.400001525878906,32.889999389648438,32.930000305175781,316700
2012-10-04,33.340000152587891,33.930000305175781,33.25,33.860000610351562,248000
2012-10-05,33.849998474121094,33.849998474121094,33.380001068115234,33.529998779296875,61600
2012-10-08,33.430000305175781,33.540000915527344,33.340000152587891,33.450000762939453,88600
2012-10-09,33.619998931884766,34.069999694824219,33.610000610351562,33.970001220703125,130800
2012-10-10,33.959999084472656,34.25,33.779998779296875,33.869998931884766,226500
2012-10-11,34.159999847412109,34.389999389648438,34.090000152587891,34.279998779296875,108200
2012-10-12,33.990001678466797,34.110000610351562,33.740001678466797,33.900001525878906,81500
2012-10-15,33.630001068115234,33.860000610351562,33.419998168945312,33.819999694824219,210900
2012-10-16,33.770000457763672,33.909999847412109,33.709999084472656,33.790000915527344,132000
2012-10-17,33.880001068115234,33.959999084472656,33.720001220703125,33.869998931884766,114900
2012-10-18,33.619998931884766,34.060001373291016,33.590000152587891,33.970001220703125,302800
2012-10-19,34.099998474121094,34.130001068115234,33.400001525878906,33.459999084472656,85900
2012-10-22,33.430000305175781,33.560001373291016,33.020000457763672,33.169998168945312,200200
2012-10-23,32.689998626708984,32.700000762939453,32.360000610351562,32.560001373291016,386000
2012-10-24,32.560001373291016,32.610000610351562,32.25,32.419998168945312,145400
2012-10-25,32.610000610351562,32.700000762939453,32.299999237060547,32.490001678466797,245500
2012-10-26,32.430000305175781,32.560001373291016,32.360000610351562,32.549999237060547,167900
2012-10-31,32.450000762939453,32.689998626708984,32.369998931884766,32.439998626708984,196800
2012-11-01,32.459999084472656,32.610000610351562,32.340000152587891,32.450000762939453,404500
2012-11-02,32.369998931884766,32.400001525878906,31.790000915527344,31.879999160766602,96600
2012-11-05,31.850000381469727,32.130001068115234,31.770000457763672,32.080001831054688,245200
2012-11-06,32.049999237060547,32.880001068115234,32.049999237060547,32.779998779296875,283900
2012-11-07,32.639999389648438,32.639999389648438,31.909999847412109,31.979999542236328,159300
2012-11-08,32.040000915527344,32.130001068115234,31.870000839233398,31.950000762939453,223800
2012-11-09,31.950000762939453,32.409999847412109,31.700000762939453,32.360000610351562,111300
2012-11-12,32.360000610351562,32.430000305175781,32.099998474121094,32.169998168945312,84400
2012-11-13,31.809999465942383,32.110000610351562,31.600000381469727,32.040000915527344,90000
2012-11-14,32.119998931884766,32.409999847412109,32.040000915527344,32.209999084472656,92900
2012-11-15,32.369998931884766,32.430000305175781,31.920000076293945,32.049999237060547,97700
2012-11-16,32.209999084472656,32.319999694824219,32,32.310001373291016,55200
2012-11-19,32.740001678466797,33.020000457763672,32.729999542236328,32.939998626708984,110900
2012-11-20,32.770000457763672,32.889999389648438,32.369998931884766,32.630001068115234,93200
2012-11-21,32.680000305175781,32.779998779296875,32.509998321533203,32.770000457763672,52800
2012-11-23,32.799999237060547,32.970001220703125,32.529998779296875,32.930000305175781,56800
2012-11-26,32.720001220703125,32.840000152587891,32.669998168945312,32.75,106000
2012-11-27,32.779998779296875,32.810001373291016,32.569999694824219,32.729999542236328,98900
2012-11-28,32.369998931884766,32.680000305175781,32.240001678466797,32.669998168945312,200600
2012-11-29,32.970001220703125,33.080001831054688,32.810001373291016,32.869998931884766,113900
2012-11-30,32.889999389648438,32.990001678466797,32.799999237060547,32.959999084472656,136300
2012-12-03,33.290000915527344,33.479999542236328,32.889999389648438,33.139999389648438,2158300
2012-12-04,32.799999237060547,32.889999389648438,32.700000762939453,32.770000457763672,310200
2012-12-05,32.75,32.849998474121094,32.580001831054688,32.729999542236328,179700
2012-12-06,32.459999084472656,32.509998321533203,32.209999084472656,32.349998474121094,104300
2012-12-07,32.220001220703125,32.369998931884766,32.139999389648438,32.240001678466797,247400
2012-12-10,32.159999847412109,32.279998779296875,32.020000457763672,32.069999694824219,130500
2012-12-11,32.060001373291016,32.150001525878906,31.950000762939453,32.150001525878906,90200
2012-12-12,32.400001525878906,32.459999084472656,32.169998168945312,32.349998474121094,223000
2012-12-13,32.180000305175781,32.270000457763672,31.930000305175781,32.040000915527344,219200
2012-12-14,32.110000610351562,32.270000457763672,32.060001373291016,32.270000457763672,143600
2012-12-17,32.209999084472656,32.330001831054688,32.159999847412109,32.270000457763672,176700
2012-12-18,32.330001831054688,32.459999084472656,32.200000762939453,32.400001525878906,300000
2012-12-19,32.419998168945312,32.639999389648438,32.369998931884766,32.580001831054688,364300
2012-12-20,32.409999847412109,32.590000152587891,32.369998931884766,32.490001678466797,202300
2012-12-21,32.290000915527344,32.430000305175781,32.209999084472656,32.419998168945312,316400
2012-12-24,32.25,32.299999237060547,32.209999084472656,32.299999237060547,134300
2012-12-26,32.419998168945312,32.819999694824219,32.419998168945312,32.779998779296875,174200
2012-12-27,32.740001678466797,32.759998321533203,32.5,32.75,236600
2012-12-28,32.639999389648438,32.729999542236328,32.490001678466797,32.549999237060547,129400
2012-12-31,32.369998931884766,32.830001831054688,32.369998931884766,32.790000915527344,306800
2013-01-02,33.189998626708984,33.209999084472656,32.880001068115234,32.889999389648438,1159700
2013-01-03,32.819999694824219,32.919998168945312,32.720001220703125,32.729999542236328,117400
2013-01-04,32.630001068115234,32.75,32.529998779296875,32.659999847412109,354400
2013-01-07,32.700000762939453,32.849998474121094,32.580001831054688,32.840000152587891,203800
2013-01-08,32.909999847412109,32.950000762939453,32.759998321533203,32.919998168945312,76300
2013-01-09,32.959999084472656,32.959999084472656,32.720001220703125,32.849998474121094,121200
2013-01-10,33.110000610351562,33.229999542236328,32.950000762939453,32.990001678466797,90300
2013-01-11,32.770000457763672,32.900001525878906,32.599998474121094,32.880001068115234,110900
2013-01-14,32.990001678466797,33.159999847412109,32.830001831054688,33.159999847412109,106800
2013-01-15,33.080001831054688,33.150001525878906,32.900001525878906,32.979999542236328,115200
2013-01-16,32.959999084472656,33.080001831054688,32.889999389648438,33.080001831054688,157700
2013-01-17,33.209999084472656,33.319999694824219,33.110000610351562,33.279998779296875,136700
2013-01-18,33.319999694824219,33.439998626708984,33.189998626708984,33.439998626708984,78200
2013-01-22,33.520000457763672,33.639999389648438,33.409999847412109,33.569999694824219,86300
2013-01-23,33.549999237060547,33.599998474121094,33.389999389648438,33.509998321533203,132200
2013-01-24,33.470001220703125,33.650001525878906,33.400001525878906,33.630001068115234,258000
2013-01-25,33.610000610351562,33.639999389648438,33.419998168945312,33.590000152587891,201600
2013-01-28,33.590000152587891,33.729999542236328,33.409999847412109,33.729999542236328,151400
2013-01-29,33.810001373291016,33.979999542236328,33.729999542236328,33.950000762939453,100500
2013-01-30,34.099998474121094,34.279998779296875,34.060001373291016,34.270000457763672,97800
2013-01-31,34.049999237060547,34.290000915527344,34.049999237060547,34.290000915527344,271000
2013-02-01,34.290000915527344,34.569999694824219,34.220001220703125,34.360000610351562,669500
2013-02-04,34.209999084472656,34.360000610351562,34.110000610351562,34.169998168945312,391000
2013-02-05,34.360000610351562,34.400001525878906,34.270000457763672,34.380001068115234,179100
2013-02-06,34.139999389648438,34.369998931884766,34.069999694824219,34.360000610351562,309200
2013-02-07,34.349998474121094,34.419998168945312,34.099998474121094,34.189998626708984,132900
2013-02-08,34.369998931884766,34.450000762939453,34.240001678466797,34.299999237060547,331000
2013-02-11,34.110000610351562,34.290000915527344,33.990001678466797,34.279998779296875,408300
2013-02-12,34.299999237060547,34.369998931884766,34.220001220703125,34.360000610351562,326100
2013-02-13,34.369998931884766,34.400001525878906,34.240001678466797,34.340000152587891,221300
2013-02-14,34.220001220703125,34.360000610351562,34.220001220703125,34.349998474121094,79000
2013-02-15,34.049999237060547,34.240001678466797,33.979999542236328,34.240001678466797,186000
2013-02-19,34.029998779296875,34.139999389648438,33.909999847412109,34.139999389648438,123700
2013-02-20,34.040000915527344,34.099998474121094,33.419998168945312,33.560001373291016,523900
2013-02-21,33.200000762939453,33.220001220703125,33.040000915527344,33.090000152587891,137100
2013-02-22,33.139999389648438,33.240001678466797,33.060001373291016,33.200000762939453,204400
2013-02-25,33.290000915527344,33.459999084472656,32.959999084472656,32.990001678466797,158500
2013-02-26,33.009998321533203,33.069999694824219,32.790000915527344,32.959999084472656,193700
2013-02-27,32.900001525878906,33,32.729999542236328,32.799999237060547,97900
2013-02-28,32.729999542236328,32.869998931884766,32.540000915527344,32.540000915527344,113100
2013-03-01,32.349998474121094,32.430000305175781,32.209999084472656,32.430000305175781,338700
2013-03-04,32.290000915527344,32.299999237060547,32.029998779296875,32.220001220703125,206100
2013-03-05,32.340000152587891,32.509998321533203,32.270000457763672,32.509998321533203,116000
2013-03-06,32.369998931884766,32.419998168945312,32.119998931884766,32.220001220703125,231500
2013-03-07,32.330001831054688,32.509998321533203,32.310001373291016,32.490001678466797,204100
2013-03-08,32.439998626708984,32.580001831054688,32.340000152587891,32.549999237060547,98000
2013-03-11,32.459999084472656,32.560001373291016,32.330001831054688,32.520000457763672,156200
2013-03-12,32.740001678466797,32.810001373291016,32.520000457763672,32.590000152587891,158700
2013-03-13,32.650001525878906,32.650001525878906,32.290000915527344,32.349998474121094,115800
2013-03-14,32.419998168945312,32.630001068115234,32.419998168945312,32.619998931884766,140400
2013-03-15,32.740001678466797,32.819999694824219,32.639999389648438,32.799999237060547,528600
2013-03-18,32.470001220703125,32.790000915527344,32.349998474121094,32.630001068115234,225100
2013-03-19,32.580001831054688,32.610000610351562,32.209999084472656,32.25,97000
2013-03-20,32.439998626708984,32.509998321533203,32.229999542236328,32.479999542236328,714200
2013-03-21,32.369998931884766,32.450000762939453,32.189998626708984,32.279998779296875,99500
2013-03-22,32.330001831054688,32.419998168945312,32.189998626708984,32.400001525878906,147600
2013-03-25,32.549999237060547,32.689998626708984,32.360000610351562,32.490001678466797,126600
2013-03-26,32.630001068115234,32.810001373291016,32.540000915527344,32.810001373291016,116900
2013-03-27,32.740001678466797,33,32.680000305175781,32.990001678466797,137500
2013-03-28,32.880001068115234,32.959999084472656,32.619998931884766,32.900001525878906,649400
2013-04-01,32.610000610351562,32.939998626708984,32.599998474121094,32.860000610351562,189200
2013-04-02,32.669998168945312,32.790000915527344,32.599998474121094,32.720001220703125,366600
2013-04-03,32.630001068115234,32.700000762939453,32,32.080001831054688,115400
2013-04-04,31.770000457763672,31.979999542236328,31.600000381469727,31.870000839233398,167600
2013-04-05,31.610000610351562,31.639999389648438,31.370000839233398,31.590000152587891,299400
2013-04-08,31.540000915527344,31.770000457763672,31.5,31.760000228881836,182400
2013-04-09,31.690000534057617,31.959999084472656,31.600000381469727,31.920000076293945,109100
2013-04-10,31.840000152587891,31.909999847412109,31.700000762939453,31.809999465942383,78500
2013-04-11,31.770000457763672,31.790000915527344,31.459999084472656,31.559999465942383,759000
2013-04-12,32.040000915527344,32.040000915527344,30.879999160766602,31.129999160766602,329300
2013-04-15,30.639999389648438,30.690000534057617,30.280000686645508,30.299999237060547,314000
2013-04-16,30.379999160766602,30.549999237060547,30.219999313354492,30.510000228881836,207300
2013-04-17,30.260000228881836,30.280000686645508,29.950000762939453,30.049999237060547,236800
2013-04-18,30.180000305175781,30.530000686645508,30,30.5,126400
2013-04-19,30.360000610351562,30.469999313354492,30.290000915527344,30.399999618530273,64600
2013-04-22,30.409999847412109,30.540000915527344,30.239999771118164,30.540000915527344,153300
2013-04-23,30.319999694824219,30.440000534057617,30.219999313354492,30.420000076293945,71100
2013-04-24,30.520000457763672,30.799999237060547,30.520000457763672,30.770000457763672,59100
2013-04-25,30.809999465942383,31.299999237060547,30.809999465942383,31.200000762939453,77800
2013-04-26,31.180000305175781,31.290000915527344,31,31.149999618530273,139900
2013-04-29,31.229999542236328,31.549999237060547,31.219999313354492,31.530000686645508,120000
2013-04-30,31.430000305175781,31.450000762939453,31.180000305175781,31.290000915527344,811400
2013-05-01,30.729999542236328,30.809999465942383,30.520000457763672,30.639999389648438,223900
2013-05-02,30.850000381469727,31.239999771118164,30.709999084472656,31.239999771118164,174300
2013-05-03,31.510000228881836,31.680000305175781,31.450000762939453,31.510000228881836,97500
2013-05-06,31.479999542236328,31.690000534057617,31.430000305175781,31.600000381469727,68500
2013-05-07,31.600000381469727,31.700000762939453,31.469999313354492,31.510000228881836,234600
2013-05-08,31.569999694824219,31.719999313354492,31.520000457763672,31.709999084472656,134000
2013-05-09,31.760000228881836,31.829999923706055,31.569999694824219,31.700000762939453,50500
2013-05-10,31.340000152587891,31.590000152587891,31.120000839233398,31.590000152587891,152300
2013-05-13,31.379999160766602,31.549999237060547,31.319999694824219,31.479999542236328,231400
2013-05-14,31.639999389648438,31.639999389648438,31.280000686645508,31.309999465942383,132900
2013-05-15,31.040000915527344,31.379999160766602,30.889999389648438,31.379999160766602,179200
2013-05-16,31.319999694824219,31.5,31.25,31.399999618530273,129500
2013-05-17,31.549999237060547,31.670000076293945,31.459999084472656,31.620000839233398,111600
2013-05-20,31.579999923706055,31.840000152587891,31.549999237060547,31.709999084472656,498600
2013-05-21,31.690000534057617,31.690000534057617,31.379999160766602,31.510000228881836,233000
2013-05-22,31.260000228881836,31.530000686645508,31.159999847412109,31.239999771118164,98100
2013-05-23,30.610000610351562,31.389999389648438,30.590000152587891,31.360000610351562,382700
2013-05-24,31.290000915527344,31.299999237060547,31.059999465942383,31.25,246100
2013-05-28,31.639999389648438,31.700000762939453,31.549999237060547,31.579999923706055,105400
2013-05-29,31.5,31.559999465942383,31.149999618530273,31.229999542236328,50500
2013-05-30,30.950000762939453,31.270000457763672,30.920000076293945,31.180000305175781,183200
2013-05-31,30.909999847412109,31.030000686645508,30.729999542236328,30.809999465942383,506200
2013-06-03,31.040000915527344,31.270000457763672,30.969999313354492,31.229999542236328,101400
2013-06-04,31.159999847412109,31.469999313354492,31.010000228881836,31.420000076293945,52700
2013-06-05,31.450000762939453,31.620000839233398,31.319999694824219,31.350000381469727,65900
2013-06-06,31.139999389648438,31.530000686645508,31.139999389648438,31.489999771118164,83800
2013-06-07,31.370000839233398,31.780000686645508,31.340000152587891,31.709999084472656,269300
2013-06-10,31.610000610351562,31.639999389648438,31.379999160766602,31.399999618530273,290900
2013-06-11,31.059999465942383,31.270000457763672,31.030000686645508,31.260000228881836,193400
2013-06-12,31.430000305175781,31.459999084472656,31.290000915527344,31.370000839233398,339200
2013-06-13,31.299999237060547,31.639999389648438,31.280000686645508,31.629999160766602,109200
2013-06-14,31.799999237060547,31.899999618530273,31.75,31.799999237060547,335000
2013-06-17,31.739999771118164,31.920000076293945,31.649999618530273,31.920000076293945,367000
2013-06-18,31.889999389648438,31.989999771118164,31.799999237060547,31.989999771118164,97800
2013-06-19,32,32.209999084472656,31.969999313354492,32.020000457763672,105300
2013-06-20,31.370000839233398,31.370000839233398,31,31.069999694824219,405900
2013-06-21,31.059999465942383,31.110000610351562,30.670000076293945,30.719999313354492,444900
2013-06-24,30.549999237060547,30.889999389648438,30.479999542236328,30.680000305175781,458900
2013-06-25,30.889999389648438,30.959999084472656,30.709999084472656,30.709999084472656,115800
2013-06-26,30.840000152587891,30.840000152587891,30.5,30.719999313354492,114200
2013-06-27,30.870000839233398,31.059999465942383,30.829999923706055,30.969999313354492,113900
2013-06-28,30.860000610351562,31.100000381469727,30.709999084472656,30.799999237060547,203400
2013-07-01,30.989999771118164,31.139999389648438,30.930000305175781,30.969999313354492,100800
2013-07-02,31.100000381469727,31.309999465942383,31.100000381469727,31.260000228881836,134100
2013-07-03,31.620000839233398,31.739999771118164,31.579999923706055,31.700000762939453,127300
2013-07-05,31.670000076293945,31.940000534057617,31.620000839233398,31.870000839233398,195700
2013-07-08,32,32.139999389648438,31.799999237060547,32.049999237060547,903400
2013-07-09,32,32.240001678466797,31.989999771118164,32.229999542236328,125500
2013-07-10,32.470001220703125,32.669998168945312,32.430000305175781,32.560001373291016,244800
2013-07-11,32.639999389648438,32.639999389648438,32.369998931884766,32.490001678466797,116600
2013-07-12,32.5,32.849998474121094,32.5,32.830001831054688,1649500
2013-07-15,32.689998626708984,32.840000152587891,32.650001525878906,32.840000152587891,196700
2013-07-16,32.930000305175781,32.939998626708984,32.790000915527344,32.840000152587891,111500
2013-07-17,32.869998931884766,32.930000305175781,32.770000457763672,32.930000305175781,143100
2013-07-18,33,33.200000762939453,32.900001525878906,33.189998626708984,338700
2013-07-19,33.310001373291016,33.319999694824219,32.939998626708984,33.209999084472656,54100
2013-07-22,33.509998321533203,33.509998321533203,32.939998626708984,32.939998626708984,245100
2013-07-23,32.930000305175781,33.080001831054688,32.900001525878906,33,81200
2013-07-24,32.869998931884766,32.930000305175781,32.569999694824219,32.639999389648438,117100
2013-07-25,32.540000915527344,32.680000305175781,32.389999389648438,32.669998168945312,95800
2013-07-26,32.549999237060547,32.549999237060547,32.279998779296875,32.450000762939453,397900
2013-07-29,32.430000305175781,32.459999084472656,32.299999237060547,32.409999847412109,79300
2013-07-30,32.310001373291016,32.310001373291016,32.069999694824219,32.200000762939453,64400
2013-07-31,32.080001831054688,32.560001373291016,31.989999771118164,32.540000915527344,249700
2013-08-01,32.860000610351562,32.939998626708984,32.770000457763672,32.900001525878906,239000
2013-08-02,32.799999237060547,32.810001373291016,32.610000610351562,32.680000305175781,112700
2013-08-05,32.419998168945312,32.630001068115234,32.360000610351562,32.540000915527344,130700
2013-08-06,32.470001220703125,32.470001220703125,32.209999084472656,32.330001831054688,104400
2013-08-07,32.180000305175781,32.270000457763672,32,32.040000915527344,56900
2013-08-08,31.930000305175781,32.090000152587891,31.709999084472656,32.090000152587891,152000
2013-08-09,32.080001831054688,32.419998168945312,32.080001831054688,32.409999847412109,124300
2013-08-12,32.389999389648438,32.720001220703125,32.299999237060547,32.720001220703125,41500
2013-08-13,32.669998168945312,32.799999237060547,32.599998474121094,32.75,80000
2013-08-14,32.75,32.939998626708984,32.709999084472656,32.900001525878906,72300
2013-08-15,33,33.180000305175781,32.880001068115234,33.069999694824219,195400
2013-08-16,33.020000457763672,33.25,33,33.25,95500
2013-08-19,33.490001678466797,33.5,33.060001373291016,33.130001068115234,67200
2013-08-20,32.840000152587891,33.169998168945312,32.799999237060547,32.939998626708984,81200
2013-08-21,32.830001831054688,32.919998168945312,32.729999542236328,32.799999237060547,68700
2013-08-22,32.970001220703125,32.970001220703125,32.720001220703125,32.849998474121094,60200
2013-08-23,32.880001068115234,33.200000762939453,32.849998474121094,33.139999389648438,44100
2013-08-26,33.200000762939453,33.310001373291016,33.119998931884766,33.290000915527344,95800
2013-08-27,33.5,33.869998931884766,33.5,33.709999084472656,287700
2013-08-28,33.900001525878906,34.159999847412109,33.900001525878906,34.049999237060547,191600
2013-08-29,34.229999542236328,34.279998779296875,33.650001525878906,33.650001525878906,82600
2013-08-30,33.639999389648438,33.75,33.409999847412109,33.549999237060547,1221400
2013-09-03,33.610000610351562,34.229999542236328,33.590000152587891,34.180000305175781,4688500
2013-09-04,34.029998779296875,34.029998779296875,33.599998474121094,33.650001525878906,928900
2013-09-05,33.709999084472656,33.810001373291016,33.509998321533203,33.639999389648438,402300
2013-09-06,33.990001678466797,34.049999237060547,33.849998474121094,33.889999389648438,494100
2013-09-09,34,34,33.560001373291016,33.639999389648438,394700
2013-09-10,33.209999084472656,33.279998779296875,33.049999237060547,33.189998626708984,311600
2013-09-11,33.119998931884766,33.389999389648438,33.119998931884766,33.25,148200
2013-09-12,33.319999694824219,33.580001831054688,33.259998321533203,33.580001831054688,206500
2013-09-13,33.360000610351562,33.590000152587891,33.290000915527344,33.590000152587891,157600
2013-09-16,33.200000762939453,33.310001373291016,33.029998779296875,33.060001373291016,151200
2013-09-17,33.049999237060547,33.150001525878906,32.540000915527344,32.569999694824219,309800
2013-09-18,33.180000305175781,33.319999694824219,32.659999847412109,33.319999694824219,310200
2013-09-19,33.259998321533203,33.319999694824219,32.900001525878906,32.970001220703125,343100
2013-09-20,32.860000610351562,33.060001373291016,32.75,32.849998474121094,108300
2013-09-23,32.5,32.590000152587891,32.369998931884766,32.369998931884766,183100
2013-09-24,32.220001220703125,32.549999237060547,32.200000762939453,32.419998168945312,68800
2013-09-25,32.580001831054688,32.689998626708984,32.259998321533203,32.360000610351562,254800
2013-09-26,32.529998779296875,32.599998474121094,32.439998626708984,32.560001373291016,164000
2013-09-27,32.5,32.659999847412109,32.380001068115234,32.409999847412109,125500
2013-09-30,32.200000762939453,32.380001068115234,32.090000152587891,32.380001068115234,1899800
2013-10-01,32.060001373291016,32.110000610351562,31.559999465942383,31.879999160766602,2115900
2013-10-02,31.969999313354492,32.409999847412109,31.930000305175781,32.360000610351562,436300
2013-10-03,32.479999542236328,32.560001373291016,32.200000762939453,32.270000457763672,413600
2013-10-04,32.459999084472656,32.459999084472656,32.279998779296875,32.400001525878906,266700
2013-10-07,32.340000152587891,32.610000610351562,32.099998474121094,32.599998474121094,199600
2013-10-08,32.799999237060547,32.810001373291016,32.630001068115234,32.639999389648438,183200
2013-10-09,32.479999542236328,32.490001678466797,32.209999084472656,32.459999084472656,593200
2013-10-10,32.549999237060547,32.959999084472656,32.549999237060547,32.950000762939453,125100
2013-10-11,32.599998474121094,32.819999694824219,32.560001373291016,32.799999237060547,194500
2013-10-14,32.560001373291016,32.840000152587891,32.560001373291016,32.779998779296875,54800
2013-10-15,32.720001220703125,32.720001220703125,32.430000305175781,32.490001678466797,312300
2013-10-16,32.569999694824219,32.909999847412109,32.529998779296875,32.810001373291016,97700
2013-10-17,32.599998474121094,32.680000305175781,32.400001525878906,32.520000457763672,116700
2013-10-18,32.590000152587891,32.770000457763672,32.430000305175781,32.770000457763672,110500
2013-10-21,32.639999389648438,32.720001220703125,32.450000762939453,32.520000457763672,174500
2013-10-22,32.619998931884766,32.680000305175781,32.310001373291016,32.330001831054688,82600
2013-10-23,32.099998474121094,32.099998474121094,31.819999694824219,31.860000610351562,56600
2013-10-24,31.739999771118164,31.870000839233398,31.680000305175781,31.799999237060547,105300
2013-10-25,31.780000686645508,31.979999542236328,31.760000228881836,31.979999542236328,87100
2013-10-28,32.009998321533203,32.200000762939453,31.940000534057617,32.180000305175781,976900
2013-10-29,32.049999237060547,32.150001525878906,31.959999084472656,32.090000152587891,244500
2013-10-30,32.029998779296875,32.169998168945312,32.029998779296875,32.110000610351562,176600
2013-10-31,32.009998321533203,32.069999694824219,31.809999465942383,31.909999847412109,447000
2013-11-01,31.540000915527344,31.610000610351562,31.280000686645508,31.379999160766602,362100
2013-11-04,31.200000762939453,31.309999465942383,31.100000381469727,31.120000839233398,410000
2013-11-05,31.120000839233398,31.149999618530273,30.940000534057617,31.020000457763672,128500
2013-11-06,31.110000610351562,31.260000228881836,31.079999923706055,31.090000152587891,153700
2013-11-07,31.049999237060547,31.049999237060547,30.829999923706055,30.840000152587891,131100
2013-11-08,30.870000839233398,31.100000381469727,30.819999694824219,31.030000686645508,137500
2013-11-11,31.120000839233398,31.309999465942383,31.040000915527344,31.299999237060547,61900
2013-11-12,31.260000228881836,31.329999923706055,30.889999389648438,31.030000686645508,184400
2013-11-13,31.100000381469727,31.219999313354492,31.069999694824219,31.159999847412109,333200
2013-11-14,31.159999847412109,31.440000534057617,31.149999618530273,31.350000381469727,218900
2013-11-15,31.379999160766602,31.440000534057617,31.280000686645508,31.420000076293945,193400
2013-11-18,31.319999694824219,31.440000534057617,31.129999160766602,31.139999389648438,243900
2013-11-19,31.149999618530273,31.239999771118164,31.079999923706055,31.159999847412109,216300
2013-11-20,31.129999160766602,31.299999237060547,31.049999237060547,31.180000305175781,52400
2013-11-21,31.370000839233398,31.709999084472656,31.270000457763672,31.700000762939453,188100
2013-11-22,31.709999084472656,31.829999923706055,31.579999923706055,31.790000915527344,101000
2013-11-25,31.510000228881836,31.790000915527344,31.379999160766602,31.690000534057617,154100
2013-11-26,31.729999542236328,31.770000457763672,31.579999923706055,31.719999313354492,126400
2013-11-27,31.629999160766602,31.690000534057617,31.479999542236328,31.629999160766602,49200
2013-11-29,31.690000534057617,31.829999923706055,31.629999160766602,31.760000228881836,206200
2013-12-02,31.629999160766602,31.899999618530273,31.590000152587891,31.770000457763672,115500
2013-12-03,31.770000457763672,32.119998931884766,31.770000457763672,32.049999237060547,181400
2013-12-04,32.060001373291016,32.290000915527344,32.040000915527344,32.150001525878906,347500
2013-12-05,32.029998779296875,32.229999542236328,32.029998779296875,32.090000152587891,194000
2013-12-06,32.069999694824219,32.220001220703125,32.060001373291016,32.220001220703125,99400
2013-12-09,32.200000762939453,32.200000762939453,31.930000305175781,31.959999084472656,93200
2013-12-10,32.130001068115234,32.150001525878906,31.969999313354492,32.119998931884766,176500
2013-12-11,31.959999084472656,32.099998474121094,31.909999847412109,32.060001373291016,81000
2013-12-12,31.940000534057617,31.989999771118164,31.799999237060547,31.799999237060547,125800
2013-12-13,31.729999542236328,31.799999237060547,31.5,31.739999771118164,362800
2013-12-16,31.760000228881836,32.080001831054688,31.600000381469727,31.870000839233398,419000
2013-12-17,31.719999313354492,31.899999618530273,31.719999313354492,31.75,84500
2013-12-18,31.780000686645508,32,31.780000686645508,31.879999160766602,141600
2013-12-19,31.549999237060547,32.200000762939453,31.549999237060547,32.049999237060547,184700
2013-12-20,32.139999389648438,32.400001525878906,32.139999389648438,32.389999389648438,516200
2013-12-23,32.310001373291016,32.400001525878906,32.240001678466797,32.360000610351562,265500
2013-12-24,32.389999389648438,32.479999542236328,32.319999694824219,32.470001220703125,209300
2013-12-26,32.360000610351562,32.560001373291016,32.259998321533203,32.459999084472656,85100
2013-12-27,32.659999847412109,32.720001220703125,32.509998321533203,32.520000457763672,152500
2013-12-30,32.529998779296875,32.529998779296875,32.259998321533203,32.299999237060547,282100
2013-12-31,32.180000305175781,32.25,32.069999694824219,32.189998626708984,287600
2014-01-02,31.899999618530273,31.920000076293945,31.360000610351562,31.360000610351562,5169400
2014-01-03,31.350000381469727,31.409999847412109,31.120000839233398,31.229999542236328,417100
2014-01-06,31.25,31.309999465942383,31.100000381469727,31.25,198100
2014-01-07,31.209999084472656,31.350000381469727,31.200000762939453,31.260000228881836,262500
2014-01-08,31.229999542236328,31.229999542236328,30.940000534057617,31,265200
2014-01-09,30.969999313354492,30.979999542236328,30.590000152587891,30.850000381469727,597800
2014-01-10,30.879999160766602,31.049999237060547,30.75,31.049999237060547,175700
2014-01-13,30.889999389648438,31.010000228881836,30.840000152587891,30.899999618530273,195600
2014-01-14,30.930000305175781,31.010000228881836,30.850000381469727,30.930000305175781,484700
2014-01-15,30.979999542236328,31.260000228881836,30.930000305175781,31.149999618530273,116800
2014-01-16,31.209999084472656,31.239999771118164,31.040000915527344,31.059999465942383,367700
2014-01-17,31.090000152587891,31.239999771118164,31.069999694824219,31.120000839233398,328700
2014-01-21,31.329999923706055,31.409999847412109,31.190000534057617,31.260000228881836,96900
2014-01-22,31.420000076293945,31.620000839233398,31.350000381469727,31.620000839233398,192200
2014-01-23,31.629999160766602,31.680000305175781,31.469999313354492,31.569999694824219,312100
2014-01-24,31.569999694824219,31.719999313354492,31.450000762939453,31.690000534057617,94000
2014-01-27,31.569999694824219,31.610000610351562,31.270000457763672,31.420000076293945,208800
2014-01-28,31.469999313354492,31.649999618530273,31.469999313354492,31.649999618530273,80300
2014-01-29,31.459999084472656,31.790000915527344,31.459999084472656,31.709999084472656,213800
2014-01-30,31.790000915527344,31.850000381469727,31.639999389648438,31.719999313354492,86400
2014-01-31,31.520000457763672,31.639999389648438,31.389999389648438,31.479999542236328,362900
2014-02-03,31.389999389648438,31.5,31.260000228881836,31.440000534057617,236300
2014-02-04,31.510000228881836,31.620000839233398,31.469999313354492,31.559999465942383,235600
2014-02-05,31.649999618530273,31.680000305175781,31.530000686645508,31.629999160766602,79100
2014-02-06,31.879999160766602,31.959999084472656,31.649999618530273,31.790000915527344,113200
2014-02-07,31.819999694824219,32.220001220703125,31.819999694824219,32.209999084472656,165200
2014-02-10,32.139999389648438,32.150001525878906,31.969999313354492,32.040000915527344,133900
2014-02-11,31.959999084472656,32.189998626708984,31.920000076293945,32.159999847412109,122900
2014-02-12,32.360000610351562,32.439998626708984,32.169998168945312,32.220001220703125,70400
2014-02-13,32.159999847412109,32.389999389648438,32.159999847412109,32.380001068115234,127200
2014-02-14,32.340000152587891,32.5,32.229999542236328,32.490001678466797,234700
2014-02-18,32.709999084472656,33.049999237060547,32.669998168945312,32.979999542236328,105200
2014-02-19,32.979999542236328,33.200000762939453,32.979999542236328,33.119998931884766,176700
2014-02-20,33.020000457763672,33.220001220703125,32.979999542236328,33.220001220703125,127300
2014-02-21,33.099998474121094,33.159999847412109,32.860000610351562,33.029998779296875,141100
2014-02-24,33.099998474121094,33.25,33,33.180000305175781,411200
2014-02-25,32.979999542236328,33.060001373291016,32.849998474121094,32.990001678466797,69400
2014-02-26,32.880001068115234,33.069999694824219,32.869998931884766,32.990001678466797,195900
2014-02-27,32.810001373291016,32.970001220703125,32.779998779296875,32.849998474121094,127400
2014-02-28,32.759998321533203,33.040000915527344,32.759998321533203,32.990001678466797,490100
2014-03-03,33.490001678466797,33.700000762939453,33.409999847412109,33.549999237060547,396700
2014-03-04,33.279998779296875,33.310001373291016,33.150001525878906,33.270000457763672,195500
2014-03-05,33.200000762939453,33.200000762939453,32.849998474121094,32.889999389648438,137200
2014-03-06,32.810001373291016,33.110000610351562,32.770000457763672,33.110000610351562,234600
2014-03-07,33.060001373291016,33.169998168945312,33.040000915527344,33.159999847412109,62600
2014-03-10,32.849998474121094,32.959999084472656,32.779998779296875,32.889999389648438,132600
2014-03-11,32.790000915527344,32.939998626708984,32.729999542236328,32.779998779296875,46300
2014-03-12,32.5,32.669998168945312,32.439998626708984,32.669998168945312,97600
2014-03-13,32.529998779296875,32.590000152587891,32.430000305175781,32.470001220703125,405800
2014-03-14,32.540000915527344,32.740001678466797,32.540000915527344,32.709999084472656,121000
2014-03-17,32.5,32.610000610351562,32.340000152587891,32.380001068115234,85400
2014-03-18,32.349998474121094,32.650001525878906,32.349998474121094,32.630001068115234,104400
2014-03-19,32.479999542236328,32.650001525878906,32.450000762939453,32.549999237060547,126100
2014-03-20,32.439998626708984,32.590000152587891,32.330001831054688,32.479999542236328,90600
2014-03-21,32.540000915527344,32.709999084472656,32.5,32.569999694824219,68600
2014-03-24,32.700000762939453,32.729999542236328,32.509998321533203,32.549999237060547,104500
2014-03-25,32.610000610351562,32.790000915527344,32.549999237060547,32.619998931884766,93800
2014-03-26,32.650001525878906,32.700000762939453,32.509998321533203,32.639999389648438,933200
2014-03-27,32.819999694824219,33,32.819999694824219,32.930000305175781,66900
2014-03-28,32.930000305175781,33.099998474121094,32.930000305175781,32.979999542236328,298300
2014-03-31,32.860000610351562,32.970001220703125,32.659999847412109,32.970001220703125,188200
2014-04-01,32.819999694824219,32.849998474121094,32.450000762939453,32.479999542236328,226900
2014-04-02,32.450000762939453,32.459999084472656,32.209999084472656,32.360000610351562,85900
2014-04-03,32.430000305175781,32.700000762939453,32.299999237060547,32.650001525878906,290300
2014-04-04,32.810001373291016,32.819999694824219,32.680000305175781,32.799999237060547,66900
2014-04-07,32.610000610351562,32.799999237060547,32.459999084472656,32.669998168945312,106000
2014-04-08,32.729999542236328,33.099998474121094,32.689998626708984,33.049999237060547,39900
2014-04-09,33.139999389648438,33.299999237060547,33.060001373291016,33.229999542236328,54500
2014-04-10,33.159999847412109,33.220001220703125,33.130001068115234,33.189998626708984,48800
2014-04-11,33.189998626708984,33.340000152587891,33.099998474121094,33.139999389648438,228000
2014-04-14,34,34,33.270000457763672,33.450000762939453,106400
2014-04-15,33.299999237060547,33.560001373291016,33.130001068115234,33.509998321533203,99700
2014-04-16,33.680000305175781,33.729999542236328,33.509998321533203,33.590000152587891,56200
2014-04-17,33.540000915527344,33.729999542236328,33.5,33.689998626708984,47600
2014-04-21,33.619998931884766,33.650001525878906,33.540000915527344,33.590000152587891,98900
2014-04-22,33.520000457763672,33.520000457763672,33.319999694824219,33.479999542236328,98000
2014-04-23,33.509998321533203,33.520000457763672,33.360000610351562,33.409999847412109,182800
2014-04-24,33.610000610351562,33.709999084472656,33.549999237060547,33.669998168945312,152500
2014-04-25,33.5,33.529998779296875,33.400001525878906,33.459999084472656,44200
2014-04-28,33.459999084472656,33.490001678466797,33.25,33.330001831054688,145100
2014-04-29,33.479999542236328,33.580001831054688,33.419998168945312,33.490001678466797,36400
2014-04-30,33.139999389648438,33.310001373291016,33.099998474121094,33.299999237060547,918300
2014-05-01,33.040000915527344,33.259998321533203,32.919998168945312,33.229999542236328,4559300
2014-05-02,33.240001678466797,33.279998779296875,33.090000152587891,33.25,627100
2014-05-05,33.139999389648438,33.159999847412109,33.020000457763672,33.099998474121094,172000
2014-05-06,33.189998626708984,33.209999084472656,33.069999694824219,33.080001831054688,282400
2014-05-07,33.090000152587891,33.290000915527344,33.040000915527344,33.229999542236328,847200
2014-05-08,33.090000152587891,33.180000305175781,33.080001831054688,33.159999847412109,142400
2014-05-09,33.180000305175781,33.229999542236328,32.970001220703125,33,377500
2014-05-12,33.130001068115234,33.169998168945312,33.080001831054688,33.159999847412109,72700
2014-05-13,33.200000762939453,33.400001525878906,33.130001068115234,33.389999389648438,402700
2014-05-14,33.409999847412109,33.490001678466797,33.380001068115234,33.430000305175781,165000
2014-05-15,33.380001068115234,33.400001525878906,33.270000457763672,33.330001831054688,148500
2014-05-16,33.380001068115234,33.400001525878906,33.290000915527344,33.389999389648438,128200
2014-05-19,33.400001525878906,33.509998321533203,33.349998474121094,33.369998931884766,46900
2014-05-20,33.319999694824219,33.470001220703125,33.259998321533203,33.470001220703125,56400
2014-05-21,33.5,33.659999847412109,33.439998626708984,33.580001831054688,75100
2014-05-22,33.650001525878906,33.680000305175781,33.490001678466797,33.540000915527344,222400
2014-05-23,33.560001373291016,33.599998474121094,33.490001678466797,33.599998474121094,97400
2014-05-27,33.369998931884766,33.520000457763672,33.349998474121094,33.409999847412109,392300
2014-05-28,33.349998474121094,33.409999847412109,33.270000457763672,33.340000152587891,198700
2014-05-29,33.330001831054688,33.430000305175781,33.270000457763672,33.430000305175781,683200
2014-05-30,33.150001525878906,33.150001525878906,33.029998779296875,33.130001068115234,702900
2014-06-02,33,33.020000457763672,32.880001068115234,32.970001220703125,6031300
2014-06-03,32.979999542236328,33.029998779296875,32.900001525878906,33.029998779296875,529600
2014-06-04,33.009998321533203,33.090000152587891,32.860000610351562,32.900001525878906,92100
2014-06-05,32.830001831054688,33.060001373291016,32.759998321533203,33.060001373291016,284700
2014-06-06,33,33.110000610351562,32.919998168945312,33.090000152587891,119600
2014-06-09,33.189998626708984,33.310001373291016,33.169998168945312,33.25,155500
2014-06-10,33.299999237060547,33.349998474121094,33.069999694824219,33.25,83800
2014-06-11,33.229999542236328,33.279998779296875,33.150001525878906,33.220001220703125,181500
2014-06-12,33.619998931884766,33.900001525878906,33.5,33.889999389648438,67300
2014-06-13,33.810001373291016,33.939998626708984,33.790000915527344,33.869998931884766,67600
2014-06-16,33.970001220703125,33.990001678466797,33.860000610351562,33.919998168945312,70300
2014-06-17,33.889999389648438,34.049999237060547,33.860000610351562,33.950000762939453,46500
2014-06-18,34.009998321533203,34.060001373291016,33.950000762939453,34.049999237060547,96100
2014-06-19,34.080001831054688,34.299999237060547,34.080001831054688,34.259998321533203,53400
2014-06-20,34.229999542236328,34.330001831054688,34.200000762939453,34.310001373291016,138400
2014-06-23,34.299999237060547,34.299999237060547,34.090000152587891,34.169998168945312,142100
2014-06-24,34.159999847412109,34.279998779296875,34.069999694824219,34.220001220703125,88700
2014-06-25,34.130001068115234,34.25,34.040000915527344,34.209999084472656,57800
2014-06-26,34.169998168945312,34.169998168945312,34.020000457763672,34.110000610351562,478000
2014-06-27,34.099998474121094,34.200000762939453,34.049999237060547,34.119998931884766,81900
2014-06-30,34.020000457763672,34.040000915527344,33.790000915527344,33.919998168945312,790700
2014-07-01,33.880001068115234,33.939998626708984,33.729999542236328,33.840000152587891,3242900
2014-07-02,33.729999542236328,33.799999237060547,33.580001831054688,33.599998474121094,235400
2014-07-03,33.549999237060547,33.599998474121094,33.5,33.540000915527344,581900
2014-07-07,33.409999847412109,33.490001678466797,33.270000457763672,33.330001831054688,464300
2014-07-08,33.279998779296875,33.369998931884766,33.090000152587891,33.189998626708984,222500
2014-07-09,33.009998321533203,33.060001373291016,32.819999694824219,32.889999389648438,274100
2014-07-10,32.849998474121094,32.979999542236328,32.779998779296875,32.950000762939453,74100
2014-07-11,32.75,32.779998779296875,32.439998626708984,32.509998321533203,88300
2014-07-14,32.549999237060547,32.639999389648438,32.450000762939453,32.639999389648438,692000
2014-07-15,32.380001068115234,32.409999847412109,32.169998168945312,32.389999389648438,752700
2014-07-16,32.470001220703125,32.569999694824219,32.459999084472656,32.490001678466797,66500
2014-07-17,32.630001068115234,32.680000305175781,32.439998626708984,32.650001525878906,134000
2014-07-18,32.599998474121094,32.669998168945312,32.439998626708984,32.509998321533203,204500
2014-07-21,32.490001678466797,32.669998168945312,32.470001220703125,32.659999847412109,62600
2014-07-22,32.709999084472656,32.709999084472656,32.470001220703125,32.490001678466797,213400
2014-07-23,32.610000610351562,32.689998626708984,32.520000457763672,32.650001525878906,82800
2014-07-24,32.770000457763672,32.939998626708984,32.450000762939453,32.479999542236328,58600
2014-07-25,32.450000762939453,32.689998626708984,32.360000610351562,32.659999847412109,48500
2014-07-28,32.509998321533203,32.630001068115234,32.419998168945312,32.529998779296875,69300
2014-07-29,32.389999389648438,32.450000762939453,32.270000457763672,32.439998626708984,53900
2014-07-30,32.470001220703125,32.509998321533203,32.110000610351562,32.159999847412109,127900
2014-07-31,32.130001068115234,32.139999389648438,31.879999160766602,32,1431400
2014-08-01,31.799999237060547,31.819999694824219,31.590000152587891,31.649999618530273,2645700
2014-08-04,31.700000762939453,31.909999847412109,31.700000762939453,31.899999618530273,979000
2014-08-05,31.770000457763672,31.819999694824219,31.579999923706055,31.680000305175781,120500
2014-08-06,31.780000686645508,31.879999160766602,31.729999542236328,31.760000228881836,73500
2014-08-07,31.809999465942383,31.860000610351562,31.670000076293945,31.850000381469727,171400
2014-08-08,31.870000839233398,31.870000839233398,31.629999160766602,31.649999618530273,144300
2014-08-11,31.790000915527344,31.889999389648438,31.709999084472656,31.780000686645508,57700
2014-08-12,31.629999160766602,31.629999160766602,31.379999160766602,31.420000076293945,72800
2014-08-13,31.5,31.569999694824219,31.299999237060547,31.510000228881836,54000
2014-08-14,31.420000076293945,31.420000076293945,30.940000534057617,31,112800
2014-08-15,31.129999160766602,31.270000457763672,30.959999084472656,31.200000762939453,181200
2014-08-18,30.920000076293945,30.920000076293945,30.819999694824219,30.920000076293945,72600
2014-08-19,30.950000762939453,30.950000762939453,30.790000915527344,30.819999694824219,71700
2014-08-20,30.920000076293945,30.950000762939453,30.799999237060547,30.940000534057617,102600
2014-08-21,30.950000762939453,31.090000152587891,30.829999923706055,31.079999923706055,76200
2014-08-22,31.059999465942383,31.090000152587891,30.909999847412109,31.020000457763672,66900
2014-08-25,30.979999542236328,31.069999694824219,30.909999847412109,31.030000686645508,36800
2014-08-26,31.149999618530273,31.200000762939453,31,31.100000381469727,53900
2014-08-27,31.200000762939453,31.200000762939453,31,31.149999618530273,69800
2014-08-28,31.280000686645508,31.290000915527344,31.129999160766602,31.229999542236328,32100
2014-08-29,31.329999923706055,31.5,31.239999771118164,31.5,996800
2014-09-02,31.139999389648438,31.239999771118164,30.809999465942383,30.879999160766602,151400
2014-09-03,31.120000839233398,31.340000152587891,30.989999771118164,31.25,65200
2014-09-04,31.219999313354492,31.309999465942383,31.010000228881836,31.120000839233398,61600
2014-09-05,31.069999694824219,31.110000610351562,30.799999237060547,30.979999542236328,209400
2014-09-08,30.659999847412109,30.840000152587891,30.579999923706055,30.829999923706055,344400
2014-09-09,30.680000305175781,30.780000686645508,30.600000381469727,30.659999847412109,99000
2014-09-10,30.540000915527344,30.540000915527344,30.25,30.360000610351562,75000
2014-09-11,30.129999160766602,30.360000610351562,30.030000686645508,30.340000152587891,102300
2014-09-12,30.219999313354492,30.239999771118164,30.020000457763672,30.090000152587891,140000
2014-09-15,30,30.129999160766602,29.920000076293945,30.110000610351562,93200
2014-09-16,30.260000228881836,30.5,30.149999618530273,30.430000305175781,88500
2014-09-17,30.479999542236328,30.479999542236328,30.25,30.290000915527344,88100
2014-09-18,30.299999237060547,30.299999237060547,29.930000305175781,29.940000534057617,177000
2014-09-19,29.930000305175781,30.020000457763672,29.819999694824219,29.959999084472656,159000
2014-09-22,29.809999465942383,29.829999923706055,29.540000915527344,29.680000305175781,151600
2014-09-23,29.709999084472656,29.790000915527344,29.629999160766602,29.719999313354492,380700
2014-09-24,29.649999618530273,29.940000534057617,29.549999237060547,29.909999847412109,666100
2014-09-25,29.879999160766602,29.889999389648438,29.690000534057617,29.809999465942383,95800
2014-09-26,29.790000915527344,29.950000762939453,29.770000457763672,29.940000534057617,59400
2014-09-29,29.799999237060547,30.129999160766602,29.799999237060547,30.120000839233398,99300
2014-09-30,30.049999237060547,30.049999237060547,29.299999237060547,29.590000152587891,412600
2014-10-01,29.569999694824219,29.829999923706055,29.389999389648438,29.5,213600
2014-10-02,29.489999771118164,29.489999771118164,29.010000228881836,29.469999313354492,118000
2014-10-03,29.25,29.280000686645508,28.959999084472656,29.120000839233398,129100
2014-10-06,29.149999618530273,29.440000534057617,28.979999542236328,29.399999618530273,125500
2014-10-07,29.180000305175781,29.270000457763672,29.090000152587891,29.100000381469727,179200
2014-10-08,28.950000762939453,28.969999313354492,28.709999084472656,28.959999084472656,103200
2014-10-09,28.760000228881836,28.840000152587891,28.389999389648438,28.450000762939453,327300
2014-10-10,28.420000076293945,28.590000152587891,28.180000305175781,28.489999771118164,120900
2014-10-13,28.309999465942383,28.530000686645508,28.260000228881836,28.319999694824219,211200
2014-10-14,28.209999084472656,28.209999084472656,27.649999618530273,27.729999542236328,265400
2014-10-15,27.649999618530273,27.760000228881836,27.319999694824219,27.420000076293945,127900
2014-10-16,27.260000228881836,28.030000686645508,27.209999084472656,27.690000534057617,114800
2014-10-17,27.799999237060547,27.879999160766602,27.639999389648438,27.850000381469727,448000
2014-10-20,27.659999847412109,27.75,27.469999313354492,27.670000076293945,392400
2014-10-21,27.790000915527344,27.879999160766602,27.670000076293945,27.809999465942383,110900
2014-10-22,27.940000534057617,27.959999084472656,27.420000076293945,27.430000305175781,78800
2014-10-23,27.670000076293945,27.930000305175781,27.610000610351562,27.879999160766602,92200
2014-10-24,27.680000305175781,27.75,27.540000915527344,27.709999084472656,114900
2014-10-27,27.379999160766602,27.620000839233398,27.309999465942383,27.549999237060547,86500
2014-10-28,27.629999160766602,27.850000381469727,27.559999465942383,27.760000228881836,105500
2014-10-29,28.010000228881836,28.209999084472656,27.989999771118164,28.120000839233398,217600
2014-10-30,27.889999389648438,27.969999313354492,27.799999237060547,27.850000381469727,103500
2014-10-31,27.510000228881836,27.829999923706055,27.450000762939453,27.829999923706055,622700
2014-11-03,27.719999313354492,27.879999160766602,27.430000305175781,27.479999542236328,237600
2014-11-04,27.200000762939453,27.209999084472656,27,27.110000610351562,270200
2014-11-05,27.040000915527344,27.450000762939453,27,27.319999694824219,106600
2014-11-06,27.069999694824219,27.299999237060547,27.040000915527344,27.25,212900
2014-11-07,27.309999465942383,27.549999237060547,27.309999465942383,27.430000305175781,203900
2014-11-10,27.670000076293945,27.700000762939453,27.069999694824219,27.159999847412109,212200
2014-11-11,27.049999237060547,27.260000228881836,26.959999084472656,27.180000305175781,77000
2014-11-12,27.100000381469727,27.290000915527344,26.950000762939453,26.989999771118164,147000
2014-11-13,26.850000381469727,26.879999160766602,26.329999923706055,26.440000534057617,127900
2014-11-14,26.530000686645508,26.809999465942383,26.520000457763672,26.809999465942383,296400
2014-11-17,26.569999694824219,26.760000228881836,26.510000228881836,26.729999542236328,129600
2014-11-18,26.569999694824219,26.610000610351562,26.420000076293945,26.5,192900
2014-11-19,26.610000610351562,26.700000762939453,26.420000076293945,26.420000076293945,112400
2014-11-20,26.549999237060547,26.780000686645508,26.520000457763672,26.729999542236328,94900
2014-11-21,26.940000534057617,26.989999771118164,26.729999542236328,26.979999542236328,155500
2014-11-24,26.760000228881836,26.979999542236328,26.649999618530273,26.670000076293945,420500
2014-11-25,26.840000152587891,26.909999847412109,26.399999618530273,26.430000305175781,383500
2014-11-26,26.360000610351562,26.530000686645508,26.290000915527344,26.319999694824219,1145300
2014-11-28,25.370000839233398,25.430000305175781,24.950000762939453,25.020000457763672,1337800
2014-12-01,25.170000076293945,25.420000076293945,24.770000457763672,25.399999618530273,397700
2014-12-02,25.079999923706055,25.110000610351562,24.659999847412109,24.770000457763672,349700
2014-12-03,24.729999542236328,24.809999465942383,24.5,24.620000839233398,233000
2014-12-04,24.459999084472656,24.579999923706055,24.409999847412109,24.5,188400
2014-12-05,24.399999618530273,24.510000228881836,24.219999313354492,24.329999923706055,676500
2014-12-08,24.139999389648438,24.139999389648438,23.690000534057617,23.739999771118164,712000
2014-12-09,23.700000762939453,23.969999313354492,23.649999618530273,23.909999847412109,326500
2014-12-10,23.639999389648438,23.639999389648438,23.200000762939453,23.420000076293945,1969500
2014-12-11,23.239999771118164,23.459999084472656,23.139999389648438,23.139999389648438,1569200
2014-12-12,23,23.040000915527344,22.770000457763672,22.819999694824219,418600
2014-12-15,22.899999618530273,22.899999618530273,22.340000152587891,22.370000839233398,352900
2014-12-16,22.110000610351562,22.489999771118164,22,22.25,631800
2014-12-17,22.139999389648438,22.870000839233398,22.010000228881836,22.360000610351562,1516500
2014-12-18,22.659999847412109,22.680000305175781,22.049999237060547,22.180000305175781,681900
2014-12-19,22.370000839233398,22.850000381469727,22.200000762939453,22.780000686645508,1694800
2014-12-22,22.459999084472656,22.5,22.110000610351562,22.120000839233398,533600
2014-12-23,22.110000610351562,22.569999694824219,22.110000610351562,22.450000762939453,482700
2014-12-24,22.170000076293945,22.170000076293945,21.969999313354492,21.989999771118164,261000
2014-12-26,22.75,22.75,21.809999465942383,21.940000534057617,370800
2014-12-29,22.020000457763672,22.110000610351562,21.530000686645508,21.620000839233398,538500
2014-12-30,21.620000839233398,21.719999313354492,21.5,21.569999694824219,725200
2014-12-31,21.329999923706055,21.600000381469727,21.219999313354492,21.579999923706055,3027900
2015-01-02,21.270000457763672,21.430000305175781,21.139999389648438,21.219999313354492,337100
2015-01-05,20.940000534057617,20.940000534057617,20.620000839233398,20.620000839233398,213400
2015-01-06,20.549999237060547,20.639999389648438,20.229999542236328,20.280000686645508,382000
2015-01-07,20.350000381469727,20.469999313354492,20.100000381469727,20.219999313354492,317000
2015-01-08,20.229999542236328,20.350000381469727,20.020000457763672,20.290000915527344,345900
2015-01-09,20.190000534057617,20.219999313354492,19.889999389648438,20.069999694824219,270300
2015-01-12,19.809999465942383,19.809999465942383,19.489999771118164,19.520000457763672,165000
2015-01-13,19.389999389648438,19.409999847412109,19.100000381469727,19.370000839233398,810900
2015-01-14,19.290000915527344,19.790000915527344,19.149999618530273,19.729999542236328,476000
2015-01-15,19.959999084472656,19.979999542236328,19.360000610351562,19.379999160766602,475500
2015-01-16,19.540000915527344,19.829999923706055,19.479999542236328,19.819999694824219,271500
2015-01-20,19.440000534057617,19.479999542236328,19.270000457763672,19.340000152587891,731400
2015-01-21,19.5,19.590000152587891,19.350000381469727,19.479999542236328,241400
2015-01-22,19.540000915527344,19.579999923706055,19.25,19.370000839233398,203900
2015-01-23,19.270000457763672,19.389999389648438,19.170000076293945,19.190000534057617,439400
2015-01-26,19.170000076293945,19.350000381469727,19.069999694824219,19.110000610351562,194700
2015-01-27,19.110000610351562,19.420000076293945,19.090000152587891,19.319999694824219,328800
2015-01-28,19.200000762939453,19.290000915527344,18.959999084472656,19.010000228881836,675200
2015-01-29,19.069999694824219,19.069999694824219,18.809999465942383,19.010000228881836,123700
2015-01-30,19,19.889999389648438,18.969999313354492,19.700000762939453,2608800
2015-02-02,20.040000915527344,20.129999160766602,19.770000457763672,20.110000610351562,681300
2015-02-03,20.360000610351562,21.110000610351562,20.350000381469727,20.809999465942383,364600
2015-02-04,20.540000915527344,20.540000915527344,19.899999618530273,20.110000610351562,262900
2015-02-05,20.170000076293945,20.700000762939453,20.170000076293945,20.5,227800
2015-02-06,20.649999618530273,20.940000534057617,20.590000152587891,20.770000457763672,132000
2015-02-09,20.909999847412109,21.110000610351562,20.850000381469727,20.959999084472656,200200
2015-02-10,20.930000305175781,20.930000305175781,20.420000076293945,20.579999923706055,110000
2015-02-11,20.329999923706055,20.350000381469727,20.040000915527344,20.290000915527344,109800
2015-02-12,20.559999465942383,20.870000839233398,20.450000762939453,20.75,126400
2015-02-13,21.129999160766602,21.239999771118164,21.069999694824219,21.180000305175781,157600
2015-02-17,21.190000534057617,21.340000152587891,20.819999694824219,21.219999313354492,207200
2015-02-18,21.020000457763672,21.149999618530273,20.809999465942383,20.860000610351562,154000
2015-02-19,20.450000762939453,20.989999771118164,20.409999847412109,20.850000381469727,258300
2015-02-20,20.920000076293945,20.940000534057617,20.690000534057617,20.719999313354492,273800
2015-02-23,20.469999313354492,20.670000076293945,20.360000610351562,20.440000534057617,677900
2015-02-24,20.600000381469727,20.700000762939453,20.370000839233398,20.399999618530273,230300
2015-02-25,20.520000457763672,20.920000076293945,20.399999618530273,20.889999389648438,193700
2015-02-26,20.700000762939453,20.840000152587891,20.459999084472656,20.659999847412109,1059700
2015-02-27,20.600000381469727,21.010000228881836,20.600000381469727,20.870000839233398,340300
2015-03-02,20.709999084472656,20.930000305175781,20.5,20.620000839233398,122400
2015-03-03,20.770000457763672,20.860000610351562,20.629999160766602,20.780000686645508,181300
2015-03-04,20.760000228881836,20.870000839233398,20.520000457763672,20.819999694824219,91500
2015-03-05,20.780000686645508,20.840000152587891,20.620000839233398,20.690000534057617,197900
2015-03-06,20.569999694824219,20.610000610351562,20.360000610351562,20.440000534057617,579900
2015-03-09,20.389999389648438,20.600000381469727,20.329999923706055,20.360000610351562,86200
2015-03-10,20.100000381469727,20.129999160766602,19.889999389648438,20.010000228881836,155600
2015-03-11,20.010000228881836,20.530000686645508,19.829999923706055,20.069999694824219,262600
2015-03-12,20.110000610351562,20.149999618530273,19.760000228881836,19.860000610351562,1024300
2015-03-13,19.700000762939453,19.700000762939453,19.309999465942383,19.319999694824219,243500
2015-03-16,19.180000305175781,19.25,18.899999618530273,19.209999084472656,228300
2015-03-17,19,19.120000839233398,18.870000839233398,19.010000228881836,147800
2015-03-18,18.870000839233398,19.709999084472656,18.829999923706055,19.709999084472656,66100
2015-03-19,19.239999771118164,19.360000610351562,19.100000381469727,19.260000228881836,288300
2015-03-20,19.510000228881836,19.639999389648438,19.309999465942383,19.510000228881836,212300
2015-03-23,19.610000610351562,19.809999465942383,19.540000915527344,19.799999237060547,133500
2015-03-24,19.739999771118164,19.770000457763672,19.610000610351562,19.649999618530273,227400
2015-03-25,19.799999237060547,19.989999771118164,19.649999618530273,19.850000381469727,131900
2015-03-26,20.180000305175781,20.379999160766602,20.049999237060547,20.299999237060547,163500
2015-03-27,20.110000610351562,20.110000610351562,19.659999847412109,19.690000534057617,166700
2015-03-30,19.760000228881836,19.860000610351562,19.549999237060547,19.739999771118164,94100
2015-03-31,19.579999923706055,19.729999542236328,19.440000534057617,19.5,134000
2015-04-01,19.600000381469727,20.079999923706055,19.510000228881836,19.940000534057617,351500
2015-04-02,19.75,19.889999389648438,19.540000915527344,19.799999237060547,212800
2015-04-06,20,20.370000839233398,19.899999618530273,20.260000228881836,159900
2015-04-07,20.209999084472656,20.579999923706055,20.149999618530273,20.520000457763672,189000
2015-04-08,20.370000839233398,20.370000839233398,19.75,19.870000839233398,494800
2015-04-09,19.959999084472656,20.170000076293945,19.850000381469727,19.860000610351562,351900
2015-04-10,20.040000915527344,20.149999618530273,20.020000457763672,20.110000610351562,250600
2015-04-13,20.280000686645508,20.319999694824219,20.010000228881836,20.110000610351562,196800
2015-04-14,20.209999084472656,20.389999389648438,20.170000076293945,20.319999694824219,124300
2015-04-15,20.459999084472656,20.989999771118164,20.399999618530273,20.899999618530273,230500
2015-04-16,20.899999618530273,21.25,20.770000457763672,21.139999389648438,99900
2015-04-17,21.090000152587891,21.200000762939453,20.879999160766602,21.030000686645508,177000
2015-04-20,20.879999160766602,21.079999923706055,20.790000915527344,20.930000305175781,191800
2015-04-21,20.879999160766602,20.940000534057617,20.649999618530273,20.700000762939453,106800
2015-04-22,20.780000686645508,20.860000610351562,20.659999847412109,20.719999313354492,140100
2015-04-23,20.850000381469727,21.25,20.840000152587891,21.139999389648438,144200
2015-04-24,21.110000610351562,21.200000762939453,21.020000457763672,21.170000076293945,121600
2015-04-27,21.180000305175781,21.229999542236328,21.010000228881836,21.079999923706055,145600
2015-04-28,21.120000839233398,21.239999771118164,21.040000915527344,21.120000839233398,184200
2015-04-29,21.079999923706055,21.569999694824219,21.079999923706055,21.389999389648438,92100
2015-04-30,21.510000228881836,21.680000305175781,21.370000839233398,21.629999160766602,129700
2015-05-01,21.549999237060547,21.639999389648438,21.409999847412109,21.639999389648438,421600
2015-05-04,21.530000686645508,21.620000839233398,21.459999084472656,21.590000152587891,268200
2015-05-05,21.860000610351562,22.040000915527344,21.850000381469727,21.899999618530273,148200
2015-05-06,22.090000152587891,22.340000152587891,21.850000381469727,21.889999389648438,183600
2015-05-07,21.819999694824219,21.840000152587891,21.379999160766602,21.430000305175781,156300
2015-05-08,21.510000228881836,21.600000381469727,21.299999237060547,21.590000152587891,119700
2015-05-11,21.559999465942383,21.559999465942383,21.379999160766602,21.459999084472656,89800
2015-05-12,21.520000457763672,21.860000610351562,21.479999542236328,21.790000915527344,117500
2015-05-13,21.950000762939453,22.010000228881836,21.729999542236328,21.75,215500
2015-05-14,21.860000610351562,21.940000534057617,21.709999084472656,21.809999465942383,346500
2015-05-15,21.629999160766602,21.840000152587891,21.520000457763672,21.840000152587891,101100
2015-05-18,21.770000457763672,21.770000457763672,21.590000152587891,21.690000534057617,127100
2015-05-19,21.459999084472656,21.459999084472656,21.120000839233398,21.190000534057617,169500
2015-05-20,21.25,21.309999465942383,21.200000762939453,21.270000457763672,159400
2015-05-21,21.5,21.719999313354492,21.479999542236328,21.670000076293945,139400
2015-05-22,21.379999160766602,21.5,21.329999923706055,21.379999160766602,87200
2015-05-26,21.129999160766602,21.149999618530273,20.840000152587891,20.930000305175781,125500
2015-05-27,20.719999313354492,20.870000839233398,20.600000381469727,20.639999389648438,239300
2015-05-28,20.579999923706055,20.780000686645508,20.469999313354492,20.770000457763672,362500
2015-05-29,20.790000915527344,21.239999771118164,20.790000915527344,21.159999847412109,1569300
2015-06-01,21.190000534057617,21.25,21.010000228881836,21.180000305175781,102900
2015-06-02,21.260000228881836,21.440000534057617,21.200000762939453,21.440000534057617,81500
2015-06-03,21.299999237060547,21.350000381469727,20.969999313354492,21.030000686645508,128500
2015-06-04,20.879999160766602,20.950000762939453,20.659999847412109,20.75,113500
2015-06-05,20.5,20.909999847412109,20.430000305175781,20.879999160766602,128800
2015-06-08,20.829999923706055,20.879999160766602,20.729999542236328,20.819999694824219,98300
2015-06-09,21.170000076293945,21.319999694824219,21.170000076293945,21.25,69500
2015-06-10,21.510000228881836,21.590000152587891,21.350000381469727,21.489999771118164,252700
2015-06-11,21.409999847412109,21.409999847412109,21.219999313354492,21.280000686645508,90000
2015-06-12,21.139999389648438,21.209999084472656,21,21.040000915527344,84100
2015-06-15,20.850000381469727,20.930000305175781,20.799999237060547,20.870000839233398,893000
2015-06-16,20.889999389648438,20.950000762939453,20.819999694824219,20.950000762939453,56900
2015-06-17,21.159999847412109,21.25,20.719999313354492,20.959999084472656,108200
2015-06-18,21,21.059999465942383,20.899999618530273,20.979999542236328,86200
2015-06-19,20.75,20.770000457763672,20.600000381469727,20.719999313354492,78300
2015-06-22,20.610000610351562,20.809999465942383,20.520000457763672,20.790000915527344,278500
2015-06-23,20.75,21.110000610351562,20.75,21.100000381469727,138300
2015-06-24,21.020000457763672,21.170000076293945,20.819999694824219,20.870000839233398,303000
2015-06-25,20.819999694824219,20.870000839233398,20.739999771118164,20.819999694824219,160800
2015-06-26,20.809999465942383,20.989999771118164,20.770000457763672,20.909999847412109,99800
2015-06-29,20.709999084472656,20.829999923706055,20.680000305175781,20.709999084472656,114700
2015-06-30,20.819999694824219,21.209999084472656,20.809999465942383,21.110000610351562,204400
2015-07-01,20.899999618530273,20.959999084472656,20.700000762939453,20.770000457763672,602100
2015-07-02,20.860000610351562,21,20.719999313354492,20.75,116300
2015-07-06,20.159999847412109,20.159999847412109,19.729999542236328,19.840000152587891,194100
2015-07-07,19.809999465942383,19.870000839233398,19.290000915527344,19.799999237060547,198000
2015-07-08,19.809999465942383,19.850000381469727,19.520000457763672,19.690000534057617,115600
2015-07-09,20,20.090000152587891,19.879999160766602,19.979999542236328,1629500
2015-07-10,19.969999313354492,20.059999465942383,19.840000152587891,19.989999771118164,116200
2015-07-13,19.770000457763672,20.040000915527344,19.700000762939453,19.879999160766602,122700
2015-07-14,19.75,19.979999542236328,19.700000762939453,19.920000076293945,201600
2015-07-15,19.739999771118164,19.819999694824219,19.520000457763672,19.579999923706055,111100
2015-07-16,19.690000534057617,19.690000534057617,19.469999313354492,19.510000228881836,120200
2015-07-17,19.510000228881836,19.510000228881836,19.319999694824219,19.459999084472656,95000
2015-07-20,19.299999237060547,19.329999923706055,19.170000076293945,19.190000534057617,98000
2015-07-21,19.219999313354492,19.360000610351562,19.159999847412109,19.280000686645508,109200
2015-07-22,19.100000381469727,19.209999084472656,18.930000305175781,18.950000762939453,91100
2015-07-23,19,19.059999465942383,18.719999313354492,18.790000915527344,74000
2015-07-24,18.709999084472656,18.709999084472656,18.520000457763672,18.600000381469727,80900
2015-07-27,18.370000839233398,18.399999618530273,18.170000076293945,18.200000762939453,105800
2015-07-28,18.340000152587891,18.530000686645508,18.209999084472656,18.379999160766602,549600
2015-07-29,18.370000839233398,18.620000839233398,18.329999923706055,18.489999771118164,104800
2015-07-30,18.520000457763672,18.569999694824219,18.389999389648438,18.430000305175781,94700
2015-07-31,18.459999084472656,18.459999084472656,18.079999923706055,18.120000839233398,537000
2015-08-03,17.840000152587891,17.940000534057617,17.690000534057617,17.719999313354492,222000
2015-08-04,17.850000381469727,17.940000534057617,17.770000457763672,17.860000610351562,151800
2015-08-05,17.920000076293945,18.020000457763672,17.639999389648438,17.760000228881836,112100
2015-08-06,17.659999847412109,17.700000762939453,17.559999465942383,17.690000534057617,121400
2015-08-07,17.579999923706055,17.639999389648438,17.5,17.549999237060547,60200
2015-08-10,17.600000381469727,18.010000228881836,17.600000381469727,17.950000762939453,158500
2015-08-11,17.659999847412109,17.690000534057617,17.520000457763672,17.680000305175781,859400
2015-08-12,17.760000228881836,17.809999465942383,17.540000915527344,17.670000076293945,135700
2015-08-13,17.590000152587891,17.610000610351562,17.450000762939453,17.520000457763672,303100
2015-08-14,17.510000228881836,17.579999923706055,17.399999618530273,17.409999847412109,110200
2015-08-17,17.430000305175781,17.469999313354492,17.309999465942383,17.350000381469727,265900
2015-08-18,17.239999771118164,17.379999160766602,17.209999084472656,17.309999465942383,189800
2015-08-19,17.299999237060547,17.309999465942383,16.909999847412109,16.950000762939453,544200
2015-08-20,17.049999237060547,17.120000839233398,16.889999389648438,16.909999847412109,226800
2015-08-21,16.850000381469727,16.850000381469727,16.559999465942383,16.649999618530273,229600
2015-08-24,15.970000267028809,16.379999160766602,15.899999618530273,16.110000610351562,730300
2015-08-25,16.540000915527344,16.540000915527344,16.149999618530273,16.159999847412109,747400
2015-08-26,16.219999313354492,16.229999542236328,16.040000915527344,16.149999618530273,176200
2015-08-27,16.389999389648438,16.930000305175781,16.370000839233398,16.909999847412109,199500
2015-08-28,16.959999084472656,17.639999389648438,16.920000076293945,17.520000457763672,198500
2015-08-31,17.350000381469727,18.340000152587891,17.100000381469727,18.170000076293945,1147600
2015-09-01,17.870000839233398,17.899999618530273,17.290000915527344,17.319999694824219,340300
2015-09-02,17.579999923706055,17.670000076293945,17.040000915527344,17.569999694824219,631700
2015-09-03,17.649999618530273,18.010000228881836,17.540000915527344,17.700000762939453,273100
2015-09-04,17.579999923706055,17.639999389648438,17.420000076293945,17.459999084472656,134600
2015-09-08,17.430000305175781,17.579999923706055,17.219999313354492,17.520000457763672,159200
2015-09-09,17.559999465942383,17.600000381469727,17.170000076293945,17.190000534057617,148700
2015-09-10,17.229999542236328,17.469999313354492,17.159999847412109,17.420000076293945,122400
2015-09-11,17.260000228881836,17.389999389648438,17.079999923706055,17.319999694824219,113100
2015-09-14,17.159999847412109,17.209999084472656,17.020000457763672,17.090000152587891,173200
2015-09-15,17.120000839233398,17.159999847412109,17.020000457763672,17.149999618530273,121000
2015-09-16,17.299999237060547,17.549999237060547,17.290000915527344,17.5,160800
2015-09-17,17.469999313354492,17.510000228881836,17.260000228881836,17.389999389648438,182800
2015-09-18,17.219999313354492,17.229999542236328,16.889999389648438,17,152200
2015-09-21,17.129999160766602,17.309999465942383,17.129999160766602,17.270000457763672,98100
2015-09-22,17.079999923706055,17.229999542236328,16.979999542236328,17.180000305175781,142100
2015-09-23,17.290000915527344,17.440000534057617,16.920000076293945,16.969999313354492,76300
2015-09-24,16.850000381469727,17.079999923706055,16.819999694824219,17.069999694824219,132800
2015-09-25,17.190000534057617,17.260000228881836,17.069999694824219,17.180000305175781,105700
2015-09-28,16.989999771118164,17.059999465942383,16.870000839233398,16.899999618530273,85100
2015-09-29,16.940000534057617,17.100000381469727,16.930000305175781,17.030000686645508,148300
2015-09-30,17.030000686645508,17.219999313354492,16.909999847412109,17.079999923706055,435000
2015-10-01,17.319999694824219,17.389999389648438,16.889999389648438,16.969999313354492,347700
2015-10-02,16.75,17.090000152587891,16.75,17.049999237060547,156300
2015-10-05,17.25,17.340000152587891,17.219999313354492,17.280000686645508,174400
2015-10-06,17.370000839233398,17.790000915527344,17.370000839233398,17.790000915527344,581900
2015-10-07,17.979999542236328,18.010000228881836,17.620000839233398,17.690000534057617,178300
2015-10-08,17.719999313354492,17.989999771118164,17.649999618530273,17.920000076293945,218800
2015-10-09,17.959999084472656,18.020000457763672,17.850000381469727,17.909999847412109,91900
2015-10-12,17.909999847412109,17.909999847412109,17.399999618530273,17.459999084472656,210900
2015-10-13,17.409999847412109,17.579999923706055,17.260000228881836,17.299999237060547,87900
2015-10-14,17.319999694824219,17.340000152587891,17.209999084472656,17.319999694824219,76400
2015-10-15,17.219999313354492,17.350000381469727,17.069999694824219,17.329999923706055,147500
2015-10-16,17.370000839233398,17.379999160766602,17.129999160766602,17.340000152587891,89600
2015-10-19,17.090000152587891,17.159999847412109,17,17.030000686645508,79000
2015-10-20,17,17.110000610351562,16.950000762939453,17.049999237060547,92100
2015-10-21,16.889999389648438,16.969999313354492,16.790000915527344,16.899999618530273,472100
2015-10-22,16.989999771118164,17.090000152587891,16.860000610351562,16.959999084472656,120800
2015-10-23,16.819999694824219,16.829999923706055,16.719999313354492,16.799999237060547,120200
2015-10-26,16.729999542236328,16.75,16.639999389648438,16.649999618530273,147800
2015-10-27,16.569999694824219,16.569999694824219,16.440000534057617,16.520000457763672,154100
2015-10-28,16.600000381469727,17.010000228881836,16.590000152587891,16.989999771118164,84400
2015-10-29,16.959999084472656,17.059999465942383,16.870000839233398,16.899999618530273,97700
2015-10-30,16.940000534057617,17.170000076293945,16.879999160766602,17.069999694824219,736400
2015-11-02,16.930000305175781,17.059999465942383,16.889999389648438,16.950000762939453,255200
2015-11-03,17.090000152587891,17.379999160766602,17.090000152587891,17.319999694824219,217500
2015-11-04,17.299999237060547,17.299999237060547,16.899999618530273,16.959999084472656,157400
2015-11-05,16.829999923706055,16.930000305175781,16.680000305175781,16.729999542236328,317100
2015-11-06,16.600000381469727,16.639999389648438,16.510000228881836,16.610000610351562,96500
2015-11-09,16.579999923706055,16.579999923706055,16.350000381469727,16.420000076293945,593700
2015-11-10,16.370000839233398,16.520000457763672,16.319999694824219,16.360000610351562,251300
2015-11-11,16.440000534057617,16.440000534057617,16.120000839233398,16.190000534057617,101300
2015-11-12,15.970000267028809,16.139999389648438,15.880000114440918,15.909999847412109,374700
2015-11-13,15.859999656677246,15.859999656677246,15.640000343322754,15.710000038146973,172100
2015-11-16,15.640000343322754,15.800000190734863,15.470000267028809,15.800000190734863,239800
2015-11-17,15.640000343322754,15.670000076293945,15.520000457763672,15.550000190734863,189500
2015-11-18,15.680000305175781,15.680000305175781,15.439999580383301,15.600000381469727,187300
2015-11-19,15.579999923706055,15.640000343322754,15.569999694824219,15.609999656677246,146500
2015-11-20,15.619999885559082,15.789999961853027,15.550000190734863,15.579999923706055,132100
2015-11-23,15.539999961853027,15.779999732971191,15.510000228881836,15.670000076293945,173500
2015-11-24,15.859999656677246,16,15.779999732971191,15.890000343322754,313500
2015-11-25,15.810000419616699,15.909999847412109,15.649999618530273,15.890000343322754,205400
2015-11-27,15.630000114440918,15.760000228881836,15.600000381469727,15.630000114440918,80400
2015-11-30,15.710000038146973,15.770000457763672,15.5,15.510000228881836,1153700
2015-12-01,15.569999694824219,15.680000305175781,15.5,15.579999923706055,341800
2015-12-02,15.449999809265137,15.539999961853027,15.170000076293945,15.210000038146973,262500
2015-12-03,15.270000457763672,15.590000152587891,15.199999809265137,15.430000305175781,219400
2015-12-04,15.300000190734863,15.430000305175781,15.260000228881836,15.350000381469727,576300
2015-12-07,15.069999694824219,15.100000381469727,14.699999809265137,14.770000457763672,476900
2015-12-08,14.640000343322754,14.869999885559082,14.569999694824219,14.640000343322754,308800
2015-12-09,14.720000267028809,14.939999580383301,14.489999771118164,14.619999885559082,370100
2015-12-10,14.569999694824219,14.699999809265137,14.529999732971191,14.529999732971191,331700
2015-12-11,14.520000457763672,14.529999732971191,14.279999732971191,14.310000419616699,218900
2015-12-14,14.100000381469727,14.329999923706055,14.060000419616699,14.159999847412109,770300
2015-12-15,14.239999771118164,14.489999771118164,14.199999809265137,14.25,1049400
2015-12-16,14.189999580383301,14.210000038146973,14,14.069999694824219,1486500
2015-12-17,14.100000381469727,14.5,13.859999656677246,13.920000076293945,411400
2015-12-18,14,14.189999580383301,13.949999809265137,13.979999542236328,978100
2015-12-21,13.880000114440918,14.020000457763672,13.840000152587891,13.930000305175781,347300
2015-12-22,13.899999618530273,14,13.869999885559082,13.899999618530273,499300
2015-12-23,14.090000152587891,14.300000190734863,14.039999961853027,14.260000228881836,657100
2015-12-24,14.279999732971191,14.329999923706055,14.239999771118164,14.289999961853027,106800
2015-12-28,14.119999885559082,14.159999847412109,14.039999961853027,14.069999694824219,855600
2015-12-29,14.289999961853027,14.380000114440918,14.25,14.340000152587891,1328600
2015-12-30,14.189999580383301,14.189999580383301,14.039999961853027,14.109999656677246,1629700
2015-12-31,14.039999961853027,14.380000114440918,14.039999961853027,14.229999542236328,3796500
2016-01-04,14.369999885559082,14.479999542236328,14.039999961853027,14.119999885559082,359500
2016-01-05,14.069999694824219,14.109999656677246,13.960000038146973,13.979999542236328,137700
2016-01-06,13.689999580383301,13.779999732971191,13.550000190734863,13.569999694824219,235000
2016-01-07,13.420000076293945,13.680000305175781,13.369999885559082,13.439999580383301,236800
2016-01-08,13.510000228881836,13.510000228881836,13.359999656677246,13.420000076293945,552400
2016-01-11,13.329999923706055,13.340000152587891,12.949999809265137,12.960000038146973,265500
2016-01-12,13.079999923706055,13.140000343322754,12.760000228881836,12.930000305175781,143800
2016-01-13,12.970000267028809,13.079999923706055,12.760000228881836,12.829999923706055,862300
2016-01-14,12.810000419616699,12.939999580383301,12.729999542236328,12.890000343322754,175100
2016-01-15,12.590000152587891,12.670000076293945,12.449999809265137,12.550000190734863,127800
2016-01-19,12.560000419616699,12.630000114440918,12.409999847412109,12.420000076293945,312000
2016-01-20,12.270000457763672,12.319999694824219,12.029999732971191,12.279999732971191,408300
2016-01-21,12.279999732971191,12.590000152587891,12.170000076293945,12.529999732971191,784200
2016-01-22,12.920000076293945,13.020000457763672,12.810000419616699,13.020000457763672,1624400
2016-01-25,12.829999923706055,12.939999580383301,12.569999694824219,12.590000152587891,175200
2016-01-26,12.770000457763672,13.079999923706055,12.760000228881836,12.869999885559082,500200
2016-01-27,12.869999885559082,13.189999580383301,12.810000419616699,13.069999694824219,410200
2016-01-28,13.449999809265137,13.449999809265137,13.199999809265137,13.380000114440918,268400
2016-01-29,13.430000305175781,13.510000228881836,13.239999771118164,13.479999542236328,2419200
2016-02-01,13.260000228881836,13.260000228881836,13.020000457763672,13.079999923706055,636700
2016-02-02,12.770000457763672,12.880000114440918,12.699999809265137,12.779999732971191,434800
2016-02-03,13.010000228881836,13.270000457763672,12.789999961853027,13.260000228881836,407200
2016-02-04,13.420000076293945,13.479999542236328,13.100000381469727,13.140000343322754,279900
2016-02-05,13.060000419616699,13.159999847412109,12.899999618530273,12.989999771118164,695100
2016-02-08,12.949999809265137,12.949999809265137,12.739999771118164,12.800000190734863,157400
2016-02-09,12.649999618530273,12.739999771118164,12.310000419616699,12.430000305175781,164100
2016-02-10,12.310000419616699,12.550000190734863,12.300000190734863,12.329999923706055,339400
2016-02-11,12.289999961853027,12.439999580383301,12.210000038146973,12.430000305175781,290400
2016-02-12,12.569999694824219,12.779999732971191,12.460000038146973,12.720000267028809,220600
2016-02-16,12.819999694824219,12.850000381469727,12.579999923706055,12.630000114440918,254300
2016-02-17,12.729999542236328,13.109999656677246,12.720000267028809,12.989999771118164,136000
2016-02-18,13.189999580383301,13.189999580383301,12.920000076293945,12.930000305175781,113800
2016-02-19,12.840000152587891,12.859999656677246,12.680000305175781,12.810000419616699,101200
2016-02-22,13.050000190734863,13.119999885559082,13,13.060000419616699,201900
2016-02-23,12.979999542236328,12.979999542236328,12.739999771118164,12.800000190734863,57200
2016-02-24,12.630000114440918,13,12.600000381469727,12.979999542236328,93500
2016-02-25,12.909999847412109,13.119999885559082,12.720000267028809,13.050000190734863,138900
2016-02-26,13.289999961853027,13.350000381469727,12.970000267028809,13.029999732971191,100500
2016-02-29,13.109999656677246,13.220000267028809,13.069999694824219,13.199999809265137,1508400
2016-03-01,13.149999618530273,13.289999961853027,13.069999694824219,13.239999771118164,381800
2016-03-02,13.189999580383301,13.369999885559082,13.119999885559082,13.340000152587891,213400
2016-03-03,13.229999542236328,13.380000114440918,13.210000038146973,13.350000381469727,191600
2016-03-04,13.439999580383301,13.699999809265137,13.369999885559082,13.699999809265137,195600
2016-03-07,13.760000228881836,14.079999923706055,13.729999542236328,14.050000190734863,318600
2016-03-08,14.050000190734863,14.050000190734863,13.760000228881836,13.779999732971191,364100
2016-03-09,13.939999580383301,14.180000305175781,13.909999847412109,14.149999618530273,7435900
2016-03-10,14,14.119999885559082,13.909999847412109,14.039999961853027,497400
2016-03-11,14.170000076293945,14.260000228881836,14.109999656677246,14.159999847412109,140100
2016-03-14,13.970000267028809,14.020000457763672,13.850000381469727,14,151100
2016-03-15,13.890000343322754,13.890000343322754,13.789999961853027,13.869999885559082,324800
2016-03-16,13.979999542236328,14.189999580383301,13.939999580383301,14.189999580383301,191900
2016-03-17,14.350000381469727,14.420000076293945,14.189999580383301,14.380000114440918,5305300
2016-03-18,14.470000267028809,14.539999961853027,14.279999732971191,14.310000419616699,679000
2016-03-21,14.319999694824219,14.399999618530273,14.220000267028809,14.369999885559082,829400
2016-03-22,14.279999732971191,14.409999847412109,14.279999732971191,14.399999618530273,106600
2016-03-23,14.189999580383301,14.260000228881836,14.010000228881836,14.039999961853027,136000
2016-03-24,13.800000190734863,14,13.770000457763672,13.989999771118164,446300
2016-03-28,13.960000038146973,13.979999542236328,13.880000114440918,13.979999542236328,685600
2016-03-29,13.779999732971191,13.880000114440918,13.720000267028809,13.880000114440918,135400
2016-03-30,14.010000228881836,14.060000419616699,13.760000228881836,13.770000457763672,181700
2016-03-31,13.770000457763672,13.899999618530273,13.710000038146973,13.789999961853027,664500
2016-04-01,13.529999732971191,13.550000190734863,13.470000267028809,13.510000228881836,117300
2016-04-04,13.460000038146973,13.560000419616699,13.25,13.289999961853027,324400
2016-04-05,13.260000228881836,13.300000190734863,13.189999580383301,13.279999732971191,416800
2016-04-06,13.350000381469727,13.590000152587891,13.329999923706055,13.550000190734863,165100
2016-04-07,13.479999542236328,13.520000457763672,13.359999656677246,13.510000228881836,76500
2016-04-08,13.819999694824219,13.960000038146973,13.810000419616699,13.949999809265137,246900
2016-04-11,14.020000457763672,14.109999656677246,13.979999542236328,14.060000419616699,513600
2016-04-12,14.189999580383301,14.470000267028809,14.159999847412109,14.430000305175781,234900
2016-04-13,14.399999618530273,14.550000190734863,14.359999656677246,14.390000343322754,104200
2016-04-14,14.420000076293945,14.460000038146973,14.25,14.329999923706055,572100
2016-04-15,14.199999809265137,14.270000457763672,14.050000190734863,14.210000038146973,2603900
2016-04-18,13.920000076293945,14.25,13.899999618530273,14.199999809265137,123100
2016-04-19,14.319999694824219,14.520000457763672,14.319999694824219,14.510000228881836,101700
2016-04-20,14.390000343322754,14.899999618530273,14.329999923706055,14.829999923706055,188100
2016-04-21,14.899999618530273,14.899999618530273,14.659999847412109,14.760000228881836,168100
2016-04-22,14.800000190734863,14.899999618530273,14.640000343322754,14.680000305175781,113100
2016-04-25,14.739999771118164,14.739999771118164,14.550000190734863,14.600000381469727,87000
2016-04-26,14.710000038146973,14.840000152587891,14.659999847412109,14.840000152587891,784500
2016-04-27,14.989999771118164,15.060000419616699,14.75,15.050000190734863,186200
2016-04-28,15.060000419616699,15.189999580383301,15.020000457763672,15.100000381469727,114500
2016-04-29,15.25,15.319999694824219,15.069999694824219,15.220000267028809,3355500
2016-05-02,15.170000076293945,15.170000076293945,14.930000305175781,14.970000267028809,265700
2016-05-03,14.880000114440918,14.880000114440918,14.640000343322754,14.699999809265137,881900
2016-05-04,14.829999923706055,14.880000114440918,14.569999694824219,14.699999809265137,150300
2016-05-05,14.989999771118164,15,14.609999656677246,14.670000076293945,70300
2016-05-06,14.600000381469727,14.890000343322754,14.600000381469727,14.770000457763672,110200
2016-05-09,14.630000114440918,14.630000114440918,14.390000343322754,14.420000076293945,160600
2016-05-10,14.5,14.810000419616699,14.5,14.800000190734863,113800
2016-05-11,14.770000457763672,15.149999618530273,14.729999542236328,15.130000114440918,170700
2016-05-12,15.199999809265137,15.220000267028809,15,15.180000305175781,293200
2016-05-13,15.090000152587891,15.170000076293945,15.029999732971191,15.149999618530273,62100
2016-05-16,15.369999885559082,15.439999580383301,15.340000152587891,15.430000305175781,782900
2016-05-17,15.399999618530273,15.579999923706055,15.390000343322754,15.579999923706055,455000
2016-05-18,15.460000038146973,15.619999885559082,15.369999885559082,15.390000343322754,408200
2016-05-19,15.239999771118164,15.380000114440918,15.119999885559082,15.369999885559082,155300
2016-05-20,15.399999618530273,15.489999771118164,15.300000190734863,15.390000343322754,61400
2016-05-23,15.170000076293945,15.310000419616699,15.130000114440918,15.25,323000
2016-05-24,15.260000228881836,15.420000076293945,15.25,15.319999694824219,176200
2016-05-25,15.399999618530273,15.539999961853027,15.340000152587891,15.510000228881836,364400
2016-05-26,15.590000152587891,15.609999656677246,15.439999580383301,15.520000457763672,200400
2016-05-27,15.460000038146973,15.579999923706055,15.390000343322754,15.579999923706055,238200
2016-05-31,15.600000381469727,15.670000076293945,15.399999618530273,15.420000076293945,1705700
2016-06-01,15.279999732971191,15.579999923706055,15.25,15.569999694824219,628200
2016-06-02,15.470000267028809,15.699999809265137,15.409999847412109,15.619999885559082,235300
2016-06-03,15.689999580383301,15.739999771118164,15.550000190734863,15.670000076293945,344700
2016-06-06,15.840000152587891,15.899999618530273,15.720000267028809,15.840000152587891,315900
2016-06-07,15.850000381469727,15.979999542236328,15.850000381469727,15.970000267028809,101100
2016-06-08,16.110000610351562,16.260000228881836,16.110000610351562,16.25,499200
2016-06-09,16.049999237060547,16.180000305175781,16.049999237060547,16.149999618530273,242300
2016-06-10,15.979999542236328,16.020000457763672,15.810000419616699,15.840000152587891,177600
2016-06-13,15.770000457763672,15.899999618530273,15.739999771118164,15.770000457763672,93300
2016-06-14,15.670000076293945,15.75,15.600000381469727,15.699999809265137,103600
2016-06-15,15.630000114440918,15.75,15.460000038146973,15.520000457763672,534700
2016-06-16,15.479999542236328,15.479999542236328,15.180000305175781,15.199999809265137,149500
2016-06-17,15.489999771118164,15.670000076293945,15.460000038146973,15.659999847412109,215100
2016-06-20,15.770000457763672,15.869999885559082,15.710000038146973,15.819999694824219,314100
2016-06-21,15.699999809265137,15.779999732971191,15.579999923706055,15.75,77800
2016-06-22,15.810000419616699,15.859999656677246,15.510000228881836,15.609999656677246,229600
2016-06-23,15.739999771118164,15.789999961853027,15.630000114440918,15.789999961853027,94900
2016-06-24,15.189999580383301,15.390000343322754,15.189999580383301,15.300000190734863,577700
2016-06-27,15.180000305175781,15.199999809265137,15.020000457763672,15.189999580383301,439500
2016-06-28,15.430000305175781,15.460000038146973,15.279999732971191,15.460000038146973,516500
2016-06-29,15.510000228881836,15.810000419616699,15.510000228881836,15.689999580383301,1429800
2016-06-30,15.609999656677246,15.689999580383301,15.479999542236328,15.520000457763672,870500
2016-07-01,15.479999542236328,15.720000267028809,15.479999542236328,15.710000038146973,6641200
2016-07-05,15.659999847412109,15.659999847412109,15.069999694824219,15.159999847412109,410600
2016-07-06,15.010000228881836,15.25,14.909999847412109,15.229999542236328,342000
2016-07-07,15.369999885559082,15.380000114440918,14.699999809265137,14.720000267028809,402900
2016-07-08,14.869999885559082,14.949999809265137,14.720000267028809,14.850000381469727,543400
2016-07-11,14.920000076293945,14.960000038146973,14.680000305175781,14.699999809265137,116400
2016-07-12,15.020000457763672,15.149999618530273,14.869999885559082,15.109999656677246,249900
2016-07-13,15.090000152587891,15.130000114440918,14.789999961853027,14.850000381469727,64000
2016-07-14,14.970000267028809,15.020000457763672,14.909999847412109,14.920000076293945,57400
2016-07-15,15,15.069999694824219,14.899999618530273,14.939999580383301,98400
2016-07-18,14.739999771118164,14.859999656677246,14.399999618530273,14.829999923706055,365200
2016-07-19,14.800000190734863,14.800000190734863,14.670000076293945,14.670000076293945,204100
2016-07-20,14.560000419616699,14.729999542236328,14.520000457763672,14.609999656677246,151000
2016-07-21,14.550000190734863,14.680000305175781,14.460000038146973,14.479999542236328,68200
2016-07-22,14.409999847412109,14.439999580383301,14.310000419616699,14.430000305175781,353700
2016-07-25,14.279999732971191,14.310000419616699,14.210000038146973,14.25,98900
2016-07-26,14.210000038146973,14.25,14.140000343322754,14.210000038146973,151200
2016-07-27,14.239999771118164,14.270000457763672,13.970000267028809,14.010000228881836,780600
2016-07-28,14.020000457763672,14.039999961853027,13.859999656677246,13.890000343322754,368900
2016-07-29,13.850000381469727,13.989999771118164,13.770000457763672,13.960000038146973,3972000
2016-08-01,13.890000343322754,13.930000305175781,13.640000343322754,13.670000076293945,6065900
2016-08-02,13.859999656677246,13.920000076293945,13.560000419616699,13.649999618530273,1017700
2016-08-03,13.680000305175781,13.960000038146973,13.649999618530273,13.960000038146973,167900
2016-08-04,13.859999656677246,14.109999656677246,13.789999961853027,14.029999732971191,375000
2016-08-05,14.069999694824219,14.130000114440918,13.970000267028809,14.119999885559082,297100
2016-08-08,14.260000228881836,14.340000152587891,14.210000038146973,14.260000228881836,227000
2016-08-09,14.310000419616699,14.329999923706055,14.149999618530273,14.159999847412109,605700
2016-08-10,14.25,14.340000152587891,13.960000038146973,13.960000038146973,90300
2016-08-11,14.060000419616699,14.369999885559082,14.039999961853027,14.300000190734863,614100
2016-08-12,14.350000381469727,14.5,14.319999694824219,14.5,139700
2016-08-15,14.600000381469727,14.75,14.590000152587891,14.75,340300
2016-08-16,14.789999961853027,14.880000114440918,14.680000305175781,14.869999885559082,156400
2016-08-17,14.859999656677246,14.979999542236328,14.75,14.970000267028809,263300
2016-08-18,15.050000190734863,15.210000038146973,15.039999961853027,15.159999847412109,116400
2016-08-19,15.119999885559082,15.170000076293945,15.060000419616699,15.149999618530273,65100
2016-08-22,15.050000190734863,15.050000190734863,14.890000343322754,14.890000343322754,195500
2016-08-23,14.779999732971191,15.039999961853027,14.75,14.989999771118164,145500
2016-08-24,14.909999847412109,14.970000267028809,14.729999542236328,14.800000190734863,152900
2016-08-25,14.789999961853027,14.890000343322754,14.75,14.869999885559082,73300
2016-08-26,14.859999656677246,14.989999771118164,14.770000457763672,14.810000419616699,79300
2016-08-29,14.710000038146973,14.729999542236328,14.649999618530273,14.699999809265137,86700
2016-08-30,14.739999771118164,14.739999771118164,14.5,14.579999923706055,46800
2016-08-31,14.420000076293945,14.5,14.180000305175781,14.239999771118164,257500
2016-09-01,14.100000381469727,14.170000076293945,13.949999809265137,14.050000190734863,275400
2016-09-02,14.149999618530273,14.25,14.149999618530273,14.170000076293945,87900
2016-09-06,14.109999656677246,14.270000457763672,14.109999656677246,14.270000457763672,112900
2016-09-07,14.300000190734863,14.439999580383301,14.239999771118164,14.409999847412109,469300
2016-09-08,14.550000190734863,14.800000190734863,14.439999580383301,14.729999542236328,98400
2016-09-09,14.600000381469727,14.609999656677246,14.439999580383301,14.460000038146973,71900
2016-09-12,14.310000419616699,14.619999885559082,14.310000419616699,14.529999732971191,58600
2016-09-13,14.409999847412109,14.409999847412109,14.260000228881836,14.260000228881836,47900
2016-09-14,14.210000038146973,14.319999694824219,14.069999694824219,14.100000381469727,245000
2016-09-15,14.159999847412109,14.260000228881836,14.090000152587891,14.170000076293945,59400
2016-09-16,14.029999732971191,14.199999809265137,14.029999732971191,14.199999809265137,81700
2016-09-19,14.220000267028809,14.319999694824219,14.149999618530273,14.180000305175781,68700
2016-09-20,14.100000381469727,14.279999732971191,14.079999923706055,14.25,131800
2016-09-21,14.350000381469727,14.489999771118164,14.350000381469727,14.479999542236328,116800
2016-09-22,14.619999885559082,14.659999847412109,14.550000190734863,14.560000419616699,178600
2016-09-23,14.510000228881836,14.600000381469727,14.239999771118164,14.319999694824219,73800
2016-09-26,14.420000076293945,14.579999923706055,14.420000076293945,14.460000038146973,58100
2016-09-27,14.279999732971191,14.340000152587891,14.189999580383301,14.25,110600
2016-09-28,14.369999885559082,14.729999542236328,14.210000038146973,14.609999656677246,233600
2016-09-29,14.720000267028809,14.850000381469727,14.640000343322754,14.760000228881836,175000
2016-09-30,14.810000419616699,14.850000381469727,14.760000228881836,14.819999694824219,803500
2016-10-03,14.829999923706055,14.960000038146973,14.720000267028809,14.920000076293945,241700
2016-10-04,15,15,14.899999618530273,14.939999580383301,135800
2016-10-05,15.130000114440918,15.149999618530273,15.020000457763672,15.119999885559082,473000
2016-10-06,15.159999847412109,15.210000038146973,15.090000152587891,15.210000038146973,78600
2016-10-07,15.199999809265137,15.220000267028809,15.020000457763672,15.090000152587891,144100
2016-10-10,15.180000305175781,15.430000305175781,15.180000305175781,15.300000190734863,104000
2016-10-11,15.310000419616699,15.310000419616699,15.159999847412109,15.229999542236328,154500
2016-10-12,15.090000152587891,15.180000305175781,15.069999694824219,15.079999923706055,82900
2016-10-13,15.039999961853027,15.210000038146973,15.020000457763672,15.189999580383301,240700
2016-10-14,15.199999809265137,15.220000267028809,15.109999656677246,15.180000305175781,162200
2016-10-17,15.159999847412109,15.170000076293945,15.039999961853027,15.140000343322754,161800
2016-10-18,15.210000038146973,15.229999542236328,15.109999656677246,15.170000076293945,122500
2016-10-19,15.189999580383301,15.399999618530273,15.189999580383301,15.310000419616699,168300
2016-10-20,15.140000343322754,15.220000267028809,15.079999923706055,15.119999885559082,346000
2016-10-21,15.140000343322754,15.199999809265137,15.100000381469727,15.199999809265137,458200
2016-10-24,15.029999732971191,15.189999580383301,15.010000228881836,15.189999580383301,107100
2016-10-25,15.119999885559082,15.189999580383301,15.029999732971191,15.060000419616699,121400
2016-10-26,14.920000076293945,15.090000152587891,14.890000343322754,14.960000038146973,351300
2016-10-27,15.029999732971191,15.140000343322754,14.979999542236328,15.079999923706055,84500
2016-10-28,15.010000228881836,15.100000381469727,14.909999847412109,14.960000038146973,76800
2016-10-31,14.810000419616699,14.850000381469727,14.560000419616699,14.560000419616699,404300
2016-11-01,14.680000305175781,14.75,14.489999771118164,14.590000152587891,532100
2016-11-02,14.399999618530273,14.449999809265137,14.239999771118164,14.359999656677246,358600
2016-11-03,14.350000381469727,14.369999885559082,14.170000076293945,14.229999542236328,159500
2016-11-04,14.100000381469727,14.199999809265137,14.020000457763672,14.109999656677246,140400
2016-11-07,14.199999809265137,14.239999771118164,14.050000190734863,14.229999542236328,241700
2016-11-08,14.149999618530273,14.289999961853027,14.090000152587891,14.189999580383301,249300
2016-11-09,14.210000038146973,14.350000381469727,14.119999885559082,14.310000419616699,164800
2016-11-10,14.180000305175781,14.260000228881836,14.119999885559082,14.140000343322754,166900
2016-11-11,14.069999694824219,14.140000343322754,13.869999885559082,13.909999847412109,128400
2016-11-14,13.869999885559082,13.920000076293945,13.699999809265137,13.899999618530273,461800
2016-11-15,14.050000190734863,14.279999732971191,14.050000190734863,14.25,109100
2016-11-16,14.220000267028809,14.289999961853027,14.090000152587891,14.130000114440918,142600
2016-11-17,14.319999694824219,14.359999656677246,14.100000381469727,14.130000114440918,132600
2016-11-18,14.140000343322754,14.279999732971191,14.090000152587891,14.270000457763672,111100
2016-11-21,14.520000457763672,14.739999771118164,14.520000457763672,14.729999542236328,152400
2016-11-22,14.729999542236328,14.800000190734863,14.560000419616699,14.689999580383301,114300
2016-11-23,14.600000381469727,14.770000457763672,14.600000381469727,14.710000038146973,216400
2016-11-25,14.590000152587891,14.680000305175781,14.470000267028809,14.569999694824219,555000
2016-11-28,14.649999618530273,14.760000228881836,14.600000381469727,14.640000343322754,172200
2016-11-29,14.310000419616699,14.369999885559082,14.220000267028809,14.270000457763672,180500
2016-11-30,14.850000381469727,15.039999961853027,14.739999771118164,14.920000076293945,708200
2016-12-01,15.180000305175781,15.369999885559082,15.170000076293945,15.229999542236328,346600
2016-12-02,15.289999961853027,15.340000152587891,15.229999542236328,15.319999694824219,190300
2016-12-05,15.479999542236328,15.5,15.350000381469727,15.359999656677246,364000
2016-12-06,15.25,15.380000114440918,15.25,15.319999694824219,136100
2016-12-07,15.210000038146973,15.310000419616699,15.170000076293945,15.189999580383301,228800
2016-12-08,15.390000343322754,15.390000343322754,15.130000114440918,15.310000419616699,489500
2016-12-09,15.390000343322754,15.430000305175781,15.340000152587891,15.420000076293945,219600
2016-12-12,15.720000267028809,15.770000457763672,15.520000457763672,15.520000457763672,381800
2016-12-13,15.649999618530273,15.649999618530273,15.510000228881836,15.590000152587891,209700
2016-12-14,15.489999771118164,15.609999656677246,15.319999694824219,15.340000152587891,308500
2016-12-15,15.229999542236328,15.390000343322754,15.199999809265137,15.329999923706055,202700
2016-12-16,15.340000152587891,15.489999771118164,15.319999694824219,15.470000267028809,271900
2016-12-19,15.5,15.5,15.340000152587891,15.380000114440918,267100
2016-12-20,15.470000267028809,15.5,15.369999885559082,15.420000076293945,164100
2016-12-21,15.430000305175781,15.489999771118164,15.289999961853027,15.359999656677246,201100
2016-12-22,15.350000381469727,15.430000305175781,15.329999923706055,15.359999656677246,128200
2016-12-23,15.359999656677246,15.430000305175781,15.319999694824219,15.399999618530273,101700
2016-12-27,15.489999771118164,15.670000076293945,15.489999771118164,15.619999885559082,186600
2016-12-28,15.689999580383301,15.710000038146973,15.630000114440918,15.670000076293945,165100
2016-12-29,15.689999580383301,15.779999732971191,15.649999618530273,15.689999580383301,1517900
2016-12-30,15.649999618530273,15.710000038146973,15.630000114440918,15.670000076293945,1002900
2017-01-03,15.850000381469727,15.890000343322754,15.369999885559082,15.420000076293945,2415200
2017-01-04,15.420000076293945,15.590000152587891,15.340000152587891,15.539999961853027,426500
2017-01-05,15.609999656677246,15.729999542236328,15.510000228881836,15.640000343322754,300000
2017-01-06,15.670000076293945,15.710000038146973,15.539999961853027,15.579999923706055,193400
2017-01-09,15.420000076293945,15.449999809265137,15.289999961853027,15.310000419616699,781700
2017-01-10,15.359999656677246,15.470000267028809,15.170000076293945,15.199999809265137,155200
2017-01-11,15.300000190734863,15.5,15.090000152587891,15.399999618530273,308300
2017-01-12,15.649999618530273,15.659999847412109,15.520000457763672,15.640000343322754,227900
2017-01-13,15.590000152587891,15.630000114440918,15.539999961853027,15.609999656677246,301500
2017-01-17,15.800000190734863,15.800000190734863,15.600000381469727,15.619999885559082,172100
2017-01-18,15.460000038146973,15.560000419616699,15.300000190734863,15.409999847412109,185100
2017-01-19,15.420000076293945,15.460000038146973,15.340000152587891,15.380000114440918,68400
2017-01-20,15.560000419616699,15.630000114440918,15.539999961853027,15.560000419616699,172200
2017-01-23,15.420000076293945,15.579999923706055,15.420000076293945,15.560000419616699,172100
2017-01-24,15.600000381469727,15.649999618530273,15.550000190734863,15.569999694824219,308200
2017-01-25,15.489999771118164,15.609999656677246,15.470000267028809,15.529999732971191,192800
2017-01-26,15.590000152587891,15.689999580383301,15.579999923706055,15.609999656677246,196100
2017-01-27,15.5,15.5,15.380000114440918,15.479999542236328,163800
2017-01-30,15.369999885559082,15.369999885559082,15.300000190734863,15.340000152587891,150200
2017-01-31,15.460000038146973,15.539999961853027,15.369999885559082,15.430000305175781,363500
2017-02-01,15.529999732971191,15.670000076293945,15.470000267028809,15.619999885559082,4235000
2017-02-02,15.659999847412109,15.689999580383301,15.560000419616699,15.619999885559082,775600
2017-02-03,15.539999961853027,15.670000076293945,15.529999732971191,15.609999656677246,334800
2017-02-06,15.619999885559082,15.630000114440918,15.439999580383301,15.460000038146973,200100
2017-02-07,15.350000381469727,15.409999847412109,15.279999732971191,15.350000381469727,906400
2017-02-08,15.329999923706055,15.470000267028809,15.289999961853027,15.439999580383301,234000
2017-02-09,15.529999732971191,15.560000419616699,15.449999809265137,15.510000228881836,156700
2017-02-10,15.670000076293945,15.729999542236328,15.659999847412109,15.670000076293945,133800
2017-02-13,15.529999732971191,15.550000190734863,15.470000267028809,15.470000267028809,214000
2017-02-14,15.590000152587891,15.619999885559082,15.489999771118164,15.529999732971191,274100
2017-02-15,15.510000228881836,15.609999656677246,15.510000228881836,15.529999732971191,179400
2017-02-16,15.560000419616699,15.590000152587891,15.430000305175781,15.5,133900
2017-02-17,15.390000343322754,15.479999542236328,15.390000343322754,15.449999809265137,278100
2017-02-21,15.670000076293945,15.670000076293945,15.5,15.529999732971191,223300
2017-02-22,15.399999618530273,15.439999580383301,15.380000114440918,15.399999618530273,191700
2017-02-23,15.590000152587891,15.609999656677246,15.449999809265137,15.470000267028809,89800
2017-02-24,15.399999618530273,15.470000267028809,15.390000343322754,15.420000076293945,153400
2017-02-27,15.539999961853027,15.539999961853027,15.380000114440918,15.399999618530273,133100
2017-02-28,15.319999694824219,15.449999809265137,15.319999694824219,15.449999809265137,427000
2017-03-01,15.510000228881836,15.539999961853027,15.430000305175781,15.479999542236328,445000
2017-03-02,15.279999732971191,15.319999694824219,15.180000305175781,15.210000038146973,187100
2017-03-03,15.210000038146973,15.310000419616699,15.210000038146973,15.289999961853027,105300
2017-03-06,15.350000381469727,15.380000114440918,15.270000457763672,15.310000419616699,116400
2017-03-07,15.369999885559082,15.380000114440918,15.220000267028809,15.229999542236328,113600
2017-03-08,15.119999885559082,15.220000267028809,14.770000457763672,14.810000419616699,219700
2017-03-09,14.739999771118164,14.760000228881836,14.529999732971191,14.680000305175781,300000
2017-03-10,14.659999847412109,14.659999847412109,14.470000267028809,14.510000228881836,209600
2017-03-13,14.510000228881836,14.539999961853027,14.449999809265137,14.479999542236328,411100
2017-03-14,14.359999656677246,14.420000076293945,14.289999961853027,14.420000076293945,537900
2017-03-15,14.5,14.590000152587891,14.460000038146973,14.590000152587891,324100
2017-03-16,14.619999885559082,14.630000114440918,14.539999961853027,14.600000381469727,434600
2017-03-17,14.590000152587891,14.649999618530273,14.550000190734863,14.590000152587891,376900
2017-03-20,14.539999961853027,14.630000114440918,14.529999732971191,14.550000190734863,213300
2017-03-21,14.550000190734863,14.600000381469727,14.420000076293945,14.449999809265137,384000
2017-03-22,14.350000381469727,14.460000038146973,14.260000228881836,14.449999809265137,323800
2017-03-23,14.399999618530273,14.409999847412109,14.340000152587891,14.390000343322754,106100
2017-03-24,14.390000343322754,14.439999580383301,14.369999885559082,14.430000305175781,261300
2017-03-27,14.319999694824219,14.390000343322754,14.239999771118164,14.390000343322754,208900
2017-03-28,14.460000038146973,14.550000190734863,14.430000305175781,14.489999771118164,144600
2017-03-29,14.510000228881836,14.659999847412109,14.510000228881836,14.649999618530273,462900
2017-03-30,14.689999580383301,14.779999732971191,14.670000076293945,14.729999542236328,115100
2017-03-31,14.670000076293945,14.819999694824219,14.670000076293945,14.819999694824219,2539100
2017-04-03,14.789999961853027,14.819999694824219,14.659999847412109,14.670000076293945,4192100
2017-04-04,14.75,14.850000381469727,14.739999771118164,14.840000152587891,317900
2017-04-05,14.840000152587891,14.989999771118164,14.819999694824219,14.829999923706055,1736400
2017-04-06,14.939999580383301,14.979999542236328,14.909999847412109,14.960000038146973,121200
2017-04-07,14.989999771118164,15.050000190734863,14.939999580383301,15.020000457763672,193600
2017-04-10,15.109999656677246,15.149999618530273,15.069999694824219,15.149999618530273,173900
2017-04-11,15.100000381469727,15.189999580383301,15.060000419616699,15.180000305175781,263900
2017-04-12,15.25,15.25,15.090000152587891,15.119999885559082,75900
2017-04-13,15.170000076293945,15.210000038146973,15.130000114440918,15.170000076293945,125500
2017-04-17,15.159999847412109,15.189999580383301,15.079999923706055,15.100000381469727,172400
2017-04-18,15.010000228881836,15.069999694824219,14.920000076293945,15.020000457763672,145400
2017-04-19,15.010000228881836,15.050000190734863,14.630000114440918,14.710000038146973,241100
2017-04-20,14.75,14.75,14.609999656677246,14.649999618530273,194900
2017-04-21,14.640000343322754,14.670000076293945,14.420000076293945,14.460000038146973,347000
2017-04-24,14.449999809265137,14.449999809265137,14.359999656677246,14.390000343322754,141200
2017-04-25,14.399999618530273,14.539999961853027,14.340000152587891,14.520000457763672,329000
2017-04-26,14.380000114440918,14.590000152587891,14.380000114440918,14.420000076293945,1198400
2017-04-27,14.310000419616699,14.420000076293945,14.25,14.420000076293945,249600
2017-04-28,14.449999809265137,14.489999771118164,14.380000114440918,14.430000305175781,219400
2017-05-01,14.439999580383301,14.479999542236328,14.409999847412109,14.460000038146973,343600
2017-05-02,14.460000038146973,14.460000038146973,14.25,14.300000190734863,165300
2017-05-03,14.239999771118164,14.359999656677246,14.239999771118164,14.300000190734863,85000
2017-05-04,13.869999885559082,14.159999847412109,13.829999923706055,13.899999618530273,90000
2017-05-05,13.949999809265137,14.100000381469727,13.930000305175781,14.039999961853027,210200
2017-05-08,14.010000228881836,14.060000419616699,13.899999618530273,14.029999732971191,55300
2017-05-09,14.039999961853027,14.039999961853027,13.890000343322754,13.909999847412109,85900
2017-05-10,14.029999732971191,14.210000038146973,13.989999771118164,14.180000305175781,75200
2017-05-11,14.270000457763672,14.289999961853027,14.199999809265137,14.25,48000
2017-05-12,14.289999961853027,14.329999923706055,14.229999542236328,14.319999694824219,948100
2017-05-15,14.539999961853027,14.539999961853027,14.390000343322754,14.430000305175781,349300
2017-05-16,14.470000267028809,14.489999771118164,14.350000381469727,14.380000114440918,221500
2017-05-17,14.489999771118164,14.520000457763672,14.369999885559082,14.449999809265137,430400
2017-05-18,14.350000381469727,14.489999771118164,14.310000419616699,14.449999809265137,177100
2017-05-19,14.609999656677246,14.739999771118164,14.609999656677246,14.729999542236328,135500
2017-05-22,14.800000190734863,14.869999885559082,14.800000190734863,14.819999694824219,436100
2017-05-23,14.840000152587891,14.840000152587891,14.760000228881836,14.800000190734863,83400
2017-05-24,14.760000228881836,14.829999923706055,14.699999809265137,14.75,96600
2017-05-25,14.729999542236328,14.760000228881836,14.350000381469727,14.359999656677246,164400
2017-05-26,14.430000305175781,14.520000457763672,14.380000114440918,14.510000228881836,88900
2017-05-30,14.420000076293945,14.449999809265137,14.319999694824219,14.390000343322754,90200
2017-05-31,14.189999580383301,14.300000190734863,14.140000343322754,14.260000228881836,1273700
2017-06-01,14.25,14.329999923706055,14.170000076293945,14.189999580383301,89100
2017-06-02,14.109999656677246,14.390000343322754,14.039999961853027,14.119999885559082,139200
2017-06-05,14.020000457763672,14.039999961853027,13.970000267028809,14.020000457763672,212300
2017-06-06,13.989999771118164,14.130000114440918,13.979999542236328,14.119999885559082,195200
2017-06-07,14.050000190734863,14.100000381469727,13.810000419616699,13.850000381469727,267400
2017-06-08,13.810000419616699,13.920000076293945,13.800000190734863,13.829999923706055,1291900
2017-06-09,13.829999923706055,13.939999580383301,13.829999923706055,13.869999885559082,1308400
2017-06-12,13.970000267028809,13.970000267028809,13.779999732971191,13.789999961853027,1300000
2017-06-13,13.779999732971191,13.869999885559082,13.739999771118164,13.869999885559082,159900
2017-06-14,13.819999694824219,13.890000343322754,13.550000190734863,13.569999694824219,1142800
2017-06-15,13.550000190734863,13.590000152587891,13.510000228881836,13.579999923706055,1303000
2017-06-16,13.659999847412109,13.680000305175781,13.619999885559082,13.670000076293945,2886300
2017-06-19,13.699999809265137,13.699999809265137,13.539999961853027,13.560000419616699,93500
2017-06-20,13.390000343322754,13.420000076293945,13.300000190734863,13.409999847412109,429200
2017-06-21,13.449999809265137,13.479999542236328,13.170000076293945,13.189999580383301,1180800
2017-06-22,13.310000419616699,13.319999694824219,13.210000038146973,13.210000038146973,1117800
2017-06-23,13.270000457763672,13.310000419616699,13.210000038146973,13.289999961853027,422500
2017-06-26,13.300000190734863,13.390000343322754,13.210000038146973,13.359999656677246,88100
2017-06-27,13.489999771118164,13.569999694824219,13.430000305175781,13.5,465700
2017-06-28,13.529999732971191,13.619999885559082,13.460000038146973,13.619999885559082,208900
2017-06-29,13.689999580383301,13.779999732971191,13.659999847412109,13.699999809265137,190700
2017-06-30,13.810000419616699,14.029999732971191,13.779999732971191,14.020000457763672,3831900
2017-07-03,14.090000152587891,14.189999580383301,14.090000152587891,14.140000343322754,57100
2017-07-05,14.079999923706055,14.119999885559082,13.850000381469727,13.869999885559082,186200
2017-07-06,13.949999809265137,14.050000190734863,13.880000114440918,13.899999618530273,143800
2017-07-07,13.800000190734863,13.800000190734863,13.649999618530273,13.720000267028809,141300
2017-07-10,13.699999809265137,13.840000152587891,13.699999809265137,13.779999732971191,536200
2017-07-11,13.720000267028809,13.949999809265137,13.720000267028809,13.939999580383301,439900
2017-07-12,14.090000152587891,14.090000152587891,13.890000343322754,13.890000343322754,531100
2017-07-13,13.909999847412109,13.979999542236328,13.880000114440918,13.920000076293945,110200
2017-07-14,14,14.079999923706055,13.989999771118164,14.069999694824219,83100
2017-07-17,14.039999961853027,14.090000152587891,13.979999542236328,14,195700
2017-07-18,14.119999885559082,14.149999618530273,14,14.050000190734863,213700
2017-07-19,14.109999656677246,14.239999771118164,14.109999656677246,14.229999542236328,211300
2017-07-20,14.329999923706055,14.329999923706055,14.149999618530273,14.170000076293945,114800
2017-07-21,14.180000305175781,14.180000305175781,13.920000076293945,13.939999580383301,180300
2017-07-24,13.960000038146973,13.979999542236328,13.920000076293945,13.960000038146973,214200
2017-07-25,14.140000343322754,14.199999809265137,14.090000152587891,14.159999847412109,142900
2017-07-26,14.270000457763672,14.359999656677246,14.180000305175781,14.340000152587891,122800
2017-07-27,14.460000038146973,14.460000038146973,14.369999885559082,14.420000076293945,88500
2017-07-28,14.489999771118164,14.560000419616699,14.479999542236328,14.520000457763672,173400
2017-07-31,14.5,14.619999885559082,14.449999809265137,14.609999656677246,581100
2017-08-01,14.489999771118164,14.489999771118164,14.270000457763672,14.409999847412109,157600
2017-08-02,14.439999580383301,14.510000228881836,14.340000152587891,14.510000228881836,444900
2017-08-03,14.489999771118164,14.550000190734863,14.359999656677246,14.369999885559082,126200
2017-08-04,14.409999847412109,14.449999809265137,14.340000152587891,14.439999580383301,74300
2017-08-07,14.359999656677246,14.460000038146973,14.310000419616699,14.430000305175781,90900
2017-08-08,14.489999771118164,14.489999771118164,14.390000343322754,14.409999847412109,49300
2017-08-09,14.479999542236328,14.520000457763672,14.430000305175781,14.489999771118164,152400
2017-08-10,14.590000152587891,14.590000152587891,14.260000228881836,14.260000228881836,120000
2017-08-11,14.239999771118164,14.369999885559082,14.229999542236328,14.350000381469727,118000
2017-08-14,14.279999732971191,14.350000381469727,14.119999885559082,14.119999885559082,159700
2017-08-15,14.039999961853027,14.119999885559082,14.020000457763672,14.119999885559082,86600
2017-08-16,14.180000305175781,14.180000305175781,14,14.020000457763672,176700
2017-08-17,13.960000038146973,14.060000419616699,13.930000305175781,14,84000
2017-08-18,14.079999923706055,14.300000190734863,13.989999771118164,14.289999961853027,104200
2017-08-21,14.210000038146973,14.220000267028809,14.069999694824219,14.079999923706055,72000
2017-08-22,14.199999809265137,14.199999809265137,14.100000381469727,14.130000114440918,45300
2017-08-23,14.170000076293945,14.260000228881836,14.119999885559082,14.220000267028809,97500
2017-08-24,14.210000038146973,14.229999542236328,14.109999656677246,14.210000038146973,101000
2017-08-25,14.260000228881836,14.279999732971191,14.159999847412109,14.189999580383301,77900
2017-08-28,14.189999580383301,14.260000228881836,14.090000152587891,14.159999847412109,65600
2017-08-29,14.130000114440918,14.159999847412109,14.079999923706055,14.130000114440918,62900
2017-08-30,14.149999618530273,14.170000076293945,14.029999732971191,14.039999961853027,43200
2017-08-31,14.180000305175781,14.489999771118164,14.180000305175781,14.460000038146973,502400
2017-09-01,14.439999580383301,14.489999771118164,14.359999656677246,14.479999542236328,230300
2017-09-05,14.590000152587891,14.649999618530273,14.560000419616699,14.560000419616699,113000
2017-09-06,14.670000076293945,14.729999542236328,14.630000114440918,14.720000267028809,134000
2017-09-07,14.720000267028809,14.729999542236328,14.670000076293945,14.699999809265137,1041200
2017-09-08,14.689999580383301,14.710000038146973,14.460000038146973,14.489999771118164,195600
2017-09-11,14.430000305175781,14.539999961853027,14.390000343322754,14.510000228881836,294900
2017-09-12,14.520000457763672,14.579999923706055,14.489999771118164,14.560000419616699,118300
2017-09-13,14.550000190734863,14.710000038146973,14.550000190734863,14.710000038146973,241400
2017-09-14,14.770000457763672,14.859999656677246,14.680000305175781,14.710000038146973,250900
2017-09-15,14.75,14.829999923706055,14.75,14.779999732971191,631800
2017-09-18,14.789999961853027,14.789999961853027,14.689999580383301,14.779999732971191,99800
2017-09-19,14.810000419616699,14.810000419616699,14.659999847412109,14.720000267028809,120100
2017-09-20,14.800000190734863,14.939999580383301,14.800000190734863,14.909999847412109,121300
2017-09-21,14.869999885559082,14.880000114440918,14.779999732971191,14.869999885559082,64000
2017-09-22,14.810000419616699,14.899999618530273,14.810000419616699,14.899999618530273,91000
2017-09-25,14.949999809265137,15.140000343322754,14.949999809265137,15.119999885559082,120800
2017-09-26,15.069999694824219,15.069999694824219,14.960000038146973,15.010000228881836,130600
2017-09-27,15.050000190734863,15.050000190734863,14.960000038146973,15.029999732971191,174700
2017-09-28,15.090000152587891,15.109999656677246,14.920000076293945,14.989999771118164,144000
2017-09-29,14.970000267028809,14.979999542236328,14.890000343322754,14.899999618530273,1028500
2017-10-02,14.680000305175781,14.760000228881836,14.659999847412109,14.729999542236328,409800
2017-10-03,14.760000228881836,14.760000228881836,14.710000038146973,14.729999542236328,104300
2017-10-04,14.770000457763672,14.800000190734863,14.689999580383301,14.689999580383301,136800
2017-10-05,14.810000419616699,14.960000038146973,14.810000419616699,14.899999618530273,114100
2017-10-06,14.689999580383301,14.710000038146973,14.590000152587891,14.630000114440918,85300
2017-10-09,14.680000305175781,14.689999580383301,14.609999656677246,14.640000343322754,56300
2017-10-10,14.829999923706055,14.899999618530273,14.810000419616699,14.880000114440918,135600
2017-10-11,14.899999618530273,14.930000305175781,14.819999694824219,14.930000305175781,123900
2017-10-12,14.789999961853027,14.899999618530273,14.779999732971191,14.859999656677246,140200
2017-10-13,15.010000228881836,15.029999732971191,14.939999580383301,15.020000457763672,140900
2017-10-16,15.199999809265137,15.199999809265137,15.069999694824219,15.100000381469727,175800
2017-10-17,15.109999656677246,15.140000343322754,14.979999542236328,15.079999923706055,90900
2017-10-18,15.119999885559082,15.119999885559082,14.989999771118164,15.060000419616699,120800
2017-10-19,14.949999809265137,14.989999771118164,14.850000381469727,14.930000305175781,568400
2017-10-20,14.939999580383301,15.020000457763672,14.890000343322754,15.010000228881836,71900
2017-10-23,15.069999694824219,15.069999694824219,14.989999771118164,15.020000457763672,79900
2017-10-24,15,15.189999580383301,14.979999542236328,15.180000305175781,98200
2017-10-25,15.159999847412109,15.189999580383301,15.090000152587891,15.140000343322754,196800
2017-10-26,15.149999618530273,15.25,15.079999923706055,15.239999771118164,44100
2017-10-27,15.159999847412109,15.390000343322754,15.159999847412109,15.390000343322754,86800
2017-10-30,15.159999847412109,15.470000267028809,15.159999847412109,15.430000305175781,81500
2017-10-31,15.409999847412109,15.520000457763672,15.399999618530273,15.479999542236328,1473700
2017-11-01,15.560000419616699,15.640000343322754,15.430000305175781,15.479999542236328,2796000
2017-11-02,15.439999580383301,15.560000419616699,15.430000305175781,15.550000190734863,1039900
2017-11-03,15.600000381469727,15.720000267028809,15.5,15.710000038146973,123900
2017-11-06,15.75,16.069999694824219,15.720000267028809,16.040000915527344,475700
2017-11-07,15.989999771118164,15.989999771118164,15.880000114440918,15.930000305175781,409200
2017-11-08,15.880000114440918,16.040000915527344,15.829999923706055,15.869999885559082,139100
2017-11-09,15.949999809265137,15.989999771118164,15.880000114440918,15.899999618530273,619500
2017-11-10,15.909999847412109,15.949999809265137,15.810000419616699,15.859999656677246,107100
2017-11-13,15.859999656677246,15.899999618530273,15.800000190734863,15.800000190734863,89800
2017-11-14,15.760000228881836,15.779999732971191,15.510000228881836,15.550000190734863,432200
2017-11-15,15.489999771118164,15.579999923706055,15.470000267028809,15.550000190734863,83700
2017-11-16,15.529999732971191,15.579999923706055,15.460000038146973,15.489999771118164,118500
2017-11-17,15.590000152587891,15.75,15.590000152587891,15.729999542236328,125600
2017-11-20,15.619999885559082,15.640000343322754,15.520000457763672,15.630000114440918,58500
2017-11-21,15.609999656677246,15.729999542236328,15.609999656677246,15.720000267028809,74700
2017-11-22,15.729999542236328,15.880000114440918,15.729999542236328,15.859999656677246,278200
2017-11-24,15.989999771118164,15.989999771118164,15.859999656677246,15.930000305175781,44200
2017-11-27,15.890000343322754,15.930000305175781,15.800000190734863,15.869999885559082,95900
2017-11-28,15.789999961853027,15.869999885559082,15.789999961853027,15.859999656677246,141600
2017-11-29,15.810000419616699,15.899999618530273,15.680000305175781,15.760000228881836,70300
2017-11-30,15.819999694824219,15.840000152587891,15.630000114440918,15.680000305175781,165400
2017-12-01,15.810000419616699,15.970000267028809,15.810000419616699,15.869999885559082,164800
2017-12-04,15.75,15.75,15.630000114440918,15.649999618530273,235800
2017-12-05,15.600000381469727,15.680000305175781,15.579999923706055,15.649999618530273,81000
2017-12-06,15.569999694824219,15.569999694824219,15.310000419616699,15.329999923706055,164600
2017-12-07,15.319999694824219,15.409999847412109,15.310000419616699,15.399999618530273,131100
2017-12-08,15.539999961853027,15.579999923706055,15.439999580383301,15.539999961853027,97900
2017-12-11,15.569999694824219,15.670000076293945,15.539999961853027,15.609999656677246,129000
2017-12-12,15.649999618530273,15.659999847412109,15.399999618530273,15.489999771118164,131200
2017-12-13,15.510000228881836,15.520000457763672,15.359999656677246,15.399999618530273,426300
2017-12-14,15.329999923706055,15.5,15.310000419616699,15.5,221600
2017-12-15,15.560000419616699,15.560000419616699,15.479999542236328,15.529999732971191,146400
2017-12-18,15.600000381469727,15.649999618530273,15.5,15.569999694824219,188800
2017-12-19,15.619999885559082,15.659999847412109,15.569999694824219,15.630000114440918,182500
2017-12-20,15.680000305175781,15.75,15.649999618530273,15.75,220000
2017-12-21,15.710000038146973,15.819999694824219,15.699999809265137,15.800000190734863,79100
2017-12-22,15.789999961853027,15.880000114440918,15.75,15.850000381469727,115300
2017-12-26,15.970000267028809,16.190000534057617,15.920000076293945,16.129999160766602,169900
2017-12-27,16.129999160766602,16.190000534057617,16.129999160766602,16.170000076293945,371200
2017-12-28,16.229999542236328,16.270000457763672,16.200000762939453,16.270000457763672,261300
2017-12-29,16.329999923706055,16.379999160766602,16.280000686645508,16.280000686645508,1796600
2018-01-02,16.409999847412109,16.409999847412109,16.299999237060547,16.370000839233398,686400
2018-01-03,16.450000762939453,16.549999237060547,16.409999847412109,16.540000915527344,625500
2018-01-04,16.540000915527344,16.579999923706055,16.5,16.540000915527344,244000
2018-01-05,16.430000305175781,16.459999084472656,16.360000610351562,16.399999618530273,319200
2018-01-08,16.420000076293945,16.450000762939453,16.350000381469727,16.430000305175781,327500
2018-01-09,16.5,16.620000839233398,16.399999618530273,16.579999923706055,340300
2018-01-10,16.659999847412109,16.680000305175781,16.600000381469727,16.639999389648438,678700
2018-01-11,16.690000534057617,16.790000915527344,16.670000076293945,16.680000305175781,556700
2018-01-12,16.680000305175781,16.799999237060547,16.649999618530273,16.799999237060547,304000
2018-01-16,16.719999313354492,16.75,16.649999618530273,16.709999084472656,736300
2018-01-17,16.659999847412109,16.780000686645508,16.659999847412109,16.760000228881836,341000
2018-01-18,16.739999771118164,16.780000686645508,16.659999847412109,16.729999542236328,316700
2018-01-19,16.690000534057617,16.75,16.629999160766602,16.700000762939453,300000
2018-01-22,16.690000534057617,16.799999237060547,16.670000076293945,16.770000457763672,420100
2018-01-23,16.799999237060547,16.909999847412109,16.790000915527344,16.909999847412109,531200
2018-01-24,16.920000076293945,17.129999160766602,16.899999618530273,17.120000839233398,543200
2018-01-25,17.180000305175781,17.219999313354492,16.969999313354492,16.989999771118164,390900
2018-01-26,17.040000915527344,17.190000534057617,17.020000457763672,17.159999847412109,336900
2018-01-29,17.069999694824219,17.090000152587891,16.979999542236328,17.040000915527344,288200
2018-01-30,16.979999542236328,16.979999542236328,16.850000381469727,16.879999160766602,309800
2018-01-31,16.870000839233398,16.920000076293945,16.770000457763672,16.889999389648438,428900
2018-02-01,16.959999084472656,17.110000610351562,16.899999618530273,17.100000381469727,1685300
2018-02-02,16.950000762939453,16.950000762939453,16.770000457763672,16.870000839233398,819900
2018-02-05,16.770000457763672,17.040000915527344,16.600000381469727,17.040000915527344,380500
2018-02-06,16.549999237060547,16.680000305175781,16.5,16.559999465942383,1212200
2018-02-07,16.549999237060547,16.620000839233398,16.200000762939453,16.25,690700
2018-02-08,16.280000686645508,16.309999465942383,16.059999465942383,16.069999694824219,183300
2018-02-09,16,16.030000686645508,15.649999618530273,15.800000190734863,888800
2018-02-12,15.930000305175781,16,15.859999656677246,15.880000114440918,1101200
2018-02-13,15.819999694824219,15.930000305175781,15.770000457763672,15.909999847412109,456700
2018-02-14,15.829999923706055,16.200000762939453,15.760000228881836,16.170000076293945,818500
2018-02-15,16.110000610351562,16.290000915527344,15.989999771118164,16.280000686645508,1339100
2018-02-16,16.239999771118164,16.360000610351562,16.200000762939453,16.309999465942383,848900
2018-02-20,16.350000381469727,16.430000305175781,16.290000915527344,16.309999465942383,2576300
2018-02-21,16.280000686645508,16.379999160766602,16.25,16.270000457763672,3040100
2018-02-22,16.340000152587891,16.530000686645508,16.299999237060547,16.469999313354492,1498600
2018-02-23,16.5,16.629999160766602,16.459999084472656,16.629999160766602,587600
2018-02-26,16.629999160766602,16.75,16.569999694824219,16.709999084472656,1493800
2018-02-27,16.690000534057617,16.690000534057617,16.520000457763672,16.530000686645508,273600
2018-02-28,16.559999465942383,16.610000610351562,16.270000457763672,16.270000457763672,295700
2018-03-01,16.200000762939453,16.309999465942383,16.059999465942383,16.309999465942383,922700
2018-03-02,16.190000534057617,16.299999237060547,16.079999923706055,16.290000915527344,328700
2018-03-05,16.229999542236328,16.489999771118164,16.200000762939453,16.479999542236328,389200
2018-03-06,16.540000915527344,16.540000915527344,16.430000305175781,16.450000762939453,1222500
2018-03-07,16.399999618530273,16.450000762939453,16.159999847412109,16.260000228881836,121300
2018-03-08,16.229999542236328,16.290000915527344,16.069999694824219,16.129999160766602,474200
2018-03-09,16.209999084472656,16.360000610351562,16.170000076293945,16.340000152587891,174100
2018-03-12,16.280000686645508,16.290000915527344,16.120000839233398,16.219999313354492,574500
2018-03-13,16.200000762939453,16.350000381469727,16.129999160766602,16.180000305175781,176000
2018-03-14,16.219999313354492,16.270000457763672,16.120000839233398,16.200000762939453,155300
2018-03-15,16.239999771118164,16.280000686645508,16.180000305175781,16.229999542236328,156700
2018-03-16,16.209999084472656,16.370000839233398,16.170000076293945,16.340000152587891,217700
2018-03-19,16.290000915527344,16.319999694824219,16.139999389648438,16.229999542236328,199900
2018-03-20,16.370000839233398,16.469999313354492,16.340000152587891,16.389999389648438,514300
2018-03-21,16.530000686645508,16.75,16.5,16.719999313354492,322600
2018-03-22,16.579999923706055,16.600000381469727,16.510000228881836,16.520000457763672,675300
2018-03-23,16.610000610351562,16.75,16.579999923706055,16.719999313354492,281200
2018-03-26,16.709999084472656,16.739999771118164,16.629999160766602,16.680000305175781,170900
2018-03-27,16.729999542236328,16.75,16.569999694824219,16.590000152587891,321000
2018-03-28,16.540000915527344,16.620000839233398,16.440000534057617,16.559999465942383,383800
2018-03-29,16.540000915527344,16.719999313354492,16.520000457763672,16.649999618530273,1037900
2018-04-02,16.600000381469727,16.600000381469727,16.350000381469727,16.379999160766602,715900
2018-04-03,16.450000762939453,16.5,16.399999618530273,16.440000534057617,219700
2018-04-04,16.110000610351562,16.450000762939453,16.020000457763672,16.430000305175781,421500
2018-04-05,16.430000305175781,16.530000686645508,16.389999389648438,16.5,166500
2018-04-06,16.489999771118164,16.549999237060547,16.260000228881836,16.299999237060547,259200
2018-04-09,16.450000762939453,16.610000610351562,16.450000762939453,16.569999694824219,239100
2018-04-10,16.770000457763672,16.979999542236328,16.770000457763672,16.959999084472656,330800
2018-04-11,16.979999542236328,17.219999313354492,16.969999313354492,17.079999923706055,413700
2018-04-12,17,17.159999847412109,16.979999542236328,17.149999618530273,2194300
2018-04-13,17.170000076293945,17.219999313354492,17.139999389648438,17.180000305175781,267100
2018-04-16,17.170000076293945,17.190000534057617,17.040000915527344,17.079999923706055,365000
2018-04-17,17.020000457763672,17.090000152587891,16.959999084472656,17.069999694824219,215400
2018-04-18,17.340000152587891,17.5,17.299999237060547,17.469999313354492,446600
2018-04-19,17.520000457763672,17.549999237060547,17.360000610351562,17.389999389648438,401300
2018-04-20,17.280000686645508,17.430000305175781,17.229999542236328,17.379999160766602,308100
2018-04-23,17.229999542236328,17.450000762939453,17.190000534057617,17.440000534057617,1824500
2018-04-24,17.379999160766602,17.489999771118164,17.239999771118164,17.270000457763672,225400
2018-04-25,17.260000228881836,17.340000152587891,17.200000762939453,17.329999923706055,198300
2018-04-26,17.440000534057617,17.440000534057617,17.319999694824219,17.399999618530273,341800
2018-04-27,17.360000610351562,17.399999618530273,17.299999237060547,17.370000839233398,2264000
2018-04-30,17.290000915527344,17.569999694824219,17.270000457763672,17.420000076293945,2999800
2018-05-01,17.379999160766602,17.379999160766602,17.209999084472656,17.309999465942383,1085300
2018-05-02,17.270000457763672,17.389999389648438,17.229999542236328,17.329999923706055,466200
2018-05-03,17.280000686645508,17.450000762939453,17.239999771118164,17.450000762939453,1698600
2018-05-04,17.420000076293945,17.649999618530273,17.420000076293945,17.620000839233398,281300
2018-05-07,17.709999084472656,17.760000228881836,17.559999465942383,17.600000381469727,350300
2018-05-08,17.680000305175781,17.719999313354492,17.280000686645508,17.649999618530273,520900
2018-05-09,17.760000228881836,17.889999389648438,17.739999771118164,17.850000381469727,303600
2018-05-10,17.860000610351562,17.930000305175781,17.760000228881836,17.909999847412109,566000
2018-05-11,17.879999160766602,17.879999160766602,17.770000457763672,17.780000686645508,282500
2018-05-14,17.799999237060547,17.909999847412109,17.799999237060547,17.909999847412109,240000
2018-05-15,17.879999160766602,17.950000762939453,17.780000686645508,17.899999618530273,245600
2018-05-16,17.860000610351562,18,17.840000152587891,17.979999542236328,387100
2018-05-17,18.030000686645508,18.159999847412109,17.989999771118164,18.030000686645508,242700
2018-05-18,18.020000457763672,18.079999923706055,17.959999084472656,17.979999542236328,241500
2018-05-21,18.049999237060547,18.159999847412109,18,18.149999618530273,216600
2018-05-22,18.229999542236328,18.309999465942383,18.139999389648438,18.159999847412109,288600
2018-05-23,18.129999160766602,18.209999084472656,18.030000686645508,18.180000305175781,187800
2018-05-24,18.229999542236328,18.229999542236328,18.059999465942383,18.069999694824219,235200
2018-05-25,17.840000152587891,17.840000152587891,17.659999847412109,17.719999313354492,410200
2018-05-29,17.600000381469727,17.709999084472656,17.440000534057617,17.540000915527344,1970100
2018-05-30,17.579999923706055,17.829999923706055,17.579999923706055,17.829999923706055,403600
2018-05-31,17.790000915527344,17.889999389648438,17.620000839233398,17.690000534057617,732100
2018-06-01,17.569999694824219,17.610000610351562,17.5,17.510000228881836,610500
2018-06-04,17.479999542236328,17.5,17.290000915527344,17.319999694824219,589200
2018-06-05,17.200000762939453,17.370000839233398,17.180000305175781,17.350000381469727,441800
2018-06-06,17.350000381469727,17.420000076293945,17.260000228881836,17.389999389648438,555300
2018-06-07,17.489999771118164,17.559999465942383,17.450000762939453,17.549999237060547,427100
2018-06-08,17.469999313354492,17.569999694824219,17.440000534057617,17.520000457763672,246400
2018-06-11,17.399999618530273,17.549999237060547,17.399999618530273,17.479999542236328,792700
2018-06-12,17.459999084472656,17.559999465942383,17.450000762939453,17.510000228881836,181600
2018-06-13,17.479999542236328,17.600000381469727,17.450000762939453,17.590000152587891,332600
2018-06-14,17.559999465942383,17.559999465942383,17.389999389648438,17.430000305175781,180400
2018-06-15,17.309999465942383,17.309999465942383,17.020000457763672,17.030000686645508,450200
2018-06-18,17.090000152587891,17.219999313354492,17.049999237060547,17.190000534057617,347100
2018-06-19,16.959999084472656,17.040000915527344,16.870000839233398,17.030000686645508,864700
2018-06-20,17.129999160766602,17.129999160766602,16.940000534057617,17.030000686645508,435900
2018-06-21,16.909999847412109,17.040000915527344,16.889999389648438,16.969999313354492,306000
2018-06-22,17.280000686645508,17.399999618530273,17.149999618530273,17.399999618530273,307200
2018-06-25,17.270000457763672,17.270000457763672,17.090000152587891,17.139999389648438,255500
2018-06-26,17.200000762939453,17.440000534057617,17.100000381469727,17.399999618530273,377100
2018-06-27,17.569999694824219,17.739999771118164,17.559999465942383,17.629999160766602,666100
2018-06-28,17.670000076293945,17.809999465942383,17.659999847412109,17.670000076293945,173700
2018-06-29,17.790000915527344,17.959999084472656,17.790000915527344,17.909999847412109,796500
2018-07-02,17.850000381469727,17.850000381469727,17.639999389648438,17.659999847412109,542900
2018-07-03,17.819999694824219,17.860000610351562,17.540000915527344,17.659999847412109,307000
2018-07-05,17.620000839233398,17.780000686645508,17.569999694824219,17.629999160766602,419600
2018-07-06,17.520000457763672,17.700000762939453,17.479999542236328,17.680000305175781,339400
2018-07-09,17.729999542236328,17.770000457763672,17.639999389648438,17.760000228881836,256600
2018-07-10,17.790000915527344,17.860000610351562,17.680000305175781,17.75,564700
2018-07-11,17.590000152587891,17.590000152587891,16.950000762939453,17.030000686645508,471900
2018-07-12,17.040000915527344,17.139999389648438,16.899999618530273,17.120000839233398,395300
2018-07-13,17.100000381469727,17.299999237060547,17.090000152587891,17.180000305175781,367700
2018-07-16,16.969999313354492,16.969999313354492,16.709999084472656,16.780000686645508,392500
2018-07-17,16.729999542236328,16.860000610351562,16.690000534057617,16.790000915527344,510800
2018-07-18,16.729999542236328,16.940000534057617,16.680000305175781,16.899999618530273,279700
2018-07-19,16.850000381469727,17.020000457763672,16.809999465942383,16.899999618530273,239800
2018-07-20,16.969999313354492,17.040000915527344,16.930000305175781,16.989999771118164,260700
2018-07-23,17.100000381469727,17.149999618530273,16.959999084472656,17.020000457763672,384900
2018-07-24,17.020000457763672,17.209999084472656,17.020000457763672,17.100000381469727,182100
2018-07-25,17.209999084472656,17.340000152587891,17.129999160766602,17.340000152587891,182000
2018-07-26,17.309999465942383,17.399999618530273,17.290000915527344,17.350000381469727,218500
2018-07-27,17.360000610351562,17.389999389648438,17.200000762939453,17.280000686645508,139700
2018-07-30,17.409999847412109,17.5,17.389999389648438,17.409999847412109,118300
2018-07-31,17.399999618530273,17.399999618530273,17.25,17.260000228881836,430900
2018-08-01,17.059999465942383,17.149999618530273,16.959999084472656,17.030000686645508,1292700
2018-08-02,16.979999542236328,17.219999313354492,16.950000762939453,17.180000305175781,574400
2018-08-03,17.159999847412109,17.239999771118164,17.090000152587891,17.200000762939453,412400
2018-08-06,17.219999313354492,17.370000839233398,17.209999084472656,17.229999542236328,537500
2018-08-07,17.340000152587891,17.399999618530273,17.299999237060547,17.309999465942383,456100
2018-08-08,17.270000457763672,17.270000457763672,16.950000762939453,17.010000228881836,660100
2018-08-09,17.059999465942383,17.110000610351562,16.959999084472656,16.969999313354492,434800
2018-08-10,17.020000457763672,17.159999847412109,16.989999771118164,17.020000457763672,492400
2018-08-13,16.940000534057617,16.989999771118164,16.700000762939453,16.950000762939453,293700
2018-08-14,17.110000610351562,17.110000610351562,16.889999389648438,16.940000534057617,290800
2018-08-15,16.780000686645508,16.780000686645508,16.489999771118164,16.559999465942383,481000
2018-08-16,16.649999618530273,16.709999084472656,16.620000839233398,16.700000762939453,265100
2018-08-17,16.829999923706055,16.879999160766602,16.709999084472656,16.819999694824219,143100
2018-08-20,16.829999923706055,16.879999160766602,16.780000686645508,16.829999923706055,240800
2018-08-21,16.940000534057617,16.969999313354492,16.850000381469727,16.889999389648438,281900
2018-08-22,17.079999923706055,17.170000076293945,16.979999542236328,17.129999160766602,227500
2018-08-23,17.090000152587891,17.120000839233398,17.020000457763672,17.079999923706055,202300
2018-08-24,17.309999465942383,17.350000381469727,17.190000534057617,17.239999771118164,136100
2018-08-27,17.270000457763672,17.319999694824219,17.25,17.319999694824219,134100
2018-08-28,17.360000610351562,17.379999160766602,17.200000762939453,17.229999542236328,129400
2018-08-29,17.329999923706055,17.459999084472656,17.270000457763672,17.459999084472656,191000
2018-08-30,17.479999542236328,17.5,17.399999618530273,17.440000534057617,105300
2018-08-31,17.489999771118164,17.540000915527344,17.430000305175781,17.440000534057617,373200
2018-09-04,17.520000457763672,17.530000686645508,17.309999465942383,17.360000610351562,537200
2018-09-05,17.340000152587891,17.379999160766602,17.229999542236328,17.260000228881836,179800
2018-09-06,17.299999237060547,17.309999465942383,17,17.139999389648438,270600
2018-09-07,17.030000686645508,17.190000534057617,17.010000228881836,17.190000534057617,95400
2018-09-10,17.290000915527344,17.319999694824219,17.170000076293945,17.200000762939453,167400
2018-09-11,17.209999084472656,17.420000076293945,17.170000076293945,17.399999618530273,119000
2018-09-12,17.479999542236328,17.639999389648438,17.479999542236328,17.510000228881836,292000
2018-09-13,17.450000762939453,17.459999084472656,17.239999771118164,17.309999465942383,289400
2018-09-14,17.299999237060547,17.409999847412109,17.170000076293945,17.280000686645508,156100
2018-09-17,17.340000152587891,17.379999160766602,17.209999084472656,17.239999771118164,146100
2018-09-18,17.409999847412109,17.520000457763672,17.340000152587891,17.430000305175781,169100
2018-09-19,17.450000762939453,17.579999923706055,17.399999618530273,17.569999694824219,166900
2018-09-20,17.629999160766602,17.629999160766602,17.489999771118164,17.549999237060547,141800
2018-09-21,17.729999542236328,17.780000686645508,17.530000686645508,17.629999160766602,228600
2018-09-24,17.829999923706055,17.940000534057617,17.819999694824219,17.889999389648438,256100
2018-09-25,17.989999771118164,18,17.899999618530273,17.950000762939453,110800
2018-09-26,17.870000839233398,17.950000762939453,17.829999923706055,17.829999923706055,163500
2018-09-27,17.909999847412109,17.940000534057617,17.850000381469727,17.930000305175781,221400
2018-09-28,17.940000534057617,18.180000305175781,17.940000534057617,18.110000610351562,876500
2018-10-01,18.120000839233398,18.530000686645508,18.120000839233398,18.5,787900
2018-10-02,18.530000686645508,18.579999923706055,18.479999542236328,18.530000686645508,502700
2018-10-03,18.540000915527344,18.809999465942383,18.430000305175781,18.719999313354492,594000
2018-10-04,18.709999084472656,18.709999084472656,18.360000610351562,18.459999084472656,252000
2018-10-05,18.420000076293945,18.520000457763672,18.370000839233398,18.420000076293945,532900
2018-10-08,18.290000915527344,18.399999618530273,18.25,18.389999389648438,283400
2018-10-09,18.469999313354492,18.549999237060547,18.340000152587891,18.520000457763672,415600
2018-10-10,18.469999313354492,18.469999313354492,18.120000839233398,18.129999160766602,765000
2018-10-11,18,18.030000686645508,17.780000686645508,17.829999923706055,569000
2018-10-12,17.969999313354492,18.010000228881836,17.780000686645508,17.940000534057617,493100
2018-10-15,17.989999771118164,18.059999465942383,17.889999389648438,18.020000457763672,416200
2018-10-16,18,18.149999618530273,17.950000762939453,18.079999923706055,3052000
2018-10-17,18.010000228881836,18.010000228881836,17.770000457763672,17.860000610351562,316500
2018-10-18,17.659999847412109,17.760000228881836,17.610000610351562,17.620000839233398,420400
2018-10-19,17.780000686645508,17.840000152587891,17.690000534057617,17.75,398600
2018-10-22,17.709999084472656,17.780000686645508,17.610000610351562,17.780000686645508,208600
2018-10-23,17.5,17.520000457763672,17.209999084472656,17.309999465942383,419000
2018-10-24,17.399999618530273,17.469999313354492,17.219999313354492,17.239999771118164,688300
2018-10-25,17.319999694824219,17.420000076293945,17.290000915527344,17.329999923706055,468500
2018-10-26,17.25,17.530000686645508,17.219999313354492,17.5,463400
2018-10-29,17.420000076293945,17.450000762939453,17.25,17.280000686645508,438400
2018-10-30,17.139999389648438,17.280000686645508,17.090000152587891,17.180000305175781,446400
2018-10-31,17.149999618530273,17.239999771118164,16.979999542236328,16.989999771118164,1001600
2018-11-01,17.069999694824219,17.090000152587891,16.770000457763672,16.819999694824219,1181300
2018-11-02,16.799999237060547,16.889999389648438,16.729999542236328,16.799999237060547,823700
2018-11-05,16.959999084472656,17,16.790000915527344,16.799999237060547,292100
2018-11-06,16.840000152587891,16.879999160766602,16.569999694824219,16.700000762939453,371400
2018-11-07,16.799999237060547,16.819999694824219,16.590000152587891,16.680000305175781,723600
2018-11-08,16.610000610351562,16.659999847412109,16.469999313354492,16.5,468900
2018-11-09,16.309999465942383,16.450000762939453,16.229999542236328,16.350000381469727,372200
2018-11-12,16.479999542236328,16.579999923706055,16.25,16.280000686645508,3536500
2018-11-13,16.219999313354492,16.280000686645508,15.710000038146973,15.770000457763672,2130100
2018-11-14,16.069999694824219,16.209999084472656,16.010000228881836,16.100000381469727,1132200
2018-11-15,16.079999923706055,16.139999389648438,15.939999580383301,15.949999809265137,844800
2018-11-16,16.170000076293945,16.280000686645508,15.949999809265137,16.139999389648438,567100
2018-11-19,16.020000457763672,16.229999542236328,15.890000343322754,16.170000076293945,483900
2018-11-20,15.930000305175781,16,15.409999847412109,15.539999961853027,1056900
2018-11-21,15.680000305175781,15.899999618530273,15.630000114440918,15.659999847412109,747200
2018-11-23,15.159999847412109,15.210000038146973,15.029999732971191,15.140000343322754,1000100
2018-11-26,15.140000343322754,15.229999542236328,15.119999885559082,15.170000076293945,1533800
2018-11-27,15.159999847412109,15.220000267028809,14.930000305175781,15.119999885559082,1944800
2018-11-28,15.100000381469727,15.239999771118164,15,15.029999732971191,1256700
2018-11-29,15.140000343322754,15.279999732971191,15.069999694824219,15.170000076293945,757900
2018-11-30,15,15.210000038146973,14.890000343322754,15.109999656677246,4986400
2018-12-03,15.489999771118164,15.520000457763672,15.310000419616699,15.460000038146973,997700
2018-12-04,15.539999961853027,15.609999656677246,15.449999809265137,15.460000038146973,2336800
2018-12-06,15.460000038146973,15.460000038146973,14.970000267028809,15.25,1335600
2018-12-07,15.600000381469727,15.729999542236328,15.430000305175781,15.470000267028809,783600
2018-12-10,15.300000190734863,15.380000114440918,15.130000114440918,15.170000076293945,515900
2018-12-11,15.359999656677246,15.380000114440918,15.170000076293945,15.25,524000
2018-12-12,15.300000190734863,15.380000114440918,15.130000114440918,15.140000343322754,486700
2018-12-13,15.130000114440918,15.430000305175781,15.090000152587891,15.390000343322754,488400
2018-12-14,15.279999732971191,15.279999732971191,15.060000419616699,15.090000152587891,580500
2018-12-17,15.100000381469727,15.119999885559082,14.760000228881836,14.789999961853027,621000
2018-12-18,14.760000228881836,14.789999961853027,14.340000152587891,14.399999618530273,878900
2018-12-19,14.460000038146973,14.649999618530273,14.420000076293945,14.470000267028809,748500
2018-12-20,14.390000343322754,14.479999542236328,14.199999809265137,14.270000457763672,695400
2018-12-21,14.109999656677246,14.210000038146973,14.050000190734863,14.100000381469727,1322500
2018-12-24,14.020000457763672,14.060000419616699,13.850000381469727,13.859999656677246,660800
2018-12-26,13.689999580383301,14.289999961853027,13.5,14.270000457763672,1063700
2018-12-27,14.010000228881836,14.079999923706055,13.890000343322754,14.069999694824219,953400
2018-12-28,13.939999580383301,14.029999732971191,13.859999656677246,13.970000267028809,1564700
2018-12-31,14.020000457763672,14.029999732971191,13.819999694824219,14.020000457763672,3032500
2019-01-02,13.819999694824219,14.319999694824219,13.779999732971191,14.090000152587891,713100
2019-01-03,14.229999542236328,14.239999771118164,13.970000267028809,14.239999771118164,523800
2019-01-04,14.449999809265137,14.590000152587891,14.359999656677246,14.449999809265137,446400
2019-01-07,14.529999732971191,14.699999809265137,14.489999771118164,14.510000228881836,343400
2019-01-08,14.649999618530273,14.739999771118164,14.590000152587891,14.699999809265137,280600
2019-01-09,14.939999580383301,15.130000114440918,14.840000152587891,15.109999656677246,647800
2019-01-10,15,15.130000114440918,14.949999809265137,15.100000381469727,1328000
2019-01-11,15.050000190734863,15.100000381469727,14.920000076293945,15.010000228881836,336000
2019-01-14,14.949999809265137,15.039999961853027,14.840000152587891,14.869999885559082,360700
2019-01-15,14.989999771118164,15.069999694824219,14.949999809265137,15.029999732971191,279200
2019-01-16,15.079999923706055,15.119999885559082,14.979999542236328,15.100000381469727,464700
2019-01-17,15.010000228881836,15.170000076293945,14.920000076293945,15.140000343322754,1538500
2019-01-18,15.170000076293945,15.359999656677246,15.119999885559082,15.319999694824219,1017200
2019-01-22,15.140000343322754,15.170000076293945,14.989999771118164,15.130000114440918,3206600
2019-01-23,15.189999580383301,15.199999809265137,14.970000267028809,15.100000381469727,1812600
2019-01-24,15.069999694824219,15.170000076293945,15.050000190734863,15.140000343322754,458400
2019-01-25,15.149999618530273,15.239999771118164,15.109999656677246,15.220000267028809,515800
2019-01-28,14.949999809265137,14.960000038146973,14.840000152587891,14.920000076293945,1408400
2019-01-29,15.060000419616699,15.199999809265137,15.060000419616699,15.130000114440918,1973800
2019-01-30,15.270000457763672,15.350000381469727,15.210000038146973,15.270000457763672,1281000
2019-01-31,15.380000114440918,15.420000076293945,15.119999885559082,15.189999580383301,2975600
2019-02-01,15.210000038146973,15.409999847412109,15.210000038146973,15.399999618530273,1481600
2019-02-04,15.239999771118164,15.380000114440918,15.119999885559082,15.369999885559082,1040000
2019-02-05,15.25,15.359999656677246,15.220000267028809,15.270000457763672,656400
2019-02-06,15.180000305175781,15.350000381469727,15.159999847412109,15.300000190734863,1071700
2019-02-07,15.239999771118164,15.260000228881836,14.960000038146973,15.090000152587891,1012300
2019-02-08,15.170000076293945,15.170000076293945,15.029999732971191,15.130000114440918,530200
2019-02-11,15,15.069999694824219,14.909999847412109,15.039999961853027,755400
2019-02-12,15.260000228881836,15.279999732971191,15.130000114440918,15.159999847412109,340000
2019-02-13,15.25,15.350000381469727,15.25,15.300000190734863,415900
2019-02-14,15.260000228881836,15.380000114440918,15.199999809265137,15.380000114440918,464700
2019-02-15,15.520000457763672,15.659999847412109,15.489999771118164,15.659999847412109,893000
2019-02-19,15.579999923706055,15.659999847412109,15.539999961853027,15.640000343322754,295200
2019-02-20,15.579999923706055,15.800000190734863,15.579999923706055,15.739999771118164,323400
2019-02-21,15.800000190734863,15.800000190734863,15.720000267028809,15.789999961853027,353900
2019-02-22,15.899999618530273,15.899999618530273,15.800000190734863,15.819999694824219,425500
2019-02-25,15.680000305175781,15.689999580383301,15.470000267028809,15.5,578700
2019-02-26,15.510000228881836,15.600000381469727,15.5,15.579999923706055,465500
2019-02-27,15.659999847412109,15.789999961853027,15.630000114440918,15.739999771118164,712100
2019-02-28,15.75,15.789999961853027,15.670000076293945,15.720000267028809,593800
2019-03-01,15.720000267028809,15.760000228881836,15.460000038146973,15.539999961853027,530000
2019-03-04,15.659999847412109,15.729999542236328,15.520000457763672,15.609999656677246,461400
2019-03-05,15.699999809265137,15.699999809265137,15.579999923706055,15.659999847412109,273500
2019-03-06,15.630000114440918,15.640000343322754,15.510000228881836,15.590000152587891,294000
2019-03-07,15.630000114440918,15.659999847412109,15.569999694824219,15.609999656677246,339700
2019-03-08,15.369999885559082,15.569999694824219,15.289999961853027,15.569999694824219,239100
2019-03-11,15.649999618530273,15.659999847412109,15.560000419616699,15.630000114440918,345400
2019-03-12,15.720000267028809,15.75,15.630000114440918,15.680000305175781,371200
2019-03-13,15.760000228881836,15.880000114440918,15.760000228881836,15.869999885559082,345300
2019-03-14,15.890000343322754,15.930000305175781,15.840000152587891,15.850000381469727,234700
2019-03-15,15.729999542236328,15.899999618530273,15.729999542236328,15.869999885559082,256000
2019-03-18,15.949999809265137,15.989999771118164,15.869999885559082,15.989999771118164,480400
2019-03-19,16.030000686645508,16.059999465942383,15.909999847412109,15.970000267028809,478200
2019-03-20,16,16.180000305175781,15.970000267028809,16.180000305175781,424500
2019-03-21,16.110000610351562,16.159999847412109,16.059999465942383,16.100000381469727,320900
2019-03-22,15.989999771118164,16.020000457763672,15.840000152587891,15.939999580383301,361100
2019-03-25,15.920000076293945,16.040000915527344,15.850000381469727,15.979999542236328,732200
2019-03-26,16.110000610351562,16.139999389648438,16.040000915527344,16.079999923706055,367200
2019-03-27,16.079999923706055,16.079999923706055,15.880000114440918,15.970000267028809,409400
2019-03-28,15.789999961853027,15.939999580383301,15.789999961853027,15.930000305175781,423400
2019-03-29,16.069999694824219,16.079999923706055,15.930000305175781,15.949999809265137,2559900
2019-04-01,16.049999237060547,16.190000534057617,16.049999237060547,16.180000305175781,1046100
2019-04-02,16.180000305175781,16.309999465942383,16.170000076293945,16.299999237060547,289700
2019-04-03,16.299999237060547,16.340000152587891,16.239999771118164,16.329999923706055,1149200
2019-04-04,16.319999694824219,16.420000076293945,16.260000228881836,16.329999923706055,255200
2019-04-05,16.329999923706055,16.479999542236328,16.329999923706055,16.469999313354492,346000
2019-04-08,16.520000457763672,16.600000381469727,16.520000457763672,16.600000381469727,444400
2019-04-09,16.579999923706055,16.579999923706055,16.479999542236328,16.520000457763672,293300
2019-04-10,16.579999923706055,16.680000305175781,16.559999465942383,16.639999389648438,291300
2019-04-11,16.600000381469727,16.629999160766602,16.469999313354492,16.530000686645508,307100
2019-04-12,16.620000839233398,16.659999847412109,16.559999465942383,16.620000839233398,277300
2019-04-15,16.530000686645508,16.569999694824219,16.489999771118164,16.549999237060547,255700
2019-04-16,16.5,16.579999923706055,16.440000534057617,16.569999694824219,469100
2019-04-17,16.579999923706055,16.600000381469727,16.479999542236328,16.489999771118164,7465000
2019-04-18,16.549999237060547,16.549999237060547,16.459999084472656,16.549999237060547,167200
2019-04-22,16.729999542236328,16.829999923706055,16.719999313354492,16.760000228881836,346900
2019-04-23,16.760000228881836,16.819999694824219,16.739999771118164,16.790000915527344,259400
2019-04-24,16.780000686645508,16.790000915527344,16.680000305175781,16.690000534057617,622000
2019-04-25,16.690000534057617,16.709999084472656,16.569999694824219,16.590000152587891,536400
2019-04-26,16.5,16.5,16.229999542236328,16.309999465942383,841700
2019-04-29,16.350000381469727,16.389999389648438,16.280000686645508,16.350000381469727,379800
2019-04-30,16.469999313354492,16.469999313354492,16.319999694824219,16.389999389648438,1529300
2019-05-01,16.420000076293945,16.420000076293945,16.270000457763672,16.399999618530273,992200
2019-05-02,16.229999542236328,16.229999542236328,16.049999237060547,16.139999389648438,318900
2019-05-03,16.209999084472656,16.290000915527344,16.170000076293945,16.170000076293945,276000
2019-05-06,16.069999694824219,16.270000457763672,16.049999237060547,16.25,253900
2019-05-07,16.030000686645508,16.069999694824219,15.899999618530273,15.960000038146973,179200
2019-05-08,15.979999542236328,16.110000610351562,15.960000038146973,16.040000915527344,139400
2019-05-09,15.970000267028809,16,15.850000381469727,15.960000038146973,330300
2019-05-10,15.960000038146973,16.059999465942383,15.960000038146973,16.010000228881836,540400
2019-05-13,16.180000305175781,16.200000762939453,15.850000381469727,15.859999656677246,138700
2019-05-14,16.020000457763672,16.149999618530273,16.020000457763672,16.090000152587891,307600
2019-05-15,16.090000152587891,16.280000686645508,16.090000152587891,16.239999771118164,258700
2019-05-16,16.370000839233398,16.469999313354492,16.360000610351562,16.440000534057617,169600
2019-05-17,16.389999389648438,16.440000534057617,16.280000686645508,16.309999465942383,86200
2019-05-20,16.370000839233398,16.450000762939453,16.309999465942383,16.340000152587891,128600
2019-05-21,16.379999160766602,16.399999618530273,16.299999237060547,16.340000152587891,89200
2019-05-22,16.239999771118164,16.270000457763672,16.030000686645508,16.049999237060547,217600
2019-05-23,15.800000190734863,15.800000190734863,15.529999732971191,15.619999885559082,402000
2019-05-24,15.760000228881836,15.800000190734863,15.590000152587891,15.800000190734863,341600
2019-05-28,15.979999542236328,15.989999771118164,15.869999885559082,15.899999618530273,5417100
2019-05-29,15.840000152587891,15.899999618530273,15.659999847412109,15.859999656677246,325300
2019-05-30,15.869999885559082,15.880000114440918,15.520000457763672,15.560000419616699,476200
2019-05-31,15.300000190734863,15.369999885559082,14.970000267028809,15.010000228881836,2581800
2019-06-03,15.140000343322754,15.159999847412109,14.880000114440918,14.899999618530273,464200
2019-06-04,14.949999809265137,15.060000419616699,14.880000114440918,15.050000190734863,271200
2019-06-05,14.939999580383301,14.939999580383301,14.590000152587891,14.729999542236328,412300
2019-06-06,14.739999771118164,15,14.680000305175781,15,892300
2019-06-07,14.899999618530273,15.109999656677246,14.880000114440918,15.039999961853027,622300
2019-06-10,15,15.119999885559082,14.949999809265137,15,383900
2019-06-11,15.029999732971191,15.100000381469727,14.970000267028809,15.060000419616699,660600
2019-06-12,14.899999618530273,14.949999809265137,14.710000038146973,14.739999771118164,433300
2019-06-13,15.069999694824219,15.069999694824219,14.869999885559082,14.949999809265137,372700
2019-06-14,15.010000228881836,15.090000152587891,14.960000038146973,15.029999732971191,560800
2019-06-17,14.979999542236328,15.039999961853027,14.899999618530273,14.939999580383301,312200
2019-06-18,15,15.25,14.989999771118164,15.180000305175781,534200
2019-06-19,15.060000419616699,15.199999809265137,15.050000190734863,15.189999580383301,410300
2019-06-20,15.460000038146973,15.579999923706055,15.430000305175781,15.529999732971191,232200
2019-06-21,15.579999923706055,15.630000114440918,15.550000190734863,15.600000381469727,3301600
2019-06-24,15.619999885559082,15.659999847412109,15.5,15.640000343322754,177600
2019-06-25,15.710000038146973,15.760000228881836,15.640000343322754,15.670000076293945,3311200
2019-06-26,15.850000381469727,16,15.829999923706055,15.880000114440918,637400
2019-06-27,15.909999847412109,15.939999580383301,15.859999656677246,15.880000114440918,272000
2019-06-28,15.930000305175781,15.949999809265137,15.600000381469727,15.649999618530273,4183700
2019-07-01,15.920000076293945,15.920000076293945,15.600000381469727,15.720000267028809,454000
2019-07-02,15.649999618530273,15.689999580383301,15.289999961853027,15.329999923706055,830700
2019-07-03,15.449999809265137,15.5,15.390000343322754,15.489999771118164,352100
2019-07-05,15.529999732971191,15.619999885559082,15.520000457763672,15.609999656677246,306300
2019-07-08,15.659999847412109,15.729999542236328,15.539999961853027,15.539999961853027,250400
2019-07-09,15.510000228881836,15.640000343322754,15.489999771118164,15.640000343322754,212200
2019-07-10,15.899999618530273,16.100000381469727,15.890000343322754,16.069999694824219,289100
2019-07-11,16.100000381469727,16.149999618530273,16.030000686645508,16.100000381469727,315200
2019-07-12,16.090000152587891,16.159999847412109,16.059999465942383,16.139999389648438,207800
2019-07-15,16.149999618530273,16.149999618530273,15.920000076293945,15.939999580383301,230500
2019-07-16,15.949999809265137,16.020000457763672,15.579999923706055,15.729999542236328,325800
2019-07-17,15.789999961853027,15.789999961853027,15.529999732971191,15.550000190734863,194200
2019-07-18,15.529999732971191,15.550000190734863,15.220000267028809,15.390000343322754,337300
2019-07-19,15.420000076293945,15.529999732971191,15.340000152587891,15.520000457763672,210200
2019-07-22,15.470000267028809,15.520000457763672,15.439999580383301,15.489999771118164,145700
2019-07-23,15.479999542236328,15.609999656677246,15.399999618530273,15.579999923706055,199600
2019-07-24,15.630000114440918,15.720000267028809,15.399999618530273,15.489999771118164,256700
2019-07-25,15.569999694824219,15.609999656677246,15.439999580383301,15.439999580383301,329500
2019-07-26,15.430000305175781,15.5,15.399999618530273,15.439999580383301,77500
2019-07-29,15.510000228881836,15.550000190734863,15.399999618530273,15.550000190734863,226100
2019-07-30,15.539999961853027,15.680000305175781,15.510000228881836,15.649999618530273,231500
2019-07-31,15.729999542236328,15.760000228881836,15.550000190734863,15.579999923706055,498800
2019-08-01,15.460000038146973,15.470000267028809,14.869999885559082,15,502400
2019-08-02,15.199999809265137,15.220000267028809,15.060000419616699,15.069999694824219,156400
2019-08-05,14.699999809265137,15.039999961853027,14.699999809265137,14.909999847412109,173200
2019-08-06,14.989999771118164,15,14.729999542236328,14.779999732971191,399700
2019-08-07,14.539999961853027,14.590000152587891,14.329999923706055,14.560000419616699,523200
2019-08-08,14.600000381469727,14.720000267028809,14.539999961853027,14.680000305175781,225100
2019-08-09,14.850000381469727,14.939999580383301,14.829999923706055,14.850000381469727,271200
2019-08-12,14.880000114440918,14.899999618530273,14.710000038146973,14.739999771118164,1632600
2019-08-13,14.600000381469727,15.119999885559082,14.579999923706055,15.029999732971191,1024100
2019-08-14,14.789999961853027,14.859999656677246,14.649999618530273,14.760000228881836,682400
2019-08-15,14.710000038146973,14.779999732971191,14.630000114440918,14.689999580383301,423800
2019-08-16,14.670000076293945,14.760000228881836,14.670000076293945,14.720000267028809,447900
2019-08-19,14.789999961853027,14.880000114440918,14.770000457763672,14.859999656677246,573700
2019-08-20,14.850000381469727,14.920000076293945,14.75,14.869999885559082,432900
2019-08-21,15.010000228881836,15.050000190734863,14.859999656677246,14.899999618530273,392900
2019-08-22,14.909999847412109,14.960000038146973,14.75,14.810000419616699,593800
2019-08-23,14.630000114440918,14.739999771118164,14.510000228881836,14.600000381469727,485400
2019-08-26,14.770000457763672,14.810000419616699,14.579999923706055,14.609999656677246,403100
2019-08-27,14.699999809265137,14.760000228881836,14.600000381469727,14.739999771118164,311300
2019-08-28,14.939999580383301,14.989999771118164,14.859999656677246,14.930000305175781,337400
2019-08-29,14.930000305175781,15.060000419616699,14.920000076293945,15.020000457763672,301500
2019-08-30,15,15,14.710000038146973,14.819999694824219,3225900
2019-09-03,14.520000457763672,14.649999618530273,14.479999542236328,14.630000114440918,1058700
2019-09-04,14.869999885559082,15.090000152587891,14.869999885559082,15.050000190734863,381600
2019-09-05,15.140000343322754,15.260000228881836,15.010000228881836,15.039999961853027,312600
2019-09-06,14.869999885559082,15.130000114440918,14.840000152587891,15.060000419616699,230100
2019-09-09,15.170000076293945,15.319999694824219,15.170000076293945,15.279999732971191,359000
2019-09-10,15.310000419616699,15.420000076293945,15.260000228881836,15.300000190734863,723500
2019-09-11,15.319999694824219,15.359999656677246,15.029999732971191,15.109999656677246,574100
2019-09-12,14.829999923706055,15.039999961853027,14.800000190734863,15.029999732971191,220200
2019-09-13,15.079999923706055,15.090000152587891,15.020000457763672,15.050000190734863,237700
2019-09-16,15.810000419616699,16.260000228881836,15.779999732971191,16.069999694824219,261900
2019-09-17,16.030000686645508,16.110000610351562,15.520000457763672,15.600000381469727,689000
2019-09-18,15.510000228881836,15.590000152587891,15.430000305175781,15.5,286400
2019-09-19,15.619999885559082,15.670000076293945,15.539999961853027,15.600000381469727,156500
2019-09-20,15.640000343322754,15.659999847412109,15.489999771118164,15.569999694824219,114500
2019-09-23,15.579999923706055,15.640000343322754,15.510000228881836,15.619999885559082,186900
2019-09-24,15.539999961853027,15.550000190734863,15.350000381469727,15.359999656677246,514600
2019-09-25,15.189999580383301,15.329999923706055,15.159999847412109,15.329999923706055,264100
2019-09-26,15.279999732971191,15.350000381469727,15.149999618530273,15.319999694824219,267000
2019-09-27,15.159999847412109,15.350000381469727,15.140000343322754,15.210000038146973,230200
2019-09-30,15.130000114440918,15.199999809265137,15,15.050000190734863,660100
2019-10-01,15.100000381469727,15.100000381469727,14.909999847412109,14.979999542236328,163600
2019-10-02,14.970000267028809,14.970000267028809,14.710000038146973,14.779999732971191,272600
2019-10-03,14.649999618530273,14.819999694824219,14.560000419616699,14.789999961853027,415400
2019-10-04,14.909999847412109,14.949999809265137,14.789999961853027,14.880000114440918,218900
2019-10-07,14.949999809265137,15.029999732971191,14.840000152587891,14.880000114440918,100000
2019-10-08,14.739999771118164,14.909999847412109,14.729999542236328,14.840000152587891,325400
2019-10-09,15.050000190734863,15.069999694824219,14.890000343322754,14.920000076293945,127600
2019-10-10,15.029999732971191,15.039999961853027,14.939999580383301,15.010000228881836,218000
2019-10-11,15.079999923706055,15.279999732971191,15.079999923706055,15.260000228881836,216600
2019-10-14,15.079999923706055,15.140000343322754,15.020000457763672,15.090000152587891,167400
2019-10-15,15.069999694824219,15.170000076293945,15.020000457763672,15.050000190734863,153700
2019-10-16,15,15.159999847412109,15,15.119999885559082,326900
2019-10-17,15.079999923706055,15.199999809265137,15.029999732971191,15.199999809265137,145800
2019-10-18,15.199999809265137,15.25,15.090000152587891,15.159999847412109,166100
2019-10-21,15.020000457763672,15.119999885559082,15.010000228881836,15.090000152587891,174100
2019-10-22,15.199999809265137,15.260000228881836,15.119999885559082,15.149999618530273,185200
2019-10-23,15.100000381469727,15.409999847412109,15.100000381469727,15.390000343322754,126600
2019-10-24,15.390000343322754,15.5,15.390000343322754,15.470000267028809,162400
2019-10-25,15.439999580383301,15.539999961853027,15.359999656677246,15.529999732971191,130100
2019-10-28,15.560000419616699,15.569999694824219,15.399999618530273,15.460000038146973,109900
2019-10-29,15.340000152587891,15.5,15.310000419616699,15.409999847412109,136300
2019-10-30,15.420000076293945,15.449999809265137,15.300000190734863,15.319999694824219,213200
2019-10-31,15.229999542236328,15.260000228881836,15.109999656677246,15.170000076293945,275000
2019-11-01,15.319999694824219,15.569999694824219,15.319999694824219,15.550000190734863,174700
2019-11-04,15.689999580383301,15.75,15.619999885559082,15.649999618530273,194400
2019-11-05,15.699999809265137,15.770000457763672,15.689999580383301,15.75,198200
2019-11-06,15.75,15.800000190734863,15.520000457763672,15.579999923706055,286100
2019-11-07,15.680000305175781,15.699999809265137,15.560000419616699,15.569999694824219,167200
2019-11-08,15.420000076293945,15.649999618530273,15.350000381469727,15.640000343322754,158100
2019-11-11,15.470000267028809,15.600000381469727,15.449999809265137,15.510000228881836,146300
2019-11-12,15.539999961853027,15.590000152587891,15.470000267028809,15.520000457763672,131600
2019-11-13,15.449999809265137,15.579999923706055,15.430000305175781,15.550000190734863,147200
2019-11-14,15.600000381469727,15.609999656677246,15.460000038146973,15.510000228881836,165600
2019-11-15,15.470000267028809,15.659999847412109,15.470000267028809,15.609999656677246,97000
2019-11-18,15.5,15.529999732971191,15.369999885559082,15.390000343322754,199300
2019-11-19,15.289999961853027,15.310000419616699,15.170000076293945,15.210000038146973,422800
2019-11-20,15.300000190734863,15.470000267028809,15.239999771118164,15.409999847412109,294400
2019-11-21,15.489999771118164,15.640000343322754,15.489999771118164,15.619999885559082,132500
2019-11-22,15.630000114440918,15.659999847412109,15.510000228881836,15.579999923706055,104700
2019-11-25,15.529999732971191,15.619999885559082,15.489999771118164,15.609999656677246,374400
2019-11-26,15.619999885559082,15.689999580383301,15.569999694824219,15.670000076293945,274800
2019-11-27,15.659999847412109,15.680000305175781,15.550000190734863,15.600000381469727,82500
2019-11-29,15.460000038146973,15.460000038146973,15.210000038146973,15.229999542236328,119900
2019-12-02,15.350000381469727,15.380000114440918,15.229999542236328,15.260000228881836,267800
2019-12-03,15.239999771118164,15.369999885559082,15.189999580383301,15.289999961853027,286000
2019-12-04,15.5,15.600000381469727,15.489999771118164,15.569999694824219,217800
2019-12-05,15.630000114440918,15.680000305175781,15.560000419616699,15.590000152587891,365300
2019-12-06,15.550000190734863,15.800000190734863,15.550000190734863,15.710000038146973,199100
2019-12-09,15.640000343322754,15.710000038146973,15.619999885559082,15.680000305175781,114600
2019-12-10,15.689999580383301,15.760000228881836,15.680000305175781,15.760000228881836,150700
2019-12-11,15.689999580383301,15.739999771118164,15.560000419616699,15.670000076293945,117000
2019-12-12,15.699999809265137,15.850000381469727,15.680000305175781,15.810000419616699,233300
2019-12-13,15.880000114440918,16.020000457763672,15.829999923706055,15.880000114440918,118700
2019-12-16,16.020000457763672,16.079999923706055,16.020000457763672,16.059999465942383,156100
2019-12-17,15.970000267028809,16.180000305175781,15.970000267028809,16.149999618530273,1976400
2019-12-18,16.059999465942383,16.200000762939453,16.049999237060547,16.149999618530273,1411200
2019-12-19,16.180000305175781,16.229999542236328,16.159999847412109,16.170000076293945,232600
2019-12-20,16.170000076293945,16.200000762939453,16.100000381469727,16.129999160766602,141400
2019-12-23,16.010000228881836,16.170000076293945,16,16.170000076293945,247200
2019-12-24,16.100000381469727,16.25,16.100000381469727,16.239999771118164,106100
2019-12-26,16.290000915527344,16.389999389648438,16.270000457763672,16.389999389648438,405100
2019-12-27,16.409999847412109,16.409999847412109,16.340000152587891,16.379999160766602,512900
2019-12-30,16.479999542236328,16.5,16.280000686645508,16.329999923706055,408700
2019-12-31,16.239999771118164,16.319999694824219,16.190000534057617,16.209999084472656,1287600
2020-01-02,16.389999389648438,16.389999389648438,16.200000762939453,16.290000915527344,1537500
2020-01-03,16.540000915527344,16.610000610351562,16.420000076293945,16.510000228881836,429100
2020-01-06,16.610000610351562,16.610000610351562,16.479999542236328,16.510000228881836,280500
2020-01-07,16.430000305175781,16.5,16.379999160766602,16.459999084472656,255300
2020-01-08,16.440000534057617,16.450000762939453,15.979999542236328,16.149999618530273,835000
2020-01-09,16.030000686645508,16.079999923706055,15.920000076293945,16.030000686645508,259700
2020-01-10,16.049999237060547,16.069999694824219,15.979999542236328,16.020000457763672,207700
2020-01-13,16.010000228881836,16.010000228881836,15.829999923706055,15.859999656677246,296200
2020-01-14,15.960000038146973,16,15.920000076293945,15.949999809265137,309200
2020-01-15,15.920000076293945,15.920000076293945,15.770000457763672,15.869999885559082,264200
2020-01-16,15.840000152587891,15.909999847412109,15.829999923706055,15.850000381469727,368200
2020-01-17,15.880000114440918,15.930000305175781,15.829999923706055,15.909999847412109,257200
2020-01-21,15.829999923706055,15.880000114440918,15.789999961853027,15.810000419616699,165900
2020-01-22,15.699999809265137,15.699999809265137,15.550000190734863,15.579999923706055,268800
2020-01-23,15.390000343322754,15.430000305175781,15.300000190734863,15.409999847412109,243300
2020-01-24,15.239999771118164,15.25,15.079999923706055,15.149999618530273,633700
2020-01-27,14.880000114440918,14.890000343322754,14.739999771118164,14.789999961853027,310700
2020-01-28,14.829999923706055,14.979999542236328,14.810000419616699,14.920000076293945,260700
2020-01-29,14.930000305175781,14.930000305175781,14.810000419616699,14.829999923706055,215600
2020-01-30,14.609999656677246,14.710000038146973,14.510000228881836,14.680000305175781,599300
2020-01-31,14.510000228881836,14.609999656677246,14.409999847412109,14.489999771118164,909900
2020-02-03,14.170000076293945,14.430000305175781,14.140000343322754,14.159999847412109,1887500
2020-02-04,14.319999694824219,14.359999656677246,14.140000343322754,14.180000305175781,344200
2020-02-05,14.439999580383301,14.539999961853027,14.369999885559082,14.439999580383301,366200
2020-02-06,14.359999656677246,14.460000038146973,14.300000190734863,14.460000038146973,190000
2020-02-07,14.380000114440918,14.449999809265137,14.340000152587891,14.369999885559082,173000
2020-02-10,14.229999542236328,14.300000190734863,14.180000305175781,14.210000038146973,336400
2020-02-11,14.350000381469727,14.390000343322754,14.239999771118164,14.300000190734863,2921100
2020-02-12,14.539999961853027,14.579999923706055,14.460000038146973,14.569999694824219,2576000
2020-02-13,14.569999694824219,14.640000343322754,14.529999732971191,14.579999923706055,433800
2020-02-14,14.680000305175781,14.710000038146973,14.590000152587891,14.670000076293945,493600
2020-02-18,14.590000152587891,14.739999771118164,14.590000152587891,14.729999542236328,356100
2020-02-19,14.859999656677246,14.949999809265137,14.779999732971191,14.920000076293945,288700
2020-02-20,14.970000267028809,15.039999961853027,14.899999618530273,14.899999618530273,249400
2020-02-21,14.760000228881836,14.829999923706055,14.699999809265137,14.800000190734863,271000
2020-02-24,14.380000114440918,14.430000305175781,14.25,14.369999885559082,202200
2020-02-25,14.380000114440918,14.380000114440918,14.109999656677246,14.109999656677246,396500
2020-02-26,14.060000419616699,14.170000076293945,13.829999923706055,13.890000343322754,436900
2020-02-27,13.520000457763672,13.699999809265137,13.390000343322754,13.550000190734863,489600
2020-02-28,13.300000190734863,13.359999656677246,13.100000381469727,13.359999656677246,471800
2020-03-02,13.489999771118164,13.760000228881836,13.420000076293945,13.739999771118164,1874000
2020-03-03,13.810000419616699,14,13.619999885559082,13.75,892800
2020-03-04,13.880000114440918,13.909999847412109,13.670000076293945,13.720000267028809,439300
2020-03-05,13.689999580383301,13.729999542236328,13.460000038146973,13.5,716500
2020-03-06,13.210000038146973,13.229999542236328,12.739999771118164,12.829999923706055,908600
2020-03-09,11.409999847412109,11.770000457763672,11.199999809265137,11.279999732971191,1859200
2020-03-10,11.720000267028809,11.899999618530273,11.569999694824219,11.810000419616699,1378400
2020-03-11,11.640000343322754,11.710000038146973,11.460000038146973,11.5,804600
2020-03-12,10.789999961853027,11.149999618530273,10.550000190734863,10.909999847412109,1318700
2020-03-13,11.25,11.260000228881836,10.840000152587891,11.149999618530273,846500
2020-03-16,10.069999694824219,10.479999542236328,10,10.25,791200
2020-03-17,10.229999542236328,10.380000114440918,10,10,851300
2020-03-18,9.0500001907348633,9.75,9.0500001907348633,9.4300003051757812,808100
2020-03-19,9.4899997711181641,10.020000457763672,9.369999885559082,9.8599996566772461,520500
2020-03-20,9.9799995422363281,9.9899997711181641,9.2799997329711914,9.6400003433227539,1515100
2020-03-23,9.5600004196166992,9.7100000381469727,9.4600000381469727,9.6599998474121094,799800
2020-03-24,9.6999998092651367,10,9.6999998092651367,9.9399995803833008,362500
2020-03-25,9.9499998092651367,10.090000152587891,9.7700004577636719,9.9700002670288086,491300
2020-03-26,9.9600000381469727,9.9799995422363281,9.6899995803833008,9.8199996948242188,1587300
2020-03-27,9.6400003433227539,9.6400003433227539,9.5100002288818359,9.6099996566772461,1464200
2020-03-30,9.4200000762939453,9.4200000762939453,9.2399997711181641,9.3500003814697266,1710800
2020-03-31,9.4200000762939453,9.4799995422363281,9.2799997329711914,9.3000001907348633,7272700
2020-04-01,9.1999998092651367,9.1999998092651367,9.0200004577636719,9.130000114440918,1410700
2020-04-02,9.2700004577636719,10.100000381469727,9.1700000762939453,9.6599998474121094,943100
2020-04-03,10.100000381469727,10.409999847412109,9.869999885559082,10.180000305175781,693400
2020-04-06,10.010000228881836,10.100000381469727,9.880000114440918,10.039999961853027,1124800
2020-04-07,10.260000228881836,10.260000228881836,9.7899999618530273,9.9200000762939453,688900
2020-04-08,9.9499998092651367,10.119999885559082,9.8000001907348633,10.109999656677246,1090800
2020-04-09,10.279999732971191,10.420000076293945,9.7100000381469727,9.869999885559082,283900
2020-04-13,9.869999885559082,9.880000114440918,9.7399997711181641,9.880000114440918,571700
2020-04-14,9.7200002670288086,9.7600002288818359,9.5500001907348633,9.6099996566772461,617300
2020-04-15,9.3599996566772461,9.4300003051757812,9.2399997711181641,9.3599996566772461,726100
2020-04-16,9.3900003433227539,9.4300003051757812,9.2200002670288086,9.3900003433227539,1121500
2020-04-17,9.3599996566772461,9.4099998474121094,9.2700004577636719,9.3400001525878906,557800
2020-04-20,9.0600004196166992,9.1400003433227539,8.8199996948242188,8.9399995803833008,799500
2020-04-21,9.1000003814697266,9.1000003814697266,7.5,8.0100002288818359,824200
2020-04-22,8.1899995803833008,8.4099998474121094,8.0900001525878906,8.1700000762939453,1274100
2020-04-23,8.4099998474121094,8.630000114440918,8.2799997329711914,8.4200000762939453,524100
2020-04-24,8.4099998474121094,8.4399995803833008,8.2100000381469727,8.3500003814697266,785400
2020-04-27,7.8299999237060547,7.9899997711181641,7.8000001907348633,7.9600000381469727,1194200
2020-04-28,7.9600000381469727,8.0799999237060547,7.869999885559082,7.929999828338623,309300
2020-04-29,8.119999885559082,8.2200002670288086,8.0900001525878906,8.1400003433227539,418200
2020-04-30,8.3299999237060547,8.5,8.1800003051757812,8.4799995422363281,284000
2020-05-01,8.5,8.5,8.3599996566772461,8.4799995422363281,430900
2020-05-04,8.4399995803833008,8.6700000762939453,8.3999996185302734,8.6400003433227539,610900
2020-05-05,8.8599996566772461,9.0600004196166992,8.8599996566772461,9.0600004196166992,448600
2020-05-06,8.9499998092651367,8.9499998092651367,8.7100000381469727,8.8500003814697266,1246600
2020-05-07,9.1700000762939453,9.1999998092651367,8.8500003814697266,8.869999885559082,339900
2020-05-08,9.0299997329711914,9.0900001525878906,8.9300003051757812,9.0900001525878906,627600
2020-05-11,9.1000003814697266,9.119999885559082,8.8599996566772461,8.9600000381469727,257900
2020-05-12,8.9799995422363281,8.9899997711181641,8.880000114440918,8.8999996185302734,194500
2020-05-13,8.8999996185302734,8.9300003051757812,8.7200002670288086,8.7799997329711914,607500
2020-05-14,8.7799997329711914,9.0399999618530273,8.7799997329711914,9.0200004577636719,243000
2020-05-15,9.1000003814697266,9.1999998092651367,9.0299997329711914,9.1499996185302734,150600
2020-05-18,9.5,9.6700000762939453,9.4600000381469727,9.5100002288818359,201100
2020-05-19,9.5900001525878906,9.6000003814697266,9.4499998092651367,9.5100002288818359,535300
2020-05-20,9.6400003433227539,9.7399997711181641,9.6099996566772461,9.7200002670288086,1240100
2020-05-21,9.7799997329711914,9.8199996948242188,9.619999885559082,9.6899995803833008,380100
2020-05-22,9.5200004577636719,9.5900001525878906,9.4300003051757812,9.5699996948242188,346400
2020-05-26,9.7299995422363281,9.7700004577636719,9.6099996566772461,9.6599998474121094,315400
2020-05-27,9.5900001525878906,9.630000114440918,9.4499998092651367,9.5699996948242188,488400
2020-05-28,9.5399999618530273,9.6800003051757812,9.4799995422363281,9.5799999237060547,303100
2020-05-29,9.5399999618530273,9.8999996185302734,9.4899997711181641,9.8199996948242188,541700
2020-06-01,9.75,9.8999996185302734,9.6999998092651367,9.8599996566772461,1026000
2020-06-02,9.9600000381469727,10.050000190734863,9.9399995803833008,10.020000457763672,259800
2020-06-03,10.029999732971191,10.109999656677246,9.9399995803833008,10.029999732971191,870900
2020-06-04,10.050000190734863,10.149999618530273,10.010000228881836,10.109999656677246,259200
2020-06-05,10.479999542236328,10.479999542236328,10.350000381469727,10.399999618530273,297300
2020-06-08,10.369999885559082,10.390000343322754,10.239999771118164,10.270000457763672,534000
2020-06-09,10.239999771118164,10.369999885559082,10.159999847412109,10.289999961853027,125400
2020-06-10,10.300000190734863,10.479999542236328,10.239999771118164,10.420000076293945,131400
2020-06-11,10.050000190734863,10.130000114440918,9.880000114440918,9.9499998092651367,483300
2020-06-12,10.039999961853027,10.109999656677246,9.9099998474121094,10.029999732971191,174500
2020-06-15,9.7899999618530273,10.109999656677246,9.7600002288818359,10.109999656677246,327100
2020-06-16,10.239999771118164,10.340000152587891,10.069999694824219,10.239999771118164,320100
2020-06-17,10.199999809265137,10.25,10.109999656677246,10.189999580383301,227300
2020-06-18,10.189999580383301,10.310000419616699,10.170000076293945,10.310000419616699,234600
2020-06-19,10.449999809265137,10.489999771118164,10.260000228881836,10.350000381469727,258900
2020-06-22,10.380000114440918,10.510000228881836,10.369999885559082,10.479999542236328,156800
2020-06-23,10.539999961853027,10.590000152587891,10.430000305175781,10.449999809265137,392900
2020-06-24,10.390000343322754,10.420000076293945,10.069999694824219,10.140000343322754,412000
2020-06-25,10.050000190734863,10.229999542236328,10.050000190734863,10.229999542236328,130100
2020-06-26,10.159999847412109,10.180000305175781,10.020000457763672,10.039999961853027,164700
2020-06-29,10.180000305175781,10.340000152587891,10.149999618530273,10.310000419616699,1151700
2020-06-30,10.300000190734863,10.430000305175781,10.25,10.369999885559082,345100
2020-07-01,10.420000076293945,10.470000267028809,10.329999923706055,10.449999809265137,583700
2020-07-02,10.529999732971191,10.579999923706055,10.439999580383301,10.529999732971191,254400
2020-07-06,10.600000381469727,10.670000076293945,10.579999923706055,10.609999656677246,313700
2020-07-07,10.560000419616699,10.689999580383301,10.550000190734863,10.600000381469727,177100
2020-07-08,10.640000343322754,10.720000267028809,10.609999656677246,10.710000038146973,269200
2020-07-09,10.720000267028809,10.729999542236328,10.550000190734863,10.579999923706055,250400
2020-07-10,10.619999885559082,10.720000267028809,10.539999961853027,10.720000267028809,444300
2020-07-13,10.710000038146973,10.710000038146973,10.520000457763672,10.520000457763672,434600
2020-07-14,10.449999809265137,10.659999847412109,10.449999809265137,10.600000381469727,135500
2020-07-15,10.640000343322754,10.760000228881836,10.579999923706055,10.710000038146973,4899200
2020-07-16,10.659999847412109,10.729999542236328,10.640000343322754,10.680000305175781,178400
2020-07-17,10.670000076293945,10.680000305175781,10.569999694824219,10.649999618530273,3042400
2020-07-20,10.609999656677246,10.649999618530273,10.5,10.649999618530273,596000
2020-07-21,10.850000381469727,10.890000343322754,10.789999961853027,10.810000419616699,452600
2020-07-22,10.770000457763672,10.880000114440918,10.739999771118164,10.819999694824219,2115700
2020-07-23,10.829999923706055,10.899999618530273,10.75,10.800000190734863,555700
2020-07-24,10.800000190734863,10.810000419616699,10.710000038146973,10.810000419616699,217300
2020-07-27,10.810000419616699,10.859999656677246,10.689999580383301,10.850000381469727,478300
2020-07-28,10.800000190734863,10.800000190734863,10.739999771118164,10.770000457763672,166800
2020-07-29,10.829999923706055,10.859999656677246,10.770000457763672,10.859999656677246,196100
2020-07-30,10.710000038146973,10.720000267028809,10.470000267028809,10.659999847412109,408700
2020-07-31,10.720000267028809,10.75,10.640000343322754,10.75,265100
2020-08-03,10.789999961853027,10.909999847412109,10.760000228881836,10.859999656677246,1346200
2020-08-04,10.819999694824219,10.989999771118164,10.770000457763672,10.920000076293945,877400
2020-08-05,11.170000076293945,11.210000038146973,11.010000228881836,11.050000190734863,580600
2020-08-06,11.109999656677246,11.140000343322754,11.020000457763672,11.020000457763672,284700
2020-08-07,10.989999771118164,10.989999771118164,10.840000152587891,10.909999847412109,328100
2020-08-10,10.979999542236328,11.020000457763672,10.949999809265137,10.979999542236328,407900
2020-08-11,11.039999961853027,11.050000190734863,10.850000381469727,10.869999885559082,328400
2020-08-12,10.949999809265137,11.050000190734863,10.939999580383301,11,305200
2020-08-13,11,11.039999961853027,10.979999542236328,11.029999732971191,131600
2020-08-14,11.020000457763672,11.050000190734863,10.979999542236328,11.029999732971191,164800
2020-08-17,11.060000419616699,11.189999580383301,11.060000419616699,11.189999580383301,291400
2020-08-18,11.159999847412109,11.220000267028809,11.119999885559082,11.159999847412109,225300
2020-08-19,11.149999618530273,11.220000267028809,11.149999618530273,11.189999580383301,260800
2020-08-20,11.050000190734863,11.170000076293945,11.010000228881836,11.149999618530273,447100
2020-08-21,11,11.060000419616699,10.939999580383301,11.060000419616699,243500
2020-08-24,11.140000343322754,11.159999847412109,11.100000381469727,11.119999885559082,247900
2020-08-25,11.25,11.279999732971191,11.210000038146973,11.260000228881836,258900
2020-08-26,11.210000038146973,11.300000190734863,11.210000038146973,11.270000457763672,196600
2020-08-27,11.25,11.260000228881836,11.130000114440918,11.210000038146973,1005500
2020-08-28,11.270000457763672,11.279999732971191,11.199999809265137,11.279999732971191,146900
2020-08-31,11.319999694824219,11.319999694824219,11.199999809265137,11.25,552600
2020-09-01,11.279999732971191,11.340000152587891,11.229999542236328,11.279999732971191,941700
2020-09-02,11.189999580383301,11.210000038146973,11.029999732971191,11.050000190734863,303100
2020-09-03,10.939999580383301,11.020000457763672,10.850000381469727,10.979999542236328,559200
2020-09-04,10.949999809265137,10.970000267028809,10.800000190734863,10.829999923706055,297500
2020-09-08,10.479999542236328,10.520000457763672,10.369999885559082,10.470000267028809,752400
2020-09-09,10.479999542236328,10.649999618530273,10.460000038146973,10.609999656677246,349500
2020-09-10,10.569999694824219,10.640000343322754,10.449999809265137,10.470000267028809,599500
2020-09-11,10.5,10.609999656677246,10.5,10.569999694824219,184900
2020-09-14,10.510000228881836,10.569999694824219,10.489999771118164,10.529999732971191,323300
2020-09-15,10.550000190734863,10.649999618530273,10.520000457763672,10.609999656677246,326700
2020-09-16,10.75,10.859999656677246,10.720000267028809,10.840000152587891,604100
2020-09-17,10.770000457763672,10.989999771118164,10.760000228881836,10.979999542236328,325400
2020-09-18,11,11.029999732971191,10.949999809265137,11.010000228881836,385300
2020-09-21,10.869999885559082,10.869999885559082,10.630000114440918,10.75,269100
2020-09-22,10.779999732971191,10.800000190734863,10.630000114440918,10.689999580383301,477900
2020-09-23,10.689999580383301,10.800000190734863,10.630000114440918,10.630000114440918,322000
2020-09-24,10.640000343322754,10.739999771118164,10.600000381469727,10.699999809265137,805700
2020-09-25,10.659999847412109,10.739999771118164,10.659999847412109,10.720000267028809,218300
2020-09-28,10.739999771118164,10.810000419616699,10.680000305175781,10.800000190734863,190000
2020-09-29,10.710000038146973,10.710000038146973,10.510000228881836,10.579999923706055,250500
2020-09-30,10.630000114440918,10.800000190734863,10.609999656677246,10.75,655800
2020-10-01,10.630000114440918,10.649999618530273,10.430000305175781,10.550000190734863,1878800
2020-10-02,10.340000152587891,10.479999542236328,10.300000190734863,10.369999885559082,400600
2020-10-05,10.539999961853027,10.75,10.539999961853027,10.720000267028809,402900
2020-10-06,10.850000381469727,10.949999809265137,10.770000457763672,10.789999961853027,756100
2020-10-07,10.810000419616699,10.869999885559082,10.760000228881836,10.859999656677246,155500
2020-10-08,10.949999809265137,11.029999732971191,10.939999580383301,11,288300
2020-10-09,11.039999961853027,11.119999885559082,11.010000228881836,11.029999732971191,203600
2020-10-12,11.010000228881836,11.010000228881836,10.840000152587891,10.859999656677246,201100
2020-10-13,10.899999618530273,10.949999809265137,10.859999656677246,10.920000076293945,223800
2020-10-14,10.960000038146973,11.060000419616699,10.960000038146973,11.029999732971191,326800
2020-10-15,10.850000381469727,11.100000381469727,10.850000381469727,11.090000152587891,333000
2020-10-16,11.079999923706055,11.079999923706055,10.979999542236328,11.029999732971191,280300
2020-10-19,11.060000419616699,11.090000152587891,10.979999542236328,10.989999771118164,264800
2020-10-20,10.979999542236328,11.140000343322754,10.970000267028809,11.090000152587891,250900
2020-10-21,11.050000190734863,11.109999656677246,10.939999580383301,10.979999542236328,187900
2020-10-22,10.979999542236328,11.079999923706055,10.979999542236328,11.020000457763672,176100
2020-10-23,11.039999961853027,11.039999961853027,10.890000343322754,10.930000305175781,253300
2020-10-26,10.800000190734863,10.850000381469727,10.699999809265137,10.75,299400
2020-10-27,10.800000190734863,10.920000076293945,10.789999961853027,10.869999885559082,252000
2020-10-28,10.590000152587891,10.600000381469727,10.520000457763672,10.550000190734863,243400
2020-10-29,10.289999961853027,10.439999580383301,10.199999809265137,10.409999847412109,224200
2020-10-30,10.350000381469727,10.390000343322754,10.300000190734863,10.380000114440918,389200
2020-11-02,10.340000152587891,10.560000419616699,10.310000419616699,10.550000190734863,1607400
2020-11-03,10.710000038146973,10.710000038146973,10.600000381469727,10.640000343322754,366500
2020-11-04,10.720000267028809,10.819999694824219,10.619999885559082,10.800000190734863,277900
2020-11-05,10.859999656677246,10.930000305175781,10.770000457763672,10.800000190734863,221600
2020-11-06,10.770000457763672,10.770000457763672,10.609999656677246,10.640000343322754,307200
2020-11-09,11.069999694824219,11.100000381469727,10.920000076293945,10.920000076293945,566700
2020-11-10,11.060000419616699,11.189999580383301,11.039999961853027,11.180000305175781,397400
2020-11-11,11.300000190734863,11.310000419616699,11.149999618530273,11.159999847412109,510600
2020-11-12,11.189999580383301,11.239999771118164,11.060000419616699,11.079999923706055,266300
2020-11-13,11.069999694824219,11.079999923706055,10.979999542236328,11.010000228881836,263400
2020-11-16,11.199999809265137,11.199999809265137,11.109999656677246,11.140000343322754,292400
2020-11-17,11.180000305175781,11.189999580383301,11.079999923706055,11.180000305175781,206100
2020-11-18,11.239999771118164,11.300000190734863,11.199999809265137,11.210000038146973,319500
2020-11-19,11.170000076293945,11.199999809265137,11.109999656677246,11.199999809265137,547900
2020-11-20,11.199999809265137,11.289999961853027,11.199999809265137,11.289999961853027,207900
2020-11-23,11.350000381469727,11.390000343322754,11.319999694824219,11.369999885559082,201500
2020-11-24,11.460000038146973,11.640000343322754,11.460000038146973,11.609999656677246,892600
2020-11-25,11.720000267028809,11.760000228881836,11.630000114440918,11.699999809265137,616800
2020-11-27,11.670000076293945,11.710000038146973,11.649999618530273,11.689999580383301,245700
2020-11-30,11.720000267028809,11.720000267028809,11.579999923706055,11.649999618530273,814100
2020-12-01,11.659999847412109,11.659999847412109,11.529999732971191,11.569999694824219,1716600
2020-12-02,11.550000190734863,11.720000267028809,11.529999732971191,11.649999618530273,285400
2020-12-03,11.640000343322754,11.689999580383301,11.579999923706055,11.659999847412109,373700
2020-12-04,11.670000076293945,11.75,11.659999847412109,11.699999809265137,330100
2020-12-07,11.609999656677246,11.739999771118164,11.590000152587891,11.630000114440918,413700
2020-12-08,11.640000343322754,11.649999618530273,11.569999694824219,11.640000343322754,196000
2020-12-09,11.680000305175781,11.729999542236328,11.590000152587891,11.670000076293945,432300
2020-12-10,11.75,12,11.75,11.880000114440918,580000
2020-12-11,11.869999885559082,11.869999885559082,11.770000457763672,11.859999656677246,317300
2020-12-14,11.899999618530273,11.899999618530273,11.739999771118164,11.890000343322754,785100
2020-12-15,11.899999618530273,11.989999771118164,11.899999618530273,11.979999542236328,2297900
2020-12-16,11.979999542236328,12.050000190734863,11.949999809265137,12.039999961853027,270300
2020-12-17,12.140000343322754,12.189999580383301,12.109999656677246,12.189999580383301,535800
2020-12-18,12.210000038146973,12.289999961853027,12.189999580383301,12.260000228881836,413000
2020-12-21,11.979999542236328,12.119999885559082,11.949999809265137,12.090000152587891,504200
2020-12-22,12.029999732971191,12.039999961853027,11.949999809265137,11.970000267028809,296200
2020-12-23,12.060000419616699,12.210000038146973,12.039999961853027,12.130000114440918,366700
2020-12-24,12.159999847412109,12.180000305175781,12.119999885559082,12.180000305175781,195200
2020-12-28,12.199999809265137,12.199999809265137,12.079999923706055,12.109999656677246,270200
2020-12-29,12.149999618530273,12.189999580383301,12.119999885559082,12.140000343322754,1463800
2020-12-30,12.130000114440918,12.270000457763672,12.130000114440918,12.220000267028809,1698000
2020-12-31,12.220000267028809,12.329999923706055,12.189999580383301,12.329999923706055,1557400
2021-01-04,12.439999580383301,12.460000038146973,12.210000038146973,12.239999771118164,1526800
2021-01-05,12.479999542236328,12.689999580383301,12.470000267028809,12.670000076293945,1281300
2021-01-06,12.680000305175781,12.75,12.579999923706055,12.689999580383301,936200
2021-01-07,12.699999809265137,12.75,12.680000305175781,12.710000038146973,808600
2021-01-08,12.819999694824219,12.890000343322754,12.720000267028809,12.890000343322754,1194500
2021-01-11,12.720000267028809,12.800000190734863,12.689999580383301,12.779999732971191,590800
2021-01-12,12.890000343322754,13.069999694824219,12.869999885559082,13.029999732971191,2988000
2021-01-13,13.020000457763672,13.060000419616699,12.960000038146973,12.960000038146973,667400
2021-01-14,12.960000038146973,13.109999656677246,12.960000038146973,13.109999656677246,913500
2021-01-15,13.010000228881836,13.020000457763672,12.859999656677246,12.920000076293945,925100
2021-01-19,12.989999771118164,13.020000457763672,12.930000305175781,12.960000038146973,1496200
2021-01-20,13,13.029999732971191,12.960000038146973,12.989999771118164,737600
2021-01-21,12.989999771118164,13.020000457763672,12.939999580383301,12.960000038146973,393400
2021-01-22,12.770000457763672,12.899999618530273,12.75,12.770000457763672,624400
2021-01-25,12.800000190734863,12.949999809265137,12.779999732971191,12.939999580383301,511400
2021-01-26,13,13.029999732971191,12.949999809265137,12.989999771118164,506700
2021-01-27,12.989999771118164,13.029999732971191,12.850000381469727,12.949999809265137,784500
2021-01-28,13.079999923706055,13.109999656677246,12.880000114440918,12.880000114440918,339600
2021-01-29,13.039999961853027,13.060000419616699,12.880000114440918,12.909999847412109,1260400
2021-02-01,13.090000152587891,13.140000343322754,12.960000038146973,13.130000114440918,5392300
2021-02-02,13.279999732971191,13.279999732971191,13.199999809265137,13.199999809265137,1129200
2021-02-03,13.279999732971191,13.399999618530273,13.260000228881836,13.329999923706055,1374700
2021-02-04,13.380000114440918,13.430000305175781,13.260000228881836,13.409999847412109,864700
2021-02-05,13.529999732971191,13.569999694824219,13.470000267028809,13.520000457763672,801400
2021-02-08,13.619999885559082,13.739999771118164,13.609999656677246,13.739999771118164,1285600
2021-02-09,13.699999809265137,13.789999961853027,13.640000343322754,13.770000457763672,602700
2021-02-10,13.789999961853027,13.789999961853027,13.689999580383301,13.710000038146973,859900
2021-02-11,13.779999732971191,13.800000190734863,13.689999580383301,13.699999809265137,621100
2021-02-12,13.689999580383301,13.930000305175781,13.689999580383301,13.920000076293945,598900
2021-02-16,14,14.090000152587891,13.989999771118164,14.069999694824219,3647100
2021-02-17,14.050000190734863,14.180000305175781,14,14.170000076293945,1860400
2021-02-18,14.239999771118164,14.239999771118164,14.050000190734863,14.090000152587891,1380400
2021-02-19,14.159999847412109,14.229999542236328,14.010000228881836,14.039999961853027,829000
2021-02-22,14.199999809265137,14.409999847412109,14.189999580383301,14.350000381469727,1545600
2021-02-23,14.350000381469727,14.470000267028809,14.239999771118164,14.439999580383301,2092100
2021-02-24,14.510000228881836,14.680000305175781,14.479999542236328,14.640000343322754,1670200
2021-02-25,14.600000381469727,14.659999847412109,14.520000457763672,14.539999961853027,1755000
2021-02-26,14.460000038146973,14.460000038146973,14.220000267028809,14.239999771118164,1755200
2021-03-01,14.289999961853027,14.319999694824219,14.029999732971191,14.100000381469727,3773700
2021-03-02,14.189999580383301,14.260000228881836,14.079999923706055,14.090000152587891,1145800
2021-03-03,14.159999847412109,14.270000457763672,14.100000381469727,14.170000076293945,1902800
2021-03-04,14.229999542236328,14.560000419616699,14.180000305175781,14.420000076293945,2237400
2021-03-05,14.659999847412109,14.75,14.590000152587891,14.75,2077700
2021-03-08,14.649999618530273,14.649999618530273,14.5,14.510000228881836,1945800
2021-03-09,14.539999961853027,14.579999923706055,14.430000305175781,14.449999809265137,888400
2021-03-10,14.479999542236328,14.550000190734863,14.380000114440918,14.520000457763672,1103100
2021-03-11,14.630000114440918,14.760000228881836,14.569999694824219,14.760000228881836,1066600
2021-03-12,14.670000076293945,14.760000228881836,14.640000343322754,14.680000305175781,997700
2021-03-15,14.609999656677246,14.699999809265137,14.539999961853027,14.659999847412109,2044600
2021-03-16,14.569999694824219,14.640000343322754,14.489999771118164,14.579999923706055,1098500
2021-03-17,14.569999694824219,14.609999656677246,14.460000038146973,14.590000152587891,898300
2021-03-18,14.409999847412109,14.409999847412109,13.739999771118164,13.859999656677246,3208100
2021-03-19,13.960000038146973,14.220000267028809,13.850000381469727,14.199999809265137,1301400
2021-03-22,14.189999580383301,14.239999771118164,14.130000114440918,14.140000343322754,1107700
2021-03-23,13.859999656677246,14,13.670000076293945,13.680000305175781,1706200
2021-03-24,13.960000038146973,14.140000343322754,13.909999847412109,14.060000419616699,761900
2021-03-25,13.869999885559082,13.909999847412109,13.649999618530273,13.779999732971191,1332700
2021-03-26,14.050000190734863,14.170000076293945,14.050000190734863,14.140000343322754,1183000
2021-03-29,14.039999961853027,14.170000076293945,13.960000038146973,14.170000076293945,1218000
2021-03-30,14.010000228881836,14.060000419616699,13.930000305175781,13.939999580383301,1448500
2021-03-31,13.930000305175781,14.149999618530273,13.899999618530273,13.970000267028809,1679000
2021-04-01,14.109999656677246,14.189999580383301,13.899999618530273,14.140000343322754,2216400
2021-04-05,14.039999961853027,14.069999694824219,13.770000457763672,13.890000343322754,911200
2021-04-06,14.060000419616699,14.159999847412109,13.939999580383301,13.970000267028809,581900
2021-04-07,13.949999809265137,14.050000190734863,13.829999923706055,14.020000457763672,977700
2021-04-08,14.010000228881836,14.130000114440918,13.979999542236328,14.130000114440918,1161500
2021-04-09,14.109999656677246,14.109999656677246,14.039999961853027,14.069999694824219,887100
2021-04-12,14.109999656677246,14.159999847412109,13.989999771118164,14.010000228881836,735200
2021-04-13,14.130000114440918,14.170000076293945,14.100000381469727,14.170000076293945,1001900
2021-04-14,14.300000190734863,14.569999694824219,14.279999732971191,14.489999771118164,3427100
2021-04-15,14.569999694824219,14.619999885559082,14.5,14.609999656677246,578000
2021-04-16,14.640000343322754,14.640000343322754,14.550000190734863,14.579999923706055,1212300
2021-04-19,14.609999656677246,14.659999847412109,14.560000419616699,14.609999656677246,701400
2021-04-20,14.689999580383301,14.720000267028809,14.470000267028809,14.590000152587891,1155200
2021-04-21,14.449999809265137,14.609999656677246,14.420000076293945,14.5,846700
2021-04-22,14.600000381469727,14.640000343322754,14.5,14.630000114440918,814000
2021-04-23,14.630000114440918,14.75,14.609999656677246,14.739999771118164,1185000
2021-04-26,14.689999580383301,14.869999885559082,14.680000305175781,14.869999885559082,1054800
2021-04-27,14.949999809265137,15.010000228881836,14.850000381469727,14.979999542236328,1516300
2021-04-28,15,15.180000305175781,14.989999771118164,15.039999961853027,1910700
2021-04-29,15.229999542236328,15.229999542236328,15.050000190734863,15.170000076293945,1359400
2021-04-30,15.020000457763672,15.109999656677246,14.949999809265137,15.100000381469727,1246700
2021-05-03,15.220000267028809,15.270000457763672,15.159999847412109,15.189999580383301,2168100
2021-05-04,15.390000343322754,15.420000076293945,15.300000190734863,15.409999847412109,2635800
2021-05-05,15.5,15.510000228881836,15.380000114440918,15.430000305175781,1947200
2021-05-06,15.489999771118164,15.5,15.380000114440918,15.5,2561600
2021-05-07,15.479999542236328,15.609999656677246,15.430000305175781,15.560000419616699,1533300
2021-05-10,15.670000076293945,15.680000305175781,15.409999847412109,15.510000228881836,1944900
2021-05-11,15.409999847412109,15.659999847412109,15.409999847412109,15.630000114440918,1923500
2021-05-12,15.670000076293945,15.789999961853027,15.619999885559082,15.630000114440918,2620000
2021-05-13,15.359999656677246,15.420000076293945,15.130000114440918,15.220000267028809,2360000
2021-05-14,15.369999885559082,15.399999618530273,15.270000457763672,15.310000419616699,1108800
2021-05-17,15.409999847412109,15.520000457763672,15.409999847412109,15.520000457763672,2025900
2021-05-18,15.529999732971191,15.590000152587891,15.289999961853027,15.430000305175781,3079300
2021-05-19,15.159999847412109,15.159999847412109,14.909999847412109,15.100000381469727,3458000
2021-05-20,15.060000419616699,15.109999656677246,14.880000114440918,14.909999847412109,1628600
2021-05-21,15.050000190734863,15.109999656677246,15.039999961853027,15.069999694824219,2648600
2021-05-24,15.130000114440918,15.319999694824219,15.109999656677246,15.319999694824219,1394400
2021-05-25,15.289999961853027,15.350000381469727,15.210000038146973,15.229999542236328,1119900
2021-05-26,15.199999809265137,15.300000190734863,15.119999885559082,15.260000228881836,1036000
2021-05-27,15.300000190734863,15.520000457763672,15.300000190734863,15.5,711600
2021-05-28,15.5,15.550000190734863,15.420000076293945,15.460000038146973,1067300
2021-06-01,15.75,15.869999885559082,15.630000114440918,15.710000038146973,5903500
2021-06-02,15.789999961853027,15.800000190734863,15.699999809265137,15.779999732971191,1967300
2021-06-03,15.800000190734863,15.800000190734863,15.600000381469727,15.670000076293945,1386300
2021-06-04,15.829999923706055,15.890000343322754,15.770000457763672,15.829999923706055,1200600
2021-06-07,15.859999656677246,15.890000343322754,15.779999732971191,15.779999732971191,794000
2021-06-08,15.760000228881836,15.939999580383301,15.739999771118164,15.939999580383301,777200
2021-06-09,15.949999809265137,15.970000267028809,15.829999923706055,15.890000343322754,1128400
2021-06-10,15.979999542236328,16,15.739999771118164,15.930000305175781,1283500
2021-06-11,15.960000038146973,16,15.890000343322754,15.979999542236328,916300
2021-06-14,15.890000343322754,15.979999542236328,15.869999885559082,15.920000076293945,1702800
2021-06-15,15.880000114440918,15.930000305175781,15.829999923706055,15.930000305175781,1019500
2021-06-16,15.899999618530273,16.020000457763672,15.810000419616699,15.819999694824219,1975200
2021-06-17,15.729999542236328,15.760000228881836,15.350000381469727,15.420000076293945,2579700
2021-06-18,15.5,15.649999618530273,15.460000038146973,15.569999694824219,4015800
2021-06-21,15.520000457763672,15.789999961853027,15.489999771118164,15.789999961853027,1437600
2021-06-22,15.779999732971191,15.850000381469727,15.729999542236328,15.75,1881600
2021-06-23,15.909999847412109,15.989999771118164,15.829999923706055,15.829999923706055,1229900
2021-06-24,15.720000267028809,15.869999885559082,15.699999809265137,15.869999885559082,915400
2021-06-25,15.899999618530273,15.920000076293945,15.729999542236328,15.890000343322754,911100
2021-06-28,15.899999618530273,15.920000076293945,15.840000152587891,15.859999656677246,1319700
2021-06-29,15.949999809265137,16.030000686645508,15.869999885559082,15.930000305175781,796500
2021-06-30,15.920000076293945,16.149999618530273,15.840000152587891,16.090000152587891,1863600
2021-07-01,16.409999847412109,16.430000305175781,16.149999618530273,16.209999084472656,5369200
2021-07-02,16.219999313354492,16.290000915527344,16.129999160766602,16.260000228881836,1496700
2021-07-06,16.219999313354492,16.219999313354492,15.779999732971191,15.909999847412109,1604900
2021-07-07,15.930000305175781,15.939999580383301,15.569999694824219,15.689999580383301,1520700
2021-07-08,15.659999847412109,15.800000190734863,15.569999694824219,15.779999732971191,2039300
2021-07-09,15.899999618530273,16.020000457763672,15.890000343322754,16,733000
2021-07-12,15.899999618530273,16.040000915527344,15.829999923706055,16.020000457763672,917200
2021-07-13,16.030000686645508,16.209999084472656,16,16.159999847412109,1218000
2021-07-14,16.219999313354492,16.25,15.899999618530273,15.970000267028809,1821600
2021-07-15,15.890000343322754,16.010000228881836,15.859999656677246,15.859999656677246,940900
2021-07-16,15.989999771118164,16,15.800000190734863,15.899999618530273,1497600
2021-07-19,15.649999618530273,15.649999618530273,15.170000076293945,15.279999732971191,2556800
2021-07-20,15.300000190734863,15.5,15.199999809265137,15.5,1541400
2021-07-21,15.649999618530273,15.869999885559082,15.649999618530273,15.819999694824219,779600
2021-07-22,15.880000114440918,16.049999237060547,15.819999694824219,16,781100
2021-07-23,16.069999694824219,16.079999923706055,16,16.049999237060547,910100
2021-07-26,16.040000915527344,16.180000305175781,16.020000457763672,16.180000305175781,1181300
2021-07-27,16.180000305175781,16.219999313354492,16.030000686645508,16.079999923706055,734400
2021-07-28,16.129999160766602,16.180000305175781,16.100000381469727,16.120000839233398,487100
2021-07-29,16.25,16.399999618530273,16.190000534057617,16.360000610351562,418100
2021-07-30,16.360000610351562,16.360000610351562,16.239999771118164,16.299999237060547,779600
2021-08-02,16.260000228881836,16.319999694824219,16,16.110000610351562,2105100
2021-08-03,15.869999885559082,16.020000457763672,15.829999923706055,16.020000457763672,995100
2021-08-04,15.819999694824219,15.899999618530273,15.699999809265137,15.710000038146973,916700
2021-08-05,15.760000228881836,15.909999847412109,15.760000228881836,15.869999885559082,699600
2021-08-06,15.909999847412109,15.930000305175781,15.710000038146973,15.729999542236328,846600
2021-08-09,15.5,15.520000457763672,15.369999885559082,15.489999771118164,1031400
2021-08-10,15.579999923706055,15.810000419616699,15.579999923706055,15.770000457763672,778400
2021-08-11,15.670000076293945,15.899999618530273,15.619999885559082,15.859999656677246,648200
2021-08-12,15.859999656677246,15.979999542236328,15.739999771118164,15.880000114440918,733600
2021-08-13,15.930000305175781,15.970000267028809,15.779999732971191,15.779999732971191,631800
2021-08-16,15.670000076293945,15.800000190734863,15.569999694824219,15.739999771118164,969400
2021-08-17,15.670000076293945,15.739999771118164,15.539999961853027,15.579999923706055,827300
2021-08-18,15.609999656677246,15.630000114440918,15.350000381469727,15.380000114440918,1460700
2021-08-19,15.119999885559082,15.199999809265137,15,15.180000305175781,3140400
2021-08-20,15.020000457763672,15.109999656677246,14.890000343322754,14.890000343322754,1347100
2021-08-23,15.130000114440918,15.460000038146973,15.130000114440918,15.420000076293945,1422200
2021-08-24,15.590000152587891,15.739999771118164,15.560000419616699,15.739999771118164,1765500
2021-08-25,15.739999771118164,15.880000114440918,15.689999580383301,15.840000152587891,554900
2021-08-26,15.739999771118164,15.880000114440918,15.710000038146973,15.789999961853027,678700
2021-08-27,15.909999847412109,16.010000228881836,15.909999847412109,16.010000228881836,413000
2021-08-30,16,16.040000915527344,15.920000076293945,16.030000686645508,1174400
2021-08-31,15.960000038146973,15.979999542236328,15.859999656677246,15.909999847412109,1658900
2021-09-01,15.789999961853027,15.909999847412109,15.729999542236328,15.840000152587891,5644200
2021-09-02,16.059999465942383,16.159999847412109,16.040000915527344,16.049999237060547,1065700
2021-09-03,16.110000610351562,16.159999847412109,16.040000915527344,16.059999465942383,414500
2021-09-07,15.939999580383301,15.979999542236328,15.810000419616699,15.840000152587891,889500
2021-09-08,16.040000915527344,16.079999923706055,15.939999580383301,16,986400
2021-09-09,15.869999885559082,16.049999237060547,15.789999961853027,15.829999923706055,645400
2021-09-10,16.079999923706055,16.100000381469727,16.020000457763672,16.040000915527344,840000
2021-09-13,16.149999618530273,16.170000076293945,16.069999694824219,16.139999389648438,489100
2021-09-14,16.229999542236328,16.239999771118164,16.100000381469727,16.170000076293945,934200
2021-09-15,16.450000762939453,16.579999923706055,16.440000534057617,16.510000228881836,1084700
2021-09-16,16.430000305175781,16.450000762939453,16.270000457763672,16.430000305175781,567100
2021-09-17,16.350000381469727,16.350000381469727,16.25,16.290000915527344,924300
2021-09-20,16.100000381469727,16.159999847412109,15.960000038146973,16.090000152587891,1448200
2021-09-21,16.049999237060547,16.079999923706055,15.869999885559082,16.040000915527344,842400
2021-09-22,16.229999542236328,16.360000610351562,16.190000534057617,16.280000686645508,635200
2021-09-23,16.350000381469727,16.549999237060547,16.350000381469727,16.540000915527344,627100
2021-09-24,16.510000228881836,16.659999847412109,16.489999771118164,16.629999160766602,451700
2021-09-27,16.870000839233398,16.940000534057617,16.860000610351562,16.930000305175781,3680100
2021-09-28,17.040000915527344,17.069999694824219,16.780000686645508,16.799999237060547,1898100
2021-09-29,16.809999465942383,16.889999389648438,16.739999771118164,16.739999771118164,880600
2021-09-30,16.659999847412109,16.969999313354492,16.620000839233398,16.860000610351562,2639300
2021-10-01,16.870000839233398,17.049999237060547,16.809999465942383,17.030000686645508,7975800
2021-10-04,17.239999771118164,17.440000534057617,17.239999771118164,17.319999694824219,2131400
2021-10-05,17.459999084472656,17.600000381469727,17.430000305175781,17.540000915527344,1582500
2021-10-06,17.370000839233398,17.370000839233398,17.180000305175781,17.209999084472656,2853300
2021-10-07,17.219999313354492,17.469999313354492,17.129999160766602,17.459999084472656,1482800
2021-10-08,17.559999465942383,17.620000839233398,17.430000305175781,17.510000228881836,1414700
2021-10-11,17.700000762939453,17.729999542236328,17.590000152587891,17.590000152587891,2248100
2021-10-12,17.670000076293945,17.719999313354492,17.530000686645508,17.569999694824219,1512600
2021-10-13,17.530000686645508,17.629999160766602,17.440000534057617,17.610000610351562,1163200
2021-10-14,17.799999237060547,17.829999923706055,17.680000305175781,17.809999465942383,1076500
2021-10-15,17.969999313354492,18.020000457763672,17.889999389648438,17.930000305175781,1383500
2021-10-18,18.030000686645508,18.049999237060547,17.819999694824219,17.819999694824219,2900600
2021-10-19,17.770000457763672,17.950000762939453,17.75,17.889999389648438,788500
2021-10-20,17.809999465942383,18.110000610351562,17.790000915527344,18.100000381469727,964400
2021-10-21,17.889999389648438,17.909999847412109,17.620000839233398,17.829999923706055,1240600
2021-10-22,17.920000076293945,17.979999542236328,17.770000457763672,17.969999313354492,876000
2021-10-25,18.170000076293945,18.209999084472656,18.059999465942383,18.079999923706055,1520000
2021-10-26,18.040000915527344,18.170000076293945,17.979999542236328,18.120000839233398,1205300
2021-10-27,17.930000305175781,18.059999465942383,17.809999465942383,17.809999465942383,1808400
2021-10-28,17.829999923706055,17.920000076293945,17.729999542236328,17.920000076293945,1317600
2021-10-29,17.75,17.889999389648438,17.649999618530273,17.850000381469727,1541300
2021-11-01,18.010000228881836,18.049999237060547,17.930000305175781,17.979999542236328,4560300
2021-11-02,17.940000534057617,18,17.879999160766602,17.969999313354492,1697000
2021-11-03,17.719999313354492,17.799999237060547,17.549999237060547,17.569999694824219,1276000
2021-11-04,17.879999160766602,17.979999542236328,17.340000152587891,17.399999618530273,2202800
2021-11-05,17.479999542236328,17.670000076293945,17.389999389648438,17.629999160766602,1628100
2021-11-08,17.659999847412109,17.75,17.629999160766602,17.739999771118164,848600
2021-11-09,17.729999542236328,17.870000839233398,17.639999389648438,17.860000610351562,1335200
2021-11-10,17.829999923706055,17.899999618530273,17.530000686645508,17.620000839233398,1221100
2021-11-11,17.680000305175781,17.790000915527344,17.620000839233398,17.690000534057617,813800
2021-11-12,17.629999160766602,17.739999771118164,17.600000381469727,17.639999389648438,1034600
2021-11-15,17.530000686645508,17.690000534057617,17.459999084472656,17.680000305175781,1512500
2021-11-16,17.670000076293945,17.760000228881836,17.600000381469727,17.680000305175781,422800
2021-11-17,17.610000610351562,17.659999847412109,17.360000610351562,17.450000762939453,725100
2021-11-18,17.530000686645508,17.559999465942383,17.409999847412109,17.510000228881836,525800
2021-11-19,17.420000076293945,17.430000305175781,17.170000076293945,17.239999771118164,902200
2021-11-22,17.229999542236328,17.430000305175781,17.229999542236328,17.350000381469727,2045800
2021-11-23,17.520000457763672,17.729999542236328,17.520000457763672,17.729999542236328,891000
2021-11-24,17.680000305175781,17.760000228881836,17.659999847412109,17.659999847412109,1479900
2021-11-26,16.969999313354492,16.969999313354492,16.309999465942383,16.510000228881836,3048000
2021-11-29,16.860000610351562,16.909999847412109,16.370000839233398,16.469999313354492,1859400
2021-11-30,16.129999160766602,16.209999084472656,15.689999580383301,15.960000038146973,2794600
2021-12-01,16.149999618530273,16.219999313354492,15.710000038146973,15.75,5550700
2021-12-02,15.710000038146973,16.069999694824219,15.649999618530273,16.010000228881836,1743200
2021-12-03,16.270000457763672,16.340000152587891,15.899999618530273,15.960000038146973,1516600
2021-12-06,16.069999694824219,16.370000839233398,16.010000228881836,16.340000152587891,1390400
2021-12-07,16.5,16.690000534057617,16.469999313354492,16.530000686645508,1091200
2021-12-08,16.590000152587891,16.729999542236328,16.569999694824219,16.719999313354492,1472200
2021-12-09,16.549999237060547,16.590000152587891,16.409999847412109,16.420000076293945,2020700
2021-12-10,16.549999237060547,16.629999160766602,16.489999771118164,16.620000839233398,1163600
2021-12-13,16.569999694824219,16.649999618530273,16.489999771118164,16.520000457763672,1435600
2021-12-14,16.370000839233398,16.440000534057617,16.280000686645508,16.389999389648438,1352500
2021-12-15,16.340000152587891,16.479999542236328,16.219999313354492,16.479999542236328,1494500
2021-12-16,16.520000457763672,16.700000762939453,16.469999313354492,16.590000152587891,1130600
2021-12-17,16.520000457763672,16.540000915527344,16.360000610351562,16.409999847412109,1078000
2021-12-20,16.100000381469727,16.25,15.909999847412109,16.219999313354492,1486500
2021-12-21,16.440000534057617,16.639999389648438,16.399999618530273,16.639999389648438,1102800
2021-12-22,16.700000762939453,16.920000076293945,16.680000305175781,16.920000076293945,1945000
2021-12-23,16.870000839233398,17.049999237060547,16.860000610351562,17.040000915527344,533300
2021-12-27,17,17.319999694824219,16.989999771118164,17.290000915527344,1264200
2021-12-28,17.340000152587891,17.370000839233398,17.239999771118164,17.25,731100
2021-12-29,17.219999313354492,17.450000762939453,17.200000762939453,17.319999694824219,1486500
2021-12-30,17.350000381469727,17.420000076293945,17.229999542236328,17.239999771118164,1693400
2021-12-31,17.260000228881836,17.280000686645508,17.069999694824219,17.110000610351562,1494300
2022-01-03,17.059999465942383,17.219999313354492,17,17.180000305175781,5418600
2022-01-04,17.270000457763672,17.440000534057617,17.270000457763672,17.370000839233398,7461500
2022-01-05,17.5,17.600000381469727,17.389999389648438,17.389999389648438,2849400
2022-01-06,17.639999389648438,17.680000305175781,17.549999237060547,17.600000381469727,950700
2022-01-07,17.639999389648438,17.649999618530273,17.549999237060547,17.649999618530273,690600
2022-01-10,17.610000610351562,17.639999389648438,17.469999313354492,17.559999465942383,1039700
2022-01-11,17.700000762939453,17.989999771118164,17.600000381469727,17.989999771118164,1437400
2022-01-12,18.079999923706055,18.239999771118164,18.059999465942383,18.190000534057617,1834200
2022-01-13,18.170000076293945,18.170000076293945,17.950000762939453,17.969999313354492,1527200
2022-01-14,18.100000381469727,18.319999694824219,18.090000152587891,18.319999694824219,867400
2022-01-18,18.399999618530273,18.540000915527344,18.360000610351562,18.530000686645508,2269000
2022-01-19,18.649999618530273,18.780000686645508,18.610000610351562,18.620000839233398,3753700
2022-01-20,18.690000534057617,18.840000152587891,18.549999237060547,18.559999465942383,1462700
2022-01-21,18.610000610351562,18.670000076293945,18.479999542236328,18.569999694824219,1852300
2022-01-24,18.409999847412109,18.489999771118164,18.190000534057617,18.469999313354492,2197000
2022-01-25,18.450000762939453,18.719999313354492,18.440000534057617,18.670000076293945,1738000
2022-01-26,18.829999923706055,19.010000228881836,18.780000686645508,18.819999694824219,1467600
2022-01-27,19.030000686645508,19.030000686645508,18.799999237060547,18.920000076293945,5542700
2022-01-28,19.110000610351562,19.190000534057617,18.920000076293945,19.020000457763672,3414800
2022-01-31,19.139999389648438,19.139999389648438,18.870000839233398,19.120000839233398,2980200
2022-02-01,19.059999465942383,19.260000228881836,19.020000457763672,19.260000228881836,10843800
2022-02-02,19.360000610351562,19.379999160766602,19.159999847412109,19.319999694824219,3594600
2022-02-03,19.129999160766602,19.459999084472656,19.069999694824219,19.399999618530273,2527600
2022-02-04,19.649999618530273,19.770000457763672,19.610000610351562,19.670000076293945,1980400
2022-02-07,19.620000839233398,19.690000534057617,19.559999465942383,19.629999160766602,1731700
2022-02-08,19.440000534057617,19.459999084472656,19.260000228881836,19.409999847412109,2274500
2022-02-09,19.459999084472656,19.629999160766602,19.440000534057617,19.629999160766602,2420700
2022-02-10,19.579999923706055,19.840000152587891,19.459999084472656,19.5,3135300
2022-02-11,19.590000152587891,20.020000457763672,19.569999694824219,19.930000305175781,2826600
2022-02-14,19.770000457763672,20.149999618530273,19.719999313354492,20.059999465942383,4074000
2022-02-15,19.690000534057617,19.700000762939453,19.520000457763672,19.700000762939453,3845900
2022-02-16,19.870000839233398,20.079999923706055,19.620000839233398,19.629999160766602,3901400
2022-02-17,19.700000762939453,19.840000152587891,19.649999618530273,19.770000457763672,1847500
2022-02-18,19.629999160766602,19.950000762939453,19.569999694824219,19.840000152587891,2295200
2022-02-22,20.329999923706055,20.360000610351562,20.079999923706055,20.170000076293945,5461900
2022-02-23,20.200000762939453,20.479999542236328,20.190000534057617,20.280000686645508,3075200
2022-02-24,21.389999389648438,21.430000305175781,20.309999465942383,20.579999923706055,8074600
2022-02-25,20.25,20.350000381469727,19.950000762939453,20.229999542236328,4850700
2022-02-28,20.700000762939453,20.889999389648438,20.600000381469727,20.809999465942383,4746300
2022-03-01,21.659999847412109,22.239999771118164,21.579999923706055,22.069999694824219,8994000
2022-03-02,22.899999618530273,23.340000152587891,22.409999847412109,23.190000534057617,9799200
2022-03-03,23.120000839233398,23.639999389648438,22.989999771118164,23.229999542236328,7273600
2022-03-04,24,24.450000762939453,23.520000457763672,24.260000228881836,7995700
2022-03-07,24.590000152587891,25.229999542236328,24.409999847412109,24.909999847412109,11178900
2022-03-08,25.690000534057617,26.079999923706055,24.700000762939453,25.850000381469727,10898400
2022-03-09,24.360000610351562,24.5,22.450000762939453,23.079999923706055,10203700
2022-03-10,23.559999465942383,23.760000228881836,22.520000457763672,22.579999923706055,5531300
2022-03-11,22.559999465942383,23.159999847412109,22.559999465942383,23,4773500
2022-03-14,22.430000305175781,22.440000534057617,21.969999313354492,22.100000381469727,6604500
2022-03-15,21.350000381469727,21.739999771118164,21.139999389648438,21.459999084472656,6201600
2022-03-16,21.719999313354492,21.850000381469727,21.149999618530273,21.290000915527344,4506000
2022-03-17,22.280000686645508,22.629999160766602,22.190000534057617,22.5,3156900
2022-03-18,22.579999923706055,22.709999084472656,22.389999389648438,22.700000762939453,2640400
2022-03-21,23.370000839233398,23.819999694824219,23.309999465942383,23.819999694824219,2669900
2022-03-22,23.75,23.829999923706055,23.450000762939453,23.649999618530273,2450800
2022-03-23,24.290000915527344,24.600000381469727,24.270000457763672,24.489999771118164,2060600
2022-03-24,24.559999465942383,24.579999923706055,24.079999923706055,24.190000534057617,5127900
2022-03-25,24,24.5,23.909999847412109,24.379999160766602,2045200
2022-03-28,23.459999084472656,23.700000762939453,22.899999618530273,22.969999313354492,3352700
2022-03-29,22.379999160766602,23.100000381469727,22.280000686645508,23.049999237060547,3282100
2022-03-30,23.540000915527344,23.690000534057617,23.350000381469727,23.420000076293945,2666700
2022-03-31,23.020000457763672,23.270000457763672,22.559999465942383,22.649999618530273,3844900
2022-04-01,22.629999160766602,22.829999923706055,22.530000686645508,22.610000610351562,2727000
2022-04-04,23.090000152587891,23.219999313354492,22.850000381469727,23.139999389648438,3271200
2022-04-05,23.290000915527344,23.409999847412109,22.729999542236328,22.770000457763672,2948200
2022-04-06,23.069999694824219,23.159999847412109,22.229999542236328,22.420000076293945,3266000
2022-04-07,22.389999389648438,22.510000228881836,21.959999084472656,22.360000610351562,1867100
2022-04-08,22.329999923706055,22.680000305175781,22.260000228881836,22.620000839233398,1630100
2022-04-11,22.260000228881836,22.409999847412109,22.120000839233398,22.260000228881836,3195100
2022-04-12,22.809999465942383,23.209999084472656,22.809999465942383,23.110000610351562,1998200
2022-04-13,23.350000381469727,23.760000228881836,23.120000839233398,23.760000228881836,2966700
2022-04-14,23.610000610351562,24.200000762939453,23.530000686645508,24.059999465942383,1717600
2022-04-18,24.389999389648438,24.760000228881836,24.340000152587891,24.450000762939453,2037900
2022-04-19,23.860000610351562,23.870000839233398,23.510000228881836,23.639999389648438,1851800
2022-04-20,23.719999313354492,23.780000686645508,23.319999694824219,23.719999313354492,1485300
2022-04-21,23.840000152587891,23.969999313354492,23.569999694824219,23.760000228881836,2196800
2022-04-22,23.569999694824219,23.659999847412109,23.340000152587891,23.350000381469727,2470300
2022-04-25,22.590000152587891,23.120000839233398,22.459999084472656,23.079999923706055,4673400
2022-04-26,23.229999542236328,23.549999237060547,22.969999313354492,23.430000305175781,2132500
2022-04-27,23.25,23.680000305175781,23.209999084472656,23.600000381469727,1570200
2022-04-28,23.590000152587891,23.930000305175781,23.440000534057617,23.889999389648438,2176000
2022-04-29,24.059999465942383,24.209999084472656,23.649999618530273,23.680000305175781,2407600
2022-05-02,23.389999389648438,24.059999465942383,23.209999084472656,24.059999465942383,2385400
2022-05-03,23.799999237060547,24,23.479999542236328,23.559999465942383,1929300
2022-05-04,24.219999313354492,24.469999313354492,23.989999771118164,24.430000305175781,2434100
2022-05-05,24.680000305175781,24.700000762939453,24.090000152587891,24.329999923706055,2397300
2022-05-06,24.389999389648438,24.520000457763672,24.090000152587891,24.370000839233398,4399900
2022-05-09,23.799999237060547,23.819999694824219,22.930000305175781,22.969999313354492,5486900
2022-05-10,23.200000762939453,23.309999465942383,22.760000228881836,22.850000381469727,2533200
2022-05-11,23.5,23.729999542236328,23.479999542236328,23.579999923706055,1161800
2022-05-12,23.489999771118164,23.770000457763672,23.370000839233398,23.729999542236328,1679600
2022-05-13,24,24.190000534057617,23.829999923706055,24.170000076293945,1039000
2022-05-16,24.280000686645508,24.790000915527344,24.260000228881836,24.75,1701100
2022-05-17,24.780000686645508,24.909999847412109,24.420000076293945,24.459999084472656,1383600
2022-05-18,24.569999694824219,24.569999694824219,23.840000152587891,23.930000305175781,1867300
2022-05-19,23.729999542236328,24.409999847412109,23.700000762939453,24.299999237060547,2520500
2022-05-20,24.360000610351562,24.489999771118164,24.159999847412109,24.420000076293945,1068400
2022-05-23,24.379999160766602,24.629999160766602,24.280000686645508,24.579999923706055,1009000
2022-05-24,24.489999771118164,24.610000610351562,24.329999923706055,24.489999771118164,1093500
2022-05-25,24.549999237060547,24.629999160766602,24.389999389648438,24.629999160766602,935100
2022-05-26,24.670000076293945,25.159999847412109,24.670000076293945,24.989999771118164,2500300
2022-05-27,24.940000534057617,25.270000457763672,24.899999618530273,25.25,1512600
2022-05-31,25.790000915527344,25.809999465942383,24.899999618530273,25.040000915527344,2994300
2022-06-01,25.409999847412109,25.520000457763672,25.180000305175781,25.190000534057617,3184300
2022-06-02,25.409999847412109,25.690000534057617,25.180000305175781,25.680000305175781,2134400
2022-06-03,25.579999923706055,25.959999084472656,25.5,25.920000076293945,1057300
2022-06-06,26,26.069999694824219,25.850000381469727,25.940000534057617,985800
2022-06-07,25.860000610351562,26.139999389648438,25.739999771118164,26.129999160766602,1312500
2022-06-08,26.149999618530273,26.489999771118164,26.079999923706055,26.340000152587891,2601400
2022-06-09,26.100000381469727,26.370000839233398,26.049999237060547,26.280000686645508,1755000
2022-06-10,26.129999160766602,26.159999847412109,25.739999771118164,26,2071500
2022-06-13,25.829999923706055,26.040000915527344,25.319999694824219,25.770000457763672,3239200
2022-06-14,25.819999694824219,25.899999618530273,25.069999694824219,25.299999237060547,3242100
2022-06-15,25.309999465942383,25.549999237060547,25.079999923706055,25.25,1690800
2022-06-16,25.149999618530273,25.530000686645508,24.940000534057617,25.409999847412109,1944400
2022-06-17,25.159999847412109,25.219999313354492,24.260000228881836,24.5,2101000
2022-06-21,24.690000534057617,24.899999618530273,24.450000762939453,24.479999542236328,1473200
2022-06-22,23.610000610351562,24.260000228881836,23.540000915527344,24.010000228881836,1849400
2022-06-23,24.059999465942383,24.120000839233398,23.430000305175781,23.469999313354492,1941400
2022-06-24,23.629999160766602,23.989999771118164,23.5,23.829999923706055,1154300
2022-06-27,23.829999923706055,24.090000152587891,23.569999694824219,23.940000534057617,2017400
2022-06-28,24.040000915527344,24.270000457763672,23.959999084472656,24.229999542236328,1151100
2022-06-29,24.450000762939453,24.549999237060547,23.790000915527344,23.790000915527344,1472700
2022-06-30,23.600000381469727,23.639999389648438,23.049999237060547,23.100000381469727,2938800
2022-07-01,23.5,23.549999237060547,23.180000305175781,23.379999160766602,3760100
2022-07-05,22.760000228881836,22.780000686645508,21.680000305175781,21.850000381469727,5412200
2022-07-06,21.709999084472656,21.850000381469727,21.25,21.540000915527344,3126900
2022-07-07,22.260000228881836,22.670000076293945,22.25,22.399999618530273,3230600
2022-07-08,22.639999389648438,22.850000381469727,22.379999160766602,22.770000457763672,869400
2022-07-11,22.809999465942383,22.889999389648438,22.530000686645508,22.760000228881836,963000
2022-07-12,22.149999618530273,22.25,21.559999465942383,21.579999923706055,2953700
2022-07-13,21.680000305175781,22.059999465942383,21.579999923706055,21.729999542236328,1269500
2022-07-14,21.309999465942383,21.670000076293945,20.979999542236328,21.620000839233398,1427600
2022-07-15,21.840000152587891,22,21.629999160766602,21.889999389648438,1148500
2022-07-18,22.520000457763672,22.680000305175781,22.440000534057617,22.479999542236328,1067100
2022-07-19,22.190000534057617,22.629999160766602,22.170000076293945,22.600000381469727,4419500
2022-07-20,22.5,22.670000076293945,22.360000610351562,22.600000381469727,897600
2022-07-21,21.989999771118164,22.260000228881836,21.940000534057617,22.170000076293945,1069900
2022-07-22,22.090000152587891,22.360000610351562,21.889999389648438,21.920000076293945,506600
2022-07-25,22.190000534057617,22.360000610351562,22.040000915527344,22.309999465942383,927200
2022-07-26,22.739999771118164,22.780000686645508,22.280000686645508,22.329999923706055,848900
2022-07-27,22.579999923706055,22.909999847412109,22.379999160766602,22.860000610351562,1029500
2022-07-28,23,23.040000915527344,22.649999618530273,22.790000915527344,801800
2022-07-29,23.059999465942383,23.420000076293945,22.889999389648438,22.930000305175781,1531700
2022-08-01,22.219999313354492,22.360000610351562,22.030000686645508,22.25,1394300
2022-08-02,22.229999542236328,22.440000534057617,22.030000686645508,22.049999237060547,1436000
2022-08-03,22.219999313354492,22.309999465942383,21.680000305175781,21.850000381469727,980200
2022-08-04,21.620000839233398,21.780000686645508,21.420000076293945,21.559999465942383,1822500
2022-08-05,21.280000686645508,21.850000381469727,21.25,21.469999313354492,1522600
2022-08-08,21.430000305175781,21.739999771118164,21.409999847412109,21.690000534057617,3016900
2022-08-09,21.969999313354492,22.090000152587891,21.75,21.889999389648438,1117200
2022-08-10,21.930000305175781,22.329999923706055,21.639999389648438,22.219999313354492,1539300
2022-08-11,22.530000686645508,22.809999465942383,22.389999389648438,22.659999847412109,925600
2022-08-12,22.520000457763672,22.649999618530273,22.350000381469727,22.569999694824219,1438900
2022-08-15,21.770000457763672,22.209999084472656,21.729999542236328,22.120000839233398,1194300
2022-08-16,22.120000839233398,22.329999923706055,21.790000915527344,21.860000610351562,937100
2022-08-17,21.989999771118164,22.170000076293945,21.809999465942383,22.020000457763672,1186500
2022-08-18,22.260000228881836,22.479999542236328,22.159999847412109,22.360000610351562,3032400
2022-08-19,22.340000152587891,22.620000839233398,22.229999542236328,22.379999160766602,940900
2022-08-22,22.309999465942383,22.629999160766602,22,22.610000610351562,1128200
2022-08-23,22.840000152587891,23.170000076293945,22.840000152587891,23.030000686645508,1130300
2022-08-24,23.129999160766602,23.290000915527344,22.930000305175781,23.290000915527344,911500
2022-08-25,23.370000839233398,23.399999618530273,22.899999618530273,23.020000457763672,712500
2022-08-26,22.989999771118164,23.170000076293945,22.829999923706055,23.069999694824219,1856700
2022-08-29,23.149999618530273,23.540000915527344,23.079999923706055,23.489999771118164,2121000
2022-08-30,23.040000915527344,23.059999465942383,22.520000457763672,22.760000228881836,1885500
2022-08-31,22.379999160766602,22.620000839233398,22.25,22.25,1916800
2022-09-01,21.909999847412109,22.100000381469727,21.700000762939453,21.729999542236328,2306200
2022-09-02,22.090000152587891,22.149999618530273,21.850000381469727,21.889999389648438,819100
2022-09-06,21.950000762939453,21.979999542236328,21.690000534057617,21.719999313354492,1100500
2022-09-07,21.350000381469727,21.600000381469727,21.110000610351562,21.139999389648438,4155200
2022-09-08,21.319999694824219,21.420000076293945,21.090000152587891,21.260000228881836,708100
2022-09-09,21.629999160766602,21.950000762939453,21.620000839233398,21.870000839233398,601200
2022-09-12,22.139999389648438,22.350000381469727,22.079999923706055,22.209999084472656,1050000
2022-09-13,22.090000152587891,22.25,21.739999771118164,22.059999465942383,1309300
2022-09-14,22.100000381469727,22.299999237060547,22.030000686645508,22.159999847412109,768500
2022-09-15,21.659999847412109,21.690000534057617,21.309999465942383,21.420000076293945,1266800
2022-09-16,21.459999084472656,21.530000686645508,21.290000915527344,21.379999160766602,733200
2022-09-19,20.959999084472656,21.510000228881836,20.930000305175781,21.510000228881836,985800
2022-09-20,21.409999847412109,21.520000457763672,21.239999771118164,21.459999084472656,838600
2022-09-21,21.670000076293945,21.719999313354492,21.219999313354492,21.379999160766602,795500
2022-09-22,21.659999847412109,21.75,21.280000686645508,21.329999923706055,833500
2022-09-23,20.620000839233398,20.629999160766602,20.409999847412109,20.530000686645508,1749600
2022-09-26,20.469999313354492,20.649999618530273,20,20.040000915527344,1546400
2022-09-27,20.350000381469727,20.569999694824219,20.229999542236328,20.319999694824219,4164700
2022-09-28,20.489999771118164,20.989999771118164,20.459999084472656,20.979999542236328,673200
2022-09-29,21,21.049999237060547,20.739999771118164,20.879999160766602,750900
2022-09-30,20.649999618530273,20.870000839233398,20.489999771118164,20.579999923706055,2325400
2022-10-03,21.139999389648438,21.180000305175781,20.889999389648438,21.129999160766602,2711300
2022-10-04,21.590000152587891,21.790000915527344,21.520000457763672,21.739999771118164,2158800
2022-10-05,21.809999465942383,22.139999389648438,21.629999160766602,22.100000381469727,1261900
2022-10-06,22.030000686645508,22.25,21.989999771118164,22.229999542236328,806000
2022-10-07,22.280000686645508,22.739999771118164,22.260000228881836,22.610000610351562,1078700
2022-10-10,22.709999084472656,22.879999160766602,22.299999237060547,22.309999465942383,1127400
2022-10-11,22.090000152587891,22.219999313354492,21.920000076293945,21.969999313354492,905400
2022-10-12,22,22.040000915527344,21.819999694824219,21.870000839233398,586900
2022-10-13,21.799999237060547,22.340000152587891,21.739999771118164,22.280000686645508,1026000
2022-10-14,22.049999237060547,22.100000381469727,21.680000305175781,21.729999542236328,1075100
2022-10-17,21.879999160766602,21.930000305175781,21.629999160766602,21.680000305175781,623500
2022-10-18,21.549999237060547,21.639999389648438,21.219999313354492,21.399999618530273,1055600
2022-10-19,21.280000686645508,21.549999237060547,21.219999313354492,21.430000305175781,866300
2022-10-20,21.670000076293945,21.829999923706055,21.389999389648438,21.459999084472656,753300
2022-10-21,21.370000839233398,21.579999923706055,21.299999237060547,21.579999923706055,965000
2022-10-24,21.559999465942383,21.770000457763672,21.479999542236328,21.590000152587891,850000
2022-10-25,21.569999694824219,21.75,21.530000686645508,21.690000534057617,848400
2022-10-26,21.75,22.180000305175781,21.75,22.170000076293945,874900
2022-10-27,22.229999542236328,22.280000686645508,22.110000610351562,22.170000076293945,522800
2022-10-28,21.909999847412109,22.040000915527344,21.75,21.979999542236328,1010600
2022-10-31,21.840000152587891,22.069999694824219,21.690000534057617,21.850000381469727,2083400
2022-11-01,22.229999542236328,22.239999771118164,21.979999542236328,22.100000381469727,1641800
2022-11-02,22.069999694824219,22.430000305175781,21.979999542236328,22.229999542236328,967500
2022-11-03,22.020000457763672,22.319999694824219,21.979999542236328,22.170000076293945,501900
2022-11-04,22.809999465942383,22.979999542236328,22.680000305175781,22.979999542236328,863700
2022-11-07,22.950000762939453,23.149999618530273,22.770000457763672,22.829999923706055,1393300
2022-11-08,22.760000228881836,22.819999694824219,22.340000152587891,22.440000534057617,796100
2022-11-09,22.139999389648438,22.170000076293945,21.840000152587891,21.840000152587891,965600
2022-11-10,21.909999847412109,22.149999618530273,21.829999923706055,22.020000457763672,1499900
2022-11-11,22.479999542236328,22.629999160766602,22.270000457763672,22.420000076293945,1204800
2022-11-14,22.319999694824219,22.549999237060547,21.979999542236328,21.979999542236328,1334100
2022-11-15,22,22.569999694824219,21.879999160766602,22.309999465942383,1045000
2022-11-16,21.969999313354492,22.120000839233398,21.889999389648438,22.069999694824219,776700
2022-11-17,21.840000152587891,21.870000839233398,21.549999237060547,21.629999160766602,1142300
2022-11-18,21.129999160766602,21.459999084472656,21.129999160766602,21.440000534057617,966600
2022-11-21,21.030000686645508,21.5,20.790000915527344,21.399999618530273,1496500
2022-11-22,21.629999160766602,21.809999465942383,21.559999465942383,21.659999847412109,2605100
2022-11-23,21.340000152587891,21.430000305175781,21.159999847412109,21.25,1047000
2022-11-25,21.270000457763672,21.409999847412109,21,21.020000457763672,800200
2022-11-28,20.629999160766602,21.049999237060547,20.590000152587891,20.850000381469727,923600
2022-11-29,21.200000762939453,21.319999694824219,20.979999542236328,21.129999160766602,1980700
2022-11-30,21.530000686645508,21.610000610351562,21.379999160766602,21.590000152587891,2255600
2022-12-01,21.819999694824219,21.920000076293945,21.440000534057617,21.469999313354492,2692800
2022-12-02,21.379999160766602,21.479999542236328,21.129999160766602,21.209999084472656,1676500
2022-12-05,21.399999618530273,21.450000762939453,20.520000457763672,20.590000152587891,1481900
2022-12-06,20.479999542236328,20.569999694824219,19.959999084472656,20.100000381469727,982900
2022-12-07,20.180000305175781,20.260000228881836,19.819999694824219,19.940000534057617,1273100
2022-12-08,20.129999160766602,20.170000076293945,19.739999771118164,19.870000839233398,4620300
2022-12-09,19.989999771118164,20.100000381469727,19.690000534057617,19.889999389648438,1740400
2022-12-12,20.059999465942383,20.319999694824219,20.059999465942383,20.219999313354492,1958500
2022-12-13,20.569999694824219,20.840000152587891,20.569999694824219,20.680000305175781,3220000
2022-12-14,20.790000915527344,21.010000228881836,20.700000762939453,20.930000305175781,1884400
2022-12-15,20.889999389648438,20.930000305175781,20.600000381469727,20.739999771118164,2102600
2022-12-16,20.340000152587891,20.579999923706055,20.290000915527344,20.430000305175781,1351800
2022-12-19,20.489999771118164,20.510000228881836,20.260000228881836,20.409999847412109,845400
2022-12-20,20.350000381469727,20.520000457763672,20.190000534057617,20.420000076293945,1705300
2022-12-21,20.739999771118164,20.889999389648438,20.729999542236328,20.870000839233398,1390800
2022-12-22,20.889999389648438,20.930000305175781,20.569999694824219,20.709999084472656,837800
2022-12-23,20.940000534057617,21.129999160766602,20.780000686645508,21.090000152587891,869000
2022-12-27,20.860000610351562,21.420000076293945,20.649999618530273,21.239999771118164,968300
2022-12-28,21.079999923706055,21.100000381469727,20.770000457763672,21.040000915527344,733800
2022-12-29,20.799999237060547,21.010000228881836,20.75,20.989999771118164,709900
2022-12-30,20.979999542236328,21.260000228881836,20.909999847412109,21.229999542236328,676100
2023-01-03,20.920000076293945,21.079999923706055,20.469999313354492,20.579999923706055,2661000
2023-01-04,20.129999160766602,20.149999618530273,19.829999923706055,19.920000076293945,3235600
2023-01-05,19.879999160766602,20.020000457763672,19.770000457763672,19.860000610351562,542500
2023-01-06,20.110000610351562,20.159999847412109,19.889999389648438,19.969999313354492,841700
2023-01-09,20.290000915527344,20.479999542236328,20.149999618530273,20.209999084472656,1065600
2023-01-10,20.239999771118164,20.370000839233398,20.059999465942383,20.209999084472656,439300
2023-01-11,20.549999237060547,20.690000534057617,20.379999160766602,20.680000305175781,727600
2023-01-12,20.870000839233398,21,20.75,20.899999618530273,1080100
2023-01-13,20.950000762939453,21.159999847412109,20.909999847412109,21.149999618530273,553700
2023-01-17,21.239999771118164,21.379999160766602,21.100000381469727,21.370000839233398,315300
2023-01-18,21.5,21.579999923706055,21.049999237060547,21.079999923706055,615400
2023-01-19,21.219999313354492,21.389999389648438,21.110000610351562,21.280000686645508,415200
2023-01-20,21.389999389648438,21.520000457763672,21.229999542236328,21.489999771118164,413900
2023-01-23,21.540000915527344,21.670000076293945,21.5,21.600000381469727,653200
2023-01-24,21.600000381469727,21.620000839233398,21.299999237060547,21.370000839233398,663900
2023-01-25,21.360000610351562,21.430000305175781,21.209999084472656,21.319999694824219,377700
2023-01-26,21.540000915527344,21.579999923706055,21.329999923706055,21.479999542236328,367600
2023-01-27,21.549999237060547,21.569999694824219,21.129999160766602,21.200000762939453,574700
2023-01-30,21.069999694824219,21.239999771118164,20.870000839233398,20.870000839233398,458800
2023-01-31,20.860000610351562,21.209999084472656,20.819999694824219,21.209999084472656,700300
2023-02-01,21.059999465942383,21.069999694824219,20.520000457763672,20.690000534057617,2504300
2023-02-02,20.639999389648438,20.709999084472656,20.450000762939453,20.469999313354492,1252400
2023-02-03,20.430000305175781,20.729999542236328,19.989999771118164,19.989999771118164,978700
2023-02-06,20.069999694824219,20.129999160766602,19.719999313354492,20.129999160766602,774000
2023-02-07,20.200000762939453,20.600000381469727,20.180000305175781,20.590000152587891,453200
2023-02-08,20.670000076293945,20.729999542236328,20.479999542236328,20.680000305175781,523400
2023-02-09,20.559999465942383,20.610000610351562,20.370000839233398,20.530000686645508,560600
2023-02-10,20.729999542236328,20.899999618530273,20.700000762939453,20.899999618530273,265700
2023-02-13,20.75,20.979999542236328,20.719999313354492,20.829999923706055,839900
2023-02-14,20.649999618530273,20.950000762939453,20.620000839233398,20.899999618530273,359300
2023-02-15,20.690000534057617,20.729999542236328,20.479999542236328,20.639999389648438,568600
2023-02-16,20.600000381469727,20.719999313354492,20.530000686645508,20.530000686645508,330400
2023-02-17,20.190000534057617,20.350000381469727,20.079999923706055,20.299999237060547,438200
2023-02-21,20.450000762939453,20.559999465942383,20.299999237060547,20.379999160766602,400200
2023-02-22,20.280000686645508,20.340000152587891,20,20,480600
2023-02-23,20.209999084472656,20.290000915527344,20.049999237060547,20.170000076293945,287300
2023-02-24,19.959999084472656,20.229999542236328,19.860000610351562,20.219999313354492,377300
2023-02-27,20.229999542236328,20.25,20.069999694824219,20.180000305175781,164800
2023-02-28,20.379999160766602,20.389999389648438,20.270000457763672,20.309999465942383,343600
2023-03-01,20.370000839233398,20.610000610351562,20.290000915527344,20.610000610351562,2453900
2023-03-02,20.629999160766602,20.639999389648438,20.440000534057617,20.549999237060547,338100
2023-03-03,20.389999389648438,20.870000839233398,20.389999389648438,20.870000839233398,260200
2023-03-06,20.610000610351562,20.850000381469727,20.579999923706055,20.850000381469727,574300
2023-03-07,20.799999237060547,20.799999237060547,20.299999237060547,20.309999465942383,1018000
2023-03-08,20.190000534057617,20.319999694824219,20.129999160766602,20.200000762939453,287600
2023-03-09,20.299999237060547,20.379999160766602,19.899999618530273,19.920000076293945,595900
2023-03-10,19.930000305175781,20.170000076293945,19.920000076293945,20.129999160766602,298300
2023-03-13,19.729999542236328,20.159999847412109,19.649999618530273,19.909999847412109,591900
2023-03-14,19.719999313354492,19.950000762939453,19.479999542236328,19.559999465942383,1040900
2023-03-15,19.059999465942383,19.200000762939453,18.649999618530273,19.010000228881836,1079200
2023-03-16,18.819999694824219,19.190000534057617,18.670000076293945,19.059999465942383,492000
2023-03-17,19.079999923706055,19.079999923706055,18.700000762939453,18.889999389648438,289500
2023-03-20,18.879999160766602,19.030000686645508,18.770000457763672,19.020000457763672,549600
2023-03-21,19.120000839233398,19.25,19.030000686645508,19.209999084472656,1105900
2023-03-22,19.270000457763672,19.409999847412109,19.120000839233398,19.239999771118164,474000
2023-03-23,19.409999847412109,19.5,19.129999160766602,19.149999618530273,401800
2023-03-24,19.079999923706055,19.280000686645508,19.040000915527344,19.239999771118164,416100
2023-03-27,19.370000839233398,19.760000228881836,19.319999694824219,19.739999771118164,398200
2023-03-28,19.709999084472656,19.899999618530273,19.709999084472656,19.829999923706055,339100
2023-03-29,19.889999389648438,19.959999084472656,19.680000305175781,19.709999084472656,340000
2023-03-30,19.790000915527344,19.879999160766602,19.690000534057617,19.870000839233398,267800
2023-03-31,19.950000762939453,20.120000839233398,19.879999160766602,20.120000839233398,806200
2023-04-03,20.680000305175781,20.829999923706055,20.590000152587891,20.659999847412109,2353600
2023-04-04,20.739999771118164,20.770000457763672,20.459999084472656,20.629999160766602,460000
2023-04-05,20.649999618530273,20.700000762939453,20.549999237060547,20.659999847412109,432800
2023-04-06,20.700000762939453,20.700000762939453,20.540000915527344,20.620000839233398,210000
2023-04-10,20.590000152587891,20.709999084472656,20.569999694824219,20.600000381469727,479700
2023-04-11,20.620000839233398,20.809999465942383,20.610000610351562,20.809999465942383,392300
2023-04-12,20.879999160766602,21.079999923706055,20.860000610351562,21.010000228881836,286200
2023-04-13,21.020000457763672,21.100000381469727,20.889999389648438,20.930000305175781,251800
2023-04-14,20.969999313354492,21.040000915527344,20.809999465942383,20.979999542236328,213600
2023-04-17,20.920000076293945,20.950000762939453,20.760000228881836,20.840000152587891,397100
2023-04-18,20.850000381469727,20.989999771118164,20.729999542236328,20.879999160766602,327600
2023-04-19,20.659999847412109,20.709999084472656,20.5,20.559999465942383,299400
2023-04-20,20.290000915527344,20.340000152587891,20.170000076293945,20.209999084472656,415000
2023-04-21,20.360000610351562,20.360000610351562,20.149999618530273,20.209999084472656,240800
2023-04-24,20.170000076293945,20.430000305175781,20.159999847412109,20.379999160766602,226800
2023-04-25,20.180000305175781,20.200000762939453,19.930000305175781,20.010000228881836,507800
2023-04-26,19.940000534057617,20,19.590000152587891,19.600000381469727,328100
2023-04-27,19.629999160766602,19.709999084472656,19.510000228881836,19.629999160766602,772900
2023-04-28,19.629999160766602,19.950000762939453,19.590000152587891,19.909999847412109,593300
2023-05-01,19.780000686645508,19.870000839233398,19.600000381469727,19.760000228881836,394000
2023-05-02,19.559999465942383,19.559999465942383,19.129999160766602,19.159999847412109,331000
2023-05-03,18.879999160766602,18.879999160766602,18.670000076293945,18.690000534057617,2066600
2023-05-04,18.729999542236328,18.989999771118164,18.649999618530273,18.799999237060547,327400
2023-05-05,19.149999618530273,19.309999465942383,19.149999618530273,19.260000228881836,418700
2023-05-08,19.600000381469727,19.629999160766602,19.469999313354492,19.520000457763672,1880800
2023-05-09,19.389999389648438,19.600000381469727,19.219999313354492,19.579999923706055,709600
2023-05-10,19.510000228881836,19.540000915527344,19.340000152587891,19.469999313354492,364300
2023-05-11,19.200000762939453,19.270000457763672,19.069999694824219,19.149999618530273,402600
2023-05-12,19.170000076293945,19.229999542236328,18.979999542236328,19.030000686645508,391200
2023-05-15,19.149999618530273,19.389999389648438,19.149999618530273,19.319999694824219,491200
2023-05-16,19.270000457763672,19.360000610351562,19.120000839233398,19.120000839233398,289000
2023-05-17,19.319999694824219,19.459999084472656,19.159999847412109,19.430000305175781,313900
2023-05-18,19.239999771118164,19.299999237060547,19.159999847412109,19.290000915527344,283500
2023-05-19,19.409999847412109,19.440000534057617,19.139999389648438,19.25,338200
2023-05-22,19.180000305175781,19.299999237060547,19.129999160766602,19.239999771118164,287900
2023-05-23,19.329999923706055,19.430000305175781,19.280000686645508,19.319999694824219,311600
2023-05-24,19.5,19.569999694824219,19.319999694824219,19.459999084472656,322400
2023-05-25,19.219999313354492,19.260000228881836,19,19.149999618530273,480800
2023-05-26,19.340000152587891,19.389999389648438,19.260000228881836,19.370000839233398,329000
2023-05-30,18.979999542236328,19,18.770000457763672,18.860000610351562,316600
2023-05-31,18.709999084472656,18.840000152587891,18.649999618530273,18.670000076293945,337200
2023-06-01,18.709999084472656,19.149999618530273,18.709999084472656,19,1694900
2023-06-02,19.270000457763672,19.370000839233398,19.170000076293945,19.360000610351562,468900
2023-06-05,19.549999237060547,19.590000152587891,19.329999923706055,19.329999923706055,167200
2023-06-06,19.229999542236328,19.459999084472656,19.209999084472656,19.370000839233398,259900
2023-06-07,19.479999542236328,19.600000381469727,19.459999084472656,19.510000228881836,236700
2023-06-08,19.530000686645508,19.569999694824219,19.090000152587891,19.430000305175781,860300
2023-06-09,19.399999618530273,19.530000686645508,19.290000915527344,19.319999694824219,179300
2023-06-12,19,19.069999694824219,18.860000610351562,18.920000076293945,792100
2023-06-13,19.280000686645508,19.379999160766602,19.270000457763672,19.280000686645508,402800
2023-06-14,19.420000076293945,19.479999542236328,19.149999618530273,19.229999542236328,401900
2023-06-15,19.379999160766602,19.799999237060547,19.379999160766602,19.75,298800
2023-06-16,19.850000381469727,20.079999923706055,19.850000381469727,20.030000686645508,195500
2023-06-20,19.879999160766602,19.879999160766602,19.680000305175781,19.840000152587891,260100
2023-06-21,19.829999923706055,20.190000534057617,19.829999923706055,20.170000076293945,285300
2023-06-22,19.819999694824219,19.889999389648438,19.629999160766602,19.700000762939453,286100
2023-06-23,19.290000915527344,19.530000686645508,19.290000915527344,19.530000686645508,274800
2023-06-26,19.510000228881836,19.719999313354492,19.510000228881836,19.600000381469727,213800
2023-06-27,19.459999084472656,19.5,19.200000762939453,19.229999542236328,245300
2023-06-28,19.129999160766602,19.350000381469727,19.030000686645508,19.260000228881836,336900
2023-06-29,19.25,19.409999847412109,19.190000534057617,19.319999694824219,166200
2023-06-30,19.420000076293945,19.629999160766602,19.389999389648438,19.489999771118164,251200
2023-07-03,19.520000457763672,19.600000381469727,19.430000305175781,19.459999084472656,101500
2023-07-05,19.760000228881836,19.760000228881836,19.569999694824219,19.709999084472656,248000
2023-07-06,19.639999389648438,19.690000534057617,19.409999847412109,19.690000534057617,181200
2023-07-07,19.639999389648438,19.930000305175781,19.639999389648438,19.899999618530273,179500
2023-07-10,19.879999160766602,20.020000457763672,19.809999465942383,19.899999618530273,167100
2023-07-11,19.979999542236328,20.180000305175781,19.950000762939453,20.159999847412109,204600
2023-07-12,20.329999923706055,20.420000076293945,20.209999084472656,20.270000457763672,357900
2023-07-13,20.280000686645508,20.540000915527344,20.25,20.530000686645508,200000
2023-07-14,20.530000686645508,20.530000686645508,20.299999237060547,20.379999160766602,257900
2023-07-17,20.229999542236328,20.299999237060547,20.139999389648438,20.139999389648438,151900
2023-07-18,20.229999542236328,20.520000457763672,20.219999313354492,20.459999084472656,168200
2023-07-19,20.649999618530273,20.770000457763672,20.559999465942383,20.569999694824219,240900
2023-07-20,20.770000457763672,20.790000915527344,20.549999237060547,20.680000305175781,135400
2023-07-21,20.719999313354492,20.870000839233398,20.719999313354492,20.860000610351562,107100
2023-07-24,21.049999237060547,21.379999160766602,21,21.299999237060547,564700
2023-07-25,21.180000305175781,21.420000076293945,21.170000076293945,21.370000839233398,117500
2023-07-26,21.280000686645508,21.340000152587891,21.219999313354492,21.25,247800
2023-07-27,21.319999694824219,21.450000762939453,21.229999542236328,21.350000381469727,154100
2023-07-28,21.319999694824219,21.479999542236328,21.219999313354492,21.450000762939453,177500
2023-07-31,21.479999542236328,21.600000381469727,21.409999847412109,21.600000381469727,166300
2023-08-01,21.479999542236328,21.579999923706055,21.409999847412109,21.549999237060547,2389300
2023-08-02,21.5,21.5,21.049999237060547,21.159999847412109,693600
2023-08-03,21.159999847412109,21.420000076293945,21.129999160766602,21.399999618530273,365500
2023-08-04,21.469999313354492,21.579999923706055,21.360000610351562,21.459999084472656,518000
2023-08-07,21.479999542236328,21.510000228881836,21.350000381469727,21.5,1211800
2023-08-08,21.159999847412109,21.559999465942383,21.090000152587891,21.5,539400
2023-08-09,21.709999084472656,21.840000152587891,21.610000610351562,21.799999237060547,618800
2023-08-10,21.700000762939453,21.809999465942383,21.549999237060547,21.590000152587891,386500
2023-08-11,21.569999694824219,21.729999542236328,21.540000915527344,21.559999465942383,388700
2023-08-14,21.459999084472656,21.520000457763672,21.340000152587891,21.440000534057617,336500
2023-08-15,21.290000915527344,21.309999465942383,21.059999465942383,21.090000152587891,723100
2023-08-16,21.149999618530273,21.219999313354492,20.909999847412109,20.920000076293945,819600
2023-08-17,21.190000534057617,21.229999542236328,21.040000915527344,21.049999237060547,503900
2023-08-18,21.129999160766602,21.329999923706055,21.100000381469727,21.280000686645508,384900
2023-08-21,21.430000305175781,21.430000305175781,21.170000076293945,21.209999084472656,401700
2023-08-22,21.260000228881836,21.270000457763672,21.120000839233398,21.149999618530273,377500
2023-08-23,20.950000762939453,21.229999542236328,20.920000076293945,21.120000839233398,815800
2023-08-24,21,21.219999313354492,20.930000305175781,21.149999618530273,535300
2023-08-25,21.379999160766602,21.520000457763672,21.159999847412109,21.5,608300
2023-08-28,21.420000076293945,21.549999237060547,21.360000610351562,21.440000534057617,522000
2023-08-29,21.409999847412109,21.530000686645508,21.290000915527344,21.520000457763672,687400
2023-08-30,21.559999465942383,21.620000839233398,21.420000076293945,21.520000457763672,762000
2023-08-31,21.569999694824219,21.709999084472656,21.510000228881836,21.700000762939453,280400
2023-09-01,21.930000305175781,22.020000457763672,21.879999160766602,22.010000228881836,1985000
2023-09-05,22.180000305175781,22.340000152587891,22.100000381469727,22.139999389648438,976200
2023-09-06,22.069999694824219,22.260000228881836,22.010000228881836,22.209999084472656,945700
2023-09-07,22.129999160766602,22.219999313354492,22.059999465942383,22.170000076293945,483900
2023-09-08,22.229999542236328,22.350000381469727,22.180000305175781,22.25,365600
2023-09-11,22.450000762939453,22.489999771118164,22.319999694824219,22.399999618530273,564600
2023-09-12,22.469999313354492,22.579999923706055,22.469999313354492,22.520000457763672,639100
2023-09-13,22.569999694824219,22.659999847412109,22.5,22.600000381469727,534700
2023-09-14,22.790000915527344,22.909999847412109,22.75,22.889999389648438,1088600
2023-09-15,22.729999542236328,22.860000610351562,22.670000076293945,22.809999465942383,600600
2023-09-18,22.889999389648438,22.899999618530273,22.670000076293945,22.799999237060547,355600
2023-09-19,22.909999847412109,22.950000762939453,22.780000686645508,22.840000152587891,426100
2023-09-20,22.659999847412109,22.850000381469727,22.579999923706055,22.579999923706055,651700
2023-09-21,22.809999465942383,22.829999923706055,22.530000686645508,22.530000686645508,926700
2023-09-22,22.760000228881836,22.790000915527344,22.489999771118164,22.579999923706055,383200
2023-09-25,22.549999237060547,22.559999465942383,22.379999160766602,22.5,287200
2023-09-26,22.389999389648438,22.530000686645508,22.370000839233398,22.530000686645508,1358300
2023-09-27,22.709999084472656,22.909999847412109,22.709999084472656,22.829999923706055,343600
2023-09-28,22.780000686645508,22.920000076293945,22.700000762939453,22.739999771118164,484600
2023-09-29,22.840000152587891,22.860000610351562,22.479999542236328,22.510000228881836,1349800
2023-10-02,22.530000686645508,22.569999694824219,22.209999084472656,22.25,1607300
2023-10-03,22.219999313354492,22.280000686645508,22.110000610351562,22.229999542236328,1159100
2023-10-04,21.870000839233398,21.879999160766602,21.379999160766602,21.489999771118164,905300
2023-10-05,21.149999618530273,21.420000076293945,21.129999160766602,21.229999542236328,620600
2023-10-06,21.350000381469727,21.399999618530273,21.159999847412109,21.340000152587891,1073300
2023-10-09,21.729999542236328,21.899999618530273,21.670000076293945,21.860000610351562,1099100
2023-10-10,21.850000381469727,21.850000381469727,21.659999847412109,21.780000686645508,1189700
2023-10-11,21.610000610351562,21.670000076293945,21.399999618530273,21.579999923706055,522500
2023-10-12,21.709999084472656,21.729999542236328,21.489999771118164,21.620000839233398,1012100
2023-10-13,22.079999923706055,22.270000457763672,21.969999313354492,22.260000228881836,574800
2023-10-16,22.170000076293945,22.219999313354492,22.049999237060547,22.120000839233398,755700
2023-10-17,22,22.190000534057617,21.930000305175781,22.139999389648438,580800
2023-10-18,22.299999237060547,22.420000076293945,22.270000457763672,22.329999923706055,840800
2023-10-19,22.260000228881836,22.629999160766602,22.209999084472656,22.610000610351562,583600
2023-10-20,22.659999847412109,22.690000534057617,22.370000839233398,22.409999847412109,806400
2023-10-23,22.379999160766602,22.379999160766602,22.030000686645508,22.120000839233398,1028100
2023-10-24,21.959999084472656,21.989999771118164,21.680000305175781,21.780000686645508,807800
2023-10-25,21.829999923706055,22.030000686645508,21.530000686645508,21.979999542236328,443900
2023-10-26,21.770000457763672,21.930000305175781,21.739999771118164,21.799999237060547,438800
2023-10-27,21.940000534057617,22.190000534057617,21.780000686645508,22.110000610351562,1010700
2023-10-30,21.920000076293945,21.979999542236328,21.600000381469727,21.719999313354492,545800
2023-10-31,21.760000228881836,21.889999389648438,21.540000915527344,21.629999160766602,1019200
2023-11-01,21.860000610351562,21.879999160766602,21.5,21.590000152587891,859300
2023-11-02,21.620000839233398,21.920000076293945,21.610000610351562,21.870000839233398,916000
2023-11-03,21.709999084472656,21.940000534057617,21.579999923706055,21.670000076293945,1079400
2023-11-06,21.799999237060547,21.850000381469727,21.649999618530273,21.659999847412109,910400
2023-11-07,21.270000457763672,21.309999465942383,21.020000457763672,21.049999237060547,908400
2023-11-08,20.950000762939453,21.040000915527344,20.680000305175781,20.770000457763672,608000
2023-11-09,20.809999465942383,20.950000762939453,20.659999847412109,20.670000076293945,1035400
2023-11-10,20.819999694824219,20.930000305175781,20.760000228881836,20.870000839233398,928800
2023-11-13,20.889999389648438,21.219999313354492,20.889999389648438,21.219999313354492,496100
2023-11-14,21.270000457763672,21.409999847412109,21.120000839233398,21.180000305175781,1557200
2023-11-15,21.030000686645508,21.170000076293945,20.989999771118164,21.030000686645508,556000
2023-11-16,20.739999771118164,20.75,20.350000381469727,20.420000076293945,918300
2023-11-17,20.569999694824219,20.819999694824219,20.549999237060547,20.799999237060547,1079400
2023-11-20,21.010000228881836,21.180000305175781,20.979999542236328,21.079999923706055,735600
2023-11-21,21.079999923706055,21.190000534057617,21.040000915527344,21.180000305175781,631100
2023-11-22,20.620000839233398,21.010000228881836,20.569999694824219,20.969999313354492,407600
2023-11-24,20.850000381469727,20.969999313354492,20.760000228881836,20.760000228881836,486600
2023-11-27,20.680000305175781,20.760000228881836,20.5,20.549999237060547,797900
2023-11-28,20.700000762939453,20.950000762939453,20.639999389648438,20.860000610351562,724000
2023-11-29,20.989999771118164,21.110000610351562,20.739999771118164,21.069999694824219,1002700
2023-11-30,21.190000534057617,21.299999237060547,20.659999847412109,20.680000305175781,2225800
2023-12-01,20.700000762939453,20.899999618530273,20.450000762939453,20.489999771118164,4727600
2023-12-04,20.350000381469727,20.540000915527344,20.229999542236328,20.329999923706055,1763100
2023-12-05,20.379999160766602,20.469999313354492,20.180000305175781,20.180000305175781,1021200
2023-12-06,19.959999084472656,20.010000228881836,19.620000839233398,19.620000839233398,2086500
2023-12-07,19.780000686645508,19.809999465942383,19.590000152587891,19.709999084472656,1399600
2023-12-08,19.870000839233398,20.010000228881836,19.819999694824219,19.920000076293945,447100
2023-12-11,19.829999923706055,19.920000076293945,19.719999313354492,19.879999160766602,487400
2023-12-12,19.549999237060547,19.590000152587891,19.409999847412109,19.469999313354492,712800
2023-12-13,19.479999542236328,19.680000305175781,19.450000762939453,19.680000305175781,485300
2023-12-14,19.969999313354492,20.120000839233398,19.969999313354492,20.079999923706055,962300
2023-12-15,20.090000152587891,20.170000076293945,19.909999847412109,20.149999618530273,488300
2023-12-18,20.430000305175781,20.549999237060547,20.219999313354492,20.319999694824219,939100
2023-12-19,20.309999465942383,20.530000686645508,20.290000915527344,20.520000457763672,1281400
2023-12-20,20.610000610351562,20.639999389648438,20.309999465942383,20.309999465942383,1098300
2023-12-21,20.25,20.409999847412109,20.25,20.409999847412109,933200
2023-12-22,20.489999771118164,20.559999465942383,20.319999694824219,20.329999923706055,460100
2023-12-26,20.610000610351562,20.729999542236328,20.379999160766602,20.620000839233398,1139700
2023-12-27,20.610000610351562,20.670000076293945,20.459999084472656,20.479999542236328,646500
2023-12-28,20.350000381469727,20.459999084472656,20.149999618530273,20.180000305175781,972500
2023-12-29,20.239999771118164,20.260000228881836,20.049999237060547,20.059999465942383,954400
2024-01-02,20.190000534057617,20.200000762939453,19.809999465942383,19.850000381469727,3386800
2024-01-03,20.049999237060547,20.270000457763672,20.010000228881836,20.25,781700
2024-01-04,20.209999084472656,20.260000228881836,19.969999313354492,20.190000534057617,848600
2024-01-05,20.319999694824219,20.420000076293945,20.229999542236328,20.329999923706055,389600
2024-01-08,19.840000152587891,19.979999542236328,19.739999771118164,19.950000762939453,322500
2024-01-09,20.139999389648438,20.319999694824219,20.040000915527344,20.180000305175781,1353700
2024-01-10,20.319999694824219,20.350000381469727,19.989999771118164,20.020000457763672,417100
2024-01-11,20.329999923706055,20.430000305175781,20.180000305175781,20.25,368100
2024-01-12,20.569999694824219,20.649999618530273,20.200000762939453,20.290000915527344,474100
2024-01-16,20.350000381469727,20.350000381469727,20.129999160766602,20.139999389648438,224000
2024-01-17,20.020000457763672,20.170000076293945,19.959999084472656,20.159999847412109,311700
2024-01-18,20.190000534057617,20.409999847412109,20.120000839233398,20.370000839233398,181900
2024-01-19,20.489999771118164,20.530000686645508,20.299999237060547,20.350000381469727,650600
2024-01-22,20.329999923706055,20.600000381469727,20.309999465942383,20.5,379200
2024-01-23,20.469999313354492,20.670000076293945,20.469999313354492,20.590000152587891,435000
2024-01-24,20.700000762939453,20.829999923706055,20.610000610351562,20.770000457763672,356200
2024-01-25,20.959999084472656,21.100000381469727,20.840000152587891,21.059999465942383,341800
2024-01-26,21.010000228881836,21.260000228881836,20.870000839233398,21.25,544200
2024-01-29,21.120000839233398,21.139999389648438,20.940000534057617,21.020000457763672,175100
2024-01-30,20.969999313354492,21.219999313354492,20.959999084472656,21.200000762939453,355600
2024-01-31,21.129999160766602,21.159999847412109,20.899999618530273,20.940000534057617,316700
2024-02-01,20.989999771118164,21.059999465942383,20.600000381469727,20.639999389648438,481800
2024-02-02,20.440000534057617,20.520000457763672,20.340000152587891,20.370000839233398,349900
2024-02-05,20.389999389648438,20.5,20.25,20.469999313354492,689500
2024-02-06,20.530000686645508,20.659999847412109,20.510000228881836,20.590000152587891,252300
2024-02-07,20.629999160766602,20.75,20.629999160766602,20.719999313354492,729600
2024-02-08,20.850000381469727,21.049999237060547,20.850000381469727,21.030000686645508,306800
2024-02-09,21.100000381469727,21.190000534057617,21.030000686645508,21.069999694824219,222200
2024-02-12,21.079999923706055,21.139999389648438,21.020000457763672,21.110000610351562,271900
2024-02-13,21.120000839233398,21.190000534057617,21.020000457763672,21.079999923706055,449700
2024-02-14,21.120000839233398,21.200000762939453,20.840000152587891,20.850000381469727,228800
2024-02-15,20.889999389648438,21.110000610351562,20.889999389648438,21.010000228881836,310900
2024-02-16,21,21.139999389648438,20.979999542236328,21.110000610351562,209000
2024-02-20,21.100000381469727,21.120000839233398,20.899999618530273,21,202000
2024-02-21,21,21.090000152587891,20.979999542236328,21.090000152587891,266900
2024-02-22,21,21.200000762939453,20.989999771118164,21.159999847412109,272300
2024-02-23,20.920000076293945,20.950000762939453,20.809999465942383,20.860000610351562,495700
2024-02-26,20.829999923706055,21.110000610351562,20.809999465942383,21.049999237060547,397800
2024-02-27,21.120000839233398,21.25,21.110000610351562,21.219999313354492,649700
2024-02-28,21.229999542236328,21.280000686645508,21.069999694824219,21.100000381469727,350900
2024-02-29,21.079999923706055,21.25,21.030000686645508,21.120000839233398,284500
2024-03-01,21.290000915527344,21.479999542236328,21.229999542236328,21.350000381469727,3055500
2024-03-04,21.450000762939453,21.469999313354492,21.219999313354492,21.270000457763672,631700
2024-03-05,21.190000534057617,21.290000915527344,21.069999694824219,21.110000610351562,626900
2024-03-06,21.299999237060547,21.450000762939453,21.260000228881836,21.270000457763672,325700
2024-03-07,21.219999313354492,21.450000762939453,21.200000762939453,21.340000152587891,303700
2024-03-08,21.280000686645508,21.290000915527344,21.110000610351562,21.190000534057617,303200
2024-03-11,21.139999389648438,21.350000381469727,21.059999465942383,21.309999465942383,226100
2024-03-12,21.260000228881836,21.389999389648438,21.200000762939453,21.280000686645508,358000
2024-03-13,21.479999542236328,21.629999160766602,21.479999542236328,21.610000610351562,450500
2024-03-14,21.670000076293945,21.790000915527344,21.649999618530273,21.719999313354492,410300
2024-03-15,21.700000762939453,21.819999694824219,21.659999847412109,21.809999465942383,204200
2024-03-18,21.930000305175781,22.120000839233398,21.899999618530273,22.100000381469727,417300
2024-03-19,22.069999694824219,22.129999160766602,22.040000915527344,22.100000381469727,272800
2024-03-20,21.870000839233398,21.950000762939453,21.770000457763672,21.930000305175781,301800
2024-03-21,21.920000076293945,21.920000076293945,21.75,21.879999160766602,314700
2024-03-22,21.899999618530273,21.899999618530273,21.770000457763672,21.799999237060547,595400
2024-03-25,21.889999389648438,22.090000152587891,21.879999160766602,21.979999542236328,460500
2024-03-26,22.020000457763672,22.020000457763672,21.790000915527344,21.809999465942383,156800
2024-03-27,21.709999084472656,21.829999923706055,21.700000762939453,21.829999923706055,339800
2024-03-28,21.909999847412109,22.120000839233398,21.909999847412109,22.059999465942383,271300
2024-04-01,22.120000839233398,22.309999465942383,22.069999694824219,22.219999313354492,345200
2024-04-02,22.379999160766602,22.450000762939453,22.290000915527344,22.430000305175781,227400
2024-04-03,22.600000381469727,22.670000076293945,22.569999694824219,22.600000381469727,274900
2024-04-04,22.590000152587891,22.860000610351562,22.5,22.770000457763672,634100
2024-04-05,22.870000839233398,22.969999313354492,22.770000457763672,22.840000152587891,233600
2024-04-08,22.870000839233398,22.899999618530273,22.639999389648438,22.799999237060547,383900
2024-04-09,22.829999923706055,22.829999923706055,22.610000610351562,22.680000305175781,246100
2024-04-10,22.719999313354492,22.790000915527344,22.530000686645508,22.780000686645508,441100
2024-04-11,22.680000305175781,22.700000762939453,22.549999237060547,22.670000076293945,310900
2024-04-12,22.959999084472656,23.079999923706055,22.659999847412109,22.690000534057617,673900
2024-04-15,22.659999847412109,22.780000686645508,22.489999771118164,22.739999771118164,1223100
2024-04-16,22.659999847412109,22.75,22.579999923706055,22.700000762939453,1029100
2024-04-17,22.530000686645508,22.649999618530273,22.260000228881836,22.299999237060547,939300
2024-04-18,22.340000152587891,22.430000305175781,22.239999771118164,22.290000915527344,309600
2024-04-19,22.360000610351562,22.559999465942383,22.340000152587891,22.469999313354492,706200
2024-04-22,22.280000686645508,22.5,22.270000457763672,22.5,412200
2024-04-23,22.260000228881836,22.639999389648438,22.260000228881836,22.629999160766602,1463900
2024-04-24,22.549999237060547,22.670000076293945,22.489999771118164,22.530000686645508,1160100
2024-04-25,22.540000915527344,22.709999084472656,22.430000305175781,22.709999084472656,744000
2024-04-26,22.799999237060547,22.799999237060547,22.629999160766602,22.670000076293945,1064800
2024-04-29,22.670000076293945,22.729999542236328,22.549999237060547,22.590000152587891,266600
2024-04-30,22.420000076293945,22.440000534057617,22.190000534057617,22.270000457763672,1321200
2024-05-01,22.069999694824219,22.219999313354492,21.799999237060547,21.829999923706055,1016600
2024-05-02,21.840000152587891,21.930000305175781,21.729999542236328,21.860000610351562,393500
2024-05-03,21.909999847412109,21.950000762939453,21.829999923706055,21.850000381469727,410100
2024-05-06,21.940000534057617,22.110000610351562,21.940000534057617,22.040000915527344,516100
2024-05-07,21.979999542236328,22.129999160766602,21.940000534057617,22.030000686645508,472400
2024-05-08,21.879999160766602,22.030000686645508,21.829999923706055,22.020000457763672,225900
2024-05-09,22.030000686645508,22.139999389648438,22.020000457763672,22.129999160766602,180600
2024-05-10,22.159999847412109,22.200000762939453,21.979999542236328,21.989999771118164,139600
2024-05-13,22.040000915527344,22.190000534057617,22.030000686645508,22.120000839233398,221500
2024-05-14,21.989999771118164,22.069999694824219,21.889999389648438,21.959999084472656,418300
2024-05-15,21.940000534057617,22.100000381469727,21.799999237060547,22.090000152587891,319900
2024-05-16,22.200000762939453,22.239999771118164,22.139999389648438,22.180000305175781,281200
2024-05-17,22.350000381469727,22.440000534057617,22.280000686645508,22.430000305175781,375400
2024-05-20,22.430000305175781,22.610000610351562,22.409999847412109,22.520000457763672,228700
2024-05-21,22.469999313354492,22.549999237060547,22.360000610351562,22.440000534057617,325300
2024-05-22,22.299999237060547,22.350000381469727,22.170000076293945,22.200000762939453,213000
2024-05-23,22.399999618530273,22.440000534057617,22.059999465942383,22.100000381469727,227200
2024-05-24,22.149999618530273,22.270000457763672,22.149999618530273,22.219999313354492,162000
2024-05-28,22.520000457763672,22.680000305175781,22.469999313354492,22.670000076293945,459900
2024-05-29,22.610000610351562,22.620000839233398,22.389999389648438,22.389999389648438,202200
2024-05-30,22.219999313354492,22.309999465942383,22.049999237060547,22.079999923706055,269500
2024-05-31,22.149999618530273,22.170000076293945,21.840000152587891,21.950000762939453,460300
2024-06-03,21.889999389648438,21.889999389648438,21.489999771118164,21.549999237060547,2797300
2024-06-04,21.340000152587891,21.420000076293945,21.229999542236328,21.329999923706055,598400
2024-06-05,21.370000839233398,21.479999542236328,21.270000457763672,21.479999542236328,610500
2024-06-06,21.549999237060547,21.790000915527344,21.540000915527344,21.790000915527344,398500
2024-06-07,21.649999618530273,21.709999084472656,21.520000457763672,21.530000686645508,925600
2024-06-10,21.680000305175781,21.920000076293945,21.649999618530273,21.920000076293945,663800
2024-06-11,21.840000152587891,22.010000228881836,21.819999694824219,21.920000076293945,652900
2024-06-12,22.170000076293945,22.190000534057617,21.969999313354492,22.020000457763672,523600
2024-06-13,22.100000381469727,22.149999618530273,21.989999771118164,22,278800
2024-06-14,22.149999618530273,22.180000305175781,22,22,715800
2024-06-17,22.020000457763672,22.170000076293945,21.979999542236328,22.170000076293945,519700
2024-06-18,22.149999618530273,22.329999923706055,22.149999618530273,22.319999694824219,447200
2024-06-20,22.399999618530273,22.450000762939453,22.309999465942383,22.360000610351562,314600
2024-06-21,22.350000381469727,22.379999160766602,22.139999389648438,22.149999618530273,735200
2024-06-24,22.110000610351562,22.350000381469727,22.110000610351562,22.350000381469727,390600
2024-06-25,22.260000228881836,22.290000915527344,22.090000152587891,22.090000152587891,340100
2024-06-26,22.079999923706055,22.260000228881836,22.059999465942383,22.100000381469727,276400
2024-06-27,22.309999465942383,22.340000152587891,22.180000305175781,22.299999237060547,352900
2024-06-28,22.340000152587891,22.350000381469727,22.139999389648438,22.149999618530273,583100
2024-07-01,22.25,22.459999084472656,22.170000076293945,22.430000305175781,1004500
2024-07-02,22.549999237060547,22.579999923706055,22.399999618530273,22.469999313354492,382500
2024-07-03,22.450000762939453,22.569999694824219,22.430000305175781,22.530000686645508,467000
2024-07-05,22.639999389648438,22.729999542236328,22.530000686645508,22.569999694824219,367500
2024-07-08,22.399999618530273,22.430000305175781,22.25,22.25,530000
2024-07-09,22.229999542236328,22.309999465942383,22.069999694824219,22.120000839233398,362900
2024-07-10,22.040000915527344,22.190000534057617,21.979999542236328,22.139999389648438,417600
2024-07-11,21.920000076293945,22.260000228881836,21.920000076293945,22.25,400200
2024-07-12,22.219999313354492,22.239999771118164,22.129999160766602,22.159999847412109,390100
2024-07-15,22.059999465942383,22.100000381469727,21.989999771118164,21.989999771118164,559300
2024-07-16,21.770000457763672,21.920000076293945,21.770000457763672,21.879999160766602,328100
2024-07-17,21.969999313354492,22.040000915527344,21.940000534057617,22,343600
2024-07-18,21.969999313354492,22.010000228881836,21.819999694824219,21.829999923706055,411700
2024-07-19,21.760000228881836,21.889999389648438,21.510000228881836,21.510000228881836,812100
2024-07-22,21.440000534057617,21.600000381469727,21.389999389648438,21.600000381469727,334300
2024-07-23,21.459999084472656,21.489999771118164,21.329999923706055,21.440000534057617,681400
2024-07-24,21.409999847412109,21.579999923706055,21.409999847412109,21.409999847412109,852600
2024-07-25,21.290000915527344,21.530000686645508,21.200000762939453,21.479999542236328,396100
2024-07-26,21.409999847412109,21.409999847412109,21.200000762939453,21.239999771118164,475200
2024-07-29,21.280000686645508,21.340000152587891,21,21.049999237060547,192400
2024-07-30,20.899999618530273,20.989999771118164,20.879999160766602,20.989999771118164,339300
2024-07-31,21.280000686645508,21.530000686645508,21.209999084472656,21.510000228881836,1116900
2024-08-01,21.479999542236328,21.5,21.059999465942383,21.149999618530273,5465900
2024-08-02,20.860000610351562,20.870000839233398,20.629999160766602,20.760000228881836,480100
2024-08-05,20.360000610351562,20.680000305175781,20.329999923706055,20.659999847412109,452000
2024-08-06,20.459999084472656,20.709999084472656,20.440000534057617,20.579999923706055,331300
2024-08-07,20.799999237060547,20.969999313354492,20.770000457763672,20.860000610351562,260700
2024-08-08,20.870000839233398,21.030000686645508,20.829999923706055,20.979999542236328,266700
2024-08-09,21.090000152587891,21.139999389648438,21.010000228881836,21.110000610351562,127300
2024-08-12,21.290000915527344,21.559999465942383,21.239999771118164,21.5,139600
2024-08-13,21.440000534057617,21.440000534057617,21.25,21.280000686645508,272800
2024-08-14,21.290000915527344,21.340000152587891,21.149999618530273,21.200000762939453,220900
2024-08-15,21.309999465942383,21.459999084472656,21.309999465942383,21.309999465942383,130000
2024-08-16,21.120000839233398,21.209999084472656,21.049999237060547,21.139999389648438,265300
2024-08-19,21.149999618530273,21.209999084472656,20.930000305175781,21,292800
2024-08-20,21.040000915527344,21.090000152587891,20.860000610351562,20.899999618530273,422100
2024-08-21,20.950000762939453,21.030000686645508,20.659999847412109,20.719999313354492,1028000
2024-08-22,20.690000534057617,20.879999160766602,20.680000305175781,20.780000686645508,337100
2024-08-23,21.030000686645508,21.170000076293945,21.020000457763672,21.149999618530273,289600
2024-08-26,21.459999084472656,21.540000915527344,21.430000305175781,21.450000762939453,239200
2024-08-27,21.399999618530273,21.430000305175781,21.280000686645508,21.319999694824219,197000
2024-08-28,21.100000381469727,21.209999084472656,21.030000686645508,21.069999694824219,370400
2024-08-29,21.229999542236328,21.350000381469727,21.170000076293945,21.309999465942383,389900
2024-08-30,21.149999618530273,21.149999618530273,20.989999771118164,21.040000915527344,390900
2024-09-03,20.670000076293945,20.670000076293945,20.5,20.569999694824219,229100
2024-09-04,20.440000534057617,20.610000610351562,20.309999465942383,20.329999923706055,725200
2024-09-05,20.489999771118164,20.610000610351562,20.329999923706055,20.379999160766602,330800
2024-09-06,20.489999771118164,20.520000457763672,19.969999313354492,20.090000152587891,387900
2024-09-09,20.049999237060547,20.229999542236328,19.969999313354492,20.190000534057617,214400
2024-09-10,20.190000534057617,20.200000762939453,19.729999542236328,19.840000152587891,316800
2024-09-11,20.030000686645508,20.139999389648438,19.780000686645508,20.069999694824219,295400
2024-09-12,20.239999771118164,20.489999771118164,20.180000305175781,20.430000305175781,160400
2024-09-13,20.530000686645508,20.610000610351562,20.350000381469727,20.430000305175781,153000
2024-09-16,20.579999923706055,20.659999847412109,20.510000228881836,20.600000381469727,183900
2024-09-17,20.610000610351562,20.819999694824219,20.610000610351562,20.760000228881836,172900
2024-09-18,20.709999084472656,20.850000381469727,20.610000610351562,20.610000610351562,507900
2024-09-19,20.879999160766602,21.049999237060547,20.850000381469727,21.010000228881836,578800
2024-09-20,20.930000305175781,21.059999465942383,20.870000839233398,21.030000686645508,69300
2024-09-23,21.100000381469727,21.219999313354492,20.889999389648438,21.040000915527344,117900
2024-09-24,21.379999160766602,21.379999160766602,21.25,21.340000152587891,310600
2024-09-25,21.209999084472656,21.280000686645508,21.049999237060547,21.120000839233398,235200
2024-09-26,20.899999618530273,21.040000915527344,20.809999465942383,20.879999160766602,421600
2024-09-27,20.860000610351562,21.059999465942383,20.799999237060547,21.059999465942383,457300
2024-09-30,20.950000762939453,21.100000381469727,20.879999160766602,21,240300
2024-10-01,20.909999847412109,21.590000152587891,20.889999389648438,21.360000610351562,935300
2024-10-02,21.649999618530273,21.719999313354492,21.379999160766602,21.549999237060547,590100
2024-10-03,21.600000381469727,21.979999542236328,21.579999923706055,21.940000534057617,244300
2024-10-04,21.979999542236328,22.129999160766602,21.920000076293945,21.989999771118164,157500
2024-10-07,22.069999694824219,22.360000610351562,22.059999465942383,22.350000381469727,204100
2024-10-08,21.930000305175781,21.930000305175781,21.569999694824219,21.760000228881836,257500
2024-10-09,21.459999084472656,21.610000610351562,21.319999694824219,21.610000610351562,149300
2024-10-10,21.75,22.069999694824219,21.690000534057617,22.049999237060547,139500
2024-10-11,21.979999542236328,22.139999389648438,21.959999084472656,22.040000915527344,164800
2024-10-14,21.75,21.829999923706055,21.649999618530273,21.690000534057617,296100
2024-10-15,21.149999618530273,21.219999313354492,21.049999237060547,21.200000762939453,207500
2024-10-16,21.139999389648438,21.200000762939453,21.020000457763672,21.149999618530273,96400
2024-10-17,21.049999237060547,21.170000076293945,20.969999313354492,21.139999389648438,132800
2024-10-18,21.069999694824219,21.079999923706055,20.889999389648438,20.989999771118164,134300
2024-10-21,21.149999618530273,21.229999542236328,21.049999237060547,21.129999160766602,206200
2024-10-22,21.260000228881836,21.520000457763672,21.260000228881836,21.440000534057617,320400
2024-10-23,21.340000152587891,21.450000762939453,21.290000915527344,21.379999160766602,192200
2024-10-24,21.459999084472656,21.520000457763672,21.190000534057617,21.340000152587891,226100
2024-10-25,21.430000305175781,21.530000686645508,21.370000839233398,21.520000457763672,95500
2024-10-28,20.809999465942383,20.920000076293945,20.790000915527344,20.889999389648438,263800
2024-10-29,20.840000152587891,20.899999618530273,20.709999084472656,20.819999694824219,98800
2024-10-30,20.940000534057617,21.079999923706055,20.879999160766602,21.079999923706055,704800
2024-10-31,21.129999160766602,21.329999923706055,21.030000686645508,21.299999237060547,1880000
2024-11-01,21.360000610351562,21.389999389648438,21.069999694824219,21.069999694824219,366700
2024-11-04,21.379999160766602,21.479999542236328,21.309999465942383,21.450000762939453,464000
2024-11-05,21.600000381469727,21.639999389648438,21.430000305175781,21.520000457763672,129800
2024-11-06,21.139999389648438,21.510000228881836,21.120000839233398,21.399999618530273,201500
2024-11-07,21.399999618530273,21.639999389648438,21.319999694824219,21.549999237060547,96600
2024-11-08,21.389999389648438,21.389999389648438,21.170000076293945,21.219999313354492,152500
2024-11-11,20.940000534057617,20.969999313354492,20.840000152587891,20.889999389648438,203900
2024-11-12,21,21.030000686645508,20.829999923706055,20.829999923706055,157200
2024-11-13,20.770000457763672,20.920000076293945,20.629999160766602,20.799999237060547,173800
2024-11-14,21.020000457763672,21.020000457763672,20.760000228881836,20.809999465942383,132900
2024-11-15,20.840000152587891,20.909999847412109,20.670000076293945,20.700000762939453,111100
2024-11-18,20.909999847412109,21.170000076293945,20.889999389648438,21.129999160766602,197800
2024-11-19,21.209999084472656,21.260000228881836,21.069999694824219,21.200000762939453,329300
2024-11-20,21.280000686645508,21.290000915527344,21.180000305175781,21.229999542236328,145000
2024-11-21,21.420000076293945,21.420000076293945,21.290000915527344,21.409999847412109,116300
2024-11-22,21.340000152587891,21.540000915527344,21.319999694824219,21.479999542236328,202400
2024-11-25,21.340000152587891,21.430000305175781,21.159999847412109,21.200000762939453,130000
2024-11-26,21.280000686645508,21.420000076293945,21.059999465942383,21.149999618530273,203100
2024-11-27,21.110000610351562,21.229999542236328,21.040000915527344,21.120000839233398,113300
2024-11-29,21.239999771118164,21.299999237060547,21.139999389648438,21.139999389648438,60500
2024-12-02,21.100000381469727,21.129999160766602,20.930000305175781,21,749200
2024-12-03,21.170000076293945,21.299999237060547,21.120000839233398,21.270000457763672,262000
2024-12-04,21.299999237060547,21.309999465942383,21.049999237060547,21.090000152587891,407200
2024-12-05,21.129999160766602,21.190000534057617,21.010000228881836,21.069999694824219,125100
2024-12-06,20.959999084472656,21,20.860000610351562,20.909999847412109,174500
2024-12-09,21.149999618530273,21.260000228881836,21.139999389648438,21.149999618530273,265000
2024-12-10,21.180000305175781,21.309999465942383,21.159999847412109,21.239999771118164,189200
2024-12-11,21.389999389648438,21.540000915527344,21.340000152587891,21.5,196100
2024-12-12,21.299999237060547,21.5,21.290000915527344,21.479999542236328,150600
2024-12-13,21.510000228881836,21.590000152587891,21.469999313354492,21.569999694824219,414300
2024-12-16,21.549999237060547,21.549999237060547,21.409999847412109,21.409999847412109,131700
2024-12-17,21.25,21.329999923706055,21.129999160766602,21.329999923706055,127500
2024-12-18,21.370000839233398,21.459999084472656,21.190000534057617,21.190000534057617,204100
2024-12-19,21.360000610351562,21.360000610351562,21.120000839233398,21.139999389648438,127200
2024-12-20,21.129999160766602,21.510000228881836,21.100000381469727,21.510000228881836,550100
2024-12-23,21.299999237060547,21.299999237060547,21.139999389648438,21.280000686645508,112300
2024-12-24,21.389999389648438,21.459999084472656,21.360000610351562,21.389999389648438,57400
2024-12-26,21.440000534057617,21.450000762939453,21.299999237060547,21.340000152587891,89600
2024-12-27,21.459999084472656,21.489999771118164,21.389999389648438,21.420000076293945,142400
2024-12-30,21.75,21.819999694824219,21.639999389648438,21.659999847412109,517300
2024-12-31,21.690000534057617,21.790000915527344,21.649999618530273,21.770000457763672,453500
2025-01-02,21.979999542236328,22.110000610351562,21.969999313354492,21.989999771118164,684700
2025-01-03,21.969999313354492,21.969999313354492,21.899999618530273,21.950000762939453,190300
2025-01-06,22.149999618530273,22.239999771118164,21.940000534057617,21.969999313354492,2119200
2025-01-07,22.069999694824219,22.120000839233398,22.030000686645508,22.069999694824219,382800
2025-01-08,22.049999237060547,22.120000839233398,21.879999160766602,21.989999771118164,193000
2025-01-10,22.75,22.819999694824219,22.479999542236328,22.709999084472656,446100
2025-01-13,22.860000610351562,23.010000228881836,22.819999694824219,22.899999618530273,228400
2025-01-14,22.840000152587891,22.879999160766602,22.780000686645508,22.840000152587891,531300
2025-01-15,22.979999542236328,23.319999694824219,22.979999542236328,23.309999465942383,267200
2025-01-16,23.180000305175781,23.180000305175781,22.940000534057617,23.129999160766602,189800
2025-01-17,23.020000457763672,23.149999618530273,22.969999313354492,23.049999237060547,119300
2025-01-21,22.850000381469727,22.920000076293945,22.799999237060547,22.899999618530273,143400
2025-01-22,22.829999923706055,22.909999847412109,22.809999465942383,22.819999694824219,532600
2025-01-23,22.879999160766602,22.940000534057617,22.709999084472656,22.729999542236328,626300
2025-01-24,22.819999694824219,22.850000381469727,22.700000762939453,22.790000915527344,175800
2025-01-27,22.610000610351562,22.659999847412109,22.329999923706055,22.469999313354492,235600
2025-01-28,22.569999694824219,22.579999923706055,22.430000305175781,22.569999694824219,92700
2025-01-29,22.530000686645508,22.649999618530273,22.479999542236328,22.559999465942383,538800
2025-01-30,22.569999694824219,22.670000076293945,22.510000228881836,22.569999694824219,366200
2025-01-31,22.450000762939453,22.559999465942383,22.350000381469727,22.520000457763672,630300
2025-02-03,22.620000839233398,22.690000534057617,22.489999771118164,22.649999618530273,3505200
2025-02-04,22.329999923706055,22.760000228881836,22.290000915527344,22.670000076293945,771900
2025-02-05,22.5,22.600000381469727,22.469999313354492,22.540000915527344,374600
2025-02-06,22.579999923706055,22.579999923706055,22.370000839233398,22.459999084472656,454600
2025-02-07,22.569999694824219,22.600000381469727,22.469999313354492,22.5,453900
2025-02-10,22.700000762939453,22.840000152587891,22.690000534057617,22.829999923706055,413200
2025-02-11,22.930000305175781,22.989999771118164,22.899999618530273,22.920000076293945,187200
2025-02-12,22.809999465942383,22.850000381469727,22.670000076293945,22.670000076293945,594000
2025-02-13,22.600000381469727,22.799999237060547,22.600000381469727,22.799999237060547,485800
2025-02-14,22.920000076293945,22.930000305175781,22.700000762939453,22.700000762939453,408200
2025-02-18,22.879999160766602,23.020000457763672,22.829999923706055,23.010000228881836,421900
2025-02-19,23.180000305175781,23.200000762939453,23.010000228881836,23.110000610351562,288700
2025-02-20,23.159999847412109,23.180000305175781,23.090000152587891,23.090000152587891,204600
2025-02-21,22.969999313354492,22.969999313354492,22.690000534057617,22.700000762939453,777600
2025-02-24,22.680000305175781,22.709999084472656,22.620000839233398,22.690000534057617,391700
2025-02-25,22.600000381469727,22.610000610351562,22.299999237060547,22.409999847412109,542200
2025-02-26,22.299999237060547,22.340000152587891,22.229999542236328,22.299999237060547,279900
2025-02-27,22.389999389648438,22.450000762939453,22.309999465942383,22.329999923706055,474200
2025-02-28,22.25,22.25,22.120000839233398,22.190000534057617,478400
2025-03-03,22.219999313354492,22.260000228881836,21.879999160766602,21.969999313354492,1027200
2025-03-04,21.909999847412109,22.049999237060547,21.739999771118164,22.030000686645508,698800
2025-03-05,21.819999694824219,21.920000076293945,21.680000305175781,21.920000076293945,236900
2025-03-06,21.870000839233398,21.940000534057617,21.799999237060547,21.840000152587891,666300
2025-03-07,22.049999237060547,22.190000534057617,21.950000762939453,22.059999465942383,736300
2025-03-10,22.090000152587891,22.129999160766602,21.860000610351562,21.870000839233398,837800
2025-03-11,22.079999923706055,22.139999389648438,21.969999313354492,21.989999771118164,400100
2025-03-12,22.040000915527344,22.129999160766602,22.030000686645508,22.079999923706055,243900
2025-03-13,22.010000228881836,22.129999160766602,21.950000762939453,21.950000762939453,963600
2025-03-14,21.959999084472656,22.079999923706055,21.930000305175781,22.069999694824219,786300
2025-03-17,22.180000305175781,22.280000686645508,22.170000076293945,22.239999771118164,528600
2025-03-18,22.340000152587891,22.360000610351562,22.129999160766602,22.139999389648438,610800
2025-03-19,22.180000305175781,22.329999923706055,22.170000076293945,22.309999465942383,460200
2025-03-20,22.549999237060547,22.549999237060547,22.170000076293945,22.399999618530273,317500
2025-03-21,22.350000381469727,22.370000839233398,22.290000915527344,22.299999237060547,359300
2025-03-24,22.389999389648438,22.469999313354492,22.340000152587891,22.440000534057617,532800
2025-03-25,22.510000228881836,22.559999465942383,22.340000152587891,22.459999084472656,282300
2025-03-26,22.479999542236328,22.569999694824219,22.440000534057617,22.440000534057617,411000
2025-03-27,22.389999389648438,22.510000228881836,22.329999923706055,22.5,300600
2025-03-28,22.510000228881836,22.510000228881836,22.350000381469727,22.389999389648438,696700
2025-03-31,22.559999465942383,22.780000686645508,22.459999084472656,22.770000457763672,495600
2025-04-01,22.799999237060547,22.850000381469727,22.729999542236328,22.770000457763672,4575000
2025-04-02,22.709999084472656,22.920000076293945,22.709999084472656,22.920000076293945,503700
2025-04-03,21.959999084472656,22.069999694824219,21.920000076293945,21.969999313354492,1563600
2025-04-04,21.010000228881836,21.200000762939453,20.690000534057617,21.030000686645508,1906900
2025-04-07,20.729999542236328,21.350000381469727,20.590000152587891,20.629999160766602,1837500
2025-04-08,20.850000381469727,20.899999618530273,20.120000839233398,20.190000534057617,1441700
2025-04-09,20.020000457763672,21.180000305175781,19.860000610351562,21.139999389648438,1692900
2025-04-10,20.729999542236328,20.799999237060547,20.530000686645508,20.75,963000
2025-04-11,20.780000686645508,21.139999389648438,20.780000686645508,21.120000839233398,738600
2025-04-14,21.170000076293945,21.190000534057617,20.969999313354492,21.120000839233398,412000
2025-04-15,21.030000686645508,21.110000610351562,20.959999084472656,21.059999465942383,336500
2025-04-16,21.159999847412109,21.370000839233398,21.159999847412109,21.360000610351562,463000
2025-04-17,21.459999084472656,21.680000305175781,21.430000305175781,21.590000152587891,563300
2025-04-21,21.459999084472656,21.489999771118164,21.319999694824219,21.409999847412109,342400
2025-04-22,21.510000228881836,21.709999084472656,21.5,21.559999465942383,432800
2025-04-23,21.510000228881836,21.649999618530273,21.260000228881836,21.399999618530273,821000
2025-04-24,21.530000686645508,21.590000152587891,21.370000839233398,21.579999923706055,634800
2025-04-25,21.450000762939453,21.629999160766602,21.450000762939453,21.600000381469727,310400
2025-04-28,21.540000915527344,21.579999923706055,21.420000076293945,21.510000228881836,123900
2025-04-29,21.360000610351562,21.389999389648438,21.180000305175781,21.180000305175781,263400
2025-04-30,21.030000686645508,21.110000610351562,20.739999771118164,20.75,916200
2025-05-01,20.760000228881836,20.950000762939453,20.649999618530273,20.879999160766602,2269900
2025-05-02,21.030000686645508,21.030000686645508,20.819999694824219,20.969999313354492,659700
2025-05-05,20.829999923706055,20.870000839233398,20.709999084472656,20.780000686645508,271800
2025-05-06,21.120000839233398,21.219999313354492,21.069999694824219,21.079999923706055,304300
2025-05-07,21.049999237060547,21.069999694824219,20.819999694824219,20.840000152587891,210300
2025-05-08,21,21.159999847412109,21,21.149999618530273,153700
2025-05-09,21.309999465942383,21.389999389648438,21.270000457763672,21.350000381469727,142300
2025-05-12,21.670000076293945,21.719999313354492,21.459999084472656,21.489999771118164,232700
2025-05-13,21.569999694824219,21.840000152587891,21.569999694824219,21.770000457763672,323300
2025-05-14,21.700000762939453,21.760000228881836,21.600000381469727,21.600000381469727,283100
2025-05-15,21.440000534057617,21.469999313354492,21.290000915527344,21.469999313354492,328600
2025-05-16,21.440000534057617,21.489999771118164,21.350000381469727,21.440000534057617,176300
2025-05-19,21.430000305175781,21.540000915527344,21.370000839233398,21.459999084472656,2174000
2025-05-20,21.489999771118164,21.659999847412109,21.440000534057617,21.659999847412109,94700
2025-05-21,21.739999771118164,21.739999771118164,21.540000915527344,21.540000915527344,345700
2025-05-22,21.409999847412109,21.479999542236328,21.350000381469727,21.389999389648438,182100
2025-05-23,21.360000610351562,21.579999923706055,21.360000610351562,21.559999465942383,130400
2025-05-27,21.420000076293945,21.440000534057617,21.280000686645508,21.409999847412109,252800
2025-05-28,21.520000457763672,21.530000686645508,21.319999694824219,21.329999923706055,407500
2025-05-29,21.340000152587891,21.340000152587891,21.190000534057617,21.260000228881836,202400
2025-05-30,21.190000534057617,21.190000534057617,21.030000686645508,21.170000076293945,256100
2025-06-02,21.700000762939453,21.700000762939453,21.489999771118164,21.600000381469727,2151900
2025-06-03,21.600000381469727,21.75,21.569999694824219,21.700000762939453,258300
2025-06-04,21.659999847412109,21.790000915527344,21.530000686645508,21.639999389648438,483100
2025-06-05,21.840000152587891,21.899999618530273,21.75,21.760000228881836,160900
2025-06-06,21.829999923706055,22.010000228881836,21.829999923706055,21.979999542236328,282600
2025-06-09,21.979999542236328,22.090000152587891,21.909999847412109,22.040000915527344,235100
2025-06-10,22.059999465942383,22.149999618530273,21.920000076293945,21.979999542236328,315100
2025-06-11,22.170000076293945,22.420000076293945,22.110000610351562,22.370000839233398,349800
2025-06-12,22.299999237060547,22.420000076293945,22.25,22.379999160766602,309400
2025-06-13,23.010000228881836,23.190000534057617,22.860000610351562,23.040000915527344,825800
2025-06-16,22.969999313354492,23.049999237060547,22.590000152587891,22.989999771118164,1136600
2025-06-17,23.260000228881836,23.540000915527344,23.229999542236328,23.479999542236328,1715400
2025-06-18,23.590000152587891,23.659999847412109,23.270000457763672,23.520000457763672,1832500
2025-06-20,23.569999694824219,23.649999618530273,23.510000228881836,23.590000152587891,943300
2025-06-23,23.579999923706055,23.629999160766602,22.680000305175781,22.680000305175781,2006900
2025-06-24,22.180000305175781,22.209999084472656,21.959999084472656,22.110000610351562,1563700
2025-06-25,22,22.200000762939453,21.989999771118164,22.059999465942383,1067100
2025-06-26,22.090000152587891,22.229999542236328,22.049999237060547,22.129999160766602,317700
2025-06-27,22.100000381469727,22.180000305175781,22,22.100000381469727,461200
2025-06-30,22.129999160766602,22.129999160766602,22,22.040000915527344,303700
2025-07-01,22.100000381469727,22.159999847412109,22.049999237060547,22.159999847412109,3554500
2025-07-02,22.200000762939453,22.549999237060547,22.149999618530273,22.530000686645508,206700
2025-07-03,22.5,22.569999694824219,22.420000076293945,22.459999084472656,104100
2025-07-07,22.389999389648438,22.549999237060547,22.350000381469727,22.5,186900
2025-07-08,22.459999084472656,22.659999847412109,22.430000305175781,22.549999237060547,334300
2025-07-09,22.430000305175781,22.610000610351562,22.420000076293945,22.549999237060547,463500
2025-07-10,22.409999847412109,22.469999313354492,22.329999923706055,22.389999389648438,399800
2025-07-11,22.520000457763672,22.700000762939453,22.520000457763672,22.680000305175781,117800
2025-07-14,22.680000305175781,22.680000305175781,22.440000534057617,22.450000762939453,323700
2025-07-15,22.399999618530273,22.510000228881836,22.379999160766602,22.409999847412109,183900
2025-07-16,22.319999694824219,22.489999771118164,22.260000228881836,22.479999542236328,165500
2025-07-17,22.459999084472656,22.649999618530273,22.440000534057617,22.649999618530273,106000
2025-07-18,22.870000839233398,22.950000762939453,22.670000076293945,22.709999084472656,366500
2025-07-21,22.639999389648438,22.700000762939453,22.559999465942383,22.670000076293945,189800
2025-07-22,22.579999923706055,22.629999160766602,22.510000228881836,22.610000610351562,514400
2025-07-23,22.549999237060547,22.600000381469727,22.459999084472656,22.600000381469727,279100
2025-07-24,22.610000610351562,22.670000076293945,22.489999771118164,22.629999160766602,188000
2025-07-25,22.569999694824219,22.600000381469727,22.420000076293945,22.420000076293945,145900
2025-07-28,22.670000076293945,22.709999084472656,22.579999923706055,22.709999084472656,355600
2025-07-29,22.709999084472656,23.059999465942383,22.670000076293945,23,385800
2025-07-30,22.969999313354492,23.129999160766602,22.819999694824219,23.049999237060547,472000
2025-07-31,22.909999847412109,22.959999084472656,22.739999771118164,22.799999237060547,247400
2025-08-01,22.829999923706055,22.850000381469727,22.469999313354492,22.510000228881836,2384200
2025-08-04,22.290000915527344,22.5,22.290000915527344,22.379999160766602,389100
2025-08-05,22.280000686645508,22.350000381469727,22.229999542236328,22.229999542236328,391700
2025-08-06,22.479999542236328,22.549999237060547,22.120000839233398,22.190000534057617,508000
2025-08-07,22.290000915527344,22.340000152587891,22.209999084472656,22.229999542236328,149000
2025-08-08,22.340000152587891,22.420000076293945,22.129999160766602,22.180000305175781,443900
2025-08-11,22.25,22.299999237060547,22.170000076293945,22.25,108400
2025-08-12,22.139999389648438,22.200000762939453,22.100000381469727,22.120000839233398,251000
2025-08-13,22.129999160766602,22.149999618530273,21.930000305175781,22.079999923706055,342200
2025-08-14,22.120000839233398,22.159999847412109,22.049999237060547,22.149999618530273,151500
2025-08-15,22.049999237060547,22.180000305175781,22.040000915527344,22.129999160766602,278800
2025-08-18,22.020000457763672,22.25,21.969999313354492,22.180000305175781,118500
2025-08-19,22.040000915527344,22.110000610351562,22.020000457763672,22.059999465942383,203400
2025-08-20,22.190000534057617,22.319999694824219,22.170000076293945,22.299999237060547,86300
2025-08-21,22.319999694824219,22.489999771118164,22.290000915527344,22.459999084472656,74600
2025-08-22,22.420000076293945,22.600000381469727,22.420000076293945,22.569999694824219,152400
2025-08-25,22.659999847412109,22.780000686645508,22.610000610351562,22.709999084472656,277700
2025-08-26,22.549999237060547,22.629999160766602,22.469999313354492,22.520000457763672,187500
2025-08-27,22.5,22.639999389648438,22.5,22.590000152587891,88300
2025-08-28,22.639999389648438,22.760000228881836,22.530000686645508,22.719999313354492,100400
2025-08-29,22.739999771118164,22.790000915527344,22.700000762939453,22.770000457763672,129500
2025-09-02,22.909999847412109,23.129999160766602,22.840000152587891,23.120000839233398,4741700
2025-09-03,23.030000686645508,23.040000915527344,22.850000381469727,22.879999160766602,453800
2025-09-04,22.709999084472656,22.780000686645508,22.659999847412109,22.75,239400
2025-09-05,22.629999160766602,22.629999160766602,22.479999542236328,22.549999237060547,329000
2025-09-08,22.719999313354492,22.739999771118164,22.590000152587891,22.709999084472656,173200
2025-09-09,22.829999923706055,22.860000610351562,22.680000305175781,22.700000762939453,420500
2025-09-10,22.719999313354492,22.899999618530273,22.719999313354492,22.860000610351562,300800
2025-09-11,22.600000381469727,22.75,22.600000381469727,22.670000076293945,338300
2025-09-12,22.860000610351562,22.940000534057617,22.75,22.760000228881836,451300
2025-09-15,22.920000076293945,23.059999465942383,22.920000076293945,23.030000686645508,207200
2025-09-16,23.149999618530273,23.270000457763672,23.139999389648438,23.239999771118164,382600
2025-09-17,23.149999618530273,23.159999847412109,22.930000305175781,22.979999542236328,302800
2025-09-18,22.959999084472656,23.010000228881836,22.819999694824219,22.879999160766602,179600
2025-09-19,22.75,22.860000610351562,22.700000762939453,22.709999084472656,130800
2025-09-22,22.620000839233398,22.760000228881836,22.569999694824219,22.75,153300
2025-09-23,22.850000381469727,23.020000457763672,22.850000381469727,23,395800
2025-09-24,23.120000839233398,23.190000534057617,23.079999923706055,23.159999847412109,88500
2025-09-25,23.170000076293945,23.290000915527344,23.079999923706055,23.270000457763672,521300
2025-09-26,23.260000228881836,23.459999084472656,23.260000228881836,23.309999465942383,185600
2025-09-29,23.120000839233398,23.149999618530273,23.030000686645508,23.030000686645508,326300
2025-09-30,22.909999847412109,23.030000686645508,22.899999618530273,22.969999313354492,2543300
2025-10-01,22.809999465942383,22.940000534057617,22.770000457763672,22.920000076293945,3323800
2025-10-02,22.819999694824219,22.879999160766602,22.620000839233398,22.690000534057617,313100
2025-10-03,22.719999313354492,22.829999923706055,22.709999084472656,22.75,153000
2025-10-06,22.860000610351562,22.989999771118164,22.860000610351562,22.969999313354492,345500
2025-10-07,22.930000305175781,23.059999465942383,22.909999847412109,23.049999237060547,514300
2025-10-08,23.129999160766602,23.190000534057617,23.090000152587891,23.149999618530273,139500
2025-10-09,23.229999542236328,23.25,22.909999847412109,22.930000305175781,99100
2025-10-10,22.700000762939453,22.780000686645508,22.370000839233398,22.450000762939453,708000
2025-10-13,22.700000762939453,22.780000686645508,22.629999160766602,22.75,205000
2025-10-14,22.469999313354492,22.610000610351562,22.430000305175781,22.520000457763672,384200
2025-10-15,22.639999389648438,22.680000305175781,22.489999771118164,22.590000152587891,234600
2025-10-16,22.620000839233398,22.729999542236328,22.469999313354492,22.540000915527344,219900
2025-10-17,22.5,22.510000228881836,22.409999847412109,22.5,285600
2025-10-20,22.5,22.690000534057617,22.5,22.690000534057617,216100
2025-10-21,22.569999694824219,22.670000076293945,22.430000305175781,22.600000381469727,725600
2025-10-22,22.760000228881836,22.979999542236328,22.709999084472656,22.909999847412109,424800
2025-10-23,23.299999237060547,23.469999313354492,23.299999237060547,23.340000152587891,227100
2025-10-24,23.360000610351562,23.399999618530273,23.239999771118164,23.25,1474400
2025-10-27,23.260000228881836,23.280000686645508,23.120000839233398,23.180000305175781,1017500
2025-10-28,22.969999313354492,23.040000915527344,22.860000610351562,22.879999160766602,1236400
2025-10-29,23,23.200000762939453,23,23.040000915527344,696400
2025-10-30,22.930000305175781,23.149999618530273,22.899999618530273,23.049999237060547,827500
2025-10-31,23.190000534057617,23.219999313354492,23.090000152587891,23.209999084472656,1660700
2025-11-03,23.290000915527344,23.440000534057617,23.180000305175781,23.409999847412109,2475700
2025-11-04,23.180000305175781,23.270000457763672,23.139999389648438,23.170000076293945,286300
2025-11-05,23.190000534057617,23.280000686645508,23.040000915527344,23.049999237060547,852300
2025-11-06,23.049999237060547,23.090000152587891,22.909999847412109,23.049999237060547,898800
2025-11-07,23.110000610351562,23.159999847412109,23.010000228881836,23.079999923706055,982500
2025-11-10,23.190000534057617,23.430000305175781,23.139999389648438,23.430000305175781,649700
2025-11-11,23.5,23.680000305175781,23.5,23.629999160766602,1068000
2025-11-12,23.399999618530273,23.399999618530273,23.219999313354492,23.229999542236328,931900
2025-11-13,23.350000381469727,23.360000610351562,23.149999618530273,23.149999618530273,294600
2025-11-14,23.219999313354492,23.409999847412109,23.180000305175781,23.25,916300
2025-11-17,23.219999313354492,23.340000152587891,23.209999084472656,23.229999542236328,1196800
2025-11-18,23.260000228881836,23.489999771118164,23.180000305175781,23.459999084472656,1385900
2025-11-19,23.229999542236328,23.239999771118164,23.090000152587891,23.180000305175781,1045900
2025-11-20,23.200000762939453,23.270000457763672,22.909999847412109,22.920000076293945,819600
2025-11-21,22.690000534057617,22.840000152587891,22.600000381469727,22.770000457763672,1288100
2025-11-24,22.649999618530273,22.909999847412109,22.590000152587891,22.879999160766602,1573300
2025-11-25,22.639999389648438,22.709999084472656,22.5,22.670000076293945,1320400
2025-11-26,22.700000762939453,22.989999771118164,22.700000762939453,22.979999542236328,564500
2025-11-28,23.149999618530273,23.309999465942383,23.149999618530273,23.270000457763672,126100
2025-12-01,23.270000457763672,23.360000610351562,23.25,23.290000915527344,1562300
2025-12-02,23.260000228881836,23.329999923706055,23.139999389648438,23.159999847412109,451200
2025-12-03,23.329999923706055,23.399999618530273,23.270000457763672,23.309999465942383,824700
2025-12-04,23.25,23.479999542236328,23.229999542236328,23.440000534057617,671600
2025-12-05,23.549999237060547,23.770000457763672,23.549999237060547,23.639999389648438,712000
2025-12-08,23.420000076293945,23.440000534057617,23.25,23.260000228881836,520600
2025-12-09,23.159999847412109,23.219999313354492,23.079999923706055,23.100000381469727,815800
2025-12-10,23.049999237060547,23.280000686645508,23.040000915527344,23.260000228881836,752000
2025-12-11,23.020000457763672,23.170000076293945,23.020000457763672,23.170000076293945,556400
2025-12-12,23.110000610351562,23.110000610351562,22.899999618530273,22.940000534057617,360100
2025-12-15,22.909999847412109,22.930000305175781,22.719999313354492,22.780000686645508,782100
2025-12-16,22.620000839233398,22.620000839233398,22.469999313354492,22.479999542236328,763000
2025-12-17,22.700000762939453,22.809999465942383,22.649999618530273,22.799999237060547,1163300
2025-12-18,22.75,22.780000686645508,22.600000381469727,22.620000839233398,972800
2025-12-19,22.75,22.860000610351562,22.709999084472656,22.819999694824219,764700
2025-12-22,23.069999694824219,23.139999389648438,23.040000915527344,23.139999389648438,661900
2025-12-23,23.200000762939453,23.370000839233398,23.139999389648438,23.370000839233398,737800
2025-12-24,23.350000381469727,23.360000610351562,23.25,23.319999694824219,622400
2025-12-26,23.319999694824219,23.329999923706055,23.159999847412109,23.219999313354492,322600
2025-12-29,23.270000457763672,23.290000915527344,23.159999847412109,23.170000076293945,902100
2025-12-30,23.399999618530273,23.450000762939453,23.290000915527344,23.299999237060547,905100
2025-12-31,23.270000457763672,23.290000915527344,23.030000686645508,23.059999465942383,392700
2026-01-02,23.010000228881836,23.090000152587891,22.930000305175781,23.069999694824219,973000
2026-01-05,23.299999237060547,23.510000228881836,23.299999237060547,23.489999771118164,351700
2026-01-06,23.629999160766602,23.629999160766602,23.340000152587891,23.360000610351562,195300
2026-01-07,23.319999694824219,23.319999694824219,23.149999618530273,23.219999313354492,445100
2026-01-08,23.260000228881836,23.590000152587891,23.239999771118164,23.579999923706055,268200
2026-01-09,23.649999618530273,23.770000457763672,23.549999237060547,23.569999694824219,399700
2026-01-12,23.690000534057617,23.879999160766602,23.670000076293945,23.799999237060547,579600
2026-01-13,24,24.159999847412109,23.989999771118164,24.079999923706055,382400
2026-01-14,24.219999313354492,24.360000610351562,23.850000381469727,24.020000457763672,1178800
2026-01-15,23.780000686645508,23.920000076293945,23.729999542236328,23.809999465942383,325100
2026-01-16,23.969999313354492,23.969999313354492,23.770000457763672,23.809999465942383,169400
2026-01-20,24.170000076293945,24.229999542236328,24.040000915527344,24.069999694824219,330500
2026-01-21,24.399999618530273,24.420000076293945,24.290000915527344,24.399999618530273,484600
2026-01-22,24.319999694824219,24.360000610351562,24.229999542236328,24.270000457763672,181800
2026-01-23,24.649999618530273,24.780000686645508,24.639999389648438,24.760000228881836,280700
2026-01-26,24.860000610351562,25,24.770000457763672,24.850000381469727,368100
2026-01-27,24.870000839233398,25.239999771118164,24.809999465942383,25.229999542236328,287100
2026-01-28,25.379999160766602,25.540000915527344,25.290000915527344,25.510000228881836,315400
2026-01-29,26.280000686645508,26.329999923706055,25.489999771118164,25.969999313354492,418700
2026-01-30,25.670000076293945,25.709999084472656,25,25.479999542236328,6969900
2026-02-02,24.569999694824219,24.639999389648438,24.290000915527344,24.459999084472656,2635100
2026-02-03,24.770000457763672,25.069999694824219,24.75,25.059999465942383,7697100
2026-02-04,25,25.239999771118164,24.819999694824219,25.059999465942383,1154500
2026-02-05,24.819999694824219,24.850000381469727,24.590000152587891,24.700000762939453,230900
2026-02-06,24.760000228881836,25.110000610351562,24.760000228881836,24.920000076293945,247400
2026-02-09,24.860000610351562,25.180000305175781,24.860000610351562,25.100000381469727,585500
2026-02-10,25.079999923706055,25.100000381469727,24.879999160766602,24.979999542236328,250600
2026-02-11,25.290000915527344,25.329999923706055,25.110000610351562,25.229999542236328,250500
2026-02-12,25.100000381469727,25.129999160766602,24.629999160766602,24.690000534057617,177100
2026-02-13,24.680000305175781,24.809999465942383,24.659999847412109,24.719999313354492,210300
2026-02-17,24.569999694824219,24.579999923706055,24.409999847412109,24.489999771118164,282700
2026-02-18,24.899999618530273,25.219999313354492,24.899999618530273,25.190000534057617,256400
2026-02-19,25.290000915527344,25.489999771118164,25.190000534057617,25.469999313354492,310200
2026-02-20,25.469999313354492,25.629999160766602,25.399999618530273,25.579999923706055,1618500
2026-02-23,25.680000305175781,25.809999465942383,25.549999237060547,25.620000839233398,162400
2026-02-24,25.440000534057617,25.659999847412109,25.440000534057617,25.610000610351562,899900
2026-02-25,25.610000610351562,25.719999313354492,25.530000686645508,25.629999160766602,204700
2026-02-26,25.430000305175781,25.790000915527344,25.360000610351562,25.620000839233398,199200
2026-02-27,25.979999542236328,26.010000228881836,25.799999237060547,25.959999084472656,248300
2026-03-02,27.030000686645508,27.139999389648438,26.559999465942383,26.940000534057617,3267200
2026-03-03,27.909999847412109,27.909999847412109,26.870000839233398,27.319999694824219,1894500
2026-03-04,27.469999313354492,27.739999771118164,27.370000839233398,27.690000534057617,512600
2026-03-05,28.030000686645508,28.690000534057617,28.020000457763672,28.309999465942383,967200
2026-03-06,29.5,30.139999389648438,29.459999084472656,29.809999465942383,1301000
2026-03-09,31.239999771118164,31.700000762939453,28.25,29.030000686645508,7848400
2026-03-10,29.559999465942383,29.610000610351562,27.860000610351562,29.399999618530273,3923100
2026-03-11,29.479999542236328,29.909999847412109,28.959999084472656,29.889999389648438,1268900
2026-03-12,30.940000534057617,31.190000534057617,30.620000839233398,31.090000152587891,2975900
2026-03-13,30.690000534057617,31.270000457763672,30.600000381469727,31.120000839233398,1273100
2026-03-16,30.909999847412109,31.040000915527344,30.450000762939453,30.590000152587891,1346300
2026-03-17,31.010000228881836,31.209999084472656,30.819999694824219,31.190000534057617,1098600
2026-03-18,31.530000686645508,31.899999618530273,31.260000228881836,31.850000381469727,1040500
2026-03-19,31.690000534057617,31.950000762939453,30.879999160766602,31.299999237060547,1633200
2026-03-20,31.450000762939453,31.950000762939453,31.329999923706055,31.719999313354492,2248600
2026-03-23,30.559999465942383,30.559999465942383,29.530000686645508,30.010000228881836,1584000
2026-03-24,30.620000839233398,30.899999618530273,30.389999389648438,30.639999389648438,1508500
2026-03-25,29.850000381469727,30.530000686645508,29.829999923706055,30.420000076293945,1246600
2026-03-26,30.930000305175781,31.260000228881836,30.850000381469727,30.969999313354492,1881700
2026-03-27,31.569999694824219,32.220001220703125,31.520000457763672,32.049999237060547,1050400
2026-03-30,32.479999542236328,32.610000610351562,32.310001373291016,32.580001831054688,911200
2026-03-31,32.599998474121094,32.779998779296875,31.969999313354492,32.25,2751100
2026-04-01,31.920000076293945,32.080001831054688,31.670000076293945,31.909999847412109,3940200
2026-04-02,33.590000152587891,33.680000305175781,32.849998474121094,33.450000762939453,616000
2026-04-06,33.490001678466797,33.860000610351562,33.25,33.520000457763672,731700
2026-04-07,33.849998474121094,34.049999237060547,32.979999542236328,33.330001831054688,1569300
2026-04-08,30.530000686645508,31.190000534057617,30.489999771118164,31.100000381469727,2923500
2026-04-09,31.559999465942383,31.870000839233398,30.889999389648438,31.399999618530273,1869800
2026-04-10,31.260000228881836,31.420000076293945,30.920000076293945,30.959999084472656,919400
2026-04-13,32.189998626708984,32.229999542236328,31.399999618530273,31.530000686645508,2521700
2026-04-14,31.520000457763672,31.540000915527344,31.049999237060547,31.200000762939453,1691700
2026-04-15,31.069999694824219,31.379999160766602,31.030000686645508,31.139999389648438,1447300
2026-04-16,31.350000381469727,31.739999771118164,31.350000381469727,31.530000686645508,1007300
2026-04-17,30.090000152587891,30.409999847412109,29.680000305175781,30.350000381469727,4386500
2026-04-20,30.729999542236328,31.110000610351562,30.670000076293945,30.940000534057617,776300
2026-04-21,30.979999542236328,31.829999923706055,30.969999313354492,31.75,1649600
2026-04-22,31.850000381469727,32.25,31.850000381469727,32.119998931884766,701300
2026-04-23,32.200000762939453,32.930000305175781,32.139999389648438,32.720001220703125,1089000
2026-04-24,32.5,32.669998168945312,32.200000762939453,32.580001831054688,1364900
2026-04-27,32.790000915527344,33.130001068115234,32.790000915527344,32.880001068115234,635600
2026-04-28,33.169998168945312,33.389999389648438,33.040000915527344,33.340000152587891,640700
2026-04-29,34.060001373291016,34.619998931884766,34.060001373291016,34.560001373291016,812900
2026-04-30,34.119998931884766,34.419998168945312,34.040000915527344,34.389999389648438,881700
2026-05-01,34.009998321533203,34.060001373291016,33.580001831054688,33.889999389648438,805800
2026-05-04,34.060001373291016,34.740001678466797,33.900001525878906,34.549999237060547,2038900
2026-05-05,34.25,34.310001373291016,34.009998321533203,34.209999084472656,1202800
2026-05-06,33.029998779296875,33.150001525878906,32.700000762939453,32.840000152587891,1201400
2026-05-07,32.099998474121094,33.049999237060547,31.860000610351562,32.889999389648438,4802000
2026-05-08,32.669998168945312,33.020000457763672,32.659999847412109,32.810001373291016,1059300
2026-05-11,33.340000152587891,33.869998931884766,33.299999237060547,33.689998626708984,3180500
2026-05-12,34.240001678466797,34.430000305175781,34.119998931884766,34.409999847412109,764900
2026-05-13,34.340000152587891,34.520000457763672,34.020000457763672,34.130001068115234,617500
2026-05-14,33.810001373291016,33.979999542236328,33.689998626708984,33.959999084472656,592300
2026-05-15,33.939998626708984,34.25,33.919998168945312,34.189998626708984,650600
2026-05-18,34.150001525878906,34.939998626708984,34.099998474121094,34.400001525878906,1097100
2026-05-19,34.740001678466797,34.849998474121094,34.479999542236328,34.770000457763672,477500
2026-05-20,34.509998321533203,34.509998321533203,33.479999542236328,33.759998321533203,912300
2026-05-21,34.259998321533203,34.299999237060547,33.110000610351562,33.419998168945312,1009600
2026-05-22,33.270000457763672,33.549999237060547,32.959999084472656,33.25,636100
2026-05-26,32.709999084472656,32.919998168945312,32.549999237060547,32.590000152587891,485900
2026-05-27,31.889999389648438,32.180000305175781,31.790000915527344,31.920000076293945,691400
2026-05-28,32.159999847412109,32.229999542236328,31.610000610351562,32.110000610351562,918600
2026-05-29,31.860000610351562,31.979999542236328,31.540000915527344,31.799999237060547,787700
2026-06-01,32.529998779296875,32.869998931884766,32.200000762939453,32.470001220703125,1235800
2026-06-02,32.430000305175781,32.680000305175781,32.360000610351562,32.630001068115234,313400
2026-06-03,32.970001220703125,32.970001220703125,32.689998626708984,32.880001068115234,398200
2026-06-04,32.380001068115234,32.409999847412109,32.180000305175781,32.389999389648438,283900
2026-06-05,32.040000915527344,32.040000915527344,31.569999694824219,31.590000152587891,1041200
2026-06-08,31.829999923706055,31.989999771118164,31.739999771118164,31.75,424000
2026-06-09,31.479999542236328,31.479999542236328,30.899999618530273,31.239999771118164,1167500
2026-06-10,31.340000152587891,31.739999771118164,31.340000152587891,31.459999084472656,1105800
2026-06-11,31.399999618530273,31.639999389648438,30.850000381469727,30.959999084472656,1037000
2026-06-12,30.729999542236328,31.030000686645508,30.549999237060547,30.579999923706055,991200
2026-06-15,30.020000457763672,30.149999618530273,29.959999084472656,30.129999160766602,508600
2026-06-16,29.600000381469727,29.770000457763672,29.440000534057617,29.659999847412109,291200
2026-06-17,29.700000762939453,30.290000915527344,29.459999084472656,29.459999084472656,896000
2026-06-18,29.319999694824219,29.569999694824219,29.010000228881836,29.530000686645508,2439000
2026-06-22,29.340000152587891,29.379999160766602,29.120000839233398,29.25,567600
2026-06-23,28.860000610351562,28.989999771118164,28.790000915527344,28.950000762939453,572000
2026-06-24,28.260000228881836,28.459999084472656,28.209999084472656,28.229999542236328,600700
2026-06-25,28.350000381469727,28.930000305175781,28.350000381469727,28.879999160766602,556900
2026-06-26,28.459999084472656,28.489999771118164,28.270000457763672,28.389999389648438,510000
2026-06-29,28.450000762939453,28.549999237060547,28.340000152587891,28.440000534057617,749400
2026-06-30,28.680000305175781,28.709999084472656,28.459999084472656,28.600000381469727,611900
2026-07-01,28.450000762939453,28.579999923706055,28.290000915527344,28.329999923706055,450400
2026-07-02,28.290000915527344,28.420000076293945,28.209999084472656,28.370000839233398,1560200
2026-07-06,28.739999771118164,28.899999618530273,28.690000534057617,28.889999389648438,628400
2026-07-07,28.889999389648438,29.379999160766602,28.889999389648438,29.280000686645508,637300
2026-07-08,29.770000457763672,30.229999542236328,29.590000152587891,29.959999084472656,656900
2026-07-09,29.819999694824219,29.840000152587891,29.450000762939453,29.540000915527344,386800
2026-07-10,29.540000915527344,29.709999084472656,29.319999694824219,29.459999084472656,604900
2026-07-13,29.850000381469727,30.610000610351562,29.819999694824219,30.520000457763672,475100
2026-07-14,31.040000915527344,31.090000152587891,30.680000305175781,31,682100
2026-07-15,31.129999160766602,31.219999313354492,30.760000228881836,31.180000305175781,437500
2026-07-16,31.159999847412109,31.159999847412109,30.790000915527344,30.889999389648438,253100
2026-07-17,31.229999542236328,31.510000228881836,31.149999618530273,31.399999618530273,328900
2026-07-20,31.479999542236328,31.770000457763672,31.399999618530273,31.629999160766602,363400
2026-07-21,32.069999694824219,32.159999847412109,31.920000076293945,32.159999847412109,498000
2026-07-22,32.400001525878906,32.610000610351562,32.360000610351562,32.450000762939453,282300
2026-07-23,33.090000152587891,33.470001220703125,33.049999237060547,33.139999389648438,540800
2026-07-24,32.840000152587891,32.869998931884766,32.509998321533203,32.770000457763672,657000
2026-07-27,31.969999313354492,31.969999313354492,31.489999771118164,31.489999771118164,648500
2026-07-28,31.319999694824219,31.469999313354492,30.899999618530273,31.090000152587891,731600
2026-07-29,31.940000534057617,32.229999542236328,31.930000305175781,32.130001068115234,524300
2026-07-30,31.879999160766602,32.060001373291016,31.870000839233398,31.950000762939453,602400
2026-07-31,32.189998626708984,32.259998321533203,31.920000076293945,32.040000915527344,331700
