date,Open,High,Low,Close,Volume
2004-01-02,45.218279441764501,45.218279441764501,44.806330497629595,44.950778961181641,259700
2004-01-05,44.833060350223562,44.945410007559964,44.790259314553097,44.913307189941406,210700
2004-01-06,44.993545079539508,45.309197524019879,44.993545079539508,45.250347137451172,144300
2004-01-07,45.223632614234141,45.437633824605754,45.202232085023624,45.352031707763672,66500
2004-01-08,45.314581802078663,45.416233295395237,45.261082519919157,45.352031707763672,140000
2004-01-09,45.849570215667342,45.913771785695502,45.769323355297729,45.887020111083984,914600
2004-01-12,45.849570215667342,46.090323041973598,45.812120320250699,45.887020111083984,136000
2004-01-13,45.881674251433715,46.143823526263013,45.822823831122484,46.133125305175781,77200
2004-01-14,46.063550617295668,46.245452942901728,46.004700225046406,46.224052429199219,114200
2004-01-15,46.224061129955444,46.475512111127337,46.074261587571698,46.250808715820312,472900
2004-01-16,46.341804486230416,46.341804486230416,46.010102279442343,46.058250427246094,64400
2004-01-20,45.945863487633893,46.127765867300255,45.924462967571266,45.97796630859375,86900
2004-01-21,46.05823293361113,46.133136826859214,45.956585521832089,46.111736297607422,248700
2004-01-22,46.181220987641296,46.309619903564446,46.095623070935169,46.309619903564453,176000
2004-01-23,46.368515521491396,46.427365932431961,45.91376568564047,45.961917877197266,344900
2004-01-26,45.956555589689415,45.956555589689415,45.731856301495711,45.769306182861328,283700
2004-01-27,45.758605643780641,45.967255573944769,45.758605643780641,45.951206207275391,138100
2004-01-28,45.935155523031412,46.133107230315062,45.357353849120464,45.619503021240234,805400
2004-01-29,45.496453280811728,45.60880292136752,45.400153005802366,45.566001892089844,155100
2004-01-30,45.731849816206534,45.796047271311714,45.624847254813979,45.774646759033203,110000
2004-02-02,45.729057312011719,45.970525699029274,45.691495471943796,45.729057312011719,78600
2004-02-03,45.868596589086422,45.906158447265625,45.788105723292261,45.906158447265625,89200
2004-02-04,45.857817370675576,45.857817370675576,45.745131906517813,45.830989837646484,126100
2004-02-05,45.814870349841044,45.879263772810624,45.610963984665531,45.659255981445312,209700
2004-02-06,45.932918686067204,46.013409433891979,45.889989741370059,45.938285827636719,297000
2004-02-09,46.045669555664055,46.093965710590311,45.986643196273818,46.045669555664062,176000
2004-02-10,45.986592271519221,46.013423893869302,45.884641113236647,45.916835784912109,344200
2004-02-11,45.863224215810618,46.308603407731972,45.814928064260876,46.158351898193359,202200
2004-02-12,46.201264407610267,46.254923594893704,46.05638419255164,46.131507873535156,109000
2004-02-13,46.260295325458166,46.362250657152337,46.1905387844713,46.249565124511719,205900
2004-02-17,46.319321665498585,46.319321665498585,46.201268985417755,46.249565124511719,48000
2004-02-18,46.426647446787797,46.426647446787797,46.206643493898611,46.238838195800781,74200
2004-02-19,46.158352213709179,46.281772073904349,46.136891806134855,46.271041870117188,39700
2004-02-20,46.244200368154821,46.254930569656082,46.051023989658617,46.11541748046875,62300
2004-02-23,46.158336860426317,46.287123826645207,46.126142165838445,46.265659332275391,230200
2004-02-24,46.340767040565346,46.448085381484908,46.287107870105572,46.346134185791016,299600
2004-02-25,46.399810791015625,46.437372633844589,46.362248948186661,46.399810791015625,108700
2004-02-26,46.319347917971982,46.356909783474499,46.254954393994957,46.330078125,169800
2004-02-27,46.45345537015465,46.544676374913195,46.383698853680322,46.512481689453125,161900
2004-03-01,46.631437082517898,46.674490749980308,46.475370617334427,46.561473846435547,284600
2004-03-02,46.437713132811062,46.448474499881229,46.206304735465906,46.292407989501953,284500
2004-03-03,46.211676752023301,46.270874521739152,46.120186676938104,46.249347686767578,270400
2004-03-04,46.2278026590335,46.394630432128906,46.190131739114463,46.394630432128906,383700
2004-03-05,47.061975493262409,47.088885069918057,46.943584031122427,46.970489501953125,904800
2004-03-08,47.191134692322848,47.239567001422742,47.137315541112159,47.234184265136719,208400
2004-03-09,47.228767521544562,47.433266171312638,47.212623431539377,47.411739349365234,254300
2004-03-10,47.32565921037812,47.444054735825148,47.314893741251957,47.406379699707031,245100
2004-03-11,47.524752085222978,47.535517549107411,47.207240699597158,47.411739349365234,486800
2004-03-12,47.384886535590994,47.449462967342079,47.261108198358031,47.266490936279297,245600
2004-03-15,47.277206127557783,47.374074786392484,47.20186429355546,47.293350219726562,432800
2004-03-16,47.223424170589503,47.557084030290625,47.164226387322771,47.524791717529297,178400
2004-03-17,47.65393805761542,47.65393805761542,47.44405656561873,47.492488861083984,522300
2004-03-18,47.395615714881103,47.508628499514138,47.304129761486251,47.341800689697266,207200
2004-03-19,47.30953306698413,47.341821274969419,47.218042967984118,47.277240753173828,329500
2004-03-22,47.357930992654481,47.481709209765164,47.331021434988926,47.454799652099609,87300
2004-03-23,47.433305727326129,47.524791717529297,47.411778887426877,47.524791717529297,200400
2004-03-24,47.503250224801725,47.535542527602182,47.449435194565787,47.492488861083984,397900
2004-03-25,47.411758125281153,47.465573148550639,47.368704464336325,47.427902221679688,71000
2004-03-26,47.384851361029575,47.384851361029575,47.05657439056025,47.126533508300781,316200
2004-03-29,46.938213748553672,46.948975118576236,46.84134499504647,46.927448272705078,196500
2004-03-30,47.061983553951059,47.061983553951059,46.900538383839994,46.943592071533203,78500
2004-03-31,46.986603659281904,47.153435537733756,46.975842298973234,47.115764617919922,222000
2004-04-01,47.075818365571429,47.092009801774175,46.89230581359395,47.000255584716797,438500
2004-04-02,46.255400779979446,46.309377706038767,46.066493892355751,46.131263732910156,321800
2004-04-05,45.947751123629281,45.985532501055367,45.82361407688412,45.904575347900391,214500
2004-04-06,46.039563017290966,46.098934410620792,45.985586028543054,46.066547393798828,87400
2004-04-07,46.082730486107771,46.19607472976427,46.039554667951968,46.071937561035156,144100
2004-04-08,46.023358043320485,46.098924988549356,45.980182226159307,45.985576629638672,43200
2004-04-12,45.883000769869945,45.883000769869945,45.785848035680829,45.839820861816406,98900
2004-04-13,45.575336031951018,45.645500270895297,45.483577728271491,45.483577728271484,382100
2004-04-14,45.175943254872784,45.456608539956527,45.175943254872784,45.451210021972656,473900
2004-04-15,45.39187694660751,45.483631240375885,45.310915580043471,45.386478424072266,128200
2004-04-16,45.532193452180984,45.602357748625437,45.44583359391271,45.553783416748047,135900
2004-04-19,45.613184272246997,45.640168656998867,45.418878583417211,45.435070037841797,211700
2004-04-20,45.381017634097113,45.445783338313355,45.105751037597663,45.105751037597656,395700
2004-04-21,45.132774528710357,45.305490070463293,45.132774528710357,45.197540283203125,340300
2004-04-22,45.370261423132,45.445824224606042,45.283905700531882,45.375659942626953,1074000
2004-04-23,45.213740497688335,45.251521901096822,45.116587729228769,45.186756134033203,94800
2004-04-26,45.132776390134872,45.219132105641265,45.132776390134872,45.181350708007812,51700
2004-04-27,45.278516658910029,45.359477996826172,45.159773912348321,45.359477996826172,65700
2004-04-28,45.256912313634615,45.316283668049884,45.035622452702292,45.062606811523438,86800
2004-04-29,45.105794842895591,45.175959129891204,44.857516460606355,44.960067749023438,197000
2004-04-30,44.992468474194418,45.105812729455522,44.911507115331979,45.068031311035156,57000
2004-05-03,45.029000030656462,45.121049660497178,45.007340565202064,45.050655364990234,69400
2004-05-04,45.158953883099834,45.294322447419006,44.920703887939453,44.920703887939453,588700
2004-05-05,45.077757816073976,45.077757816073976,44.812436434291435,44.817848205566406,290200
2004-05-06,44.812450643462995,44.8503537100217,44.752888091567264,44.774547576904297,256000
2004-05-07,44.390108082729391,44.390108082729391,44.141026027213492,44.222248077392578,428400
2004-05-10,44.24386714282258,44.314257318732516,44.157233397942768,44.211380004882812,275300
2004-05-11,44.222239980739431,44.31970559688434,44.19516872305293,44.298046112060547,132400
2004-05-12,44.2763584816432,44.352168695897603,44.184308827999445,44.233043670654297,74100
2004-05-13,44.130162464691573,44.151821935868973,44.027281009379351,44.097675323486328,143200
2004-05-14,44.184318264981748,44.363005841011194,44.168074691001358,44.319686889648438,186900
2004-05-17,44.520017566414239,44.639142573285064,44.520017566414239,44.606651306152344,623700
2004-05-18,44.498398190993043,44.536301260863681,44.433419729304184,44.520057678222656,148000
2004-05-19,44.308865877533911,44.373840183221908,44.270962822174852,44.314277648925781,59200
2004-05-20,44.509194768701988,44.557929613696849,44.42797691224704,44.536270141601562,136900
2004-05-21,44.655395216508943,44.655395216508943,44.400901583041275,44.438804626464844,212800
2004-05-24,44.455050830807103,44.482126205336982,44.368417068331361,44.471294403076172,64000
2004-05-25,44.547137783503601,44.585040860899682,44.476747534375328,44.487579345703125,74600
2004-05-26,44.63374665950716,44.731212242305972,44.585011802546305,44.709552764892578,131000
2004-05-27,44.893669580168194,44.969475708050133,44.823275224903433,44.953227996826172,577000
2004-05-28,44.904484237006386,44.953214963176968,44.720380743297326,44.828678131103516,59800
2004-06-01,44.692273660857332,44.714006359824104,44.502117726258675,44.605342864990234,188900
2004-06-02,44.594533198714956,44.643428722451503,44.52390080430407,44.529335021972656,141200
2004-06-03,44.540215755456863,44.638010975026091,44.496750292293939,44.5999755859375,165000
2004-06-04,44.616269675857424,44.616269675857424,44.398946546869695,44.415245056152344,157000
2004-06-07,44.377185990059196,44.485845413864631,44.311987848721152,44.480415344238281,119600
2004-06-08,44.377193959792123,44.46955490112304,44.317430022438693,44.469554901123047,627400
2004-06-09,44.350025205038413,44.404359069558907,44.230501480332244,44.339160919189453,146000
2004-06-10,44.317414251436681,44.420643587419129,44.257650335351116,44.388042449951172,156600
2004-06-14,44.2793594199183,44.306526329131515,44.14353316402898,44.170700073242188,185900
2004-06-15,44.496707825528802,44.806391701092828,44.458676617831138,44.757492065429688,423700
2004-06-16,44.594534969668508,44.697760238909503,44.556503734665249,44.65972900390625,55100
2004-06-17,44.567348758055502,44.784671783447266,44.523883323958763,44.784671783447266,91500
2004-06-18,44.790128424571499,44.811861152501045,44.686899003179661,44.692333221435547,114600
2004-06-21,44.768354592905183,44.806385795590309,44.69772225571122,44.762920379638672,44300
2004-06-22,44.735821220923121,44.74668966391885,44.686925662731795,44.703224182128906,209400
2004-06-23,44.648832301812767,44.779224420727907,44.643398087873173,44.768360137939453,149000
2004-06-24,44.958513461564706,45.034575871765554,44.904183760719881,44.942214965820312,188800
2004-06-25,44.887888694827119,44.969381179775901,44.877020266773421,44.963951110839844,61200
2004-06-28,44.795542283420509,44.822709219772527,44.627118884297026,44.632553100585938,102800
2004-06-29,44.670594250253231,44.844451904296882,44.60539607557682,44.844451904296875,103600
2004-06-30,44.909639787712109,45.154125632810008,44.882472851549011,45.121528625488281,452200
2004-07-01,45.117695606248859,45.253969912869934,45.008677824456726,45.210365295410156,115500
2004-07-02,45.635564954655983,45.700973995324958,45.488386295622725,45.597408294677734,146900
2004-07-06,45.602832034692405,45.640988670908214,45.493810103531914,45.510162353515625,107100
2004-07-07,45.515622539604713,45.6028400999583,45.493818149516315,45.531974792480469,61500
2004-07-08,45.56466309493161,45.65188062426968,45.521058489023275,45.537410736083984,186500
2004-07-09,45.591980378643093,45.635589201435032,45.542923572076845,45.613784790039062,192300
2004-07-12,45.641013917592808,45.700970814444901,45.63556177832853,45.668266296386719,182400
2004-07-13,45.564673443321922,45.581029852858109,45.466559938674656,45.570125579833984,84200
2004-07-14,45.537420656102242,45.58647740797106,45.515616269017784,45.548320770263672,252300
2004-07-15,45.548316531051206,45.570120916106312,45.48835551183997,45.526512145996094,77600
2004-07-16,45.74455624642016,45.968048095703125,45.74455624642016,45.968048095703125,225800
2004-07-19,45.913552506827557,45.973509390423452,45.902648230709893,45.957157135009766,44700
2004-07-20,45.853583983285795,45.924445131438091,45.635544242897453,45.6573486328125,111200
2004-07-21,45.542874738424494,45.581031377762166,45.428400661649697,45.559226989746094,98800
2004-07-22,45.619236932579618,45.68464600800128,45.586528236102545,45.613784790039062,54400
2004-07-23,45.624630148615921,45.73365207472601,45.624630148615921,45.722747802734375,54000
2004-07-26,45.619202703200813,45.646455077922866,45.559241656543932,45.564689636230469,65300
2004-07-27,45.553793144711094,45.553793144711094,45.226735510667005,45.243087768554688,73800
2004-07-28,45.166752289264849,45.32483096919244,45.117691380919744,45.313926696777344,83600
2004-07-29,45.292115538098443,45.362980821915713,45.270315314050897,45.357528686523438,39600
2004-07-30,45.526539786861669,45.679170574915275,45.521091806361135,45.668266296386719,64700
2004-08-02,45.806607134430472,45.806607134430472,45.675353110372662,45.713634490966797,226300
2004-08-03,45.713646367956443,45.872241892296614,45.713646367956443,45.823024749755859,167700
2004-08-04,45.823003737572414,45.937847856530936,45.779252404914864,45.795658111572266,103100
2004-08-05,45.88318260636801,45.976151103228645,45.88318260636801,45.932399749755859,130000
2004-08-06,46.512081241270359,46.594109789755308,46.408172850046093,46.561298370361328,235700
2004-08-09,46.484731546188584,46.506607214657883,46.402698832517999,46.408168792724609,96100
2004-08-10,46.468322639573763,46.506604013670895,46.205818808367106,46.216758728027344,151600
2004-08-11,46.238623565519788,46.375343322753906,46.22221368987276,46.375343322753906,174900
2004-08-12,46.320694686917442,46.462884533484228,46.266007568194745,46.435543060302734,80100
2004-08-13,46.594102726578853,46.643324020565892,46.517539978027344,46.517539978027344,78300
2004-08-16,46.50112271608149,46.506592674577938,46.369872918657499,46.468311309814453,304300
2004-08-17,46.50662063969223,46.687091827392578,46.490214926693717,46.687091827392578,66400
2004-08-18,46.758180954648992,46.785526589062748,46.506616973002849,46.533958435058594,79600
2004-08-19,46.544895313790306,46.659739460573014,46.495674009536145,46.6488037109375,61800
2004-08-20,46.610496441174057,46.665183503693868,46.550339420695643,46.555805206298828,36700
2004-08-23,46.441006305371005,46.462881986132679,46.380849226366266,46.397254943847656,73100
2004-08-24,46.348048615200177,46.446487115436611,46.320702964772096,46.441017150878906,94300
2004-08-25,46.473764372391727,46.577668511914091,46.446418762207031,46.446418762207031,88900
2004-08-26,46.561301024422441,46.6488037109375,46.490208220897266,46.6488037109375,98700
2004-08-27,46.63786373945134,46.703490754267989,46.58317664661633,46.594112396240234,62200
2004-08-30,46.681631178886505,46.780069648875035,46.643349783466476,46.758193969726562,41400
2004-08-31,46.801941425454537,47.026159816401403,46.769125823288569,46.960536956787109,127600
2004-09-01,47.013175237445196,47.040605836259765,46.821173601708487,46.952831268310547,209500
2004-09-02,46.94732505139163,46.94732505139163,46.694979572541172,46.700462341308594,107100
2004-09-03,46.574325561523438,46.607238939339922,46.442667864934755,46.574325561523438,211800
2004-09-07,46.535922668150683,46.612723335716893,46.481065646363739,46.601749420166016,53300
2004-09-08,46.519499991448725,46.887046909996577,46.486582406051895,46.870590209960938,142700
2004-09-09,46.897971617318724,46.99123313684791,46.7663139581243,46.788257598876953,105300
2004-09-10,46.947342605933983,46.985742928262923,46.865055005137343,46.881511688232422,150300
2004-09-13,46.914439363850803,47.007700905370804,46.870556257319492,46.996726989746094,90300
2004-09-14,46.97477668749756,47.057064301732701,46.892493258584338,47.007694244384766,119500
2004-09-15,46.98576266866479,47.002219358673912,46.903475033296161,46.958332061767578,66900
2004-09-16,46.985757813590496,47.276503801236707,46.985757813590496,47.216159820556641,249500
2004-09-17,47.177749599828147,47.249063295995803,47.05157470703125,47.05157470703125,142100
2004-09-20,47.183244150941448,47.336845481454205,47.183244150941448,47.320388793945312,181200
2004-09-21,47.27100676323991,47.397181655571451,47.155805784322418,47.353294372558594,81700
2004-09-22,47.314901351319229,47.567246989620919,47.298444663979033,47.545303344726562,93600
2004-09-23,47.572719835419456,47.589176517878016,47.353287636889526,47.380718231201172,246700
2004-09-24,47.336855244168945,47.38074254345883,47.238110913428315,47.375255584716797,93100
2004-09-27,47.468500456917567,47.52884443122008,47.419130397209393,47.506900787353516,201200
2004-09-28,47.506893397976256,47.556267635326719,47.380722697021184,47.457523345947266,202800
2004-09-29,47.265535750632857,47.276505481454294,47.150330557732801,47.161304473876953,226100
2004-09-30,47.01315607355879,47.122874238771097,46.914411817527743,47.111900329589844,175000
2004-10-01,46.961725744855258,46.983735259303089,46.840675514335032,46.923210144042969,270200
2004-10-04,46.774658879764345,46.961733486581998,46.769155450773724,46.939723968505859,278100
2004-10-05,46.939723968505859,46.989246433648752,46.884702272258686,46.939723968505859,220000
2004-10-06,46.91769739381354,46.91769739381354,46.752632365080316,46.78564453125,137100
2004-10-07,46.774637877614339,46.802146614443132,46.675597189684879,46.703105926513672,130500
2004-10-08,47.088263397704907,47.14328506617926,47.038740957559042,47.099266052246094,123400
2004-10-11,47.077274587253136,47.181818735939032,47.07177535681712,47.176315307617188,48800
2004-10-12,47.236840425499992,47.253346512579697,47.170816077181172,47.176315307617188,142700
2004-10-13,47.137770809073444,47.352358205336408,47.104758655150917,47.346858978271484,130600
2004-10-14,47.357885239548601,47.539460572409538,47.313866213784976,47.511947631835938,81300
2004-10-15,47.43493257061067,47.467944752219751,47.203838903573512,47.352397918701172,195100
2004-10-18,47.401894910407144,47.434907074272139,47.286348138995137,47.423904418945312,207800
2004-10-19,47.253339269077635,47.456924106919899,47.236833184528166,47.407405853271484,65300
2004-10-20,47.566991000505212,47.627516139051778,47.500966629645141,47.622016906738281,110700
2004-10-21,47.572486772430892,47.732052639467717,47.55598068237304,47.555980682373047,156600
2004-10-22,47.555977333868647,47.688030242919922,47.495452209327176,47.688030242919922,64100
2004-10-25,47.759510299348896,47.79802586419185,47.698985240612579,47.743000030517578,172300
2004-10-26,47.732004401831091,47.765016548584931,47.638467187440298,47.660476684570312,37400
2004-10-27,47.715533442522471,47.759552469176285,47.324874026212093,47.368888854980469,126800
2004-10-28,47.286352054072658,47.495436105669626,47.242333033351755,47.440414428710938,49500
2004-10-29,47.434920295075223,47.577980041503906,47.374395179197151,47.577980041503906,341100
2004-11-01,47.497954137546316,47.547628834636527,47.32134094605231,47.343418121337891,128800
2004-11-02,47.359936817985201,47.464802263461038,47.304746029603741,47.459281921386719,191300
2004-11-03,47.199908174359244,47.464830008549782,47.161274178830389,47.442752838134766,139800
2004-11-04,47.520049194270115,47.558683212859918,47.393110652100304,47.415187835693359,435100
2004-11-05,47.08402786417259,47.117145740436676,46.957089339333784,47.06195068359375,886400
2004-11-08,47.006722053415025,47.023278872842837,46.929454088893088,46.995685577392578,300600
2004-11-09,47.001209178279893,47.056399983793746,46.968091326340748,47.006725311279297,95000
2004-11-10,46.957064799508352,47.017775961674531,46.802528827008793,46.912910461425781,118700
2004-11-11,47.023300306374061,47.023300306374061,46.901882171630859,46.901882171630859,94500
2004-11-12,47.001227026416096,47.144722333084971,46.946031989154065,47.078495025634766,154700
2004-11-15,47.078467212216616,47.13365800608242,47.017756075727938,47.100540161132812,144700
2004-11-16,47.034319797919963,47.061913093510007,46.995685815463283,47.050876617431641,125900
2004-11-17,47.05090215145372,47.321340175414328,47.034345322956824,47.299263000488281,199600
2004-11-18,47.233033127966898,47.365491959557552,47.227512781836772,47.337894439697266,110100
2004-11-19,47.299258331522317,47.326855850153336,47.001227026416096,47.078495025634766,2162100
2004-11-22,47.050906857570752,47.150252049279374,47.045386510589445,47.111618041992188,168100
2004-11-23,47.061915874502183,47.238528977710374,47.028802233522065,47.067436218261719,183600
2004-11-24,47.100549140923924,47.133666992187507,47.050878680211255,47.1336669921875,51900
2004-11-26,46.940527740461803,46.98467788634504,46.923966698615473,46.962600708007812,62600
2004-11-29,46.769430142447668,46.791507320540092,46.642491631905187,46.681125640869141,455700
2004-11-30,46.620371742646576,46.703160031949039,46.581737769077066,46.636928558349609,182100
2004-12-01,46.759814722442265,46.759814722442265,46.560506623667969,46.621406555175781,257600
2004-12-02,46.527356162430173,46.599326991131079,46.438772781978535,46.516281127929688,886300
2004-12-03,46.964699665237518,47.103107948425972,46.92040800088467,46.981307983398438,224100
2004-12-06,47.047720769061257,47.119691517919257,46.992354105757627,47.069862365722656,325500
2004-12-07,47.031133082561468,47.092033065262576,46.975770613892898,47.064353942871094,1053000
2004-12-08,47.16953942249512,47.424214370870438,47.16953942249512,47.413139343261719,158500
2004-12-09,47.379899311691283,47.496161700859069,47.263636922523496,47.302391052246094,169400
2004-12-10,47.379919532476166,47.446352798133923,47.324557069799653,47.374382019042969,191900
2004-12-13,47.335618194364692,47.490634747717735,47.319009881346055,47.407588958740234,141800
2004-12-14,47.335648782267505,47.507273759541825,47.285823811015099,47.490665435791016,190900
2004-12-15,47.584776533357356,47.662284851074219,47.546022374498932,47.662284851074219,95000
2004-12-16,47.568196233486795,47.568196233486795,47.296916961669922,47.296916961669922,478500
2004-12-17,47.169539678494985,47.335631302443709,47.169539678494985,47.235977172851562,163600
2004-12-20,47.346706160393126,47.346706160393126,47.241518731845126,47.291343688964844,62900
2004-12-21,47.296884281539761,47.374392591361072,47.230446777170314,47.357784271240234,168400
2004-12-22,47.379969922052382,47.379969922052382,47.230486467573385,47.307994842529297,465100
2004-12-23,47.28581343247194,47.302421752577459,47.224913442827642,47.247055053710938,66400
2004-12-27,47.114223863596159,47.147444755612,46.964744633138608,47.04779052734375,165200
2004-12-28,47.025658506754617,47.064412705598102,46.876175008436242,47.042266845703125,366800
2004-12-29,47.086497877646096,47.086497877646096,46.914868740638468,46.948089599609375,127800
2004-12-30,47.009004545111992,47.158483674468542,46.959175352735286,47.125267028808594,135000
2004-12-31,47.198035390854272,47.303558825864542,47.181369781494141,47.181369781494141,151300
2005-01-03,47.164685458574873,47.297984844320183,47.114701366952659,47.275768280029297,323400
2005-01-04,47.275758142437716,47.275758142437716,46.975840944888155,46.981391906738281,1181000
2005-01-05,47.031375125362381,47.136902712328698,46.992497209749793,47.059146881103516,369000
2005-01-06,47.009186117984008,47.153591705191829,47.009186117984008,47.103603363037109,389100
2005-01-07,47.175810639459499,47.209133377647568,47.042511211951847,47.064727783203125,182400
2005-01-10,47.103575757964336,47.120237116459016,47.009158568244473,47.059146881103516,226300
2005-01-11,47.09803660917995,47.181343422547194,47.053603483800039,47.153575897216797,483900
2005-01-12,47.136926081303493,47.259110849964777,47.098048146416474,47.225788116455078,100600
2005-01-13,47.275753880517762,47.425710347086202,47.192442849146367,47.414604187011719,101600
2005-01-14,47.303541198163281,47.45350196487248,47.264663265567719,47.386852264404297,510300
2005-01-18,47.286924298532789,47.386896824555556,47.225829741664391,47.370235443115234,215100
2005-01-19,47.375748332349126,47.414626266776878,47.297992463493621,47.397960662841797,95500
2005-01-20,47.364632232474534,47.486821222372001,47.331309503366697,47.481266021728516,151800
2005-01-21,47.459056992689995,47.581246001990202,47.425734258290746,47.575695037841797,324700
2005-01-24,47.575669334266507,47.614547249186906,47.497909267050787,47.570114135742188,217000
2005-01-25,47.542347682715345,47.575674640203175,47.353513285577677,47.392391204833984,270900
2005-01-26,47.425735245945717,47.470168384321525,47.375751143305905,47.403518676757812,674400
2005-01-27,47.325720743237206,47.331275939941406,47.286842841054877,47.331275939941406,60300
2005-01-28,47.453506028541597,47.586801203515812,47.453506028541597,47.575695037841797,103200
2005-01-31,47.536810283315063,47.597904784647767,47.47016481813538,47.592353820800781,74900
2005-02-01,47.587308220266216,47.626304908680282,47.514887013303024,47.559455871582031,115300
2005-02-02,47.581787632180436,47.587355557263749,47.475937551054649,47.565071105957031,220900
2005-02-03,47.386801710485813,47.487079620361321,47.386801710485813,47.487079620361328,65000
2005-02-04,47.687620288166556,47.854751501630808,47.687620288166556,47.732189178466797,414100
2005-02-07,47.760047579858657,47.843608939385916,47.721050861971442,47.826896667480469,149600
2005-02-08,47.815728116111778,47.932718200156536,47.754446988709148,47.871437072753906,120800
2005-02-09,47.860329251948755,48.105449676513679,47.860329251948755,48.105449676513672,325200
2005-02-10,48.005189949513863,48.016334302765515,47.804634094238288,47.804634094238281,175800
2005-02-11,47.782336263388665,47.838049513401494,47.709914988825908,47.743339538574219,176400
2005-02-14,47.726640622778383,47.838062903667826,47.693216063674264,47.804634094238281,129200
2005-02-15,47.7433292758802,47.799042513917165,47.698764635903281,47.732189178466797,130000
2005-02-16,47.704298285508422,47.743294973922488,47.514887013303024,47.559455871582031,64900
2005-02-17,47.442477003908309,47.53161049118372,47.42019256950914,47.453617095947266,128000
2005-02-18,47.24194505950436,47.325506417546421,47.16951954877004,47.214088439941406,243900
2005-02-22,47.241934709258061,47.280931417908363,47.175081387147927,47.219650268554688,104700
2005-02-23,47.370119405787527,47.381263764116405,47.163995530304213,47.258701324462891,258300
2005-02-24,47.358923890155353,47.358923890155353,47.158368178149516,47.180652618408203,142500
2005-02-25,47.214084462284653,47.286505716594277,47.147231131159813,47.247509002685547,425500
2005-02-28,47.15836905789115,47.230790302341127,46.879819924944741,46.94110107421875,397900
2005-03-01,46.913713839531475,46.997504866633918,46.863434961264559,46.941642761230469,300500
2005-03-02,46.908132933512292,46.986340744453948,46.885787235813808,46.936061859130859,149600
2005-03-03,46.997524458043827,47.025457653392522,46.891387692134693,46.908145904541016,598500
2005-03-04,47.058968935138459,47.176280671168982,47.036623233703111,47.120418548583984,179400
2005-03-07,47.142812118996545,47.204261794838288,47.126053891405356,47.131641387939453,163100
2005-03-08,47.008699440986192,47.014286932457381,46.891387692134693,46.908145904541016,696200
2005-03-09,46.757307493959857,46.757307493959857,46.505925815973484,46.550617218017578,262300
2005-03-10,46.589692780423135,46.729350130327276,46.483551830654676,46.634384155273438,262300
2005-03-11,46.556204107587192,46.589724792759412,46.427721644115891,46.438892364501953,203400
2005-03-14,46.388614082112724,46.550617218017578,46.377439100598359,46.550617218017578,192300
2005-03-15,46.63998873624093,46.63998873624093,46.405365303853088,46.461227416992188,99600
2005-03-16,46.56181057781501,46.746159504380032,46.522706647514134,46.567398071289062,223700
2005-03-17,46.751738462912989,46.813188093883163,46.673530616588771,46.746150970458984,342100
2005-03-18,46.656777973682054,46.667952960945563,46.578570110872946,46.628849029541016,200300
2005-03-21,46.600892644849246,46.617650855400377,46.550618013195852,46.572963714599609,448200
2005-03-22,46.69028456513697,46.734975976668949,46.232208251953125,46.232208251953125,302800
2005-03-23,46.131639065444581,46.377433221515417,46.131639065444581,46.338329315185547,355900
2005-03-24,46.360717515021634,46.422167175875458,46.321613572842836,46.377475738525391,132000
2005-03-28,46.265742728789128,46.282500949149444,46.198705585338629,46.226638793945312,68500
2005-03-29,46.316038470914833,46.422175325742053,46.316038470914833,46.416587829589844,349300
2005-03-30,46.388642680739657,46.528300201721407,46.377467692335905,46.522712707519531,244500
2005-03-31,46.712608897375816,46.751712799072266,46.623226115209278,46.751712799072266,675000
2005-04-01,46.908083044913106,46.930503480003217,46.566178893245137,46.846427917480469,367200
2005-04-04,46.795989952677061,46.964141110361105,46.784781871086857,46.824016571044922,135900
2005-04-05,46.829647064208984,46.885696053784116,46.767991892797198,46.829647064208984,75100
2005-04-06,46.930526183452407,46.969760894775391,46.908105737516017,46.969760894775391,51200
2005-04-07,46.986563522675709,47.0818471871087,46.779177656325878,46.790390014648438,196500
2005-04-08,46.773589483035224,46.846457011397554,46.695120049616875,46.840850830078125,86300
2005-04-11,46.829635812223998,46.980968475341797,46.796003005549004,46.980968475341797,41900
2005-04-12,46.913683957000281,47.23316766683967,46.874449265485296,47.227565765380859,146100
2005-04-13,47.28920797792005,47.322836482532395,47.137871154645502,47.249973297119141,171500
2005-04-14,47.294852101545715,47.373321533203125,47.221988851081917,47.373321533203125,194700
2005-04-15,47.485428877806051,47.681602478027344,47.367724717673269,47.681602478027344,177900
2005-04-18,47.71521066313727,47.732029201351153,47.569484208712453,47.580692291259766,326100
2005-04-19,47.619964974961874,47.855373382568359,47.608756883475287,47.855373382568359,107600
2005-04-20,47.57510468642775,47.85535389840868,47.57510468642775,47.82733154296875,229300
2005-04-21,47.642359078637156,47.73764277049132,47.479814046276132,47.485420227050781,565200
2005-04-22,47.647982984910058,47.720846257034417,47.575115436521124,47.687217712402344,74800
2005-04-25,47.681611529542131,47.709638167578582,47.642376802049853,47.687217712402344,79100
2005-04-26,47.748862912748478,47.754464818172984,47.56389740341158,47.664787292480469,119600
2005-04-27,47.799288739239451,47.894572412772192,47.743239771059145,47.810501098632812,123700
2005-04-28,47.883372849728097,48.101966857910149,47.849744318088682,48.101966857910156,103300
2005-04-29,47.978634913393442,48.135573691986316,47.911377880431353,47.928192138671875,174200
2005-05-02,47.965887222415574,48.005244830710375,47.864681331134989,47.977134704589844,141400
2005-05-03,48.010883225787232,48.078355270454111,47.892810364864346,48.038997650146484,259200
2005-05-04,47.93213928289763,48.072702741205248,47.90402487537358,48.027721405029297,114500
2005-05-05,48.083971337997092,48.24140609780148,47.994012907767456,48.179557800292969,108000
2005-05-06,47.892814377002168,47.949038940771906,47.785984703078178,47.836589813232422,591000
2005-05-09,47.808480078513135,47.842213962153828,47.763498707219107,47.830970764160156,32900
2005-05-10,47.887172784384823,48.010869352367457,47.881553332863902,47.999626159667969,101300
2005-05-11,48.089603057305794,48.185185245797861,48.027754749538154,48.061492919921875,408600
2005-05-12,47.960266181038477,48.140187282944048,47.904037351346318,48.106449127197266,546800
2005-05-13,48.218874612209468,48.297589780669007,48.145778891743497,48.230117797851562,214400
2005-05-16,48.297642379908517,48.308885577795181,48.213303381949856,48.235794067382812,111900
2005-05-17,48.314512511621132,48.359493885457006,48.280778626074174,48.297645568847656,112800
2005-05-18,48.483192557244529,48.522550188590813,48.387606061409187,48.455078125,93000
2005-05-19,48.432576462685994,48.4831815713274,48.308879852294922,48.308879852294922,116200
2005-05-20,48.308876441576153,48.336990865465225,48.258275626166409,48.303256988525391,70400
2005-05-23,48.381969883431466,48.561891034490351,48.365098656120246,48.522533416748047,163800
2005-05-24,48.651805877685547,48.679920275024415,48.533733130240876,48.651805877685547,188900
2005-05-25,48.7474147359856,48.7474147359856,48.471911507315589,48.477535247802734,150000
2005-05-26,48.477535628610866,48.595608441825519,48.449421215611459,48.505645751953125,181400
2005-05-27,48.544992603215903,48.589973938188336,48.477524890413456,48.556240081787109,69600
2005-05-31,48.696827477750936,48.809276580810547,48.696827477750936,48.809276580810547,122600
2005-06-01,48.901757750673411,49.138623728419319,48.867920983207583,49.110427856445312,781400
2005-06-02,49.070954207699351,49.166827925190439,49.042754030675894,49.093513488769531,154500
2005-06-03,49.336022542199998,49.341659135657181,48.811531066894538,48.811531066894531,245300
2005-06-06,48.850997968323597,48.975067538183829,48.80023851919438,48.941230773925781,311700
2005-06-07,49.076573461508481,49.121692007707864,48.941222125651713,49.08221435546875,111200
2005-06-08,49.070959735800166,49.08223722623427,48.975081704765003,48.99200439453125,104600
2005-06-09,48.873558086399832,48.980709275974831,48.760761699028478,48.963790893554688,783400
2005-06-10,48.811529011947442,48.811529011947442,48.64797745096957,48.653614044189453,200900
2005-06-13,48.574638954372325,48.597198226304819,48.484406169383497,48.523883819580078,276400
2005-06-14,48.518246288211898,48.518246288211898,48.394172435355465,48.467491149902344,301500
2005-06-15,48.388574138977397,48.45061111450196,48.332173759231523,48.450611114501953,116700
2005-06-16,48.428045648623353,48.60851565366373,48.371645276068477,48.602874755859375,215700
2005-06-17,48.518251398078341,48.602847606911944,48.467496254423331,48.546451568603516,149000
2005-06-20,48.399826285122458,48.473140716552734,48.354707726053384,48.473140716552734,178800
2005-06-21,48.529545896193504,48.642338002348104,48.495704822152689,48.625419616699219,217900
2005-06-22,48.856648692861633,49.037118659011064,48.75513406798111,48.99200439453125,487300
2005-06-23,48.924312391796754,48.963790051011863,48.850997968323597,48.941230773925781,169200
2005-06-24,49.059684753417969,49.093525834905115,49.003288687931374,49.059684753417969,67500
2005-06-27,49.099166870117188,49.144285447684631,49.054052595294124,49.099166870117188,880800
2005-06-28,49.037105075550237,49.037105075550237,48.873557844470241,48.890476226806641,168000
2005-06-29,49.020206024487095,49.020206024487095,48.800258361892446,48.873577117919922,350300
2005-06-30,48.87358217540833,49.065329674335572,48.839741091146081,49.042770385742188,299500
2005-07-01,48.926217800642178,48.954503848294216,48.558520760390273,48.620746612548828,270000
2005-07-05,48.473677854004983,48.552873619207766,48.400135846427027,48.422763824462891,142200
2005-07-06,48.496300176816966,48.54720988457688,48.439728080401487,48.524581909179688,299700
2005-07-07,48.745188034837305,48.76781600501694,48.626394428277237,48.637710571289062,209900
2005-07-08,48.682973935028038,48.682973935028038,48.3944769563197,48.462356567382812,157300
2005-07-11,48.326557970667217,48.462321410148228,48.281302052226231,48.439693450927734,171300
2005-07-12,48.366190622303449,48.417100330300258,48.309622841469761,48.315280914306641,123700
2005-07-13,48.315283113709626,48.326594944053291,48.241741111017532,48.270027160644531,108300
2005-07-14,48.298313231958119,48.309629379163276,48.168207750018091,48.207805633544922,236000
2005-07-15,48.173845515243848,48.253041248911401,48.162529372809175,48.219097137451172,318800
2005-07-18,48.202141320345206,48.247397271616393,48.100317587907576,48.139915466308594,182700
2005-07-19,48.151237845055967,48.26437342203387,48.11729371928611,48.207805633544922,156600
2005-07-20,48.219094523311497,48.349204259193762,48.043733167675178,48.298290252685547,341100
2005-07-21,48.122936875994142,48.134248703847305,47.930605591580431,47.941917419433594,509200
2005-07-22,48.083340001026805,48.196475545279711,48.026772228900356,48.168193817138672,368100
2005-07-25,48.128599453197019,48.202137130737192,48.060715532190549,48.083343505859375,125600
2005-07-26,48.094658706873545,48.139914657384267,48.08334687716836,48.117286682128906,90800
2005-07-27,48.026768544608991,48.083336312395943,48.004140574325405,48.049396514892578,64600
2005-07-28,48.08900941216006,48.275682672609612,48.08900941216006,48.258712768554688,142900
2005-07-29,48.122944466304219,48.162542343802379,47.941924981191924,47.970211029052734,205800
2005-08-01,47.931054865537199,47.931054865537199,47.783503636648888,47.874305725097656,109700
2005-08-02,47.868635664017845,47.942413452784542,47.81756272996315,47.828910827636719,337600
2005-08-03,47.902681441940032,47.982131102802981,47.879980920310359,47.948078155517578,129600
2005-08-04,47.953752997020075,48.004825921964972,47.862950913098047,47.914028167724609,179300
2005-08-05,47.715379479516088,47.715379479516088,47.618905562230175,47.65863037109375,160100
2005-08-08,47.641658500299847,47.670035253157714,47.528160148237603,47.533836364746094,146800
2005-08-09,47.562171787588994,47.669998168945312,47.505422655705061,47.669998168945312,293300
2005-08-10,47.732422766853546,47.749447073184506,47.596223986524691,47.647296905517578,91900
2005-08-11,47.709729447928055,47.862952557709271,47.647304095507089,47.851604461669922,278200
2005-08-12,47.879972528957396,48.106969046107544,47.857272011306172,48.044548034667969,130600
2005-08-15,48.061562515218284,48.061562515218284,47.976436673848816,47.982112884521484,147200
2005-08-16,48.129675861464186,48.220477943950407,48.112651553418416,48.209125518798828,214800
2005-08-17,48.124016048302515,48.163740886933013,47.97646479209665,48.021865844726562,138400
2005-08-18,48.124006199915939,48.282905521919822,48.106977561402552,48.277229309082031,247800
2005-08-19,48.158057828148415,48.271556113908808,48.141033518252563,48.248855590820312,76000
2005-08-22,48.186443599012399,48.322642433397498,48.101317703890629,48.288589477539062,1267300
2005-08-23,48.294234359081457,48.407736922165689,48.254509544422,48.379360198974609,90400
2005-08-24,48.441797731162268,48.453145825489813,48.322623257157872,48.402072906494141,80500
2005-08-25,48.407758061302438,48.464507202786244,48.351004590136668,48.430454254150391,202000
2005-08-26,48.458782254289481,48.481482753989297,48.299883086068398,48.350955963134766,100500
2005-08-29,48.447507631285106,48.453179517552257,48.328333074412321,48.385082244873047,176500
2005-08-30,48.481522205712729,48.685822539582347,48.436121169368114,48.612049102783203,168900
2005-08-31,48.725566377181735,48.946891103623493,48.719890163003456,48.929866790771484,290100
2005-09-01,48.903682984998952,49.074473215168915,48.875215774894073,48.977691650390625,242800
2005-09-02,48.943517479979612,49.051687628638,48.909360314502194,48.989063262939453,71800
2005-09-06,48.977642926306835,48.983337231360274,48.789769950882437,48.835315704345703,142800
2005-09-07,48.772715353962489,48.784103969667562,48.613309481965473,48.675933837890625,125000
2005-09-08,48.749942466036593,48.761331081741666,48.647466642112185,48.675933837890625,264600
2005-09-09,48.755656537864702,48.812586609014936,48.675953569557173,48.715805053710938,79400
2005-09-12,48.607606548798024,48.618995162482214,48.476667895814224,48.562065124511719,103600
2005-09-13,48.670262038960935,48.761353632792371,48.664572071961167,48.710113525390625,120800
2005-09-14,48.727197600192667,48.74428053357434,48.57918025877877,48.607643127441406,108000
2005-09-15,48.624717861702386,48.624717861702386,48.402683200047633,48.459617614746094,97600
2005-09-16,48.396958114010694,48.419730994667688,48.23755229289462,48.271709442138672,224800
2005-09-19,48.283121563490148,48.396986032459345,48.243270085222271,48.368518829345703,203400
2005-09-20,48.351454846471789,48.38561202573495,48.192048885261457,48.328681945800781,124000
2005-09-21,48.53361111558425,48.58484686062836,48.499453952221515,48.550689697265625,101500
2005-09-22,48.579164160221666,48.607627019452046,48.516539789035399,48.584854125976562,124700
2005-09-23,48.499466268407424,48.499466268407424,48.317287445068359,48.317287445068359,101200
2005-09-26,48.174941836717203,48.248950462563016,48.140780334147955,48.192020416259766,69300
2005-09-27,48.226206701251321,48.305909682908798,48.100957917650504,48.220512390136719,93400
2005-09-28,48.186344379784451,48.345750307270414,48.152187207747673,48.317287445068359,71000
2005-09-29,48.231879336049602,48.243263609675758,48.169254972393759,48.2091064453125,116200
2005-09-30,48.209085486703508,48.237552673620144,48.04398535824938,48.072452545166016,145900
2005-10-03,48.070779478296295,48.070779478296295,47.865153180776858,47.887996673583984,138400
2005-10-04,47.979363524016357,48.013633103472586,47.887972168426842,47.910820007324219,151200
2005-10-05,48.002218533422059,48.076470752595476,47.945101106536328,48.025066375732422,130300
2005-10-06,48.007911088697057,48.042180658642629,47.933654543443687,47.962215423583984,218100
2005-10-07,47.842287995029878,48.07076206035314,47.819440152719515,48.025066375732422,59900
2005-10-10,48.15074590846293,48.173589401807092,47.979389203907594,48.036506652832031,42900
2005-10-11,48.00223539739148,48.019370195698897,47.882287451457664,47.945117950439453,105800
2005-10-12,47.933646949647297,47.939359996325976,47.728020846992841,47.762294769287109,139500
2005-10-13,47.6709450367795,47.722353786175724,47.60811454184055,47.688079833984375,303100
2005-10-14,47.790892974995238,47.802319078319549,47.550997098563755,47.688079833984375,134300
2005-10-17,47.682382577645583,47.745208729873006,47.602412908537893,47.630973815917969,153000
2005-10-18,47.682354802172064,47.710911335135023,47.63665912009521,47.699489593505859,81700
2005-10-19,47.808011429706838,47.847994062111255,47.728046164898011,47.756607055664062,68100
2005-10-20,47.693829633967823,47.802355910260843,47.648133901024977,47.785221099853516,111500
2005-10-21,47.8308355372886,48.025039911018084,47.825126848192099,47.996479034423828,92500
2005-10-24,47.950831795841111,47.962257901128098,47.73949678363762,47.790901184082031,343300
2005-10-25,47.825169352313047,47.870860694582454,47.511016861688219,47.568134307861328,190500
2005-10-26,47.442459073318304,47.471019966724157,47.339645957949955,47.385341644287109,148700
2005-10-27,47.47671973456751,47.539550196258119,47.385328387461428,47.493854522705078,245800
2005-10-28,47.522428199827942,47.550989095550221,47.339649797435563,47.442462921142578,784300
2005-10-31,47.442490712454841,47.556730004483285,47.436782016190975,47.476764678955078,123300
2005-11-01,47.515727067981516,47.521459984344318,47.389629145603443,47.446945190429688,144000
2005-11-02,47.372403137803914,47.481302238379151,47.315087131248895,47.349475860595703,85800
2005-11-03,47.395324434965588,47.395324434965588,47.171788976553621,47.183250427246094,201600
2005-11-04,47.223392108061873,47.286441045957737,47.085832776712856,47.160343170166016,156200
2005-11-07,47.274979015081563,47.286440470499379,47.183269880010087,47.246318817138672,132400
2005-11-08,47.401102772430512,47.510006346607753,47.401102772430512,47.481346130371094,71200
2005-11-09,47.372410572509537,47.423993674625301,47.217652520298905,47.229118347167969,124300
2005-11-10,47.343746598815578,47.509966091694295,47.31509077979387,47.498504638671875,102700
2005-11-11,47.573052991785595,47.584514453957354,47.458420878328717,47.555858612060547,72600
2005-11-14,47.475622848864937,47.498550149809091,47.263548594833146,47.343791961669922,199700
2005-11-15,47.343762937467048,47.521448317619935,47.343762937467048,47.504249572753906,194100
2005-11-16,47.573027407751646,47.762174228876617,47.573027407751646,47.744979858398438,102500
2005-11-17,47.704851148476024,47.916920850256496,47.670458039673164,47.836677551269531,99900
2005-11-18,47.722087860107429,47.808064149003393,47.693427639496868,47.722087860107422,100000
2005-11-21,47.813755035400391,47.888269801123762,47.762171926452453,47.813755035400391,274600
2005-11-22,47.848112190213442,48.002865773693614,47.807990566871993,47.979938507080078,186700
2005-11-23,47.962777705915748,48.002899357326982,47.802291100270828,47.853874206542969,177200
2005-11-25,47.934143414673521,47.9971923828125,47.911216119628946,47.9971923828125,31400
2005-11-28,47.985700799219693,48.106065742945027,47.974234972427766,48.060211181640625,158300
2005-11-29,48.054501834809734,48.054501834809734,47.790844537405818,47.796577453613281,86300
2005-11-30,47.882554668511098,47.882554668511098,47.710602162297477,47.773651123046875,46100
2005-12-01,47.792623238409369,47.873139943655261,47.591331475294638,47.666095733642578,321100
2005-12-02,47.671831081749133,47.717841864767017,47.620072241726341,47.706336975097656,343200
2005-12-05,47.643062434463133,47.643062434463133,47.505034504559909,47.562545776367188,305700
2005-12-06,47.625873662876216,47.832918030617328,47.625873662876216,47.786907196044922,1021700
2005-12-07,47.792612129393824,47.81561752380685,47.689090048450375,47.758106231689453,73000
2005-12-08,47.821368505972451,47.982401874105477,47.792610666878616,47.96514892578125,70600
2005-12-09,47.832858891156469,47.873117224674161,47.700583390096611,47.752342224121094,66100
2005-12-12,47.792629849038605,47.792629849038605,47.620095908717545,47.643096923828125,592500
2005-12-13,47.76385867725029,47.792612129393824,47.67758954515903,47.758106231689453,210700
2005-12-14,47.947908333824934,48.080183896952065,47.901897534549711,48.057178497314453,83300
2005-12-15,47.982437934462496,48.005443345460833,47.838657406597967,47.993938446044922,116500
2005-12-16,48.137665688863457,48.149170575544261,48.011142650175003,48.080154418945312,420400
2005-12-19,48.022659552161386,48.137682131286006,47.988153655990025,48.108928680419922,143600
2005-12-20,48.028453826904297,48.062959753127913,47.96519003693836,48.028453826904297,103600
2005-12-21,47.970901371166057,47.999654822429704,47.936391086687415,47.96514892578125,143700
2005-12-22,48.034173556720141,48.177954014955787,48.034173556720141,48.154953002929688,124500
2005-12-23,48.131979982988859,48.379282713035856,48.08596915232097,48.270008087158203,84100
2005-12-27,48.26997708512814,48.500026702880859,48.258476578764679,48.500026702880859,178300
2005-12-28,48.45501325517295,48.495411494543497,48.333818537061305,48.351131439208984,558000
2005-12-29,48.43191406597181,48.437686499396023,48.293406485326933,48.408828735351562,159100
2005-12-30,48.495406692064812,48.530032492931205,48.333813750585094,48.426155090332031,166900
2006-01-03,48.299203965859924,48.495422773272701,48.258805717093836,48.420398712158203,299500
2006-01-04,48.426169143021006,48.54736388430004,48.368453587392096,48.506965637207031,112300
2006-01-05,48.501157871314199,48.541556088979924,48.437674328828706,48.518470764160156,159700
2006-01-06,48.489627627186415,48.506944928329105,48.397290703142872,48.455001831054688,179100
2006-01-09,48.43190246993133,48.478073120117188,48.368418926694652,48.478073120117188,78600
2006-01-10,48.374243124035729,48.408868947190456,48.25304833991391,48.281906127929688,140500
2006-01-11,48.351148734918198,48.351148734918198,48.149157465811072,48.160697937011719,384300
2006-01-12,48.264526236448233,48.356867515910487,48.206815138321595,48.333782196044922,97800
2006-01-13,48.42037708176656,48.570429540042866,48.374206417208171,48.547344207763672,96200
2006-01-17,48.51270400851984,48.633898675697658,48.489618680998916,48.605045318603516,166600
2006-01-18,48.662773725026746,48.674314191349353,48.541579014790251,48.62237548828125,125900
2006-01-19,48.501136779785156,48.576160750517367,48.449193720760107,48.501136779785156,108600
2006-01-20,48.564672569680049,48.581985473632812,48.460790742885116,48.581985473632812,98000
2006-01-23,48.437675975369153,48.605041283695115,48.414590649764648,48.570415496826172,79100
2006-01-24,48.489646911621094,48.54159002955339,48.426167727826062,48.489646911621094,66200
2006-01-25,48.40308077219305,48.40308077219305,48.172231773360672,48.189544677734375,95500
2006-01-26,48.120277198206992,48.143362532900724,48.016395393623874,48.085651397705078,77100
2006-01-27,48.20103566399797,48.20103566399797,47.987504191825188,48.1202392578125,114600
2006-01-30,48.062592966960906,48.085678314577109,47.976024014170129,48.016422271728516,125400
2006-01-31,48.068338497454121,48.126049632649767,47.964456692871003,48.085651397705078,255700
2006-02-01,48.053235756943721,48.082185256156791,47.914287878282515,47.937446594238281,474200
2006-02-02,47.972182459635228,48.041658607502548,47.925865027723688,47.937446594238281,94800
2006-02-03,47.867972832125531,48.105341952624251,47.804287464341421,48.082187652587891,283800
2006-02-06,48.053210495757924,48.070578419326218,48.006893088195064,48.012683868408203,53300
2006-02-07,48.082170341811221,48.087956706200259,47.931640943327309,47.954799652099609,228800
2006-02-08,48.024278758583485,48.030069540936537,47.879540119266387,47.925857543945312,62000
2006-02-09,47.937466421261618,48.024306120671042,47.862199459006455,47.972202301025391,96600
2006-02-10,48.082172042313552,48.093749188573121,47.781113234698303,47.833221435546875,102900
2006-02-13,47.879534437657355,47.879534437657355,47.804271944289646,47.833221435546875,66000
2006-02-14,47.781108465742768,47.833216661390509,47.711636760974812,47.763740539550781,77100
2006-02-15,47.879550094636613,47.902708811801027,47.740602208723743,47.850605010986328,75200
2006-02-16,47.867949726815496,47.867949726815496,47.769528539409961,47.827423095703125,248200
2006-02-17,48.006900396915562,48.059008592624664,47.960582982301204,47.989532470703125,199200
2006-02-21,47.99528013224397,48.018438818745103,47.920013296848346,47.931594848632812,164200
2006-02-22,48.024281873407467,48.111125946044922,47.995336793910333,48.111125946044922,115700
2006-02-23,48.024306422418256,48.030097208107023,47.914307996783428,47.995361328125,73300
2006-02-24,48.030077040987948,48.030077040987948,47.891129162326742,47.937446594238281,343300
2006-02-27,47.972142963220463,47.972142963220463,47.827404420468064,47.844772338867188,287700
2006-02-28,47.931676613382585,48.059047397881685,47.920095041841577,48.035888671875,95900
2006-03-01,47.999274115407999,48.051550556950858,47.888916185410274,47.941192626953125,227000
2006-03-02,47.80761611348828,47.865702051377866,47.685643620322963,47.749534606933594,113300
2006-03-03,47.720501560720571,47.720501560720571,47.615953064357342,47.633377075195312,76500
2006-03-06,47.493914319686482,47.575233649997905,47.424218367033326,47.4822998046875,350700
2006-03-07,47.424246880741102,47.528795303909952,47.39520392878719,47.505561828613281,130300
2006-03-08,47.505529357966509,47.534567858739926,47.459062439133916,47.528762817382812,84500
2006-03-09,47.511357787207388,47.575248718261719,47.459081374830632,47.575248718261719,507200
2006-03-10,47.476490331523195,47.505533266015107,47.360327456214833,47.4822998046875,408500
2006-03-13,47.424249279287928,47.470716232231389,47.366167803774857,47.441673278808594,246900
2006-03-14,47.569443332167474,47.743687715294996,47.522976390800899,47.714649200439453,122700
2006-03-15,47.615945133686182,47.691450645186706,47.569478158300626,47.627559661865234,118400
2006-03-16,47.697231923399919,47.946986229258798,47.691422447077976,47.929557800292969,174900
2006-03-17,47.865670602371303,47.894709120902128,47.801779657738713,47.830818176269531,111300
2006-03-20,47.958588373236744,47.976012366373666,47.877273451043827,47.923740386962891,240100
2006-03-21,47.89470812508231,47.89470812508231,47.656572780220095,47.726268768310547,96800
2006-03-22,47.80178740981475,47.836635410235878,47.720472454610317,47.784358978271484,131500
2006-03-23,47.813380278703058,47.813380278703058,47.621707500527883,47.662364959716797,109700
2006-03-24,47.691402338167549,47.923732548431445,47.650744883721131,47.871456146240234,68800
2006-03-27,47.813400394450341,47.848248393750239,47.732085441862218,47.766933441162109,79700
2006-03-28,47.714669113398138,47.732093115849381,47.482338740937294,47.534610748291016,125600
2006-03-29,47.493956597295103,47.569466521658747,47.418451104265046,47.488151550292969,58100
2006-03-30,47.418447694433766,47.430066650269708,47.250008285478863,47.348747253417969,100800
2006-03-31,47.389384298231505,47.430046194787472,47.29645484828869,47.383579254150391,87400
2006-04-03,47.249563059723478,47.348622130532981,47.226259750062148,47.331142425537109,244300
2006-04-04,47.366084189247097,47.406871634208635,47.278681251330063,47.336948394775391,127200
2006-04-05,47.471015900455775,47.476843954474688,47.38361287218283,47.447708129882812,101800
2006-04-06,47.371916002755022,47.383567654171017,47.267033358017244,47.313644409179688,289900
2006-04-07,47.208782162229319,47.237917971605874,47.045632298921497,47.098075866699219,129700
2006-04-10,47.138842779443607,47.167974130618191,47.08057563159602,47.156322479248047,118300
2006-04-11,47.243721008300781,47.278680404642294,47.167969722230161,47.243721008300781,154100
2006-04-12,47.255399970553164,47.307843540873989,47.080598442318419,47.133037567138672,201600
2006-04-13,46.964047907165401,47.022315068681216,46.870821337839978,46.882472991943359,175800
2006-04-17,47.010697904256666,47.103924541978365,46.929122929186661,47.063137054443359,162200
2006-04-18,47.167976481179998,47.267035527505655,47.063093831628265,47.214591979980469,276200
2006-04-19,47.074753615857901,47.092233317902384,46.975699007273171,47.080581665039062,128600
2006-04-20,47.063098227953432,47.086405979530923,46.975699716411668,47.039794921875,128400
2006-04-21,47.098040842092637,47.15047992537351,46.993158230033842,47.138828277587891,108500
2006-04-24,47.133067360322457,47.278737615347687,47.109759586058018,47.197162628173828,118800
2006-04-25,47.179671228821384,47.179671228821384,46.894158844395726,46.899982452392578,241400
2006-04-26,46.905779937527157,46.917431591429796,46.818376974009531,46.876644134521484,76300
2006-04-27,46.847538061474744,47.074783221969248,46.812574189897425,47.004859924316406,132900
2006-04-28,47.010671273771564,47.086418151855469,46.934924395687666,47.086418151855469,70700
2006-05-01,46.948365404829033,46.989301768815146,46.790469275662325,46.831405639648438,169700
2006-05-02,46.849017438184141,46.942584494351777,46.802231679232548,46.907497406005859,87900
2006-05-03,46.907465092549863,46.919163755096598,46.732025309941079,46.843135833740234,116600
2006-05-04,46.884081765915717,46.884081765915717,46.772971219515483,46.813907623291016,193200
2006-05-05,46.971830776430508,47.024465875242619,46.872414376351557,46.925045013427734,85200
2006-05-08,46.98350855738655,46.989357891150519,46.866548652513409,46.948421478271484,82400
2006-05-09,46.930873870849616,46.942568075629552,46.854850385445062,46.930873870849609,59600
2006-05-10,47.006865655521707,47.077044222075905,46.878211642768818,46.954235076904297,98600
2006-05-11,46.889919019418166,46.889919019418166,46.784653370864433,46.87237548828125,203700
2006-05-12,46.714484910672169,46.796357714879797,46.673548508568352,46.696941375732422,134700
2006-05-15,46.691060084274561,46.901591282912939,46.691060084274561,46.79632568359375,106100
2006-05-16,46.913318011107236,47.030277875123232,46.866532280807711,46.971797943115234,86200
2006-05-17,46.825601329157777,46.895779932770502,46.749577854877323,46.837295532226562,245300
2006-05-18,47.03023999855629,47.170597076416016,46.977609440655804,47.170597076416016,168500
2006-05-19,47.129689277235201,47.275891322832877,47.065364481965979,47.141387939453125,223600
2006-05-22,47.322705619421477,47.375340707716006,47.19404702774046,47.205745697021484,189000
2006-05-23,47.117981374924227,47.205703469119868,47.077044992530396,47.188159942626953,102500
2006-05-24,47.346087783923394,47.369480655457629,47.240822092886347,47.258365631103516,171700
2006-05-25,47.293449907194351,47.322687645822057,47.153092699541283,47.182334899902344,181600
2006-05-26,47.217447783524058,47.34025706105718,47.205753574026716,47.223297119140625,178000
2006-05-30,47.199878435425639,47.223271303367817,47.106311425390274,47.182334899902344,95600
2006-05-31,47.234946343255778,47.234946343255778,47.001026682201896,47.036113739013672,110900
2006-06-01,46.997399065483101,47.132400434203078,46.979791164802876,47.114788055419922,96100
2006-06-02,47.41411820774124,47.496291365826309,47.320207946258847,47.478683471679688,403900
2006-06-05,47.461079442641442,47.472816546994608,47.349556799829053,47.384777069091797,100200
2006-06-06,47.349531659323254,47.455183454811824,47.308445098749885,47.425838470458984,96600
2006-06-07,47.355442073188151,47.408265776084257,47.296747577269251,47.361312866210938,141900
2006-06-08,47.437575568580272,47.601921810873762,47.390618219896631,47.425838470458984,152600
2006-06-09,47.455203276867387,47.58433380063564,47.443466173843511,47.543247222900391,73900
2006-06-12,47.508061168439099,47.549147771888222,47.461103770753269,47.519798278808594,122500
2006-06-13,47.607836911527414,47.63131560772279,47.508055811274609,47.584358215332031,111600
2006-06-14,47.449349288490062,47.484569566235706,47.26739501953125,47.26739501953125,165500
2006-06-15,47.232163959905229,47.24977185403786,47.149990801885437,47.161727905273438,112200
2006-06-16,47.267378275420462,47.267378275420462,47.085424070917547,47.132381439208984,126100
2006-06-19,47.103026563533668,47.120634455098703,47.014982627607871,47.079547882080078,67200
2006-06-20,47.085413350601783,47.085413350601783,47.003240213851349,47.044326782226562,105200
2006-06-21,47.091284109926555,47.091284109926555,47.014977284349534,47.038455963134766,180600
2006-06-22,46.991504642777763,47.003246222728919,46.885852813720703,46.885852813720703,112600
2006-06-23,46.897623413319046,46.938710012370613,46.797842312494296,46.844795227050781,167600
2006-06-26,46.862386399991649,46.868257191504142,46.768476126301039,46.815433502197266,264400
2006-06-27,46.85652083017262,46.956301896959197,46.838912933457564,46.938694000244141,231900
2006-06-28,46.885883399094219,46.921103683822494,46.768494391609536,46.786102294921875,229700
2006-06-29,46.868286090380323,46.997416714665668,46.862415295247921,46.979808807373047,328400
2006-06-30,47.032592825150786,47.202809915459454,46.968027567512983,47.144115447998047,125400
2006-07-03,47.157083921385002,47.168871290741684,47.062807444352558,47.121730804443359,41200
2006-07-05,47.039208156193951,47.039208156193951,46.891897599143789,46.950820922851562,1712900
2006-07-06,46.986206066434264,47.098163604736328,46.968529506821199,47.098163604736328,132400
2006-07-07,47.216011838371848,47.292616259890899,47.151194787347109,47.245475769042969,274600
2006-07-10,47.210093668418928,47.286693547351923,47.192412623531112,47.280799865722656,133200
2006-07-11,47.345633732487187,47.422238134254009,47.322063493140739,47.333850860595703,167200
2006-07-12,47.257297449299919,47.375148773193359,47.239620874607986,47.375148773193359,114300
2006-07-13,47.38690110007159,47.487071289109416,47.345654287199224,47.481182098388672,343800
2006-07-14,47.481183584953442,47.546000649434404,47.445825961694823,47.516536712646484,397600
2006-07-17,47.4634750041076,47.510610977380381,47.398657983349658,47.475257873535156,153400
2006-07-18,47.392791795264628,47.392791795264628,47.251374802279663,47.292621612548828,182100
2006-07-19,47.198340479703852,47.599025704939635,47.198340479703852,47.593132019042969,235300
2006-07-20,47.540109212105506,47.699202789816553,47.522432647422704,47.693313598632812,297600
2006-07-21,47.758103125432456,47.763992313220072,47.604898827253741,47.663822174072266,288300
2006-07-24,47.6814987285615,47.699175283050735,47.622575381742976,47.663822174072266,361000
2006-07-25,47.593132785046379,47.693307464641471,47.557779660227645,47.616703033447266,176500
2006-07-26,47.604935389657903,47.764028997814187,47.587258821592386,47.734569549560547,157700
2006-07-27,47.793458543310408,47.793458543310408,47.669718160344658,47.728641510009766,74200
2006-07-28,47.870078317272089,47.917218814795667,47.834725191912035,47.858295440673828,89400
2006-07-31,47.88186868510703,47.934898376464844,47.834728184634159,47.934898376464844,89700
2006-08-01,47.886976621347031,47.946136474609375,47.833738169326701,47.946136474609375,97600
2006-08-02,47.946135824663315,48.034866576827724,47.886975972202933,47.987545013427734,91200
2006-08-03,47.9875298720576,48.076260596225055,47.928370038263758,47.999359130859375,111500
2006-08-04,48.241882612436619,48.253711866530452,48.164976664417168,48.235965728759766,157100
2006-08-07,48.200527967143216,48.206440344246992,48.135455712881921,48.170948028564453,172600
2006-08-08,48.16504991215966,48.241955977135191,48.111811417884347,48.176883697509766,118200
2006-08-09,48.040788482596646,48.159103686612376,48.040788482596646,48.153186798095703,110700
2006-08-10,48.16502380371093,48.16502380371093,48.028966938803066,48.165023803710938,166700
2006-08-11,48.040790627337579,48.064453669197142,47.993464543618451,48.011215209960938,192000
2006-08-14,47.96389113853742,47.981637292360681,47.916565052832759,47.928394317626953,191700
2006-08-15,48.117670630369162,48.200493496505821,48.094012112343535,48.159084320068359,147200
2006-08-16,48.348407856746221,48.395729429353402,48.306998659924972,48.360237121582031,182600
2006-08-17,48.448949356866898,48.448949356866898,48.3188049392636,48.348384857177734,300000
2006-08-18,48.407584384165538,48.490402814038369,48.372087547601524,48.478569030761719,344300
2006-08-21,48.502219084814833,48.537715911865234,48.484472927921992,48.537715911865234,83800
2006-08-22,48.519945997087405,48.602768885178222,48.508116734938966,48.555442810058594,187200
2006-08-23,48.514046009089419,48.543621428643085,48.437139989068896,48.508129119873047,239800
2006-08-24,48.590935109766846,48.60868125962098,48.543609034647218,48.555442810058594,111400
2006-08-25,48.555453121314898,48.650100778390637,48.525873189767786,48.620525360107422,96900
2006-08-28,48.596877864137618,48.620540914292569,48.555468654682791,48.6146240234375,106000
2006-08-29,48.490372916452849,48.656009674072266,48.437129951067661,48.656009674072266,248600
2006-08-30,48.667838107981254,48.744744110754247,48.661925733354927,48.715164184570312,131800
2006-08-31,48.756572252776621,48.833478253782211,48.738826102779328,48.780235290527344,171200
2006-09-01,48.781403147955963,48.876410218302489,48.722023162689069,48.852657318115234,252800
2006-09-05,48.787367759549298,48.787367759549298,48.668603197136598,48.692356109619141,284800
2006-09-06,48.561711384214981,48.662657852048106,48.526084285074887,48.656723022460938,334400
2006-09-07,48.591409629371967,48.722048382823516,48.543903804406888,48.692356109619141,135200
2006-09-08,48.739849090576172,48.811103278841941,48.722035543509726,48.739849090576172,66000
2006-09-11,48.716110546983252,48.751737651619827,48.597345980853056,48.650791168212891,196600
2006-09-12,48.615155950672104,48.787361145019531,48.585463681493366,48.787361145019531,111000
2006-09-13,48.834861755371094,48.882367573236074,48.787360467910268,48.834861755371094,114000
2006-09-14,48.751723278485919,48.846734903378454,48.698282637286596,48.739849090576172,69600
2006-09-15,48.817033650790648,48.864539454491101,48.686394955815793,48.710147857666016,110900
2006-09-18,48.532026367108209,48.662660581416951,48.532026367108209,48.638912200927734,188000
2006-09-19,48.834847553278166,48.95361206340165,48.822973367467235,48.929859161376953,128400
2006-09-20,49.04269221945794,49.04269221945794,48.906118661186525,48.941745758056641,112200
2006-09-21,48.935795478115452,49.298014752872312,48.935795478115452,49.292079925537109,114600
2006-09-22,49.357399796719783,49.446467511724777,49.345521081117383,49.440532684326172,327000
2006-09-25,49.523674805633696,49.624621255062578,49.464294807758087,49.606807708740234,286200
2006-09-26,49.559317897731965,49.559317897731965,49.428679141988873,49.482124328613281,276800
2006-09-27,49.612743709581011,49.612743709581011,49.410846293985351,49.470226287841797,233800
2006-09-28,49.428675766295108,49.440554487135906,49.33960348160749,49.422740936279297,160800
2006-09-29,49.476209626584271,49.49402318753566,49.256498470567045,49.36932373046875,259000
2006-10-02,49.355001522985404,49.498058219788355,49.325195960126692,49.456333160400391,337500
2006-10-03,49.498061688110695,49.504023710638272,49.402687518432273,49.450374603271484,135400
2006-10-04,49.533830787878522,49.676887512207031,49.515949265798866,49.676887512207031,136000
2006-10-05,49.6232185525188,49.6232185525188,49.444394324244918,49.504005432128906,139800
2006-10-06,49.414553300987457,49.414553300987457,49.176122705605025,49.235729217529297,624700
2006-10-09,49.295352935791023,49.378802991149961,49.217864898011129,49.295352935791016,898300
2006-10-10,49.122509378374943,49.140390888529858,48.97349073016634,48.997329711914062,1711900
2006-10-11,49.116541613752048,49.1225036323357,48.872148876387094,48.937717437744141,502600
2006-10-12,48.967575073242188,49.033143704349222,48.919887969220248,48.967575073242188,230000
2006-10-13,48.901968121959641,48.901968121959641,48.818518029160018,48.884086608886719,1280200
2006-10-16,48.961613048316309,48.967575073242188,48.890082392283396,48.967575073242188,240400
2006-10-17,49.080778117537548,49.146346684328634,48.949645531643455,49.021171569824219,300300
2006-10-18,49.003265736567151,49.050952770142672,48.949621234559061,49.009227752685547,294600
2006-10-19,48.943731521231221,49.027181679423343,48.896044417209275,48.967575073242188,175500
2006-10-20,48.997341046557665,48.997341046557665,48.937734483022972,48.955615997314453,69200
2006-10-23,48.866202842042284,48.872160314332504,48.75890922086429,48.818515777587891,356600
2006-10-24,48.830437521978972,48.884086608886719,48.824480049413985,48.884086608886719,203700
2006-10-25,48.895973765109581,49.068835856643112,48.866172778926121,49.062873840332031,127200
2006-10-26,49.194068651087782,49.235793718865217,49.134462061075915,49.229831695556641,115900
2006-10-27,49.378811588986395,49.396697644837865,49.295361519097128,49.390735626220703,249000
2006-10-30,49.396737923056406,49.420581469279384,49.325207284387474,49.414619445800781,128800
2006-10-31,49.4562969739072,49.635116577148438,49.41457194504887,49.635116577148438,266600
2006-11-01,49.681801865668128,49.974961505769322,49.598041968496361,49.807441711425781,396400
2006-11-02,49.735669056100086,49.735669056100086,49.639945370351171,49.669857025146484,163200
2006-11-03,49.406587626203446,49.448467572673003,49.268979479476727,49.292911529541016,271800
2006-11-06,49.286968199413522,49.346800656418338,49.239108624215518,49.340816497802734,227000
2006-11-07,49.490352882899543,49.592060683266993,49.478384574284362,49.50830078125,203300
2006-11-08,49.544212577385473,49.627972506451265,49.484384708706159,49.616008758544922,146200
2006-11-09,49.574097195544127,49.633925026089258,49.562128890692577,49.609992980957031,211000
2006-11-10,49.657907399346847,49.777563181707841,49.657907399346847,49.717735290527344,111300
2006-11-13,49.7296793605638,49.7296793605638,49.592071169825005,49.693778991699219,153600
2006-11-14,49.795486450195312,49.861293896692388,49.771554394845097,49.795486450195312,222800
2006-11-15,49.753630030601485,49.753630030601485,49.62200594619646,49.657901763916016,237100
2006-11-16,49.771573159232098,49.771573159232098,49.490377108569277,49.532257080078125,497900
2006-11-17,49.604062567524146,49.789530395446718,49.55021427145202,49.711750030517578,362400
2006-11-20,49.771546759941089,49.771546759941089,49.681802707287609,49.741630554199219,178200
2006-11-21,49.789487293901395,49.837351390180636,49.705727407698454,49.813419342041016,413200
2006-11-22,49.867295658368029,49.927123535580655,49.831399844955342,49.891227722167969,133400
2006-11-24,50.028797718805059,50.028797718805059,49.933069536755156,49.945037841796875,119200
2006-11-27,49.8612996991152,49.998907892249406,49.801471836063818,49.992923736572266,708600
2006-11-28,50.082691192626953,50.130555331240949,49.969015004562586,50.082691192626953,470600
2006-11-29,50.208279530440031,50.208279530440031,50.010843585007869,50.022811889648438,335500
2006-11-30,50.178383639346073,50.298039335863905,50.136503689107606,50.286075592041016,418500
2006-12-01,50.270447978729315,50.486613670214204,50.234421890528637,50.402549743652344,289800
2006-12-04,50.34251693748768,50.414573719050544,50.306490837277217,50.396560668945312,208200
2006-12-05,50.360511087878223,50.438569128986558,50.276447172487757,50.330486297607422,1133300
2006-12-06,50.312520794661907,50.318526674618802,50.216445039928168,50.252475738525391,156800
2006-12-07,50.288490457876733,50.288490457876733,50.180407548870797,50.234451293945312,138200
2006-12-08,50.222406520631495,50.222406520631495,49.982221927277116,50.006240844726562,277000
2006-12-11,50.144351915678676,50.17437212869541,50.096314077483427,50.162364959716797,167800
2006-12-12,50.180418922475084,50.276494677208824,50.138386925065106,50.252475738525391,360000
2006-12-13,50.06028687319224,50.0903070855396,49.934190986596633,49.994235992431641,188300
2006-12-14,49.976217793671729,49.976217793671729,49.880142129333827,49.916168212890625,314000
2006-12-15,50.198366310793517,50.228391090154886,49.898136841732381,49.92816162109375,215600
2006-12-18,49.946203597076305,49.976228393835243,49.898165754718335,49.95220947265625,111600
2006-12-19,49.946237202863124,49.994275077542859,49.898199328183381,49.940231323242188,174000
2006-12-20,49.904142713832286,49.964187691416882,49.904142713832286,49.92816162109375,139300
2006-12-21,49.994257032284779,50.156379074381654,49.934212001180086,50.108341217041016,624200
2006-12-22,50.006303099503931,50.042329229958384,49.862193996540348,49.880207061767578,268500
2006-12-26,49.946193003281174,50.012243877228528,49.8681349618615,49.916168212890625,144500
2006-12-27,49.987870321356937,49.987870321356937,49.753016226507498,49.783123016357422,193400
2006-12-28,49.861413540221612,49.861413540221612,49.560318058926441,49.668712615966797,185100
2006-12-29,49.638572907245646,49.674702874193201,49.566308379000731,49.644596099853516,272100
2007-01-03,49.807211416196893,49.86141098912023,49.668710074724743,49.789146423339844,1210700
2007-01-04,49.879496149469027,49.969825744628906,49.819277950813792,49.969825744628906,171200
2007-01-05,49.728918234098934,49.867419547678239,49.692783661309804,49.807201385498047,201000
2007-01-08,49.813238849550977,49.843345642089844,49.777108860763306,49.843345642089844,163800
2007-01-09,49.873413829676657,49.879437020708309,49.801149320342716,49.831260681152344,168600
2007-01-10,49.753001953748594,49.795155122927653,49.716867384201642,49.746978759765625,95900
2007-01-11,49.710850868791574,49.710850868791574,49.554279979125873,49.614498138427734,361700
2007-01-12,49.554264821871314,49.560288014264486,49.445870330542348,49.512111663818359,161000
2007-01-16,49.560322015786269,49.608493804931641,49.536233824037176,49.608493804931641,162600
2007-01-17,49.578352997094377,49.596417979924261,49.463935313372232,49.512111663818359,141300
2007-01-18,49.512165881784433,49.584425892231813,49.433878077993526,49.578407287597656,225400
2007-01-19,49.536199409549639,49.602440742251318,49.469958076847952,49.500064849853516,270800
2007-01-22,49.560259607515263,49.608431336000862,49.542190040692766,49.590366363525391,119000
2007-01-23,49.524129643692405,49.554240996831503,49.421758393975402,49.445846557617188,412800
2007-01-24,49.457941972037467,49.469988364094604,49.421811984570923,49.451923370361328,138400
2007-01-25,49.409779335505185,49.409779335505185,49.229120176017027,49.259231567382812,201700
2007-01-26,49.217074354499026,49.313422529160924,49.168897969991626,49.253204345703125,441300
2007-01-29,49.331431166996325,49.331431166996325,49.168841797972149,49.217018127441406,161700
2007-01-30,49.247159469137749,49.277270844787267,49.229094481488389,49.265224456787109,200500
2007-01-31,49.229057679188557,49.463911531761667,49.229057679188557,49.445846557617188,412200
2007-02-01,49.573483127162874,49.603704407036084,49.386090899925257,49.410270690917969,238600
2007-02-02,49.440438517141018,49.50693171132194,49.410212660943081,49.452526092529297,163500
2007-02-05,49.494823862762395,49.531095801086238,49.482736291198918,49.506916046142578,216000
2007-02-06,49.482765528036502,49.658065396091239,49.464631854068671,49.645973205566406,238100
2007-02-07,49.706421078087097,49.760822095769896,49.676195215939501,49.754776000976562,155000
2007-02-08,49.72453609378325,49.809162941861281,49.688264150451715,49.766849517822266,447600
2007-02-09,49.676173557068395,49.68221964922563,49.57341304948077,49.615726470947266,237400
2007-02-12,49.597591995743571,49.627813232401714,49.512965154193587,49.549232482910156,146900
2007-02-13,49.549241120439163,49.561328694846154,49.482747931656235,49.512973785400391,204800
2007-02-14,49.597606017500603,49.827306850672635,49.597606017500603,49.797080993652344,192600
2007-02-15,49.924018669471117,49.960290618353838,49.875663757324226,49.875663757324219,317000
2007-02-16,49.936122694004482,49.984482229433311,49.905896831406679,49.930076599121094,308900
2007-02-20,49.924000605975344,50.014673527647815,49.924000605975344,49.990493774414062,152900
2007-02-21,49.899851122901353,49.984477996826172,49.899851122901353,49.984477996826172,173000
2007-02-22,49.899865023456655,49.905906507692293,49.815238125957407,49.857551574707031,135000
2007-02-23,49.924020446210122,50.099320267958198,49.917978964363023,50.0570068359375,111700
2007-02-26,50.16582427126778,50.232317480457723,50.123510830130471,50.214183807373047,160900
2007-02-27,50.347150703496858,50.818644468152129,50.292745093519564,50.637298583984375,496500
2007-02-28,50.540613119977401,50.595014149308113,50.413672773052348,50.462032318115234,228100
2007-03-01,50.683363602006935,50.69549112546099,50.458965088099561,50.507484436035156,500500
2007-03-02,50.592396654252831,50.707628961755809,50.525683700125867,50.671241760253906,249000
2007-03-05,50.774332361094913,50.774332361094913,50.616646805826484,50.701553344726562,298800
2007-03-06,50.556001452480622,50.707620937492365,50.556001452480622,50.634841918945312,302200
2007-03-07,50.604566748379696,50.744054210095264,50.592434587409144,50.725860595703125,265500
2007-03-08,50.646978866998921,50.750079016079944,50.634846715895321,50.719753265380859,170300
2007-03-09,50.410478471686808,50.507512594596037,50.40441239304802,50.434738159179688,333800
2007-03-12,50.519634120226776,50.604540695052464,50.501435888140158,50.574214935302734,253300
2007-03-13,50.756145967688546,50.82285891873007,50.646979741171506,50.798599243164062,196000
2007-03-14,50.75616275976391,50.901716234254614,50.707643392579833,50.731903076171875,267900
2007-03-15,50.677299499511719,50.713691325409918,50.634846225180375,50.677299499511719,338900
2007-03-16,50.604528806126943,50.695496809881696,50.586335205375988,50.671241760253906,340500
2007-03-19,50.586378679755875,50.604572296142578,50.54392073876798,50.604572296142578,238200
2007-03-20,50.725818849336072,50.725818849336072,50.653039824599539,50.677299499511719,169400
2007-03-21,50.616692252671342,50.810765176845145,50.519658104116189,50.750118255615234,369800
2007-03-22,50.707643988711681,50.707643988711681,50.531764750897864,50.580284118652344,236500
2007-03-23,50.647000067379437,50.653061518408585,50.465054741144073,50.501441955566406,163400
2007-03-26,50.446853991632345,50.640926819510895,50.428660386997045,50.543888092041016,142100
2007-03-27,50.507486235812266,50.562071660949826,50.47716511256683,50.531745910644531,165900
2007-03-28,50.622757462915793,50.701597996453373,50.477203929052784,50.525718688964844,240500
2007-03-29,50.458976641235409,50.495368474049265,50.428655512128074,50.452915191650391,121400
2007-03-30,50.465097843653488,50.653104781495728,50.307412068040037,50.392318725585938,464400
2007-04-02,50.503069666121398,50.509159341847038,50.411747755544717,50.448276519775391,156600
2007-04-03,50.405662536621101,50.436101627817514,50.381308476626771,50.405662536621094,257400
2007-04-04,50.484844207763672,50.533552360999551,50.423961338751404,50.484844207763672,182300
2007-04-05,50.423951907023117,50.478749730429918,50.356979370117195,50.356979370117188,161200
2007-04-09,50.162127675727859,50.168217352124749,50.107334523342132,50.125598907470703,198900
2007-04-10,50.229091644287109,50.271710081697989,50.21082726326263,50.229091644287109,97600
2007-04-11,50.277811476773252,50.302165538836569,50.168220520019531,50.168220520019531,150700
2007-04-12,50.247380935273206,50.271735003733056,50.186498086655391,50.216941833496094,111200
2007-04-13,50.247363974480223,50.247363974480223,50.095154581781536,50.131683349609375,139100
2007-04-16,50.210812636938599,50.229077012642698,50.149929836238293,50.186458587646484,262300
2007-04-17,50.283878429053601,50.411738370179883,50.283878429053601,50.399559020996094,1080400
2007-04-18,50.454383575413203,50.551795195270692,50.454383575413203,50.515266418457031,252500
2007-04-19,50.57612776584029,50.588302471249342,50.442182781034717,50.5091552734375,153600
2007-04-20,50.521356371329432,50.521356371329432,50.423940105878415,50.454383850097656,88800
2007-04-23,50.484799163459805,50.606569437901804,50.436091053683008,50.557861328125,90500
2007-04-24,50.600499350073072,50.716179994307019,50.594409672728439,50.655292510986328,660500
2007-04-25,50.636995410989741,50.716147230147058,50.600466660646248,50.624820709228516,537400
2007-04-26,50.594412883954497,50.600502561685637,50.466557521979119,50.478736877441406,307600
2007-04-27,50.515265653702059,50.527440364101238,50.448293133848793,50.478736877441406,180000
2007-04-30,50.582230505164304,50.710085847756496,50.576140828356365,50.697906494140625,171500
2007-05-01,50.749232750522829,50.7736789902862,50.584221797780977,50.700340270996094,158900
2007-05-02,50.718675605901169,50.718675605901169,50.639228820800781,50.639228820800781,167000
2007-05-03,50.602578143106136,50.645357912390949,50.51701860453651,50.584239959716797,113200
2007-05-04,50.688108697078903,50.724775717600245,50.657549738216126,50.712554931640625,144800
2007-05-07,50.730909590208256,50.755355834960938,50.694237891757012,50.755355834960938,104500
2007-05-08,50.804243661821879,50.804243661821879,50.743130381262382,50.755355834960938,158900
2007-05-09,50.73701245147533,50.755350630142637,50.584226934422091,50.590339660644531,201600
2007-05-10,50.620881987768414,50.730887710388707,50.60865653934259,50.718662261962891,153100
2007-05-11,50.779794369291409,50.804240612576841,50.590341812134483,50.614788055419922,178000
2007-05-14,50.620879034510011,50.633099819580444,50.54142761230468,50.541427612304688,142400
2007-05-15,50.620929441664593,50.633150238904214,50.462031101668778,50.535369873046875,168400
2007-05-16,50.523098067249876,50.553657026286729,50.486431046519655,50.504764556884766,191300
2007-05-17,50.443661900665212,50.468108140502828,50.345876941314728,50.370323181152344,263500
2007-05-18,50.321424541328916,50.370317015018934,50.193085294874805,50.223644256591797,236400
2007-05-21,50.211427701740625,50.290874481201172,50.174756012060641,50.290874481201172,222000
2007-05-22,50.235870022473129,50.272541712696565,50.11364348877737,50.150310516357422,217000
2007-05-23,50.180863811323299,50.180863811323299,50.021965605357515,50.052524566650391,228100
2007-05-24,50.052524991262167,50.1197509765625,49.936406532535621,50.1197509765625,153300
2007-05-25,50.046424784321459,50.119763512804695,50.028091267861669,50.06475830078125,183900
2007-05-29,50.052541086942227,50.070874604711953,49.960868835449219,49.960868835449219,152800
2007-05-30,50.138085800634187,50.138085800634187,49.997521101515709,50.009746551513672,245600
2007-05-31,50.058658202754181,50.058658202754181,49.893647203070174,49.991432189941406,235100
2007-06-01,49.892637121166068,49.904911945132795,49.751509415864447,49.776054382324219,230300
2007-06-04,49.83741214852494,49.874227255771942,49.776052075955448,49.855819702148438,139200
2007-06-05,49.800602532293695,49.825142818848541,49.653332724120794,49.696285247802734,351500
2007-06-06,49.696272604133853,49.782177629641865,49.696272604133853,49.720817565917969,266800
2007-06-07,49.52445676925155,49.536731589446447,49.217651804990446,49.223789215087891,472300
2007-06-08,49.186984125373435,49.321974404677711,49.137894197550146,49.315841674804688,409900
2007-06-11,49.193133006544748,49.285175481064897,49.162455302687846,49.187000274658203,198300
2007-06-12,49.002911875837931,49.045864403393537,48.794281969514714,48.837234497070312,698800
2007-06-13,48.861773971005157,49.039721474140023,48.843366415762567,48.996768951416016,514600
2007-06-14,48.996773636262759,49.119498485404222,48.953821109431829,49.009048461914062,207300
2007-06-15,49.058111912762442,49.223789215087891,49.009026676399564,49.223789215087891,594800
2007-06-18,49.205428645205203,49.266788760346614,49.09497856535998,49.199291229248047,413500
2007-06-19,49.346552312367251,49.506092343565342,49.28519220236069,49.438594818115234,460100
2007-06-20,49.377190606205978,49.389460744657526,49.254465814329855,49.279010772705078,152900
2007-06-21,49.291263320858398,49.34648594114676,49.205358346096496,49.217628479003906,276700
2007-06-22,49.15626223421976,49.371024643961277,49.107172345859013,49.364887237548828,246000
2007-06-25,49.512178258127577,49.567400895249882,49.426273257178593,49.524448394775391,253200
2007-06-26,49.561275814067734,49.579688045826472,49.444693101764713,49.536735534667969,141000
2007-06-27,49.659447569862422,49.708537483612233,49.506045100498142,49.530590057373047,218600
2007-06-28,49.555135771445997,49.585813456904496,49.438548394876712,49.499908447265625,436800
2007-06-29,49.65942377796118,49.788281228714759,49.561243997499631,49.757598876953125,374700
2007-07-02,49.747200914146951,49.876557852863044,49.679441846302858,49.833438873291016,1030600
2007-07-03,49.833397842081986,49.888834470337166,49.679400941889895,49.685562133789062,169200
2007-07-05,49.550008123119014,49.586965848447939,49.346731234591886,49.408329010009766,269000
2007-07-06,49.303639367692497,49.340597113294855,49.235880367680451,49.291316986083984,468100
2007-07-09,49.38375564934325,49.469993591308594,49.334475482615801,49.469993591308594,118900
2007-07-10,49.642457507762629,49.80877685546875,49.58702085827008,49.80877685546875,191300
2007-07-11,49.777973698603539,49.827253851584523,49.599336668758021,49.636299133300781,218100
2007-07-12,49.660929140447756,49.722526969377263,49.451490882551703,49.494609832763672,309700
2007-07-13,49.623959069974262,49.64859913768835,49.457644487419657,49.605480194091797,157400
2007-07-16,49.599320007845236,49.802597045898438,49.599320007845236,49.802597045898438,154100
2007-07-17,49.704006646623959,49.777922099862181,49.605446442827414,49.697845458984375,136600
2007-07-18,49.741061090748047,49.981296180108515,49.728743391127296,49.876579284667969,215700
2007-07-19,49.753310749412371,49.876511075226908,49.740993066636868,49.870349884033203,200600
2007-07-20,49.993564592262025,50.209159349946042,49.96276332704435,50.11676025390625,463300
2007-07-23,50.079791541016476,50.159868233608137,50.055151474154684,50.098270416259766,327500
2007-07-24,50.178361454218084,50.270760556462498,50.122924812639575,50.233802795410156,251200
2007-07-25,50.246137162132271,50.363176377134799,50.221497080046738,50.301578521728516,409500
2007-07-26,50.566447234643945,50.819004543341194,50.51717177164263,50.70196533203125,391800
2007-07-27,50.701938688961633,50.862096783496533,50.621861991500438,50.800498962402344,305800
2007-07-30,50.806698854498244,50.831334242011003,50.634218244596354,50.671180725097656,279600
2007-07-31,50.652676065827727,50.892910918597764,50.603395916640615,50.880588531494141,417200
2007-08-01,50.813805939127356,50.956039676562057,50.733415828928997,50.739601135253906,195100
2007-08-02,50.770498503451513,50.850893300417965,50.683923120568032,50.776683807373047,212100
2007-08-03,50.869464298075123,51.104454040527344,50.653025756605139,51.104454040527344,950100
2007-08-06,50.986973699660517,51.135392792694709,50.863295840139941,50.900398254394531,267900
2007-08-07,50.937479442528513,51.054971933827908,50.75814333495989,50.894191741943359,567300
2007-08-08,50.733431064974702,50.733431064974702,50.467519429222577,50.541728973388672,314600
2007-08-09,50.888037513909453,50.888037513909453,50.634491742781321,50.826198577880859,235600
2007-08-10,50.956044865933812,50.956044865933812,50.665396773146206,50.751972198486328,685000
2007-08-13,50.708681490215717,50.857095822315983,50.677759675275162,50.832359313964844,154400
2007-08-14,50.69011006422172,51.024045716719279,50.69011006422172,51.017860412597656,530100
2007-08-15,51.147717160739681,51.215741343644389,50.980751714157996,51.110614776611328,902100
2007-08-16,51.259052072370281,51.617724340183265,51.246686178103651,51.308525085449219,900500
2007-08-17,51.296150007585361,51.370359520743449,51.24668171681909,51.345623016357422,308400
2007-08-20,51.413671047519571,51.599192557377179,51.35801742536708,51.456958770751953,926600
2007-08-21,51.630080981383244,51.722841684780263,51.531139690963691,51.679553985595703,459200
2007-08-22,51.419812566254798,51.592963311727054,51.407441959861657,51.5125732421875,197000
2007-08-23,51.475446769688112,51.636231566264399,51.432159099610132,51.531105041503906,234900
2007-08-24,51.611529142075433,51.617714447026366,51.456929544339282,51.549690246582031,123400
2007-08-27,51.617697397764317,51.716638654272522,51.549673219788289,51.691902160644531,120000
2007-08-28,51.753791044797119,51.976414964269203,51.753791044797119,51.957859039306641,274400
2007-08-29,51.908394535894168,52.050623611655773,51.759975433349609,51.759975433349609,507600
2007-08-30,51.970210825265376,52.0691521325097,51.91455250656044,52.019683837890625,201800
2007-08-31,51.846560052022141,52.20523253624873,51.797091727101517,52.032081604003906,261500
2007-09-04,52.053164329959252,52.152504707833415,51.804822858893708,51.935203552246094,281800
2007-09-05,52.015893782067359,52.282865022532533,52.015893782067359,52.258029937744141,313300
2007-09-06,52.233217921577463,52.276678154949202,52.109047179603976,52.146297454833984,267100
2007-09-07,52.481555592321008,52.705066680908203,52.456720500610274,52.705066680908203,410800
2007-09-10,52.692644089227052,52.916155146364652,52.642973912794538,52.823024749755859,238000
2007-09-11,52.76091282719986,52.829203364392505,52.655362571233731,52.71124267578125,123200
2007-09-12,52.642972190925875,52.674012497574367,52.506381578608476,52.580886840820312,147900
2007-09-13,52.444318242913639,52.444318242913639,52.214597140604191,52.270477294921875,178500
2007-09-14,52.568484350573449,52.568484350573449,52.233217664721479,52.338768005371094,160700
2007-09-17,52.307726636663446,52.382231928816104,52.239431303059462,52.36981201171875,237900
2007-09-18,52.24563518581288,52.444311204971548,52.096629355646364,52.313930511474609,344700
2007-09-19,52.208388434753232,52.233223533178091,52.00971238416507,52.127677917480469,1369300
2007-09-20,51.953803511020716,51.991053766266333,51.537826538085938,51.537826538085938,685800
2007-09-21,51.668237609666619,51.842078552311655,51.668237609666619,51.798618316650391,754900
2007-09-24,51.817215971131198,51.891721222808428,51.761340584979209,51.866886138916016,236300
2007-09-25,52.034498274470749,52.102793546350782,51.866867439641887,51.873077392578125,225500
2007-09-26,51.811016039738895,51.941401439601449,51.748930686400286,51.891731262207031,151100
2007-09-27,51.947589751003051,52.127640532847352,51.910339498486053,52.059345245361328,437100
2007-09-28,52.177308916482794,52.264229327266087,51.991048186628817,52.077968597412109,185600
2007-10-01,52.115404041917877,52.208879952294808,52.046855357933616,52.140331268310547,510600
2007-10-02,52.127821588583785,52.333467449424596,52.090428406554075,52.252452850341797,205900
2007-10-03,52.389546845146377,52.408241057814109,52.140279582695648,52.215061187744141,1232800
2007-10-04,52.16522152674176,52.327246006280959,52.16522152674176,52.308551788330078,120300
2007-10-05,52.01565429264263,52.034348507453785,51.797547195882224,51.847396850585938,1173000
2007-10-08,51.90972768486558,52.215077681775398,51.772630409491633,52.034358978271484,129100
2007-10-09,51.897264552234176,52.009434624209646,51.79132747158495,51.872337341308594,184000
2007-10-10,51.822479916081086,51.996965612060571,51.760159520906726,51.922183990478516,298700
2007-10-11,51.728996701676735,51.940870801046863,51.629287887118117,51.928409576416016,264100
2007-10-12,51.685430035218609,51.934692826907849,51.685430035218609,51.753978729248047,151400
2007-10-15,51.635545912363732,51.847420114462082,51.623079927310734,51.803798675537109,196200
2007-10-16,51.891033251499188,51.965814886712309,51.822489362194872,51.947120666503906,205200
2007-10-17,51.972038170166641,52.520422462822665,51.953343953450208,52.264926910400391,201200
2007-10-18,52.433214324162897,52.507995994910068,52.383359876998121,52.464374542236328,193200
2007-10-19,52.551591286598082,52.931722936826098,52.551591286598082,52.913028717041016,270500
2007-10-22,52.894352954173264,52.900585948296609,52.707405919906243,52.813343048095703,218900
2007-10-23,52.713579462315721,52.869370873074729,52.657496836543224,52.800827026367188,368300
2007-10-24,52.925467849373746,53.180963337067723,52.919234860587821,53.068798065185547,273300
2007-10-25,53.112451337039531,53.143606790902702,53.00650948164003,53.025203704833984,169800
2007-10-26,52.869462866580839,53.075109027659913,52.819613141725014,52.894390106201172,189500
2007-10-29,52.900599815472006,53.00030873005695,52.856978353936782,52.93798828125,171500
2007-10-30,52.969144733578119,52.994071960449219,52.875668821407089,52.994071960449219,118400
2007-10-31,52.863164567791493,52.956640403896614,52.632591472649345,52.638824462890625,313300
2007-11-01,52.74329651221101,53.162294805086944,52.74329651221101,53.068489074707031,219100
2007-11-02,52.937145818408446,53.349884218805464,52.937145818408446,53.212303161621094,337600
2007-11-05,53.293578100303037,53.331098453846131,53.099716578791984,53.149742126464844,172100
2007-11-06,53.074684589191719,53.268546049228554,53.018399305571556,53.055919647216797,184100
2007-11-07,53.168493558837021,53.29356933533299,53.09345286409247,53.249794006347656,299700
2007-11-08,53.299820858714305,53.487427354556317,53.256045532569232,53.368606567382812,1078400
2007-11-09,53.531250281601686,53.693846539503632,53.512490092450875,53.687591552734375,276700
2007-11-12,53.762650023617908,53.781410217285156,53.637574113906105,53.781410217285156,117900
2007-11-13,53.618787649249178,53.618787649249178,53.43743124739278,53.506221771240234,125300
2007-11-14,53.299828426331565,53.543720245361335,53.299828426331565,53.543720245361328,96400
2007-11-15,53.618740512211133,53.912662533685221,53.593725364516359,53.8438720703125,210400
2007-11-16,53.850127050024085,53.993958185329546,53.793841774922953,53.8438720703125,742300
2007-11-19,53.906432305079193,54.28790513306221,53.843896792704911,54.231624603271484,503500
2007-11-20,54.206631377754746,54.312942268923052,53.987754610303632,54.087810516357422,378500
2007-11-21,54.438009354670662,54.54432022873025,54.35045866177984,54.513050079345703,317600
2007-11-23,54.375470447251928,54.55057660866909,54.206624041257761,54.350460052490234,216700
2007-11-26,54.50053661610854,55.188436857839434,54.419236148501646,55.094631195068359,637600
2007-11-27,54.825724748815652,55.057111416593614,54.425491703200002,54.581832885742188,353300
2007-11-28,54.556820170810653,54.631865659412142,54.319183280304308,54.387973785400391,159600
2007-11-29,54.68189177776209,54.875753311123241,54.613101277958954,54.69439697265625,145300
2007-11-30,54.356704291132104,54.769447326660163,54.21912327928942,54.769447326660156,395100
2007-12-03,55.249433804474869,55.249433804474869,54.841572191389581,54.985889434814453,214700
2007-12-04,55.117661261548925,55.130213501522213,54.822750644053016,55.036090850830078,196800
2007-12-05,54.847914685760827,55.011055698599904,54.766339392058796,54.829086303710938,284600
2007-12-06,54.716163466347886,54.766362932159723,54.471447054620882,54.540470123291016,217900
2007-12-07,54.421221388505899,54.421221388505899,54.08865370733082,54.189052581787109,193000
2007-12-10,54.226640261733564,54.258016072392103,53.919177423841532,54.063499450683594,257800
2007-12-11,54.138848421845971,54.803974151611328,54.138848421845971,54.803974151611328,318800
2007-12-12,54.082365521522505,54.496498781447919,53.963143092063824,54.345905303955078,470500
2007-12-13,54.220416550405815,54.258063726439751,53.94432449340821,53.944324493408203,221000
2007-12-14,53.856494807169391,53.912965588957455,53.724724862381628,53.787471771240234,240100
2007-12-17,53.900410018801928,54.138850151530875,53.837663119376586,54.107479095458984,191000
2007-12-18,54.15768915723249,54.396134145110267,54.107494495774517,54.214164733886719,644300
2007-12-19,54.471409135206237,54.716125376577878,54.151398534816373,54.647102355957031,411600
2007-12-20,54.615733065692723,54.785150166235489,54.534162578361972,54.559257507324219,308600
2007-12-21,54.521579920770485,54.540403500635243,54.13254171687683,54.163917541503906,560200
2007-12-24,54.013348573953614,54.101195177954189,53.944325558341603,54.007072448730469,197400
2007-12-26,53.95060218862934,54.120019272993368,53.705881175444318,53.749809265136719,135700
2007-12-27,54.400354749108494,54.400354749108494,53.940618377191818,54.11065673828125,211000
2007-12-28,54.299639903965343,54.60823080143345,54.261854636270691,54.545253753662109,302900
2007-12-31,54.614493903327471,54.872701070231287,54.570409518498153,54.797130584716797,181100
2008-01-02,54.784544302986589,55.250584821670003,54.753058195403312,55.187602996826172,564700
2008-01-03,55.105775962706062,55.319898957265394,54.986116168780349,55.301006317138672,198600
2008-01-04,55.420635709500324,55.571781552443838,55.38914479000222,55.445827484130859,368700
2008-01-07,55.338768969190333,55.609574554725945,55.338768969190333,55.546592712402344,341100
2008-01-08,55.477262995496297,55.685091342998923,55.338715568663211,55.66619873046875,293200
2008-01-09,55.697704542552252,55.87404204652151,55.565451414575314,55.578044891357422,335600
2008-01-10,55.691378381037048,55.716570127215192,55.363895290389749,55.426872253417969,258300
2008-01-11,55.496203035499533,55.792195533861737,55.452118637459286,55.77960205078125,310100
2008-01-14,55.748104003421119,55.82997844990588,55.672533504928616,55.804786682128906,347000
2008-01-15,55.987392075934814,56.176323021317863,55.918115954510313,56.170028686523438,353700
2008-01-16,56.201536763609717,56.510132263359402,55.924436974333346,56.062984466552734,459400
2008-01-17,56.05669718662044,56.547924625420613,56.006313653195242,56.516433715820312,608600
2008-01-18,56.359002623190179,56.491255827293266,56.245642047553332,56.434577941894531,628100
2008-01-22,57.183990718571955,57.183990718571955,56.60458982358179,57.0643310546875,863800
2008-01-23,57.788639640161229,57.801233131587502,56.755800368887307,56.799884796142578,1417600
2008-01-24,56.623498382139864,56.762045888025384,56.277117605330872,56.283416748046875,398500
2008-01-25,56.050395705073647,56.806129455566406,56.031503082037034,56.806129455566406,442600
2008-01-28,56.636074724932328,56.749435235327645,56.541606832130121,56.598289489746094,254900
2008-01-29,56.484961680760634,56.510153453748188,56.251941384255282,56.371601104736328,433100
2008-01-30,56.264507717203372,56.459742662434081,56.056684098812809,56.346382141113281,694000
2008-01-31,56.799810440006539,56.799810440006539,56.453429818700265,56.636066436767578,384900
2008-02-01,56.883082524563441,56.933623958500888,56.579838740835172,56.819908142089844,597500
2008-02-04,56.47881479959338,56.617801466122458,56.434592207506952,56.504085540771484,442300
2008-02-05,56.895689175344991,56.977820172505687,56.725117939516359,56.902008056640625,234400
2008-02-06,56.725186480275568,56.819950534636277,56.643060203776308,56.800998687744141,161700
2008-02-07,56.838917679527036,56.845236570158463,56.023954304520423,56.162940979003906,246500
2008-02-08,56.472461442543811,56.661989475754659,56.396649265279855,56.63671875,219300
2008-02-11,56.731495797399305,56.889434254719575,56.643050646891894,56.763080596923828,200000
2008-02-12,56.51668606998512,56.674624496791438,56.339795803145769,56.643039703369141,425500
2008-02-13,56.402957916259773,56.636708472148065,56.384006080357494,56.402957916259766,310900
2008-02-14,56.238703491769314,56.327153430295986,55.948097413430865,56.093402862548828,477900
2008-02-15,56.181877019921451,56.320863655290395,56.112383702236983,56.213466644287109,512000
2008-02-19,55.922851328190106,56.09342757490748,55.714376210946064,55.809135437011719,564300
2008-02-20,55.71436812586245,55.935480987761153,55.65118889112091,55.758590698242188,496700
2008-02-21,55.910222122592224,56.365085717824421,55.910222122592224,56.33349609375,361900
2008-02-22,56.301867799989147,56.472439106495848,56.124972789672306,56.175514221191406,237200
2008-02-25,56.068138425181751,56.17553539271362,55.74594270268814,55.802803039550781,175400
2008-02-26,55.897561345274156,56.04286197594211,55.847019899868982,55.941783905029297,259700
2008-02-27,56.257683533718662,56.27663537846032,55.865994402759561,56.074474334716797,201600
2008-02-28,56.541936414181293,56.731464385986328,56.415587646242301,56.731464385986328,289500
2008-02-29,57.015778770260326,57.369559345469931,56.952604356101304,57.337974548339844,420700
2008-03-03,57.217552446957278,57.312609707861832,57.040114805169104,57.192203521728516,480300
2008-03-04,57.255597116956743,57.445711717459176,56.919732179575561,56.976768493652344,305600
2008-03-05,57.103493474776698,57.11616552193157,56.672571349302977,56.729602813720703,358300
2008-03-06,56.945036970933103,57.261891169598513,56.919688054862505,57.185844421386719,292600
2008-03-07,57.528082159756984,57.572441580875676,57.109836879897031,57.382331848144531,414000
2008-03-10,57.490038768290638,57.882934963657164,57.433002486336285,57.794216156005859,200300
2008-03-11,57.337966548002939,57.350638594960003,57.046456285038829,57.166862487792969,350800
2008-03-12,57.306248909981967,57.85757694027884,57.217530123701266,57.825889587402344,289800
2008-03-13,57.965342820848669,58.003363800469181,57.3633165795762,57.521743774414062,626400
2008-03-14,57.768853002450619,58.231457370402723,57.768853002450619,58.117389678955078,301700
2008-03-17,58.092115311289341,58.675126555797597,58.092115311289341,58.408969879150391,569100
2008-03-18,58.339211859291147,58.339211859291147,57.933638744228297,58.009685516357422,333400
2008-03-19,57.952652069445129,58.554678166650149,57.933641584184166,58.510318756103516,1370400
2008-03-20,58.599018226603683,58.656049663553631,58.35187233019748,58.637039184570312,626300
2008-03-24,58.054043228058788,58.054043228058788,57.604110717773438,57.604110717773438,898300
2008-03-25,57.787889539734579,57.901957282624494,57.692832281524154,57.806900024414062,314600
2008-03-26,57.958978979747968,58.041359344428685,57.77520293409512,57.851249694824219,615400
2008-03-27,57.787872951462148,57.990659454520866,57.654794762093452,57.775196075439453,345100
2008-03-28,57.844918344677659,58.073053820009669,57.724512167471104,58.003345489501953,131800
2008-03-31,58.250528648617269,58.282216031743445,58.060418854307784,58.104778289794922,431000
2008-04-01,58.207129065263906,58.207129065263906,57.463167586732062,57.596698760986328,786700
2008-04-02,57.431372397256062,57.609413963010162,57.278766033933813,57.405937194824219,734700
2008-04-03,57.609413963010162,57.609413963010162,57.316916411947169,57.405937194824219,560200
2008-04-04,57.704762972570414,57.863729261751047,57.698402962648665,57.844654083251953,421800
2008-04-07,57.526735585396573,57.634831524193586,57.26602847872072,57.463150024414062,330400
2008-04-08,57.628456337499131,57.641176357106488,57.412264516834583,57.469490051269531,469900
2008-04-09,57.577625772162143,57.914633727386786,57.501320161985824,57.812892913818359,761000
2008-04-10,57.812881048489743,57.882826630645376,57.456797976619605,57.583969116210938,199700
2008-04-11,57.831939697265618,57.920960439777687,57.755638975836206,57.831939697265625,716400
2008-04-14,57.825625017402864,57.921000985955239,57.647583407745067,57.685733795166016,246000
2008-04-15,57.507653378289916,57.609389293182531,57.348687069615977,57.42498779296875,273700
2008-04-16,57.386887088274221,57.450472696511191,56.884552536041525,57.037158966064453,1116400
2008-04-17,57.018054762509308,57.081640338399041,56.706482044761671,56.903598785400391,815000
2008-04-18,56.547505577936832,56.890873447925429,56.369464056742949,56.846363067626953,2284800
2008-04-21,56.76368132263616,56.922647614383649,56.687380607407754,56.852706909179688,303600
2008-04-22,56.808214063453484,57.018050815505553,56.750988504494636,56.897239685058594,427900
2008-04-23,56.865446796567561,56.909957183554241,56.674685223042722,56.840011596679688,191300
2008-04-24,56.45849448044325,56.604740818768477,56.299528116274168,56.394908905029297,306600
2008-04-25,56.280495073731778,56.433101539256405,56.134243774619627,56.318645477294922,211400
2008-04-28,56.274090308880837,56.471207038912901,56.248655109639891,56.420341491699219,167800
2008-04-29,56.528466186514727,56.668357427820141,56.445800534141156,56.522106170654297,144300
2008-04-30,56.50299848695586,56.757345611154321,56.324956955397312,56.700115203857422,168700
2008-05-01,56.961683762059891,57.006334381810788,56.57895860242072,56.693775177001953,336700
2008-05-02,56.317395312884507,56.451347077897012,56.183443547872002,56.234474182128906,341700
2008-05-05,56.362010484596496,56.393905827602019,56.132377641285728,56.317359924316406,158800
2008-05-06,56.432205128347448,56.502371025509774,56.087755687700181,56.138786315917969,557400
2008-05-07,56.07499889943464,56.387552972088429,56.011208182667872,56.362037658691406,361300
2008-05-08,56.470513784675894,56.725662231445312,56.438623270424621,56.725662231445312,445600
2008-05-09,56.865947939890383,56.904218472533302,56.693720809901443,56.789402008056641,236600
2008-05-12,56.73842579675285,56.917033142308995,56.661884658067066,56.693775177001953,112200
2008-05-13,56.362057303188024,56.489629048088716,56.183454913707003,56.221725463867188,458800
2008-05-14,56.374832418896482,56.374832418896482,55.992112182628745,56.202610015869141,174400
2008-05-15,56.15154815164815,56.540648221166109,56.15154815164815,56.515132904052734,269100
2008-05-16,56.387581232904537,56.706515510390929,56.368445954903493,56.419471740722656,318100
2008-05-19,56.483241729147899,56.56616285885854,56.279124061241717,56.547027587890625,163600
2008-05-20,56.674602949393339,56.74476885848653,56.540651177456162,56.719253540039062,230400
2008-05-21,56.521533636189211,56.73203142950242,56.489638261486874,56.585319519042969,183100
2008-05-22,56.368446879053607,56.374822060791232,56.036752499761207,56.215354919433594,223800
2008-05-23,56.330167152997369,56.547044979283655,56.323791971746722,56.464118957519531,413200
2008-05-27,56.189830780029297,56.336542668350468,56.106909631487,56.189830780029297,258900
2008-05-28,55.979323237476898,56.017593778090209,55.749690260699204,55.768825531005859,197900
2008-05-29,55.641269437506836,55.641269437506836,55.34147047441278,55.507312774658203,387600
2008-05-30,55.71781803037527,55.800744058196017,55.647652099088916,55.692302703857422,2838400
2008-06-02,56.010446526197583,56.112867972604128,55.171891689568277,56.023246765136719,240300
2008-06-03,55.920835062730639,56.439330249988778,55.805613367370633,56.317710876464844,561500
2008-06-04,56.452089549827861,56.458487222798595,56.048811501559413,56.112827301025391,462400
2008-06-05,55.952792449297711,55.978392906277499,55.767157392018319,55.818363189697266,1079400
2008-06-06,56.138472517138865,56.36251822645216,56.029653385241602,56.304904937744141,250000
2008-06-09,56.023265063076465,56.157694476322327,55.81842698708391,55.901645660400391,288000
2008-06-10,55.767165785292541,55.824774147746503,55.485511878930623,55.5687255859375,221200
2008-06-11,55.683996963747845,55.908037824178678,55.511166838193908,55.626388549804688,247100
2008-06-12,55.383105574423325,55.383105574423325,55.050245772080736,55.139862060546875,546800
2008-06-13,55.139881813549039,55.325517015793075,54.960649172409468,55.011859893798828,579300
2008-06-16,55.133436771929162,55.152644440442991,54.922201255471379,55.018215179443359,180600
2008-06-17,55.120677996221517,55.255102474594203,55.00545631708448,55.203891754150391,266600
2008-06-18,55.299884693250746,55.549530733653206,55.274279345040135,55.504722595214844,296200
2008-06-19,55.383116346961643,55.440729620022736,55.171880702330675,55.184680938720703,152900
2008-06-20,55.491926490024802,55.587940448304352,55.351099506253227,55.440715789794922,318300
2008-06-23,55.504735468804633,55.594351766466687,55.344705668162113,55.415119171142578,472000
2008-06-24,55.56234716084731,55.786387898648748,55.530339248137757,55.709571838378906,273400
2008-06-25,55.69679598618557,55.741604153361749,55.40873929686105,55.703193664550781,254200
2008-06-26,55.709578678646253,56.080849023287307,55.709578678646253,56.016838073730469,320500
2008-06-27,56.087234390119193,56.362485784186944,56.023218576463648,56.292072296142578,173000
2008-06-30,56.228061079664087,56.356087833721666,56.15765246958405,56.330482482910156,240500
2008-07-01,56.524416402764366,56.588640414281969,56.177600860595703,56.177600860595703,355300
2008-07-02,56.229077797376711,56.389640549625085,56.19053940484639,56.312568664550781,469800
2008-07-03,56.241841968344644,56.44093793456323,56.164770191108666,56.331756591796875,261800
2008-07-07,56.370316468188918,56.807046944061071,56.222601617515828,56.595108032226562,507900
2008-07-08,56.633639275704589,56.819892475781252,56.614372548107276,56.736396789550781,206400
2008-07-09,56.742812873612102,57.051095172781203,56.678588823779641,57.006137847900391,308200
2008-07-10,57.031837389168231,57.121752053026505,56.781360125565662,57.025413513183594,291100
2008-07-11,57.025428306813303,57.0896523833758,56.42171120716332,56.492359161376953,378000
2008-07-14,56.524464508681262,56.929080535576361,56.518040632068974,56.794208526611328,296400
2008-07-15,56.916261214127722,57.224538819223291,56.864879979950402,56.999752044677734,506300
2008-07-16,56.807070839471905,56.839185333552194,56.479526519775398,56.479526519775391,309500
2008-07-17,56.453794084616646,56.575818291764094,56.106978385396097,56.209735870361328,266400
2008-07-18,56.229049002969013,56.34465432138682,55.972147750931242,56.017105102539062,365500
2008-07-21,55.984937664919983,56.145500183105469,55.907870792177633,56.145500183105469,264600
2008-07-22,56.094145122308944,56.119835725179307,55.882206223595993,55.952854156494141,263000
2008-07-23,55.84364723374221,55.914295140534264,55.676665726760682,55.862918853759766,550000
2008-07-24,55.933522043766985,56.376675889093967,55.920679206210565,56.344566345214844,276300
2008-07-25,56.203358387766855,56.286849212186006,55.940033256932587,56.017105102539062,296900
2008-07-28,56.203255328719365,56.440884508630667,56.183988627642755,56.338127136230469,363000
2008-07-29,56.248248743258472,56.273939327861108,56.068419551017975,56.177600860595703,190000
2008-07-30,56.049200262362092,56.389597151141395,55.972133336586268,56.286834716796875,274900
2008-07-31,56.588681944650332,56.736396789550781,56.543724613596076,56.736396789550781,275000
2008-08-01,56.539211379915656,56.777661526270833,56.526319259251203,56.764774322509766,308500
2008-08-04,56.661647450513826,56.842097774097859,56.616534869617823,56.726093292236328,367500
2008-08-05,56.674512955424504,56.738958766884139,56.436058044433594,56.436058044433594,355600
2008-08-06,56.436114879416991,56.461894213342426,56.197659728285622,56.455448150634766,272400
2008-08-07,56.693847584109889,57.099860631376743,56.622955714712454,56.983856201171875,341200
2008-08-08,57.041879560125146,57.061212818675628,56.85498319930057,56.958095550537109,202800
2008-08-11,56.880784496157098,56.880784496157098,56.50054556909221,56.680995941162109,412500
2008-08-12,56.887192725385972,57.086981164783673,56.86785947055094,57.074089050292969,302200
2008-08-13,57.164330938668975,57.177223056938281,56.842096818570717,56.95166015625,210100
2008-08-14,57.125637054443352,57.215862171500767,57.009632630098089,57.125637054443359,303000
2008-08-15,57.280332249382383,57.42856209986342,57.248111789296729,57.338336944580078,292500
2008-08-18,57.331906979247734,57.505916196784156,57.280348328355196,57.480136871337891,381000
2008-08-19,57.544584572137317,57.563917837616202,57.331908818062104,57.396354675292969,373400
2008-08-20,57.499442725363082,57.647667629888659,57.447884099049304,57.563888549804688,487300
2008-08-21,57.596120293027653,57.596120293027653,57.318998792056341,57.441444396972656,279900
2008-08-22,57.331872134814354,57.331872134814354,57.164309079704729,57.273872375488281,157200
2008-08-25,57.602536086714636,57.712099360766395,57.58320283744068,57.654094696044922,232700
2008-08-26,57.589694239698538,57.673473358154297,57.48013579627866,57.673473358154297,166900
2008-08-27,57.428560145547529,57.776573554184068,57.428560145547529,57.757240295410156,255700
2008-08-28,57.596140300165438,57.737919212112843,57.486576939842074,57.673473358154297,201600
2008-08-29,57.544604096238309,57.628383247373186,57.422153484121225,57.602603912353516,496900
2008-09-02,57.476497377216113,57.929117166123284,57.353641320290286,57.916187286376953,349200
2008-09-03,57.909724216066557,58.129571653701539,57.890326928401784,58.058444976806641,410300
2008-09-04,58.168325062779353,58.375237540079922,58.097198436221412,58.349372863769531,460500
2008-09-05,58.498132060480906,58.608053307334245,58.194228080086276,58.2200927734375,363400
2008-09-08,57.825629252534647,58.245921627809075,57.702773268006617,58.226524353027344,418500
2008-09-09,58.11660390926027,58.53689632552959,58.026079995994053,58.491634368896484,323800
2008-09-10,58.148954773725208,58.420526601237398,58.11016020784772,58.342937469482422,248900
2008-09-11,58.511039396623822,58.543371484151962,58.194205658220568,58.239467620849609,393500
2008-09-12,58.304133740452187,58.323531021983655,57.851514060769446,57.948505401611328,358300
2008-09-15,58.821391189301956,59.105897679165722,58.595081451084091,59.060630798339844,526200
2008-09-16,59.894782244258352,59.901249649950508,58.86021932684347,58.892551422119141,810900
2008-09-17,59.27400884981067,59.558515330958258,59.047699118526069,59.4227294921875,829800
2008-09-18,59.099445305959385,59.442143701433835,58.705017547685593,58.724414825439453,687700
2008-09-19,57.586405536663996,58.032562750916853,57.586405536663996,57.676929473876953,1339500
2008-09-22,57.314805908642867,57.618709664587286,57.211352144830286,57.554050445556641,785800
2008-09-23,57.638106936978254,57.735098232115313,57.366535257140256,57.554050445556641,455500
2008-09-24,57.760940257809118,57.896726044485355,57.554027878133859,57.702743530273438,415400
2008-09-25,57.676929283112585,57.676929283112585,57.191977506853732,57.528213500976562,427200
2008-09-26,57.638149107834153,57.735140473934777,57.437703902229117,57.489433288574219,310600
2008-09-29,57.864461562235753,58.886094788336663,57.864461562235753,58.291221618652344,528000
2008-09-30,58.381706714922728,58.381706714922728,57.405336120588693,57.521724700927734,477900
2008-10-01,57.836414561873809,58.264642581567351,57.596346888698179,57.927249908447266,349200
2008-10-02,58.024544443226304,58.342467989311046,57.953173144083451,58.251632690429688,298000
2008-10-03,58.316529952186706,58.524154255237043,57.745564356336743,58.472251892089844,505400
2008-10-06,58.679910194231418,59.250876120898567,58.673420538770223,58.945926666259766,1065200
2008-10-07,58.679940500149137,59.075725535025434,58.569636100967756,58.900539398193359,825400
2008-10-08,59.088658391110869,59.192473058546788,57.427663313382538,58.147861480712891,869200
2008-10-09,57.531468119645048,57.60932911357559,57.252472412421469,57.563911437988281,577200
2008-10-10,57.388731754504491,57.388731754504491,56.713956200139165,56.889137268066406,1154600
2008-10-13,56.616624983896969,56.941038366878026,56.363582941184177,56.499835968017578,478400
2008-10-14,56.480375408430731,56.707463800363172,56.201379684012117,56.233818054199219,736700
2008-10-15,56.227288167805007,56.694438934326172,56.181865575762984,56.694438934326172,247200
2008-10-16,56.51932095828672,56.830755149462277,56.480392921929081,56.707481384277344,330400
2008-10-17,57.031900300757577,57.064338684082031,56.409026909130347,57.064338684082031,445800
2008-10-20,56.765827931040498,57.161612483909778,56.636064613771623,57.122684478759766,315900
2008-10-21,57.479566446516763,57.829933528448315,57.213550020515832,57.726123809814453,225500
2008-10-22,57.816922871918784,58.167289733886719,57.784479570751238,58.167289733886719,347700
2008-10-23,58.336026167854435,58.49174323037068,57.93375172701829,58.245185852050781,330000
2008-10-24,58.653950872445201,58.653950872445201,57.855891632923253,57.998634338378906,1924600
2008-10-27,58.044051344790333,58.186794048580779,57.687199535470398,57.966190338134766,213700
2008-10-28,57.680728560649733,57.959724403823266,57.297918008314987,57.499057769775391,278100
2008-10-29,57.544438378276745,57.771526720504021,57.304370730690998,57.583366394042969,255400
2008-10-30,57.135676484780653,57.297883156563614,56.986449118827004,57.142166137695312,406300
2008-10-31,57.375742360406996,57.570392340567459,56.830725386050474,57.025375366210938,264100
2008-11-03,57.110063777195684,57.207744472836715,56.908193982918355,57.1165771484375,1942300
2008-11-04,57.136087573852826,57.878452590344217,57.136087573852826,57.800312042236328,269700
2008-11-05,57.813338478847655,58.106380462646484,57.741706325135375,58.106380462646484,286500
2008-11-06,57.826352952313862,58.06729290165876,57.630991671215625,57.9305419921875,173000
2008-11-07,57.780801260964367,57.858941842010061,57.591953243026431,57.722190856933594,212300
2008-11-10,57.657032592439563,57.937047742133679,57.494233202343985,57.78076171875,205400
2008-11-11,57.774276867643366,58.197556484458289,57.774276867643366,57.995681762695312,130100
2008-11-12,58.138928188283003,58.444991893395873,58.119393052764146,58.353824615478516,266900
2008-11-13,58.275675949649788,58.575226270621656,57.878444988128798,57.9305419921875,300500
2008-11-14,58.432004375658174,58.646895960568145,58.301761782117502,58.503631591796875,324100
2008-11-17,58.510100338950011,58.80314222473362,58.4775434415806,58.751045227050781,473100
2008-11-18,58.998495649736633,59.356656281116159,58.881279894761782,59.206878662109375,543600
2008-11-19,59.454340887819377,59.942739071558606,59.31758502431834,59.845058441162109,432400
2008-11-20,60.632981588458648,61.049747467041016,60.307382935301092,61.049747467041016,727900
2008-11-21,60.39204260657354,60.639500786454349,60.190173012032162,60.489723205566406,791300
2008-11-24,60.248759133390408,60.300856098633922,59.721291022959967,59.923160552978516,611600
2008-11-25,60.698124563622599,62.319605112734784,60.463693042275878,60.952091217041016,411600
2008-11-26,61.036749158614761,61.368856335304777,61.010700660164808,61.323272705078125,483400
2008-11-28,61.245147964959045,61.551206722091003,61.219099459794641,61.447017669677734,134000
2008-12-01,62.10233740945376,62.775302476991833,61.834455400554056,62.278743743896484,663900
2008-12-02,62.239490932550126,62.63804359479478,62.180685547497468,62.605373382568359,278300
2008-12-03,62.572761818564565,62.801443548939389,62.20034398008621,62.703437805175781,352200
2008-12-04,62.834142373894579,63.239230671624426,62.638135766437053,63.095489501953125,443800
2008-12-05,62.886384904738371,63.154266963000836,62.344090726875066,62.429031372070312,557500
2008-12-08,62.39636252454968,62.533568587424853,62.11541535253486,62.193820953369141,523400
2008-12-09,62.317957220053962,62.860251412648715,62.115415647910289,62.723045349121094,1421700
2008-12-10,62.389839884462766,62.664257049560547,62.252633794304252,62.664257049560547,737000
2008-12-11,62.749173937562496,63.088921537434153,62.481291900250071,63.043186187744141,327500
2008-12-12,63.036609822049066,63.226081142456664,62.389775371148488,63.219551086425781,281300
2008-12-15,63.271840397564475,63.533187296173246,63.186904774047051,63.356781005859375,328900
2008-12-16,64.362983703613281,64.441384308674387,63.141189432027275,64.362983703613281,406000
2008-12-17,65.192807172698068,65.349613493062876,64.689717943502089,64.800788879394531,667900
2008-12-18,65.303845650782463,65.539057506814444,65.120904203819947,65.238510131835938,477700
2008-12-19,64.97059227449526,65.32993989579343,64.97059227449526,65.022857666015625,598000
2008-12-22,65.04904920629059,65.153590049450159,64.781172019062296,64.853042602539062,804200
2008-12-23,64.748441982874922,65.0424590942349,64.683106508609541,64.8203125,324500
2008-12-24,64.787690392875689,64.970631836537621,64.715819827897008,64.755020141601562,129200
2008-12-26,65.016359806227058,65.101295471191406,64.813813243958379,65.101295471191406,181100
2008-12-29,65.218678846503281,65.526902673663912,65.172773489477777,65.244911193847656,211900
2008-12-30,65.074356663761691,65.34322925431924,64.989100351900646,65.336669921875,201300
2008-12-31,65.166225789005338,65.303941874101255,64.398943310172129,64.6153564453125,404600
2009-01-02,64.779234242712363,64.89727718740599,63.572577477669647,63.690620422363281,455200
2009-01-05,63.421735543733476,63.808655985643817,63.251227975944012,63.579124450683594,1383500
2009-01-06,63.093900855763032,63.664443081721203,62.956184801905835,63.539840698242188,900800
2009-01-07,63.441463112904131,63.703781519039389,63.316865747553159,63.552951812744141,296700
2009-01-08,63.618567247070501,63.959577871508124,63.520197162015876,63.723491668701172,262600
2009-01-09,63.611983713642459,64.234985676524843,63.611983713642459,64.018577575683594,278700
2009-01-12,63.86124154541708,64.471130391188822,63.835009175314603,64.418670654296875,747700
2009-01-13,64.254677134153752,64.503876970790714,64.208771769423009,64.464530944824219,157700
2009-01-14,64.739943947067616,65.067840741772528,64.726825273426925,64.8251953125,321100
2009-01-15,64.903889680792545,65.002259715828572,64.65468492492694,64.772727966308594,414500
2009-01-16,63.972707959502699,64.595710270431084,63.920243237676175,64.176002502441406,288800
2009-01-20,63.487398389336775,64.30058633205752,63.448052361024736,64.077613830566406,357200
2009-01-21,63.677568771587694,63.972678945535108,63.362790590014569,63.507061004638672,484100
2009-01-22,63.428352941668912,63.461139617176599,62.89060243092721,63.087337493896484,262600
2009-01-23,62.864358758043345,63.100444793701179,62.667618727226213,63.100444793701172,361900
2009-01-26,62.857854996071055,63.02836283997317,62.667674132355472,62.943111419677734,324900
2009-01-27,62.897098558569027,63.447962185258852,62.857747582874971,63.356151580810547,269300
2009-01-28,63.448019930055004,63.493925274058157,62.680742750299245,62.949615478515625,266200
2009-01-29,62.634838983160094,62.785668687264554,61.95937247440542,62.129875183105469,325900
2009-01-30,62.313491399118163,62.398747749709408,62.051178021841302,62.1036376953125,296900
2009-02-02,62.344346694040553,62.719201730387091,62.127324036839703,62.607398986816406,347600
2009-02-03,62.37058329522489,62.436351317685897,61.949694041931934,62.068069458007812,436000
2009-02-04,61.916882123296574,61.982645199603731,61.489414601198391,61.752471923828125,325000
2009-02-05,61.837976912040205,62.120762717515348,61.647260436961417,61.897167205810547,641800
2009-02-06,61.818229416171512,61.837957835541502,61.489409046936551,61.522293090820312,667000
2009-02-09,61.502619914545555,61.542081809351103,61.239567375338254,61.39739990234375,468300
2009-02-10,61.884034422037153,62.377265310125765,61.805120691081569,62.219432830810547,437400
2009-02-11,62.38380954600683,62.798121462714171,62.357503310714108,62.699474334716797,316800
2009-02-12,62.85729142343758,62.988817539974782,62.613962588704055,62.679725646972656,379900
2009-02-13,62.416697943301187,62.495611637276248,62.094450301564031,62.186519622802734,304100
2009-02-17,62.844166968578804,63.27821239973364,62.844166968578804,63.232177734375,416200
2009-02-18,63.225616935342259,63.25850099833486,62.699502031882105,62.771842956542969,422300
2009-02-19,62.186523861032491,62.666603940840609,62.186523861032491,62.423274993896484,229300
2009-02-20,62.791554167046193,63.048033711864377,62.561375842423189,62.600837707519531,338800
2009-02-23,62.364078750871087,62.68632134049291,62.272009439550565,62.660015106201172,440600
2009-02-24,62.758673268354158,62.995424401218152,62.377240330139713,62.423274993896484,557000
2009-02-25,62.390404421899873,62.56138747196151,61.798526509448408,61.857711791992188,428700
2009-02-26,61.706406911177488,61.857661410531662,61.594609234715939,61.6998291015625,224800
2009-02-27,61.864258498698106,62.002362439257823,61.528860347395828,61.647235870361328,288300
2009-03-02,61.962415285686781,62.397606812075452,61.916258532422695,62.265731811523438,500400
2009-03-03,61.916269681211112,62.384432557390689,61.837141648206646,62.186614990234375,528400
2009-03-04,61.632684901963557,61.896439771791663,61.612904167099948,61.870063781738281,331600
2009-03-05,62.318537300629238,62.674606144518982,62.107534100255293,62.595478057861328,475000
2009-03-06,62.28553841891403,62.76029666715057,62.28553841891403,62.298728942871094,414800
2009-03-09,62.39762891558108,62.483352223944117,62.048155512684168,62.325096130371094,224900
2009-03-10,62.015129211679024,62.081066671459624,61.804126321957682,61.870063781738281,244500
2009-03-11,61.738264396926205,62.311931610107422,61.692107611776841,62.311931610107422,320700
2009-03-12,62.358080826454319,62.707554304554854,62.245986509084652,62.489955902099609,271100
2009-03-13,62.311881118722241,62.707511103810582,62.180006133928863,62.443756103515625,553200
2009-03-16,62.028390729061741,62.239393877441991,61.995419443400628,62.087738037109375,512100
2009-03-17,62.285530578074493,62.397624864044062,61.843743664634253,61.969028472900391,222200
2009-03-18,62.081117539809654,64.290056952019114,62.081117539809654,64.092239379882812,751400
2009-03-19,64.296639833038384,64.408734088001907,63.861443270414519,63.8746337890625,711100
2009-03-20,63.98672804402603,64.09882229898956,63.762534503390114,63.8746337890625,231400
2009-03-23,63.835082886072023,64.026305207594348,63.624079812445686,63.657051086425781,285100
2009-03-24,63.571338303499417,63.835088395262318,63.300987919518747,63.564743041992188,810500
2009-03-25,63.413138022151919,63.577984489942089,63.083445086571572,63.182353973388672,443500
2009-03-26,63.188913044225266,63.525196023769631,63.070223454176649,63.347164154052734,507900
2009-03-27,63.485614669319411,63.564742714867378,63.182298040784609,63.307582855224609,394200
2009-03-30,63.663688139051693,63.742811199407669,63.373556835844042,63.577964782714844,321200
2009-03-31,63.577957688997742,63.762584850179763,63.571367455178986,63.690052032470703,1150800
2009-04-01,63.859334579414167,63.958526850914581,63.627889309332211,63.846111297607422,230200
2009-04-02,63.627869803227924,63.674158843053696,63.284004040127641,63.429485321044922,552400
2009-04-03,63.158430188634128,63.31052074225741,62.682310977908458,62.7021484375,1177200
2009-04-06,62.801310465800505,62.84759953088065,62.516961910271093,62.556636810302734,363600
2009-04-07,62.702066795447301,62.82771060277377,62.602874581511955,62.715290069580078,289700
2009-04-08,62.807883306961507,63.026100158691406,62.721914353282514,63.026100158691406,250800
2009-04-09,62.635958611474948,62.926921178553613,62.556603808146122,62.655796051025391,249600
2009-04-13,62.92691297387163,63.125292388637568,62.893847215514107,63.026100158691406,207300
2009-04-14,63.191452834809603,63.422903177497624,63.098874715786032,63.350162506103516,254000
2009-04-15,63.436123394050774,63.489026615257806,63.151774886474065,63.409671783447266,238500
2009-04-16,63.270771214771507,63.350126004695404,63.052549326325426,63.158355712890625,240100
2009-04-17,62.979780461086335,63.006232045868579,62.589630937077033,62.649143218994141,239400
2009-04-20,62.887225001547719,63.151735899155717,62.874001726973901,63.085609436035156,277700
2009-04-21,63.343512635018776,63.389801668437357,62.754978476499765,62.8409423828125,218500
2009-04-22,62.913689060405595,62.946754821079807,62.4904735584348,62.688858032226562,160900
2009-04-23,62.622687349192176,62.754945264053532,62.444145470533826,62.675590515136719,238200
2009-04-24,62.497042260642317,62.589620269038832,62.31849535507542,62.430915832519531,253500
2009-04-27,62.688858032226562,62.788045223995702,62.457407797760595,62.688858032226562,207500
2009-04-28,62.893797057027584,62.900411212449505,62.292035041691946,62.384613037109375,283800
2009-04-29,62.391273532816761,62.523531513876193,61.835805147745475,62.047412872314453,454400
2009-04-30,61.888682366237902,62.020940302571866,61.690303029423568,61.941585540771484,410500
2009-05-01,61.789074334226328,61.822234174794609,61.570198133411381,61.742641448974609,562700
2009-05-04,61.782467424251799,61.921750960301452,61.656446818192563,61.802364349365234,516400
2009-05-05,61.808967044432165,61.92171960314748,61.663049587152088,61.789070129394531,245000
2009-05-06,61.735960344807019,62.047691932178545,61.689532559044181,61.815547943115234,442600
2009-05-07,61.470731062428406,61.66307642526332,61.185530015501492,61.298282623291016,489800
2009-05-08,61.357971966154757,61.550317308649539,61.291647207424944,61.371234893798828,399900
2009-05-11,61.782427837458648,61.981402021356843,61.676304224511036,61.9482421875,698000
2009-05-12,61.835497412570803,62.001311783444073,61.742636709448995,61.908451080322266,206800
2009-05-13,62.061007438294105,62.253352730955783,62.054373446063444,62.193656921386719,287500
2009-05-14,62.153893349797364,62.233486114556854,62.047774723707263,62.200321197509766,186500
2009-05-15,62.10079769030493,62.147225512735552,61.948251299569918,62.047740936279297,254100
2009-05-18,62.087528876818205,62.133956694844379,61.656410532145109,61.682941436767578,456100
2009-05-19,61.550301453387846,61.636523111500573,61.411012917604594,61.596729278564453,268900
2009-05-20,61.603353781786119,61.87529178130864,61.50386920659794,61.789070129394531,408600
2009-05-21,61.988056310007224,61.988056310007224,61.059494633670809,61.112556457519531,374900
2009-05-22,60.847227266321759,61.026309582779895,60.66151601981106,60.754371643066406,382200
2009-05-26,60.933439151189134,61.013026774493703,60.336506675151306,60.349769592285156,519900
2009-05-27,60.356445044739587,60.396238883729502,59.613594668651281,59.666656494140625,733500
2009-05-28,60.09779160905579,60.111054538972908,59.50085855767334,59.978404998779297,660100
2009-05-29,60.004913819940327,60.714599225146188,59.991645834654008,60.654903411865234,1119300
2009-06-01,60.044196637809833,60.104065435517498,59.492049596218024,59.665012359619141,970300
2009-06-02,59.818011936285203,59.897842072779916,59.505350245864953,59.864578247070312,1903800
2009-06-03,60.05752878934566,60.297014249167454,59.964396118898286,60.230491638183594,568800
2009-06-04,59.858020834420181,59.93119222695335,59.43226453245515,59.532051086425781,591100
2009-06-05,58.993142443260844,59.299150465595964,58.813530914519241,58.939922332763672,1273900
2009-06-08,59.013113756056022,59.099592651142295,58.594016698614332,58.640583038330078,1135800
2009-06-09,58.906660073053722,59.066315319717773,58.733697261880877,58.893352508544922,1127200
2009-06-10,58.720371502708566,58.860075510019335,58.341187237279712,58.540760040283203,1406500
2009-06-11,58.527479164783287,59.172753972002454,58.421038943788936,58.939922332763672,781400
2009-06-12,59.019747117341375,59.398931488200432,59.019747117341375,59.252578735351562,608300
2009-06-15,59.478752778112558,59.618451728088921,59.405576412599054,59.518665313720703,531500
2009-06-16,59.498713549642716,59.871244111111523,59.398927127721215,59.851287841796875,403000
2009-06-17,59.871273421827958,60.137368985439565,59.691661834716797,59.691661834716797,594800
2009-06-18,59.359014119825716,59.485405516268727,58.899999627824521,58.966522216796875,1015500
2009-06-19,58.880052573594618,59.252583190420665,58.833486246491361,59.239280700683594,850900
2009-06-22,59.478787705394936,59.631789231970657,59.4056112969106,59.558612823486328,1218000
2009-06-23,59.578578229750001,59.838020053992153,59.49209931345316,59.751541137695312,492200
2009-06-24,59.784798087000866,60.084152441826994,59.525356292724609,59.525356292724609,687600
2009-06-25,59.671664722281079,60.270378112792962,59.531965777052925,60.270378112792969,790700
2009-06-26,60.316936828492345,60.469943316092085,60.203847945462613,60.350200653076172,263700
2009-06-29,60.516551350687465,60.596376464171762,60.350242263794449,60.476638793945312,903200
2009-06-30,60.17730607158785,60.52988068005687,60.084173347665953,60.317005157470703,608800
2009-07-01,60.071470587004633,60.278266906738288,59.958061392462767,60.278266906738281,394100
2009-07-02,60.391676199071796,60.625156755840834,60.391676199071796,60.478401184082031,431700
2009-07-06,60.378302400883413,60.551742093578163,60.311594435270699,60.518390655517578,472200
2009-07-07,60.425026552274105,60.765238861769888,60.425026552274105,60.758571624755859,741600
2009-07-08,60.811907738756098,61.559045046765803,60.758539334043633,61.458980560302734,658900
2009-07-09,61.105492063083325,61.198884330938178,60.872011393446193,61.098819732666016,668900
2009-07-10,61.345639976909219,61.605804857148186,61.252247716797612,61.479061126708984,400300
2009-07-13,61.512376832922648,61.579084824289382,61.205516001040841,61.258884429931641,327400
2009-07-14,60.91199107559693,61.085435914334809,60.751890888027532,60.851955413818359,942100
2009-07-15,60.531753662737053,60.585122091698672,60.064792633056641,60.064792633056641,714400
2009-07-16,60.471699140164439,60.631799287631182,60.384974197772181,60.425003051757812,194900
2009-07-17,60.164857559688627,60.291601217437069,60.018096923828125,60.018096923828125,616000
2009-07-20,59.871356647399139,60.445054733854171,59.844672423669223,60.238258361816406,335400
2009-07-21,60.098159258934778,60.952039069446428,60.091492020751218,60.912010192871094,837700
2009-07-22,60.838602886873097,60.838602886873097,60.471706459127077,60.551753997802734,298300
2009-07-23,60.545107237606317,60.558446802065895,59.844660500363311,59.964736938476562,518100
2009-07-24,59.938051090492102,60.118168287512155,59.9247115263952,60.091484069824219,292400
2009-07-27,59.764654355132329,59.918087458040524,59.62456591656305,59.811355590820312,326800
2009-07-28,59.931404113769531,60.251609771972795,59.757964259676697,59.931404113769531,299300
2009-07-29,60.198171115182241,60.218182991202966,59.737882698234642,59.971363067626953,265200
2009-07-30,59.851326206466567,60.238239696418589,59.737922107875221,60.211555480957031,367400
2009-07-31,60.471749244694678,60.865330160300338,60.345000432789597,60.818634033203125,631800
2009-08-03,60.460026281036207,60.480096292428975,60.011773908070495,60.172344207763672,453700
2009-08-04,60.326227606445293,60.373059342145631,59.777625086408669,59.998405456542969,552000
2009-08-05,59.730789496885066,60.185728516168425,59.630434325637438,59.657196044921875,393900
2009-08-06,59.630434325637438,59.877976400811455,59.523392552775732,59.657196044921875,311200
2009-08-07,59.315978409621685,59.38288013629618,59.188861555947959,59.262454986572266,507200
2009-08-10,59.336058195379017,59.663880283099097,59.275843058456736,59.643810272216797,1487700
2009-08-11,59.864580275416422,60.058593750000007,59.804365148879654,60.05859375,327400
2009-08-12,60.112153102805962,60.158984849538101,59.637143927586386,59.891372680664062,624700
2009-08-13,60.071979076767114,60.473394550828679,60.0117639483068,60.359661102294922,614700
2009-08-14,60.500169154794605,60.861444689715491,60.493477449256503,60.547000885009766,695000
2009-08-17,60.794535105239937,60.99524030701194,60.781151695890067,60.9617919921875,572900
2009-08-18,60.968501735755972,60.981885150186081,60.734343025999578,60.747726440429688,514700
2009-08-19,61.169177255849434,61.1825555583778,60.841355249026044,60.97515869140625,495400
2009-08-20,61.042086346580248,61.169203243839483,60.861451112195937,61.135749816894531,542900
2009-08-21,61.088867789013932,61.135699485615874,60.493434030386922,60.513504028320312,435100
2009-08-24,60.37305612708446,60.9082803102513,60.366369525395051,60.888210296630859,369100
2009-08-25,60.834701274878235,61.102313429883949,60.694206041962623,61.048789978027344,315800
2009-08-26,61.102278053970018,61.169179777918544,60.975161205475764,61.129039764404297,219600
2009-08-27,60.941716878162694,61.182567203709198,60.888198553588559,60.9617919921875,378700
2009-08-28,60.83467525194974,61.142427312063781,60.787843527677495,61.102287292480469,303500
2009-08-31,61.155809077380631,61.349822569667715,61.055453926845082,61.282920837402344,483700
2009-09-01,61.139951811096346,61.576043802396001,61.039319528868667,61.441864013671875,464500
2009-09-02,61.529158600486063,61.810939586277449,61.462068620817263,61.777397155761719,381900
2009-09-03,61.60962033832994,61.743800190277405,61.542530412356214,61.555946350097656,246400
2009-09-04,61.52245916685991,61.602970228170754,61.166877603687325,61.187004089355469,521400
2009-09-08,61.046096801757812,61.341298826834361,61.025970321618381,61.046096801757812,408700
2009-09-09,60.958806803403967,61.113113044065216,60.824627018600211,61.099697113037109,568400
2009-09-10,61.327839578060328,61.770637184393543,61.301002583944189,61.555946350097656,626900
2009-09-11,61.824304936796885,62.025574694417259,61.696830507261069,61.737083435058594,1319500
2009-09-14,61.562728172719609,61.649944665625625,61.341326553836055,61.374874114990234,477100
2009-09-15,61.133322014940305,61.3681394949473,61.133322014940305,61.24737548828125,710100
2009-09-16,61.334569768219836,61.354696242280198,61.039372950942337,61.200389862060547,743200
2009-09-17,61.240653446346698,61.509018423909737,61.052799497643434,61.502307891845703,846500
2009-09-18,61.314424787843947,61.408351717532881,61.079607463621613,61.173534393310547,910200
2009-09-21,61.280908104398627,61.401672091726105,61.052801194244701,61.133312225341797,617200
2009-09-22,61.086334953025784,61.294315338134759,61.07962442228947,61.294315338134766,438800
2009-09-23,61.15339279006303,61.462010499606777,60.985665440182792,61.428462982177734,794500
2009-09-24,61.455323879960403,61.676725296404484,61.37481799662401,61.596214294433594,501200
2009-09-25,61.636437333395868,61.864544031419882,61.502252406353875,61.844417572021484,454100
2009-09-28,61.790799619045551,62.012201110407652,61.757257195850102,61.951816558837891,514000
2009-09-29,61.790798931075017,62.025616365373629,61.716998434775995,61.924983978271484,276400
2009-09-30,61.864640568832293,62.052494641198614,61.831098123703775,61.971988677978516,670900
2009-10-01,62.196029422427578,62.532406012343792,62.115302325775325,62.438220977783203,1762800
2009-10-02,62.707267661872109,62.720725587844754,62.357438577006562,62.4112548828125,936600
2009-10-05,62.586174332094863,62.606356089113675,62.364164739497774,62.404533386230469,509100
2009-10-06,62.330564423829948,62.357475158867473,62.189286914406352,62.202739715576172,382300
2009-10-07,62.431417479950163,62.660150805537072,62.417959559213948,62.599605560302734,269500
2009-10-08,62.680345643504481,62.700527396130489,62.30360590730178,62.370880126953125,422200
2009-10-09,62.06815327490218,62.189248942282319,61.637592042593866,61.772140502929688,543800
2009-10-12,61.772105962497584,62.034478906330541,61.745195258938836,61.953746795654297,464800
2009-10-13,62.06144926378412,62.135452486530127,61.940353547717649,62.095088958740234,489200
2009-10-14,61.731769264528793,61.893228423261206,61.563581143813408,61.671218872070312,523400
2009-10-15,61.422317463611243,61.72505409547005,61.375224984595533,61.469409942626953,826100
2009-10-16,61.590512984373987,61.751972198486328,61.449230397742831,61.751972198486328,765300
2009-10-19,61.637567357196403,61.846118927001953,61.597198729107198,61.846118927001953,487000
2009-10-20,62.014314580746486,62.115228464264057,61.940311408346481,61.987403869628906,640800
2009-10-21,61.799026471475131,61.85284788713227,61.603927689237516,61.846118927001953,406400
2009-10-22,61.583715700581962,61.778814387015501,61.56353396279404,61.664447784423828,421300
2009-10-23,61.415592075518418,61.529958797972405,61.355041666004475,61.361770629882812,424800
2009-10-26,61.233936820871158,61.287758258456655,60.971563728510361,61.011932373046875,762500
2009-10-27,61.139762999730067,61.556871517895004,61.139762999730067,61.536689758300781,669800
2009-10-28,61.543376702582151,61.852842114690681,61.51646599726503,61.725017547607422,684100
2009-10-29,61.550130854010114,61.577041572585649,61.274304970826691,61.429035186767578,351200
2009-10-30,61.610686848119727,61.893241719776199,61.590505090529298,61.886512756347656,600100
2009-11-02,61.92718572578864,61.92718572578864,61.662598029045803,61.723659515380859,671100
2009-11-03,61.893240388194684,61.893240388194684,61.465825697601154,61.581157684326172,353000
2009-11-04,61.384442630743202,61.533693111333278,61.214834871146344,61.411575317382812,497700
2009-11-05,61.336988119926218,61.465886572035167,61.255574484893422,61.425182342529297,147600
2009-11-06,61.567667495081764,61.621943265146477,61.350569590845232,61.608371734619141,327300
2009-11-09,61.581203230310827,61.716892588005429,61.560851120661574,61.635478973388672,531500
2009-11-10,61.791508160138548,61.845783892429502,61.567624646452408,61.682956695556641,523000
2009-11-11,61.872910826223112,62.022166488127901,61.771150307668243,61.859344482421875,275600
2009-11-12,61.716923349030651,61.900097603191625,61.479473324739637,61.879745483398438,374500
2009-11-13,61.872916955370293,61.940764209152157,61.784722771880126,61.927192687988281,229300
2009-11-16,62.04933148966763,62.341057181156728,61.988275151831083,62.2596435546875,514800
2009-11-17,62.212149169125894,62.436032744075696,62.144307073207202,62.395328521728516,506000
2009-11-18,62.293556442296051,62.354617945614969,62.157872264284514,62.239280700683594,285300
2009-11-19,62.320716275572444,62.476752617672581,62.259654750734803,62.313930511474609,378200
2009-11-20,62.347865024793137,62.402140794994608,62.212175599289445,62.307155609130859,304200
2009-11-23,62.151083390465537,62.24606334552157,62.049317674042825,62.218925476074219,505100
2009-11-24,62.347858907646149,62.592094673567708,62.280016789561678,62.537818908691406,753800
2009-11-25,62.490283091857933,62.78200864415372,62.402088920612428,62.748085021972656,431200
2009-11-27,63.026260960971051,63.094103047323429,62.910928896570063,63.033046722412109,412200
2009-11-30,63.012697374841082,63.175524613818958,62.904151058209223,63.134815216064453,404100
2009-12-01,62.970290960359875,63.004290600758793,62.759507715213587,62.786701202392578,529600
2009-12-02,62.732265710247098,62.834259373378423,62.569073774191693,62.657470703125,463800
2009-12-03,62.283501070792049,62.405892439644816,62.263103373918867,62.365097045898438,463500
2009-12-04,61.848373643531751,61.970765092987712,61.732783160050303,61.90277099609375,756700
2009-12-07,61.916336191345728,62.127124528213329,61.902739453941891,62.072727203369141,399100
2009-12-08,62.378743687381991,62.473936474024939,62.215556794225208,62.290351867675781,502200
2009-12-09,62.317524502104348,62.419518213055596,62.127139008390358,62.167934417724609,721800
2009-12-10,62.045552746351696,62.065950454222275,61.773571203638923,61.957160949707031,423200
2009-12-11,61.74636920932339,61.74636920932339,61.521989247199762,61.651176452636719,454000
2009-12-14,61.698772830980054,61.780368845689843,61.623977781066792,61.651176452636719,195200
2009-12-15,61.406375498477203,61.515170152693031,61.331580470607477,61.453971862792969,326000
2009-12-16,61.562766517008804,61.671555983609991,61.385977797715391,61.453971862792969,761500
2009-12-17,61.807535575008437,61.997920989990234,61.691945171285695,61.997920989990234,468800
2009-12-18,61.861947139007604,61.963935643658317,61.671556492558686,61.691959381103516,517600
2009-12-21,61.41322677649034,61.420027744854458,61.025654581638179,61.059654235839844,609900
2009-12-22,60.889621874331517,60.916815352691664,60.740031805275216,60.787628173828125,366700
2009-12-23,60.903207016702133,61.045996095171844,60.753616976129834,60.760417938232422,351400
2009-12-24,60.719593334349717,60.760388712114207,60.542804718017578,60.542804718017578,160200
2009-12-28,60.481653899156058,60.495255827486545,60.372864410590616,60.379665374755859,1181400
2009-12-29,60.450441033339487,60.579872311871313,60.375507682316687,60.53900146484375,428800
2009-12-30,60.573103550369694,60.668472395407804,60.498170143952279,60.648036956787109,473100
2009-12-31,60.348285181136781,60.600334308482623,60.14392565917943,60.355098724365234,304300
2010-01-04,60.450472594574663,60.59352583106773,60.375539204429089,60.504970550537109,619100
2010-01-05,60.668493233766398,60.866044536975018,60.668493233766398,60.770675659179688,1547500
2010-01-06,60.729824205788766,60.763881560351287,60.477774835390683,60.525459289550781,365500
2010-01-07,60.539086389148366,60.661704299448012,60.498210287571339,60.525459289550781,390900
2010-01-08,60.716191923858759,60.723005473075986,60.505018673062047,60.600387573242188,382500
2010-01-11,60.634430816425549,60.729799686240739,60.579932834470121,60.641239166259766,653600
2010-01-12,61.03637151461519,61.118118527426475,60.954629699020053,61.077247619628906,403000
2010-01-13,60.954573461890377,61.083999616245222,60.763830607978115,60.784271240234375,281900
2010-01-14,60.961427128669676,61.152164927168762,60.893307228807899,61.070423126220703,511700
2010-01-15,61.295176762251039,61.410981023487032,61.2815496743343,61.342861175537109,429200
2010-01-19,61.213432209804139,61.281552060406391,61.111249835295027,61.233867645263672,411900
2010-01-20,61.404166972806451,61.526784776988947,61.39735342890431,61.445037841796875,228800
2010-01-21,61.363296040127693,61.717522364503239,61.349668952337552,61.669837951660156,349200
2010-01-22,61.622175199481354,61.772042034584992,61.601739757824134,61.724357604980469,272900
2010-01-25,61.588130950927741,61.669872734928049,61.581317403189665,61.588130950927734,1699000
2010-01-26,61.778856575919683,61.792478471506222,61.594927203616194,61.710731506347656,490600
2010-01-27,61.744800016628446,61.860604330567128,61.513191388751068,61.567684173583984,342100
2010-01-28,61.370125389529719,61.615361081567265,61.370125389529719,61.5472412109375,318100
2010-01-29,61.485946521895102,61.785675048828125,61.411013090858354,61.785675048828125,396700
2010-02-01,61.68995475721038,61.68995475721038,61.505415083399726,61.573760986328125,634300
2010-02-02,61.601140830097741,61.683159096129785,61.580637567205116,61.676322937011719,426000
2010-02-03,61.498621056200797,61.546463738412839,61.361923953836907,61.382427215576172,435300
2010-02-04,61.648984026274341,61.91553687501213,61.648984026274341,61.888202667236328,503400
2010-02-05,61.847170472193739,62.195741472362343,61.806163959630332,62.086383819580078,694700
2010-02-08,61.977044184773987,62.045390124652194,61.895025928243562,62.031723022460938,257600
2010-02-09,61.86773266618988,62.011266025817278,61.68319796939943,61.696865081787109,481200
2010-02-10,61.792528570817879,61.826698944002892,61.437121231348243,61.525970458984375,496200
2010-02-11,61.532784369345556,61.532784369345556,61.286734827748873,61.450771331787109,496900
2010-02-12,61.648961482334492,61.696804150139343,61.580615558964659,61.594287872314453,219800
2010-02-16,61.471289914536932,61.751509886815043,61.450786650036342,61.731006622314453,175400
2010-02-17,61.573806333161116,61.66266076541838,61.293586360445559,61.402938842773438,358000
2010-02-18,61.443933581724089,61.443933581724089,61.040683704488131,61.184211730957031,474300
2010-02-19,61.143178841185225,61.218360900878899,61.006487031446703,61.218360900878906,527900
2010-02-22,61.129552402140767,61.225237775487983,61.115880083398729,61.170558929443359,349700
2010-02-23,61.245760055866576,61.669513422594648,61.225256785849041,61.635337829589844,557200
2010-02-24,61.655795613124845,61.77198420048181,61.546443182218155,61.669467926025391,394300
2010-02-25,61.901878579581116,61.936054165856376,61.799357035217696,61.895042419433594,256600
2010-02-26,61.936060456995214,62.134267405707355,61.929224296153308,61.990734100341797,609900
2010-03-01,62.061967928938543,62.103090280450189,61.952320524799852,62.055118560791016,468600
2010-03-02,61.924935080432654,62.103118073992761,61.897521909998204,62.089408874511719,417900
2010-03-03,61.959168243300994,62.061961039355694,61.883783373844402,62.027698516845703,476700
2010-03-04,62.000302848092346,62.212748324555797,61.931772555219567,62.137363433837891,431100
2010-03-05,61.890645979966266,61.904355174722511,61.712468276341831,61.842674255371094,549900
2010-03-08,61.685031474633917,61.73300318084398,61.657618324153326,61.678176879882812,399800
2010-03-09,61.801589614979342,61.835857391357422,61.678232939958278,61.835857391357422,350500
2010-03-10,61.630226554334193,61.7467285629005,61.595958797214386,61.733024597167969,329800
2010-03-11,61.616501212694367,61.774120292302939,61.575378872711568,61.678176879882812,283100
2010-03-12,61.541101193131183,61.849489910138367,61.534246600068954,61.774105072021484,276400
2010-03-15,61.767250478959262,61.815222173349767,61.657603132576334,61.774105072021484,190100
2010-03-16,61.787850520413414,62.041413098779543,61.76728672915818,62.013999938964844,388200
2010-03-17,62.061995704077262,62.109967445205641,61.986610792514433,62.089408874511719,288300
2010-03-18,62.041455548223617,62.082572701815664,61.904394883897339,61.924953460693359,202600
2010-03-19,61.842674255371101,62.034561153751781,61.835824886518814,61.842674255371094,171300
2010-03-22,61.993471535777914,62.048297882080078,61.945499789895557,62.048297882080078,338100
2010-03-23,62.027667091304394,62.089342737690018,61.918014526367188,61.918014526367188,244100
2010-03-24,61.589170230901594,61.67140456353178,61.212245444577206,61.301334381103516,531300
2010-03-25,61.177915644850835,61.246451157284106,60.869526753003157,61.075122833251953,601900
2010-03-26,61.013443830298762,61.239598479956392,61.006589233135465,61.219039916992188,734100
2010-03-29,61.198467903082481,61.246439615630379,61.061402132570961,61.129932403564453,521400
2010-03-30,61.123112457250791,61.191642761230462,61.006605189105606,61.191642761230469,246500
2010-03-31,61.308150489826943,61.390389999350035,61.232765579895982,61.335563659667969,398900
2010-04-01,61.242751132816132,61.277116798102966,61.125916260383839,61.208385467529297,397600
2010-04-05,60.782282208128208,60.84413411514268,60.562355577413705,60.658573150634766,656100
2010-04-06,60.864775583322398,60.892267078510038,60.734197535514326,60.837284088134766,566100
2010-04-07,60.830427177166271,61.284023828802148,60.816678805120198,61.215297698974609,562000
2010-04-08,61.277143962766729,61.380230517397671,61.11219498842388,61.146560668945312,465400
2010-04-09,61.064097067273444,61.235915013576111,60.995370937445898,61.215297698974609,314600
2010-04-12,61.311496212158282,61.448953672420963,61.249644287639548,61.380222320556641,402000
2010-04-13,61.531461283975879,61.572695926040879,61.394008981446383,61.497100830078125,309100
2010-04-14,61.497087079840689,61.558939029108608,61.304646558470559,61.332138061523438,315800
2010-04-15,61.242753145839906,61.490171262337498,61.215261661399673,61.435188293457031,299900
2010-04-16,61.538273356526965,61.826926046559663,61.462673093404504,61.806308746337891,409900
2010-04-19,61.75133079136215,61.771948093255951,61.607004434641183,61.655113220214844,215300
2010-04-20,61.627645642903289,61.682628631591797,61.545176403336924,61.682628631591797,171300
2010-04-21,61.744462429484109,61.909411347110996,61.682610517972677,61.881919860839844,446500
2010-04-22,61.95751742687851,62.02624351781752,61.716973486859679,61.737590789794922,169300
2010-04-23,61.586378865288211,61.634487644403663,61.503904425320151,61.565761566162109,174200
2010-04-26,61.703300059805024,61.723917387779522,61.545230383019863,61.607082366943359,161900
2010-04-27,61.888757461802534,62.225518793506254,61.820026165018227,62.184284210205078,442800
2010-04-28,61.964409798401562,62.053753218502187,61.758226221595606,61.868186950683594,409700
2010-04-29,61.861310798623073,62.012511371526003,61.778836328821768,61.971271514892578,350500
2010-04-30,62.046857347490203,62.356132604600049,62.039983165741717,62.349258422851562,423200
2010-05-03,62.158330983907959,62.234159468831002,62.116971904601897,62.185905456542969,300500
2010-05-04,62.565044273908619,62.654657360335982,62.461641322312374,62.606403350830078,355000
2010-05-05,62.854589331860829,63.137218550743611,62.716722189863525,62.847694396972656,672000
2010-05-06,62.895903192164681,64.150512215570728,62.799395210309648,63.536994934082031,902400
2010-05-07,63.371568546076332,63.93683197146315,63.268165609627999,63.364673614501953,3856500
2010-05-10,62.723589223852599,63.013118532405251,62.716699550745766,62.88214111328125,836200
2010-05-11,63.013091879929611,63.047556008763891,62.751137152479885,62.957942962646484,891400
2010-05-12,62.882119897897049,62.964838021610838,62.758037453035683,62.799396514892578,424000
2010-05-13,62.971759796142571,63.026908741655198,62.654661248384372,62.971759796142578,420300
2010-05-14,63.254400308858131,63.564603953574888,63.213035966080717,63.378482818603516,488700
2010-05-17,63.371539782970792,63.647279068583053,63.21298798447468,63.240562438964844,535100
2010-05-18,63.268135833567392,63.750680890127462,63.240561379539159,63.702426910400391,1711400
2010-05-19,63.716232182740512,64.033330618024905,63.681762789198075,63.757591247558594,839700
2010-05-20,64.253961596396678,64.543485751348243,64.143668934207938,64.378044128417969,1221600
2010-05-21,64.895023246382522,64.943277249487565,64.295290414112444,64.412483215332031,1196200
2010-05-24,64.467626890815026,64.571029828694961,64.336654744839549,64.412483215332031,2949400
2010-05-25,64.819170020899634,64.936357518072441,64.536541041877584,64.633049011230469,1064000
2010-05-26,64.426246749618713,64.522754724267131,64.184976812997647,64.5020751953125,551600
2010-05-27,64.026500924087927,64.04029079927183,63.812805192405108,63.888633728027344,522800
2010-05-28,64.040203061183078,64.205644521652474,63.916120651008725,64.178070068359375,511700
2010-06-01,64.399252273801466,64.419989702739883,64.102003486314672,64.260993957519531,978900
2010-06-02,64.233446178040396,64.30948705647134,63.86707027688621,63.894721984863281,519100
2010-06-03,63.694248519179339,63.984583530332031,63.652773595878614,63.804855346679688,274300
2010-06-04,64.420130071530494,64.710465257327641,64.350998125746145,64.689727783203125,728300
2010-06-07,64.613622754399472,64.966175286805282,64.579056815802559,64.952346801757812,413800
2010-06-08,64.75873766220694,64.92464243001983,64.72417175165458,64.751823425292969,604300
2010-06-09,64.572131495009614,64.834814630150106,64.496090668570446,64.758773803710938,264000
2010-06-10,64.489155892585828,64.516807572851377,64.129689323152419,64.157341003417969,655200
2010-06-11,64.454609310208767,64.675817544677159,64.288704452862547,64.565216064453125,404800
2010-06-14,64.240313221343143,64.516824823915954,64.157358158365255,64.509910583496094,627700
2010-06-15,64.523757566776482,64.585975205441613,64.219599438484821,64.309463500976562,1114400
2010-06-16,64.503004727171003,64.544484901061608,64.302533921099041,64.489181518554688,621900
2010-06-17,64.558305859878857,64.890120869336087,64.558305859878857,64.793342590332031,792500
2010-06-18,64.751843687224593,64.779495369515658,64.655065436215423,64.661979675292969,463400
2010-06-21,64.309521929249172,64.641337330881782,64.288784455527178,64.613685607910156,569100
2010-06-22,64.661978034360615,65.028353585886222,64.627412113869184,65.000701904296875,549200
2010-06-23,65.0629552924877,65.346375955133098,65.049126807077542,65.242683410644531,632500
2010-06-24,65.374012618233778,65.436230240227843,65.097500987859405,65.187370300292969,1075100
2010-06-25,65.125179352981263,65.450080256196074,65.111356139109986,65.291084289550781,455400
2010-06-28,65.519159508908956,65.761105131921809,65.519159508908956,65.754196166992188,924300
2010-06-29,65.906344894791275,66.086078386735807,65.878698456668872,66.037689208984375,920400
2010-06-30,66.092977897862625,66.134452819824219,65.899421230010319,66.134452819824219,891500
2010-07-01,66.139971935234826,66.424129181494905,66.077592601154734,66.105316162109375,1293700
2010-07-02,65.987525939941406,66.133070737412822,65.897428290382265,65.987525939941406,1072400
2010-07-06,65.952874781248752,66.237032157938913,65.876636275561651,66.146934509277344,914100
2010-07-07,66.195442052841287,66.202368979689851,65.918211634716087,65.939002990722656,473900
2010-07-08,65.737960677155982,65.86964621455887,65.640930898351655,65.779548645019531,508400
2010-07-09,65.689496295801518,65.744943437101469,65.606330871582031,65.606330871582031,439800
2010-07-12,65.717185974121094,65.883522024505993,65.668671072436837,65.717185974121094,685200
2010-07-13,65.585485649507845,65.613209199623356,65.377566955231273,65.391426086425781,679700
2010-07-14,65.620156170752594,65.828080199529495,65.495402811031994,65.717185974121094,566500
2010-07-15,65.855748142964373,66.181493071516414,65.855748142964373,66.056739807128906,703600
2010-07-16,66.112189931886618,66.479517536297379,66.112189931886618,66.437934875488281,864200
2010-07-19,66.34096320146628,66.42412859586841,66.202345397915181,66.264724731445312,489800
2010-07-20,66.465685162983746,66.611229822118162,66.320140503849331,66.333999633789062,895900
2010-07-21,66.382530112140969,66.819169479828417,66.375597901679839,66.756790161132812,470700
2010-07-22,66.569673448201087,66.569673448201087,66.382540749853774,66.389472961425781,656800
2010-07-23,66.438025753917898,66.486540687131821,65.945944206253486,66.174659729003906,799500
2010-07-26,66.146912186044091,66.223150666002255,66.001367439141021,66.153839111328125,626300
2010-07-27,65.938946104568828,66.091422967380964,65.911222557900629,65.925086975097656,528200
2010-07-28,65.966752967691008,66.264774861120443,65.911305804324471,66.209327697753906,933000
2010-07-29,66.181574234419301,66.479595993288896,66.139991524535688,66.347915649414062,737300
2010-07-30,66.694386874385231,66.777552212528846,66.555769164604271,66.735969543457031,563600
2010-08-02,66.564372007624542,66.654706963818072,66.487932697899879,66.529624938964844,1160900
2010-08-03,66.73115217379646,66.890981281441185,66.703355576742652,66.842338562011719,911900
2010-08-04,66.814533240821149,66.828428886704273,66.564369201660156,66.564369201660156,777600
2010-08-05,66.793690616617511,66.911822168609461,66.731146952725169,66.884025573730469,817400
2010-08-06,67.182792124813275,67.328720184329143,67.078556281829037,67.321769714355469,438400
2010-08-09,67.231490664428421,67.32182564251184,67.196743587348848,67.307929992675781,464800
2010-08-10,67.27313059121731,67.697019153925581,67.210592263107316,67.64837646484375,641200
2010-08-11,67.891641385712347,68.051470514823976,67.849949135361271,68.030624389648438,911200
2010-08-12,68.072297155355045,68.079247628977257,67.787391356740102,67.856880187988281,1701100
2010-08-13,67.988928800843567,68.16265358453542,67.947236549288618,68.148757934570312,705800
2010-08-16,68.558766357338072,68.662997009298294,68.475376534109074,68.64215087890625,1453200
2010-08-17,68.46149790993725,68.475398869173333,68.169641385930248,68.294723510742188,774300
2010-08-18,68.475353292099484,68.558743087024197,68.197392610676133,68.225189208984375,1148600
2010-08-19,68.20434902213789,68.635183079267563,68.183502897007031,68.530952453613281,684100
2010-08-20,68.524010806318117,68.572653538443504,68.273846669198932,68.30859375,306000
2010-08-23,68.280763729417529,68.447537971991764,68.211274903483059,68.398895263671875,575600
2010-08-24,68.774174164025425,69.066030553470171,68.68383387563054,68.940948486328125,973400
2010-08-25,69.121604891349989,69.253637398860818,68.565683566559969,68.628227233886719,690100
2010-08-26,68.662987748050213,68.940948486328125,68.593498888895766,68.940948486328125,845000
2010-08-27,68.642135684056001,68.885349320892644,68.030626354058185,68.148757934570312,1014100
2010-08-30,68.371153061265858,68.676910500592385,68.315559835631618,68.669960021972656,463500
2010-08-31,68.947858014565384,69.031242475364593,68.801929906509812,68.975654602050781,1276700
2010-09-01,68.715848842814168,68.750682603636662,68.214272450330228,68.478996276855469,1268700
2010-09-02,68.318722871946576,68.332653178057257,68.15153262420769,68.193328857421875,1273500
2010-09-03,67.656922898918822,67.921641228297219,67.629056972423939,67.803215026855469,1308300
2010-09-07,68.165502485235876,68.360558773265069,68.081909970300643,68.33966064453125,778200
2010-09-08,68.158566201605851,68.270030026264209,68.005311415032139,68.151603698730469,1124900
2010-09-09,67.845048113354864,67.900779996618837,67.580329640178405,67.615158081054688,929300
2010-09-10,67.427034644011087,67.503664615029578,67.280742512489098,67.420066833496094,725300
2010-09-13,67.378285418173064,67.782333478787649,67.378285418173064,67.740531921386719,1450100
2010-09-14,67.865949450547134,68.123705436669752,67.858986950973545,68.0819091796875,590900
2010-09-15,67.991354493758649,68.151582362821301,67.81022849283697,67.845062255859375,900600
2010-09-16,67.768353777387333,67.824085607751073,67.475769640297486,67.608131408691406,2902900
2010-09-17,67.810177616932336,67.949507249601183,67.691751415325342,67.76141357421875,1738600
2010-09-20,67.865963006162076,67.970458984375,67.719670762618463,67.970458984375,619900
2010-09-21,68.165488245916109,68.611332615387525,67.928635749896216,68.6043701171875,1279500
2010-09-22,68.799412653291014,68.980533238310045,68.660082993795911,68.708847045898438,978800
2010-09-23,69.064137132248959,69.064137132248959,68.653126558933806,68.806381225585938,514000
2010-09-24,68.520789261743872,68.590451465172379,68.437191428698384,68.465057373046875,1317500
2010-09-27,68.715814685555358,69.001436500642924,68.715814685555358,68.994468688964844,782100
2010-09-28,69.015350564106555,69.314902617157884,69.008382754068577,69.224342346191406,776000
2010-09-29,69.238285313767406,69.273119055445918,69.022330997032384,69.057159423828125,820400
2010-09-30,69.008446006060396,69.015413822484945,68.548671104886211,68.973617553710938,813200
2010-10-01,68.787133981132939,69.094371636482876,68.69635473944885,69.010581970214844,846600
2010-10-04,69.150285284522298,69.296922634615939,69.101406167824422,69.255027770996094,1260800
2010-10-05,69.296837290136381,69.338737429577094,69.192094932661007,69.268905639648438,1092900
2010-10-06,69.743797765275701,69.911387823726727,69.653023812514959,69.715866088867188,614400
2010-10-07,69.771714179362689,69.869472361696921,69.708871916756991,69.785682678222656,534700
2010-10-08,69.967207147559918,70.092896958163038,69.806606756323461,69.813591003417969,868200
2010-10-11,69.911354514663046,69.967212513444125,69.799627862260863,69.8834228515625,400300
2010-10-12,69.89739484840517,70.009121514919954,69.639036255075894,69.680931091308594,991900
2010-10-13,69.464467334212031,69.708862757937297,69.352740667697233,69.680931091308594,473800
2010-10-14,69.65299846274084,69.694893298394959,69.234034123937803,69.282913208007812,955100
2010-10-15,69.185158982466135,69.234038069321585,68.863952793498811,68.982658386230469,807100
2010-10-18,69.289904630785273,69.471452489031222,69.192141125102083,69.31085205078125,1149600
2010-10-19,69.220088282101585,69.646037008728982,69.206125108120418,69.54827880859375,763700
2010-10-20,69.387664942525717,69.659992065689124,69.331801602538022,69.506370544433594,615100
2010-10-21,69.38769328030169,69.450535567886504,69.122344970703125,69.122344970703125,594300
2010-10-22,69.045491351164131,69.20609708774397,69.038512430710369,69.14324951171875,643600
2010-10-25,69.408640709496638,69.478467249287604,69.09441328930204,69.122344970703125,1436800
2010-10-26,68.898879747713039,68.933795672654895,68.661468505859375,68.661468505859375,831800
2010-10-27,68.514807389776593,68.563686471247991,68.256443486330411,68.263427734375,1223500
2010-10-28,68.521810133514109,68.724310777848103,68.486899535994425,68.661468505859375,738700
2010-10-29,68.808111371107785,69.017590955449279,68.773195443339574,68.968711853027344,768600
2010-11-01,69.182124631626721,69.182124631626721,68.804161416272365,68.853157043457031,1042700
2010-11-02,69.028168641494474,69.105162562307129,68.986168559153541,69.084159851074219,356700
2010-11-03,69.315136889595308,69.427129981372133,68.888172572414135,69.308135986328125,912000
2010-11-04,69.714153232084371,69.959131621940614,69.714153232084371,69.868141174316406,1092500
2010-11-05,69.770102145845058,69.88909080531144,69.574119567871094,69.574119567871094,1108100
2010-11-08,69.679125759327505,69.763115258119043,69.51813698643403,69.595130920410156,469400
2010-11-09,69.595147854273364,69.630147047369704,68.986197139236012,69.007194519042969,744600
2010-11-10,69.049163850672386,69.32214034677952,68.636195984686779,69.266143798828125,1298900
2010-11-11,69.308128962685444,69.343128135350042,69.000158671757788,69.189140319824219,403500
2010-11-12,69.021193874507318,69.154184395385116,68.608225839210078,68.615226745605469,2041400
2010-11-15,68.216252649100198,68.405239719073052,67.72629606051558,67.733291625976562,1174200
2010-11-16,68.034282950380089,68.272265736808038,67.649318491930543,68.237266540527344,954600
2010-11-17,68.258232099655473,68.433217319224056,67.957257308392514,68.041252136230469,580200
2010-11-18,67.866262475107376,67.929259926894204,67.614283348209554,67.880264282226562,2968200
2010-11-19,67.873299547727626,68.027287467348913,67.838300351403674,68.020286560058594,530600
2010-11-22,68.230309935306224,68.391293513818496,68.153315931624491,68.384292602539062,495400
2010-11-23,68.65725434837303,68.755251064407943,68.447275117202565,68.524269104003906,659400
2010-11-24,68.237207159374407,68.272206325198241,67.740249977389169,67.78924560546875,1112700
2010-11-26,67.971309882192941,68.09029863873873,67.908312379232214,68.083297729492188,210100
2010-11-29,68.279296595529203,68.321291377385393,68.10431121762177,68.230300903320312,527800
2010-11-30,68.601237679019647,68.615234153194535,68.286260938745784,68.349258422851562,874200
2010-12-01,67.646893055076447,67.836338479254152,67.415344484125512,67.450424194335938,1967700
2010-12-02,67.408288714520651,67.604752112194348,67.267959245675456,67.281990051269531,983500
2010-12-03,67.710033568539842,67.738100546085221,67.218874844567267,67.289039611816406,374500
2010-12-06,67.611828336314844,67.717078205074401,67.478511479004027,67.710060119628906,902000
2010-12-07,67.113584777281432,67.176731423975781,66.42595762277702,66.58734130859375,1335700
2010-12-08,66.131341463137758,66.159408457340163,65.555981465067845,66.019073486328125,2155300
2010-12-09,66.187429767798832,66.313728477920165,65.885716479910556,66.15936279296875,1664700
2010-12-10,65.941861835337434,66.019039337934217,65.598045349121094,65.598045349121094,1002400
2010-12-13,65.499770974859899,65.997947495325633,65.401539286499073,65.808502197265625,1323400
2010-12-14,65.534900863320345,65.689266580162368,64.903407182252593,65.113906860351562,1878500
2010-12-15,65.282304960631521,65.401585616248795,64.622744283075889,64.847274780273438,1871900
2010-12-16,64.875352692864894,65.247230889643362,64.594688185769556,65.233200073242188,1351000
2010-12-17,65.394579955088517,65.864695289687077,65.338451335048816,65.794525146484375,1361700
2010-12-20,66.040103605767825,66.208500156192684,65.640158452740138,65.787506103515625,804000
2010-12-21,65.899797078672051,65.934882162023811,65.58405274143476,65.927864074707031,848500
2010-12-22,65.892698945854278,65.920760552288513,65.65413246536167,65.745346069335938,308900
2010-12-23,65.633135638706023,65.633135638706023,65.422635950921887,65.51385498046875,540600
2010-12-27,65.5138211035989,65.79448007121114,65.33840657222791,65.76641845703125,407100
2010-12-28,65.652501246847237,65.687679401890222,65.075614929199219,65.075614929199219,955200
2010-12-29,65.152999926559275,65.919834294926616,65.054507537364074,65.807273864746094,1362200
2010-12-30,65.680613056300047,65.772068703732643,65.455486920947877,65.673576354980469,529800
2010-12-31,65.729915176467074,66.236450754003059,65.715847129284413,66.004287719726562,674300
2011-01-03,65.561022480494529,65.983133355261913,65.455493419944943,65.800216674804688,1396100
2011-01-04,65.884620417561379,66.046426941423363,65.765023357762644,65.954971313476562,1234100
2011-01-05,65.469564339003099,65.546951962317905,65.110773031741232,65.244438171386719,1111900
2011-01-06,65.434338601640661,65.631323167942696,65.314736228591372,65.582077026367188,1452400
2011-01-07,65.638368978420942,66.137867160163808,65.553944709386286,66.018264770507812,736500
2011-01-10,66.137917275697347,66.243446350097656,66.004246756961507,66.243446350097656,1096400
2011-01-11,66.158973133287219,66.158973133287219,65.821281418207562,65.98309326171875,760400
2011-01-12,65.715807738168436,65.912792485259914,65.596205255349915,65.793190002441406,753000
2011-01-13,65.772055947472595,66.236381530761719,65.750951215037517,66.236381530761719,1051500
2011-01-14,66.363040190051279,66.433391113704687,66.032384944705711,66.053489685058594,734500
2011-01-18,65.905768786154752,66.018329220660036,65.6665691407526,65.891700744628906,1063800
2011-01-19,65.863501227550458,66.109731992917062,65.856464529274803,66.06048583984375,732200
2011-01-20,65.772077459266114,65.821323640197818,65.385144714068801,65.546951293945312,697000
2011-01-21,65.497704158484339,65.765045166015625,65.413285202363795,65.765045166015625,523900
2011-01-24,65.79318420775563,65.891681940058049,65.729869987809053,65.772079467773438,497800
2011-01-25,65.898731197844953,66.257527977419571,65.715819823297934,66.102752685546875,1126500
2011-01-26,65.962025479390661,65.96905681364349,65.638406978546399,65.70172119140625,869900
2011-01-27,65.757966226838349,65.990128941911493,65.610227781090245,65.947914123535156,531500
2011-01-28,65.786129914415483,66.355979164791677,65.772056514384531,66.250450134277344,1056600
2011-01-31,66.180075456205643,66.278567751313687,65.912739993402013,65.990127563476562,555100
2011-02-01,65.76799359124287,65.845575569115624,65.605775260896777,65.683357238769531,1009200
2011-02-02,65.852621852712588,65.887882959560699,65.422396530427534,65.528190612792969,1120000
2011-02-03,65.302467413483072,65.429419185035826,65.126145807488044,65.15435791015625,1310900
2011-02-04,64.985141623688136,65.07682699356026,64.639552511648859,64.752395629882812,1523900
2011-02-07,64.583096437814532,64.74531473017413,64.505514478109063,64.724151611328125,850700
2011-02-08,64.674797448368878,64.731221683823108,64.230468701217077,64.279838562011719,997200
2011-02-09,64.406806076724749,64.780607310990518,64.25164208191724,64.6466064453125,786000
2011-02-10,64.576022171074683,64.674761838297684,64.378542836628682,64.434967041015625,617000
2011-02-11,64.717120691132948,64.900491391723733,64.604272216081881,64.731224060058594,1492700
2011-02-14,64.639552511648859,64.900505249328219,64.639552511648859,64.752395629882812,1311100
2011-02-15,64.731207260604037,64.914583294515367,64.710049522250813,64.900474548339844,603700
2011-02-16,64.82998038109632,64.999253137005027,64.660713006100437,64.808822631835938,620100
2011-02-17,65.055632975957309,65.154372667205763,64.963947657200777,65.048583984375,776500
2011-02-18,64.879290486188182,65.041508715928686,64.787605196887483,65.034454345703125,418400
2011-02-22,65.253125704695464,65.669247672274594,65.217864596843114,65.662193298339844,1383500
2011-02-23,65.648101964920087,65.767999439234998,65.450622505833934,65.499992370605469,651700
2011-02-24,65.697447338974968,65.838502505479141,65.591653273641995,65.669235229492188,508800
2011-02-25,65.648075368009202,65.880821228027344,65.648075368009202,65.880821228027344,571900
2011-02-28,65.88792226069333,65.937292144457516,65.824449001959579,65.8526611328125,372400
2011-03-01,65.552875863480736,65.955821165803314,65.52459833781414,65.927543640136719,530800
2011-03-02,65.814477714902225,65.948794703631123,65.581192016601562,65.581192016601562,425400
2011-03-03,65.355000937789328,65.390349229865024,65.121720547622971,65.135856628417969,616800
2011-03-04,65.291354147454825,65.616537808491344,65.270147338120481,65.602401733398438,637300
2011-03-07,65.326722150267585,65.673112725228918,65.291373861777174,65.439826965332031,489600
2011-03-08,65.404446732980901,65.475143275433183,65.277200507311349,65.284271240234375,538100
2011-03-09,65.432737561053841,65.786198771549408,65.347910322304543,65.666023254394531,626000
2011-03-10,65.842725824502168,66.224464416503906,65.743757159174436,66.224464416503906,1576500
2011-03-11,66.231503073353835,66.259780591665816,65.977010801931172,66.06890869140625,690300
2011-03-14,66.266853393865944,66.436518522857511,66.217369079589844,66.217369079589844,806200
2011-03-15,66.825368548339654,66.917271905149306,66.429493760204224,66.457771301269531,1661100
2011-03-16,66.790019915629415,67.362625241072777,66.676909761108291,67.023300170898438,1588800
2011-03-17,66.825346182907396,66.959663109666423,66.634479586333526,66.818275451660156,639900
2011-03-18,66.613251745659753,66.818254346588716,66.592039558618083,66.775840759277344,1513200
2011-03-21,66.556743008991873,66.577949817402768,66.266902245003578,66.429496765136719,1029000
2011-03-22,66.30924162062108,66.471830552102062,66.295100169737282,66.464759826660156,573500
2011-03-23,66.655704147652472,66.683981686788513,66.295172265404389,66.3800048828125,696900
2011-03-24,66.189110027710129,66.281013346571982,66.012379514067788,66.040657043457031,1098100
2011-03-25,66.153785719835625,66.182063257157864,65.814460665357487,65.863945007324219,782400
2011-03-28,65.77201949803289,65.941679257491273,65.708393717369432,65.885124206542969,634900
2011-03-29,65.807402568144411,65.977067824654739,65.602399821626605,65.694297790527344,1047300
2011-03-30,65.708438080226145,65.941723777850129,65.687231270149454,65.920516967773438,773500
2011-03-31,66.033616871059664,66.054823677836538,65.722569322627365,65.750846862792969,1093100
2011-04-01,65.593489712418176,65.891189575195312,65.572226209049603,65.891189575195312,1062700
2011-04-04,65.9833175363392,66.139257067707817,65.933700904340768,66.040023803710938,886100
2011-04-05,65.940764980312792,65.983291960453997,65.643065303713982,65.706855773925781,777000
2011-04-06,65.621852223642961,65.621852223642961,65.395032475640733,65.423385620117188,857500
2011-04-07,65.437517184757709,65.550929689345196,65.295756961829213,65.430427551269531,743800
2011-04-08,65.217795952735273,65.359556194652413,65.16817932728361,65.239059448242188,595100
2011-04-11,65.260354160605544,65.402114470332791,65.182384367912803,65.324150085449219,364200
2011-04-12,65.600612955095698,65.827432786902435,65.586433673713884,65.692756652832031,1055400
2011-04-13,65.558027172960408,65.9478759765625,65.53676367600157,65.9478759765625,678700
2011-04-14,66.054179334370986,66.054179334370986,65.728126525878906,65.728126525878906,1036300
2011-04-15,66.110966312684596,66.238552830750947,66.025912239181963,66.210205078125,881400
2011-04-18,66.160545953159229,66.451161629098976,66.018785638140898,66.373191833496094,902400
2011-04-19,66.36611049919938,66.522050109916492,66.344846990067055,66.458259582519531,532000
2011-04-20,66.366043790834908,66.380223054544089,66.174666993197874,66.195930480957031,708200
2011-04-21,66.252649325586304,66.408588809229059,66.22429620057801,66.245559692382812,670600
2011-04-25,66.323583095267793,66.500786214086801,66.28814030837998,66.479522705078125,826200
2011-04-26,66.557429158380117,66.762985229492188,66.521986405227921,66.762985229492188,519700
2011-04-27,66.536217900271978,66.607098054412134,66.387367954234875,66.5716552734375,1379500
2011-04-28,66.75593260634561,66.876429381377918,66.62834619519144,66.826812744140625,975600
2011-04-29,66.734674741018836,66.968584082521303,66.706321601945049,66.961494445800781,436000
2011-05-02,66.89822117864361,67.075877386452134,66.855585423693483,66.94085693359375,632300
2011-05-03,67.090087165482629,67.154040792423118,66.9905947097362,67.118507385253906,1660700
2011-05-04,67.125624025099853,67.353023764789754,67.125624025099853,67.289070129394531,1169500
2011-05-05,67.438282940896514,67.644364747851171,67.402749538387226,67.623046875,898400
2011-05-06,67.345900362736899,67.786489628063109,67.310372380755936,67.658576965332031,1034800
2011-05-09,67.672808015189574,67.786505173894085,67.658592481828109,67.758079528808594,559600
2011-05-10,67.608831401355204,67.651467147092859,67.409857359064773,67.431175231933594,661600
2011-05-11,67.402795273335315,67.701256539039179,67.33884161138721,67.672836303710938,611100
2011-05-12,67.694174598693095,67.758128279921223,67.424133486908559,67.52362060546875,652000
2011-05-13,67.701260194901366,68.013937016793591,67.672839958038438,67.786537170410156,494100
2011-05-16,67.807845786978262,67.964184176546993,67.694148590153262,67.949974060058594,590800
2011-05-17,68.099182257460811,68.198669305039189,68.013905321691851,68.14892578125,986400
2011-05-18,68.077863969792219,68.099181848196977,67.758079528808594,67.758079528808594,790700
2011-05-19,67.502268114584041,67.857580619230021,67.473842463615739,67.829154968261719,718000
2011-05-20,67.829115298265663,68.013879210680813,67.822012955906331,67.992561340332031,669600
2011-05-23,68.262647736233546,68.283965622509882,68.049463451830704,68.084991455078125,928000
2011-05-24,67.999713256160902,68.205795172732692,67.964179834751022,68.156051635742188,639300
2011-05-25,68.234238935922306,68.276880140647677,68.077905924065163,68.163177490234375,1345600
2011-05-26,68.255526400229968,68.539772033691406,68.234203098246226,68.539772033691406,806200
2011-05-27,68.461609859506112,68.582420229884121,68.440291976980134,68.532676696777344,943800
2011-05-31,68.411859577803227,68.667684986155606,68.376331584310819,68.639259338378906,2917900
2011-06-01,68.891449377469428,69.226289773801071,68.862957179599633,69.204917907714844,2997200
2011-06-02,68.927095231217436,69.105201420445383,68.784612453982888,68.791732788085938,1744400
2011-06-03,69.240529807681298,69.240529807681298,68.877191838460277,69.062423706054688,1531200
2011-06-06,68.898588208981153,69.083820142464603,68.841592931698742,69.019699096679688,1106900
2011-06-07,68.877237351516726,69.162208389497309,68.756126426870367,69.147956848144531,1710300
2011-06-08,69.190633709367305,69.397237360048734,69.162136091821793,69.297492980957031,1471600
2011-06-09,69.318921584727946,69.375911426641551,68.948457717761073,69.019699096679688,1016900
2011-06-10,69.183567155095872,69.375919443941839,69.176441385769891,69.240562438964844,1020500
2011-06-13,69.076698474356064,69.333171801982374,69.033954731541385,69.090950012207031,1009900
2011-06-14,68.72758263466811,68.784577891070739,68.535225003150941,68.542350769042969,2088800
2011-06-15,68.713345237805299,69.290412815697707,68.713345237805299,69.283287048339844,1352300
2011-06-16,69.375930815405567,69.582534676768091,69.261945664353661,69.475669860839844,1958400
2011-06-17,69.326065087290033,69.468553328116997,69.276195561843252,69.425804138183594,998000
2011-06-20,69.518409643471557,69.518409643471557,69.219192547649001,69.318931579589844,774100
2011-06-21,69.269090446885301,69.340331865267402,69.105230292771836,69.226341247558594,1064900
2011-06-22,69.383046900800892,69.425790647057511,69.098075909894419,69.19781494140625,1119300
2011-06-23,69.504161937918553,69.725017322571389,69.504161937918553,69.5611572265625,1264700
2011-06-24,69.596767651137654,69.952979985623372,69.582516113951655,69.853240966796875,997200
2011-06-27,69.910249573480939,69.924501114492088,69.546916808251879,69.582534790039062,1185700
2011-06-28,69.475633058499682,69.497010358657704,68.813078073154756,68.941314697265625,1315300
2011-06-29,68.805974759367615,68.870090369596838,68.485380402115112,68.528129577636719,1376300
2011-06-30,68.677716744809828,68.684842511075459,68.050779762245341,68.293006896972656,1948200
2011-07-01,68.386596109037626,68.415162591839788,68.022380263934338,68.122360229492188,1921800
2011-07-05,68.408015328581868,68.572265783792488,68.372305865188707,68.55084228515625,2896800
2011-07-06,68.722276993013125,68.843680514233341,68.615153995494467,68.672286987304688,1234900
2011-07-07,68.43660176766582,68.458025272549762,68.3080552898614,68.408035278320312,1289100
2011-07-08,68.972201241756565,69.200727675078923,68.94363475652878,69.136451721191406,1278100
2011-07-11,69.450655885457891,69.672039266097741,69.364956456582021,69.664901733398438,1158800
2011-07-12,69.764877319335938,69.786300813092438,69.529207991018581,69.764877319335938,1205400
2011-07-13,69.622004312838143,69.886239961445838,69.486320448737743,69.879096984863281,1247900
2011-07-14,69.622052097402559,69.786307980569006,69.472082177206303,69.479225158691406,959000
2011-07-15,69.379238086225158,69.800581326097472,69.364952124722222,69.764877319335938,874200
2011-07-18,69.829153565773041,69.914852996372389,69.672040667256738,69.722030639648438,883600
2011-07-19,69.650595015872327,69.986244201660156,69.586324549741022,69.986244201660156,1211400
2011-07-20,69.779221314549432,69.829211328292729,69.607827760072837,69.643531799316406,752900
2011-07-21,69.479188142210759,69.55774455119888,69.122115537172263,69.257804870605469,1211000
2011-07-22,69.407803760767308,69.529207189653519,69.372094305919433,69.522064208984375,813700
2011-07-25,69.272168976935475,69.643522536996656,69.215035983540787,69.300735473632812,1541700
2011-07-26,69.407839483791335,69.67921295541376,69.379272994909925,69.593513488769531,655600
2011-07-27,69.493505673163128,69.657761556329575,69.322112257010062,69.479225158691406,1066600
2011-07-28,69.693480218074356,69.729189684508398,69.557796232324122,69.61492919921875,671500
2011-07-29,70.007673104102949,70.550425136890681,69.986249613735822,70.457588195800781,1602200
2011-08-01,70.377459473498035,70.864253239218073,70.370304677269047,70.713920593261719,2389600
2011-08-02,70.957263680219,71.436896805943022,70.828406448954269,71.365310668945312,2287600
2011-08-03,71.365318894496113,71.680299025924995,71.293727287574612,71.422584533691406,1922600
2011-08-04,71.522799180835236,72.381843696907964,71.49416363540989,72.367523193359375,2813700
2011-08-05,71.802041558821742,72.231564131735738,71.436944914090716,71.530006408691406,3041500
2011-08-08,72.023949287748493,72.76129725908811,71.973838419647976,72.668235778808594,5178100
2011-08-09,72.453480378828004,74.278958076167797,72.30314775671512,73.090606689453125,3768400
2011-08-10,73.627499604967383,74.228835459970057,73.362630224814524,74.057022094726562,2768900
2011-08-11,73.570171480144424,73.75629975077301,72.782713282105789,72.968841552734375,2344700
2011-08-12,73.197967737115917,73.512953404698379,73.112061065500498,73.477157592773438,1176300
2011-08-15,73.398407074609239,73.534424598314914,73.197963647047473,73.205123901367188,986300
2011-08-16,73.24092481260449,73.756353964484788,73.226609763574288,73.541595458984375,2025400
2011-08-17,73.670455677115655,74.057022094726562,73.462851957035852,74.057022094726562,826200
2011-08-18,74.550970236447611,74.966177644719806,74.271780366461854,74.443588256835938,2211800
2011-08-19,74.429254532917284,74.522315979003906,74.17870028447409,74.522315979003906,683200
2011-08-22,74.193018148214762,74.414936853599713,74.150067550184943,74.386306762695312,913600
2011-08-23,74.164386361782221,74.543797894774329,74.064164653507831,74.085639953613281,1414200
2011-08-24,73.971113094252189,73.985428142346251,73.291030883789062,73.291030883789062,1089800
2011-08-25,73.484312747428945,73.820773694145188,73.419881382770612,73.742027282714844,1391200
2011-08-26,74.071346056363666,74.286104580409656,73.74920007778212,73.978279113769531,1080300
2011-08-29,73.398418659878416,73.627497679203287,73.398418659878416,73.491485595703125,1106000
2011-08-30,73.870852870625654,74.150042587175108,73.849377578840517,73.999710083007812,693800
2011-08-31,74.171545918199044,74.178706172058014,73.720548235205484,73.73486328125,1069300
2011-09-01,73.935043902640459,74.329647827865543,73.540434503571575,74.322471618652344,1566800
2011-09-02,74.795992590131249,75.090156915052688,74.623801909650169,75.004058837890625,1137900
2011-09-06,75.341280717861608,75.37715081665462,75.032769404253742,75.104515075683594,1200500
2011-09-07,74.81035931287623,74.96820309248632,74.645344796988951,74.702743530273438,945800
2011-09-08,74.93948964450189,75.090162659522889,74.752952007144998,75.068634033203125,935700
2011-09-09,75.204935179361811,75.542145744522173,75.147536471708563,75.434524536132812,1014200
2011-09-12,75.362784516812141,75.463229525785863,75.190593854834674,75.204940795898438,2177800
2011-09-13,75.125997062569951,75.197742694685019,74.917930897747681,74.982505798339844,932600
2011-09-14,74.982550308598832,75.197787332710476,74.831882749567455,75.025596618652344,1214000
2011-09-15,74.465965270996094,74.602285871038077,74.32964467095411,74.465965270996094,1037900
2011-09-16,74.322470770369279,74.630982076889978,74.293776881531585,74.609458923339844,699000
2011-09-19,75.161898445900263,75.355612266567249,75.11884667276324,75.219291687011719,896500
2011-09-20,75.204988574964517,75.319786071777344,75.126066664367173,75.319786071777344,1005000
2011-09-21,75.291028272440911,75.743030749238415,75.183407071153397,75.642585754394531,929500
2011-09-22,76.273967255578341,76.525085256630774,76.051554084884231,76.345718383789062,3436500
2011-09-23,76.302686374487337,76.367261311833389,75.707186888696313,75.714363098144531,1764700
2011-09-26,75.578040926823476,75.692838380248048,75.334104549062033,75.398674011230469,1214800
2011-09-27,74.853422796443354,74.982567229591453,74.738625311936005,74.896469116210938,1159700
2011-09-28,74.839099332398987,74.910850524902344,74.473194525099629,74.910850524902344,1270500
2011-09-29,74.781706041782741,75.118911466850221,74.688431681067343,74.910850524902344,1096000
2011-09-30,75.384353637695312,75.456099334452418,75.118888538463636,75.384353637695312,1604500
2011-10-03,75.543213891926555,76.0823974609375,75.464133196349579,76.0823974609375,2105600
2011-10-04,76.24776577997055,76.391551396994927,75.694206237792969,75.694206237792969,2056100
2011-10-05,75.615141374110081,75.658274325830988,75.313199742340515,75.377899169921875,1174300
2011-10-06,75.183764114305191,75.277220632428737,74.831493538977853,74.853065490722656,1336400
2011-10-07,74.46484375,74.680513877988929,74.22760167283937,74.46484375,2276300
2011-10-10,73.825006565864271,73.997543750082272,73.422412489544698,73.681221008300781,803900
2011-10-11,74.033466422523816,74.098165787858676,73.84654800346253,73.925628662109375,978400
2011-10-12,73.62368767334857,73.796224799923991,73.364879241057253,73.67401123046875,2324400
2011-10-13,73.904081135672143,74.220398366419857,73.832185620410726,73.968780517578125,1474100
2011-10-14,73.587766520264324,73.753113059907577,73.494310018938066,73.602142333984375,703100
2011-10-17,73.731500460369233,74.105337201467464,73.731500460369233,74.083770751953125,1274600
2011-10-18,74.162906877978159,74.371386369168846,73.839393438649012,74.004745483398438,912600
2011-10-19,73.911281265564497,74.256361160177988,73.860957685606152,74.119766235351562,733400
2011-10-20,74.026294735844161,74.3713690757249,73.767486238504745,73.968780517578125,700200
2011-10-21,73.904094625063877,74.040684062304607,73.702794824390381,73.832199096679688,1276000
2011-10-24,73.875291887173191,73.911234144309518,73.709939952808952,73.796211242675781,1381500
2011-10-25,73.731556687054322,74.457658788597158,73.724371521640165,74.428901672363281,1020200
2011-10-26,74.220442477643559,74.400170402898794,73.868177279904359,73.882553100585938,989900
2011-10-27,73.429633027149023,73.559037339199293,72.868882836551336,72.991096496582031,1636600
2011-10-28,73.257096837284053,73.523090632409208,73.242715533035906,73.429634094238281,936300
2011-10-31,73.896933485386555,74.41455078125,73.860985706839003,74.41455078125,1182700
2011-11-01,75.083733332965991,75.33586027579895,74.817195995711046,75.307044982910156,2251700
2011-11-02,74.846018491635434,75.206201443475877,74.788387900311605,75.126960754394531,1088000
2011-11-03,74.773971557617188,75.040503383779466,74.709135778310923,74.773971557617188,739700
2011-11-04,74.788430450869768,75.06937287346986,74.745210230764783,74.997337341308594,735400
2011-11-07,74.954112233529244,75.386330894271126,74.896481613174743,75.083778381347656,844100
2011-11-08,74.997335845750399,75.206242732023313,74.694783319131162,74.745208740234375,418300
2011-11-09,75.37190033532373,75.559197053409946,74.752385072079107,75.407920837402344,760300
2011-11-10,75.098157944655583,75.299859551868508,74.802805236981939,75.04052734375,664200
2011-11-11,74.838811273875677,74.85322166929555,74.615499608467459,74.694740295410156,323600
2011-11-14,74.975680329316759,75.213402383101965,74.939659837789776,75.162971496582031,586500
2011-11-15,75.206256148540646,75.400752665790847,74.98293881870859,75.062179565429688,480100
2011-11-16,75.285390071138252,75.350220319579336,75.090888333911238,75.3358154296875,335200
2011-11-17,75.213384597404982,75.645602913745321,75.155754022971848,75.48712158203125,805500
2011-11-18,75.357468177897857,75.42950366004537,75.098136045402796,75.206192016601562,1883100
2011-11-21,75.458335556053058,75.573596749615319,75.379094859468054,75.415115356445312,692300
2011-11-22,75.487125654365173,75.660011891037257,75.321439117920079,75.645606994628906,2619500
2011-11-23,75.479888765589394,75.948127393594589,75.429463405401279,75.9049072265625,2189500
2011-11-25,75.623978701367676,75.623978701367676,75.407866835574154,75.422271728515625,466700
2011-11-28,74.88920730498775,75.523127056040153,74.860392021400813,75.429481506347656,1286600
2011-11-29,75.199007896008069,75.465545300208177,75.011711193165937,75.285453796386719,602100
2011-11-30,74.939615682263891,75.062076487771336,74.781134406453262,74.845970153808594,962800
2011-12-01,74.701651406650782,74.975916356991974,74.55008349936584,74.824348449707031,1027100
2011-12-02,74.694433986628752,75.185227676398654,74.680001307468345,75.156356811523438,892400
2011-12-05,74.752182414115623,75.214105280398229,74.752182414115623,75.113059997558594,979100
2011-12-06,74.896525094312679,75.076963871216392,74.809918005593758,74.918182373046875,543000
2011-12-07,75.069770985871784,75.315165146983858,74.997596556518587,75.257423400878906,739300
2011-12-08,75.22855333445878,75.6471672011767,75.1491598151636,75.63995361328125,658200
2011-12-09,75.574988842931802,75.618292394273325,75.120285034179688,75.120285034179688,961100
2011-12-12,75.401748205208747,75.553316099395715,75.329573804151224,75.380096435546875,1068900
2011-12-13,75.235791430191256,75.791546246293024,75.170836078639269,75.726585388183594,512500
2011-12-14,75.798751600541635,76.058583991632105,75.71936357056768,76.044151306152344,760100
2011-12-15,75.820420679311169,76.051382228801742,75.805982485029304,75.979202270507812,968900
2011-12-16,76.094638714041665,76.43386448451534,76.094638714041665,76.347251892089844,748700
2011-12-19,76.325632537477404,76.635987575622551,76.2751098804099,76.60711669921875,1126600
2011-12-20,76.28951004927336,76.28951004927336,75.914199829101562,75.914199829101562,1365000
2011-12-21,76.015245217164718,76.05133517398194,75.661586767883904,75.668800354003906,479000
2011-12-22,75.892588628934121,76.015285737029387,75.741020641306335,75.762672424316406,731900
2011-12-23,75.582263057082116,75.625566640003768,75.336863238554258,75.452346801757812,435500
2011-12-27,75.50943868525971,75.516670856955656,75.37928717738572,75.494979858398438,616500
2011-12-28,75.617899304141972,76.051735825506952,75.588976133846884,75.972198486328125,919900
2011-12-29,75.943242825606845,76.152931583138113,75.856478868372051,76.066162109375,556000
2011-12-30,76.160191481405121,76.673565309232373,76.12403614170772,76.333724975585938,1230000
2012-01-03,75.849266052246094,76.058954863278203,75.75526438588669,75.849266052246094,1297700
2012-01-04,75.842044205045241,75.870967374282728,75.523894859963306,75.610664367675781,1789000
2012-01-05,75.675711215118724,75.928781944399717,75.574477406878174,75.625091552734375,1311300
2012-01-06,75.719136014480938,75.964974714376567,75.719136014480938,75.921592712402344,998200
2012-01-09,75.878217209024612,76.116823756849584,75.84929403305425,75.936058044433594,379900
2012-01-10,75.73356553260831,75.92879549899709,75.697415717130895,75.7841796875,1636100
2012-01-11,75.979388818620194,76.246918342601148,75.979388818620194,76.225227355957031,931600
2012-01-12,76.181854741059141,76.218010067592516,75.986624804224235,76.066162109375,685000
2012-01-13,76.4276815865678,76.579529521495772,76.384299614604075,76.405990600585938,554000
2012-01-17,76.369869918869384,76.521712395173225,76.355405578347373,76.478324890136719,1158100
2012-01-18,76.586782504263923,76.586782504263923,76.203560242752999,76.239715576171875,455200
2012-01-19,76.087870133379312,76.138484288271002,75.697415717130895,75.7841796875,1587200
2012-01-20,75.639519171504418,75.762438392267597,75.502135620930588,75.523826599121094,650600
2012-01-23,75.299690021363844,75.429841425847485,75.198461764157273,75.357536315917969,734000
2012-01-24,75.444404602050781,75.444404602050781,75.234721148161896,75.444404602050781,1388100
2012-01-25,75.400956820351539,76.23971197054361,75.364807005171656,75.805870056152344,1149200
2012-01-26,76.008335913686594,76.25417452845636,76.008335913686594,76.210792541503906,1055000
2012-01-27,76.326499393841175,76.463883076715675,76.189121227497481,76.442192077636719,767600
2012-01-30,76.716904801837174,76.868747214689719,76.659058496980805,76.702445983886719,1152400
2012-01-31,76.594005037898526,76.998918241906566,76.594005037898526,76.991691589355469,1001800
2012-02-01,76.811344066174215,76.840319208186699,76.666468356111722,76.724418640136719,1698800
2012-02-02,76.767909419052117,76.876559329355885,76.695468776922837,76.833099365234375,839900
2012-02-03,76.260801257074931,76.354971817918084,76.123170761344994,76.224586486816406,1112600
2012-02-06,76.253594232225169,76.485389878294185,76.166674318976874,76.434684753417969,2968500
2012-02-07,76.108660320213204,76.166610564835082,75.884110030352772,75.942054748535156,1164900
2012-02-08,75.93479631609722,76.05793641060734,75.862361291469981,75.978256225585938,404800
2012-02-09,75.840688656057225,75.913129267150879,75.608893069308607,75.804473876953125,1802500
2012-02-10,76.166614010723691,76.304238939877635,76.072443477342844,76.231803894042969,1322600
2012-02-13,76.087010130528952,76.275345859783528,76.058034977840151,76.181175231933594,299300
2012-02-14,76.28977951754635,76.456385152179877,76.224589612542957,76.340484619140625,615500
2012-02-15,76.318772505294078,76.550568099158696,76.311527338673741,76.398452758789062,344100
2012-02-16,76.210088290962005,76.304253315643848,75.920342526595306,76.050727844238281,1540500
2012-02-17,75.818969237851235,76.000059737909027,75.797239262075252,75.971084594726562,653600
2012-02-21,75.818948590803814,75.847923726095758,75.601643365777193,75.695808410644531,635300
2012-02-22,75.811737849370232,76.058018303564808,75.811737849370232,75.992828369140625,538200
2012-02-23,75.927587552565029,76.195603351244557,75.826177364186989,76.101432800292969,805900
2012-02-24,76.152178660379278,76.210128949457555,76.101473539046722,76.159423828125,360100
2012-02-27,76.492583049307513,76.536048502829345,76.383927705163487,76.41290283203125,588600
2012-02-28,76.557828388629474,76.637508657864103,76.391222682108719,76.449172973632812,817900
2012-02-29,76.420183522061407,76.441913495704114,76.050757390806666,76.144927978515625,787500
2012-03-01,75.803913930804782,75.919996674904183,75.702333918551304,75.898231506347656,1185200
2012-03-02,75.985315141236271,76.253759662185942,75.985315141236271,76.202972412109375,360100
2012-03-05,76.137649083529098,76.246474911521389,76.021560819813217,76.050582885742188,1406100
2012-03-06,76.348077357299175,76.485925291749524,76.326306649906769,76.369842529296875,605800
2012-03-07,76.333539918816953,76.362561984293293,76.188435126828224,76.224708557128906,436100
2012-03-08,76.159412597799516,76.231964993352292,75.970771941047957,75.999794006347656,329900
2012-03-09,75.912704628133412,75.970748741007228,75.767599881340146,75.941726684570312,286800
2012-03-12,76.079586206952683,76.108608265731107,75.919967651367188,75.919967651367188,503100
2012-03-13,75.745871342011853,75.774893412479415,75.361338595256171,75.375846862792969,618600
2012-03-14,75.013049110941935,75.049328068281611,74.454389701496339,74.512428283691406,1733100
2012-03-15,74.418147353087676,74.6575753043725,74.418147353087676,74.490699768066406,2302300
2012-03-16,74.178687517325386,74.476159486887582,74.113392032529035,74.468902587890625,681200
2012-03-19,74.367351487268209,74.410881824129859,73.881244274333739,74.0118408203125,1133200
2012-03-20,74.084405197545721,74.185979690231335,73.837720332884444,74.048126220703125,769100
2012-03-21,74.200533355715322,74.461726649675199,74.193281984226161,74.425453186035156,458100
2012-03-22,74.599500751850229,74.657544874332501,74.461647344802884,74.519691467285156,326200
2012-03-23,74.715621631009583,74.911513710708505,74.693850924025597,74.795425415039062,396100
2012-03-26,74.744632202603441,74.824441515656289,74.490695995341738,74.708358764648438,471700
2012-03-27,74.846178325379768,75.172666796089089,74.831664528455278,75.121879577636719,579200
2012-03-28,74.991249084472656,75.266950211738603,74.991249084472656,74.991249084472656,314700
2012-03-29,75.259776234576265,75.303306579589844,75.143687934013613,75.303306579589844,727700
2012-03-30,75.288753345200931,75.390333322692697,74.838925254585135,74.933242797851562,502600
2012-04-02,75.243598446390649,75.250867805330131,75.040100755254713,75.112777709960938,1433800
2012-04-03,75.229051826407854,75.359872539453704,74.502271319463247,74.560409545898438,833100
2012-04-04,74.865662290985966,74.945608591108268,74.785715990863665,74.938339233398438,461300
2012-04-05,75.272666931152344,75.294469462088031,75.0691692492247,75.272666931152344,456400
2012-04-09,76.064853117610852,76.137530061809727,75.970368099746423,76.043045043945312,573700
2012-04-10,76.16664601531339,76.457353960300424,76.108502208356526,76.399215698242188,900500
2012-04-11,76.101211547851562,76.188427233877832,76.028534581944868,76.101211547851562,435000
2012-04-12,76.159344934624443,76.181147466928351,75.926775348555452,75.948577880859375,451500
2012-04-13,76.239299531233911,76.420994713365118,76.217496996561678,76.406455993652344,461400
2012-04-16,76.377412339115978,76.617251398983186,76.3483459787372,76.384681701660156,1179600
2012-04-17,76.290184840689605,76.370131175820759,76.224771682446956,76.304718017578125,923400
2012-04-18,76.413761853186557,76.479175033345342,76.370156763013739,76.457366943359375,502900
2012-04-19,76.537240531278584,76.602653649240537,76.508168650505965,76.544509887695312,408800
2012-04-20,76.406459368592479,76.55181884765625,76.362854297321931,76.55181884765625,377500
2012-04-23,76.748011789425433,76.835227436608406,76.682604212709151,76.70440673828125,746600
2012-04-24,76.624481531300617,76.646284062871715,76.493660796977863,76.508193969726562,506100
2012-04-25,76.326503500709578,76.544539919602641,76.14480833326418,76.413719177246094,681200
2012-04-26,76.675383069889349,76.697185609171015,76.537292927907941,76.668113708496094,314300
2012-04-27,76.6172413496475,76.755331495379764,76.609977532955028,76.748062133789062,368100
2012-04-30,76.813407897949219,76.900617980921794,76.777066666781735,76.813407897949219,1820300
2012-05-01,76.913919259188575,76.943031887183224,76.593624813994438,76.673698425292969,864100
2012-05-02,76.848377816125705,76.877495988696722,76.717348816417896,76.819259643554688,1030200
2012-05-03,76.659130183934863,76.855676505771825,76.659130183934863,76.811996459960938,360000
2012-05-04,76.928456200961222,77.117721557617188,76.921175268933396,77.117721557617188,814100
2012-05-07,77.146856917355649,77.190531411803747,77.066783308384032,77.095901489257812,490800
2012-05-08,77.248746865131807,77.438006658997963,77.23418500177371,77.270584106445312,522300
2012-05-09,77.481696229557571,77.525370717558786,77.263312682102892,77.336105346679688,961400
2012-05-10,77.161378851481601,77.256008731864952,77.052187110286852,77.226890563964844,347000
2012-05-11,77.481704711914062,77.50354195830532,77.357951059488769,77.481704711914062,403500
2012-05-14,77.802024988917907,77.889379563471053,77.692838712885418,77.823867797851562,650200
2012-05-15,77.772920115664817,77.88939290168112,77.714689276384775,77.845718383789062,922100
2012-05-16,77.634543908462632,77.947557289570938,77.612706669689047,77.903877258300781,761600
2012-05-17,77.831122281907639,78.202372181914797,77.816565966920891,78.195091247558594,764000
2012-05-18,77.962119595162306,78.209621278990255,77.940282354708785,78.14410400390625,831900
2012-05-21,78.020365952821152,78.078602303987509,77.940292358398438,77.940292358398438,791600
2012-05-22,77.736448863255958,77.845640602612903,77.619976193615869,77.772842407226562,538300
2012-05-23,77.983937057952687,78.180483279634771,77.947543517667782,77.976661682128906,658000
2012-05-24,77.860266363076576,77.918502749845175,77.780192719701645,77.809310913085938,417700
2012-05-25,77.969408011120237,78.071318845501764,77.933008904388004,78.034919738769531,370400
2012-05-29,78.078597891765142,78.231464139645269,77.969406127929688,77.969406127929688,865400
2012-05-30,78.508107581846943,78.770165690765623,78.478989397108663,78.711929321289062,645600
2012-05-31,78.8647521273774,79.265120004545324,78.83563951242229,79.017623901367188,2994300
2012-06-01,79.51413196997315,79.740152453935039,79.404773499894858,79.696403503417969,2186400
2012-06-04,79.353757249078811,79.463121316260811,79.20794220116116,79.237106323242188,849500
2012-06-05,79.113175733573911,79.215247396073238,78.967355099654583,78.974647521972656,836700
2012-06-06,78.952741399673457,78.974613094604734,78.435090890517941,78.456962585449219,1492800
2012-06-07,78.435124922061604,78.697596500090455,78.384089090916461,78.646560668945312,631800
2012-06-08,79.025679577549184,79.05484370293965,78.639264650479745,78.704879760742188,468000
2012-06-11,78.52989066367229,78.974633785414525,78.52989066367229,78.916305541992188,1050900
2012-06-12,78.682981870131243,78.814217609466525,78.47883862282886,78.493423461914062,569700
2012-06-13,78.631925079404681,78.967303976563656,78.52985348298607,78.908981323242188,1332100
2012-06-14,78.858016533807671,78.92363166381017,78.617416598818821,78.697616577148438,802600
2012-06-15,79.025661991026425,79.135026046280558,78.930882776465864,79.062118530273438,769400
2012-06-18,79.076711297919559,79.127747124079264,78.916311397849654,79.040260314941406,718800
2012-06-19,78.865264141308174,78.894428260956488,78.653828445723121,78.770484924316406,1536800
2012-06-20,78.522584554415218,78.828804997757786,78.398641230614388,78.610076904296875,913100
2012-06-21,78.69027864419985,78.887129482852856,78.646535249496196,78.77777099609375,1655900
2012-06-22,78.471578245925372,78.610106461369071,78.42783483578043,78.435127258300781,1770300
2012-06-25,78.734059600949394,78.872587833581434,78.726772740013473,78.86529541015625,594900
2012-06-26,78.668397775412899,78.828797620608441,78.610069547617073,78.690269470214844,2395600
2012-06-27,78.792390193546666,78.82884674926143,78.631990248384753,78.7996826171875,3445300
2012-06-28,79.083996579738368,79.135032401290516,78.99650421601153,79.054832458496094,413400
2012-06-29,78.610069547617073,78.770469392812615,78.580905433719167,78.690269470214844,646900
2012-07-02,78.858170136137517,79.252461655307187,78.843569222423795,79.055313110351562,1580800
2012-07-03,79.040795732427526,79.05539666157253,78.821742800020189,78.858253479003906,588000
2012-07-05,78.960389426331858,79.121027323123357,78.916581116567386,79.069915771484375,1602600
2012-07-06,79.310907025647339,79.413130173274766,79.26709312613292,79.347412109375,1146900
2012-07-09,79.420437849018427,79.581075835731795,79.398533681874696,79.566474914550781,495300
2012-07-10,79.50806165097957,79.646795473275844,79.486157483405336,79.602981567382812,631900
2012-07-11,79.639548153009784,79.836691370363795,79.500814233289418,79.530021667480469,825800
2012-07-12,79.646781405368358,79.734398060189719,79.617573996846716,79.712493896484375,840400
2012-07-13,79.683309902891708,79.683309902891708,79.522677464936223,79.646804809570312,307900
2012-07-16,79.895075403270639,79.982697672026006,79.792852208429196,79.822059631347656,349400
2012-07-17,79.697903219586053,79.807429622931565,79.588376816240526,79.617584228515625,637900
2012-07-18,79.749033343610762,79.792841686838656,79.683315258023327,79.697921752929688,606000
2012-07-19,79.632212059935014,79.734435252070668,79.544595364245112,79.581100463867188,949100
2012-07-20,79.800130132525425,79.953464876127271,79.800130132525425,79.895050048828125,250900
2012-07-23,80.128674235540842,80.150578395013554,79.968036305084283,80.026451110839844,1675600
2012-07-24,79.909612743953517,80.238186218622857,79.895006259762013,80.179771423339844,905500
2012-07-25,80.143344301131691,80.230961008530045,80.092232698233687,80.223663330078125,1246800
2012-07-26,80.070267251582095,80.128676488237247,79.953437636786475,79.975341796875,742000
2012-07-27,79.719805007429855,79.719805007429855,79.121067000516334,79.398529052734375,1072300
2012-07-30,79.427732787482967,79.675992987549719,79.376621212578613,79.654083251953125,666000
2012-07-31,79.778238126614639,79.822046468395015,79.544584352543694,79.792839050292969,2209700
2012-08-01,79.589547297272688,79.743115285590036,79.377488907534172,79.501800537109375,977300
2012-08-02,79.743097248227983,79.911282219842519,79.65534492889789,79.691909790039062,620000
2012-08-03,79.35549517935533,79.435933376687672,79.114186166370473,79.275062561035156,765500
2012-08-06,79.326309204101562,79.457934936248947,79.28974433110983,79.326309204101562,850800
2012-08-07,78.960664696936078,78.98990989380853,78.821724906224219,78.909477233886719,1228200
2012-08-08,78.938715999694381,79.019154232078009,78.741280252307476,78.799781799316406,862800
2012-08-09,78.704676611460044,78.850930406920497,78.55111431048546,78.741241455078125,833700
2012-08-10,79.077668454622739,79.106919232815869,78.741292873924877,78.967979431152344,466900
2012-08-13,79.048442465063403,79.114258131390827,78.916816711425781,78.916816711425781,729500
2012-08-14,78.609658817794084,78.704719652570247,78.529220581054688,78.529220581054688,642100
2012-08-15,78.346409950276652,78.397597413580129,78.097786722521192,78.134346008300781,934600
2012-08-16,78.156300746324646,78.2294304928038,77.827239203233887,77.944236755371094,861400
2012-08-17,78.010048230009943,78.170924737214818,78.010048230009943,78.039299011230469,784300
2012-08-20,78.024635975899812,78.18551241123788,78.010013381329799,78.083137512207031,1000100
2012-08-21,78.002770988186398,78.163647571388807,77.819957703459778,78.149024963378906,684500
2012-08-22,78.434150193217874,78.755897521972656,78.375648650166383,78.755897521972656,730600
2012-08-23,78.872899742131338,78.982588739395055,78.755896657312931,78.89483642578125,440200
2012-08-24,79.026497499764957,79.077684977544465,78.82906167947732,78.858306884765625,311500
2012-08-27,78.982641554137146,79.07038834741202,78.96070485581842,79.063079833984375,467400
2012-08-28,79.114275262531891,79.245901044671314,79.077710375652657,79.092338562011719,615000
2012-08-29,79.092315494831354,79.092315494831354,78.916810783818889,79.041122436523438,764700
2012-08-30,79.231258952422138,79.304383134328134,79.180071467186195,79.187385559082031,642200
2012-08-31,79.187351745608666,79.699226379394531,79.136164282230069,79.699226379394531,912700
2012-09-04,79.524230975878126,79.692654920067895,79.465648248615906,79.51690673828125,1200200
2012-09-05,79.494959033487874,79.582833145849534,79.407090507883964,79.487640380859375,782300
2012-09-06,79.128798933099517,79.143447406994824,78.931089229559788,78.945732116699219,1376700
2012-09-07,79.47294163045035,79.502232982708932,79.048225402832031,79.048225402832031,2748500
2012-09-10,79.114153115320789,79.158087361867516,78.953053428975238,79.084861755371094,1614100
2012-09-11,79.033600624530067,79.048243510636553,78.872500943581343,78.938407897949219,375200
2012-09-12,78.638182311879106,78.938414576640653,78.499049741696354,78.550308227539062,660700
2012-09-13,78.762634246723849,78.916409641460703,78.184142664568867,78.77728271484375,1458700
2012-09-14,78.337951977310169,78.777311204990653,77.927878522953449,78.0377197265625,1050800
2012-09-17,78.110925075851938,78.323283191287615,78.096282192987587,78.198799133300781,745300
2012-09-18,78.513680311646624,78.55761455041997,78.359904889185231,78.396514892578125,578700
2012-09-19,78.616235969504729,78.652851577681318,78.48442760152939,78.579620361328125,437200
2012-09-20,78.857868100479322,78.894478113785766,78.528344460184144,78.623542785644531,422300
2012-09-21,78.543001070721118,78.799293537438842,78.521033943110567,78.791969299316406,682000
2012-09-24,78.894448669330771,79.033581193535255,78.894448669330771,78.967674255371094,943800
2012-09-25,79.048231469502483,79.267913834924684,78.865164693902202,79.260589599609375,471900
2012-09-26,79.443661625990146,79.590118408203125,79.399727384703752,79.590118408203125,444600
2012-09-27,79.39974002917883,79.480289875534851,79.319190182822808,79.421707153320312,295400
2012-09-28,79.50958123664212,79.597449733208038,79.348481543930077,79.421707153320312,612500
2012-10-01,79.48844268270696,79.583759340562906,79.356462759660104,79.569091796875,1213500
2012-10-02,79.407813105725523,79.598446481769628,79.400479331560561,79.517791748046875,846500
2012-10-03,79.510413442878701,79.598396301269531,79.407763045404636,79.598396301269531,938000
2012-10-04,79.422440509431254,79.495761437092753,79.253797341184452,79.283126831054688,376700
2012-10-05,79.011808931910977,79.048466584852036,78.872495306267126,78.923820495605469,805200
2012-10-08,79.099818632143965,79.19514086901431,79.08515668479437,79.180473327636719,403700
2012-10-09,78.967855080458932,79.151160227436804,78.953193130073515,79.019180297851562,387200
2012-10-10,78.894485321169483,79.239099679287833,78.843160135536465,79.209770202636719,318100
2012-10-11,78.960513630538514,79.290460602029299,78.916516598719056,79.283126831054688,1217500
2012-10-12,79.341837327052019,79.466483544411531,79.268516351783603,79.290512084960938,427900
2012-10-15,79.319833775013464,79.371159012045226,79.231845256945618,79.3125,635000
2012-10-16,79.136527656698973,79.136527656698973,78.938560485839844,78.938560485839844,585500
2012-10-17,78.703865052634669,78.733194536192102,78.410581405114456,78.439910888671875,597300
2012-10-18,78.513248007484023,78.586568934499198,78.271283913708601,78.300613403320312,1157500
2012-10-19,78.417919611747351,78.70387512047806,78.395923894772338,78.63055419921875,808100
2012-10-22,78.476607143730376,78.549928091670921,78.366622924804688,78.366622924804688,760000
2012-10-23,78.601248730182505,78.740562438964844,78.601248730182505,78.740562438964844,414600
2012-10-24,78.564588529906601,78.689234689531716,78.520591489898905,78.571922302246094,682400
2012-10-25,78.197974448722562,78.483930021815979,78.153977410841975,78.285957336425781,437300
2012-10-26,78.557272140065777,78.791902560583338,78.535276412209527,78.784568786621094,414800
2012-10-31,78.960482531046864,79.17311705333637,78.931153052728376,79.107124328613281,728100
2012-11-01,79.03002009369969,79.05938903810528,78.853812028819533,78.949256896972656,918300
2012-11-02,78.773113957066585,79.030085431122657,78.743744988380456,79.015403747558594,527200
2012-11-05,79.176884098122059,79.287016273867337,79.154858783284027,79.206253051757812,805400
2012-11-06,79.140226476406497,79.191620776941008,78.831860673199415,78.846542358398438,486000
2012-11-07,79.536662659637656,79.690845490415995,79.441212144234839,79.507293701171875,979800
2012-11-08,79.492591923035633,79.874382711902527,79.404490665262543,79.859695434570312,514700
2012-11-09,79.81570164311465,79.896464921288896,79.698231348580606,79.867095947265625,368200
2012-11-12,79.867047499486006,79.933129051342704,79.808309587070198,79.918441772460938,267900
2012-11-13,80.021238795498547,80.028582435717382,79.889081279340616,80.013900756835938,1608900
2012-11-14,79.808318782400818,80.050608497865383,79.786293463096086,80.035926818847656,1477300
2012-11-15,79.874407912829582,80.079985047901204,79.859720630863436,79.999221801757812,1448500
2012-11-16,79.984545064454053,80.175434929356655,79.962519741700461,80.050621032714844,578100
2012-11-19,79.823038395204634,79.896458023144348,79.793669423717034,79.889114379882812,712300
2012-11-20,79.764308298177625,79.808358958962756,79.558731079101562,79.558731079101562,970700
2012-11-21,79.441184997558594,79.499922894418219,79.411821650682924,79.441184997558594,291500
2012-11-23,79.441236929961363,79.448580572258052,79.389842637000186,79.397186279296875,466000
2012-11-26,79.588072950723074,79.676174242291495,79.507309699080551,79.529335021972656,1522400
2012-11-27,79.580740696574054,79.720241896928442,79.536690044486562,79.712898254394531,579100
2012-11-28,79.859739740239618,79.933164964526441,79.778982076328802,79.815689086914062,1057500
2012-11-29,79.815682968749172,79.925815195179197,79.771632318800243,79.896446228027344,814200
2012-11-30,79.955148710523375,79.962492349444631,79.852360171846783,79.881729125976562,557800
2012-12-03,79.717826893386658,79.864851254694571,79.666367806066901,79.850151062011719,750400
2012-12-04,79.901594772545607,79.997160028142559,79.879541683455443,79.98980712890625,479300
2012-12-05,80.070669427627095,80.173587578903806,80.033916149953185,80.05596923828125,505500
2012-12-06,80.203038753695807,80.239797660698784,80.09276764130864,80.100120544433594,443700
2012-12-07,79.901613636870636,80.026584910299079,79.857501839656976,79.872207641601562,515700
2012-12-10,79.975115219886874,79.997168311260467,79.872197054397191,79.945709228515625,707500
2012-12-11,79.769252457925731,79.798658439553506,79.703087597108834,79.791305541992188,734300
2012-12-12,79.703120941236108,79.835445109610731,79.453178405761719,79.453178405761719,1165600
2012-12-13,79.357588713934433,79.467859762880067,79.247323273607321,79.298782348632812,862900
2012-12-14,79.394392765547181,79.504663877223678,79.394392765547181,79.475257873535156,380700
2012-12-17,79.401703841275491,79.416404031065099,79.034137401728856,79.056190490722656,660100
2012-12-18,79.012077155232234,79.056183329224353,78.659210937440463,78.747428894042969,846400
2012-12-19,78.857734680175781,79.048870879642294,78.820981385915275,78.857734680175781,675300
2012-12-20,78.967991678159578,79.085615659478748,78.872426399802862,78.9091796875,377100
2012-12-21,79.203202394008485,79.254661463124961,79.107637153825834,79.122337341308594,499200
2012-12-24,79.063547346177288,79.085600436274603,79.026788456935748,79.041488647460938,903400
2012-12-26,79.130600416338424,79.241026605212369,79.123242789186961,79.204216003417969,780000
2012-12-27,79.167364484225402,79.520721341110729,79.152638005560036,79.366127014160156,446700
2012-12-28,79.513404063083968,79.557572288478923,79.43242523885398,79.550209045410156,552200
2012-12-31,79.43975612998473,79.476561097322062,79.101114484839499,79.130561828613281,1742800
2013-01-02,78.769859313964844,78.880285473687849,78.733048721887911,78.769859313964844,2561300
2013-01-03,78.791960854905241,78.806687341597282,78.357624978143477,78.364982604980469,2131900
2013-01-04,78.283966914586671,78.401756286621094,78.188267262188504,78.401756286621094,975400
2013-01-07,78.401777521523542,78.475393090730435,78.342882819554873,78.445945739746094,1387400
2013-01-08,78.556373177351261,78.652072857223331,78.541652309874024,78.637351989746094,364200
2013-01-09,78.659426818428756,78.755132103516843,78.578448015588364,78.681510925292969,517700
2013-01-10,78.460709497812516,78.600577460800295,78.423898887467502,78.453346252441406,689100
2013-01-11,78.335514609653259,78.703598022460938,78.306067262647787,78.703598022460938,553900
2013-01-14,78.784599647647283,78.814047005283371,78.659452590075801,78.674179077148438,971700
2013-01-15,78.931797476886331,78.96860244338346,78.836092207679698,78.86553955078125,428800
2013-01-16,78.990702393465327,79.020144123873564,78.88027624665942,78.968612670898438,534000
2013-01-17,78.652040209883481,78.703577265931528,78.526893230495645,78.607872009277344,436100
2013-01-18,78.740370458864788,78.865517419547828,78.718286361862468,78.828712463378906,560100
2013-01-22,78.674081494932381,78.931738534030615,78.659355026125496,78.894927978515625,595400
2013-01-23,78.953930735601134,79.027546330933745,78.880315140268522,78.931846618652344,603600
2013-01-24,78.872901436909004,78.887627916460218,78.703586237614246,78.799285888671875,376300
2013-01-25,78.423857717982315,78.497473283516442,78.225095129389402,78.276626586914062,570600
2013-01-28,77.952689343281648,78.136731013393558,77.952689343281648,78.114646911621094,1328000
2013-01-29,78.144108681421272,78.269255692243192,77.982151083177826,77.996871948242188,480600
2013-01-30,77.937967998484851,78.055751746044237,77.827541873800058,78.041030883789062,453200
2013-01-31,78.114640155293216,78.114640155293216,77.982129939613529,78.107276916503906,902500
2013-02-01,78.439028742959124,78.453769060657351,77.812455574170727,77.841941833496094,2587800
2013-02-04,78.085189663593596,78.335814401180983,78.055703407890093,78.291587829589844,693400
2013-02-05,77.996690530218075,78.048290045012408,77.937723673256897,78.011436462402344,797700
2013-02-06,78.18097663442127,78.284175665751533,78.099890877815284,78.247322082519531,816800
2013-02-07,78.24731847657182,78.468456837549155,78.239945510695037,78.284172058105469,970000
2013-02-08,78.298966479399837,78.372679312041683,78.114681585830894,78.343193054199219,952800
2013-02-11,78.284182978938517,78.365268743119401,78.262069702148438,78.262069702148438,558800
2013-02-12,78.144146161728202,78.262085536445866,78.122032880464076,78.180999755859375,531500
2013-02-13,77.930385073653611,78.040957118095562,77.871412566760867,77.908271789550781,610700
2013-02-14,78.099909075070187,78.247340314125879,77.996710019694575,78.239967346191406,988000
2013-02-15,78.166313171386719,78.210539764314547,78.026254795207336,78.166313171386719,681700
2013-02-19,78.276838985845117,78.29157930012687,78.033581620739056,78.04095458984375,498800
2013-02-20,78.011439377017965,78.225210410274272,77.981953135473077,78.210464477539062,869900
2013-02-21,78.380048979814987,78.50536135241876,78.343189753082868,78.365303039550781,681000
2013-02-22,78.387379298642841,78.490583959956936,78.380011955919201,78.461097717285156,412800
2013-02-25,78.262112420702167,79.065597534179688,78.254745073701386,79.065597534179688,2909000
2013-02-26,78.918136596679688,79.154020962483187,78.859169723173977,78.918136596679688,860900
2013-02-27,79.124576606895403,79.146695523088837,78.814979267345862,78.881324768066406,398800
2013-02-28,78.962365559127704,78.99921915057385,78.866533848729063,78.991851806640625,534400
2013-03-01,79.107706575659378,79.21102806446271,79.048664116172077,79.188888549804688,876500
2013-03-04,79.129824983668485,79.159346205537801,79.004364013671875,79.004364013671875,572600
2013-03-05,78.945349660673415,78.974870893047139,78.834646446921809,78.923210144042969,224700
2013-03-06,78.687096204593729,78.805175578953808,78.672332763671875,78.672332763671875,1091700
2013-03-07,78.532053883932278,78.546811682980703,78.354926511759174,78.36968994140625,804500
2013-03-08,77.963779173934597,78.111379685088551,77.912118431970868,77.971160888671875,1651900
2013-03-11,78.044990114989488,78.081893071775852,77.97118983201743,78.008087158203125,1465800
2013-03-12,78.126159514869258,78.266383971320536,78.1187777985824,78.222099304199219,525300
2013-03-13,78.081892771510965,78.236875054336494,78.022850293120101,78.155693054199219,1116500
2013-03-14,78.00073458666148,78.236898941730303,77.978595058155406,78.1778564453125,557400
2013-03-15,78.222139456840253,78.465685543924351,78.222139456840253,78.450927734375,1184700
2013-03-18,78.731329886671304,78.73871160287753,78.5911054317516,78.709190368652344,1442000
2013-03-19,78.797770857638355,79.048698604638176,78.775631333320987,78.9527587890625,545300
2013-03-20,78.746109187033298,78.842054632109239,78.642787654337084,78.650169372558594,742800
2013-03-21,78.856788635253906,78.864170351247267,78.731327616364453,78.856788635253906,669700
2013-03-22,78.908492068418539,78.930631597774592,78.731370202967597,78.8863525390625,297000
2013-03-25,78.753442616894461,79.056030941828169,78.731303106406202,78.945327758789062,319500
2013-03-26,78.783004291356235,79.05607153230973,78.768246486986072,79.02655029296875,546300
2013-03-27,79.307038725531456,79.454645006185245,79.307038725531456,79.366081237792969,623700
2013-03-28,79.284846125522435,79.388167637524788,79.203664133149147,79.218421936035156,378400
2013-04-01,79.236894238028881,79.480769633364986,79.236894238028881,79.429039001464844,2471100
2013-04-02,79.310771826974914,79.332941286038164,79.236871750692615,79.273818969726562,984900
2013-04-03,79.377322760432705,79.680314905574804,79.377322760432705,79.606414794921875,1234000
2013-04-04,79.74684054633498,79.931593668937126,79.724665435519725,79.924201965332031,584800
2013-04-05,80.20499146181011,80.330622179972266,80.131091371021512,80.175430297851562,663800
2013-04-08,80.131131027526692,80.190253384703141,79.909425007224158,79.916816711425781,858200
2013-04-09,80.049826646174836,80.094165587996784,79.90202641462335,79.946365356445312,507800
2013-04-10,79.768999604360587,79.791169074063561,79.5990242729426,79.613807678222656,340900
2013-04-11,79.702461242675781,79.791144732650636,79.658122316796039,79.702461242675781,1132200
2013-04-12,79.998066217518442,80.145866394042969,79.90938272867453,80.145866394042969,827700
2013-04-15,80.108943179343314,80.323257446289062,80.079382007535244,80.323257446289062,587300
2013-04-16,80.072007771955896,80.190252484982111,80.057230001936745,80.09417724609375,1226700
2013-04-17,80.138504964546939,80.411935938984726,80.108943792512605,80.241966247558594,988300
2013-04-18,80.3011145866692,80.375014721569428,80.234600518505758,80.286331176757812,705600
2013-04-19,80.241966247558594,80.241966247558594,80.175452200927069,80.241966247558594,750500
2013-04-22,80.278939471802133,80.367623016613734,80.241992223461452,80.286331176757812,379900
2013-04-23,80.382396514383359,80.581933070045437,80.212426776971981,80.234596252441406,449800
2013-04-24,80.227162697158604,80.323237891699705,80.219776634667483,80.271507263183594,279400
2013-04-25,80.160676599265614,80.212407242168752,80.101554253599971,80.182846069335938,293300
2013-04-26,80.389792754606361,80.493254071446813,80.367623277886111,80.471084594726562,433300
2013-04-29,80.522789616973569,80.5449590866357,80.426720035698665,80.441497802734375,810000
2013-04-30,80.559757405131421,80.655827004190755,80.397173746555495,80.426734924316406,752700
2013-05-01,80.59319754908914,80.778180102577807,80.59319754908914,80.68939208984375,803600
2013-05-02,80.644992438257191,80.696787327425227,80.600598431890162,80.68939208984375,921300
2013-05-03,80.260240956779299,80.282437962658165,79.949471584034768,80.001266479492188,879500
2013-05-06,80.023430788366895,80.053028665851969,79.831047407322856,79.89764404296875,434000
2013-05-07,79.771880362227606,79.868074909978972,79.771880362227606,79.78668212890625,544000
2013-05-08,79.860722293309863,79.979108272190089,79.838525275096274,79.882919311523438,1114400
2013-05-09,79.942064405275403,80.090048196294958,79.845875505634666,79.868072509765625,587300
2013-05-10,79.727486888999806,79.727486888999806,79.231734961108941,79.416717529296875,529700
2013-05-13,79.246525160750323,79.298320050163625,79.224328157461699,79.276123046875,417600
2013-05-14,79.37967606257844,79.409273934995454,78.928318387348611,78.957916259765625,876900
2013-05-15,79.194728500697309,79.268720391744921,78.972752827554473,79.165130615234375,768200
2013-05-16,79.350150351455369,79.631327572512049,79.33535422439968,79.542533874511719,697900
2013-05-17,79.416716402385219,79.4463142903017,79.098546163807967,79.11334228515625,365800
2013-05-20,79.23915896590961,79.261361624137294,78.972789164619655,79.054176330566406,1440000
2013-05-21,79.024575018771927,79.276148664296301,78.861789415093156,79.2613525390625,530600
2013-05-22,79.320528308991911,79.490714767053305,78.595399754310279,78.632392883300781,1797400
2013-05-23,78.883954425239097,78.906151426695999,78.528785466271529,78.713768005371094,950100
2013-05-24,78.802565826649428,78.935753487658175,78.698976050889229,78.743370056152344,349800
2013-05-28,78.491820841793867,78.543615745736957,77.803685320709235,77.8184814453125,1157000
2013-05-29,77.877652758940101,78.136627197265625,77.833258753861259,78.136627197265625,1588400
2013-05-30,78.11441457196571,78.24760220578429,77.996028700359332,78.144012451171875,578000
2013-05-31,78.218061612827441,78.247659513710857,77.566924729059593,77.929489135742188,1639400
2013-06-03,77.782736806283708,78.419930610379865,77.219629126303587,78.042060852050781,3269200
2013-06-04,77.864260361614427,78.034676594295036,77.804990311537921,77.842033386230469,1235100
2013-06-05,78.01243514030962,78.249532255138419,77.982797294350888,78.219894409179688,1298900
2013-06-06,78.153185382680292,78.782973837447301,78.019817950260531,78.316184997558594,2471900
2013-06-07,78.056947601833329,78.205136942724025,77.708709716796875,77.708709716796875,652300
2013-06-10,77.560468041730246,77.656786801663785,77.404873589757088,77.516014099121094,694600
2013-06-11,77.241926011893213,77.708709716796875,77.19747203604868,77.708709716796875,756100
2013-06-12,77.419728442892705,77.760555363477806,77.360458374023438,77.360458374023438,528700
2013-06-13,77.553055815043507,78.03466091199769,77.54565059329849,77.945747375488281,1180100
2013-06-14,78.101347092540692,78.271757637292311,77.997611807370617,78.049476623535156,599700
2013-06-17,78.138357752354779,78.153179495306588,77.81234724147879,77.864212036132812,478400
2013-06-18,77.686449066765647,77.88650317707183,77.641995110183331,77.819816589355469,429000
2013-06-19,77.864254937462874,79.716578128318972,76.671364003165976,76.752861022949219,1281500
2013-06-20,76.478754916046412,76.634349455128401,76.174971063902305,76.4046630859375,1982500
2013-06-21,76.249036781007689,76.315717704472718,75.589604505082619,75.597015380859375,1777200
2013-06-24,75.026508162605268,75.722977913231219,75.019097286250272,75.411788940429688,2731500
2013-06-25,75.619258495575522,75.663718106883621,75.248793767452426,75.322891235351562,772000
2013-06-26,75.752604564416927,75.804469385548032,75.396961691758364,75.62664794921875,1015300
2013-06-27,75.937862864085005,76.06382517523258,75.737814386357527,76.034187316894531,949000
2013-06-28,75.671113197118743,75.989713046749742,75.552567439474075,75.945259094238281,1017700
2013-07-01,75.833197368417714,76.033523045623951,75.699648803785706,75.974166870117188,1127100
2013-07-02,75.988988084849296,76.100279476828419,75.885117628472869,76.003829956054688,385400
2013-07-03,76.011243914287263,76.159634321193749,75.848022957462973,75.855438232421875,1233200
2013-07-05,74.853840873052178,74.883518959916827,74.527387578057343,74.579322814941406,924100
2013-07-08,74.831628822629142,75.076468941435735,74.816786939993762,75.017112731933594,1137200
2013-07-09,75.143196105957031,75.224809430750156,75.083839931468148,75.143196105957031,558400
2013-07-10,75.113563590662835,75.217434128779232,74.861308186814398,74.876144409179688,1005500
2013-07-11,75.425183398521511,75.625503540039062,75.358406244335683,75.625503540039062,818700
2013-07-12,75.833221175518929,75.907413587936148,75.43999629524123,75.566123962402344,1919500
2013-07-15,75.655127808121435,75.803512573242188,75.632870659404915,75.803512573242188,563700
2013-07-16,75.796130519481707,75.914837251505361,75.751610542019222,75.840644836425781,713300
2013-07-17,76.278347086418933,76.308025170173678,76.063185224583776,76.174476623535156,696300
2013-07-18,76.152220285493584,76.152220285493584,75.818351745605469,75.818351745605469,717800
2013-07-19,76.011318977629884,76.241322920341588,76.003903695348185,76.233901977539062,459500
2013-07-22,76.226394653320312,76.315428884492604,76.174459433598415,76.226394653320312,450300
2013-07-23,76.055845405103099,76.159715971038324,75.966811065506647,76.137458801269531,13316500
2013-07-24,75.677438810841394,75.759052187890759,75.417762456829763,75.625503540039062,837400
2013-07-25,75.395473413730571,75.744178278524743,75.380631536622474,75.736763000488281,712300
2013-07-26,75.810933509653012,75.855447807086037,75.72189925427098,75.803512573242188,544900
2013-07-29,75.707107059257496,75.744200441846374,75.566137488069714,75.647750854492188,420300
2013-07-30,75.721953139951964,75.751631246199011,75.536469221297949,75.625503540039062,306800
2013-07-31,75.098735494306311,75.736800674931146,75.039379277382977,75.677444458007812,930500
2013-08-01,75.403244833616455,75.432964006841047,74.935180609122668,75.009475708007812,1177300
2013-08-02,75.395848192081459,75.648452758789062,75.351266580979328,75.648452758789062,4360000
2013-08-05,75.492416632354818,75.52213581120067,75.343826406479351,75.410690307617188,390400
2013-08-06,75.366142360653427,75.477582237266205,75.328991956211908,75.433006286621094,257000
2013-08-07,75.522114660107562,75.752431146217106,75.507252240670184,75.707855224609375,493200
2013-08-08,75.811874209740296,75.893600516680166,75.730147902800411,75.819305419921875,804900
2013-08-09,75.707900448079045,75.878778695216141,75.693038019763719,75.871353149414062,557600
2013-08-12,75.982752960021315,75.982752960021315,75.692998112549873,75.72271728515625,400400
2013-08-13,75.262052548524807,75.262052548524807,74.979723361976639,75.039161682128906,566500
2013-08-14,75.039154214151949,75.150599636258747,75.01686626340053,75.10601806640625,1672300
2013-08-15,74.69000244140625,74.935181371739816,74.519124279066673,74.69000244140625,15452300
2013-08-16,74.712296139355601,74.712296139355601,74.184793522553292,74.400253295898438,1066900
2013-08-19,74.192225522674931,74.236801452684844,74.006484923162589,74.080780029296875,892200
2013-08-20,74.348230682199642,74.496820861963727,74.33337393156404,74.481964111328125,1221100
2013-08-21,74.296186076347709,74.48192654153857,73.984143455230836,74.013862609863281,945100
2013-08-22,73.954465094111086,74.110486490731404,73.798443697490768,73.984184265136719,755100
2013-08-23,73.924757819672323,74.452260436474631,73.857893925368572,74.400253295898438,991100
2013-08-26,74.563698174929755,74.58598613737999,74.407676769425549,74.548835754394531,512600
2013-08-27,74.801467199493956,75.016927011819035,74.690021687139023,74.97235107421875,532500
2013-08-28,74.756866865044245,74.779154826570718,74.519119161507817,74.667709350585938,761700
2013-08-29,74.452219158908775,74.838562561867946,74.415074461006967,74.741973876953125,470900
2013-08-30,74.79402674700998,74.831177135990117,74.600860595703125,74.600860595703125,1038200
2013-09-03,74.281630634960166,74.348595220826894,73.864941285417686,74.177459716796875,796000
2013-09-04,74.222121842412761,74.251885780518819,73.879845069529281,73.931930541992188,824400
2013-09-05,73.686341474788151,73.745869318011117,73.366386413574219,73.366386413574219,1722700
2013-09-06,73.894677422720846,74.10301918068626,73.693778063793388,73.812828063964844,1033900
2013-09-09,74.103072060734263,74.132836001238502,73.924494094600036,73.961700439453125,764300
2013-09-10,73.701279966830739,73.864973139616112,73.619430541992188,73.619430541992188,1895300
2013-09-11,73.857527816723405,74.006341838989741,73.664065046264326,73.991462707519531,885300
2013-09-12,74.199775946640983,74.274182929031298,73.969112598164344,73.998870849609375,796800
2013-09-13,74.013754560382523,74.177453325359679,73.998869757990718,74.095603942871094,1166500
2013-09-16,74.765298679633332,74.780177809226302,74.229559184040895,74.259323120117188,1855200
2013-09-17,74.445348431644959,74.452785158492631,74.25932807642036,74.40814208984375,943300
2013-09-18,74.333728990709545,75.516815628064251,74.103059908851066,75.330795288085938,1341800
2013-09-19,75.323325892810644,75.323325892810644,74.408103719233438,75.070335388183594,1592800
2013-09-20,75.122491993639812,75.263869341230418,75.025763410858076,75.144813537597656,300600
2013-09-23,75.219173226748353,75.43495747732895,75.219173226748353,75.427520751953125,2003200
2013-09-24,75.494477996174936,75.747468556577459,75.457277342246556,75.70281982421875,1149800
2013-09-25,75.673072778423261,75.926063395270745,75.65075124570825,75.911178588867188,569900
2013-09-26,75.725132209692774,75.799544862343794,75.650725233930103,75.747459411621094,568100
2013-09-27,75.777233754884165,76.007902808695533,75.777233754884165,75.851646423339844,2349400
2013-09-30,75.940965951649829,75.978172302246094,75.777267092053577,75.978172302246094,3785200
2013-10-01,75.898418232864913,75.928226836319766,75.756834473216614,75.808998107910156,1937000
2013-10-02,75.913344426042443,76.121999017173763,75.905890851955974,75.935699462890625,799900
2013-10-03,75.883540480136517,76.21887742429692,75.846278292824664,76.040031433105469,651800
2013-10-04,75.950596243653266,75.980404852750354,75.74194166538453,75.831367492675781,1160900
2013-10-07,76.054874927930285,76.069782065657463,75.868575504191156,75.898384094238281,454400
2013-10-08,75.86114501953125,76.010182318541453,75.786620684617631,75.86114501953125,818100
2013-10-09,75.853710197076921,75.883518801328208,75.667410684563833,75.727027893066406,506500
2013-10-10,75.46620045340309,75.622697039663677,75.406588933133435,75.563079833984375,649100
2013-10-11,75.779200636764003,75.883527921477238,75.637611170905785,75.674873352050781,850100
2013-10-14,75.674902097372112,75.779229421714362,75.361914438932587,75.421531677246094,183200
2013-10-15,75.570537244073506,75.607793735457989,75.391685617952191,75.4364013671875,368100
2013-10-16,75.361897152690474,75.809020652069421,75.265023426711153,75.801567077636719,2339600
2013-10-17,76.084759695948833,76.315775078760652,76.040049608816886,76.233802795410156,2950500
2013-10-18,76.330652027240689,76.353007063625824,76.218871159903927,76.241226196289062,582600
2013-10-21,76.218834474876232,76.226288045220812,76.092152206060078,76.18902587890625,321700
2013-10-22,76.569147994843874,76.733092579048872,76.54679294889111,76.718185424804688,484700
2013-10-23,76.770246445431027,76.986354409708781,76.770246445431027,76.852218627929688,280800
2013-10-24,76.911908951084541,76.92681609957593,76.688352892415637,76.69580078125,591200
2013-10-25,76.762829943928807,76.859703614935086,76.740474918727998,76.82989501953125,552800
2013-10-28,76.755409240722656,76.84483506522669,76.725600632554659,76.755409240722656,600800
2013-10-29,76.688318360763191,76.859710693359375,76.665957648094818,76.859710693359375,274700
2013-10-30,76.904411627487676,77.05345460055743,76.576528457550381,76.658500671386719,1753100
2013-10-31,76.837363522236942,76.85226498013067,76.427502362542484,76.569091796875,893000
2013-11-01,76.413109589204723,76.442964975255322,76.122026693127253,76.144416809082031,680100
2013-11-04,76.286213015107919,76.368313886531823,76.256357635105459,76.293678283691406,437000
2013-11-05,76.077244275499908,76.122024506122926,75.883187118912673,75.950363159179688,656900
2013-11-06,76.069775911398281,76.211587561712818,76.069775911398281,76.181732177734375,692700
2013-11-07,76.248891459815539,76.442942871534854,76.226495656003934,76.383232116699219,415000
2013-11-08,75.629400941070102,75.681646425032895,75.502519864922007,75.524909973144531,2497700
2013-11-11,75.56970310762425,75.577168376418115,75.487602233886719,75.487602233886719,144000
2013-11-12,75.450275098985514,75.569696612095925,75.368179926636046,75.420425415039062,1052100
2013-11-13,75.651808728044742,75.771224564580876,75.621953345327697,75.733909606933594,1122700
2013-11-14,75.793632137309942,76.122030009508379,75.793632137309942,76.099639892578125,694100
2013-11-15,76.107131207271806,76.122056058888361,75.972784765383352,76.039955139160156,359200
2013-11-18,76.084671754975332,76.330968595401529,76.084671754975332,76.308578491210938,2853000
2013-11-19,76.159317345434843,76.204097559702731,76.002580901166837,76.024971008300781,559100
2013-11-20,76.039929286997747,76.211596341066254,75.577185017855754,75.607040405273438,1562700
2013-11-21,75.450243791957732,75.711476819908967,75.353218123563337,75.674156188964844,804800
2013-11-22,75.748859085924721,75.913060897103605,75.719003693498209,75.890670776367188,807900
2013-11-25,75.853331733719841,76.010068235232893,75.838406888289654,75.950363159179688,487400
2013-11-26,76.017516325960401,76.189183328441189,75.987660947514556,76.114547729492188,425400
2013-11-27,76.084736205285068,76.092195783447735,75.756332547424464,75.942924499511719,476900
2013-11-29,75.801055162165127,75.957791599431502,75.79359558967397,75.898086547851562,652100
2013-12-02,75.72916182232926,75.751588104100293,75.512364925991818,75.572166442871094,2912200
2013-12-03,75.766533291655918,75.83381783715528,75.676828169030344,75.70672607421875,477200
2013-12-04,75.332950390872654,75.452564843007039,75.288097823087767,75.36285400390625,943600
2013-12-05,75.243241277725687,75.340423737299275,75.138581489406235,75.175956726074219,374100
2013-12-06,75.131095622728765,75.362841455738902,75.101192014674211,75.243232727050781,415600
2013-12-09,75.288117086266496,75.392776906896785,75.243264507005648,75.332969665527344,540900
2013-12-10,75.579619464494712,75.67680759228692,75.482437040231133,75.646903991699219,334700
2013-12-11,75.527285243763274,75.587092441497589,75.3553466796875,75.3553466796875,371700
2013-12-12,75.213344134956174,75.273151363005468,75.116161667024471,75.138587951660156,1156200
2013-12-13,75.250724792480469,75.295577361581451,75.168491280107915,75.250724792480469,434000
2013-12-16,75.400234060894959,75.407711389948332,75.146056204858908,75.213340759277344,572400
2013-12-17,75.205829491574065,75.452529907226562,75.205829491574065,75.452529907226562,694800
2013-12-18,75.243266639075557,75.534819819597359,74.869479925223743,75.168510437011719,1997700
2013-12-19,74.839558490847395,74.921792004604697,74.757324977090107,74.854507446289062,978700
2013-12-20,74.951671676271957,75.101183997053056,74.891864466547744,75.086235046386719,510500
2013-12-23,74.966601177563419,75.041357318559193,74.832037842359853,74.846992492675781,5238400
2013-12-24,74.637708765324803,74.690044366968806,74.533048969099056,74.55548095703125,770600
2013-12-26,74.498565170196713,74.550981261650406,74.453638724072249,74.491081237792969,787500
2013-12-27,74.483525549368849,74.580868000635348,74.416130227014776,74.446083068847656,640400
2013-12-30,74.543452791835932,74.655768840041702,74.535963150981516,74.648284912109375,1328000
2013-12-31,74.513497750517786,74.603350586440584,74.266391025886264,74.311317443847656,1553600
2014-01-02,74.423682066414131,74.640836066501834,74.416192421466235,74.6033935546875,1161800
2014-01-03,74.51349185951625,74.685713590033785,74.491028652311485,74.558418273925781,637500
2014-01-06,74.625896546991726,74.858024229987507,74.625896546991726,74.768165588378906,666200
2014-01-07,74.820528832519443,74.917877053707301,74.768112756850499,74.887924194335938,1055700
2014-01-08,74.640799873725513,74.685726295778053,74.476062042302928,74.520988464355469,1216700
2014-01-09,74.633352168377243,74.753163645068526,74.506056759086988,74.715721130371094,806100
2014-01-10,75.105109301036208,75.382163367553815,75.097619654854995,75.3447265625,713300
2014-01-13,75.41958445846781,75.606785569330597,75.404605170361052,75.561859130859375,581600
2014-01-14,75.404623907126492,75.464529648590016,75.262354912308027,75.277328491210938,366700
2014-01-15,75.075114910252978,75.247336686693814,75.052651697058351,75.20989990234375,997300
2014-01-16,75.389625691302754,75.457015343732209,75.337209612882944,75.419578552246094,333300
2014-01-17,75.404598203501592,75.599288940429688,75.337208552021096,75.599288940429688,754400
2014-01-21,75.47945470267311,75.569307537376361,75.464475421608014,75.516891479492188,1927100
2014-01-22,75.34471637766471,75.427085335745375,75.292300287333873,75.307273864746094,1150900
2014-01-23,75.5543868124347,75.913809828474015,75.5543868124347,75.81646728515625,1080200
2014-01-24,76.078595337055802,76.19091724216085,75.966273431950768,76.123527526855469,564300
2014-01-27,75.996151426239905,76.145915723096266,75.876345701678588,75.891319274902344,758600
2014-01-28,75.996202978798706,76.011182275107544,75.861417876657441,76.003692626953125,452700
2014-01-29,76.235789399826047,76.475406627285338,76.093520420129352,76.363090515136719,1420200
2014-01-30,76.183383443307264,76.310684575550781,76.108504120939742,76.288215637207031,685400
2014-01-31,76.535306692225774,76.587722778320312,76.415500943834672,76.587722778320312,670500
2014-02-03,76.47895576731355,77.011517448990602,76.403948127574651,77.004020690917969,4629800
2014-02-04,76.749020792663856,76.801526735290594,76.689012366027995,76.771522521972656,2617300
2014-02-05,76.666489804623268,76.696494009788339,76.493972778320312,76.493972778320312,817600
2014-02-06,76.403961617836103,76.418960859345788,76.291447277003641,76.351455688476562,885900
2014-02-07,76.418923820320472,76.666454105634543,76.403924586080677,76.553939819335938,1065800
2014-02-10,76.471490098478824,76.61400868848979,76.471490098478824,76.591506958007812,589300
2014-02-11,76.321464838443859,76.373970776991555,76.216452961348452,76.253959655761719,625800
2014-02-12,76.148913582886308,76.148913582886308,75.9688941069941,76.073905944824219,743500
2014-02-13,76.351487937963341,76.448997355755253,76.306484471708544,76.433998107910156,941400
2014-02-14,76.396468970002985,76.433975662680965,76.298959580845221,76.3814697265625,463400
2014-02-18,76.493946841651947,76.636459614468265,76.45644016723368,76.568954467773438,1003600
2014-02-19,76.726484066694553,76.741483305152755,76.381444354996518,76.4189453125,907200
2014-02-20,76.32894428159382,76.463960328920933,76.186425753105112,76.336441040039062,842900
2014-02-21,76.253978520171444,76.441500593192458,76.238973549606825,76.433998107910156,405000
2014-02-24,76.433894301545237,76.441396776638285,76.24637248320127,76.35888671875,1531100
2014-02-25,76.50143556418071,76.636451566106032,76.471431372340149,76.621452331542969,402600
2014-02-26,76.621458450539279,76.846481323242188,76.591454256302569,76.846481323242188,486000
2014-02-27,76.891474240637493,76.988983559281905,76.86897253038984,76.936477661132812,559400
2014-02-28,76.793992718150548,76.929008761281693,76.628978196737989,76.861503601074219,609900
2014-03-03,77.083895331892862,77.25669801177132,76.956174851810218,77.241668701171875,2540500
2014-03-04,76.963669453771189,76.963669453771189,76.633093490747243,76.648117065429688,1080200
2014-03-05,76.542947684742131,76.738288580383369,76.490356566531261,76.73077392578125,614700
2014-03-06,76.400192260742188,76.490345174532877,76.340086496880971,76.400192260742188,534700
2014-03-07,76.009512459708631,76.159776873181187,75.994488884362013,76.069618225097656,645100
2014-03-10,76.092131193041453,76.204828032732436,76.069592971503127,76.152236938476562,1013900
2014-03-11,76.122204258196618,76.287492235988339,76.054589575645949,76.227386474609375,1571000
2014-03-12,76.460310779685045,76.573007681173138,76.400210733293562,76.527931213378906,819000
2014-03-13,76.325046280121498,76.986198124088489,76.317537359713,76.978683471679688,1638900
2014-03-14,77.083896535282108,77.091411190699148,76.850993805377513,76.986228942871094,1314400
2014-03-17,76.828441300298962,76.881032414444221,76.66315330384198,76.678176879882812,1085400
2014-03-18,76.693177572266634,76.865974426269531,76.678148269831965,76.865974426269531,861200
2014-03-19,76.753282928828924,76.798359371905576,76.039540098785565,76.152236938476562,1355500
2014-03-20,76.122236148152609,76.227418408629461,76.05462143727604,76.167312622070312,1748100
2014-03-21,76.159777023797957,76.33257393463154,76.152262370109156,76.310035705566406,466500
2014-03-24,76.122216399270911,76.415224867725527,76.114701744899776,76.340095520019531,1222600
2014-03-25,76.279991747992781,76.415226870208159,76.219885975452186,76.295021057128906,739400
2014-03-26,76.325073539963228,76.618087768554688,76.317564616872886,76.618087768554688,830000
2014-03-27,76.512859035374547,76.775820235519916,76.512859035374547,76.69317626953125,303600
2014-03-28,76.618093302874584,76.655655117046521,76.362646599292674,76.422752380371094,661600
2014-03-31,76.21984384062452,76.452752147465617,76.167252751724675,76.430213928222656,1982900
2014-04-01,76.324891074597929,76.339942766717598,76.219512001573946,76.272201538085938,2562600
2014-04-02,76.061400184574453,76.0839805812913,75.91838334840034,75.940963745117188,806800
2014-04-03,76.001242098010522,76.114149913654444,75.956081268844983,75.99371337890625,298000
2014-04-04,76.21194653655688,76.497974490744809,76.21194653655688,76.460342407226562,731900
2014-04-07,76.580772986137873,76.716261120574046,76.565721301300954,76.6409912109375,1751700
2014-04-08,76.625983408728032,76.776523314213208,76.52060432634255,76.746414184570312,666100
2014-04-09,76.565732103823549,76.829179696083784,76.497985155684162,76.723800659179688,1350500
2014-04-10,76.776508978103877,77.2206056362716,76.776508978103877,77.0474853515625,1056600
2014-04-11,77.243166087463209,77.265746487284204,77.10767794581092,77.205528259277344,918500
2014-04-14,77.107663403374858,77.175404590061916,77.002284395600384,77.0850830078125,1468600
2014-04-15,77.024875219781293,77.333483572125559,76.972185708760279,77.1754150390625,614300
2014-04-16,76.987245729860803,77.100153477910467,76.964665328796187,77.05499267578125,1405500
2014-04-17,77.009815165541468,77.009815165541468,76.513029184677265,76.618408203125,584600
2014-04-21,76.686176946242256,76.746395190624639,76.558217483975582,76.603378295898438,1021100
2014-04-22,76.48291485953412,76.588293870798267,76.415167927878372,76.5732421875,482800
2014-04-23,76.686152791751596,76.829169641430568,76.656043679044132,76.768951416015625,306400
2014-04-24,76.595874279085137,76.806632443856103,76.588345560992096,76.746414184570312,345700
2014-04-25,76.874387056104268,77.032455707189428,76.836754944548915,76.851806640625,388900
2014-04-28,76.82921899771263,76.904488956472861,76.633512510752226,76.7388916015625,574900
2014-04-29,76.618424798223103,76.806602478027344,76.595844395482928,76.806602478027344,760100
2014-04-30,76.911968720927817,77.047456857550344,76.77648058430529,77.009819030761719,544700
2014-05-01,77.058127679843423,77.382408540282299,77.005338039941236,77.231582641601562,21829500
2014-05-02,77.005296930267562,77.48040343574911,76.922341004187842,77.344657897949219,1343700
2014-05-05,77.457784432318718,77.457784432318718,77.239082956315229,77.299415588378906,929400
2014-05-06,77.314473932626186,77.412515870320703,77.261684332957927,77.389892578125,566300
2014-05-07,77.344684717001115,77.5030536070756,77.239105456951464,77.450263977050781,1107600
2014-05-08,77.525673489310421,77.66141905811169,77.412551223036445,77.533210754394531,1444300
2014-05-09,77.404994224086622,77.525659487288664,77.404994224086622,77.472869873046875,354500
2014-05-12,77.32958922957566,77.382378849222846,77.231553008412902,77.269256591796875,759600
2014-05-13,77.465320743226144,77.570899963378906,77.435154429805934,77.570899963378906,603700
2014-05-14,77.759442141903065,78.03847625105719,77.729275825753717,77.92535400390625,635400
2014-05-15,78.053596093514457,78.347710632995955,77.925393500128038,78.204421997070312,1347300
2014-05-16,78.076209148316082,78.181788417665146,78.023419513641542,78.038505554199219,452600
2014-05-19,78.136546097026667,78.234582351484178,77.940467834472656,77.940467834472656,325400
2014-05-20,77.970578371889999,78.249612401491476,77.970578371889999,78.166656494140625,34764400
2014-05-21,77.985701247242261,78.061114174926416,77.887659262979057,78.046028137207031,881700
2014-05-22,78.000752539535455,78.038461866180285,77.8876303132364,77.963043212890625,678800
2014-05-23,78.076175219231672,78.144050864967582,78.030928624498515,78.121421813964844,486800
2014-05-27,78.053597378704453,78.159176663659849,77.932932050961412,78.144096374511719,997000
2014-05-28,78.40045869883717,78.626703187832902,78.385378417934419,78.57391357421875,968200
2014-05-29,78.664418668696086,78.830330551910293,78.475883483886719,78.475883483886719,753100
2014-05-30,78.362745366100995,78.506028154570217,78.257160398378275,78.415534973144531,902400
2014-06-02,78.207835221983345,78.321148220701645,77.981214987885281,78.056755065917969,2032800
2014-06-03,77.943429755140798,77.943429755140798,77.656375198624744,77.663925170898438,1563600
2014-06-04,77.739474797167517,77.747024769809968,77.558171713666823,77.603500366210938,1566600
2014-06-05,77.565709141685801,77.8074407659592,77.565709141685801,77.716789245605469,1585800
2014-06-06,77.882992259484126,77.958532322541345,77.633704864391689,77.6563720703125,940600
2014-06-09,77.573292745830884,77.588398456315304,77.467535482424125,77.543075561523438,816500
2014-06-10,77.452404487372519,77.475065929056825,77.354202985628149,77.407081604003906,1207100
2014-06-11,77.482638346587734,77.580839869475554,77.40709827026339,77.512855529785156,814800
2014-06-12,77.543076431111743,77.852792487893723,77.475086324822882,77.815025329589844,1319500
2014-06-13,77.459966416093948,77.762132443832641,77.452410680482643,77.663925170898438,752900
2014-06-16,77.671480906509743,77.769682416106335,77.611046548294482,77.663925170898438,1401000
2014-06-17,77.520376198320321,77.550593367848322,77.323967478056247,77.339073181152344,33268500
2014-06-18,77.52793908427077,77.74700927734375,77.369303240322068,77.74700927734375,1472200
2014-06-19,77.86789278093643,77.928327141551364,77.475075200277274,77.550621032714844,1055000
2014-06-20,77.482614769340344,77.648806344686378,77.452397595337729,77.641250610351562,577000
2014-06-23,77.7470147613884,77.777231938081968,77.58837890625,77.58837890625,764200
2014-06-24,77.792340074258405,77.905647277832031,77.648809931949287,77.905647277832031,443800
2014-06-25,78.109635142029433,78.162513773964506,77.958549219830203,77.981216430664062,977500
2014-06-26,78.124708173489466,78.27579403249041,78.109602469257482,78.185142517089844,822300
2014-06-27,78.27579403249041,78.35888981410686,78.185142517089844,78.185142517089844,933200
2014-06-30,78.268228757030769,78.321107360400617,78.132254382174665,78.245567321777344,1268900
2014-07-01,78.057940632193137,78.148760559707497,77.974690475482461,77.989830017089844,17393000
2014-07-02,77.830851232264919,77.838420998938204,77.649217250387537,77.671920776367188,1779100
2014-07-03,77.361624550208944,77.543258520156797,77.346485017856736,77.512985229492188,1079900
2014-07-07,77.603817962826355,77.755178667194727,77.603817962826355,77.702201843261719,1031000
2014-07-08,77.944353214176104,78.095719635839586,77.914079929843396,78.057876586914062,491500
2014-07-09,77.989793705292499,78.163857934430482,77.800589941596058,78.073043823242188,1113900
2014-07-10,78.345493748302331,78.436313635638086,78.209266804319071,78.239540100097656,728600
2014-07-11,78.330351520935039,78.443874924324135,78.300078228428603,78.368194580078125,688600
2014-07-14,78.307653355007119,78.307653355007119,78.171426416423884,78.194129943847656,974800
2014-07-15,78.171414127787656,78.375751616520148,78.050320968509396,78.126007080078125,933500
2014-07-16,78.148725986802674,78.269813395876241,78.10331315611441,78.239540100097656,15784300
2014-07-17,78.481713353175252,78.746603222956878,78.360625955424993,78.693626403808594,1367400
2014-07-18,78.61794096975521,78.655784029779682,78.428737217713405,78.534690856933594,386900
2014-07-21,78.58766345260301,78.739029910524962,78.557395935058594,78.557395935058594,339600
2014-07-22,78.58766063041034,78.655776977539062,78.46657324246118,78.655776977539062,484200
2014-07-23,78.731535099713994,78.746674646939638,78.625581365316393,78.648284912109375,523600
2014-07-24,78.413610532930448,78.443883828873354,78.322790645101733,78.330360412597656,600900
2014-07-25,78.534720362973516,78.655813581315172,78.481743523459656,78.633110046386719,781400
2014-07-28,78.542304992675781,78.633124923614972,78.436351293601845,78.542304992675781,1448000
2014-07-29,78.633151138929207,78.670988458902372,78.496924084125794,78.648284912109375,465700
2014-07-30,78.322812912610118,78.330382682258161,78.027655410803263,78.095771789550781,1067500
2014-07-31,77.898973820063574,78.178997468988953,77.861130757708025,78.073043823242188,1506500
2014-08-01,78.30504513848669,78.608348504009882,78.138233783227932,78.532524108886719,3466800
2014-08-04,78.608356736102806,78.684181139166526,78.547694899639382,78.578025817871094,1672600
2014-08-05,78.479488128557648,78.684214682608669,78.373332762007706,78.615974426269531,1013000
2014-08-06,78.850975434586616,78.850975434586616,78.66141158937458,78.684158325195312,1139100
2014-08-07,78.72213750683882,79.040603637695312,78.623566309678708,79.040603637695312,1386100
2014-08-08,79.169460980662521,79.290778854666925,78.941982012487372,78.972312927246094,913900
2014-08-11,78.995026122605665,79.032941196211411,78.866124128390908,78.934364318847656,419800
2014-08-12,78.964756790333453,79.010250286109681,78.820686340332031,78.820686340332031,416300
2014-08-13,78.94202017983838,79.11641579273072,78.904105071800942,79.078506469726562,732400
2014-08-14,79.230094355054788,79.275593606689412,79.093608170208569,79.237678527832031,638800
2014-08-15,79.230147890730123,79.791261354812903,79.199816964155431,79.556198120117188,1570700
2014-08-18,79.38179180760325,79.419701121929577,79.268052294560391,79.305961608886719,13822300
2014-08-19,79.472746435079472,79.472746435079472,79.184611466370683,79.222526550292969,769900
2014-08-20,79.169526838669455,79.207436174880272,78.949631862519638,78.987541198730469,1052200
2014-08-21,79.002655692883167,79.192219599788046,79.002655692883167,79.154304504394531,630300
2014-08-22,79.131595335820435,79.207419777580412,78.911700405192676,79.16192626953125,1393400
2014-08-25,79.161864730029151,79.237689112844137,79.086040347214166,79.222526550292969,837500
2014-08-26,79.32115990509881,79.336322479546581,79.184673594932377,79.207420349121094,590200
2014-08-27,79.343860408505719,79.434853157253613,79.26803601039785,79.427268981933594,881300
2014-08-28,79.632010794279438,79.647179147845051,79.472777792031778,79.533439636230469,938400
2014-08-29,79.518299390875882,79.647201507210909,79.472800102437901,79.541046142578125,1407100
2014-09-02,79.222835463710808,79.230426960809922,79.032943725585938,79.032943725585938,2058600
2014-09-03,78.941762509964974,79.177226318079278,78.896190365177347,79.146842956542969,1456900
2014-09-04,79.055629412015449,79.116396081854759,78.820160015145291,78.865737915039062,1994400
2014-09-05,79.131587809918699,79.177159916487469,78.850546297677383,78.888526916503906,1098400
2014-09-08,79.093602771452822,79.131583388157026,78.744203118882311,78.804969787597656,1340900
2014-09-09,78.6378923273152,78.729042362821502,78.58472292202751,78.622703552246094,1205900
2014-09-10,78.486052084422155,78.524026953811997,78.410096550606681,78.425285339355469,1311800
2014-09-11,78.539169982661363,78.584742114028884,78.311297735759837,78.326492309570312,1224800
2014-09-12,78.144173220678468,78.189751136011665,77.992262289649304,78.030242919921875,2178400
2014-09-15,78.13657808401075,78.212533545980492,78.106194740216793,78.174552917480469,1505400
2014-09-16,78.265730564264899,78.349283340421579,78.136605653852683,78.15179443359375,24978400
2014-09-17,78.273329889343145,78.440429650974309,77.946716063600348,77.954307556152344,2704700
2014-09-18,77.954269555799314,77.96946412356138,77.817547421089031,77.901100158691406,556800
2014-09-19,78.030188922697377,78.220080352593428,77.916252905754433,78.197288513183594,920600
2014-09-22,78.273319547311161,78.410041730604661,78.227741622858858,78.364463806152344,1932600
2014-09-23,78.432806028367949,78.531547546386719,78.364442058177957,78.531547546386719,963700
2014-09-24,78.485951498709838,78.546718165899406,78.288462727857876,78.311248779296875,485300
2014-09-25,78.425284329348599,78.698728883591315,78.425284329348599,78.691131591796875,399000
2014-09-26,78.59992519610519,78.60751668686855,78.432819678813388,78.523963928222656,716100
2014-09-29,78.789799365594703,78.827774196113566,78.721435398612996,78.774604797363281,2344500
2014-09-30,78.691066110207402,78.820190988085002,78.645493987434335,78.706260681152344,1544600
2014-10-01,79.017463970576443,79.375113294852127,79.017463970576443,79.367507934570312,3346000
2014-10-02,79.329540859960957,79.42846289762717,79.116474436910877,79.131690979003906,2084100
2014-10-03,78.933809407352015,79.116436853837001,78.842492781298603,79.10882568359375,1159100
2014-10-06,79.116424761302667,79.337102219652635,79.047935850825311,79.238174438476562,1201700
2014-10-07,79.489212058910709,79.732716977765818,79.397895537234334,79.702278137207031,1429800
2014-10-08,79.755643809922717,79.999149031506349,79.512138588339099,79.983932495117188,2701900
2014-10-09,79.930644528720222,80.037177671815172,79.83172255459516,79.846939086914062,5848000
2014-10-10,79.976262440188279,80.196939791899368,79.922995893610988,80.158889770507812,4675300
2014-10-13,80.295913626370606,80.615518918059053,80.235041680659293,80.577468872070312,2074300
2014-10-14,80.592651063190985,80.760056087526891,80.486112148622297,80.737228393554688,2196700
2014-10-15,81.802598241506743,82.852713226583319,81.003593796899295,81.193832397460938,2196800
2014-10-16,81.604724457591118,81.665602185205529,80.851381446626647,80.973136901855469,1786700
2014-10-17,80.767667254057301,80.858983835565184,80.569817563599756,80.737228393554688,1143300
2014-10-20,80.957897233448037,80.980724925010961,80.744831038036324,80.851364135742188,1562200
2014-10-21,80.661160916503704,80.813349463909105,80.592677811857556,80.630722045898438,1973200
2014-10-22,80.539421232548236,80.630737862276547,80.448110408442005,80.60791015625,951800
2014-10-23,80.379634989745142,80.417685043263788,80.136129741845792,80.273101806640625,1281700
2014-10-24,80.356746372691504,80.524157192285941,80.295868655453773,80.341529846191406,678800
2014-10-27,80.318706454926428,80.501333810801171,80.318706454926428,80.425239562988281,872500
2014-10-28,80.341553665049403,80.364381364376612,80.181753964138537,80.227409362792969,771500
2014-10-29,80.120859237334074,80.166514626306196,79.702332153025793,79.9610595703125,1453100
2014-10-30,80.113237102402536,80.234992530484305,80.006704005640174,80.044754028320312,1363500
2014-10-31,79.991535882423705,80.021974757862552,79.816513800055745,79.915435791015625,886900
2014-11-03,79.809434462828293,79.923775793276235,79.618867517295612,79.885665893554688,2348900
2014-11-04,79.946637803537214,80.076227738132047,79.847545091803553,79.878036499023438,3854700
2014-11-05,79.763716221745497,79.908548990344173,79.748473421934335,79.900924682617188,1079700
2014-11-06,79.748456648430604,79.878040774319871,79.649358115751639,79.656982421875,1026100
2014-11-07,79.862801043799251,80.175333657557218,79.855182552470211,80.167709350585938,994200
2014-11-10,80.160107548910645,80.160107548910645,79.832332068608196,79.839950561523438,1427900
2014-11-11,79.839925132346224,79.86279223509564,79.748456721348575,79.847549438476562,1220800
2014-11-12,80.030504085869808,80.083862605506198,79.794202901143251,79.817070007324219,658300
2014-11-13,79.916217244947575,80.000067235228002,79.82474875783906,79.946708679199219,743400
2014-11-14,79.847587198500079,80.160119925583444,79.809471465465023,80.1143798828125,629800
2014-11-17,80.228675014474987,80.228675014474987,79.969506789308824,80.022865295410156,496500
2014-11-18,80.045778542122605,80.137246996375808,80.022911428559297,80.1143798828125,510100
2014-11-19,79.900924682617188,80.121983081557289,79.86280895962507,79.900924682617188,560000
2014-11-20,80.20585197342551,80.20585197342551,79.954302099775404,80.0457763671875,811500
2014-11-21,80.068624973476219,80.205833435058594,80.045757865819624,80.205833435058594,855800
2014-11-24,80.068617745134702,80.304918923777393,80.030502025386127,80.297294616699219,13802400
2014-11-25,80.259235476097302,80.518403924254756,80.228744044141251,80.495536804199219,1244600
2014-11-26,80.663181840879034,80.72416466326213,80.602199018495952,80.6326904296875,523300
2014-11-28,80.853769578365871,80.952862328473515,80.800411048978134,80.945243835449219,367300
2014-12-01,81.17432008647134,81.220137793634066,80.746726989746094,80.746726989746094,2063400
2014-12-02,80.502360503788822,80.555809623124716,80.372556331904093,80.387825012207031,990600
2014-12-03,80.341995184247921,80.441256147818578,80.288546076861294,80.418350219726562,851900
2014-12-04,80.433668577460352,80.700920104980469,80.372588006659754,80.700920104980469,968300
2014-12-05,80.387830533355498,80.41073646814165,80.120584918321242,80.250389099121094,1035900
2014-12-08,80.250416342580849,80.65510352923296,80.242779086553597,80.517662048339844,858300
2014-12-09,80.876493163121012,81.02920907263254,80.739051757318791,80.815406799316406,945900
2014-12-10,80.777235928322341,81.220103348121071,80.769598676114356,81.181922912597656,996800
2014-12-11,81.013959067162361,81.128494577551933,80.868886191152427,81.044502258300781,15223600
2014-12-12,81.410997242991897,81.716417437749371,81.296461757199452,81.708786010742188,7233700
2014-12-15,81.418672690898916,81.663012474122965,81.319411656486636,81.411041259765625,1248100
2014-12-16,81.914957482165079,81.914957482165079,81.51790767425743,81.823333740234375,10633800
2014-12-17,81.685937989959839,81.853916885958427,81.235432979928348,81.258338928222656,2086100
2014-12-18,80.830721725008431,80.899439549515947,80.731460703324515,80.800178527832031,4833300
2014-12-19,80.92993869852782,81.097923278808594,80.868858162938835,81.097923278808594,847800
2014-12-22,81.02920549170247,81.166646891430744,80.975756382114596,81.097923278808594,2366700
2014-12-23,80.868862275304991,80.922311387610875,80.418357621141368,80.425994873046875,1360300
2014-12-24,80.315874222964666,80.507047876102888,80.247054508230221,80.484107971191406,1098200
2014-12-26,80.629431231072715,80.629431231072715,80.484137334748937,80.591194152832031,373600
2014-12-29,80.73651933154845,80.927693128506561,80.721222160661483,80.86651611328125,2447300
2014-12-30,81.065293494469884,81.11882189453685,80.912351041308497,80.958236694335938,1194700
2014-12-31,81.011748933529077,81.118805712306482,81.004100353857297,81.049980163574219,1010400
2015-01-02,81.126438429704379,81.562319904762902,81.103498527681538,81.462905883789062,2028600
2015-01-05,81.600568762519956,82.013504590627605,81.562337528939523,81.959976196289062,1521700
2015-01-06,82.304141518561991,82.946488514416771,82.227673166097716,82.510612487792969,1890200
2015-01-07,82.273515200640205,82.594691468046577,82.174106971537412,82.495277404785156,1558000
2015-01-08,82.227671389017289,82.258259896174195,82.059437516734917,82.158851623535156,1671000
2015-01-09,82.258207870114774,82.663495123828582,82.174090987175219,82.5640869140625,1107800
2015-01-12,82.648255939054764,82.923546668870458,82.602370261311364,82.854721069335938,2700900
2015-01-13,82.762909153268765,83.076430943496121,82.678792270343919,82.931137084960938,1038800
2015-01-14,83.504680805212914,83.619386207125601,83.259978670406753,83.313507080078125,1545800
2015-01-15,83.359377495195304,84.03995536546708,83.305849095314088,84.024658203125,1374100
2015-01-16,83.84117997904562,83.917648331043878,83.397655369629916,83.405303955078125,1689100
2015-01-20,83.573503263574239,83.856442466520221,83.474095030508352,83.596443176269531,1346200
2015-01-21,83.649973949551992,83.757030767930161,83.160569684349241,83.198806762695312,2298200
2015-01-22,83.405276051525476,83.428215966034188,82.89293184696642,82.992340087890625,1330800
2015-01-23,83.298209526994327,83.565851555359231,83.298209526994327,83.535263061523438,1248200
2015-01-26,83.474126451471818,83.558237551629006,83.275304076341314,83.344123840332031,1546200
2015-01-27,83.8028656772033,83.894631115553196,83.366990054814167,83.458755493164062,863300
2015-01-28,83.489384664448906,84.215842444446594,83.489384664448906,84.101142883300781,3346300
2015-01-29,83.864056302365256,83.963470335316856,83.672882650266772,83.802879333496094,1393400
2015-01-30,84.514049194149777,84.567577585677483,84.169938939208478,84.536994934082031,2219800
2015-02-02,84.216832412770373,84.561516006692173,84.201515869026096,84.431304931640625,11544700
2015-02-03,84.048370777141699,84.056026131106734,83.711348201667377,83.719009399414062,1465200
2015-02-04,83.458549352848408,83.902805151752119,83.397271481872849,83.856849670410156,1655500
2015-02-05,83.665347715329261,83.695980802281085,83.46619758747137,83.550453186035156,1392700
2015-02-06,83.006636428849149,83.083230844041879,82.608336119800072,82.615997314453125,2016700
2015-02-09,82.87639709488063,82.88405828746302,82.570019516917995,82.577674865722656,1599900
2015-02-10,82.439820973604128,82.524076579436922,82.309609889600338,82.370887756347656,1244500
2015-02-11,82.455142646118844,82.531737056998324,82.202375830815527,82.340248107910156,1286100
2015-02-12,82.324932278176675,82.577693251896079,82.309609889600338,82.370887756347656,1845200
2015-02-13,82.340228854785749,82.378528973159476,82.087462098585362,82.095123291015625,1302400
2015-02-17,82.003211646508248,82.072150695140962,81.382789427703642,81.51300048828125,2170100
2015-02-18,81.574302368465723,82.118130349668604,81.497707948143287,81.903663635253906,8204600
2015-02-19,81.82704944637473,82.003215986178375,81.620238133309954,81.69683837890625,1459500
2015-02-20,81.980240100904069,82.118112364800623,81.490028905667103,81.65087890625,1893000
2015-02-23,81.872941990375779,82.04911423854999,81.842303084442264,82.026130676269531,818200
2015-02-24,81.911300247127784,82.577677932096748,81.735127873857479,82.570022583007812,1180900
2015-02-25,82.55471253668874,82.684923615998386,82.439818001624261,82.646629333496094,595300
2015-02-26,82.524088672269755,82.616005485859944,82.148771910057931,82.15643310546875,865900
2015-02-27,82.347899480762578,82.478110548105718,82.133432818367226,82.447471618652344,2901700
2015-03-02,82.37845907397606,82.40147901971612,81.818429974484346,81.833770751953125,10270800
2015-03-03,81.810764575656393,81.941181682346922,81.626645963091818,81.657333374023438,1224400
2015-03-04,81.803093142380717,81.872141281822323,81.603633746272308,81.718704223632812,1871100
2015-03-05,81.733983939169903,81.895088328601403,81.595893626368536,81.764671325683594,2253200
2015-03-06,81.197012421493326,81.212359050515389,80.890150077340579,80.928504943847656,1734000
2015-03-09,81.243022790845075,81.304397583007812,81.127946518795497,81.304397583007812,1218100
2015-03-10,81.664953196761829,81.772356145855127,81.542209477664514,81.649612426757812,1309200
2015-03-11,81.618951423138782,81.864444793729191,81.572923245222967,81.795402526855469,945700
2015-03-12,82.094610665266956,82.132965535391463,81.741714253788643,81.87213134765625,916800
2015-03-13,81.787735109359673,82.033228497648963,81.703346208414217,81.749374389648438,846900
2015-03-16,82.05624010310369,82.163643091413434,81.895135620639067,82.033226013183594,639400
2015-03-17,82.217367147002633,82.240381243238076,82.102290812799893,82.2020263671875,768500
2015-03-18,82.4321637163183,83.222351332154204,82.186670296289378,83.1456298828125,1963600
2015-03-19,82.953831006151844,83.076580632380725,82.646968646628309,82.754371643066406,985600
2015-03-20,83.030542363282393,83.091911315917969,82.94615346875689,83.091911315917969,1194800
2015-03-23,83.168689767050424,83.237732080982312,83.007579328487438,83.199371337890625,795100
2015-03-24,83.206960324181637,83.45245361328125,83.137918080226285,83.45245361328125,584500
2015-03-25,83.460154296849552,83.498509160618838,83.091911315917969,83.091911315917969,1240200
2015-03-26,82.961487435165054,82.969160748498624,82.554889623832906,82.623931884765625,928300
2015-03-27,82.785054876257419,83.007528319789344,82.785054876257419,82.946159362792969,2492500
2015-03-30,82.976806745938276,83.03817567333482,82.831043105701397,82.938446044921875,2017700
2015-03-31,82.930840940274194,83.160993629618417,82.869466109378948,83.1533203125,2137200
2015-04-01,83.410689927929582,83.641208808178817,83.395318485087003,83.549003601074219,2570100
2015-04-02,83.533652980671391,83.549024427345614,83.287762596286456,83.310813903808594,1126400
2015-04-06,83.718059424709324,83.787219201604202,83.36459240527023,83.418380737304688,1268500
2015-04-07,83.318452409080479,83.518240065197858,83.233927087741819,83.487503051757812,750700
2015-04-08,83.502895515141503,83.51826695805407,83.241639610505587,83.410690307617188,886400
2015-04-09,83.356891463302091,83.364571321301469,82.995738812772927,83.072578430175781,890600
2015-04-10,83.233984521676732,83.280087142406046,83.034196727699808,83.049568176269531,789700
2015-04-13,83.095618832819227,83.272355205908696,83.080253256348357,83.21856689453125,624800
2015-04-14,83.602775926948937,83.733403853673948,83.395302525692387,83.464462280273438,825400
2015-04-15,83.595130230863077,83.641232847665819,83.472182102736539,83.510604858398438,566400
2015-04-16,83.556733955582871,83.679682122673526,83.318529209958839,83.572105407714844,903300
2015-04-17,83.502886058317117,83.848673134835707,83.449097739190279,83.741096496582031,1945700
2015-04-20,83.702679969935275,83.725731270917009,83.487526677455705,83.587417602539062,878100
2015-04-21,83.525946817022586,83.541318259935153,83.372267562823552,83.410690307617188,811000
2015-04-22,83.356925439330666,83.356925439330666,82.911247269255185,82.926612854003906,725100
2015-04-23,82.98037281412067,83.280051445387357,82.934270213152701,83.180160522460938,918700
2015-04-24,83.310841048002715,83.495263293246452,83.303161184652552,83.472206115722656,739100
2015-04-27,83.379960223577314,83.464485579167729,83.218595234492383,83.341537475585938,854400
2015-04-28,83.141760371645532,83.326182550604287,82.926607025349327,82.957344055175781,1101100
2015-04-29,82.565445650706764,82.78060483707506,82.457868988766805,82.649971008300781,1118000
2015-04-30,82.358003756806568,82.696105292719608,82.188952988850048,82.626945495605469,2650600
2015-05-01,82.382997561857806,82.467651272797113,82.113641642655992,82.175209045410156,1854300
2015-05-04,82.244416166734908,82.35984762671329,81.998152599803419,82.005844116210938,2784900
2015-05-05,82.052042210837826,82.052042210837826,81.66725492844644,81.867340087890625,2050800
2015-05-06,81.728838578785329,81.782708578062653,81.374834887621603,81.467185974121094,1802100
2015-05-07,81.613444662410018,81.898183702042161,81.551877243043833,81.813529968261719,2201300
2015-05-08,82.313716992397019,82.375284383353218,82.036669604483663,82.129020690917969,1004300
2015-05-11,81.875071111006648,81.875071111006648,81.297889950319188,81.320976257324219,1324400
2015-05-12,81.190136523956951,81.551837597656601,81.11318022285667,81.382530212402344,1431000
2015-05-13,81.690328288990813,81.690328288990813,81.236276314553663,81.274757385253906,1221200
2015-05-14,81.382587636882008,81.636548893961333,81.382587636882008,81.551895141601562,617500
2015-05-15,81.790360993238934,82.190542943287014,81.751885798563848,82.136672973632812,854900
2015-05-18,81.805780788956199,81.875039683386376,81.567208674902162,81.582603454589844,1000400
2015-05-19,81.213219356848938,81.559531504086138,81.128565667839126,81.220916748046875,1240400
2015-05-20,81.421003244073518,81.628785823628306,81.282479567240699,81.397911071777344,1682600
2015-05-21,81.651846268523826,81.898109852534489,81.597976293002347,81.882720947265625,836700
2015-05-22,81.728806376436481,81.790373743177696,81.528721241608395,81.698028564453125,852300
2015-05-26,81.736506961146603,82.205947875976562,81.7057232765723,82.205947875976562,1925600
2015-05-27,82.098207411502912,82.221336277656505,81.928900083077721,82.159774780273438,1015000
2015-05-28,82.152116924932784,82.306029549538152,82.082858005277458,82.236770629882812,1068200
2015-05-29,82.382938745719244,82.490678687924287,82.275198803514215,82.282890319824219,1148500
2015-06-01,82.266736464338791,82.328395432760658,81.819675129349051,81.919876098632812,2161700
2015-06-02,81.611592350492586,81.634721089230311,81.295570155977828,81.349525451660156,1484500
2015-06-03,81.041234794438196,81.041234794438196,80.609592280706394,80.655838012695312,1703400
2015-06-04,80.825396515112772,81.164547493438889,80.825396515112772,81.048927307128906,1594800
2015-06-05,80.478477620583973,80.709711928007934,80.324315534952405,80.463058471679688,1384900
2015-06-08,80.671171562907332,80.732830513226105,80.570964742360673,80.57867431640625,877800
2015-06-09,80.509371636848627,80.540204079817485,80.224181830589188,80.316673278808594,822400
2015-06-10,80.185602783793129,80.231848486550476,79.97749124070053,80.008323669433594,967000
2015-06-11,80.285801527043873,80.648069296476677,80.177885097050833,80.640365600585938,3069700
2015-06-12,80.501586709070878,80.925519140591163,80.486167562801043,80.594078063964844,1578100
2015-06-15,81.002671174930569,81.048922775280587,80.709771815918089,80.786849975585938,1478800
2015-06-16,80.964074670418128,81.118230874818366,80.848454576776817,81.095108032226562,779000
2015-06-17,80.979514478184996,81.226168014471071,80.609537114097989,81.141380310058594,1994000
2015-06-18,81.033460338413491,81.156790032566207,80.771393559364185,81.0797119140625,1481600
2015-06-19,81.380319152018558,81.534475386107502,81.326363882019095,81.5113525390625,1849600
2015-06-22,81.149102502649527,81.179934934564088,80.794538356659658,80.825370788574219,860300
2015-06-23,80.532428633496679,80.863869749273135,80.493886643950731,80.57867431640625,925000
2015-06-24,80.717433622325359,80.85617657988513,80.570981089155822,80.817634582519531,1176500
2015-06-25,80.617233276367188,80.75597624510479,80.493909460091345,80.617233276367188,919800
2015-06-26,80.308903136824114,80.385981240133859,80.139327781133275,80.231819152832031,1441500
2015-06-29,80.74059686208011,81.24161367507034,80.632686272289746,81.164535522460938,1500900
2015-06-30,80.817595970044692,81.218411380688849,80.817595970044692,80.940925598144531,1599400
2015-07-01,80.595111021481728,80.680029711847055,80.402115068791289,80.517913818359375,3738800
2015-07-02,80.795804607440758,80.950198968102441,80.741760102465108,80.803520202636719,1924600
2015-07-06,81.413404918467521,81.490602114897698,81.073730186452522,81.374809265136719,1723300
2015-07-07,81.814910120555467,82.069660498871656,81.552432359251952,81.591033935546875,2083900
2015-07-08,81.753098621520834,82.015570328244422,81.668179918811461,81.915214538574219,1991200
2015-07-09,81.513795171136977,81.614156869748214,81.328520643366204,81.343963623046875,1206900
2015-07-10,80.819073389449741,81.035228145063741,80.641514331752333,80.780471801757812,3719900
2015-07-13,80.425282165696004,80.741792498977972,80.425282165696004,80.564239501953125,1322300
2015-07-14,80.780406317135572,80.842166451466682,80.703209094106967,80.819007873535156,1321600
2015-07-15,80.726302553447198,81.189491407753977,80.718581070441772,81.127731323242188,1239500
2015-07-16,80.919349686270564,81.189542865048693,80.865311050514947,81.096908569335938,811400
2015-07-17,81.019703192011463,81.181824984489836,81.011987594098699,81.104621887207031,881300
2015-07-20,80.965663455774376,80.996543516313324,80.803547555271919,80.9425048828125,842500
2015-07-21,80.85758711677336,81.204983384496543,80.826707055880007,81.1663818359375,676600
2015-07-22,81.18954930518882,81.390266778103751,81.181833706447108,81.266746520996094,523800
2015-07-23,81.189520559762187,81.598670959472656,81.166361992196386,81.598670959472656,1064800
2015-07-24,81.660460343220024,81.714498983503589,81.529224486784216,81.6759033203125,1098400
2015-07-27,81.969241640914433,82.007843187538469,81.830284318744674,81.946083068847656,1392600
2015-07-28,81.745342330818119,81.822539512296117,81.675866634418142,81.714462280273438,6205200
2015-07-29,81.637272498594299,81.899744117364051,81.482878121643608,81.598670959472656,2107300
2015-07-30,81.544666372684006,81.714503792075206,81.490627729220492,81.69134521484375,683200
2015-07-31,82.100516529924391,82.231752427242697,82.015597798772106,82.169998168945312,1113000
2015-08-03,82.18849935806297,82.49776461827588,82.157571652270335,82.420448303222656,2627700
2015-08-04,82.304489328553615,82.343150444173915,81.948829480507484,81.995223999023438,1036000
2015-08-05,81.801910589279004,81.817371492502261,81.562222347893751,81.678199768066406,1283300
2015-08-06,81.801905526759526,82.002926750504344,81.76324442280908,81.964271545410156,731700
2015-08-07,82.033875159807977,82.312218661709522,81.987486542443634,82.289024353027344,1533700
2015-08-10,82.018433751114941,82.103483502406149,81.856067652884221,81.948844909667969,1123900
2015-08-11,82.389595694527614,82.675672809722698,82.381868185178462,82.4901123046875,2263800
2015-08-12,82.621525981663609,82.899869605205524,82.451426445181298,82.459159851074219,1765700
2015-08-13,82.27358824297761,82.451415262373999,82.173071676583561,82.242660522460938,1626500
2015-08-14,82.095767840552185,82.296795105128155,82.01845147690311,82.157623291015625,612500
2015-08-17,82.435963955544608,82.497813504924039,82.289058740690521,82.304519653320312,905300
2015-08-18,82.165324152637183,82.335423636819556,82.142129840950233,82.173057556152344,690400
2015-08-19,82.010674779594538,82.737461191737367,82.002941377653755,82.675605773925781,1444500
2015-08-20,82.799294282301162,82.969393698104568,82.737444775618599,82.899810791015625,1933300
2015-08-21,83.015811722819876,83.278688422556897,82.923028588223261,83.2322998046875,2123600
2015-08-24,83.889531845416286,84.090559103362665,83.178211885126316,83.371505737304688,3074800
2015-08-25,83.046773281791374,83.054500788680571,82.613791042727399,82.915328979492188,2925500
2015-08-26,82.536452406050998,82.907579096676699,82.335425202842956,82.405014038085938,3512900
2015-08-27,82.289051999306494,82.505540151549624,82.211735644771053,82.358634948730469,1414100
2015-08-28,82.691129181914505,82.752984646480201,82.312274784457742,82.374130249023438,1998000
2015-08-31,82.667862243350953,82.691056547474162,82.211691865310399,82.234886169433594,5431600
2015-09-01,82.464903194647022,82.627524609985542,82.379719704498044,82.604293823242188,3749700
2015-09-02,82.418406348332525,82.604258470874782,82.340968456284301,82.379684448242188,2441700
2015-09-03,82.581069946289062,82.619791866191292,82.371986939969247,82.581069946289062,1791300
2015-09-04,82.735926652143789,82.921784734876539,82.565565605173276,82.836601257324219,1421300
2015-09-08,82.48812621153624,82.573309693661486,82.41068829364086,82.472640991210938,1583500
2015-09-09,82.155174830377433,82.61206879546485,82.131944035364654,82.503654479980469,1397200
2015-09-10,82.433956404569997,82.441701972307072,82.217127773028423,82.317802429199219,1601600
2015-09-11,82.488139448892085,82.635275652199212,82.45716900327146,82.53460693359375,1069000
2015-09-14,82.704959073877617,82.712698729825277,82.519100984716147,82.612030029296875,897500
2015-09-15,82.449418005908583,82.480394357623808,81.946062629772385,81.9615478515625,1903000
2015-09-16,81.915085558666192,82.100937759190373,81.853132855779819,81.938316345214844,1305300
2015-09-17,81.899612720353772,82.627536410859534,81.899612720353772,82.619796752929688,2394300
2015-09-18,82.836621528594833,83.022473748674088,82.743692464487424,83.006988525390625,2074200
2015-09-21,82.704973925184035,83.006985989135757,82.45716900327146,82.53460693359375,1591700
2015-09-22,82.852131637960184,83.092196981978233,82.790184818084001,82.945060729980469,1395500
2015-09-23,82.883095805249198,82.952794091042236,82.74370514179958,82.852119445800781,1364300
2015-09-24,83.192849410353602,83.278032917623719,82.952790021575737,82.976020812988281,1393000
2015-09-25,82.728209435491536,82.828878159843029,82.635280368919283,82.759185791015625,1564000
2015-09-28,82.875258673459811,83.231483459472656,82.83654269802706,83.231483459472656,1926000
2015-09-29,83.301260704887909,83.580042008056921,83.231568333163622,83.518089294433594,2460900
2015-09-30,83.339979174383657,83.556807754944117,83.316742476635852,83.533576965332031,2676000
2015-10-01,83.684029935463585,83.800366654689711,83.567693216237444,83.598716735839844,10101300
2015-10-02,84.343251652108052,84.513878027478484,83.862396041257796,84.001998901367188,3320200
2015-10-05,83.823637634484058,83.823637634484058,83.505650978125658,83.536674499511719,3034900
2015-10-06,83.474594401537416,83.746048626889092,83.443570892436384,83.707267761230469,2104000
2015-10-07,83.505645729119891,83.614225088580184,83.389309010517763,83.497894287109375,2338000
2015-10-08,83.528974661193061,83.598779111664697,83.203236338020773,83.280792236328125,2176800
2015-10-09,83.241919198048379,83.397030811962622,83.203138336005438,83.327232360839844,1069400
2015-10-12,83.490131489659305,83.621977000825723,83.420327096192366,83.606468200683594,1336300
2015-10-13,83.668529163324422,83.715067409050874,83.466885127994999,83.684043884277344,1849700
2015-10-14,83.978770618745926,84.157154432665592,83.808144166422721,84.141639709472656,1359600
2015-10-15,84.002029647980493,84.025295813659582,83.800385600673323,83.85467529296875,1075500
2015-10-16,83.939976314154066,83.939976314154066,83.738326379016954,83.784858703613281,1773000
2015-10-19,83.784868719421581,83.800383440896226,83.567709955836705,83.74609375,1744500
2015-10-20,83.505638762018506,83.552176995855334,83.420325569970288,83.4591064453125,1134500
2015-10-21,83.614242285995601,83.800383440896226,83.614242285995601,83.74609375,6576500
2015-10-22,83.784835181143336,83.916680675238709,83.645232329415833,83.831367492675781,2411400
2015-10-23,83.466817510394463,83.466817510394463,83.334966157638476,83.358238220214844,2029600
2015-10-26,83.497906489949841,83.606485865278529,83.474634409123269,83.575462341308594,3131500
2015-10-27,83.76159254131511,83.908952792045909,83.715060216718783,83.784858703613281,1373100
2015-10-28,83.746067335332356,83.7615761347828,83.241945554798747,83.35052490234375,2058200
2015-10-29,83.148890494818545,83.156647854554052,82.823152391508401,82.838661193847656,1772400
2015-10-30,82.900749596938425,83.048109919772813,82.869726059650404,83.001571655273438,3424800
2015-11-02,82.825197279832565,82.879569770526388,82.739753947862695,82.7630615234375,5313500
2015-11-03,82.693140110459538,82.739743403355888,82.50672101271789,82.545555114746094,1941700
2015-11-04,82.568881405755747,82.700928049667951,82.38245633959518,82.460136413574219,1933200
2015-11-05,82.460163046745237,82.483464706001925,82.281507115511388,82.405784606933594,1554600
2015-11-06,81.900876709934749,81.963012475260811,81.737759214407831,81.846504211425781,2968600
2015-11-09,81.590173737882651,81.83096538338468,81.574635352016685,81.706687927246094,3223900
2015-11-10,81.838713123974742,82.009599766758967,81.753269802582622,81.862014770507812,1467900
2015-11-11,81.7843241698111,81.861998284664296,81.7532533386388,81.823158264160156,1638100
2015-11-12,81.830949092760207,82.00960493770566,81.830949092760207,81.869789123535156,2399100
2015-11-13,82.040688010196376,82.203805496691672,82.040688010196376,82.180503845214844,2665300
2015-11-16,82.328094980342968,82.405769138671687,82.196048318568316,82.289260864257812,1412800
2015-11-17,82.040640613800932,82.382407848278291,81.978498961658104,82.265899658203125,1180000
2015-11-18,82.172746942170576,82.312562798099464,82.087303589871894,82.227119445800781,941500
2015-11-19,82.429092192349813,82.491227974981143,82.359181288420203,82.405784606933594,1967200
2015-11-20,82.452381837230675,82.514523536966678,82.297027587890625,82.297027587890625,1287900
2015-11-23,82.250436261115965,82.47569551086319,82.219365406720527,82.405784606933594,1377100
2015-11-24,82.452373367190972,82.584420020946325,82.429071713723332,82.483444213867188,1094500
2015-11-25,82.530059814453125,82.584432322696287,82.405776409235074,82.530059814453125,752400
2015-11-27,82.607701694900953,82.677612564553286,82.599932503571452,82.615470886230469,759600
2015-11-30,82.607682500506456,82.662054974865995,82.59991331098216,82.646522521972656,2266900
2015-12-01,82.650466610033234,83.093903561201174,82.650466610033234,83.086128234863281,2805800
2015-12-02,82.899374957528721,82.953831893349829,82.743785408142955,82.852699279785156,1579000
2015-12-03,82.487066904099592,82.494848163082182,81.818021080272914,81.981391906738281,2750500
2015-12-04,82.144772296669515,82.370381350538494,82.066977503871101,82.284805297851562,2231500
2015-12-07,82.331496217071248,82.736032746512649,82.3081583701331,82.549324035644531,1954000
2015-12-08,82.751557992852398,82.751557992852398,82.502611178711291,82.595962524414062,1519900
2015-12-09,82.549284054388835,82.821568695729283,82.362575433949672,82.720436096191406,3711100
2015-12-10,82.751579246935577,82.759354570834347,82.533745535173068,82.541526794433594,1545000
2015-12-11,82.938232616017004,83.311649716452365,82.914894789159518,83.202735900878906,3352900
2015-12-14,82.852699221623553,82.961613093189314,82.58819580078125,82.58819580078125,2204400
2015-12-15,82.277033557223533,82.455960994917547,82.2459144516762,82.378166198730469,1591000
2015-12-16,82.222547026594938,82.448156009127814,81.996938044062063,82.160308837890625,1911800
2015-12-17,82.277000280480465,82.549284924691563,82.277000280480465,82.502609252929688,1202600
2015-12-18,82.697108050111311,82.883816692652744,82.627088599557808,82.798240661621094,4396700
2015-12-21,82.767093000369726,82.938245003364301,82.767093000369726,82.837112426757812,1603200
2015-12-22,82.697155254838449,82.743830958276789,82.526003095079048,82.603797912597656,1411800
2015-12-23,82.38591124260509,82.455924747787193,82.308116480616135,82.417030334472656,1380800
2015-12-24,82.482520931730591,82.568229675292969,82.420186219218792,82.568229675292969,654200
2015-12-28,82.544816033750337,82.716233438617621,82.498062049519476,82.583770751953125,2198300
2015-12-29,82.498067890171711,82.498067890171711,82.085110991698329,82.147445678710938,1752500
2015-12-30,82.085117347007454,82.272115477960369,82.030575977789383,82.178619384765625,1358100
2015-12-31,82.311078284298063,82.427954348390443,82.201995543028801,82.272117614746094,1906000
2016-01-04,82.661726954236897,82.903272482453048,82.583811534791408,82.622772216796875,6183700
2016-01-05,82.568228396180061,82.747433261168595,82.459145623256958,82.599395751953125,2122800
2016-01-06,82.950001924212287,83.113626051686381,82.879879845822302,83.098045349121094,1906100
2016-01-07,83.207107248265302,83.277229309082031,82.918813794261524,83.277229309082031,3106000
2016-01-08,83.199346812901652,83.526595115189892,83.129224724367731,83.487640380859375,1783200
2016-01-11,83.199358511147494,83.409736695459429,83.137023793976127,83.222732543945312,4816100
2016-01-12,83.191525422896945,83.783693063859204,83.136984057582197,83.596694946289062,8962500
2016-01-13,83.542190984751272,84.040856817911234,83.472062943912647,83.923980712890625,2664100
2016-01-14,83.838249312597995,83.994086058707254,83.557749114165361,83.752540588378906,2597300
2016-01-15,84.282355171028698,84.297941814506842,84.064189718836531,84.142105102539062,4334300
2016-01-19,84.009676508621922,84.220048709573717,83.931761098808835,84.033050537109375,4896500
2016-01-20,84.438242281261566,84.757697328482408,84.383700885659664,84.446029663085938,4949100
2016-01-21,84.555073491324663,84.640782208428291,84.181077220839327,84.235618591308594,2385700
2016-01-22,83.955135331394871,84.118759475769536,83.853845892848099,84.048637390136719,1735600
2016-01-25,84.235637648416059,84.336927089470379,84.149928911922061,84.329139709472656,1190900
2016-01-26,84.329097354924386,84.484928100520705,84.251176037564335,84.391426086425781,1288000
2016-01-27,84.329094835905281,84.477132256431148,84.033008105730104,84.453758239746094,1802300
2016-01-28,84.329112421386782,84.609606624661609,84.290151755745924,84.562858581542969,2222900
2016-01-29,84.858947360121363,85.069319503643314,84.757652004908891,85.014778137207031,3805500
2016-02-01,84.904734835223437,85.013976736904326,84.70965916033083,84.818901062011719,6813000
2016-02-02,85.224685927594265,85.482187320130748,85.216881231482574,85.419761657714844,4141600
2016-02-03,85.341735491393052,85.887945173220402,85.302717962731506,85.326126098632812,12145000
2016-02-04,85.427623059939606,85.560273215696299,85.279363501598141,85.529060363769531,2431100
2016-02-05,85.36515501036429,85.69288086316152,85.294924640056408,85.638259887695312,1440200
2016-02-08,85.942568545197346,86.340524726367477,85.895752272085289,86.278099060058594,2824800
2016-02-09,86.551240837310218,86.551240837310218,86.215710179288578,86.293739318847656,2679600
2016-02-10,86.278096027745349,86.582413698756653,86.07521559599148,86.551200866699219,2027200
2016-02-11,87.191057374254058,87.401742522468737,86.84772809528576,86.949165344238281,3743000
2016-02-12,86.56678285945118,86.683823501072439,86.129809302195738,86.285873413085938,3258700
2016-02-16,86.129864396059631,86.145473793751918,85.919185153141086,86.028427124023438,2816800
2016-02-17,85.848963544924544,85.864572944212313,85.575858589803687,85.817756652832031,4856500
2016-02-18,85.739720404839616,86.254723416032959,85.739720404839616,86.215705871582031,3125700
2016-02-19,86.137676735921616,86.324947852154907,86.059647600261201,86.215705871582031,1340000
2016-02-22,86.129814147949219,86.200044490110315,86.067394453318443,86.129814147949219,1012200
2016-02-23,85.90354227241869,86.379527511410856,85.86453069987553,86.301498413085938,2257800
2016-02-24,86.629224197993736,86.917938410358374,86.21566461895695,86.301498413085938,2947700
2016-02-25,86.551193412258257,86.738470388473189,86.379525827347123,86.558998107910156,1983600
2016-02-26,86.106406194556683,86.223452796239798,86.012773675800162,86.137619018554688,2957900
2016-02-29,86.145448984081625,86.324915333170651,86.098626757730358,86.278099060058594,3861600
2016-03-01,86.377333539043647,86.377333539043647,85.564663869988152,85.603736877441406,5901200
2016-03-02,85.384953883161927,85.486541338680851,85.299003980214948,85.455284118652344,3011200
2016-03-03,85.439633559993283,85.658434051618627,85.369309301820138,85.556846618652344,2093000
2016-03-04,85.384960733453028,85.517805419658359,85.119283284453573,85.267753601074219,1781200
2016-03-07,85.134907510348114,85.158354898142662,85.025510214128943,85.095840454101562,2349400
2016-03-08,85.595927671874406,85.760023584741376,85.533413239819083,85.588111877441406,1747600
2016-03-09,85.322458847645393,85.424040357463696,85.158362887920731,85.252128601074219,1537800
2016-03-10,85.259954018408024,85.361535539688703,84.814548945551593,84.9473876953125,2798700
2016-03-11,84.962999133265455,84.962999133265455,84.634801292940097,84.705131530761719,1785000
2016-03-14,84.814499106290015,84.931712153786663,84.728543268906023,84.767616271972656,2661800
2016-03-15,84.947390260961413,85.017720517592778,84.728595616698357,84.752037048339844,2960800
2016-03-16,84.634807743651763,86.705552593791865,84.548851869599105,85.197425842285156,2052300
2016-03-17,85.291221618652344,85.384987353788574,85.228707154089875,85.291221618652344,2745500
2016-03-18,85.40836209829466,85.541200751212656,85.338031895060055,85.439613342285156,2434600
2016-03-21,85.252124492890857,85.314638939784743,85.166168618838213,85.197425842285156,1725000
2016-03-22,85.392797924493706,85.408429520531087,84.99427568944003,85.017723083496094,1437700
2016-03-23,85.111430467598183,85.486511013178983,85.111430467598183,85.408370971679688,1405400
2016-03-24,85.549059113229276,85.62719918549368,85.181794215710667,85.32244873046875,1548200
2016-03-28,85.416222024022005,85.580317978873182,85.353713537678146,85.447479248046875,1291400
2016-03-29,85.642828146781,86.025718688964844,85.588129497897597,86.025718688964844,2981000
2016-03-30,85.830362266733459,85.97101678163196,85.650640696516419,85.90850830078125,2808800
2016-03-31,86.010075321165985,86.299200098042448,85.892862251529337,86.221054077148438,3759100
2016-04-01,86.22727349154863,86.329009820216029,86.01597312561104,86.195968627929688,5489100
2016-04-04,86.282110553368781,86.352542063348622,86.172546446202787,86.297760009765625,3035600
2016-04-05,86.618620305938236,86.681230065685241,86.516883924445835,86.642097473144531,1951500
2016-04-06,86.532528619161042,86.602966087700764,86.344705321046789,86.454269409179688,1646000
2016-04-07,86.696896592362293,86.939501995661047,86.665591706324307,86.900375366210938,2069600
2016-04-08,86.720335543644083,86.782945288125845,86.618599186956615,86.767295837402344,1309500
2016-04-11,86.556027407570539,86.806460524548385,86.532550235790822,86.751678466796875,879600
2016-04-12,86.509023941197796,86.602938545785207,86.344677861264643,86.40728759765625,1363200
2016-04-13,86.282101615472016,86.524706974665975,86.258624447910719,86.469924926757812,1466400
2016-04-14,86.29774788300486,86.415139687271122,86.19601150373154,86.266448974609375,1403900
2016-04-15,86.360365456359929,86.602976799343438,86.329060574336381,86.524711608886719,1657800
2016-04-18,86.462104659753408,86.462104659753408,86.305580255348872,86.438621520996094,1297800
2016-04-19,86.321243150554935,86.391674660534775,86.188195902599631,86.297760009765625,1219600
2016-04-20,86.305565840679719,86.438607084106536,85.836004647482767,85.859481811523438,1939800
2016-04-21,85.67164309248804,85.820339732346838,85.616861062665336,85.718597412109375,1636600
2016-04-22,85.718641658908453,85.765596002766983,85.569944942294427,85.624732971191406,952100
2016-04-25,85.58560481485128,85.695168936741368,85.522995039257864,85.53082275390625,1416300
2016-04-26,85.491653250641249,85.499480961910947,85.303829975728092,85.350784301757812,1127100
2016-04-27,85.577731758395984,85.898602210207287,85.45251824434807,85.820343017578125,1734000
2016-04-28,85.836006529546239,86.141221610356226,85.796873941424082,86.117744445800781,2807300
2016-04-29,85.945572079505396,86.164700246825603,85.867312872718855,86.086441040039062,2858500
2016-05-02,85.946156446583217,86.048041946371384,85.828592574798762,85.83642578125,2226800
2016-05-03,86.322336509720031,86.424221989264893,86.275313362167893,86.345848083496094,2330900
2016-05-04,86.361518584790559,86.518266382048324,86.212603991714047,86.502593994140625,1176900
2016-05-05,86.471236614576256,86.737709045410156,86.322322032907479,86.737709045410156,1257500
2016-05-06,86.675004961677587,86.714194896596879,86.439883290795407,86.533935546875,1675600
2016-05-09,86.643677401827475,86.706372938791091,86.573136700868034,86.698539733886719,1459900
2016-05-10,86.659365008980757,86.722066536500776,86.588830275180797,86.682876586914062,1506900
2016-05-11,86.643703708969241,86.910176265722924,86.596674567535175,86.816123962402344,1606800
2016-05-12,86.557497328359887,86.682894429664827,86.494795787933413,86.581008911132812,1261500
2016-05-13,86.635874990847498,86.933698351362423,86.596685031508159,86.910186767578125,5007300
2016-05-16,86.698563545303685,86.698563545303685,86.565321291240437,86.596672058105469,1708100
2016-05-17,86.533971411824524,86.659368492358283,86.471269881784124,86.479103088378906,1158700
2016-05-18,86.290986910042179,86.306665279133881,85.679662065473948,85.781547546386719,2946500
2016-05-19,85.875606519141542,86.001009563471158,85.82858336729106,85.867767333984375,1345000
2016-05-20,85.883431091243366,86.008828134690432,85.805057191645801,85.922615051269531,1059400
2016-05-23,85.993179287466006,86.055880816126873,85.875615416113575,85.977500915527344,892300
2016-05-24,85.828592574798762,85.922638888588793,85.711028703014307,85.83642578125,965200
2016-05-25,85.812921234065556,85.922645928842385,85.758058886677134,85.797248840332031,890300
2016-05-26,85.938262669389928,86.134200338048103,85.883400361347356,86.06365966796875,998200
2016-05-27,86.095092518603721,86.126443293032423,85.797269130854261,85.899154663085938,1995300
2016-05-31,85.687513059436029,86.087221833174766,85.687513059436029,86.001014709472656,1734700
2016-06-01,86.223165793759449,86.262414054859093,85.932750220019997,85.971992492675781,2786400
2016-06-02,86.105435834408283,86.301665183154384,86.105435834408283,86.238876342773438,5038500
2016-06-03,86.906039990323478,87.055176186033918,86.88249343067308,87.039474487304688,1971300
2016-06-06,86.858958244771003,86.976691058439513,86.788312568125676,86.811859130859375,1715700
2016-06-07,86.976650704133263,87.039445501251237,86.929557600515523,86.937408447265625,2672900
2016-06-08,87.000226228925058,87.078722745684303,86.960983958988876,87.039474487304688,1284200
2016-06-09,87.290651389232025,87.322048799548483,87.16506773640991,87.17291259765625,1328400
2016-06-10,87.431910798970449,87.581046956611573,87.337718595969449,87.47900390625,1878900
2016-06-13,87.635999543639571,87.714490059650984,87.502565067575929,87.651695251464844,1026200
2016-06-14,87.879354795729057,87.879354795729057,87.604634892756877,87.628181457519531,1390600
2016-06-15,87.628167421832032,87.98922866339808,87.628167421832032,87.895042419433594,2377600
2016-06-16,88.13049736382473,88.326726652927817,87.902870669852035,87.989212036132812,3088700
2016-06-17,87.910770230119255,87.910770230119255,87.628199418161046,87.690994262695312,3140900
2016-06-20,87.306356493428197,87.369145328066068,87.251412520342598,87.314201354980469,1956500
2016-06-21,87.298499304382219,87.408387242574079,87.102269987833424,87.117965698242188,1494500
2016-06-22,87.117974269752921,87.30635874385419,87.094427707601284,87.290657043457031,1378700
2016-06-23,86.929600654826487,87.110134288844606,86.851110113775121,86.874656677246094,1715000
2016-06-24,88.27964932675853,88.287500176490553,87.981376921378953,88.075569152832031,4390000
2016-06-27,88.664223734695213,88.88399953687501,88.617130630925672,88.836906433105469,4493700
2016-06-28,88.813407693919956,88.876202525045926,88.656420616105052,88.821258544921875,1799700
2016-06-29,88.750596108344794,88.821241777136095,88.452329699470624,88.460174560546875,2670900
2016-06-30,88.601420495607968,88.852593672516676,88.475836901374066,88.656364440917969,5690800
2016-07-01,89.055724357115182,89.071442057777347,88.717736822960262,88.890655517578125,5292300
2016-07-05,89.22075926034988,89.535167146638017,89.189317872037904,89.377960205078125,2926300
2016-07-06,89.464407742809058,89.480125435952417,89.252185902805138,89.393669128417969,1921600
2016-07-07,89.228614643483795,89.425118821782974,89.071413699577107,89.275779724121094,1323000
2016-07-08,89.283631172325769,89.472279491912374,89.150009776908732,89.448699951171875,2097900
2016-07-11,89.197170995488804,89.275771460166368,88.977081298828125,88.977081298828125,2728800
2016-07-12,88.615509848981986,88.686254461369174,88.332543393094724,88.450447082519531,4116200
2016-07-13,88.70986241421403,88.8356219922062,88.64697962680161,88.678421020507812,3077200
2016-07-14,88.191063895919513,88.419009439295465,88.175346201852307,88.308967590332031,2761900
2016-07-15,88.057478274742294,88.112499221572477,87.87669773380027,87.971015930175781,2811600
2016-07-18,88.112503950423445,88.191104450565874,87.860978751867421,87.947441101074219,4173500
2016-07-19,88.159632739625266,88.261812748044434,88.081026275022978,88.183212280273438,4171900
2016-07-20,88.057477611454814,88.057477611454814,87.915994321123833,88.002456665039062,2213700
2016-07-21,87.782348555426552,88.230377851189616,87.766630859448782,88.198936462402344,1944700
2016-07-22,88.002446399769966,88.285412947424589,87.971005005938039,88.128211975097656,1140000
2016-07-25,88.104608423512531,88.214656277846828,88.041731645533389,88.057449340820312,889100
2016-07-26,88.191050097696419,88.191050097696419,87.947386898376394,88.112449645996094,1694100
2016-07-27,88.222504950355329,88.489753723144531,88.120324947223835,88.489753723144531,1962700
2016-07-28,88.348268702304082,88.615511472855502,88.316827318092578,88.536911010742188,1220200
2016-07-29,88.701960969309127,88.898465094627426,88.631222362672943,88.874885559082031,2386800
2016-08-01,88.597822963106665,88.763116691891952,88.534858213013521,88.566337585449219,2479100
2016-08-02,88.172819445250383,88.53489845025743,88.172819445250383,88.353858947753906,2920500
2016-08-03,88.408942489129402,88.432555027954265,88.172805090433869,88.401069641113281,1148600
2016-08-04,88.58999677119283,88.786775967925621,88.582123921860656,88.613609313964844,1065000
2016-08-05,88.361722630963627,88.440433100103689,88.054747597660665,88.062614440917969,2368100
2016-08-08,87.960275311157773,88.149181603518031,87.873692009404593,88.015373229980469,1304000
2016-08-09,88.117743911366077,88.3617542598342,88.070518814022691,88.330268859863281,1817000
2016-08-10,88.377431324726288,88.629308340764112,88.361691638508432,88.566337585449219,1262500
2016-08-11,88.495488701652704,88.550586604219816,88.054705481115747,88.141288757324219,1823600
2016-08-12,88.582103037748226,88.708038571249915,88.432548961818313,88.456161499023438,1377100
2016-08-15,88.322354297390305,88.37745222001233,88.180673067044637,88.196418762207031,1031800
2016-08-16,88.117720256393426,88.196436737802486,87.976038997171258,88.046882629394531,1433500
2016-08-17,88.070468915965947,88.306606279346568,87.960273081114352,88.18853759765625,1733900
2016-08-18,88.251527621416713,88.408948561210011,88.117713216846084,88.345977783203125,1245600
2016-08-19,88.101980563246244,88.188563888616699,87.936686761691121,88.046882629394531,1396700
2016-08-22,88.243598937988281,88.314436514506625,88.149142830743699,88.243598937988281,1084600
2016-08-23,88.306614797135822,88.393198105045443,88.157060718887706,88.235771179199219,939900
2016-08-24,88.306644222750876,88.330256768190196,88.133477549228886,88.204315185546875,1345600
2016-08-25,88.125585218319571,88.220041384421961,88.046874749179494,88.062614440917969,1037700
2016-08-26,88.196403412249467,88.408922218168982,87.661163969123052,87.724128723144531,1988300
2016-08-29,87.881560182650233,88.141310074095557,87.873687336030613,88.086212158203125,1497400
2016-08-30,88.125548424980124,88.157033800535444,88.03109229831415,88.078323364257812,2498400
2016-08-31,88.086207385235198,88.196403211049059,87.976005554199219,87.976005554199219,2008100
2016-09-01,87.751354145335711,88.137575068419395,87.70405749200674,88.113929748535156,1775900
2016-09-02,87.948449461555924,88.019385455863244,87.73562945150708,87.885391235351562,1550100
2016-09-06,87.861723018455933,88.35829288995528,87.82231013395328,88.295234680175781,1284000
2016-09-07,88.421402503902385,88.484460750341071,88.295286011025013,88.342582702636719,836800
2016-09-08,88.177006220028929,88.255825973833211,87.806546762230923,87.909011840820312,1287300
2016-09-09,87.593798169874589,87.609565741617459,87.451920092021965,87.4913330078125,1700700
2016-09-12,87.396699390298181,87.641048514533111,87.365170277056137,87.570106506347656,1446600
2016-09-13,87.633131060290509,87.64101483896259,87.049857723340978,87.246910095214844,1993700
2016-09-14,87.262678883421131,87.562196348652904,87.262678883421131,87.4439697265625,1062100
2016-09-15,87.396663611677226,87.530663791489502,87.231140345091376,87.467605590820312,994100
2016-09-16,87.570101493652444,87.625275935276846,87.45186882915354,87.562217712402344,833600
2016-09-19,87.483403951978772,87.554345960978111,87.412467956542969,87.412467956542969,490400
2016-09-20,87.514903392203891,87.664665127651659,87.483374289290595,87.546432495117188,1177800
2016-09-21,87.451851064252423,87.727729229895871,87.357269762716967,87.688316345214844,1108300
2016-09-22,87.838084054039101,88.050898010503658,87.814438727049961,87.948432922363281,1012300
2016-09-23,87.909057097707972,88.043051349513632,87.885411760749889,87.987876892089844,952500
2016-09-26,88.106079950985702,88.318899939144046,88.090318402837539,88.240074157714844,764000
2016-09-27,88.492311911235277,88.492311911235277,88.30314324236781,88.389846801757812,1583700
2016-09-28,88.429236231636523,88.515939768018768,88.318887369615837,88.350410461425781,594800
2016-09-29,88.192781518088381,88.539595705183245,88.137607080465344,88.405601501464844,1123900
2016-09-30,88.413487558462251,88.437132889151641,88.05879557099486,88.184906005859375,1774600
2016-10-03,88.161257015669207,88.184940120244278,87.963939962347084,87.979728698730469,3112000
2016-10-04,87.869225600533028,87.94815121211785,87.569299846217248,87.577194213867188,3949600
2016-10-05,87.537694208428903,87.569259621252712,87.28512273275517,87.379837036132812,1490600
2016-10-06,87.285101860826515,87.427170271103378,87.18249923959533,87.198287963867188,1577400
2016-10-07,87.27726132303161,87.387758366919158,87.11940410202277,87.324615478515625,1601100
2016-10-10,87.135184190535313,87.135184190535313,86.961544275470487,87.095718383789062,1067000
2016-10-11,87.079915848254245,87.221984289904128,86.977307182729973,87.072021484375,1942600
2016-10-12,87.000990274367709,87.072021484375,86.898381608843437,87.072021484375,1037800
2016-10-13,87.222029623927682,87.364098139418275,87.222029623927682,87.25360107421875,1188400
2016-10-14,87.032530212570293,87.269312886559945,86.961499023353525,86.985176086425781,2105300
2016-10-17,87.071996079894433,87.253530266340093,87.071996079894433,87.174598693847656,1490800
2016-10-18,87.064175337272744,87.348312377929688,87.056286990660183,87.348312377929688,1484400
2016-10-19,87.222003170730702,87.45089159969352,87.222003170730702,87.387748718261719,1264200
2016-10-20,87.513989726238933,87.513989726238933,87.277213058120736,87.308784484863281,979900
2016-10-21,87.435105377168611,87.435105377168611,87.285142534874552,87.403533935546875,571100
2016-10-24,87.458796195385219,87.458796195385219,87.182553564834976,87.28515625,900800
2016-10-25,87.174626211228585,87.40351459611334,87.158843504728281,87.269340515136719,735100
2016-10-26,87.143068411898255,87.182528192414324,87.048354099714942,87.079925537109375,1136600
2016-10-27,86.779991149902344,86.81945694807834,86.598462930217622,86.779991149902344,3668500
2016-10-28,86.70107731051543,86.866822846345286,86.661617528633769,86.795791625976562,1313200
2016-10-31,86.898385094816149,86.929956529964329,86.787888082615297,86.866813659667969,4413900
2016-11-01,86.617039260693375,87.035942330719024,86.56961877468261,86.869964599609375,2004000
2016-11-02,87.02805954612883,87.280978920768149,86.964828194950613,87.130805969238281,1455900
2016-11-03,87.004339231411919,87.122896493636773,86.949013313050017,87.075469970703125,686600
2016-11-04,87.178222379254024,87.383715201622223,87.162411528257792,87.344200134277344,1699800
2016-11-07,87.020151667497373,87.075477590700856,86.9490209219815,86.980636596679688,2617900
2016-11-08,86.996390315741593,87.028005971868168,86.632819315390719,86.672340393066406,1182200
2016-11-09,86.277189249411748,86.277189249411748,85.289222201557934,85.352447509765625,6381300
2016-11-10,85.099508770372111,85.384043697640166,84.822879266103442,84.83868408203125,5445300
2016-11-11,85.004678681628064,85.075809407502931,84.633202144090305,84.664817810058594,2482900
2016-11-14,84.174835205078125,84.490986026886915,84.000951951579523,84.174835205078125,3753800
2016-11-15,84.16692977626218,84.325008202204259,84.111603834701285,84.174835205078125,1391700
2016-11-16,83.993005204114212,84.309155870399124,83.993005204114212,84.253829956054688,2765700
2016-11-17,84.111602073561059,84.159028615388351,83.819167544323136,83.882392883300781,2499200
2016-11-18,83.858639808673331,83.945581389209323,83.431837330607266,83.510879516601562,4093700
2016-11-21,83.574125823399697,83.69268310210947,83.487184221017444,83.58203125,1364300
2016-11-22,83.692641661649574,83.842814542328668,83.581989864329401,83.661026000976562,1744700
2016-11-23,83.186811748616407,83.455535847004313,82.989218371541313,83.360694885253906,4607100
2016-11-25,83.392364297957869,83.431879380798691,83.178959936331609,83.28961181640625,948200
2016-11-28,83.566191300784567,83.700553346143707,83.479249734947203,83.668937683105469,2474800
2016-11-29,83.526665611945177,83.779584872243461,83.471339712194649,83.755874633789062,1745000
2016-11-30,83.218435279300053,83.408123250803612,83.123588278512329,83.194725036621094,3362500
2016-12-01,82.806141148671202,82.956520969049024,82.560773793677356,82.877372741699219,3467600
2016-12-02,83.051462749613577,83.360144915701042,83.051462749613577,83.249336242675781,1660400
2016-12-05,82.972328274565726,83.423479671773336,82.877346808293311,83.217689514160156,2281600
2016-12-06,83.241419612139751,83.328484432176708,83.170188053174854,83.249336242675781,989400
2016-12-07,83.39974651363471,83.565959571968165,83.391829880774566,83.526382446289062,1237600
2016-12-08,83.257294488550514,83.312698852756469,83.13065249115246,83.209800720214844,1357500
2016-12-09,83.170192677981447,83.265168095215898,82.74278518456606,82.782356262207031,3261000
2016-12-12,82.726957279095387,82.885259715769593,82.608237999865381,82.798194885253906,1538200
2016-12-13,82.940699886822713,82.996104253936565,82.695338552264673,82.845718383789062,1993500
2016-12-14,83.122730111195906,83.186051105518175,82.141278853690267,82.157112121582031,3941000
2016-12-15,82.141236708656294,82.172897189573064,81.864215048908648,81.927536010742188,1999200
2016-12-16,82.070010768292605,82.283711480821609,81.88796450022592,82.030433654785156,1811800
2016-12-19,82.315373163627427,82.449925689722306,82.220391712997042,82.410354614257812,1691800
2016-12-20,82.11751125188816,82.283724284968358,82.062106907528104,82.236236572265625,969400
2016-12-21,82.315368981698327,82.418261019022438,82.267881278105577,82.370773315429688,1870500
2016-12-22,82.279636449745496,82.406473479219017,82.216214910903318,82.335128784179688,1872100
2016-12-23,82.422312137078208,82.509515220036917,82.398530577763907,82.414382934570312,830400
2016-12-27,82.216212553021506,82.295486450195312,82.208283348840936,82.295486450195312,1148800
2016-12-28,82.335108587080498,82.683920916936714,82.27961626625877,82.596717834472656,1369800
2016-12-29,82.73148136237225,82.969309042901173,82.73148136237225,82.850395202636719,1328600
2016-12-30,82.890059152862335,83.207160825734491,82.866277585833913,83.096176147460938,2439500
2017-01-03,82.723564590483576,83.151650850835793,82.676001466514464,83.0565185546875,3230500
2017-01-04,83.024797228361408,83.191274177159571,82.937594153056338,83.151634216308594,1523000
2017-01-05,83.31817125369929,83.777968519054852,83.262678897412471,83.690765380859375,3344400
2017-01-06,83.381523746911071,83.540071476905183,83.270539126273547,83.310173034667969,1601400
2017-01-09,83.611459345782109,83.659022476275581,83.524256241070134,83.627311706542969,1275000
2017-01-10,83.587684631347656,83.714521672462737,83.548044653880282,83.587684631347656,1352700
2017-01-11,83.635252414722217,83.976135675971349,83.484627749827183,83.682815551757812,1833700
2017-01-12,83.888925005248552,84.055402018093972,83.70658958267812,83.730377197265625,1544700
2017-01-13,83.532167051909497,83.682785614709843,83.278486998119376,83.548019409179688,1833200
2017-01-17,84.007855926525195,84.055419068926113,83.817597308709054,83.968215942382812,1656800
2017-01-18,83.714509903361588,83.785860643129652,83.341915941110855,83.373626708984375,3640400
2017-01-19,83.10408772686668,83.151650850835793,82.890041572585531,83.0565185546875,1840000
2017-01-20,82.95348069707903,83.175450053626136,82.826643656856987,83.096176147460938,1306400
2017-01-23,83.246805129326091,83.690743865492138,83.112032828808537,83.532196044921875,1720200
2017-01-24,83.349846490710675,83.460831155954452,83.104095595986706,83.215080261230469,1344000
2017-01-25,82.882151673474226,82.985207166161189,82.691887004834825,82.802871704101562,1816000
2017-01-26,82.771121379420634,82.937598336616276,82.588786017801127,82.913810729980469,2212900
2017-01-27,82.96138389895971,83.08029774504115,82.9534546963651,83.016876220703125,2285200
2017-01-30,83.032729314855274,83.199206281563491,82.993095397949219,82.993095397949219,1909300
2017-01-31,83.072401664582216,83.41328493355222,83.072401664582216,83.278518676757812,1411700
2017-02-01,83.015625434120494,83.245872258346736,82.88065503772448,83.118843078613281,2055100
2017-02-02,83.388870402058075,83.444446861619369,83.14274694648374,83.150688171386719,1423500
2017-02-03,83.365055872704929,83.539726482761864,83.063355946393841,83.214202880859375,1711100
2017-02-06,83.55559907801549,83.690575670711837,83.365052083605008,83.611175537109375,1500500
2017-02-07,83.563512883480129,83.912853973087863,83.507936442622324,83.762001037597656,1540600
2017-02-08,83.761993717147163,84.158969990688149,83.761993717147163,84.1033935546875,3182200
2017-02-09,84.103421427174155,84.103421427174155,83.587350889065902,83.603233337402344,1530200
2017-02-10,83.420633082258135,83.611180087037752,83.420633082258135,83.54766845703125,1646400
2017-02-13,83.365039699064781,83.428557373558803,83.269763187323761,83.420616149902344,1045200
2017-02-14,83.380842654742764,83.44436027329624,82.936231439615398,83.118843078613281,2318100
2017-02-15,82.833084246904662,83.015689970486662,82.825143024068595,82.960113525390625,2750900
2017-02-16,83.04745725701369,83.372980795263757,83.04745725701369,83.293586730957031,2459800
2017-02-17,83.523834825145528,83.619111344868358,83.460323202709645,83.515899658203125,2237700
2017-02-21,83.317385308544601,83.587326276988392,83.301502864884711,83.476173400878906,2832700
2017-02-22,83.650875603910606,83.698510838168289,83.333293241639964,83.611175537109375,2812800
2017-02-23,83.76199749246598,83.833450317382812,83.706421053960398,83.833450317382812,1842700
2017-02-24,84.111366007624937,84.286036602020289,84.016089485942175,84.222518920898438,2677000
2017-02-27,84.151076870098024,84.159018096173682,83.873194531256601,83.920829772949219,3292600
2017-02-28,83.960474663875175,84.087509968070549,83.865198185728644,83.881080627441406,2482500
2017-03-01,83.249082733266619,83.320639869971387,83.201382019267598,83.296783447265625,2249000
2017-03-02,83.129778570199278,83.161581050383262,82.946921891270037,83.0582275390625,2023300
2017-03-03,83.082088258021059,83.145693226331957,82.891279418791996,83.137741088867188,2509000
2017-03-06,83.153676010126532,83.16162815110215,83.026472083048318,83.121879577636719,1401700
2017-03-07,83.026413817045409,83.066168428318292,82.962808865289617,83.0025634765625,1596300
2017-03-08,82.621013208945271,82.803876091221483,82.605114989737856,82.724372863769531,2392800
2017-03-09,82.636844376163225,82.668646852146438,82.446029520263991,82.493736267089844,2322900
2017-03-10,82.668701171875,82.692551528108424,82.485838331242064,82.668701171875,1333000
2017-03-13,82.533510883154108,82.620966203307447,82.438109490771552,82.461959838867188,1342600
2017-03-14,82.501701201250128,82.636863271509782,82.485802992474362,82.549407958984375,864600
2017-03-15,82.676597742575709,83.272880554199219,82.620944922785611,83.272880554199219,3701900
2017-03-16,83.07411509817797,83.177474661953354,83.018462281415097,83.042312622070312,2749900
2017-03-17,83.145680573483432,83.336489383675811,83.129776300974157,83.264938354492188,1186700
2017-03-20,83.28082898841339,83.487542052318233,83.28082898841339,83.463691711425781,1362700
2017-03-21,83.408049301992904,83.77376872795098,83.408049301992904,83.741966247558594,1407000
2017-03-22,83.900955200195312,84.059967569211139,83.83735025258899,83.900955200195312,2231300
2017-03-23,83.948678339416816,83.988432958732972,83.670414201313662,83.813522338867188,2584700
2017-03-24,83.78970233291075,83.964613016109809,83.757899839083137,83.861259460449219,2540000
2017-03-27,84.211063186791876,84.242865676248385,84.012302176967097,84.067955017089844,2614000
2017-03-28,84.16337741551034,84.16337741551034,83.773807465543825,83.781753540039062,1356800
2017-03-29,83.924802847763388,84.052012738896579,83.924802847763388,84.020210266113281,1860400
2017-03-30,83.980514585122791,83.988466725323732,83.765855325342883,83.781753540039062,1487800
2017-03-31,83.901022123453302,83.980525338525752,83.837417125112751,83.948722839355469,1698500
2017-04-03,84.051389008125724,84.401737788179773,84.027502695822136,84.361923217773438,4175500
2017-04-04,84.338060840294588,84.41768392885345,84.242515563964844,84.242515563964844,1319600
2017-04-05,84.138964221420707,84.481348823666465,84.099155731533784,84.401725769042969,2551100
2017-04-06,84.425661919989651,84.481398698616175,84.242529393725334,84.346038818359375,1496300
2017-04-07,84.553039402321673,84.656548797158621,84.091217041015625,84.091217041015625,1185400
2017-04-10,84.202700982259273,84.338060840294588,84.162886400553717,84.242515563964844,1752500
2017-04-11,84.441540477534119,84.72022420661564,84.425612221672495,84.632637023925781,2219200
2017-04-12,84.696370766979911,84.943204154979981,84.632669868511499,84.895431518554688,2273600
2017-04-13,85.038726393401078,85.205936638504539,84.887438330038435,85.150199890136719,1868200
2017-04-17,85.158186042906195,85.229851071511831,84.943203106793206,85.014862060546875,1110500
2017-04-18,85.245751864475025,85.572214327026202,85.197979240628683,85.50054931640625,1678400
2017-04-19,85.293584823157715,85.333393343403927,85.19006930583808,85.277656555175781,1750000
2017-04-20,85.142261728745467,85.205962624836346,84.975051432645785,85.086524963378906,1694700
2017-04-21,85.166128379979497,85.293530142742341,85.102427498598075,85.126319885253906,2792500
2017-04-24,84.74414698365733,84.951171875,84.696374345213755,84.951171875,3558000
2017-04-25,84.680416733385556,84.775968052008196,84.473391913794941,84.513206481933594,1985700
2017-04-26,84.513236086470783,84.736183166503906,84.497313898547972,84.736183166503906,1314400
2017-04-27,84.704343920051969,84.895446649517567,84.664535407553146,84.79193115234375,1988200
2017-04-28,84.656546668657768,84.919308289158266,84.616732092878408,84.879493713378906,5489800
2017-05-01,84.783824848190108,84.919388194895745,84.568518714244959,84.69610595703125,2044400
2017-05-02,84.656207309804842,84.919357805124079,84.640255107674889,84.871513366699219,1585300
2017-05-03,84.887489863203001,84.919388194895745,84.64826150148447,84.69610595703125,1861300
2017-05-04,84.408989495745999,84.520630565000573,84.385067278617441,84.504684448242188,1237100
2017-05-05,84.512698009864152,84.544590257517527,84.369158559485285,84.520668029785156,980000
2017-05-08,84.440903555013051,84.440903555013051,84.26546581805529,84.313316345214844,4887400
2017-05-09,84.201668645994644,84.257495274663114,84.105979760238597,84.217620849609375,1457900
2017-05-10,84.401036076466923,84.416988281494113,84.129909430840797,84.18572998046875,995500
2017-05-11,84.05816594050458,84.289418221317732,84.05816594050458,84.249549865722656,1088800
2017-05-12,84.576466562457142,84.75190429878387,84.576466562457142,84.680137634277344,2005600
2017-05-15,84.640236580965649,84.664158794941798,84.568469939037186,84.624290466308594,672200
2017-05-16,84.616375191794205,84.855609671487031,84.616375191794205,84.735992431640625,1314500
2017-05-17,85.166591027951611,85.461639922403194,85.110770473543141,85.413795471191406,5644700
2017-05-18,85.485558588380499,85.525433018719369,85.302150810382983,85.389869689941406,1715200
2017-05-19,85.302109137936526,85.38185187567386,85.166545875384969,85.36590576171875,3503100
2017-05-22,85.270256042480469,85.334052700092286,85.230381610477053,85.270256042480469,1425800
2017-05-23,85.365943729534607,85.365943729534607,85.007092124140485,85.046966552734375,2984700
2017-05-24,85.046936273424208,85.27021839249403,84.967193528610906,85.222373962402344,1776300
2017-05-25,85.270256042480469,85.310130474483884,85.166591036849368,85.270256042480469,1361000
2017-05-26,85.349994917384947,85.389869347563945,85.278228243843387,85.326072692871094,1016600
2017-05-30,85.469592290865663,85.541358947753906,85.405795650976714,85.541358947753906,2335200
2017-05-31,85.501502653261952,85.645042071237668,85.453658208597815,85.581245422363281,1752300
2017-06-01,85.408777514649486,85.552536684897788,85.376830355339024,85.53656005859375,1769300
2017-06-02,85.855982145358524,86.007729552027811,85.784105643227491,85.911888122558594,1803200
2017-06-05,85.776131010581736,85.848007524173013,85.752172172717977,85.768142700195312,1414900
2017-06-06,86.079602208753357,86.119537659238475,85.983766876859889,86.0396728515625,2078900
2017-06-07,85.951834081262987,86.023710592179938,85.800086656044641,85.879951477050781,1795800
2017-06-08,85.800107657874534,85.800107657874534,85.592454197793728,85.74420166015625,3863000
2017-06-09,85.576484005256177,85.72822537492172,85.544536850248477,85.664337158203125,1203400
2017-06-12,85.552502971003378,85.816056268184795,85.552502971003378,85.648338317871094,766700
2017-06-13,85.568440151892361,85.712199209466547,85.568440151892361,85.680252075195312,682300
2017-06-14,86.191450157312872,86.391115306543099,86.023732163155088,86.127555847167969,3712100
2017-06-15,86.007678020011184,86.031636839699786,85.911836647965899,85.975730895996094,2000400
2017-06-16,85.991757383998873,86.119545963237741,85.991757383998873,86.023704528808594,3460300
2017-06-19,85.927871678405879,85.959818826407044,85.78411865234375,85.78411865234375,1105900
2017-06-20,85.85599673738524,86.06365015654724,85.85599673738524,85.999755859375,1252000
2017-06-21,85.903914747671195,86.047673870219995,85.887944219963813,85.991767883300781,1159800
2017-06-22,86.119548521144793,86.143507357139995,85.967801102115175,86.071624755859375,1160100
2017-06-23,86.031717264505289,86.12755263284923,85.991781798830928,86.095611572265625,1581000
2017-06-26,86.175461149735028,86.263314284023679,86.159484528975923,86.167472839355469,3625000
2017-06-27,85.871984186385149,85.895949122518772,85.664336819601104,85.74420166015625,1755200
2017-06-28,85.704266531990143,85.704266531990143,85.528560226096246,85.664337158203125,1530900
2017-06-29,85.217067665293726,85.432709399261014,85.169149988099079,85.344856262207031,1997200
2017-06-30,85.328845277820932,85.328845277820932,85.089250895040024,85.145156860351562,1909600
2017-07-03,85.144362579180822,85.152362819088651,84.792431354372056,84.832420349121094,1255300
2017-07-05,84.816431613235977,84.992400288542385,84.768442375387124,84.896415710449219,10477800
2017-07-06,84.736465454101562,84.760460078105467,84.568496983677434,84.736465454101562,1794300
2017-07-07,84.632473989609878,84.696463716876508,84.560490123232114,84.600479125976562,1799900
2017-07-10,84.656490664347757,84.792470395810483,84.648496523154193,84.712486267089844,1247700
2017-07-11,84.680443323333236,84.848411729012838,84.656442606183816,84.824417114257812,1112600
2017-07-12,85.1443562831859,85.192351616688796,85.040377581653033,85.072372436523438,2451700
2017-07-13,85.064381983364001,85.064381983364001,84.824429697822779,84.984397888183594,2095900
2017-07-14,85.336358846659877,85.376347854119373,85.088400149864242,85.104400634765625,1260400
2017-07-17,85.152407407738423,85.272386659600784,85.104418147952771,85.208396911621094,1289200
2017-07-18,85.480320446514483,85.560304552365992,85.40833047957085,85.520309448242188,1776100
2017-07-19,85.528309689546163,85.592299415185821,85.464319963906519,85.520309448242188,2466000
2017-07-20,85.664275463676788,85.712270804725449,85.51230750714339,85.544296264648438,2317200
2017-07-21,85.704289304823419,85.800267803116952,85.680294680250043,85.6962890625,1664200
2017-07-24,85.648289548005181,85.704279032764774,85.576299580516476,85.640289306640625,2342700
2017-07-25,85.344363272383205,85.344363272383205,85.136405762778082,85.160400390625,2513600
2017-07-26,85.160357267901603,85.520288708142047,85.112368036508101,85.432304382324219,3010400
2017-07-27,85.264346083527258,85.368330900406633,85.200356365816162,85.296340942382812,1853000
2017-07-28,85.288310728448437,85.464279339114086,85.264316118338257,85.440284729003906,1001600
2017-07-31,85.392325836486663,85.472309932725281,85.336336358880089,85.464309692382812,921800
2017-08-01,85.332143749516902,85.708657202309041,85.292092898011376,85.676612854003906,1958300
2017-08-02,85.636553541413562,85.756718307726629,85.588483967788008,85.59649658203125,516100
2017-08-03,85.772726179616271,85.916922657921063,85.700630996380411,85.892890930175781,1576200
2017-08-04,85.692620208319795,85.692620208319795,85.476322430339209,85.660575866699219,1266100
2017-08-07,85.620535882071025,85.716668925986738,85.572472416030394,85.708656311035156,554100
2017-08-08,85.676594116672263,85.684606729954822,85.500359407288045,85.636543273925781,1277800
2017-08-09,85.948984971802247,85.973016704572842,85.740699768066406,85.740699768066406,1268000
2017-08-10,85.90890998819242,86.093163420506841,85.892890873650472,86.061119079589844,1412000
2017-08-11,86.013014893783378,86.213287345803323,85.972957958647314,86.157211303710938,911000
2017-08-14,85.989025455219149,86.077145872643385,85.91693026559949,85.948974609375,1386100
2017-08-15,85.604529399337778,85.764745051010891,85.580497662770355,85.692649841308594,1146300
2017-08-16,85.612574076534514,85.981075102850923,85.59654883826471,85.852897644042969,2160100
2017-08-17,85.884837590812111,86.189249517623551,85.852793265069309,86.157211303710938,1637300
2017-08-18,86.309485609968604,86.36556169844944,86.0451303996077,86.173301696777344,1235700
2017-08-21,86.197318141226546,86.285438566325652,86.165273794660123,86.229362487792969,718800
2017-08-22,86.149239489153302,86.149239489153302,86.013055624130914,86.061119079589844,984500
2017-08-23,86.245422260904888,86.357574462890625,86.173320924293122,86.357574462890625,1246100
2017-08-24,86.221336364746094,86.317469389384016,86.173272908343733,86.221336364746094,2520900
2017-08-25,86.229355672513122,86.41360912274871,86.173279598412506,86.36553955078125,1007500
2017-08-28,86.325498676100068,86.453669955206436,86.293454328364874,86.445663452148438,921700
2017-08-29,86.846184704703631,86.862203818240715,86.549779153689514,86.645912170410156,1590200
2017-08-30,86.509748582916075,86.621900747374184,86.509748582916075,86.573837280273438,1299900
2017-08-31,86.581820216133622,86.718004067459816,86.573807603751931,86.709991455078125,1023600
2017-09-01,86.615358442797259,86.639426199778356,86.406761013967397,86.454902648925781,3460000
2017-09-05,86.77581704775389,87.064636241506804,86.751743170694866,87.056617736816406,3054800
2017-09-06,87.032513902280115,87.088674016811993,86.751707208627295,86.847984313964844,1601500
2017-09-07,86.928240114066327,87.297293288320319,86.928240114066327,87.225090026855469,4292500
2017-09-08,87.19300394113543,87.19300394113543,87.04859128678757,87.160911560058594,1249100
2017-09-11,86.807887667976118,86.839980043943328,86.663475036621094,86.663475036621094,2206200
2017-09-12,86.527105919869086,86.527105919869086,86.374674751990042,86.454902648925781,3167800
2017-09-13,86.470944781066137,86.470944781066137,86.26234735464584,86.278396606445312,1590900
2017-09-14,86.190130328289328,86.310475213593421,86.166062575427532,86.294425964355469,1377700
2017-09-15,86.302457905781935,86.398735046386719,86.1500206300733,86.398735046386719,1477000
2017-09-18,86.05375670255502,86.133984599173132,85.981547310901419,86.061775207519531,3032500
2017-09-19,86.08585241740748,86.12596330677097,85.941439749506841,85.965507507324219,673300
2017-09-20,86.045712960267792,86.061756087628737,85.660610572662449,85.797004699707031,2397500
2017-09-21,85.837115887377024,85.949436142292029,85.684684753417969,85.684684753417969,2390000
2017-09-22,85.957464941118772,85.97351419031169,85.813052303358077,85.837120056152344,826600
2017-09-25,85.93343149907767,86.158072109510158,85.845178956265258,86.093887329101562,1927000
2017-09-26,86.013627596847613,86.069787728681575,85.941424336344781,86.021652221679688,1061000
2017-09-27,85.596440180076115,85.708760445396862,85.556323176320674,85.580390930175781,4039100
2017-09-28,85.476086182020012,85.628523434853449,85.427950679438808,85.564338684082031,1873300
2017-09-29,85.652553251506646,85.660571751055713,85.411863603210165,85.459999084472656,2037800
2017-10-02,85.507444369865368,85.547621340736171,85.362815856933594,85.362815856933594,3221600
2017-10-03,85.38692397478107,85.515485384057357,85.362820243078104,85.483345031738281,2521700
2017-10-04,85.563725879744155,85.563725879744155,85.378926445248538,85.459274291992188,2198300
2017-10-05,85.491374387793684,85.539581847103207,85.322642150065477,85.370849609375,1779900
2017-10-06,85.145893649796491,85.36283339870198,85.049472577979415,85.26641845703125,2350600
2017-10-09,85.338712126469147,85.394956207601211,85.282468045337069,85.362815856933594,893100
2017-10-10,85.411031736930852,85.59583109554076,85.370854764983349,85.39495849609375,1123100
2017-10-11,85.515474883528398,85.523511503157692,85.394950109667576,85.491371154785156,2841200
2017-10-12,85.54762783508852,85.603871920490377,85.459243396579112,85.571731567382812,1349300
2017-10-13,85.828867330181694,85.909215165728227,85.724415756985891,85.861007690429688,1521700
2017-10-16,85.708310121161105,85.804731165465938,85.627962315979374,85.716346740722656,1666100
2017-10-17,85.587805922263186,85.716367345573744,85.571738809422399,85.684226989746094,673800
2017-10-18,85.41903343316369,85.499387349972068,85.386893092468981,85.467247009277344,1788500
2017-10-19,85.700254374287596,85.732388582774064,85.499381855461834,85.555625915527344,1518700
2017-10-20,85.28249627569339,85.338740375443493,85.170008076193213,85.2021484375,2651400
2017-10-23,85.24230898260268,85.338730054862182,85.24230898260268,85.282485961914062,709800
2017-10-24,85.073552305864169,85.137833002269048,84.97713739140147,85.025344848632812,1605600
2017-10-25,84.744127291676264,84.961066986599235,84.744127291676264,84.888755798339844,1838800
2017-10-26,84.969142205446701,84.985209322310439,84.768269528838076,84.77630615234375,2062400
2017-10-27,84.864669610294627,85.057505615656652,84.800388898458579,85.049468994140625,1315000
2017-10-30,85.2423106744005,85.362835484580344,85.194103202387168,85.354804992675781,1692700
2017-10-31,85.362828047165777,85.370864668516617,85.282480224095181,85.298553466796875,1178000
2017-11-01,85.237389656191496,85.478812215318996,85.237389656191496,85.350051879882812,1321500
2017-11-02,85.446623176614779,85.583426429966025,85.398341120051001,85.462715148925781,1997900
2017-11-03,85.575363029006184,85.623651217106229,85.422467828973751,85.599510192871094,2532400
2017-11-06,85.679975798891363,85.752398866084462,85.623644700086956,85.704116821289062,858400
2017-11-07,85.720260524844349,85.800738834247227,85.671978450909023,85.736358642578125,734800
2017-11-08,85.776529466396397,85.808719538891907,85.607536190516313,85.631683349609375,947800
2017-11-09,85.519031925914291,85.671933265576499,85.48684798668728,85.599510192871094,925900
2017-11-10,85.301743089173016,85.325884109593488,85.132749806600856,85.164939880371094,1862000
2017-11-13,85.229359924219267,85.269592930543737,85.116691543468377,85.124740600585938,868300
2017-11-14,85.148836888721661,85.301738195451222,85.132744922574133,85.245407104492188,1629200
2017-11-15,85.527082730153822,85.583413834398087,85.374181387363734,85.551223754882812,1933100
2017-11-16,85.414433628137758,85.462715685004397,85.317863374773637,85.333961486816406,1749200
2017-11-17,85.486886795789033,85.527119807902537,85.382267457102287,85.446647644042969,941200
2017-11-20,85.34201979986041,85.422491949910551,85.261541510178773,85.309829711914062,1153400
2017-11-21,85.446600836883036,85.486839966586331,85.26150943572874,85.325889587402344,835600
2017-11-22,85.414418774352114,85.639743186719727,85.382228695495357,85.599510192871094,1657900
2017-11-24,85.519042924323671,85.575374034660186,85.494901896983805,85.527091979980469,614400
2017-11-27,85.567335456700334,85.63975854239159,85.454673230315592,85.583427429199219,1927500
2017-11-28,85.712172399054893,85.744362477911665,85.527080980535928,85.599510192871094,1388000
2017-11-29,85.317840533535843,85.366128717105639,85.205178337921652,85.325889587402344,3193600
2017-11-30,85.269588637236879,85.309827781167002,84.97183493519556,85.060356140136719,3306400
2017-12-01,85.189277049159386,85.705086764298272,85.02808881902979,85.374649047851562,4341500
2017-12-04,85.149007571019538,85.334373474121094,85.140946312512057,85.334373474121094,2356200
2017-12-05,85.1973686827275,85.423034744945582,85.181252313542942,85.398857116699219,1586000
2017-12-06,85.592265352434879,85.680920735680601,85.560032621197948,85.576148986816406,1459000
2017-12-07,85.576144916095771,85.648677781335081,85.318240035904793,85.423011779785156,1953400
2017-12-08,85.406921542465327,85.447215541390264,85.294088507172674,85.358566284179688,2519500
2017-12-11,85.406894285475076,85.447188271540483,85.277938772616267,85.302116394042969,702200
2017-12-12,85.221552998118156,85.237675517506844,85.108719958155362,85.2296142578125,2557500
2017-12-13,85.350482974531914,85.608387866991009,85.261827591286192,85.576148986816406,1477800
2017-12-14,85.423035762100582,85.616469088252785,85.318263988805796,85.543930053710938,982100
2017-12-15,85.414991355263751,85.568118404815451,85.36662994319596,85.527824401855469,1845200
2017-12-18,85.45526775597871,85.479445382562517,85.302134589029819,85.334373474121094,1610300
2017-12-19,85.124828184887178,85.132883294289542,84.826623115660823,84.947517395019531,4535100
2017-12-20,84.705731241479896,84.858864409611627,84.657375987938778,84.697669982910156,3027000
2017-12-21,84.708954433067916,84.765459110228605,84.652449755907242,84.75738525390625,2098800
2017-12-22,84.749355483869053,84.789718627929688,84.717066200330763,84.789718627929688,696900
2017-12-26,84.797767921401942,84.918845001403952,84.781620205035452,84.821983337402344,2584800
2017-12-27,84.943043300048956,85.217492817581913,84.943043300048956,85.185203552246094,2291500
2017-12-28,85.104499532588207,85.144862661513883,85.031847132231775,85.080284118652344,1540500
2017-12-29,85.136801556087434,85.274026361310575,85.128727697383212,85.217521667480469,1849600
2018-01-02,85.112577852104081,85.136793267309443,84.830048251910455,84.934989929199219,3902000
2018-01-03,85.039968164516381,85.088405177806735,84.935032593066381,85.023826599121094,2135900
2018-01-04,84.838122674934439,84.991495183655545,84.773544128257214,84.983421325683594,2430000
2018-01-05,84.983406876108319,85.015696143956845,84.805818982215499,84.878471374511719,2163600
2018-01-08,84.918824334586361,84.934972047022953,84.765458017725692,84.838104248046875,2450600
2018-01-09,84.69283259041903,84.69283259041903,84.418382977105466,84.434524536132812,5924200
2018-01-10,84.184282451993894,84.450664340106869,84.13585162090034,84.410301208496094,2142500
2018-01-11,84.369898582030856,84.539418728601731,84.28917851514484,84.466766357421875,1798700
2018-01-12,84.289217972212995,84.442590482074877,84.273076414698224,84.410301208496094,1430700
2018-01-16,84.547530001729982,84.563677718557841,84.337658951364034,84.450668334960938,5927500
2018-01-17,84.321511711160809,84.458736512225627,84.208502326925128,84.265007019042969,2186100
2018-01-18,84.038959311255226,84.119679392405772,83.934023821614275,83.99859619140625,3326100
2018-01-19,83.950184222053522,83.950184222053522,83.732239338161591,83.780670166015625,2921600
2018-01-22,83.845227469894922,83.909799837827109,83.683781153696359,83.748359680175781,8047400
2018-01-23,83.942110193871429,84.03897800793132,83.869463952238121,83.990547180175781,1780100
2018-01-24,83.845241646729264,83.90981402557955,83.732232285555881,83.829093933105469,1952200
2018-01-25,83.740307150260392,84.022830577371991,83.643445494421456,84.014762878417969,3342000
2018-01-26,83.917937090780413,83.917937090780413,83.675776671358435,83.764564514160156,3324500
2018-01-29,83.546567867078267,83.586930991302864,83.393195385282539,83.554641723632812,2328200
2018-01-30,83.481999366375348,83.53043635297665,83.320559167167872,83.360916137695312,2346900
2018-01-31,83.498148838865617,83.538505810242484,83.159114559715903,83.385139465332031,2966400
2018-02-01,83.359265978543831,83.359265978543831,82.930746969178358,82.955001831054688,8958300
2018-02-02,82.704332310636843,82.769016033012306,82.558797019581675,82.647735595703125,5753500
2018-02-05,82.672013646444995,83.529051618369309,82.542646165394743,83.326919555664062,6902000
2018-02-06,83.237970339773156,83.310741080729173,82.96307373046875,82.96307373046875,5382900
2018-02-07,83.076236098409126,83.092403941139636,82.623462479019665,82.720481872558594,4773700
2018-02-08,82.494116325248257,82.898380352064976,82.380922891225936,82.79327392578125,5685300
2018-02-09,82.558797019581675,83.124764168918816,82.558797019581675,82.647735595703125,4376900
2018-02-12,82.647728972896118,82.760922393693022,82.534535552099214,82.62347412109375,2836300
2018-02-13,82.688207925236213,82.785233567034226,82.615443320324943,82.760978698730469,2698100
2018-02-14,82.518418208929447,82.518418208929447,82.170750700980591,82.259689331054688,4141900
2018-02-15,82.275793674798038,82.43749677330166,82.25961966380099,82.28387451171875,3057300
2018-02-16,82.542628607991418,82.615399342748574,82.43752217843074,82.477951049804688,2277800
2018-02-20,82.316282573864399,82.43756307957949,82.243517971584993,82.389053344726562,2138300
2018-02-21,82.469889309949039,82.469889309949039,82.041370283840976,82.146476745605469,2253900
2018-02-22,82.27586335574982,82.364801985823917,82.227347450247464,82.259689331054688,4411800
2018-02-23,82.477947013841657,82.639650154265283,82.453692159636049,82.574966430664062,4484700
2018-02-26,82.76094329115891,82.833707864939356,82.631575824108779,82.672004699707031,2725600
2018-02-27,82.704362619933562,82.736704492973857,82.259669576356288,82.413291931152344,3308900
2018-02-28,82.510288018267758,82.623481449103977,82.445604295338683,82.607307434082031,2521400
2018-03-01,82.727996360987817,83.092398715746569,82.622719901642782,82.96282958984375,5352600
2018-03-02,82.857583292574802,82.865682909837233,82.606550761219395,82.655136108398438,2140800
2018-03-05,82.881860571585634,82.881860571585634,82.452673609361085,82.549850463867188,2059300
2018-03-06,82.574147962999632,82.719910164186629,82.533656060037757,82.541755676269531,2331300
2018-03-07,82.72800978041839,82.77659512141507,82.533656060037757,82.541755676269531,1258100
2018-03-08,82.655107047675898,82.792769601747565,82.61461515379807,82.7117919921875,1636700
2018-03-09,82.50933008100769,82.598407289006289,82.412153260047077,82.533622741699219,1604500
2018-03-12,82.5984353169858,82.736097893080256,82.54984997911636,82.728004455566406,1885700
2018-03-13,82.857523862668145,82.906109174999173,82.703662136028797,82.865623474121094,1742100
2018-03-14,82.817086877012727,83.132910151080637,82.800893821566973,83.027633666992188,2598900
2018-03-15,83.011430860158214,83.100508100139535,82.914254004306784,82.995231628417969,2758000
2018-03-16,82.889948786234967,82.914241451971009,82.792771945095069,82.898048400878906,3595300
2018-03-19,82.719861235834117,82.970893586761932,82.711761624393219,82.817031860351562,2825000
2018-03-20,82.671329164725535,82.728020307364773,82.630843434808924,82.655136108398438,2600600
2018-03-21,82.549836773067369,82.776576551113791,82.339290045654735,82.7117919921875,3365600
2018-03-22,83.019495238261584,83.221942316774715,82.91422498158478,83.051887512207031,5026500
2018-03-23,82.970928065740196,83.205767469568215,82.970928065740196,83.165275573730469,2519000
2018-03-26,83.019499939218875,83.124776380051458,82.914229676581172,82.938522338867188,4184900
2018-03-27,83.027609192537938,83.448702648369078,83.019509578103907,83.408210754394531,3495900
2018-03-28,83.578284364442908,83.618776267514079,83.31915224809957,83.392036437988281,2762500
2018-03-29,83.416348665125199,83.659281605915766,83.416348665125199,83.562110900878906,2572100
2018-04-02,83.501229907426762,83.825690578883624,83.460669229149346,83.647239685058594,2748800
2018-04-03,83.517435869885333,83.549883169098607,83.34709219053282,83.379539489746094,4229600
2018-04-04,83.54989841461142,83.54989841461142,83.290326162230159,83.330886840820312,2216900
2018-04-05,83.201072113837512,83.233519409024339,83.087509675028031,83.119956970214844,1789300
2018-04-06,83.387664887364139,83.517447914244173,83.274102418085207,83.485000610351562,2651200
2018-04-09,83.338991811160426,83.501228332519531,83.265990018066688,83.501228332519531,2071100
2018-04-10,83.395779101141244,83.444453155428036,83.290329996119894,83.355224609375,1622400
2018-04-11,83.517470778413141,83.549918091188701,83.355240403227484,83.436355590820312,2520600
2018-04-12,83.322785694687283,83.330899069334052,83.111881274712189,83.136215209960938,2188600
2018-04-13,83.06318824209319,83.249752481612532,83.06318824209319,83.209197998046875,2937700
2018-04-16,83.006447892156146,83.18490503606057,82.990221139786982,83.168678283691406,1637400
2018-04-17,83.128116186902176,83.27412600142388,83.095668873820443,83.217338562011719,1301800
2018-04-18,83.046962094368851,83.144303995267222,82.892845153808594,82.892845153808594,2127600
2018-04-19,82.698174454151811,82.754955691499461,82.56839142108177,82.665733337402344,3181500
2018-04-20,82.560274429675985,82.608942291358233,82.389930725097656,82.389930725097656,2309400
2018-04-23,82.316928375563691,82.357482863794331,82.203359717922837,82.308815002441406,5022800
2018-04-24,82.195251000365559,82.292586721255901,82.138469766949427,82.211471557617188,3178800
2018-04-25,82.081739875479428,82.130407766366247,81.976284526965756,82.033065795898438,3295800
2018-04-26,82.227679774593909,82.300681548811639,82.179005736426532,82.268234252929688,1989500
2018-04-27,82.341285269051909,82.454847769671943,82.333171893667,82.406173706054688,2409300
2018-04-30,82.446716352033718,82.584612759939702,82.430495793505685,82.495384216308594,3504400
2018-05-01,82.488062312168026,82.488062312168026,82.333649176934699,82.366157531738281,1894000
2018-05-02,82.398682110707696,82.496207194320959,82.325542948249677,82.382431030273438,3852600
2018-05-03,82.553081058771326,82.707487997479959,82.536823780801043,82.593711853027344,6026900
2018-05-04,82.691233582427117,82.723741936720799,82.479932379685451,82.601837158203125,2370500
2018-05-07,82.593741887935082,82.618127813758363,82.520602711476556,82.561233520507812,1854900
2018-05-08,82.431170935821882,82.504310080946013,82.34177451378055,82.423042297363281,1654600
2018-05-09,82.236106872558594,82.325503272703514,82.211727163488689,82.236106872558594,2838400
2018-05-10,82.431217192100959,82.471854206863014,82.325569634192732,82.406837463378906,4183700
2018-05-11,82.463653518848986,82.463653518848986,82.325497709899565,82.414894104003906,2816300
2018-05-14,82.284866290698389,82.309245999768294,82.227978236090976,82.236106872558594,4762000
2018-05-15,81.919244317089024,81.919244317089024,81.667305924573924,81.781082153320312,6812500
2018-05-16,81.6753911755209,81.837926787278022,81.610374450683594,81.610374450683594,4784200
2018-05-17,81.642898070088904,81.691657522660705,81.537250522737537,81.561630249023438,1702300
2018-05-18,81.716034931451929,81.9273300041299,81.716034931451929,81.878570556640625,2642300
2018-05-21,81.83793023090594,81.943583963296362,81.789170785394305,81.935455322265625,2845100
2018-05-22,81.935454835761504,81.943583476743981,81.829807304334778,81.902946472167969,1977000
2018-05-23,82.154874367603597,82.325544817886765,82.138623286800268,82.276779174804688,5102500
2018-05-24,82.463680282223677,82.601836136011215,82.431171928332276,82.488059997558594,2994100
2018-05-25,82.740003142336604,82.821277138187298,82.699372344746621,82.813148498535156,2838400
2018-05-29,83.178857566950413,83.869643136712014,83.089461130828113,83.707107543945312,11256200
2018-05-30,83.357638831478127,83.479543609245368,83.203225699617306,83.349510192871094,4512200
2018-05-31,83.357650734322277,83.495806608696654,83.170729221676908,83.308891296386719,5321700
2018-06-01,82.935938287890167,83.131367333712618,82.870793201756911,83.001083374023438,7891000
2018-06-04,82.911474647844443,82.919619333240064,82.707901000976562,82.707901000976562,3131800
2018-06-05,82.927800952641263,83.03366328013955,82.830089527354104,82.919662475585938,4305500
2018-06-06,82.699762778074302,82.724190623595391,82.536906332883603,82.585762023925781,3910500
2018-06-07,82.585781314460959,83.1639299062806,82.561353463233971,82.935928344726562,4400400
2018-06-08,82.846380678500282,82.944098325783031,82.797524961148156,82.821952819824219,7342800
2018-06-11,82.675402064172246,82.764975045532054,82.659118891461461,82.740547180175781,1875800
2018-06-12,82.626482436815792,82.732338509025865,82.610193064121702,82.691627502441406,1664800
2018-06-13,82.716070944007413,82.773071334032693,82.374068603855733,82.593925476074219,3294700
2018-06-14,82.748658963711932,82.862659765089944,82.683513873616562,82.854515075683594,3626400
2018-06-15,83.03366328013955,83.139519395059935,82.895234619264144,82.919662475585938,5826500
2018-06-18,83.025533287035259,83.041822669185137,82.895249292731236,82.96038818359375,4600500
2018-06-19,83.204634146242256,83.286062375147893,83.131344391424236,83.180206298828125,4172800
2018-06-20,83.14763761761472,83.163920779120119,82.903346707002314,82.911491394042969,3059000
2018-06-21,83.041841919135422,83.196553809949066,83.041841919135422,83.13140869140625,2680500
2018-06-22,83.025506196410376,83.188368901873233,83.017361507992987,83.147651672363281,2309500
2018-06-25,83.23722986062684,83.383803198505703,83.229085171695417,83.26165771484375,8110800
2018-06-26,83.277934099257749,83.351223868518275,83.229078394801974,83.3023681640625,3873200
2018-06-27,83.514094642351893,83.652529516282058,83.448955762795379,83.619956970214844,3044200
2018-06-28,83.61182586548091,83.636253725855795,83.47339718163731,83.538536071777344,3705600
2018-06-29,83.530381443194088,83.611809699559586,83.465236353070594,83.473381042480469,2721200
2018-07-02,83.554968378125196,83.579441597226392,83.391809434707397,83.416282653808594,3911500
2018-07-03,83.448916506575969,83.628395080566406,83.440756692090545,83.628395080566406,1463800
2018-07-05,83.603924092737358,83.734450007414026,83.587604463330933,83.636550903320312,1682300
2018-07-06,83.734426521235818,83.791532759911007,83.636527444601242,83.709953308105469,3206500
2018-07-09,83.514183398663192,83.571289652395265,83.481550364514163,83.49786376953125,2258800
2018-07-10,83.416265639158937,83.506004906968769,83.383632612308688,83.432579040527344,4461100
2018-07-11,83.58757747059019,83.628370306818169,83.473364998087376,83.603897094726562,2198700
2018-07-12,83.497878425536925,83.603937361166018,83.481565017656422,83.571304321289062,1385900
2018-07-13,83.661006881844784,83.734426521235818,83.603900643169595,83.709953308105469,2891800
2018-07-16,83.530511465413881,83.603937361166018,83.424458753900737,83.571304321289062,1782600
2018-07-17,83.620253248510281,83.620253248510281,83.497880901372156,83.522354125976562,1034700
2018-07-18,83.563083884577424,83.579397280623411,83.432551819763901,83.45703125,1355300
2018-07-19,83.514212794712421,83.758951300803005,83.497893159836167,83.685531616210938,4201700
2018-07-20,83.587584234051562,83.587584234051562,83.359159270562998,83.391792297363281,3362700
2018-07-23,83.293898787308891,83.302058600583024,82.967574721596279,82.983894348144531,5285700
2018-07-24,82.967597363117477,83.081809883667944,82.910491102842244,83.041023254394531,3293800
2018-07-25,83.138899679783648,83.196005924474818,82.934947916727495,82.983894348144531,2403800
2018-07-26,83.065499084054636,83.106291938724027,82.877860666337497,82.894180297851562,2598200
2018-07-27,83.081794970727955,83.081794970727955,82.951269066720243,83.024688720703125,1435100
2018-07-30,82.8615110114484,83.01651632244662,82.853351199260842,82.918617248535156,3832700
2018-07-31,83.049156539851012,83.07362975442021,82.97573067202984,83.0328369140625,3053600
2018-08-01,82.771296837081465,82.893910115400715,82.714078138715195,82.836685180664062,5366800
2018-08-02,82.893916996961423,82.951135700077785,82.820346529314151,82.934783935546875,3370800
2018-08-03,83.000112732153482,83.171768705442076,82.991936856368511,83.147247314453125,2174800
2018-08-06,83.20450788773708,83.335290784350633,83.179986484395101,83.188156127929688,3867200
2018-08-07,83.139085074213313,83.139085074213313,83.000126344908182,83.016471862792969,2181400
2018-08-08,83.041008337751407,83.139100171974206,83.032838695508929,83.090057373046875,2777900
2018-08-09,83.220862607197148,83.318954467773438,83.204517081952673,83.318954467773438,4318000
2018-08-10,83.539601037795393,83.784827417466047,83.515079647101501,83.678565979003906,4327800
2018-08-13,83.629561848097765,83.752175103743824,83.564173516606544,83.654083251953125,1764700
2018-08-14,83.637713579741032,83.645889457455311,83.53145211492523,83.572319030761719,2487600
2018-08-15,83.752189102299965,83.932021075789194,83.727667694346039,83.776710510253906,4810700
2018-08-16,83.793055174209911,83.801224818588906,83.60504733520726,83.752182006835938,2594400
2018-08-17,83.825739494059235,83.899303700309247,83.703126247273758,83.784866333007812,3043400
2018-08-20,83.948363518717869,84.079152671495095,83.93201799280574,84.046455383300781,2901100
2018-08-21,83.972872366729845,83.972872366729845,83.874780524102547,83.931999206542969,2516700
2018-08-22,84.160882632705565,84.160882632705565,84.005572091589514,84.087318420410156,2396500
2018-08-23,84.120005239403469,84.152696283221516,84.054610679030318,84.079132080078125,871000
2018-08-24,83.931996911474116,84.120004712276639,83.89929963149244,84.103652954101562,1296600
2018-08-27,83.989228887178612,84.013750291954295,83.899312912088135,83.915664672851562,1851900
2018-08-28,83.768496134851318,83.801187170420164,83.694925713904041,83.727622985839844,1506300
2018-08-29,83.752137267977091,83.760313144358435,83.621354427707715,83.703094482421875,1420400
2018-08-30,83.817569656843986,83.93200703239502,83.793048252992946,83.858436584472656,2780900
2018-08-31,84.046411856218057,84.054587733124905,83.866579982468139,83.874755859375,2132200
2018-09-04,83.756800986770628,83.80594242496592,83.642133465040743,83.683082580566406,3419500
2018-09-05,83.666772575418904,83.732298712516169,83.584868028505525,83.674964904785156,1332300
2018-09-06,83.724079182001802,83.912458953808169,83.715886855297157,83.846939086914062,1656700
2018-09-07,83.55208885730012,83.576659591747088,83.437421263937537,83.470184326171875,4405000
2018-09-10,83.453783885484057,83.552073053595862,83.453783885484057,83.519309997558594,3110800
2018-09-11,83.355516413886974,83.380093398997531,83.216278076171875,83.216278076171875,3360500
2018-09-12,83.347315365810019,83.388264502475522,83.314552307128906,83.314552307128906,1398800
2018-09-13,83.429218242805021,83.429218242805021,83.289979932842016,83.306358337402344,1281600
2018-09-14,83.142578384645049,83.232675263534276,83.101622985543926,83.150764465332031,3749900
2018-09-17,83.060654252525012,83.199892578374758,83.036077269508809,83.167129516601562,3808400
2018-09-18,83.060617004260294,83.068803079346267,82.798512627614627,82.823089599609375,4972900
2018-09-19,82.773995801690489,82.782188131023048,82.561045230374447,82.68389892578125,5515900
2018-09-20,82.585556651170918,82.773936348099127,82.560985929737839,82.692031860351562,2973500
2018-09-21,82.642903238803484,82.773949189747839,82.642903238803484,82.724807739257812,1024100
2018-09-24,82.601956795126142,82.733009009152823,82.593764469521105,82.634719848632812,2389800
2018-09-25,82.536433646542463,82.56919670122349,82.462721460195453,82.552818298339844,2878300
2018-09-26,82.634703641123366,82.839467998693593,82.593748270044415,82.823089599609375,2502900
2018-09-27,82.765755829446206,82.847660322691837,82.716608134368997,82.823089599609375,6342800
2018-09-28,82.962356252513132,82.97054857931478,82.831304019344586,82.864067077636719,3931000
2018-10-01,82.752426027556965,82.801666763837844,82.653938293457031,82.653938293457031,6408000
2018-10-02,82.777030729857685,82.924759172280389,82.777030729857685,82.8673095703125,2915000
2018-10-03,82.71143585322892,82.71964473454706,82.145142011571636,82.251838684082031,6612700
2018-10-04,82.054831756576675,82.177933612220741,81.972755504095375,82.038414001464844,6427500
2018-10-05,81.923531189039565,81.997398578776739,81.742973415837781,81.841461181640625,5676600
2018-10-08,81.923523584474594,81.956352836694833,81.857865080034131,81.874282836914062,1947800
2018-10-09,81.898909274674423,82.030220031738281,81.874288899071203,82.030220031738281,3066300
2018-10-10,81.833251143756783,82.095878920638938,81.800421888954006,82.071258544921875,3001900
2018-10-11,82.251823212114161,82.522659890790806,82.145126559673926,82.407760620117188,5821500
2018-10-12,82.30926513671875,82.506234402058482,82.26822700323379,82.30926513671875,2647900
2018-10-15,82.391326870813117,82.432365000178223,82.284636500619001,82.358497619628906,1860000
2018-10-16,82.292869263458471,82.358527789879446,82.235419618225535,82.350318908691406,2703900
2018-10-17,82.333886702122683,82.415956708738676,82.112297058105469,82.112297058105469,3336200
2018-10-18,82.071281210734554,82.399567587885869,82.030243065512451,82.260047912597656,2587700
2018-10-19,82.251823693224964,82.268235191328344,82.095886284309827,82.161544799804688,5531900
2018-10-22,82.251815385903257,82.284644640334989,82.169745380593966,82.177947998046875,1690100
2018-10-23,82.604729204619346,82.719628474320274,82.350304026103927,82.391342163085938,4420100
2018-10-24,82.621108585848376,82.859115912436081,82.563658973329836,82.834495544433594,4881200
2018-10-25,82.686791104318658,82.744240733532507,82.56368296699182,82.637550354003906,3559900
2018-10-26,82.949416827282647,83.138183468061968,82.924796452733133,83.006866455078125,4220800
2018-10-29,82.900198589805285,83.088959020302852,82.768881541162173,82.998680114746094,3766900
2018-10-30,82.842743243309812,82.941224761470906,82.785293603868809,82.818122863769531,5746600
2018-10-31,82.571899790342115,82.678590180135657,82.522659035289792,82.612937927246094,3956700
2018-11-01,82.54385036146418,82.716569900118387,82.519177038085857,82.683670043945312,4834300
2018-11-02,82.486245451651172,82.510918765538321,82.190153134998241,82.223052978515625,5250900
2018-11-05,82.37934888084132,82.412242458624533,82.272422790527344,82.272422790527344,2446700
2018-11-06,82.329999636825647,82.329999636825647,82.173733172865937,82.181953430175781,2456700
2018-11-07,82.321773104510214,82.387572813022501,82.173733172865937,82.181953430175781,3297600
2018-11-08,82.247726091734407,82.264172875951203,82.042106776505065,82.066780090332031,2188900
2018-11-09,82.190180390627972,82.428699628973305,82.181953858269694,82.3875732421875,2772700
2018-11-12,82.560304497784372,82.66723060861203,82.519184380163864,82.634330749511719,3704900
2018-11-13,82.593154824879079,82.724754182358794,82.535581674732384,82.700080871582031,3265000
2018-11-14,82.601436988775433,83.037349172776118,82.568537127246159,82.872856140136719,4626400
2018-11-15,83.078443215416414,83.119563320059484,82.831697487539898,82.930397033691406,2621300
2018-11-16,83.11956407150204,83.218263618545848,83.053770648477425,83.18536376953125,7226700
2018-11-19,83.119581364844265,83.333427290428347,83.119581364844265,83.308753967285156,3447800
2018-11-20,83.333431383271574,83.41567788945693,83.259411410206596,83.292304992675781,3658600
2018-11-21,83.218252341265867,83.275825500488281,83.127779337487269,83.275825500488281,1897000
2018-11-23,83.448568195159524,83.456794727338277,83.3251953125,83.3251953125,531200
2018-11-26,83.226522440466724,83.259422302246094,83.177169510294178,83.259422302246094,2345600
2018-11-27,83.23468772062445,83.399186920864565,83.226467466864605,83.34161376953125,2334400
2018-11-28,83.275831377729958,83.448550867586974,83.21003168397371,83.333404541015625,3582500
2018-11-29,83.555484355934553,83.670636976380138,83.448564542312823,83.547264099121094,4313000
2018-11-30,83.670656614664281,83.744676593389769,83.613083428431125,83.711776733398438,3069700
2018-12-03,83.606247691286214,83.89471435546875,83.58152287551367,83.89471435546875,6008500
2018-12-04,84.043072193210222,84.446925535823894,84.018347376656592,84.282089233398438,7748800
2018-12-06,84.603525294567433,84.867267154020695,84.479894922426425,84.496376037597656,9429900
2018-12-07,84.471666732714183,84.776620868248557,84.364523744171166,84.74365234375,7319100
2018-12-10,84.760160432296132,84.925003107241224,84.653017409660634,84.793128967285156,9045700
2018-12-11,84.595285131974009,84.76836514497144,84.479898456642374,84.578804016113281,5290100
2018-12-12,84.438699591557125,84.479911819881281,84.323312897973352,84.348037719726562,3727200
2018-12-13,84.446956365027134,84.47992489516848,84.348050774603095,84.397506713867188,4116000
2018-12-14,84.537578722679427,84.661209080876162,84.496366507246776,84.529335021972656,3530000
2018-12-17,84.611782626844956,84.834312302065925,84.60353892388035,84.776618957519531,7627000
2018-12-18,84.86170873670946,85.026887157828284,84.803895659202581,84.985595703125,4461400
2018-12-19,85.076452273928211,85.464628524705844,84.886491403981566,85.282928466796875,7710900
2018-12-20,85.439818669992846,85.456340288766242,85.142492543585007,85.175529479980469,9245200
2018-12-21,85.233333424498113,85.258115850006803,85.117707310060183,85.249855041503906,4918800
2018-12-24,85.382004119249473,85.472854117466582,85.282899612940795,85.464599609375,6373000
2018-12-26,85.456304629053463,85.580191513552379,85.026830936277094,85.059867858886719,5477700
2018-12-27,85.423298369473542,85.588476740664376,85.258119998282709,85.274635314941406,4602100
2018-12-28,85.415034617291681,85.745397649440477,85.390258492581893,85.737136840820312,4543100
2018-12-31,85.63806587879624,86.43919449761394,85.588507308818265,86.059272766113281,7227500
2019-01-02,86.150116776272469,86.249227608153262,86.042751434266194,86.240966796875,18668600
2019-01-03,86.273979723340148,86.984258067872119,86.257464406534041,86.926445007324219,10616700
2019-01-04,86.348328478591085,86.381359117588048,86.117069897548035,86.224441528320312,6616700
2019-01-07,86.323549569125703,86.364847321284685,85.951895004304049,85.984931945800781,5459200
2019-01-08,85.894066681864231,85.968395061170966,85.770179748535156,85.770179748535156,6879500
2019-01-09,85.761936179358344,85.885823137591402,85.704123105669908,85.819755554199219,3248700
2019-01-10,85.951866283061477,86.009679336074157,85.720614071010758,85.778427124023438,14413000
2019-01-11,86.009716359455339,86.108827193490001,85.951903281556696,86.034492492675781,3825700
2019-01-14,86.067521148966449,86.133595031959899,85.935379684131831,85.984931945800781,3090100
2019-01-15,86.133573092237214,86.133573092237214,85.86928392873476,85.902320861816406,4148000
2019-01-16,85.803223317028753,85.894073321749659,85.737149440658698,85.852775573730469,4820800
2019-01-17,85.811495594324299,85.852787046709835,85.629795560600911,85.695869445800781,5328100
2019-01-18,85.57198004244411,85.662830056711172,85.357243072253567,85.423316955566406,6617500
2019-01-22,85.662790896689202,85.81971472253268,85.621493163209507,85.720603942871094,5814400
2019-01-23,85.571963604562185,85.770178915272325,85.547187478367306,85.679328918457031,3507300
2019-01-24,85.943597713352005,86.042708495772857,85.877530159554397,85.951858520507812,6030700
2019-01-25,85.803176191888795,85.844473917226296,85.671034812875533,85.753623962402344,2763300
2019-01-28,85.720614071010758,85.877537915395251,85.720614071010758,85.778427124023438,3116100
2019-01-29,85.844522217123583,86.026222229003906,85.836261407178554,86.026222229003906,2836700
2019-01-30,85.935376178456551,86.249217658144062,85.861041487833276,86.224441528320312,5788300
2019-01-31,86.422649545217425,86.662162615139053,86.397873417493031,86.620864868164062,10206500
2019-02-01,86.463600767569829,86.48015079860825,86.149093348279067,86.157371520996094,9191900
2019-02-04,86.049811458747087,86.049811458747087,85.917385905264652,85.967048645019531,7283500
2019-02-05,86.074635640512042,86.223611224004216,86.066357465207574,86.116020202636719,3331100
2019-02-06,86.306367822025393,86.314645996734043,86.132564039526841,86.182220458984375,3489800
2019-02-07,86.422223235536151,86.529820546407137,86.364288650604152,86.463607788085938,6937400
2019-02-08,86.596040696622822,86.678809814822969,86.562934312222197,86.579490661621094,2602700
2019-02-11,86.447074890136719,86.521565842052823,86.380868428253152,86.447074890136719,2637200
2019-02-12,86.389141877102119,86.397420052888904,86.256722636503568,86.331207275390625,3305300
2019-02-13,86.132570238848018,86.215333048699748,86.074635640512042,86.116020202636719,3772100
2019-02-14,86.579479997121908,86.587758170801692,86.413954409904719,86.52154541015625,10568700
2019-02-15,86.364306050352297,86.463625207843833,86.356027875295297,86.438796997070312,6879000
2019-02-19,86.596017524592725,86.653952103191941,86.52981108790469,86.587745666503906,8557400
2019-02-20,86.587792010568307,86.653998482691804,86.505022870215925,86.571235656738281,4751100
2019-02-21,86.322914404240748,86.356014470535797,86.256701642857706,86.31463623046875,4140200
2019-02-22,86.488472830784772,86.670554836521816,86.455366437523594,86.571235656738281,3351000
2019-02-25,86.430518822013326,86.488453418617354,86.372584225409284,86.438796997070312,2849600
2019-02-26,86.69537353515625,86.728479924782903,86.571226152655868,86.69537353515625,2647700
2019-02-27,86.546345167941794,86.554623338900441,86.322885067213051,86.389091491699219,2530600
2019-02-28,86.356026123914177,86.364304298803276,86.124287742197907,86.165672302246094,4949900
2019-03-01,86.023832691421418,86.1150479824923,85.882865905761719,85.882865905761719,9003000
2019-03-04,86.015573959392782,86.197998276479552,85.957528420663067,86.148246765136719,3506600
2019-03-05,86.048737186754877,86.206292074239784,85.990691648179777,86.197998046875,2112200
2019-03-06,86.23117015820722,86.479940373954307,86.23117015820722,86.4384765625,2401600
2019-03-07,86.604312338566061,86.795030658737517,86.596018312236041,86.728691101074219,4822900
2019-03-08,86.81164614592052,86.927737245274614,86.720430806929386,86.853103637695312,5212000
2019-03-11,86.844834502516775,86.844834502516775,86.712155316893842,86.786788940429688,4654100
2019-03-12,86.853069839630933,87.068670223028406,86.819900063224566,87.027206420898438,4942800
2019-03-13,86.936020087527169,87.018947719421476,86.902856626557536,86.994071960449219,1715000
2019-03-14,86.952611249771792,86.994075067199702,86.778474604257056,86.86968994140625,2514700
2019-03-15,87.135030475065136,87.209657744841479,87.043815149901079,87.143318176269531,7846600
2019-03-18,87.060376197304819,87.135009775841155,87.018918721662814,87.027206420898438,4166200
2019-03-19,86.886225464249648,87.060362017154276,86.861349717618552,86.969146728515625,2138000
2019-03-20,87.09357910406122,87.599407315321301,87.076997372794338,87.574531555175781,8061700
2019-03-21,87.67400841101994,87.690590136137999,87.466702051360045,87.533035278320312,4633500
2019-03-22,87.972556539143639,88.320836161319704,87.931099047651756,88.179862976074219,4721900
2019-03-25,88.179830258761939,88.611031030423973,88.105203005871218,88.403724670410156,7828800
2019-03-26,88.221274039714714,88.470044145868613,88.179810246526856,88.329071044921875,7483700
2019-03-27,88.569555444224875,88.793449826085407,88.519803948916845,88.586143493652344,3555900
2019-03-28,88.561296077201689,88.652511398771452,88.445205000020039,88.594459533691406,3769600
2019-03-29,88.28766385550577,88.461800498384662,88.262788096021666,88.453506469726562,2748900
2019-04-01,88.161001708816173,88.185928405054526,87.812015282589982,87.845252990722656,9430400
2019-04-02,87.928374719270778,88.01146584882315,87.87852130942872,87.994850158691406,7318600
2019-04-03,87.720596313476562,87.820309418713464,87.679047601433666,87.720596313476562,5207300
2019-04-04,87.762165953359684,87.845257057816056,87.704001546295743,87.812019348144531,2293700
2019-04-05,87.745544888286787,87.911733438461681,87.7372338759168,87.853569030761719,1749900
2019-04-08,87.836935343447394,87.878484060335722,87.712295532226562,87.712295532226562,3591500
2019-04-09,87.928312088279213,87.978165462610903,87.84522101791228,87.870147705078125,3210600
2019-04-10,88.011435960107576,88.136075781831821,88.00313128758539,88.077911376953125,2059800
2019-04-11,87.93664340053671,87.969881104246085,87.845241300196875,87.87847900390625,1547500
2019-04-12,87.571049492376957,87.620902886469977,87.471336364746094,87.471336364746094,6032100
2019-04-15,87.48794100595083,87.595958784838416,87.48794100595083,87.587654113769531,2410700
2019-04-16,87.404887799777015,87.45474120557067,87.271936931732171,87.288558959960938,5003600
2019-04-17,87.24698848765243,87.396555007209059,87.24698848765243,87.305152893066406,2348800
2019-04-18,87.521181799380173,87.629199582082421,87.487944095600156,87.512870788574219,4893200
2019-04-22,87.463069238567925,87.471373914851952,87.346740376116159,87.388282775878906,3630000
2019-04-23,87.512881981910112,87.571046386103731,87.479644273878804,87.546119689941406,2462100
2019-04-24,87.795387914354706,87.886783675250769,87.778765892778139,87.87847900390625,3266700
2019-04-25,87.853605291607735,87.903458707514304,87.737270088746428,87.7705078125,1457600
2019-04-26,88.053004343986217,88.069620032185782,87.953291196450508,88.003150939941406,2156100
2019-04-29,87.845269718563117,87.886812107056173,87.753867588654259,87.820343017578125,2715000
2019-04-30,87.770497135508492,88.019776863612435,87.762192460166034,87.994850158691406,3621900
2019-05-01,88.004810268140801,88.346175410382457,87.879926779185269,87.954856872558594,6870700
2019-05-02,87.863257062599715,87.896561438268932,87.646781796829842,87.705062866210938,3126200
2019-05-03,87.804977021144239,87.938194525380695,87.780000327139959,87.821632385253906,2625200
2019-05-06,88.154712790145538,88.188017184848306,88.029829250214888,88.046478271484375,3370100
2019-05-07,88.262895503461877,88.412762004793564,88.221263449474336,88.346153259277344,3965800
2019-05-08,88.429422653346577,88.462727030487898,88.13801729356058,88.179649353027344,4226600
2019-05-09,88.50435094359824,88.612585395224798,88.296203369744219,88.412765502929688,4224100
2019-05-10,88.454414242375179,88.604280788665861,88.296226364518319,88.354507446289062,2855400
2019-05-13,88.729137109279336,88.870675918361343,88.68750505853329,88.795745849609375,5653400
2019-05-14,88.729173429880603,88.77080549766842,88.620938946658669,88.7125244140625,2573200
2019-05-15,89.037222272164101,89.062198968621658,88.8707003755123,88.995590209960938,5512300
2019-05-16,88.795770678920249,88.854051754965965,88.712512906306486,88.820747375488281,3898400
2019-05-17,89.012224588833121,89.012224588833121,88.77077265973702,88.862358093261719,2128400
2019-05-20,88.879039980890354,88.953970080314377,88.695869046082692,88.7125244140625,2439600
2019-05-21,88.654211398495676,88.687509418138433,88.537642921108414,88.612579345703125,2675300
2019-05-22,88.754138485495801,88.920660382638346,88.729161788964646,88.8790283203125,3561900
2019-05-23,89.095524843564789,89.553445877475554,89.095524843564789,89.420234680175781,6184500
2019-05-24,89.36194402928372,89.395248413085938,89.278686245859006,89.395248413085938,2422800
2019-05-28,89.603395477090572,89.78656005859375,89.528459025972367,89.78656005859375,7039000
2019-05-29,89.994695754789845,90.119585588646686,89.736594756403619,89.753250122070312,5251800
2019-05-30,89.803193191457382,90.119575228985781,89.686631053833239,90.077949523925781,3461100
2019-05-31,90.386047878719666,90.710757756190034,90.327766781536852,90.677459716796875,6020600
2019-06-03,90.83006976677224,91.213811041471715,90.738304857104154,91.11370849609375,23830900
2019-06-04,90.729978018229943,90.921845496108133,90.596499455698876,90.780029296875,5503200
2019-06-05,90.896819856785598,91.038636056018731,90.729978018229943,90.780029296875,7712300
2019-06-06,90.855146913273515,91.013644810414718,90.704986655985138,90.763381958007812,2392400
2019-06-07,91.263878881316401,91.280560519208464,91.046979401070899,91.122062683105469,2805900
2019-06-10,90.81337072059867,90.830052353427774,90.663210566712038,90.671554565429688,6071200
2019-06-11,90.613159303618559,90.738287461352257,90.579789673354185,90.671554565429688,2735800
2019-06-12,90.738333648515464,90.921863526085914,90.729996010160036,90.905181884765625,2062800
2019-06-13,90.988562558542014,91.205461987385434,90.971880924603255,91.130378723144531,1684700
2019-06-14,91.063694206624959,91.247217735887148,91.055350202918959,91.197166442871094,3880700
2019-06-17,91.180458068847656,91.247190985101753,91.072005146294515,91.180458068847656,3038800
2019-06-18,91.555878643095042,91.59759229538227,91.272246174293116,91.355667114257812,4564900
2019-06-19,91.163744264791973,91.680963998176352,91.105349001716831,91.605880737304688,4541500
2019-06-20,91.797779009663628,91.997990484380168,91.739383731012637,91.756065368652344,4575000
2019-06-21,91.539157554203598,91.572520824124524,91.30557011250805,91.380653381347656,4305200
2019-06-24,91.547540253499946,91.714388508270389,91.522514606436914,91.697700500488281,3046300
2019-06-25,91.789456767248822,91.956305006237372,91.722717471653411,91.839508056640625,5251000
2019-06-26,91.722710493726936,91.722710493726936,91.430734053471397,91.464103698730469,6675000
2019-06-27,91.57253930589296,91.78943879179711,91.497462386507848,91.739387512207031,2538400
2019-06-28,91.655969209559828,91.856180698247584,91.605911563931542,91.781097412109375,4341500
2019-07-01,91.77439998651829,91.816186547120367,91.506982575573375,91.665763854980469,8183600
2019-07-02,91.766077163523917,92.050211859739946,91.749366358210722,91.991714477539062,3117100
2019-07-03,92.100342214550977,92.259123541295239,92.091983624791837,92.167198181152344,2607000
2019-07-05,91.632359516271933,91.632359516271933,91.373294250039834,91.58221435546875,3664100
2019-07-08,91.715933966993049,91.774431346384461,91.490303039550781,91.490303039550781,3254100
2019-07-09,91.498658067513944,91.507016657894354,91.373304714753104,91.431808471679688,2061800
2019-07-10,91.515369206723037,91.607294567629936,91.373298682580412,91.481941223144531,4343700
2019-07-11,91.364928300806241,91.423425666502595,90.988868342128598,91.030654907226562,4769800
2019-07-12,91.022293153762519,91.231213220517802,90.997223765869407,91.130935668945312,4141900
2019-07-15,91.206155891972301,91.323150634765625,91.147658520575632,91.323150634765625,1753200
2019-07-16,91.030663759760799,91.15601709151035,90.947096997172864,91.122589111328125,2766100
2019-07-17,91.281349684876247,91.557119301190269,91.272991097795867,91.54876708984375,2624400
2019-07-18,91.448522049066796,91.832934333647216,91.423452652901901,91.774436950683594,2386700
2019-07-19,91.58218589723748,91.699186985597564,91.515336329832124,91.607261657714844,1728100
2019-07-22,91.74933941059129,91.757697998661129,91.615627504412274,91.649055480957031,1629800
2019-07-23,91.548802392647772,91.640727758778425,91.440159845909946,91.4986572265625,2329800
2019-07-24,91.623996147341003,91.715921498993353,91.557140186914694,91.632354736328125,2268500
2019-07-25,91.523687658163979,91.532046244909154,91.281346024156406,91.473548889160156,3172000
2019-07-26,91.507002186200722,91.515360775259254,91.356579461824126,91.456863403320312,3004100
2019-07-29,91.607268851220937,91.64069682541539,91.523695727867732,91.540412902832031,2505600
2019-07-30,91.615642337425655,91.64907031938256,91.465219606487409,91.58221435546875,2514800
2019-07-31,91.557112194651367,91.916454902409811,91.415048103980993,91.816177368164062,6669300
2019-08-01,91.95347240688622,92.85760498046875,91.911618320542203,92.85760498046875,16938700
2019-08-02,92.874368375446565,93.092024992285261,92.790647413725765,93.0501708984375,8503000
2019-08-05,93.611082167159452,93.929200162241614,93.560854690834319,93.853858947753906,7626200
2019-08-06,93.661286196623621,94.01289760391964,93.585945000996588,94.004524230957031,6462400
2019-08-07,94.657506807773359,94.824935944952671,93.904062916442143,94.004524230957031,9665300
2019-08-08,93.753362613521517,94.10497397759562,93.477105209835884,94.012886047363281,5178800
2019-08-09,94.079872210638399,94.264048107023783,93.811981739626759,93.870582580566406,2869000
2019-08-12,94.213829701671784,94.582181529872713,94.188715965569585,94.464973449707031,4739900
2019-08-13,94.481724418893748,94.506838156117766,93.887342552209091,94.130119323730469,5888000
2019-08-14,94.674236512315986,94.841672017664749,94.598895325167632,94.757957458496094,8124300
2019-08-15,94.88353134708241,95.578374361901581,94.833303886207901,95.3607177734375,5240200
2019-08-16,95.025843550114615,95.159785561278994,94.741206397497166,95.10955810546875,4957800
2019-08-19,94.632440881902312,94.816616858048079,94.60732713733978,94.657554626464844,3691400
2019-08-20,95.034265603193717,95.151473713020195,94.984038118278718,95.076126098632812,3161800
2019-08-21,94.824958801269531,95.076108954587127,94.774731325411494,94.824958801269531,4921700
2019-08-22,94.640766481201126,94.908656932986872,94.598906003385906,94.615646362304688,5860400
2019-08-23,94.707745379067603,95.385848154301257,94.607290439783299,95.251899719238281,8192600
2019-08-26,95.210069684779725,95.377498883907776,95.084494591926415,95.159835815429688,7581600
2019-08-27,95.277011982586117,95.595136317441032,95.277011982586117,95.570022583007812,3266900
2019-08-28,95.729105979193648,95.762593097102524,95.536563034985988,95.603530883789062,2505400
2019-08-29,95.519789350009006,95.519789350009006,95.176557665495494,95.419334411621094,4232400
2019-08-30,95.251923938992164,95.477960383882092,95.218436821711634,95.444473266601562,3651100
2019-09-03,95.49474794703157,95.964343622881188,95.343807622236,95.654075622558594,11754000
2019-09-04,95.553476661864536,95.846976450714735,95.553476661864536,95.805046081542969,3447000
2019-09-05,95.251566386361048,95.276728438668755,94.823907462241877,95.033546447753906,4597800
2019-09-06,95.041959802759763,95.201287533322969,94.983261122711667,95.092277526855469,3111000
2019-09-09,94.639413400440816,94.706499403639739,94.49686044189815,94.505241394042969,4818700
2019-09-10,94.362727908164516,94.446582248403388,93.817665100097656,93.817665100097656,4797200
2019-09-11,93.733813073748593,93.893140802508853,93.708657410823548,93.725425720214844,4737000
2019-09-12,94.002164690039066,94.052482420996341,93.373247433329169,93.515800476074219,8612500
2019-09-13,93.163555519339809,93.255797176499115,92.660423278808594,92.660423278808594,24187700
2019-09-16,92.995848869287542,93.163557487115725,92.870064207079551,93.062934875488281,5388300
2019-09-17,93.113257531926422,93.398363496523856,93.029403212790385,93.306121826171875,8211700
2019-09-18,93.557694629855661,93.750565328884917,93.247426600173696,93.339668273925781,5170400
2019-09-19,93.566075130872065,93.57445608410886,93.348048790905153,93.381591796875,7131900
2019-09-20,93.532561719771493,93.935065123418354,93.482250393734688,93.918296813964844,9915000
2019-09-23,94.035662127200084,94.320774472157751,93.968576116895449,94.052436828613281,13163900
2019-09-24,94.10277088096818,94.605903284505629,94.094383528234459,94.522048950195312,10459100
2019-09-25,94.413002453307783,94.496863158554007,93.834403252684936,93.9014892578125,8430900
2019-09-26,94.12794649837852,94.27888689120951,94.052479500801525,94.102790832519531,4233000
2019-09-27,94.111175409768322,94.329195439230446,94.077632390387208,94.236953735351562,4545500
2019-09-30,94.09437445155541,94.345943827894658,94.060831441531846,94.312400817871094,2797900
2019-10-01,93.935303119907061,94.783536093647456,93.901709036971027,94.573577880859375,8555100
2019-10-02,94.674401415023638,95.052323799879105,94.657601162521345,94.901153564453125,3908600
2019-10-03,95.035507287276445,95.640181677336685,95.018707038781272,95.396629333496094,6128300
2019-10-04,95.388217153684749,95.648563288211463,95.329429110165279,95.581375122070312,4707600
2019-10-07,95.371428785630769,95.472211047393529,95.237058844030742,95.262252807617188,3193100
2019-10-08,95.589782371396524,95.631776580219665,95.304242255132451,95.46380615234375,4304900
2019-10-09,95.36304473667029,95.36304473667029,95.069098045251408,95.220268249511719,3336800
2019-10-10,94.951542624752648,94.968342877452713,94.531626011117737,94.624008178710938,3924400
2019-10-11,94.170437594395295,94.212431792026877,93.826109521993189,93.977279663085938,8685300
2019-10-14,94.271242094812422,94.304836179370923,94.195660210118135,94.237648010253906,1932200
2019-10-15,94.195641300008475,94.262823048222046,93.758924695836768,93.78411865234375,6638500
2019-10-16,93.926908379959997,94.078078558127132,93.851326494584697,93.968902587890625,2755500
2019-10-17,93.893353066360888,94.136899052572872,93.826164873479584,93.935340881347656,3188700
2019-10-18,93.994108403195114,94.162078848683706,93.952120597385957,94.019302368164062,2406400
2019-10-21,93.77573188690684,93.884907842331728,93.649755687622331,93.674949645996094,1735300
2019-10-22,93.901727151849741,93.935321241266521,93.641380968141476,93.893333435058594,3334400
2019-10-23,94.078111148504021,94.120105370982216,93.884953102909307,93.92694091796875,3305600
2019-10-24,93.968913786080549,94.1200839822625,93.8765316435573,93.910125732421875,2645400
2019-10-25,93.977318704906168,93.994112546486633,93.574196025381084,93.708572387695312,2381000
2019-10-28,93.380998398750847,93.40619235414232,93.263422335314061,93.355804443359375,5837600
2019-10-29,93.473375263407306,93.515363050899481,93.347399086101703,93.439781188964844,2199500
2019-10-30,93.515404734682917,93.901727151849741,93.481810645266151,93.893333435058594,5276700
2019-10-31,94.153681899156325,94.548404450091809,94.120087808925902,94.489616394042969,5540700
2019-11-01,94.353374465189006,94.555234050226346,94.101045171141934,94.311317443847656,8149400
2019-11-04,93.89073172778653,93.941201414665528,93.78139250404449,93.831855773925781,4145200
2019-11-05,93.470200665055614,93.503844988762381,93.234696816106819,93.327217102050781,6853500
2019-11-06,93.520687211881508,93.688902443729745,93.344059293340905,93.596382141113281,4129800
2019-11-07,93.11691878812313,93.11691878812313,92.502927699341114,92.847770690917969,5890100
2019-11-08,92.763660389412806,93.058040109429754,92.721603393554688,92.721603393554688,3037300
2019-11-11,92.931879493291561,92.95711112508144,92.721607339046713,92.822540283203125,1563000
2019-11-12,92.814161953575024,92.940326576218624,92.671178375845287,92.864631652832031,4446200
2019-11-13,93.209440732871414,93.243085047754775,93.049631841424684,93.116920471191406,2475200
2019-11-14,93.520692302138286,93.69732023029259,93.478635283387206,93.587974548339844,3189600
2019-11-15,93.436581971839857,93.60480363651844,93.42817570135621,93.512283325195312,2104500
2019-11-18,93.663645421055961,93.772984650430203,93.638413784815597,93.67205810546875,1893600
2019-11-19,93.68888491539937,93.882338171131309,93.68888491539937,93.84869384765625,8306500
2019-11-20,94.033739955799859,94.218774120311267,93.966451304887201,94.19354248046875,3838000
2019-11-21,93.966443385588406,94.05896366854617,93.840278780009797,93.958030700683594,3034700
2019-11-22,94.008482476360541,94.042126794865794,93.865498935461417,93.941200256347656,1879700
2019-11-25,93.949639666207929,94.016928326956119,93.932820709520826,93.983283996582031,3573100
2019-11-26,94.126266569263535,94.193548807696786,94.075796869189389,94.159904479980469,3579300
2019-11-27,93.966486553009034,94.008537162853997,93.873966227548209,93.916023254394531,2351800
2019-11-29,93.882335632944702,93.89074190083727,93.730939389899333,93.840278625488281,2882300
2019-12-02,93.385435911623858,93.596010083172047,93.334893740626967,93.50335693359375,6826400
2019-12-03,93.983463809213262,94.480415759022961,93.975039043188843,94.337226867675781,6561900
2019-12-04,94.143508666100317,94.219318718248317,93.823438201801267,93.975051879882812,2072200
2019-12-05,93.621301207023095,93.848718541241652,93.612876438728975,93.756065368652344,3062000
2019-12-06,93.393908845401882,93.655025340583677,93.35179784220432,93.469718933105469,2717400
2019-12-09,93.671801704608825,93.680226469731707,93.528612828584315,93.545455932617188,1928500
2019-12-10,93.621303358714854,93.654996006450361,93.419153898517322,93.435997009277344,1707000
2019-12-11,93.579173707274251,93.89082583841838,93.562330598716429,93.823440551757812,2462600
2019-12-12,93.730780016471485,93.747629549918585,92.913751152068329,93.08221435546875,5490400
2019-12-13,93.334921156873577,93.688690752913416,93.056968052706338,93.629730224609375,4162000
2019-12-16,93.393868491343852,93.393868491343852,93.132758535201148,93.191719055175781,3028500
2019-12-17,93.30125159797862,93.343369025568279,93.141219510815731,93.200180053710938,3471400
2019-12-18,93.141210399303574,93.166478282898666,92.846407713666494,92.947479248046875,2249500
2019-12-19,92.885018849834211,93.138061710041939,92.851278514744337,93.019973754882812,1962500
2019-12-20,92.876582157234012,93.036847140083211,92.851278514744337,93.019973754882812,4660500
2019-12-23,93.045289704797256,93.104333690186763,92.859721054912569,92.935638427734375,1809400
2019-12-24,92.817533307072949,93.129626563787383,92.817533307072949,93.09588623046875,857600
2019-12-26,93.129620402987811,93.2308349609375,93.011526026529609,93.2308349609375,1285100
2019-12-27,93.306800725354492,93.399585075154718,93.306800725354492,93.3658447265625,1771100
2019-12-30,93.045269101114201,93.306755065917969,92.986225128799219,93.306755065917969,2035400
2019-12-31,93.154959543180837,93.197130146627416,92.960954174326275,92.969390869140625,2801600
2020-01-02,93.36580342853901,93.585105944415218,93.315189710381659,93.399543762207031,4022300
2020-01-03,93.753826387694829,94.040609628337691,93.661042060354632,94.02374267578125,3839600
2020-01-06,94.184001882497981,94.192432140600957,93.846604934344697,93.922515869140625,2714300
2020-01-07,93.905632196017507,93.989979809208307,93.787544250488281,93.787544250488281,2038800
2020-01-08,93.871916829365261,93.981568112144572,93.450172215935808,93.568260192871094,5081100
2020-01-09,93.357381587546953,93.661038203554114,93.315204554924762,93.635734558105469,3680600
2020-01-10,93.703219170914437,93.897224533010601,93.703219170914437,93.838180541992188,2600000
2020-01-13,93.720056045582979,93.74535968397339,93.610404800787933,93.728492736816406,2672600
2020-01-14,93.779099987457627,93.93092825306762,93.762233040305347,93.914054870605469,2376300
2020-01-15,94.091232191622495,94.150276184082031,93.99001116084365,94.150276184082031,2734800
2020-01-16,94.006845072914174,94.057458788169853,93.88032687305062,93.95623779296875,2200500
2020-01-17,93.73697300750905,93.88037109375,93.703232659882559,93.88037109375,2627000
2020-01-21,94.09123676561174,94.285235706561267,94.082800070475244,94.251495361328125,2355600
2020-01-22,94.251444795049181,94.31892544931182,94.200837522006893,94.268318176269531,1787600
2020-01-23,94.496133309931409,94.673265343293153,94.462392955674702,94.504570007324219,1891300
2020-01-24,94.622632806943869,94.985333474378649,94.605765851968854,94.841941833496094,7932600
2020-01-27,95.474556190597085,95.491423145106211,95.339594813273393,95.482986450195312,3824600
2020-01-28,95.390191953593828,95.415502035631135,95.128712357016141,95.162452697753906,1923600
2020-01-29,95.288997720528158,95.660135112606923,95.288997720528158,95.617958068847656,2429500
2020-01-30,95.778219829318303,96.014395821521617,95.651695137691362,95.710739135742188,4405500
2020-01-31,95.92157393997401,96.258970840508965,95.896270298613246,96.191490173339844,9764500
2020-02-03,95.957548708126524,96.151808246102263,95.712607445670614,96.109580993652344,5722100
2020-02-04,95.645040634157823,95.653488662630437,95.408547388585859,95.552131652832031,2569600
2020-02-05,95.197406096160321,95.332548796208457,95.121393160352198,95.138282775878906,9027500
2020-02-06,95.112932081906024,95.273412405206969,95.070698382945437,95.205841064453125,1697100
2020-02-07,95.594339689016053,95.746371940921904,95.518320341085172,95.661911010742188,6177900
2020-02-10,95.864614522297927,95.96597150064774,95.754815962052376,95.847724914550781,1909100
2020-02-11,95.721062212333663,95.754847883046452,95.560581887437394,95.619705200195312,1657100
2020-02-12,95.417027719050651,95.433917337755958,95.298781056234048,95.374794006347656,1473800
2020-02-13,95.425464540971419,95.560600806619178,95.391678863569723,95.459243774414062,1868000
2020-02-14,95.670365146575818,95.754832531795003,95.619689870609704,95.695709228515625,2043600
2020-02-18,95.822380836996601,95.991309134246279,95.737919910349575,95.847724914550781,8356600
2020-02-19,95.746380127052163,95.873074755131839,95.695704853402887,95.830841064453125,1681800
2020-02-20,95.974438320315016,96.236275638916766,95.965996736199443,96.109580993652344,3452900
2020-02-21,96.362965234863026,96.734601147961953,96.354523650625268,96.49810791015625,5381000
2020-02-24,97.30050744022131,97.376526814530962,97.148475135560162,97.249832153320312,6803600
2020-02-25,97.224517322618439,97.731289642411866,97.199179673222716,97.520133972167969,10014300
2020-02-26,97.308963927156512,97.798846556305776,97.207606900586725,97.469444274902344,19649400
2020-02-27,98.094460903241483,98.263382833009118,97.621474344725257,97.942428588867188,8629700
2020-02-28,98.727900331374869,99.20088675826635,98.618101751976994,99.040412902832031,13437000
2020-03-02,99.404075470715881,99.733871538395064,98.91360720792963,98.972801208496094,19402100
2020-03-03,99.074243795814226,100.87543755284204,98.96430751165741,100.12282562255859,11462300
2020-03-04,100.26658374089619,100.55410196933322,99.826857949454876,99.902961730957031,7627100
2020-03-05,100.63022900601133,100.90083104443163,100.56257688349089,100.79090118408203,5284200
2020-03-06,102.30457032018585,102.58362399907682,101.55195184491184,101.81410217285156,11614800
2020-03-09,104.22413691534695,104.35944112294649,102.70199683815061,102.72737121582031,24791700
2020-03-10,102.22002251116086,102.96418300896798,100.84164428710938,100.84164428710938,15072900
2020-03-11,101.70415783608904,101.97475981811527,99.44632194371448,99.835311889648438,13316100
2020-03-12,101.60269469518836,102.12698245052843,96.740310283387075,99.886062622070312,10671600
2020-03-13,99.615431992704742,100.61327780854876,98.947382073891816,99.234893798828125,8697200
2020-03-16,101.50121273951072,102.05087485590008,100.63021277048563,101.85637664794922,6971700
2020-03-17,101.39976789990548,101.72110583771224,99.294138916790786,99.302597045898438,5680300
2020-03-18,98.600673061159782,99.615435158757194,97.535175116763185,97.924171447753906,13256300
2020-03-19,98.211687865983151,99.471677584310612,98.025647816634262,98.245513916015625,6702900
2020-03-20,99.480163255218883,101.37437741991857,99.285671478252738,100.74861145019531,9641600
2020-03-23,101.01077072854302,102.37223918128397,101.01077072854302,101.94097137451172,12234700
2020-03-24,101.06997013245211,101.45050854023869,100.8501103786154,101.24755859375,5235500
2020-03-25,101.27288323765248,101.69569920889158,100.96845522222756,101.30670928955078,5527600
2020-03-26,101.6365245484068,101.89866843586799,101.39974859177592,101.55195617675781,3384400
2020-03-27,102.16083355657916,102.65130182677468,102.05090368291283,102.30459594726562,5282300
2020-03-30,102.98955062923402,103.24323642862448,102.47371444997954,102.54136657714844,4649400
2020-03-31,102.70199683815061,103.00642485358988,102.58360888233086,102.72737121582031,6356500
2020-04-01,103.39959377514444,103.5096605267526,103.06094473445705,103.14560699462891,9256400
2020-04-02,103.43349032632106,103.47582469848932,103.01017244191181,103.16256713867188,4789400
2020-04-03,103.32343945340735,103.53509841497382,103.13717853373782,103.23877716064453,3441100
2020-04-06,102.89161500539609,102.95087923416834,102.67995612273566,102.77308654785156,4697500
2020-04-07,102.06193114696204,102.34978417018522,101.82486773691549,102.31591796875,9340600
2020-04-08,102.10424154917921,102.33283675484645,101.98571309413558,102.18890380859375,3341000
2020-04-09,102.13810400381608,102.53602371373789,102.04497358407625,102.40902709960938,4543600
2020-04-13,102.31590042737373,102.4598269143101,102.16350577670102,102.18890380859375,2103100
2020-04-14,102.30746552249023,102.48526472217229,102.27360577517013,102.32440185546875,2180100
2020-04-15,102.8831851961305,103.31497128633539,102.84932544648049,103.23877716064453,3137400
2020-04-16,103.38268211986701,103.50121059685216,103.28108351417222,103.34881591796875,1901600
2020-04-17,103.26416464819089,103.54355599913933,102.98477329724244,103.07790374755859,2375000
2020-04-20,103.27262180818582,103.3572840832727,103.11175896399847,103.34881591796875,4230700
2020-04-21,103.77210840063151,103.87370698150522,103.54351966781066,103.63665008544922,3287700
2020-04-22,103.39960367452734,103.50120227205035,103.12868054044966,103.31494140625,3168700
2020-04-23,103.26415432252772,103.40808083705444,103.17949204688362,103.38268280029297,2345900
2020-04-24,103.19641452169455,103.4165415900457,103.18794635694182,103.40807342529297,2373500
2020-04-27,103.16254690209139,103.18794493668288,102.83235953376789,102.85775756835938,2508100
2020-04-28,103.0778763965522,103.36572937800904,103.06940823259272,103.30646514892578,2847600
2020-04-29,103.31493286896534,103.46732752299843,103.04400975727501,103.25566864013672,2600100
2020-04-30,103.33188804812187,103.50968076704326,103.01016235351562,103.01016235351562,5371500
2020-05-01,103.22034584697627,103.32205144605395,103.03388881506045,103.15254211425781,8357700
2020-05-04,103.12709280132387,103.2457460722985,103.01691661145266,103.16947174072266,3580500
2020-05-05,102.93218369296025,103.12711780889913,102.86438642604747,103.09321594238281,3487600
2020-05-06,102.54232080842795,102.7881044883998,102.42366750997532,102.71183013916016,3279500
2020-05-07,102.8050570524907,103.38137583575963,102.77115518687256,103.33899688720703,3252800
2020-05-08,103.07626555541431,103.38137587998838,102.92371039312728,102.99998474121094,3486800
2020-05-11,102.98303860221188,103.0423652514382,102.62707224073415,102.71183013916016,4569400
2020-05-12,102.66096529831393,103.08472888960476,102.64401759975476,103.05082702636719,4267700
2020-05-13,103.17793627542061,103.3898180276917,103.10166194833963,103.26268768310547,2615800
2020-05-14,103.44069836685425,103.57629935780983,103.38137172091379,103.42374420166016,2257600
2020-05-15,103.56783886728464,103.59327011915001,103.27968267401536,103.35595703125,1828900
2020-05-18,103.11015167046203,103.11862228598648,102.60163022977127,102.72028350830078,3091200
2020-05-19,102.69490401821024,103.02543922075489,102.69490401821024,103.00849151611328,1941700
2020-05-20,102.86435643588659,103.15251251808346,102.78807564193461,103.03385925292969,2366700
2020-05-21,103.13557880214535,103.27117978093601,103.05929799785402,103.10167694091797,2063800
2020-05-22,103.15252228705366,103.29660034179688,103.13557459019152,103.29660034179688,1352400
2020-05-26,102.97454869456764,103.08472489623225,102.88132019080567,103.02539825439453,3484800
2020-05-27,102.96606867264826,103.26270187336726,102.95759805699829,103.11015319824219,2542900
2020-05-28,102.92372398837399,103.0678020867543,102.86439733221032,103.01695251464844,3873900
2020-05-29,103.18646375318153,103.3898685241934,103.08475813461504,103.34749603271484,2993800
2020-06-01,103.17948858873403,103.30673980712891,103.06919556933177,103.30673980712891,8531700
2020-06-02,103.18794729126138,103.28126914803421,103.06917519584027,103.13704681396484,4711800
2020-06-03,102.79770989712752,102.8146810403826,102.4413935599071,102.52622985839844,4226600
2020-06-04,102.36506365997431,102.37354276073231,102.06812684594861,102.11903381347656,4744100
2020-06-05,101.4657706111027,101.64392879843957,101.25367660628325,101.60999298095703,10611700
2020-06-08,101.52515418071611,101.81360538593756,101.51667508100019,101.72028350830078,3314700
2020-06-09,102.11899592785886,102.25473268818509,102.017188503169,102.08506011962891,3238600
2020-06-10,102.3226145529604,102.84860992431641,102.27171407181423,102.84860992431641,4944600
2020-06-11,103.23038935425053,103.37461171721669,103.15403215041283,103.21342468261719,6365800
2020-06-12,103.02678876180548,103.21343252693268,102.93346687924188,102.98436737060547,3051000
2020-06-15,103.21343761441669,103.28130278204809,102.8995361328125,102.8995361328125,2658000
2020-06-16,102.51772940232379,102.88253125820655,102.42441401834797,102.68740844726562,5252000
2020-06-17,102.78922387211446,102.88253926335102,102.62803038502592,102.84860992431641,2308300
2020-06-18,103.08617569734257,103.12859061630557,103.00981848705618,103.07769012451172,1694600
2020-06-19,102.84863116768436,103.17101173585485,102.84863116768436,103.11162567138672,2033200
2020-06-22,103.21345518638904,103.25587011430527,102.96742530312581,103.01832580566406,2284900
2020-06-23,102.91649573372366,103.01830318904636,102.85710966960096,102.98436737060547,2010600
2020-06-24,102.89949307382697,103.21339442407702,102.89949307382697,103.17945861816406,2310700
2020-06-25,103.33220017706059,103.35765042163945,103.17100666460084,103.19645690917969,1650900
2020-06-26,103.33216470575664,103.56122330093157,103.31519356679965,103.47638702392578,3413900
2020-06-29,103.44250262477235,103.62066083679886,103.43401705107692,103.57823944091797,28632400
2020-06-30,103.62913055005681,103.6630663670484,103.32371466972775,103.39158630371094,4126700
2020-07-01,103.19625051457245,103.3066431467587,103.04340465945687,103.23021697998047,8416500
2020-07-02,103.11985377753032,103.37459260712608,103.04342759374198,103.35761260986328,3054100
2020-07-06,103.09437152177442,103.22173768620677,102.99247211178682,103.20475769042969,2821900
2020-07-07,103.28118152290338,103.544420056297,103.23023505509133,103.53592681884766,2920400
2020-07-08,103.35761564432853,103.48498830208707,103.26420946053508,103.37459564208984,2096700
2020-07-09,103.40004254354118,103.79914041293401,103.39155578604321,103.70573425292969,2769400
2020-07-10,103.8076601712805,103.84162664527317,103.4680019097964,103.50196838378906,1939000
2020-07-13,103.34911839889742,103.62933693941234,103.32364516402193,103.61235046386719,2051100
2020-07-14,103.74820395102418,103.79066365636864,103.58686484484501,103.60385131835938,1721500
2020-07-15,103.45100585260766,103.67177818162419,103.44251261581734,103.56988525390625,2085400
2020-07-16,103.7312588557635,103.80767857696475,103.64633941650391,103.64633941650391,1907100
2020-07-17,103.69729870186592,103.72277194382035,103.56992601364973,103.62087249755859,2405200
2020-07-20,103.76518617662516,103.78217265050468,103.61234030391762,103.68876647949219,2695900
2020-07-21,103.73120685324756,103.8330997637683,103.69724039026052,103.79913330078125,3228400
2020-07-22,103.92650551848013,103.92650551848013,103.79913290237769,103.83309936523438,2431500
2020-07-23,103.96050894215526,103.97748894040026,103.84162951911217,103.93503570556641,2006500
2020-07-24,103.85010373043514,103.96048989490984,103.82462402007191,103.88406372070312,3395600
2020-07-27,103.96902282424296,103.98600282585946,103.69729744927123,103.72277069091797,1976500
2020-07-28,103.85011472677481,103.99446737524401,103.81614825446873,103.968994140625,1870300
2020-07-29,103.97747812090995,104.10485076904297,103.858598710237,104.10485076904297,1874200
2020-07-30,104.23224180228465,104.25771504071596,104.16430884750568,104.24922180175781,28331800
2020-07-31,104.13883044727413,104.35111606160378,104.09637073303108,104.27469635009766,4039200
2020-08-03,104.12168851625475,104.23217111733766,104.07070053650615,104.22367095947266,6595900
2020-08-04,104.38518437513821,104.60613670053117,104.35119021344929,104.58064270019531,3842000
2020-08-05,104.31718277410255,104.34267677119348,104.19820646519649,104.23220062255859,2423700
2020-08-06,104.43614791393981,104.58061820448623,104.30017778275548,104.35116577148438,2286500
2020-08-07,104.38517144508396,104.44465959974001,104.09622434838126,104.13021850585938,2363400
2020-08-10,104.27465309424723,104.29165340902431,104.01970672607422,104.01970672607422,1994900
2020-08-11,103.64580333090572,103.71379163944829,103.41635089422701,103.66280364990234,7166500
2020-08-12,103.3823665557873,103.4758488679787,103.22939608890344,103.35687255859375,5538100
2020-08-13,103.33986747163794,103.43334977951766,103.04242671189446,103.1444091796875,5748400
2020-08-14,103.23790600394841,103.33138184124957,103.18691152102038,103.19541168212891,2722800
2020-08-17,103.41638145122614,103.53535778446924,103.33989296058479,103.36538696289062,3357700
2020-08-18,103.47585666457907,103.61182682109713,103.41636850540434,103.54383850097656,1853600
2020-08-19,103.59482442527153,103.65431257953212,103.38236580523763,103.40785980224609,4493800
2020-08-20,103.72235311224914,103.74784712209235,103.63736443447065,103.70535278320312,2880300
2020-08-21,103.77326101147332,103.80725515959361,103.61179042883215,103.78176116943359,2103700
2020-08-24,103.75628251495962,103.85826498076688,103.62031237760544,103.63730621337891,1974900
2020-08-25,103.30586525677727,103.44184186989372,103.16139496813237,103.39085388183594,3562800
2020-08-26,103.28887763280635,103.39935377481511,103.15290101151355,103.34836578369141,3337400
2020-08-27,103.56930551065099,103.56930551065099,102.98291778564453,102.98291778564453,4672900
2020-08-28,103.17839354372616,103.28036951811912,103.05091709201328,103.15289306640625,2277200
2020-08-31,103.16990727580753,103.43335389008971,103.15290695530527,103.26338958740234,3273300
2020-09-01,103.24464965192483,103.60183715820312,103.15960593448997,103.60183715820312,4622900
2020-09-02,103.51679549409954,103.78893928834114,103.49978285722328,103.74641418457031,3013400
2020-09-03,103.82299893674457,104.08663651631154,103.77196749445045,103.88253021240234,5750500
2020-09-04,103.61036949853955,103.68690691692763,103.2276629413351,103.30420684814453,7512800
2020-09-08,103.53380653207985,103.68688782909645,103.49978774514058,103.52530670166016,3442700
2020-09-09,103.55084047829369,103.61037174558261,103.36374035583664,103.47429656982422,3964300
2020-09-10,103.33819968762911,103.6188433063222,103.27866843658273,103.60183715820312,3164200
2020-09-11,103.65288792276171,103.76345062255859,103.61886912962584,103.76345062255859,4905000
2020-09-14,103.77196415005996,103.8400017453111,103.61038297186627,103.66991424560547,1797100
2020-09-15,103.61035850631967,103.66988976600173,103.55082724663761,103.61885833740234,2897600
2020-09-16,103.75494787582726,103.75494787582726,103.46579785684517,103.55934143066406,4015700
2020-09-17,103.79748131248309,103.79748131248309,103.55934973323849,103.59336853027344,3426800
2020-09-18,103.62739339817473,103.65290587534002,103.49982452392578,103.49982452392578,5606900
2020-09-21,103.76347171763254,103.88253427360276,103.66992163959556,103.68692779541016,5838100
2020-09-22,103.68692779541016,103.78047787344714,103.65290899535829,103.68692779541016,3387900
2020-09-23,103.68692779541016,103.72094659546204,103.55085908362534,103.68692779541016,3172000
2020-09-24,103.72943160687505,103.77195023188764,103.67840666149139,103.73793792724609,2866900
2020-09-25,103.80595489087119,103.8569863177278,103.75492995243502,103.82296752929688,2187400
2020-09-28,103.78898597035943,103.82300477099304,103.75496716972584,103.80599212646484,4167200
2020-09-29,103.86551756883017,103.94206148806013,103.83149877010824,103.88253021240234,2577100
2020-09-30,103.78043091134226,103.78043091134226,103.46576850799129,103.60183715820312,4276400
2020-10-01,103.42231151332125,103.73718471090339,103.33721257935194,103.66059112548828,8733800
2020-10-02,103.7456932239935,103.76271041318846,103.48187809672946,103.5584716796875,7509700
2020-10-05,103.2691218403575,103.27763368080279,102.90319061279297,102.90319061279297,6132200
2020-10-06,102.92870606934827,103.31166092730706,102.86063083265806,103.14145660400391,8516400
2020-10-07,102.94573527035854,103.05636321696676,102.78404277770457,102.84361267089844,7116700
2020-10-08,102.96274102848987,103.047839938945,102.92019481957766,103.03082275390625,3499000
2020-10-09,102.94577174352311,103.08192876507825,102.78407919358229,102.97981262207031,4358500
2020-10-12,103.02231896506461,103.09040069580078,102.96274907382828,103.09040069580078,3287900
2020-10-13,103.20103651609466,103.33719998796033,103.20103651609466,103.32018280029297,6583300
2020-10-14,103.37976831239186,103.43933821717367,103.31168656617476,103.35423278808594,5200600
2020-10-15,103.46486900001702,103.48188619054298,103.21807753527749,103.24360656738281,3839200
2020-10-16,103.24361379423716,103.3627536141568,103.15000300820984,103.18404388427734,2726200
2020-10-19,102.98829656920626,103.08190734259847,102.88618044742012,103.01383209228516,3635800
2020-10-20,102.88618279701436,102.9542645415148,102.75853114923414,102.79257202148438,6129700
2020-10-21,102.66491442861842,102.7670370394554,102.59683268806042,102.65640258789062,6425300
2020-10-22,102.57131647530733,102.60535734983989,102.29048412988831,102.29899597167969,6749000
2020-10-23,102.28199374767223,102.53729060507474,102.2734819046353,102.44367980957031,5049900
2020-10-26,102.66492246668518,102.82661499001196,102.62236975234677,102.71598052978516,4817800
2020-10-27,102.86062557631733,102.97976535022578,102.81807287450829,102.94572448730469,3620100
2020-10-28,103.09893312021033,103.12446215117576,102.86915885625645,102.93724060058594,5586600
2020-10-29,102.90319936461776,102.9202230469562,102.4351519824304,102.50322723388672,7504800
2020-10-30,102.46069277104176,102.50323899650523,102.17134857177734,102.17134857177734,7246800
2020-11-02,102.47448198535879,102.54260685194257,102.29565908313506,102.34675598144531,7674300
2020-11-03,102.19347864721992,102.21050661555461,102.04020094522809,102.11683654785156,9203500
2020-11-04,102.97687530517578,103.08757331990708,102.84914282864359,102.97687530517578,14922300
2020-11-05,103.01946175272103,103.05351768508011,102.84063237574354,102.95985412597656,6250700
2020-11-06,102.63627823333631,102.6873686355558,102.49151776255113,102.61073303222656,10402200
2020-11-09,101.83582503221028,101.86988746518554,101.49521369594729,101.85285949707031,11195800
2020-11-10,101.52074318314382,101.75917368032164,101.51222595203211,101.56331634521484,4810500
2020-11-11,101.57186570783692,101.76772310490176,101.5548377369706,101.72514343261719,1699900
2020-11-12,102.03167575186326,102.31268593304712,101.99761332110664,102.30416870117188,6324000
2020-11-13,102.26160944415659,102.29567188171015,102.15091139466679,102.16794586181641,6766000
2020-11-16,102.09981819769762,102.18497104088259,102.08278373101332,102.09130096435547,3911400
2020-11-17,102.28714438914474,102.39784242050101,102.26159269260597,102.35526275634766,4707900
2020-11-18,102.42339357367064,102.42339357367064,102.17644580006545,102.32121276855469,7931200
2020-11-19,102.43192291259766,102.53411022653593,102.39786047461823,102.43192291259766,9323000
2020-11-20,102.48300052993289,102.62776100071808,102.46597256144138,102.61073303222656,16772200
2020-11-23,102.4744828113059,102.49151727646158,102.35526754219588,102.40636444091797,2511900
2020-11-24,102.32970543377891,102.34673989612006,102.19346221876891,102.24455261230469,4349300
2020-11-25,102.32120515173992,102.46596561270816,102.27010825624062,102.27862548828125,2125500
2020-11-27,102.44894008178336,102.58518981933594,102.44042934574513,102.58518981933594,2988100
2020-11-30,102.54261978896648,102.61926189772878,102.48301214737165,102.51707458496094,2390900
2020-12-01,102.2273527221756,102.26143780727367,101.85242328716203,101.97171783447266,13902200
2020-12-02,101.87794843964906,101.894994226534,101.65640521864788,101.80126190185547,5578500
2020-12-03,101.95466481933238,102.16769169672294,101.91205684342852,102.07395935058594,4484900
2020-12-04,101.75017023635004,101.77573242382788,101.57122192187525,101.67347717285156,4709100
2020-12-07,101.92059935710778,102.04841680835804,101.90355356303941,101.98876953125,4441600
2020-12-08,102.17622700952724,102.28699865884916,102.08249465199901,102.09101104736328,4735700
2020-12-09,101.90352850098304,102.05690810454821,101.80127976598229,101.94613647460938,3444100
2020-12-10,102.0313529058798,102.21029470544555,101.94614345385772,102.17621612548828,3557600
2020-12-11,102.32109002814823,102.4829860638602,102.29552783835507,102.3807373046875,4336600
2020-12-14,102.11657256228079,102.38925323770329,102.06544818617164,102.32108306884766,2870600
2020-12-15,102.19321071386487,102.27842012861447,102.11651768984711,102.21877288818359,2889200
2020-12-16,101.98874924159604,102.25290048751486,101.94614126596719,102.13360595703125,5058400
2020-12-17,102.3066802587189,102.37489195882341,101.99121252953063,102.05941772460938,3233200
2020-12-18,102.13617568983354,102.18733122150277,101.95712482396428,101.97417449951172,3189500
2020-12-21,102.13616312376563,102.1702689756913,101.95711227992545,102.04237365722656,2850500
2020-12-22,102.17028606991406,102.22996969451317,102.06796849701817,102.21291351318359,3688500
2020-12-23,102.01680440988004,102.02533249982982,101.82069737119491,101.99974822998047,3047100
2020-12-24,102.09352943675623,102.14469146728516,102.06795167400483,102.14469146728516,1529300
2020-12-28,101.98272882849407,102.15325164794922,101.92304519118191,102.15325164794922,3677500
2020-12-29,102.00826648738686,102.17026765568426,102.00826648738686,102.13616180419922,2157300
2020-12-30,102.09353819529738,102.20438385009766,102.08501661033328,102.20438385009766,2549100
2020-12-31,102.18732162802591,102.31521695021894,102.18732162802591,102.2725830078125,2626200
2021-01-04,102.04235850992715,102.36635429758748,102.01678075103622,102.29814910888672,5499000
2021-01-05,102.2043692135879,102.22141888610115,101.95710667947837,102.05941772460938,5004400
2021-01-06,101.56489536615759,101.56489536615759,101.26647081560829,101.46257781982422,10039300
2021-01-07,101.10449981689453,101.1727115304071,101.01923842751734,101.10449981689453,7751700
2021-01-08,100.9083570125091,100.9765687018526,100.72077811932684,100.81456756591797,8378700
2021-01-11,100.7378517215593,100.74637981045876,100.60142831927141,100.61848449707031,6061000
2021-01-12,100.41384625113588,100.64405910903562,100.24332350863847,100.60142517089844,6516600
2021-01-13,100.75491225144495,101.07891461427951,100.72933448701623,100.95101928710938,7562900
2021-01-14,100.94249474440657,101.01070645529781,100.63554855042278,100.72080993652344,8113000
2021-01-15,100.93393822221101,101.06183351784857,100.78899325616676,100.99362182617188,5978400
2021-01-19,100.84870084909315,101.05332946777344,100.8060734104241,101.05332946777344,4035700
2021-01-20,100.94248943549384,101.09596252441406,100.91691167151154,101.09596252441406,4277700
2021-01-21,100.92544152268066,101.01923099560366,100.86575790400481,100.95101928710938,4254500
2021-01-22,101.03628810338196,101.12154949275916,100.98513257076105,101.10449981689453,4706200
2021-01-25,101.24945115264993,101.51376342773438,101.21534529376363,101.51376342773438,5689200
2021-01-26,101.41144719551082,101.51375826193588,101.3943910144219,101.47965240478516,4257100
2021-01-27,101.65016217622397,101.75247322300784,101.56490080222879,101.59900665283203,5764700
2021-01-28,101.46259686875779,101.47112495880971,101.22386238751794,101.33470153808594,5394200
2021-01-29,101.04480050995397,101.28353496516527,101.0106946584915,101.1556396484375,7952100
2021-02-01,101.16249085810878,101.33312583744819,101.12836256037946,101.28193664550781,3640700
2021-02-02,100.96621818943638,101.06860304552626,100.93209641337793,101.02594757080078,3609800
2021-02-03,100.88943835592107,100.94062753130585,100.76145890815401,100.77852630615234,3844200
2021-02-04,100.65910542944006,100.7870783995231,100.58231513808352,100.74442291259766,2146000
2021-02-05,100.71881501463558,100.82972707715942,100.53111267089844,100.53111267089844,5498000
2021-02-08,100.51401523473908,100.71025121981637,100.45429237133364,100.57373809814453,2861300
2021-02-09,100.68468676230904,100.78706512489126,100.60789648106653,100.65055847167969,4458500
2021-02-10,100.76145381150106,100.906494140625,100.75292011293354,100.906494140625,6726800
2021-02-11,100.9064880392185,100.94061632212021,100.78704230371474,100.82970428466797,5949900
2021-02-12,100.58229622688206,100.69320828320289,100.46285047105795,100.49697875976562,8802400
2021-02-16,100.05333659502313,100.14718777953932,99.70353296035006,99.77178955078125,8909000
2021-02-17,99.84002685546875,99.968006318823143,99.720581092152912,99.84002685546875,4789700
2021-02-18,99.677930759680024,99.908288598172888,99.601140473978248,99.831504821777344,4469900
2021-02-19,99.532903995824924,99.626748676693609,99.285478722571142,99.430519104003906,5851800
2021-02-22,99.353734852119445,99.541437243890201,99.191633566841787,99.268417358398438,3828000
2021-02-23,99.200152697185658,99.464645368323886,99.114835210398837,99.345199584960938,7344900
2021-02-24,98.850357078808969,99.259883652376928,98.790634182275824,99.208694458007812,7133700
2021-02-25,98.63701025901149,98.730861407480148,97.348695274008733,97.886207580566406,35760600
2021-02-26,98.236028317522766,98.807662497183159,97.869157357129225,98.765007019042969,28188400
2021-03-01,98.577199614347478,98.765015532069697,98.389383696625259,98.654029846191406,9616500
2021-03-02,98.568628777587165,98.841813702047389,98.52594750037791,98.833274841308594,6271000
2021-03-03,98.363752230174285,98.380823440234863,98.116177348215942,98.303993225097656,8377300
2021-03-04,98.295500855600537,98.40648005659331,97.672300438358292,97.817428588867188,12327900
2021-03-05,97.424686513033635,97.808850643415497,97.339310916732288,97.680793762207031,8634600
2021-03-08,97.450313099003466,97.475923176935936,97.262497176505903,97.296646118164062,7416400
2021-03-09,97.723488085773695,97.843006112684051,97.569821120711239,97.757637023925781,7035000
2021-03-10,97.757644911257614,98.05644000264104,97.706418243274385,97.962532043457031,5683100
2021-03-11,97.953985319454873,98.064970996808569,97.78324714186391,97.928375244140625,7576500
2021-03-12,97.305163189303158,97.313695537873301,97.117347308869057,97.21978759765625,7332600
2021-03-15,97.279550683669655,97.433217636538274,97.2539406103988,97.339309692382812,4465500
2021-03-16,97.450299622013588,97.527129845185669,97.211263576708831,97.322242736816406,5479400
2021-03-17,96.955169917003616,97.364950731983654,96.775892845838939,97.160057067871094,8975900
2021-03-18,96.383155896107397,96.664879700347157,96.289247961360815,96.55389404296875,8281400
2021-03-19,96.349027776283734,96.639283991294377,96.323417700046832,96.494155883789062,8748100
2021-03-22,96.741730197809133,96.861248228321855,96.66489996958417,96.810028076171875,4679800
2021-03-23,97.023439839192051,97.305163661209477,96.955141970840572,97.2880859375,7544000
2021-03-24,97.091732607548025,97.433208904882051,97.066116023329386,97.4161376953125,14634800
2021-03-25,97.467362956990215,97.527121963486962,97.142957852185518,97.2880859375,10573800
2021-03-26,97.023427822337467,97.22831488877236,96.955129962445028,96.963668823242188,6409700
2021-03-29,97.049073339329794,97.057612203245839,96.54538458020032,96.630760192871094,6298000
2021-03-30,96.366094969852526,96.605137535662891,96.280725881542224,96.545372009277344,5784900
2021-03-31,96.519746846326257,96.630732505700138,96.289249692594922,96.408767700195312,8620000
2021-04-01,96.707763038766572,96.887151271818198,96.639422802189657,96.835899353027344,8535300
2021-04-05,96.502734448815389,96.639408384294768,96.357516355717692,96.562530517578125,9944500
2021-04-06,96.76756124504017,97.049459839158047,96.733391126000072,97.032371520996094,8765200
2021-04-07,97.015286603408981,97.211763152256552,96.938408726001413,96.972572326660156,6316800
2021-04-08,97.143441523845397,97.314285628998078,97.126353202959223,97.305747985839844,6334700
2021-04-09,96.989711032969439,97.228895465544809,96.904288952376376,97.049507141113281,5887400
2021-04-12,96.972589108628952,97.015303392769866,96.887167057631856,96.989677429199219,5466000
2021-04-13,97.015279048017689,97.391143798828125,96.989653090877539,97.391143798828125,7663800
2021-04-14,97.228861643652877,97.305746051542627,97.143439592774598,97.271575927734375,4876900
2021-04-15,97.579064220386414,98.040344426966513,97.579064220386414,97.895126342773438,9958500
2021-04-16,97.604706988361997,97.784095214552821,97.57908102994665,97.630332946777344,7334900
2021-04-19,97.468035950068028,97.690138473294212,97.416784028278926,97.52783203125,5738600
2021-04-20,97.502168701130159,97.886571001788326,97.502168701130159,97.8182373046875,6468300
2021-04-21,97.809741265834887,97.920789280874899,97.673060769830485,97.869537353515625,7976500
2021-04-22,97.860997818918364,97.972052356492497,97.630357617614919,97.946426391601562,7681300
2021-04-23,97.929285265097704,97.937829421215895,97.664475080967918,97.8182373046875,5509900
2021-04-26,97.775547721306793,97.852432111214057,97.715751647949219,97.715751647949219,7145300
2021-04-27,97.579103639624549,97.664525693229649,97.331375122070312,97.331375122070312,7720500
2021-04-28,97.339880517365842,97.476560971680755,97.092158599164932,97.45947265625,8692900
2021-04-29,96.998206651182599,97.297187042270053,96.904240454371731,97.288642883300781,5547800
2021-04-30,97.33135382565716,97.408231701895147,97.186129197290683,97.374061584472656,5160000
2021-05-03,97.411682173186108,97.745049116827531,97.377489855694975,97.539901733398438,8593300
2021-05-04,97.736514720858011,97.924569235765603,97.6168448516475,97.668136596679688,11171000
2021-05-05,97.565549206491383,97.813438629525464,97.565549206491383,97.787796020507812,6810000
2021-05-06,97.71942335819881,97.941670199452872,97.702330457264893,97.830543518066406,6546200
2021-05-07,98.061304475110916,98.257902111322522,97.779222800703138,97.864700317382812,10657600
2021-05-10,97.907476335100711,97.984404170370851,97.625394562739316,97.668136596679688,5906800
2021-05-11,97.522792053903274,97.591176681691067,97.462957134968207,97.505699157714844,6591300
2021-05-12,97.146694893844327,97.215079525327582,96.992832733765695,97.035568237304688,14509800
2021-05-13,97.155227114678894,97.394566760270422,97.095385681764782,97.360374450683594,8242700
2021-05-14,97.505712042862825,97.608288998099823,97.403135087625827,97.5740966796875,7943100
2021-05-17,97.505691736390233,97.548433755883707,97.437307113807307,97.480049133300781,6711100
2021-05-18,97.47149942509877,97.522784631277688,97.377472199426393,97.480049133300781,4319600
2021-05-19,97.462962240780115,97.659566425590313,97.103952708362257,97.189430236816406,13156500
2021-05-20,97.360381310571512,97.599720973026606,97.334738706953715,97.591171264648438,8412700
2021-05-21,97.685224030377668,97.710866640699294,97.514268947221254,97.625389099121094,6648700
2021-05-24,97.676641222680644,97.813410460077137,97.633905727131378,97.719383239746094,4826000
2021-05-25,97.821974711627988,98.095506705572603,97.821974711627988,98.078407287597656,5748200
2021-05-26,98.010027178797358,98.138240203405388,97.924543133702642,97.96728515625,4501600
2021-05-27,97.753606541160849,97.796348571777344,97.616837260402647,97.796348571777344,5998100
2021-05-28,97.75360370131159,97.992943414167101,97.75360370131159,97.787796020507812,5575700
2021-06-01,97.67575182216703,97.786948767529495,97.555999257615042,97.769844055175781,9498100
2021-06-02,97.872494489877525,97.94948201769742,97.829729442000641,97.881050109863281,4269900
2021-06-03,97.795481555026882,97.795481555026882,97.590185898559426,97.632957458496094,3591200
2021-06-04,97.881011149530721,98.180392469607639,97.863906442393471,98.171836853027344,6326000
2021-06-07,98.052077079095127,98.129064570581832,98.026416757273836,98.0948486328125,3068500
2021-06-08,98.402811817929802,98.428472146601791,98.33437992412145,98.377151489257812,4760500
2021-06-09,98.727831252609008,98.8390346864675,98.556758082704874,98.685066223144531,5679300
2021-06-10,98.471250272668613,99.044352737942859,98.428478704682476,99.035797119140625,6494800
2021-06-11,98.96736184789647,98.984473084917781,98.804844252342875,98.890380859375,3914200
2021-06-14,98.78771710753999,98.796272724672932,98.539656418874671,98.582427978515625,3730900
2021-06-15,98.531122969988658,98.616659576826123,98.479795785066358,98.59954833984375,4212700
2021-06-16,98.642282143441903,98.693602782692537,97.778347735263125,97.92376708984375,13529000
2021-06-17,98.07777207412903,98.59099823591329,98.009340178951206,98.274505615234375,8838100
2021-06-18,98.402777824601458,98.864683159205342,98.20603782937259,98.830467224121094,13435000
2021-06-21,98.59097217340539,98.667953140611999,98.437003712969172,98.513984680175781,6460000
2021-06-22,98.402793070173715,98.719285624220561,98.377132746390544,98.693618774414062,5459700
2021-06-23,98.582416160640918,98.685063975859748,98.454108023123126,98.496879577636719,5429800
2021-06-24,98.496908600537836,98.608105538606068,98.437032322189566,98.47979736328125,3631700
2021-06-25,98.548226669920965,98.582442617509884,98.103432403314528,98.274505615234375,6716800
2021-06-28,98.462675442749429,98.676520188906736,98.454119825616488,98.582427978515625,4968900
2021-06-29,98.454091645713959,98.642276012633332,98.445536031029832,98.633720397949219,3373200
2021-06-30,98.779201150163786,98.933169680084021,98.762089910158252,98.787750244140625,6572800
2021-07-01,98.759468369005546,98.8193845833529,98.5797197259635,98.7166748046875,11966200
2021-07-02,98.836522240010652,99.076187133789062,98.810844791445632,99.076187133789062,5071900
2021-07-06,99.195999757672709,99.666774655215434,99.195999757672709,99.598297119140625,9095300
2021-07-07,99.786633460828284,100.06909847403507,99.692478456426016,99.88934326171875,7456400
2021-07-08,100.07762537018444,100.30873541851552,99.992031716511775,100.14610290527344,7368000
2021-07-09,99.735269382168283,99.752392035448111,99.632559584004611,99.641120910644531,5531200
2021-07-12,99.726714931858567,99.769508504448936,99.512727477770184,99.589759826660156,3867700
2021-07-13,99.641120092695658,99.743829890016173,99.19602253637747,99.2816162109375,6926500
2021-07-14,99.555523494620999,99.735272176822917,99.469929816959933,99.7095947265625,6029200
2021-07-15,99.966357654597061,100.18034506120497,99.743808923219163,100.12899017333984,5704500
2021-07-16,99.863613189117501,100.12896193914536,99.855058397137185,100.11183929443359,3577900
2021-07-19,100.77953209283906,101.0962358838205,100.72817719228279,100.96784210205078,20557500
2021-07-20,101.40437704184332,101.4471706149627,100.75385334486666,100.83944702148438,8729000
2021-07-21,100.42861732295214,100.49709489178142,100.16326837633373,100.25742340087891,7438300
2021-07-22,100.25739241167297,100.6939286150524,100.24883761599887,100.48850250244141,6363500
2021-07-23,100.12900077629172,100.36010432653444,100.12043945061514,100.33442687988281,6804600
2021-07-26,100.48850947351394,100.50562559642792,100.24884457044541,100.26596069335938,6179600
2021-07-27,100.67680020116399,100.75383253509592,100.58264521721767,100.69391632080078,8621200
2021-07-28,100.50560686980643,100.78807182309809,100.368658320875,100.77951049804688,11533500
2021-07-29,100.41146591813653,100.59977591331445,100.38578846977201,100.47138214111328,6203800
2021-07-30,100.64252075047615,100.81370799915827,100.63395942892957,100.75379180908203,5656400
2021-08-02,100.91313048241528,101.39276982078381,100.81891467886491,101.19577789306641,19495800
2021-08-03,101.22149658203125,101.3842341977337,101.17010850742942,101.22149658203125,6627300
2021-08-04,101.5212465105885,101.60689545892632,100.87886959616098,101.19577789306641,7545000
2021-08-05,100.9816777788573,101.03306585392957,100.75898522921491,100.82750701904297,5164600
2021-08-06,100.33069650519106,100.4249122974915,100.2107866849169,100.23648071289062,7807600
2021-08-09,100.38210655379559,100.47632236673772,100.02237701416016,100.02237701416016,10842500
2021-08-10,100.09944354249319,100.10800386207262,99.825363020264334,99.83392333984375,7192400
2021-08-11,99.902477120602597,100.20225176683113,99.731179189785479,99.945304870605469,7254300
2021-08-12,99.842475891113281,99.953818841051302,99.722566088227993,99.842475891113281,6932200
2021-08-13,99.996704910384878,100.41638946533203,99.979577729092284,100.41638946533203,6896500
2021-08-16,100.68191161821299,100.91316451016279,100.63908386230469,100.63908386230469,6928100
2021-08-17,100.62189973339743,100.81032476279914,100.57050514847478,100.58763885498047,7785500
2021-08-18,100.5448446271036,100.63049358438897,100.3221521104844,100.53627777099609,7025800
2021-08-19,100.75039768295551,100.82748631433147,100.66474873055705,100.75896453857422,6242600
2021-08-20,100.75895731737819,100.81891223321988,100.56196539443937,100.66474151611328,6510200
2021-08-23,100.63906450615569,100.70758628859078,100.55341554541025,100.69045257568359,3958500
2021-08-24,100.56199991200992,100.64764888766881,100.39069542609415,100.41638946533203,3649700
2021-08-25,100.38210655379559,100.41636744346515,99.970988946954094,100.02237701416016,5874700
2021-08-26,99.970988946954094,100.06520475989622,99.859639421878924,100.02237701416016,6850600
2021-08-27,100.02239463115831,100.34786987304688,99.893917905917959,100.34786987304688,6360700
2021-08-30,100.33071991851141,100.55341243724347,100.29645902835288,100.54484558105469,6546200
2021-08-31,100.49344307708039,100.63048008343226,100.31357833053347,100.35639953613281,7418400
2021-09-01,100.49356456269318,100.52784886620802,100.31357687353703,100.39928436279297,11908600
2021-09-02,100.51071439779655,100.519287109375,100.39929530352846,100.519287109375,2976200
2021-09-03,100.28786958601231,100.32215389099895,100.17644396004005,100.279296875,4988900
2021-09-07,99.927883128804879,100.0050244462978,99.799325164753782,99.885032653808594,7098600
2021-09-08,100.02214930451375,100.22785509627829,99.962153416681076,100.15928649902344,6046200
2021-09-09,100.20214748163079,100.55355011314307,100.11643346213167,100.44213104248047,7009500
2021-09-10,100.2192878209667,100.30499530265185,100.03072743782236,100.12500762939453,8147100
2021-09-13,100.21929115512727,100.33071023111854,100.20215227384473,100.24500274658203,4269300
2021-09-14,100.41643206096542,100.72497772147044,100.36500233499589,100.62213134765625,6991000
2021-09-15,100.56213210193924,100.57927098398353,100.27929150524183,100.45070648193359,5108900
2021-09-16,100.09929114064435,100.28785151456188,100.0050109536856,100.13357543945312,5682700
2021-09-17,99.885012461937919,99.91072404955051,99.747875275922823,99.842155456542969,7611700
2021-09-20,100.20216647477912,100.45928896482879,100.12502515042023,100.34786987304688,8781600
2021-09-21,100.38215252096578,100.40786411563964,100.22787641385987,100.28787231445312,4867900
2021-09-22,100.28789140639847,100.46787914244275,100.09933095747665,100.38217163085938,10966400
2021-09-23,99.919345232389375,99.945056832475458,99.473655700683594,99.473655700683594,10650100
2021-09-24,99.336486179146803,99.345058888847745,99.113641500353253,99.173637390136719,10528000
2021-09-27,98.907936096191406,99.079351045191515,98.882224507747509,98.907936096191406,6742100
2021-09-28,98.547968173529298,98.753667435574499,98.333696201672581,98.53082275390625,10295500
2021-09-29,98.736505707297255,98.873642885383717,98.453671720849911,98.633659362792969,8364000
2021-09-30,98.53942821327766,98.787984567926515,98.496571189038136,98.753700256347656,7307900
2021-10-01,98.942378421170289,99.199686112896018,98.8566113717972,99.15679931640625,19830100
2021-10-04,98.98525373155303,99.208246725326006,98.856599900618974,99.036712646484375,7691800
2021-10-05,98.882319063342351,98.90804851812932,98.625011428262809,98.727935791015625,6861900
2021-10-06,98.762278925519652,98.856624655589627,98.676511864621659,98.753700256347656,7473500
2021-10-07,98.530657276243332,98.556393272426732,98.350544564585988,98.359123229980469,8160200
2021-10-08,98.307653373604438,98.307653373604438,98.033195003995147,98.144691467285156,9455100
2021-10-11,97.973172513273894,98.050360874287676,97.887398942896752,97.904556274414062,2261300
2021-10-12,98.076081773237917,98.384848277570185,98.016044205373532,98.350540161132812,7938400
2021-10-13,98.410599405785703,98.676485730840824,98.359140491596904,98.539253234863281,11662400
2021-10-14,98.650761785402068,98.813723758388207,98.547843944447777,98.770843505859375,9518200
2021-10-15,98.410582823512556,98.436312276271522,98.230470110595348,98.281929016113281,8689700
2021-10-18,97.990308225404704,98.221879816423538,97.835924983524251,98.144691467285156,8703300
2021-10-19,98.007465864685372,98.050352646275059,97.775894257471933,97.793045043945312,7445200
2021-10-20,97.793078616964422,97.956040590626131,97.72446890391258,97.750198364257812,6230000
2021-10-21,97.690128924391061,97.733009163116861,97.458550769575567,97.49285888671875,7103900
2021-10-22,97.587231996683499,97.818810216576523,97.492886283927973,97.741615295410156,10204600
2021-10-25,97.758776495122007,97.964618720359368,97.758776495122007,97.8616943359375,4835000
2021-10-26,97.878832667448492,97.98175048828125,97.690141271114996,97.98175048828125,5603100
2021-10-27,98.324827974851047,98.685053445290364,98.050369538763178,98.530670166015625,16140300
2021-10-28,98.42775975574655,98.556413588766503,98.170452089706629,98.27337646484375,9940400
2021-10-29,98.00745666815034,98.513493160287098,97.938846985090663,98.31622314453125,11254300
2021-11-01,98.033857365583657,98.385752761854548,98.00810972051886,98.308509826660156,14479000
2021-11-02,98.420075734351357,98.668980526581151,98.411497552303501,98.548820495605469,12191100
2021-11-03,98.566023646647963,98.600356033546987,98.07679859274495,98.239875793457031,17031100
2021-11-04,98.411507784631112,98.84923085088451,98.411507784631112,98.771987915039062,12665400
2021-11-05,98.995166849399368,99.398564202791178,98.892176238819744,99.312736511230469,12955100
2021-11-08,99.149643204532921,99.149643204532921,98.84066487476106,98.883575439453125,7404300
2021-11-09,99.304122823934534,99.544449457759939,99.261212264781989,99.338455200195312,12345400
2021-11-10,99.166811680257382,99.192559328462323,98.308521816188929,98.488761901855469,19425100
2021-11-11,98.488757948814751,98.531675059588409,98.171188354492188,98.171188354492188,3746100
2021-11-12,98.531666795744883,98.651826837955241,98.291340163093011,98.377174377441406,10613400
2021-11-15,98.317121184643568,98.342868836681504,97.956634411413418,97.990966796875,8021400
2021-11-16,97.999548528467599,98.188373368605923,97.88797319030985,97.905136108398438,6573700
2021-11-17,97.905124684397379,98.265604856290253,97.887961768311442,98.257026672363281,10006200
2021-11-18,98.111106255419188,98.342848171529837,98.093943340411386,98.317100524902344,10183400
2021-11-19,98.634663322914136,98.797740482131331,98.523088005057488,98.583168029785156,10731600
2021-11-22,98.128295111100499,98.222707532880477,97.802140727412251,97.862220764160156,10876200
2021-11-23,97.690544262490377,97.742039554786629,97.458808898925781,97.458808898925781,11543700
2021-11-24,97.47595626150779,97.776356332360095,97.415876247337323,97.759193420410156,8322900
2021-11-26,98.686187223181818,99.038082718606844,98.634685370309271,99.020919799804688,13878500
2021-11-29,98.437272188592374,98.874995329366953,98.411524538927097,98.797752380371094,13908200
2021-11-30,99.40713178812851,99.690369014828676,98.892159179366729,99.389968872070312,19416800
2021-12-01,99.03610838036937,99.577239990234375,98.915856911510488,99.577239990234375,24991000
2021-12-02,99.551448583961559,99.594391782005601,99.130568545142822,99.362480163574219,11448900
2021-12-03,99.199273710294932,100.18705895787529,99.113380765551341,99.946556091308594,19790900
2021-12-06,99.800556806996482,99.877858506310972,99.336726951470879,99.448387145996094,9863200
2021-12-07,99.173479490299783,99.379623812220743,99.001693647567279,99.070404052734375,7678400
2021-12-08,98.924433325805779,98.950200559369989,98.623804678868268,98.752647399902344,11126500
2021-12-09,98.993140611141882,99.156341811997322,98.864297902740873,99.001731872558594,9198400
2021-12-10,99.15630352731047,99.345271886242116,99.018869610556607,99.070404052734375,5051500
2021-12-13,99.319512180538638,99.628731983825944,99.302336215116341,99.542839050292969,5706900
2021-12-14,99.336689491378735,99.474116867184605,99.147721115586535,99.371047973632812,4749500
2021-12-15,99.130581839625165,99.405443246174457,99.018915092668578,99.225059509277344,8428000
2021-12-16,99.367748005965382,99.651460917111393,99.350549706316215,99.513900756835938,9085400
2021-12-17,99.832020632410561,100.02115604600893,99.677268705480571,99.737449645996094,7933100
2021-12-20,99.900805640565309,100.02976668769246,99.625691801002006,99.6514892578125,13772100
2021-12-21,99.290402014471908,99.333391218756418,99.06687651804107,99.256011962890625,7672800
2021-12-22,99.410774523775927,99.419373677396791,99.161451542629479,99.350593566894531,5538200
2021-12-23,99.281793888417184,99.290386480544456,99.023871821525177,99.144233703613281,7209700
2021-12-27,99.10987741590867,99.230239338994068,99.084086512280777,99.178657531738281,3471800
2021-12-28,99.341979750192692,99.367770646313275,99.109848566645553,99.161430358886719,8314500
2021-12-29,98.843316755750593,98.929288580989322,98.585394720804587,98.6541748046875,11879900
2021-12-30,98.851918646092514,98.989472258441324,98.688567582150171,98.980873107910156,10296000
2021-12-31,99.006677918619999,99.135632390022764,98.869117736816406,98.869117736816406,7584500
2022-01-03,98.327525719103875,98.361915777299629,97.949241638183594,97.949241638183594,27744600
2022-01-04,97.725670931737582,97.914812897474746,97.648298250788926,97.897621154785156,15911800
2022-01-05,97.914820586514239,97.923419738149477,97.416174739364195,97.484954833984375,13715700
2022-01-06,97.261416291227917,97.330196381240995,97.132461821491376,97.244224548339844,10957400
2022-01-07,97.11528183513559,97.149671886628042,96.694015183008531,96.926139831542969,13318200
2022-01-10,96.676812802969053,96.934734898675813,96.616631855201646,96.900344848632812,8430700
2022-01-11,96.857355355590016,97.141061769725638,96.771376956947393,97.132469177246094,8086500
2022-01-12,97.29584918631987,97.519381297693016,97.132504599638168,97.149696350097656,7996500
2022-01-13,97.209821718201709,97.493534632768686,97.13244904653591,97.459144592285156,8431100
2022-01-14,97.209833156194492,97.22702489884432,96.762775695765569,96.788566589355469,10595700
2022-01-18,96.375896739834786,96.461868575224784,96.023410246966634,96.05780029296875,11594100
2022-01-19,96.212574807519559,96.47908952756552,96.152387293463107,96.289947509765625,10349700
2022-01-20,96.444695056333813,96.49627685546875,96.315733999264637,96.49627685546875,8297300
2022-01-21,97.037922997508048,97.192674971709664,96.848780966902453,97.05511474609375,13250000
2022-01-24,97.355985100571814,97.398974295677348,96.951910279808644,96.969108581542969,22377400
2022-01-25,97.055112371200494,97.227056089780433,96.779998485933149,96.840179443359375,13534000
2022-01-26,96.857368127107961,96.943339977855857,96.152381896972656,96.152381896972656,12694700
2022-01-27,96.38452904838995,96.737015662517038,96.367330739857209,96.556472778320312,11609400
2022-01-28,96.41892063457432,96.857385679849614,96.393129730599242,96.780006408691406,6713500
2022-01-31,96.59946352163287,96.84878652544694,96.539282559280025,96.780006408691406,8258600
2022-02-01,96.812662594214302,96.847085662111269,96.494254140314041,96.649154663085938,16338700
2022-02-02,96.726621832353572,97.079446838321601,96.726621832353572,96.847099304199219,5997100
2022-02-03,96.4168203719465,96.520089589786508,96.313551154106506,96.434028625488281,8032600
2022-02-04,95.883278095242773,95.90909375980128,95.599292654038777,95.693954467773438,8616400
2022-02-07,95.719772338867188,95.823034992398775,95.599288300530603,95.719772338867188,10294700
2022-02-08,95.461612105846967,95.513243437768153,95.358342876474069,95.409980773925781,8111500
2022-02-09,95.633739596148686,95.840278095223383,95.504661241141733,95.539077758789062,10113400
2022-02-10,95.186225781035176,95.246464518214239,94.626862326926883,94.661285400390625,16633900
2022-02-11,95.065762192085103,95.71978755236384,94.592453069739136,95.642333984375,18315600
2022-02-14,95.125998966956686,95.375561356701482,94.842013499433563,94.979705810546875,11090000
2022-02-15,94.704301378156615,94.867802745154137,94.626847833343959,94.695693969726562,8490500
2022-02-16,94.936646198061311,94.953854448906085,94.609636907780569,94.89361572265625,9007700
2022-02-17,95.117396962624142,95.435805526023998,95.108789551307623,95.401382446289062,8749500
2022-02-18,95.5562582166108,95.719766161523509,95.496019484094987,95.711158752441406,8486800
2022-02-22,95.496043771801737,95.711183094864992,95.384167121868941,95.70257568359375,8392500
2022-02-23,95.34973751457278,95.435791918875012,95.100175146225183,95.203437805175781,7941800
2022-02-24,95.969333717798577,95.995155948215199,95.289499324022941,95.42718505859375,19162100
2022-02-25,95.280904949982329,95.418590703390961,95.074373037103811,95.401382446289062,8101900
2022-02-28,96.05540860400302,96.502895513099901,96.020985523990774,96.485687255859375,12291800
2022-03-01,96.986080028775163,97.752665758790457,96.943017328063746,97.425361633300781,28285600
2022-03-02,96.865500984655981,96.951632963780085,95.943875007985596,95.961105346679688,12303800
2022-03-03,96.202308739748887,96.555451940206751,96.030038154140598,96.37457275390625,12247400
2022-03-04,97.227280359924364,97.589045265147604,97.132533190871868,97.330642700195312,20102300
2022-03-07,96.874150720738058,97.399564523757221,96.848311774925818,96.917213439941406,13633200
2022-03-08,96.357329851422463,96.529593831380566,96.167835530598779,96.288421630859375,10819400
2022-03-09,95.892231852467788,95.978363862775893,95.590766530663871,95.694122314453125,7932300
2022-03-10,95.366776367928466,95.46152350929475,95.056696009174857,95.254798889160156,11100100
2022-03-11,95.151464196956312,95.349567120759701,95.048101864026449,95.228981018066406,5567600
2022-03-14,94.462407511028815,94.522700570284144,94.02313232421875,94.02313232421875,8622500
2022-03-15,94.522724953551361,94.574409425853275,93.911179031505753,93.980087280273438,9294400
2022-03-16,93.885329975167352,93.988692337192859,93.239329998274002,93.850875854492188,12847300
2022-03-17,93.911124551904265,94.092003671398885,93.497688442044733,93.669952392578125,7215900
2022-03-18,93.825001067627241,94.074788418519887,93.825001067627241,93.945587158203125,7509200
2022-03-21,93.265148789094852,93.411573841729677,92.653603065046283,92.722511291503906,11003600
2022-03-22,92.334895787732947,92.369349896611453,92.136792875993152,92.214309692382812,7710300
2022-03-23,92.438267848990705,92.834480285644531,92.240158344938777,92.834480285644531,11222700
2022-03-24,92.291818535978521,92.593283726846039,92.257364432529613,92.317657470703125,11112300
2022-03-25,91.89561473719256,91.904223335267986,91.275453960418929,91.370201110839844,9055600
2022-03-28,91.516641760386634,91.904239026321193,91.404670823248878,91.576934814453125,12858500
2022-03-29,91.800867372418764,92.145401866649522,91.602757902515194,92.033424377441406,7539900
2022-03-30,91.843965122970488,92.421063413882621,91.78367205633208,92.395217895507812,6430100
2022-03-31,92.533004997668542,92.696660371495867,92.395188562561458,92.567459106445312,9147200
2022-04-01,91.671534902622327,92.275151641823655,91.576680937588648,91.9647216796875,10237000
2022-04-04,92.059572886574017,92.076816071128377,91.731893170326998,91.90435791015625,7372100
2022-04-05,91.637030294437949,91.654280056171515,90.714365407386367,90.809219360351562,9675600
2022-04-06,90.240096811156945,90.81783879632043,90.240096811156945,90.490165710449219,9054400
2022-04-07,90.265983581542969,90.516052532663608,90.076275647668169,90.265983581542969,5518900
2022-04-08,89.748568449010634,90.041748541888808,89.67958257579636,89.808929443359375,8091800
2022-04-11,89.489904764661759,89.593383609231438,89.265703890856059,89.3778076171875,7356400
2022-04-12,89.843422379966512,90.188338588327909,89.705450633537978,89.808929443359375,12211000
2022-04-13,90.058998248508033,90.464282029843119,89.946894559884726,90.007255554199219,6346100
2022-04-14,89.877937169795274,89.912423535932561,89.093237473612163,89.19671630859375,6158700
2022-04-18,89.274324433155783,89.291574195840852,88.91215836305193,88.938026428222656,4591500
2022-04-19,88.59311338508499,88.756953254512155,88.291308293133056,88.351669311523438,7004900
2022-04-20,88.713847012766294,89.179492034984207,88.610374727067949,89.041526794433594,7479300
2022-04-21,88.791424177237673,88.80004905739878,88.187807564223064,88.549980163574219,9137500
2022-04-22,88.325781789340624,88.834537892452772,88.282663966191123,88.593093872070312,5451600
2022-04-25,89.291601277436712,89.662392341341757,89.11051160860454,89.162254333496094,8617400
2022-04-26,89.76582702878278,89.912417100371954,89.472646885604419,89.7572021484375,9575400
2022-04-27,89.705475219199869,89.791704294923093,89.213962250834996,89.257080078125,7908900
2022-04-28,88.955288404642999,89.15361465075371,88.782823648396985,89.12774658203125,6943500
2022-04-29,88.472367006857326,88.998372841906559,88.429255764929749,88.653450012207031,10012500
2022-05-02,88.191555146300388,88.25198962357986,87.906646930469705,87.99298095703125,11327000
2022-05-03,88.511009438833113,88.580079308667948,88.079332632663323,88.096603393554688,8129100
2022-05-04,88.062052311647179,88.735466951896811,87.898013047583873,88.666397094726562,11934700
2022-05-05,87.96709949413723,88.087968473547321,87.328219661988783,87.77716064453125,11675700
2022-05-06,87.328226293275179,87.725368196760471,87.190086542393772,87.276420593261719,12538400
2022-05-09,87.319597576849418,87.967112888079882,87.276427254687505,87.923942565917969,7301200
2022-05-10,88.329717133023564,88.562826326458193,88.165684405018411,88.217483520507812,8054600
2022-05-11,88.001641810749433,88.795925624029863,87.880772821200921,88.761390686035156,7167900
2022-05-12,89.029039711813624,89.417546258634644,88.934070273814484,89.054939270019531,8132400
2022-05-13,88.813188382913168,88.873622872241256,88.536915490718243,88.588714599609375,6016900
2022-05-16,88.908154201315128,89.21032663570054,88.813184780956135,88.959953308105469,3315600
2022-05-17,88.36422819325287,88.623236874439158,88.260629990269862,88.286529541015625,4286800
2022-05-18,88.286534173687656,89.011747980080472,88.226099689821595,88.916778564453125,4465500
2022-05-19,89.70244067896634,89.728340233160765,89.167159073775821,89.236228942871094,5137600
2022-05-20,89.184444796968762,89.780154403978372,89.158538651562807,89.650650024414062,5908800
2022-05-23,89.417535434677816,89.590203526393253,89.098092219452241,89.106727600097656,5720600
2022-05-24,89.564283788194118,90.194534695974099,89.53838423895975,89.875091552734375,6786600
2022-05-25,90.194536198411328,90.194536198411328,89.849193500184612,90.056396484375,4274500
2022-05-26,90.108214048108508,90.142748981169788,89.685166058256641,90.01324462890625,3478900
2022-05-27,90.177281949040136,90.298150927516758,89.978714307342244,90.142753601074219,2508200
2022-05-31,89.460699379820653,89.469328172986067,89.054922147636034,89.201690673828125,6773200
2022-06-01,89.269992869682341,89.356441445628562,88.53522613984218,88.699470520019531,5555900
2022-06-02,88.95878306096084,88.967422640533101,88.621648199774654,88.829116821289062,3014300
2022-06-03,88.483358416443807,88.734044766548294,88.457426482829561,88.656242370605469,2687800
2022-06-06,88.440118000626669,88.526566557041107,87.93875198695703,87.990615844726562,4800600
2022-06-07,88.224019289796459,88.543861835677276,88.206733533713546,88.345039367675781,3230000
2022-06-08,88.180807787784872,88.319113631449056,88.007917239329558,88.016563415527344,2917900
2022-06-09,87.904203623036835,88.120311896988568,87.748605401987547,87.93878173828125,4178600
2022-06-10,87.48924197851953,87.575683938592675,86.961937448444885,87.074317932128906,4443400
2022-06-13,86.149377852961109,86.270397919937011,85.077476409604515,85.526985168457031,9200800
2022-06-14,85.717141596286197,85.838161635240411,84.705750420600964,84.844062805175781,7829800
2022-06-15,85.535647146520532,86.062951831466449,85.060212928932074,86.028373718261719,10256200
2022-06-16,85.189863426150112,86.633464760790901,85.086129105749151,86.590240478515625,9168800
2022-06-17,86.66805851643241,86.840942486550517,86.054311848882179,86.616188049316406,7029700
2022-06-21,86.149363113178069,86.400042783952927,86.054274991809166,86.166648864746094,10342000
2022-06-22,87.169418430420578,87.411465204407307,87.057044517394772,87.255867004394531,9501900
2022-06-23,87.791829150903823,88.319133903299416,87.653523275494365,87.748611450195312,9247200
2022-06-24,87.636209071394347,87.964697809414943,87.368236970461709,87.437393188476562,5127000
2022-06-27,86.9360101970682,87.32500233587443,86.832275882340255,86.944656372070312,5439400
2022-06-28,86.849560079844139,87.082954022199544,86.728540021571177,87.057022094726562,3763300
2022-06-29,87.203988508667422,87.757225036621094,87.126192713376895,87.757225036621094,3559600
2022-06-30,88.258589886100822,88.638942438552618,88.180794097698794,88.431480407714844,5409500
2022-07-01,89.275578079738608,90.011459607307444,89.154374374261707,89.379463195800781,63222900
2022-07-05,89.821002367085484,90.054750503143055,89.552623654369924,89.708457946777344,6651400
2022-07-06,90.037441956190463,90.046101251962469,88.929289881239143,88.946601867675781,4754700
2022-07-07,88.972533705657341,88.972533705657341,88.331884809802858,88.401145935058594,4058100
2022-07-08,88.158782284819324,88.167434975935393,87.760540524925005,87.864425659179688,3664900
2022-07-11,88.331896193610248,88.704166533455776,88.288612938575596,88.556991577148438,2765700
2022-07-12,89.024550026710529,89.197696365395103,88.695562736056615,88.764823913574219,3669200
2022-07-13,88.228041835188321,89.214990223253082,88.115490801654957,89.145729064941406,6809400
2022-07-14,88.47909930670852,88.860029060826747,88.245351160840684,88.652252197265625,5370400
2022-07-15,88.71283857232082,89.163022798972108,88.686867294547554,88.955245971679688,3834000
2022-07-18,88.669585352118077,88.825419688268568,88.3319453913102,88.695556640625,3150700
2022-07-19,88.583000550580266,88.660921010972714,88.20207075556857,88.288650512695312,2996100
2022-07-20,88.721508925403725,88.730161615669161,88.132802337106668,88.202056884765625,53057500
2022-07-21,88.556998137947716,89.206306457519531,88.470425016359286,89.206306457519531,5344300
2022-07-22,90.037432787099334,90.435674485660243,89.881598504609713,90.227897644042969,7747100
2022-07-25,89.673829373369102,89.95086738771478,89.647858091572203,89.907577514648438,2994500
2022-07-26,90.513609629449348,90.643466048357979,89.907584385742084,89.942214965820312,4736300
2022-07-27,90.158646386358754,90.565547424450571,90.054754651598898,90.124015808105469,7475300
2022-07-28,90.98973002021755,91.18019483436143,90.686720818218291,91.015701293945312,5768100
2022-07-29,90.833925474656382,91.405320103929142,90.738693036444246,91.050361633300781,5961100
2022-08-01,91.314021367213854,91.643578561784778,91.175256264225496,91.582870483398438,9672400
2022-08-02,91.548160654996195,91.712942527229998,90.255942324541437,90.316650390625,9269700
2022-08-03,90.17790903104644,90.698264927096247,89.700912266601676,90.689590454101562,7829500
2022-08-04,90.784982520698946,91.175247757243028,90.654891902956351,91.14923095703125,9873200
2022-08-05,89.961061345813022,89.995745992017405,89.631497656734837,89.830970764160156,10047200
2022-08-08,90.195256843828147,90.403397891565291,90.117206432183451,90.360038757324219,6681300
2022-08-09,90.108520209430424,90.264627629049627,90.00444639078971,90.091171264648438,3814700
2022-08-10,90.49875469415214,90.810969427284419,90.134506377724989,90.143180847167969,7260300
2022-08-11,90.351346015970208,90.446745355370552,89.449392835892624,89.544792175292969,8309300
2022-08-12,89.891693265530421,89.935052388594571,89.60549526323878,89.900367736816406,4128600
2022-08-15,90.342684273668752,90.481449374779103,90.151885567984138,90.186576843261719,3441100
2022-08-16,90.013136973071937,90.117210810339031,89.666230798866593,90.08251953125,3241800
2022-08-17,89.596826600569543,89.640192343128035,89.293286252710132,89.475410461425781,6366700
2022-08-18,89.718255939826904,89.96109487052631,89.57082298012979,89.648880004882812,3709200
2022-08-19,88.998422673038263,89.059130744176542,88.772932715946027,88.877006530761719,6678000
2022-08-22,88.807614117688516,88.850973239863592,88.443365731340549,88.486724853515625,4125800
2022-08-23,88.33930289323267,88.885675540573288,88.209212277194354,88.269920349121094,7755000
2022-08-24,88.06177674913539,88.148501618387968,87.844961267662242,87.975051879882812,3504600
2022-08-25,88.044433517842279,88.573463856296385,87.931691842167268,88.538772583007812,6645300
2022-08-26,88.339315912953325,88.660205264250351,88.131174866625699,88.434715270996094,5535900
2022-08-29,88.096475928812879,88.096475928812879,87.810277879571601,87.931694030761719,4416900
2022-08-30,87.931686965368172,88.217884991613175,87.610797667758618,87.905670166015625,4474200
2022-08-31,87.77559308866573,87.97506627560233,87.393995661491957,87.541435241699219,5797600
2022-09-01,86.958469627411134,87.149607305185867,86.645706715571734,86.845527648925781,10324200
2022-09-02,87.193033903108898,87.566619305256367,87.071402063194668,87.332038879394531,5741900
2022-09-06,86.802069445780504,86.828132462779507,86.31553549086091,86.358978271484375,6769400
2022-09-07,86.69782312378635,87.027965766958019,86.654380336962262,86.923713684082031,7169700
2022-09-08,86.915010975464853,87.106148603783879,86.602241516113281,86.602241516113281,5773600
2022-09-09,86.79338678849625,86.958454786042452,86.50668032076689,86.610939025878906,5780600
2022-09-12,86.854239475876554,86.923745308707268,86.246073381269383,86.402458190917969,4034200
2022-09-13,85.802943977025265,85.968011958579979,85.707375163707354,85.915885925292969,5100500
2022-09-14,85.785563208104662,86.167838456895481,85.742127057020497,85.959327697753906,3866600
2022-09-15,85.724741080758534,85.828999766991714,85.577046246589319,85.663925170898438,4622600
2022-09-16,85.594424993711471,86.002763256025631,85.533609079862813,85.733436584472656,4718200
2022-09-19,85.411992907387727,85.672636373619738,85.351176982392076,85.490188598632812,3879000
2022-09-20,84.882032266269448,85.177428669782614,84.743027262834588,84.960227966308594,4869100
2022-09-21,85.107904110533667,85.385920684615257,84.53449782643203,85.299041748046875,5414900
2022-09-22,84.412869165768896,84.46499520398369,83.917645288975535,84.013214111328125,6662400
2022-09-23,83.978472431337167,84.247799148095311,83.648323162084111,84.117477416992188,7630600
2022-09-26,83.656989582101474,83.665679462654751,82.597049521450231,82.718681335449219,8015500
2022-09-27,82.744770191664699,82.840339022288802,82.110547910365227,82.153984069824219,8668400
2022-09-28,83.318161824977579,84.100085407696923,82.988012629808807,84.0045166015625,8471700
2022-09-29,83.387641581592476,83.908921597841797,83.309445933515818,83.613525390625,6056500
2022-09-30,83.978472785002296,84.169603812528067,83.109670078574069,83.396369934082031,8847200
2022-10-03,84.194612931546359,85.004176772864156,83.994395361596247,84.386123657226562,10579900
2022-10-04,84.725607997280832,85.047688143895343,84.403521209290815,84.560211181640625,7361400
2022-10-05,84.055350518976198,84.081464416787881,83.550466331402205,83.759384155273438,8603700
2022-10-06,83.620069029286825,83.733238064798144,83.184819856090243,83.297988891601562,11298400
2022-10-07,82.862741092264045,83.158707347084658,82.758278898069776,82.88885498046875,5085300
2022-10-10,82.766997846774231,82.819225630822501,82.105417136198497,82.401390075683594,3829100
2022-10-11,82.679962529024564,83.071684254691604,82.383989542276879,82.610321044921875,5498500
2022-10-12,82.497136023566156,82.993319879458966,82.444908241275186,82.880157470703125,5847400
2022-10-13,81.809435710786275,82.906258821245686,81.800728867929394,82.531944274902344,6220100
2022-10-14,82.97590628089641,82.984613124382832,82.027066223522354,82.070587158203125,5886200
2022-10-17,82.662544580270648,82.793120695894274,82.114132864303954,82.15765380859375,3215200
2022-10-18,82.375277352352811,82.523267156814597,81.887800278013842,82.3665771484375,4006600
2022-10-19,81.722370037158697,81.887766823256285,81.443810874000533,81.504745483398438,5762600
2022-10-20,81.313281418734945,81.522199233439011,80.834504508603132,80.895439147949219,5738400
2022-10-21,80.608161812656476,81.243628655951625,80.503706240492704,81.078231811523438,7528500
2022-10-24,81.052126099403608,81.330685388917558,80.686518277174784,80.973777770996094,6210800
2022-10-25,81.861666527576787,82.209867199665609,81.79202506488393,81.983535766601562,6301500
2022-10-26,82.183765453647297,82.540666380271091,82.175058609180454,82.401390075683594,6692700
2022-10-27,82.662524722250723,83.106480752168636,82.410079397057217,82.984611511230469,7238100
2022-10-28,82.453611761406421,82.862747083194961,82.331742513389742,82.558067321777344,5659800
2022-10-31,82.201176274430537,82.314338692188315,81.835568486557634,82.183769226074219,4586900
2022-11-01,82.840662967534485,82.866833131699707,82.029354599973985,82.168937683105469,6066400
2022-11-02,82.273621659805556,82.762155814792152,81.819989932697993,82.02935791015625,7581400
2022-11-03,81.296570644706762,81.819993941843919,81.287845037309438,81.67169189453125,8403900
2022-11-04,81.68913870489618,81.959572640470768,81.479770711409046,81.497215270996094,5287000
2022-11-07,81.601884828930551,81.645499546246469,81.191867883175888,81.209312438964844,4289300
2022-11-08,81.436135470233751,81.898492761025182,81.409965307462514,81.750190734863281,4679200
2022-11-09,81.662962285682298,82.081698240598826,81.601896348269975,82.02935791015625,3658100
2022-11-10,83.250663687875232,83.904944286913647,83.250663687875232,83.870048522949219,9608300
2022-11-11,83.486235378326668,83.800290724727631,83.442620647580981,83.695610046386719,2840200
2022-11-14,83.608332692496759,83.617058297312568,83.337898844384014,83.494926452636719,4130800
2022-11-15,83.904966123855516,84.175400045354337,83.695598141265734,84.114334106445312,6841600
2022-11-16,84.506913940391243,84.820969269542573,84.306264891776721,84.733726501464844,6140100
2022-11-17,84.210276415857294,84.297512500529322,83.974738321674167,84.157936096191406,5986800
2022-11-18,84.157938809270973,84.262619451977429,83.843883569777873,83.861328125,3102100
2022-11-21,84.219022757473056,84.280088697347821,83.782835571028116,83.809005737304688,4477700
2022-11-22,84.166678855410552,84.376046832432124,84.079436097270914,84.288810729980469,5532800
2022-11-23,84.402229021796003,84.77735030589821,84.31499290691643,84.742454528808594,5236500
2022-11-25,84.506902474313534,84.724996053538959,84.489451260790304,84.716270446777344,1345400
2022-11-28,84.812225599204751,84.925631855589515,84.629027805496762,84.75115966796875,4218400
2022-11-29,84.410944866714544,84.690104395453943,84.367323486475698,84.39349365234375,3356600
2022-11-30,84.245180548311396,85.152450561523438,84.096878524070547,85.152450561523438,7127100
2022-12-01,85.313296999466147,86.099998830180198,85.287074716599477,86.08251953125,17629100
2022-12-02,85.592997602728133,86.266067201168354,85.322025168233324,86.25732421875,5783700
2022-12-05,85.741606788603065,85.776572054158947,85.339516238124205,85.383224487304688,6295800
2022-12-06,85.601723802741375,86.021300180323053,85.531793294987708,85.907661437988281,5745500
2022-12-07,86.257325696836503,86.75556900015529,86.204881139310856,86.659416198730469,5386200
2022-12-08,86.204871873783787,86.432136044595794,86.056267861863958,86.169906616210938,5325800
2022-12-09,85.91644878569592,85.986379329561515,85.531837463378906,85.531837463378906,4343100
2022-12-12,85.925168371296863,86.00383521001487,85.295806985785205,85.409439086914062,5192200
2022-12-13,86.659406224740238,86.76430199666035,86.099975445714833,86.178642272949219,7856600
2022-12-14,86.231102603620243,86.528297318714195,85.846491401553578,86.414665222167969,6533200
2022-12-15,86.539031409049912,86.71419791905609,86.311324968920587,86.58282470703125,4344200
2022-12-16,85.978501490727922,86.521507582869447,85.890921587329188,86.363861083984375,4432800
2022-12-19,85.873407793081014,85.882161106028491,85.593148094641265,85.6632080078125,3951100
2022-12-20,85.023899039453639,85.225332219809545,84.945072421372998,85.041412353515625,4199800
2022-12-21,85.39171843438109,85.426751736081897,85.032632103387158,85.146492004394531,4406600
2022-12-22,85.163995350798402,85.374195136411572,85.076415447752055,85.120208740234375,2143100
2022-12-23,84.717349970487049,84.91002311655717,84.682316667041732,84.73486328125,3164900
2022-12-27,84.270701040988143,84.437107596108405,83.990441237687122,84.025474548339844,4780800
2022-12-28,84.148065783680806,84.218132386658624,83.806499446562725,83.824012756347656,3161200
2022-12-29,84.051721667321971,84.314461392457133,84.007928372173424,84.235641479492188,4021800
2022-12-30,83.955404447991796,84.314484173940897,83.745211274706449,83.885337829589844,5043800
2023-01-03,84.874988302615336,84.953808216319771,84.375768788145464,84.54217529296875,6808300
2023-01-04,85.25159134089678,85.321657949322812,84.945058281432367,85.190284729003906,7800100
2023-01-05,84.691073056181807,85.146499335585816,84.577219827290634,85.067672729492188,3177900
2023-01-06,85.102705040837975,86.206230739830076,85.02388511758403,86.162437438964844,6807700
2023-01-09,86.057339449647657,86.539032322933451,86.004786155131256,86.381385803222656,4988000
2023-01-10,86.022314007854746,86.118653927699128,85.680747630922781,85.838394165039062,4026900
2023-01-11,86.092386512064479,86.407679601878996,86.03983320914854,86.390159606933594,7118700
2023-01-12,86.670428045745268,87.160881042480469,86.250041671949646,87.160881042480469,5768000
2023-01-13,86.933158930493747,87.143352079647826,86.582832560623771,86.696685791015625,5573500
2023-01-17,86.407672845570815,86.722959228812485,86.390152851995325,86.425186157226562,3709000
2023-01-18,87.467395983938644,87.63379581371828,87.18713625376769,87.598762512207031,7926400
2023-01-19,87.423613049978997,87.563746272635726,87.257206518554085,87.432373046875,4234100
2023-01-20,86.985743398294488,87.09959667822848,86.758030156503878,86.8543701171875,8822700
2023-01-23,86.565306165982463,86.828052594436016,86.539032859520944,86.574066162109375,4334900
2023-01-24,86.687934959697941,87.090807957918472,86.398915195131067,87.073287963867188,3540300
2023-01-25,87.134568144875217,87.344767918202024,86.889341757911851,87.169601440429688,2924700
2023-01-26,87.003256717544858,87.169663319075241,86.731756836667003,86.8543701171875,2875400
2023-01-27,86.530280652563775,86.722953796386719,86.504000663846753,86.722953796386719,5524100
2023-01-30,86.477712206003162,86.661632003283358,86.407652294123679,86.451438903808594,2584600
2023-01-31,86.845594780705326,86.924414720232846,86.477748350480681,86.889381408691406,4856400
2023-02-01,87.066636636312808,87.566918469365305,86.741896400260359,87.514259338378906,20159100
2023-02-02,87.786368906390237,87.953131803552964,87.452849808294189,87.479179382324219,5823000
2023-02-03,86.724352746623666,86.891115616357197,86.425942028393436,86.5400390625,5267000
2023-02-06,85.925660893573522,86.048536684102075,85.750119266941041,85.79400634765625,5500400
2023-02-07,85.706242189312519,86.127528717028497,85.539479311634437,85.583366394042969,5678900
2023-02-08,85.671129375798799,85.908102198199543,85.486815692547495,85.899330139160156,6137600
2023-02-09,86.118744649790557,86.136295462569649,85.416591606528598,85.513137817382812,7358300
2023-02-10,85.442944834572558,85.469274409146195,85.039209066574585,85.10064697265625,5290000
2023-02-13,85.1094282710079,85.346401145476293,85.091870756614838,85.302520751953125,17262300
2023-02-14,85.039196594923894,85.241067797431683,84.688120027561254,84.91632080078125,7133600
2023-02-15,84.767106278734502,84.960198704736058,84.54768428486507,84.661781311035156,4964700
2023-02-16,84.459915809036019,84.635450723525693,84.301931707504224,84.38092041015625,27126400
2023-02-17,84.196626652749217,84.64424949565236,84.170297078971856,84.617919921875,4540500
2023-02-21,84.038632650256105,84.108849302907302,83.678777327590097,83.696334838867188,11382100
2023-02-22,83.942081495987253,84.09128685193501,83.801654895162358,83.845535278320312,30136400
2023-02-23,83.871870657142878,84.258055554561111,83.827990270945378,84.1702880859375,7059800
2023-02-24,83.634902422216541,83.775329040492153,83.476918291513343,83.661231994628906,10757200
2023-02-27,83.959643307220261,84.047410774260399,83.775322921338926,83.915756225585938,3693200
2023-02-28,83.661231769392742,84.0737462593532,83.555906783797838,84.047416687011719,4690000
2023-03-01,83.67446512312253,83.815186385794732,83.331465432807974,83.375442504882812,8328600
2023-03-02,82.92695257976311,83.102847555709033,82.856591905399455,83.032493591308594,12952800
2023-03-03,83.472219880198651,83.700881958007812,83.225957572619748,83.700881958007812,5696900
2023-03-06,83.894368532352686,83.920752101510416,83.48980481535699,83.551368713378906,3766400
2023-03-07,83.700849441684881,83.806390389646452,83.357849748258758,83.560134887695312,5053300
2023-03-08,83.885580493670759,84.043888635037021,83.428249590813948,83.533790588378906,5163500
2023-03-09,83.674493206931913,84.184597890387209,83.621726070699069,84.05267333984375,12498800
2023-03-10,85.143233150296126,85.679721379805173,85.020105364175464,85.600570678710938,11041300
2023-03-13,87.025344528583446,87.438705007835807,86.312961317083165,86.638374328613281,23930600
2023-03-14,86.268991595170505,86.348149019853338,85.644555798068851,85.820457458496094,47886700
2023-03-15,87.297989528248976,87.755320381807024,86.647163511698821,87.060523986816406,25157400
2023-03-16,87.535446838366823,87.737732047554374,86.172244351096069,86.277778625488281,13961000
2023-03-17,86.946207514134116,87.623410503208632,86.867050083744104,87.298004150390625,12293700
2023-03-20,87.438708717876835,87.447505478010811,86.743912286455981,86.946197509765625,7982400
2023-03-21,86.34814272258474,86.594398319261501,86.066706796388189,86.189834594726562,9851600
2023-03-22,86.040327077177452,87.394739629473492,85.969966414989116,87.324378967285156,10705200
2023-03-23,87.183677039063454,87.896067159775384,87.051759155564525,87.825706481933594,7118800
2023-03-24,88.335787180498471,88.458914978076905,87.737735002276708,87.852066040039062,9135800
2023-03-27,87.016557420780387,87.192452362171807,86.743911538673231,86.770301818847656,8284400
2023-03-28,86.585604733829555,86.849453859920445,86.506454021979494,86.717529296875,13324800
2023-03-29,86.39213633974731,86.735136230732735,86.356956003497132,86.568031311035156,13404700
2023-03-30,86.488876776691527,86.779109528013834,86.462493201110092,86.699958801269531,4157500
2023-03-31,86.84067113970184,87.236444892824935,86.699956503675452,87.174880981445312,6330100
2023-04-03,87.074379714073231,87.73530255993029,87.012693850723423,87.585494995117188,7226600
2023-04-04,87.215410775661638,88.246449167626324,87.197782395158143,88.149513244628906,6763200
2023-04-05,88.475565300853702,88.801616363146579,88.38744357383554,88.519622802734375,6257100
2023-04-06,88.554866120539074,88.757552128236497,88.528430276764695,88.546058654785156,4264700
2023-04-10,87.849864623722738,87.911550485528423,87.567871152146054,87.673614501953125,6025100
2023-04-11,87.744132052162556,87.752946240822794,87.435702681614586,87.638381958007812,5459000
2023-04-12,88.043735180687307,88.078978481300041,87.497369895625567,87.8939208984375,5857200
2023-04-13,88.034935251886424,88.184742835144192,87.532634096120717,87.603134155273438,39858200
2023-04-14,87.312325800844889,87.329947453873459,87.05676813076893,87.17132568359375,4968500
2023-04-17,86.836472833211204,86.889344523067905,86.589729316204455,86.616165161132812,5681000
2023-04-18,86.642591186550604,86.951020547853659,86.624969533014365,86.757148742675781,5061300
2023-04-19,86.554468495588395,86.633776020490259,86.342975039260992,86.572090148925781,4648100
2023-04-20,87.047973637711351,87.144909559439881,86.959851906119184,87.074409484863281,4608000
2023-04-21,87.259450860090908,87.329950921515845,86.7923997188485,86.862899780273438,5948100
2023-04-24,87.100824339899376,87.303510324643597,87.039138470326009,87.285888671875,5143700
2023-04-25,87.77939793314269,88.184763282378626,87.761769552639208,88.149513244628906,13076800
2023-04-26,88.131889708972196,88.23763309671034,87.673645951249895,87.805831909179688,5903000
2023-04-27,87.444486565206589,87.488544046727,87.13605057829524,87.232986450195312,5065800
2023-04-28,87.761745746258143,87.893931671148337,87.567880676108672,87.885124206542969,8525900
2023-05-01,87.548576269623254,87.601574966043273,86.735898140617067,86.850730895996094,17442000
2023-05-02,87.151080236572724,88.007921774858247,87.098074796081491,87.981422424316406,8540700
2023-05-03,88.219925741829371,88.58209474719456,88.06092290695004,88.555595397949219,9534800
2023-05-04,88.317096448521198,89.041441214514109,88.299425722366024,88.537933349609375,12014100
2023-05-05,88.025586004081887,88.096255426582189,87.840083824573881,88.060920715332031,11254400
2023-05-08,87.513274619474757,87.707612232307298,87.477939895377077,87.522109985351562,7022400
2023-05-09,87.513237796292017,87.601571199663198,87.398405045850154,87.416069030761719,7317200
2023-05-10,87.813590673518888,88.14042498168709,87.804755310231016,88.069755554199219,9930800
2023-05-11,88.590921084338476,88.696925209927301,88.299414793524122,88.396583557128906,5979600
2023-05-12,88.325930222937103,88.396599652864182,87.840093055855846,87.866592407226562,5107300
2023-05-15,87.619257766002747,87.672256469726562,87.557423698522328,87.672256469726562,4459100
2023-05-16,87.336581072689071,87.451413836388554,87.142243519191894,87.389579772949219,7194000
2023-05-17,87.442595697803,87.469095053152955,87.000921803546817,87.106925964355469,5542600
2023-05-18,86.788921667605038,86.797757032671853,86.532749995938502,86.568084716796875,9448900
2023-05-19,86.258904553813778,86.656408324437308,86.091066333617647,86.241233825683594,12923500
2023-05-22,86.2588955506845,86.479732453405447,86.038058647963553,86.082221984863281,7034700
2023-05-23,85.958526734963797,86.329537736415077,85.887864070339788,86.223533630371094,8264200
2023-05-24,86.329564735145638,86.364892708803481,85.958553617664251,86.002723693847656,7415400
2023-05-25,85.84370686679847,85.91437628141361,85.393197772884861,85.4638671875,11647700
2023-05-26,85.331380320272629,85.622886657714844,85.145878125375134,85.622886657714844,7408900
2023-05-30,85.879045564804414,86.294219970703125,85.81721150899439,86.294219970703125,7883000
2023-05-31,86.347197212773438,86.753536155634364,86.23236449177088,86.62103271484375,10817900
2023-06-01,86.879605330114529,87.109815475952416,86.746787627276376,86.861892700195312,18161600
2023-06-02,86.711362087353564,86.737924274688226,86.10040475710251,86.171241760253906,7585400
2023-06-05,85.817060148257411,86.38374264055966,85.728517275470466,86.144676208496094,6243100
2023-06-06,86.180124321709144,86.224392395619816,85.941051052107582,86.197830200195312,3986200
2023-06-07,86.082718719526881,86.17126161617432,85.480617564778356,85.569160461425781,8226600
2023-06-08,85.719660961575315,86.162382080898212,85.684242461382894,86.144676208496094,5841900
2023-06-09,85.852491336444615,85.958746852725184,85.684255124514351,85.834785461425781,6421900
2023-06-12,85.967599372967584,85.994168319494548,85.595715186262964,85.976455688476562,5261700
2023-06-13,86.109277441524867,86.171258142218335,85.232691315891472,85.365509033203125,9173500
2023-06-14,85.622303911779213,85.737415782901039,85.161876693466397,85.480636596679688,7704400
2023-06-15,85.985296335324321,86.20665689498577,85.870191276240107,86.144676208496094,5959100
2023-06-16,85.719695998737905,85.932207086754403,85.5248975457516,85.7728271484375,6538100
2023-06-20,85.932179966843364,86.233227113437508,85.932179966843364,86.029579162597656,5477300
2023-06-21,85.799379922183846,86.18012046882437,85.666562195608734,86.109283447265625,5119600
2023-06-22,85.85250086868794,86.003024466922895,85.560303233015432,85.622283935546875,4102100
2023-06-23,86.30407180841506,86.330633999552617,85.870206923926332,85.976455688476562,4112100
2023-06-26,86.19780589940251,86.2686429041579,86.029576457344191,86.188949584960938,2976600
2023-06-27,86.171265529709885,86.330645453069621,85.772819099005687,85.887924194335938,4752500
2023-06-28,86.011854781994131,86.26863383068374,85.84361860224179,86.23321533203125,5257300
2023-06-29,85.454049100515206,85.516029799159128,85.197269990307689,85.347793579101562,8268700
2023-06-30,85.374349660204047,85.586860687821542,85.276950461393298,85.533729553222656,7450600
2023-07-03,85.491116874495106,85.757391750344283,85.162712097167969,85.162712097167969,4687100
2023-07-05,85.162738871859318,85.207120289004578,84.647950999903244,84.75445556640625,10181200
2023-07-06,84.106538098551539,84.195294169508259,83.751507043070475,84.062156677246094,9285100
2023-07-07,83.946756576358524,84.27515464609489,83.911252801209486,83.95562744140625,6577600
2023-07-10,84.088777586996542,84.514816181384518,84.079906720610964,84.390556335449219,6622700
2023-07-11,84.550290442201486,84.692298742981222,84.434901502938374,84.568038940429688,6327100
2023-07-12,85.1272331211742,85.508883474150764,85.002966520260912,85.393501281738281,8255100
2023-07-13,85.810645129675862,86.156798409777991,85.721889093792242,86.103546142578125,9742600
2023-07-14,85.917177184925791,86.023681745046645,85.64202460408967,85.677528381347656,7491100
2023-07-17,85.739656740859999,85.899420349791697,85.633152182674209,85.819541931152344,3182400
2023-07-18,86.09470269401163,86.201214042356426,85.863931491758336,85.917190551757812,3626500
2023-07-19,86.076929437047312,86.263319164313756,85.908288210241011,86.210060119628906,5059300
2023-07-20,85.766306828371469,85.801810614897889,85.37577871989059,85.526664733886719,9486600
2023-07-21,85.71303081614694,85.792916006639516,85.571022480992283,85.597648620605469,4560100
2023-07-24,85.748532267476548,85.837288320997914,85.35799750599918,85.393501281738281,7451100
2023-07-25,85.056229644706647,85.286994040587459,85.047352007433346,85.233741760253906,4079300
2023-07-26,85.429031013852793,85.57104615995847,85.180511279822724,85.526664733886719,4880100
2023-07-27,85.198223728937847,85.295857407650416,84.479290978101616,84.594673156738281,8522800
2023-07-28,84.789957334660897,84.976347093273702,84.710078911678281,84.869842529296875,5794100
2023-07-31,84.834325298162796,85.127226345959031,84.825447662021375,84.976333618164062,6347000
2023-08-01,84.568824129649656,84.693398873414225,84.337468124594992,84.479843139648438,7714000
2023-08-02,84.230694901291528,84.346369511127165,83.96374513851454,84.310775756835938,8009200
2023-08-03,83.741253425117733,83.865828117412676,83.607778600855568,83.6878662109375,11057900
2023-08-04,83.999311316975493,84.648878450306583,83.999311316975493,84.57769775390625,10189900
2023-08-07,84.47092034499488,84.515414222467356,84.275158146216057,84.373039245605469,4007400
2023-08-08,84.809033723520287,85.013696014511453,84.702259301099843,84.800140380859375,5401400
2023-08-09,84.800151295102154,84.995906691004819,84.764557553443836,84.853538513183594,5317200
2023-08-10,84.853538135349254,85.01370657769246,84.195070889632504,84.203964233398438,8462100
2023-08-11,83.856937187254132,84.14168034214687,83.723462348345464,83.759056091308594,5915000
2023-08-14,83.625587463378906,83.874736873586954,83.447618749792966,83.625587463378906,6218400
2023-08-15,83.53661955630453,83.803569295691204,83.420944956604359,83.465438842773438,9602600
2023-08-16,83.447609533475955,83.643371702393537,83.082785591339004,83.145072937011719,7199600
2023-08-17,83.118394814332518,83.171782038051404,82.806951239138243,83.038307189941406,9858300
2023-08-18,83.189563979240816,83.474307114273373,83.145076895249019,83.287445068359375,7510500
2023-08-21,82.895936174416249,82.931523129808568,82.673480364745288,82.771354675292969,10864000
2023-08-22,82.700178979912792,82.895941190478879,82.620091353402586,82.806953430175781,6330500
2023-08-23,83.31413362624329,83.705657958984375,83.287440019703936,83.705657958984375,8550500
2023-08-24,83.447620924674354,83.687876997074056,83.367540093082752,83.394233703613281,5735800
2023-08-25,83.278543079130813,83.581086472063603,83.056087297696479,83.367530822753906,7895700
2023-08-28,83.563343386552049,83.625630771361401,83.385374580799748,83.598930358886719,3301700
2023-08-29,83.403148976933068,84.230684997664795,83.385348707473128,84.195091247558594,7064200
2023-08-30,84.301854695869281,84.346348574892787,84.132792890968133,84.186180114746094,6346700
2023-08-31,84.284037138799761,84.479799288476244,84.203949537199904,84.355224609375,6167300
2023-09-01,84.36596629399007,84.374889207078894,83.73257558845259,83.839630126953125,7746600
2023-09-05,83.598734150304466,83.607657060728485,83.295423257752063,83.331108093261719,4993400
2023-09-06,83.473815317659515,83.49165432691187,83.072372950730056,83.116973876953125,7344100
2023-09-07,83.313264761361054,83.438158286282757,83.224056073015063,83.402473449707031,7137500
2023-09-08,83.607697122039809,83.732590703074152,83.38467189787994,83.420356750488281,4648500
2023-09-11,83.241887798385278,83.35786520864643,83.179441041393133,83.277572631835938,4321700
2023-09-12,83.304354438275624,83.411408964179145,83.206222824410986,83.393569946289062,4998400
2023-09-13,83.268651222121235,83.607653742917051,83.250812208167531,83.491676330566406,6675400
2023-09-14,83.554130387980749,83.625493250402869,83.250812699488407,83.304336547851562,6421000
2023-09-15,83.170539379944785,83.224063236321982,82.983192270250129,83.045639038085938,9367700
2023-09-18,82.938575260124153,83.188362283083606,82.938575260124153,83.12591552734375,4622200
2023-09-19,82.938601651382669,83.090257134124343,82.786946168640995,82.822624206542969,7536800
2023-09-20,83.054557158984068,83.179450687451862,82.742323337814582,82.760162353515625,10751800
2023-09-21,82.189231381430204,82.269523980073174,82.091099764304289,82.144630432128906,8702500
2023-09-22,82.224911190533163,82.537145041277938,82.162464420384211,82.465782165527344,8637800
2023-09-25,81.939431898482056,82.091087354318418,81.823461280404885,81.859146118164062,11712000
2023-09-26,82.010799580420354,82.06432343266458,81.734250602242867,81.832382202148438,8281800
2023-09-27,82.046503481112765,82.082188326295991,81.252534392803767,81.466636657714844,10586100
2023-09-28,81.279263257701515,81.707467613314108,81.047315261469805,81.689628601074219,11654600
2023-09-29,82.028622789442494,82.108915358523745,81.582572623526687,81.707466125488281,13488300
2023-10-02,81.295148812886367,81.384590895506321,80.94631991387314,81.044708251953125,21010000
2023-10-03,80.874767253398232,81.026819483274053,80.329161653026119,80.373886108398438,21364700
2023-10-04,80.62434115241247,80.928452490743808,80.436510689323271,80.88372802734375,14054000
2023-10-05,81.071529535916369,81.089422044484138,80.865813455335214,81.035751342773438,11315900
2023-10-06,80.293388699978308,80.821108647079541,80.221839120298796,80.561721801757812,12257100
2023-10-09,81.169939052663722,81.590324401855469,81.044718755967594,81.590324401855469,5816700
2023-10-10,81.178895921719445,81.652945224611699,81.080507558025374,81.429336547851562,11508300
2023-10-11,81.75132084414976,81.93020502807363,81.572429836231677,81.876541137695312,14815800
2023-10-12,81.697656020275829,81.742380481478591,80.991058666034064,81.089447021484375,12855900
2023-10-13,81.679733561173236,81.715511749230572,81.447178750796425,81.608177185058594,9872500
2023-10-16,81.134159879559391,81.187823770645934,81.017885840873817,81.125213623046875,7248000
2023-10-17,80.409642342353138,80.5348625943966,80.186033774562389,80.329139709472656,11191600
2023-10-18,80.105581642107111,80.221862538019323,79.81936276785558,79.953529357910156,13794200
2023-10-19,79.729888887467368,80.051885845727213,79.479448325263832,79.559944152832031,27116700
2023-10-20,79.846171551540365,80.141336599211073,79.828285862588018,80.025062561035156,12587100
2023-10-23,79.738831486385166,80.49909939363755,79.613611211025628,80.400711059570312,12365000
2023-10-24,80.338107930405585,80.552770303463845,80.15027750098038,80.543830871582031,10906000
2023-10-25,80.12346095353908,80.150292902328061,79.738853764908527,79.837242126464844,15170200
2023-10-26,79.917722289105996,80.481220399069286,79.899836601421754,80.445442199707031,15901300
2023-10-27,80.382848244455374,80.57961814458298,80.239735418186058,80.5706787109375,11628200
2023-10-30,80.177124965355205,80.436511844010056,80.034018963611743,80.302345275878906,11022500
2023-10-31,80.347077401166842,80.517015367941411,80.114522449164653,80.132408142089844,11574700
2023-11-01,80.364698030982481,81.10017826515994,80.328820111874634,81.055335998535156,22448900
2023-11-02,81.674200017466092,81.817711674099286,81.378219200931881,81.557601928710938,14046200
2023-11-03,82.553198841465601,82.732581584530493,82.176490975221483,82.185455322265625,23133700
2023-11-06,81.880493754591683,81.907400478616537,81.620384017331034,81.710075378417969,11246700
2023-11-07,81.970186860694213,82.355865880289514,81.970186860694213,82.176483154296875,13189400
2023-11-08,82.194415747466522,82.589065942138291,82.185444558584322,82.508338928222656,11117600
2023-11-09,82.364834134898317,82.373798480769906,81.647289570468601,81.692138671875,17067900
2023-11-10,82.032991336493509,82.050933719239055,81.692161337482275,81.781852722167969,10674700
2023-11-13,81.467902558310655,81.763890188768187,81.342333292603541,81.736976623535156,8930200
2023-11-14,82.902982275772558,83.028551537704004,82.768441825699867,82.965766906738281,14313600
2023-11-15,82.562173936731043,82.571138284199208,82.248243856998997,82.319999694824219,12969400
2023-11-16,82.80434043670175,83.064450213734474,82.795369246317662,82.938880920410156,10375600
2023-11-17,83.03753251362572,83.082374773594552,82.83123622012954,82.992683410644531,8462000
2023-11-20,82.822252550861336,83.163089258929759,82.795345830331996,83.109275817871094,7481200
2023-11-21,83.207970641430421,83.33354680130617,83.001681125021832,83.216941833496094,9153300
2023-11-22,83.342509005103267,83.405293661917781,82.983736604871353,83.190032958984375,7255100
2023-11-24,82.831254439539649,82.894039091715896,82.750534248033262,82.759498596191406,4125800
2023-11-27,83.010636481630343,83.39631555070585,82.956816182517855,83.387344360351562,9539800
2023-11-28,83.288659162092173,83.781971852323409,83.243810065521558,83.755058288574219,13563300
2023-11-29,84.060047212607984,84.284279089789294,83.943442256944863,84.194587707519531,19075400
2023-11-30,83.88063812935583,83.907551696500306,83.611564045021126,83.781982421875,18446700
2023-12-01,83.763085802389895,84.617441357565724,83.736107164418272,84.572479248046875,21393200
2023-12-04,84.248734623501022,84.437591979193584,84.041886932236196,84.221755981445312,16402000
2023-12-05,84.581472925891646,84.905230298456516,84.527508789596496,84.815292358398438,25452100
2023-12-06,85.0041826522977,85.24700420655401,84.905263230209172,85.166061401367188,14023400
2023-12-07,84.986180960270985,85.309938389023856,84.950207150264816,85.040138244628906,13730100
2023-12-08,84.563494248301396,84.671415674464427,84.293700974847482,84.491546630859375,13825300
2023-12-11,84.311707174480986,84.536538393612943,84.140833252323333,84.500564575195312,10484600
2023-12-12,84.491548078134443,84.734369575835004,84.410612153102633,84.680412292480469,7248000
2023-12-13,84.932214004731648,86.047374542729571,84.869261559714872,85.939453125,16155200
2023-12-14,86.383202392290301,86.83419542466055,86.338107218017811,86.653800964355469,32373200
2023-12-15,86.491467783270735,86.725986153616944,86.446365714570092,86.5816650390625,9407100
2023-12-18,86.419331445378589,86.42835323796902,86.25697358680813,86.39227294921875,8634100
2023-12-19,86.536574506569977,86.716969027856521,86.491472435443413,86.554611206054688,9047100
2023-12-20,86.753057159153244,87.032670756933967,86.572662621541895,86.978553771972656,12659100
2023-12-21,87.167969761078211,87.222086745828506,86.72599832852633,86.843254089355469,8939700
2023-12-22,87.005602990125467,87.023646570929543,86.635792162958907,86.762069702148438,4956400
2023-12-26,86.726002983052851,86.897375737829748,86.707959399427381,86.816200256347656,3342500
2023-12-27,87.186018931319381,87.528771326055065,87.122873269583181,87.492691040039062,7362400
2023-12-28,87.312301379614013,87.456615650146333,87.068761155774482,87.158958435058594,4858500
2023-12-29,86.906409333482827,87.167986278693405,86.85229233847781,86.942489624023438,7820500
2024-01-02,86.536584225377155,86.726000558484074,86.518540642256127,86.617759704589844,9444000
2024-01-03,86.238902894201615,86.897348979951417,86.166742345141472,86.8251953125,11040500
2024-01-04,86.311069519161975,86.437347048102225,86.211850477621908,86.302047729492188,7354800
2024-01-05,85.986373901367188,86.608739901116039,85.923235122215544,85.986373901367188,10001000
2024-01-08,86.040467915026582,86.554599802728632,86.01340942855947,86.274986267089844,7044700
2024-01-09,86.157732140735604,86.365192026776043,86.157732140735604,86.238914489746094,7360800
2024-01-10,86.401279605358638,86.464418379207586,86.085585736113842,86.103622436523438,9212700
2024-01-11,86.22990693102868,86.626783188115198,86.121672956631116,86.563644409179688,10305400
2024-01-12,86.79815673828125,87.023653344615994,86.608733533142995,86.79815673828125,8469600
2024-01-16,86.446378659578869,86.554619511703351,85.977348730260559,86.0946044921875,9847100
2024-01-17,85.842038042275604,85.89616190199115,85.643599947074435,85.814979553222656,9170700
2024-01-18,85.778938818563347,85.842077615997482,85.53540542320674,85.625602722167969,8910100
2024-01-19,85.490276639754399,85.652634479835726,85.273801813516172,85.634597778320312,17711100
2024-01-22,85.941251495984972,86.040470537127419,85.823995757184434,85.896156311035156,9831500
2024-01-23,85.688709290986765,85.706745991350047,85.571453534599826,85.6796875,6428600
2024-01-24,85.995392097925674,86.022457474262822,85.382047866504863,85.436164855957031,9718000
2024-01-25,85.733823174672779,85.833042244364464,85.598523817674021,85.805976867675781,11588100
2024-01-26,85.733816027067761,85.733816027067761,85.544392814094962,85.652633666992188,9134600
2024-01-29,85.914185383028681,86.247922753759156,85.85104662441573,86.166740417480469,6947500
2024-01-30,86.31110085562257,86.356196057125558,85.824027260753056,86.284042358398438,7265800
2024-01-31,86.67188535875998,87.023666448695096,86.581688078966181,87.005622863769531,15778300
2024-02-01,87.345585088047955,87.806728314640637,87.110491515874898,87.544509887695312,33372900
2024-02-02,86.567983707021682,86.712658813806797,86.242471615243943,86.405227661132812,13809200
2024-02-05,85.808476248126624,85.889850837148103,85.473920174561471,85.564338684082031,12147700
2024-02-06,85.66377085135619,86.106833118917891,85.636645997931524,86.02545166015625,9327000
2024-02-07,85.871749877929688,86.215342893412284,85.844625021245335,85.871749877929688,8619800
2024-02-08,85.681856769012214,85.754187410363855,85.510056836516128,85.591438293457031,7808000
2024-02-09,85.383456296463649,85.510043522228216,85.356331447869309,85.437705993652344,8492500
2024-02-12,85.510037200697653,85.618543485539874,85.356325137702271,85.519081115722656,7023600
2024-02-13,84.886159555127776,84.967541013916474,84.560647516948279,84.5787353515625,11978400
2024-02-14,84.669145386599965,85.048907093779846,84.669145386599965,84.895195007324219,8979600
2024-02-15,85.265956528102066,85.356375035751597,85.021818969109418,85.130325317382812,6788300
2024-02-16,84.63297240192928,84.804772312634199,84.587766619129354,84.759559631347656,7147400
2024-02-20,84.931375953251404,85.103175897153037,84.89520718093064,84.904251098632812,8286300
2024-02-21,84.96755160264803,85.012757397841867,84.578745891840725,84.63299560546875,6433900
2024-02-22,84.605852411789996,84.804777183297205,84.488309091575289,84.642021179199219,8688500
2024-02-23,84.669149592478348,85.094124004308171,84.669149592478348,85.030830383300781,6426700
2024-02-26,85.039882270213681,85.048919289427914,84.705326300112588,84.904251098632812,6417200
2024-02-27,84.777671989954015,84.922340194648427,84.660121743995646,84.714378356933594,7540600
2024-02-28,84.813850577192554,85.021812438964844,84.759593957978083,85.021812438964844,5293600
2024-02-29,85.085097187025539,85.293065925552341,85.067016248169978,85.193603515625,11919200
2024-03-01,85.083904974881847,85.636928254685984,84.875392082556559,85.582534790039062,11857200
2024-03-04,85.292417295236291,85.482801321552785,85.283349413001929,85.392143249511719,6641600
2024-03-05,85.827303050372393,86.072087448445842,85.727577098085774,85.917961120605469,7673100
2024-03-06,86.072094268837063,86.298742920763203,86.02676177174466,86.126487731933594,9499200
2024-03-07,86.298742141458916,86.325938872761583,86.053957726199116,86.27154541015625,8420900
2024-03-08,86.416581634526651,86.480042968575489,86.262462239946117,86.334991455078125,8103600
2024-03-11,86.362186836124749,86.389383562183895,86.144599194118527,86.2261962890625,5568200
2024-03-12,85.981429443496538,86.008633091866173,85.77291655670507,85.872642517089844,6556500
2024-03-13,85.745697046908276,85.809158376043101,85.64597111301552,85.682235717773438,9708400
2024-03-14,85.364943927719324,85.374004892911046,85.029501462907817,85.047630310058594,10055900
2024-03-15,84.984178086707189,85.056707316625619,84.884452124761367,84.902587890625,6591400
2024-03-18,84.875393306460893,84.947915621446512,84.721266959791876,84.802864074707031,5319700
2024-03-19,84.975108004688195,85.165492025224225,84.920707629701241,85.047630310058594,5470300
2024-03-20,85.138298650563584,85.537195554502986,84.947907705758823,85.247085571289062,10190800
2024-03-21,85.41027634319498,85.47373768845533,85.183627693441224,85.256156921386719,8271200
2024-03-22,85.727557814226699,85.727557814226699,85.591574197849411,85.673164367675781,6119800
2024-03-25,85.591591645852318,85.591591645852318,85.392139745485878,85.446533203125,4488900
2024-03-26,85.419344018507303,85.591599205267698,85.319618059516316,85.573463439941406,5477600
2024-03-27,85.67318504152324,85.936098291239475,85.664117159321293,85.899833679199219,4838500
2024-03-28,85.709435856685019,85.917948696392259,85.655042405764249,85.818229675292969,7561400
2024-04-01,85.459969563040275,85.459969563040275,84.97807063148791,85.041717529296875,10854000
2024-04-02,84.659851044824919,84.896256822725434,84.578015340670092,84.859886169433594,7214900
2024-04-03,84.51437980111595,84.959915161132812,84.432551022945759,84.959915161132812,12908000
2024-04-04,85.14175778120763,85.269051610774667,84.905351981871647,85.250869750976562,6960500
2024-04-05,84.787158997434972,85.050841075013722,84.678047019369771,84.687141418457031,6334600
2024-04-08,84.477995817105466,84.614377081343491,84.387065724957338,84.496177673339844,7115100
2024-04-09,84.741673359787242,84.905337818642735,84.741673359787242,84.832603454589844,5151100
2024-04-10,84.114334467282234,84.168886997757198,83.577875815295982,83.705169677734375,14993700
2024-04-11,83.859728677075523,83.896092398228419,83.477840235032758,83.586952209472656,9371400
2024-04-12,84.023364164504699,84.159745414232177,83.93243408203125,83.93243408203125,11675600
2024-04-15,83.359640694437957,83.414193213092744,83.059587967849211,83.396011352539062,12315300
2024-04-16,83.032301526534695,83.223242255405708,82.905007707287368,83.068672180175781,12027200
2024-04-17,83.368727428870244,83.659685729936612,83.232339207778153,83.596038818359375,10515400
2024-04-18,83.514214479992631,83.514214479992631,83.195979878784058,83.305091857910156,6964500
2024-04-19,83.50510009993684,83.523288893936041,83.323253781899098,83.414176940917969,6125800
2024-04-22,83.2596371761867,83.486948624951765,83.241455312563247,83.423301696777344,4002900
2024-04-23,83.314155255171443,83.741501712068981,83.232326497208263,83.532379150390625,8319800
2024-04-24,83.341447730218889,83.36872398591224,83.141412605810601,83.277793884277344,7567400
2024-04-25,82.823183602370861,83.041407554781273,82.759536683832948,82.959571838378906,5784300
2024-04-26,83.150518986906121,83.314183495300142,83.123242725006193,83.1868896484375,5432600
2024-04-29,83.377825163337391,83.54148966141544,83.305090781853536,83.523307800292969,4846500
2024-04-30,83.205050258379416,83.332344062115752,83.059567661542445,83.132308959960938,7516700
2024-05-01,83.379468180535355,83.771606391662488,83.160602445232115,83.461540222167969,12392500
2024-05-02,83.461522455842811,83.90838222388561,83.397686340067381,83.853660583496094,8661500
2024-05-03,84.455542126041451,84.537614142625173,84.099882805617014,84.318748474121094,8501100
2024-05-06,84.355260106371276,84.48293237586887,84.273188057815759,84.391738891601562,4043400
2024-05-07,84.692682337418333,84.829469082888423,84.53764576319098,84.610603332519531,7776200
2024-05-08,84.428226300915398,84.501183878828371,84.364390159645936,84.373504638671875,9024000
2024-05-09,84.355250207136407,84.692673712706736,84.327892860828342,84.628837585449219,9625200
2024-05-10,84.446440968194949,84.482919747972659,84.309647283432497,84.355247497558594,3205000
2024-05-13,84.574109587831742,84.601466932086623,84.446437342898662,84.455558776855469,3228700
2024-05-14,84.619702571414308,84.738253372263458,84.52850911248305,84.701774597167969,4688800
2024-05-15,85.194233814797002,85.403985047432997,85.084804439174249,85.34014892578125,11384500
2024-05-16,85.367510877734063,85.367510877734063,85.148645157058994,85.176002502441406,4278400
2024-05-17,85.039217062377489,85.11217462888095,84.89330192937058,84.911544799804688,3883900
2024-05-20,84.79297305650222,84.865923647394411,84.756494282248738,84.783851623535156,4575900
2024-05-21,85.039210103508807,85.075688883775427,84.957138066120848,85.002731323242188,2669700
2024-05-22,84.793010200150931,84.993633110005945,84.783888763188216,84.893318176269531,3616300
2024-05-23,84.92977800870257,84.938899443629211,84.464689191687228,84.592361450195312,6005500
2024-05-24,84.510266246127827,84.71089603034558,84.48290890420995,84.701774597167969,3926400
2024-05-28,84.774745003654502,84.792987872776294,84.209334340350864,84.227577209472656,8761400
2024-05-29,84.017837851242049,84.026959287093888,83.643942472720155,83.817214965820312,10126800
2024-05-30,84.099908271989037,84.254937877556841,84.054308055002622,84.236701965332031,5069500
2024-05-31,84.492043896292813,84.647073497115912,84.455565115343362,84.628837585449219,4807400
2024-06-03,84.744106289407341,85.228879868967894,84.744106289407341,85.183143615722656,7675900
2024-06-04,85.466666175194106,85.731920999576388,85.411781294665658,85.64959716796875,8752000
2024-06-05,85.759373495783777,85.969743472864181,85.512408940324505,85.960601806640625,6466800
2024-06-06,85.814256053895917,86.006335730560153,85.786817096996955,85.924018859863281,5849400
2024-06-07,85.192275376788771,85.210572665809309,85.009344356810061,85.018486022949219,7125100
2024-06-10,84.862979722041075,84.917857623154504,84.753223919814246,84.835540771484375,3938900
2024-06-11,84.981909312991789,85.302042101874392,84.899585465352601,85.283744812011719,3954700
2024-06-12,86.052070357911063,86.271588987342327,85.741079236042978,85.759376525878906,9243200
2024-06-13,86.14352316145839,86.454507259069217,86.052057660888764,86.326454162597656,6529900
2024-06-14,86.445385455628227,86.610026185829696,86.399649205649823,86.527702331542969,5424600
2024-06-17,86.106939223317056,86.180114418229337,86.006325074905334,86.125236511230469,4957200
2024-06-18,86.27155407064069,86.600835370703209,86.234966484148345,86.500221252441406,5232600
2024-06-20,86.070354253967992,86.308170155509146,86.024624989529499,86.280731201171875,3573100
2024-06-21,86.445353964994453,86.527670810922515,86.143511573186032,86.299003601074219,6908700
2024-06-24,86.317306852339229,86.372184753417969,86.189253764242196,86.372184753417969,5276000
2024-06-25,86.317305190735183,86.481945869172009,86.280717597930348,86.445358276367188,3790100
2024-06-26,85.997187085469989,86.061213644358062,85.905721569682953,85.924018859863281,4196400
2024-06-27,86.088642286405857,86.198398091954274,86.079493643153441,86.116081237792969,4946600
2024-06-28,86.308181962376494,86.326472274979807,85.658767700195312,85.658767700195312,6032400
2024-07-01,85.177077227213275,85.424795620947165,84.938542403204693,85.021110534667969,13662800
2024-07-02,85.378923403196325,85.443145396957718,85.21378013357095,85.34222412109375,8195700
2024-07-03,85.553247250884056,85.947755802376378,85.507371396188773,85.911056518554688,3861000
2024-07-05,86.213802745974206,86.443167973243618,86.103704917003228,86.38812255859375,5111500
2024-07-08,86.360619870701086,86.479894305987415,86.232175863218444,86.415672302246094,5294600
2024-07-09,86.278040577054,86.397307997259318,86.085374590719624,86.29638671875,3006900
2024-07-10,86.369767828143125,86.424813241778082,86.25050043204368,86.378944396972656,4076600
2024-07-11,86.993650089380495,87.140447206437671,86.89272882132164,86.929428100585938,9658400
2024-07-12,86.947779401800332,87.112922668457031,86.892733979472169,87.112922668457031,4304500
2024-07-15,86.892737685418012,87.002835534442198,86.764293694726064,86.837692260742188,3754500
2024-07-16,86.993657196550927,87.232199031421217,86.911089061214497,87.2230224609375,4705800
2024-07-17,87.094582304235644,87.351470291701787,87.01200716559427,87.296424865722656,5113500
2024-07-18,87.103743211650411,87.29640916760377,86.993645379817877,87.048690795898438,8640600
2024-07-19,86.819352137250533,86.883574142226067,86.727607415810283,86.773483276367188,5274400
2024-07-22,86.874399141048272,86.938621142010561,86.553282136563723,86.690902709960938,3869800
2024-07-23,86.810179383710604,86.929446817245008,86.745957381088488,86.755126953125,5095600
2024-07-24,86.9111015849235,87.048715163647373,86.553285281221292,86.562461853027344,4733500
2024-07-25,86.736780809378672,87.048714250779426,86.690904950502883,86.755126953125,4335600
2024-07-26,87.122108152373798,87.195506722769053,87.039540010433853,87.167984008789062,5217500
2024-07-29,87.388179765277272,87.397356337234697,87.232213040368492,87.314781188964844,6165600
2024-07-30,87.415692988139199,87.590012838031711,87.259726280168394,87.498268127441406,4419200
2024-07-31,87.755170880577666,88.149679502192186,87.571674428853512,88.1405029296875,10982900
2024-08-01,88.342022757946339,88.737721682381377,88.323621259020769,88.516868591308594,10492600
2024-08-02,89.437082495027397,89.952408625152344,89.381863966234036,89.887992858886719,18286500
2024-08-05,90.541336011835028,90.716181778652285,89.63031121469507,89.979995727539062,19098200
2024-08-06,89.759170053342885,89.795980069186726,89.115005307264738,89.179428100585938,9507000
2024-08-07,88.921730816320476,89.013759338203627,88.691673553193581,88.857315063476562,8419700
2024-08-08,88.489258219742027,88.6548927638175,88.406433926911475,88.590476989746094,4856100
2024-08-09,89.059794365337993,89.068998624556173,88.875751305730574,88.949371337890625,5174900
2024-08-12,88.838926121891149,89.243829208848283,88.783714617593901,89.19781494140625,4166400
2024-08-13,89.565922990795272,89.593528747558594,89.437091445371323,89.593528747558594,6458700
2024-08-14,89.556689884433325,89.841958640156392,89.538288392782661,89.713127136230469,4275700
2024-08-15,88.98617575716294,89.151817321777344,88.912562744617603,89.151817321777344,5507000
2024-08-16,89.335841524765414,89.345038760673674,89.087375739427287,89.326637268066406,4437000
2024-08-19,89.299040785202308,89.547499575531901,89.280632269894042,89.446273803710938,4437600
2024-08-20,89.667147000172335,89.841985796468222,89.59352696973589,89.80517578125,4886000
2024-08-21,89.897190522616867,90.191663578342769,89.685534722817877,89.989212036132812,5386000
2024-08-22,89.768381000725995,89.786782499622603,89.446295093293486,89.575126647949219,4819500
2024-08-23,89.759154741947214,90.05362779767313,89.657928970842235,89.989212036132812,5475400
2024-08-26,90.145659141935255,90.154863400528043,89.878791809082031,89.878791809082031,3062400
2024-08-27,89.639558277671469,89.906418652326678,89.593543994706721,89.842002868652344,4433700
2024-08-28,89.860405769879861,89.934025809701382,89.759179970323615,89.795989990234375,8147000
2024-08-29,89.59353497703772,89.676352253086009,89.501513441164121,89.639549255371094,6199800
2024-08-30,89.657920301323387,89.768350319339305,89.308235775459138,89.326637268066406,4802600
2024-09-03,89.814000315688034,90.053973931260501,89.758624497358227,89.91552734375,8232700
2024-09-04,90.017047903033117,90.487763450067987,89.98935999585791,90.441612243652344,9914900
2024-09-05,90.68157279088561,90.727723990659072,90.367767165816261,90.653884887695312,33635000
2024-09-06,90.690808580793714,91.235356146229591,90.469291261786296,90.783103942871094,17777600
2024-09-09,90.727717037679071,90.976915188978765,90.616958391721482,90.912307739257812,8532500
2024-09-10,90.921521411279258,91.346085574319389,90.903058119761312,91.299934387207031,7921400
2024-09-11,91.115353063273645,91.51222937140713,91.059977266407685,91.235336303710938,7286200
2024-09-12,91.161501424562729,91.263028417962403,90.92153493260308,91.087669372558594,5929800
2024-09-13,91.336885372775512,91.373804926839057,91.152294644142742,91.263046264648438,5305500
2024-09-16,91.364567052955593,91.539933162387939,91.253815439995734,91.503013610839844,6666900
2024-09-17,91.447642204895971,91.50301801404062,91.272276087024849,91.336883544921875,7807000
2024-09-18,91.124600198474297,91.419949568098744,90.893858283402551,90.94000244140625,8584500
2024-09-19,90.690813705177277,90.884636088996928,90.653894149923275,90.866172790527344,16770800
2024-09-20,90.736951079447493,90.958468394398565,90.61696781511246,90.838478088378906,6580600
2024-09-23,90.653889027625809,90.866167656235319,90.441603357331559,90.783103942871094,7491700
2024-09-24,90.533896071902291,90.912316199543483,90.460064009410331,90.884628295898438,6580800
2024-09-25,90.700040262478723,90.700040262478723,90.515449523925781,90.515449523925781,10455100
2024-09-26,90.589282747398471,90.635426908194518,90.303157967049628,90.450836181640625,8026500
2024-09-27,90.663135079966722,90.856957483627156,90.589295961900106,90.810806274414062,6207700
2024-09-30,90.746182823018685,90.773870726995398,90.413913891928757,90.561592102050781,8902400
2024-10-01,90.872618896727531,91.150321489156283,90.789312356361066,90.891136169433594,11665600
2024-10-02,90.483825212767456,90.668955534075209,90.382001417367462,90.631935119628906,7742100
2024-10-03,90.391278632262427,90.456074964266094,90.141344878626498,90.169120788574219,11556100
2024-10-04,89.391561154894347,89.585950158326398,89.252709848936959,89.298995971679688,8878300
2024-10-07,88.965739838765131,89.113842693112744,88.928712359610856,88.974998474121094,10152600
2024-10-08,88.836157804105468,89.049057006835938,88.799130320528349,89.049057006835938,5975200
2024-10-09,88.891683812012417,88.937969925966314,88.669526002026487,88.715805053710938,6769200
2024-10-10,88.651021099985513,88.752844915074832,88.428863259004487,88.706565856933594,5959000
2024-10-11,88.6139799670771,88.817620487389405,88.567693857483661,88.73431396484375,5394100
2024-10-14,88.364074306327254,88.576980590820312,88.317795244321658,88.576980590820312,3850900
2024-10-15,88.919442783724108,89.067552682118006,88.873163737177521,89.030525207519531,7736900
2024-10-16,89.197171924838642,89.289737107818127,89.113858316567558,89.169403076171875,5041100
2024-10-17,88.780620824684078,88.8176412462889,88.632510889183109,88.706565856933594,5460200
2024-10-18,88.85465154675002,88.910196292956414,88.78985522806677,88.808372497558594,5174700
2024-10-21,88.465904438710055,88.493673290347914,88.114153880844711,88.123405456542969,6633600
2024-10-22,88.234466185313735,88.290003874905537,87.966022248503734,88.040077209472656,5433900
2024-10-23,87.780888094071443,87.938249582590345,87.697574501034126,87.83642578125,6914300
2024-10-24,87.91974736944826,88.178932682877061,87.817923558848364,88.03082275390625,5486300
2024-10-25,88.225203716038877,88.234462351325135,87.771629458785185,87.83642578125,6455300
2024-10-28,87.85493921658211,87.864190789195007,87.466154236495868,87.632774353027344,5447300
2024-10-29,87.262497032566785,87.688309443017829,87.216217987791424,87.669792175292969,8475400
2024-10-30,87.873470108868659,88.095627962448631,87.503202311388151,87.540229797363281,6341100
2024-10-31,87.401369457112352,87.660554769879241,87.216239108641744,87.493934631347656,8662900
2024-11-01,87.625800830794901,87.709365533030649,86.947967547985215,86.975822448730469,15659500
2024-11-04,87.579367947338511,87.690794630243545,87.272949882466307,87.440086364746094,8179300
2024-11-05,87.328646853340274,87.597915545023298,87.040796425843382,87.486495971679688,8118500
2024-11-06,86.390846931543479,86.827259260819645,86.362992031233205,86.585838317871094,15261400
2024-11-07,86.938681510632534,87.440090983959919,86.89225903675306,87.282241821289062,15674000
2024-11-08,87.467941284179688,87.727936877683476,87.365801929199236,87.467941284179688,12335300
2024-11-11,87.207942070013374,87.245084293097548,87.077947831296129,87.226516723632812,3980000
2024-11-12,86.882951463634441,87.059375242073159,86.576533453973795,86.678672790527344,8037600
2024-11-13,87.068686109004972,87.07797343854584,86.511566767218213,86.622993469238281,6661800
2024-11-14,86.762262151199891,86.96654086572795,86.511553880040665,86.613693237304688,7510000
2024-11-15,86.446523975228459,86.938645918646799,86.260819987424455,86.650802612304688,16761500
2024-11-18,86.613676366893401,86.901519726305253,86.511537029523851,86.845809936523438,4788200
2024-11-19,87.115089346347318,87.170799138443442,86.994382435420832,87.031524658203125,4951500
2024-11-20,86.790100195764055,87.059375986785511,86.762245300857415,86.901519775390625,5752900
2024-11-21,86.966529209549321,87.124378346289575,86.743675868575679,86.8551025390625,5098200
2024-11-22,86.975824768242987,87.031541655375193,86.817975603706415,86.91082763671875,5373900
2024-11-25,87.709358864601853,87.876495340522013,87.579364614903426,87.848640441894531,7716000
2024-11-26,87.662918090820312,87.690772983631661,87.486494324143379,87.662918090820312,5093100
2024-11-27,88.015762329101562,88.136469231198433,87.839338554829595,88.015762329101562,5587600
2024-11-29,88.331467266669392,88.396464385670356,88.210760355426061,88.387184143066406,5136200
2024-12-02,88.118926553298351,88.491484473737415,88.01647294752884,88.379714965820312,5950600
2024-12-03,88.472875684501545,88.510132196832373,88.072377059386568,88.128265380859375,5364800
2024-12-04,87.904721463500451,88.491502617939119,87.876780857280096,88.46356201171875,5908800
2024-12-05,88.202759244228389,88.51012009948353,88.202759244228389,88.454238891601562,5210300
2024-12-06,88.817494396770755,88.873375613110028,88.547390007875521,88.733665466308594,6880200
2024-12-09,88.621891386262718,88.631207289745987,88.426300048828125,88.426300048828125,4303100
2024-12-10,88.240026616739698,88.333164343328704,88.15620479459551,88.267967224121094,3543400
2024-12-11,88.398361420425701,88.482183235791908,87.97923102573732,88.007171630859375,6452800
2024-12-12,87.904707564166841,87.979220572941117,87.643919139408496,87.671859741210938,4518000
2024-12-13,87.532158777012242,87.560099379467388,87.215482035299573,87.262054443359375,5230100
2024-12-16,87.420410421303529,87.429726326360765,87.196878441604667,87.290016174316406,4607600
2024-12-17,87.27138436420195,87.429726326360765,87.243443754983787,87.290016174316406,4881100
2024-12-18,87.278808780912527,87.390939730768551,86.549929089312798,86.615341186523438,11553900
2024-12-19,86.32563078605736,86.381703375985182,86.082675704104361,86.22283935546875,9273800
2024-12-20,86.67138965948071,86.811560448687899,86.521872249824369,86.540565490722656,6070900
2024-12-23,86.475168802336754,86.512548161405846,86.092035718916449,86.157447814941406,5954500
2024-12-24,85.979878382667707,86.213493958111783,85.942499035070867,86.204147338867188,3076100
2024-12-26,85.933169958701171,86.306956381594858,85.905137224626174,86.269577026367188,3703300
2024-12-27,86.21350686941166,86.334984420257641,86.026610103437861,86.045303344726562,3752500
2024-12-30,86.465806174340983,86.596630342173739,86.456459553957941,86.549911499023438,4797700
2024-12-31,86.671401492175931,86.736813585485251,86.325647782178947,86.391059875488281,5856000
2025-01-02,86.577937806623581,86.699415345059563,86.260216901617483,86.437767028808594,5034800
2025-01-03,86.531215388631949,86.596627470379076,86.269567061643443,86.297599792480469,2863700
2025-01-06,86.19480773655151,86.278913057836633,86.026604223363435,86.2135009765625,3894600
2025-01-07,86.101355946684521,86.166768022657436,85.736916219209533,85.821014404296875,5524400
2025-01-08,85.699555554890338,85.989236650297556,85.680869441702157,85.970550537109375,6402900
2025-01-10,85.465929448582315,85.624786344043784,85.25100709104791,85.344451904296875,8210900
2025-01-13,85.297745375275284,85.325778112701386,85.110855706178768,85.194953918457031,5094300
2025-01-14,85.232323305746732,85.297735395215511,85.110845747985564,85.222976684570312,4365500
2025-01-15,86.092031546152228,86.185483503987342,85.951867868166403,86.120071411132812,7846600
2025-01-16,86.045303362438375,86.51253458339508,85.923818682184745,86.325637817382812,7550900
2025-01-17,86.456471968797601,86.512544569765211,86.306961668112066,86.391059875488281,3912800
2025-01-21,86.671401364128471,86.74616007905253,86.540577177703099,86.680747985839844,4431300
2025-01-22,86.643355805059358,86.652702425387417,86.353674739331097,86.456459045410156,3656400
2025-01-23,86.092014584017207,86.29759744373635,86.092014584017207,86.232185363769531,4860900
2025-01-24,86.20416899335558,86.51254334145699,86.157443014776561,86.409751892089844,4468700
2025-01-27,86.979759828011879,87.045171909276078,86.783523584219282,86.970413208007812,4297100
2025-01-28,86.755490723803291,86.998452957836747,86.699425258019701,86.979766845703125,3906600
2025-01-29,87.073189334298462,87.138601404064616,86.624644334915629,86.876953125,4918400
2025-01-30,87.063865661621094,87.204036456456549,86.979767462349486,87.063865661621094,4365600
2025-01-31,87.091886671789027,87.222710828190586,86.727446931901568,86.923683166503906,6277400
2025-02-03,87.173036125215319,87.444896119476695,86.863684612974438,86.985549926757812,8294000
2025-02-04,86.807438910895044,87.201164245605469,86.807438910895044,87.201164245605469,6742300
2025-02-05,87.557409902155172,87.8667686293294,87.529287681892328,87.7073974609375,6576300
2025-02-06,87.613647391782806,87.726143416050689,87.473029149483182,87.604270935058594,5268500
2025-02-07,87.323036124104704,87.398033468911422,87.163672130495769,87.31365966796875,4565300
2025-02-10,87.407418389561997,87.529290884682396,87.248054367480265,87.294929504394531,3229100
2025-02-11,87.079322747827746,87.144943654899549,87.013701840755942,87.0699462890625,3379500
2025-02-12,86.488723618277817,86.54496805945314,86.319983142610297,86.469970703125,7280200
2025-02-13,86.919966180321239,87.182449831168967,86.901213261178924,87.116828918457031,6121900
2025-02-14,87.529281748232293,87.660523535322923,87.444907941022038,87.482406616210938,5157900
2025-02-18,87.210549821730922,87.30429293711164,87.004310676608611,87.013687133789062,4484100
2025-02-19,86.966811123381845,87.191803180597077,86.966811123381845,87.154304504394531,4607000
2025-02-20,87.294929299500581,87.426171099982398,87.285552841711393,87.332427978515625,7545400
2025-02-21,87.444928178935328,87.960526141934352,87.435551719932803,87.848030090332031,6156500
2025-02-24,87.763654764409679,88.091759275728492,87.735525390174971,88.035514831542969,4109500
2025-02-25,88.588584040016229,88.77607024591147,88.513586696802022,88.729202270507812,7697100
2025-02-26,88.691724897262176,89.02920587062826,88.579228855426138,88.97296142578125,7379800
2025-02-27,88.672972666526064,88.89796475193782,88.635481137766178,88.869842529296875,5907900
2025-02-28,89.141684204735753,89.394798480859151,88.963574433096838,89.3572998046875,11831500
2025-03-03,89.051782154996431,89.738093595717544,89.042378564992191,89.681686401367188,9637400
2025-03-04,89.822687790942666,90.048323681473207,89.249190890682655,89.399612426757812,12745500
2025-03-05,89.418418756475319,89.540636701683226,88.873125451082103,88.901329040527344,15590000
2025-03-06,88.854339599609375,89.023568336067001,88.525285715618622,88.854339599609375,9318900
2025-03-07,89.296213082327711,89.333813091531312,88.656905333318335,88.74151611328125,9210200
2025-03-10,89.258596823623066,89.503032722772616,89.173978879428361,89.362014770507812,7698500
2025-03-11,89.362023487430548,89.606459410423881,88.920148066335358,89.042366027832031,10408600
2025-03-12,88.760290883609898,88.995330305918571,88.741483713038207,88.779090881347656,7610300
2025-03-13,88.647488848125079,89.173974974420602,88.562870907635869,89.136367797851562,6902300
2025-03-14,88.910721597682667,88.985935942095921,88.797900081062778,88.82611083984375,4390900
2025-03-17,88.985946981698632,89.173975693223952,88.807314684764677,88.901329040527344,6734000
2025-03-18,88.769706011535973,89.155174188351438,88.760309597102989,89.004745483398438,8993300
2025-03-19,88.929528535940634,89.305593114514025,88.788510595206432,89.277389526367188,5854500
2025-03-20,89.756865175234253,89.7756651749485,89.305586280910688,89.409004211425781,4409100
2025-03-21,89.550033096574793,89.6346438581147,89.314993639628398,89.333793640136719,4919600
2025-03-24,89.089350404645984,89.108150403600163,88.788500211538249,88.816703796386719,4823500
2025-03-25,88.816726278934937,89.070565779661067,88.797919102385606,88.967147827148438,6825800
2025-03-26,88.816706854256182,88.910721197932716,88.685085338542109,88.760299682617188,8281700
2025-03-27,88.656908405213514,88.760326366198129,88.572290449482097,88.685111999511719,5085100
2025-03-28,89.108165769287709,89.456026779017165,89.079962179575844,89.399612426757812,6224500
2025-03-31,89.775679046444736,89.841489814865255,89.399614438540723,89.662864685058594,13255800
2025-04-01,89.855243554800509,90.223084185838658,89.855243554800509,89.977859497070312,18128800
2025-04-02,90.355130478354482,90.355130478354482,89.610029919621425,89.892974853515625,7635900
2025-04-03,90.930458288374979,91.156815667400494,90.713527369804169,90.817276000976562,18188000
2025-04-04,91.675554424640296,91.977366671140132,91.062503470898321,91.071929931640625,27006500
2025-04-07,91.005932041820557,91.166275460547496,89.779822624455832,89.987319946289062,68670600
2025-04-08,89.51571629844544,90.157061036635099,89.487415328432661,89.534576416015625,19508000
2025-04-09,88.874372737311091,89.298793782455689,88.289608296741491,89.251632690429688,24170800
2025-04-10,89.14789769164733,89.393122455332119,88.648021701047384,88.695182800292969,12093800
2025-04-11,88.157577431193189,88.402802189486394,87.516225352730913,88.195304870605469,55446600
2025-04-14,88.581992199770568,88.996986807866875,88.468817085397234,88.902671813964844,12630900
2025-04-15,88.893229553985478,89.374245330844445,88.883795896776292,89.166748046875,7708100
2025-04-16,89.27994021074781,89.67606750803705,89.091303024581833,89.553451538085938,8708400
2025-04-17,89.50629490798832,89.591176242344048,89.213909077293479,89.298797607421875,6987000
2025-04-21,89.034710494047744,89.364816556685753,88.798919421338809,88.817779541015625,4901300
2025-04-22,89.053574188284855,89.072441504491479,88.874377858958511,88.883804321289062,5233000
2025-04-23,89.638338240928292,89.808108107125548,88.864943782868025,88.978118896484375,8041300
2025-04-24,89.336535807074782,89.487438373812665,89.242220803391916,89.459144592285156,7308900
2025-04-25,89.704352921313983,89.86468911777267,89.581744158570075,89.798667907714844,5341300
2025-04-28,89.694917881930806,90.185367316894045,89.666624106023718,90.157066345214844,4950500
2025-04-29,90.109907692930292,90.477741151845493,90.100474036201987,90.468307495117188,5350200
2025-04-30,90.449466027510809,90.694690782608561,90.355151028095733,90.60980224609375,13923200
2025-05-01,90.726176673107489,90.745105659439346,90.03542027714856,90.215202331542969,13703300
2025-05-02,89.751542400831099,89.88401642674846,89.45820808905593,89.609603881835938,9331600
2025-05-05,89.58121975661328,89.59068424991662,89.259499177231092,89.448745727539062,10089400
2025-05-06,89.410894229213696,89.694771271605333,89.325735448072052,89.67584228515625,6081200
2025-05-07,89.770475614999839,90.025959185789532,89.75154662795272,89.912406921386719,9471100
2025-05-08,89.855637133313834,89.874566120937004,89.193266952373492,89.212188720703125,6409000
2025-05-09,89.373058043207536,89.524461082306232,89.250048488410528,89.278434753417969,3698700
2025-05-12,88.691763960180808,88.918861294247208,88.691763960180808,88.710685729980469,9483700
2025-05-13,88.824221334044225,88.871529359310557,88.502493553486673,88.644432067871094,13166800
2025-05-14,88.606581985125445,88.672818996432611,88.256467942905928,88.313247680664062,6994700
2025-05-15,88.682296853973327,88.937780444862369,88.568744580637144,88.890472412109375,9024900
2025-05-16,89.240574354157744,89.259503341647559,88.90938926602071,88.918853759765625,6819200
2025-05-19,88.407892322439253,88.890480503931315,88.370041561214919,88.871551513671875,11704900
2025-05-20,88.634971222875009,88.824224989607245,88.502497195808971,88.757987976074219,8929600
2025-05-21,88.407877140927013,88.530886679311834,88.029376812974789,88.142929077148438,11383500
2025-05-22,88.171314648222449,88.511964218783746,88.057762384937604,88.474113464355469,10981200
2025-05-23,88.862080252105045,88.871537526451775,88.606589458875362,88.729598999023438,9860700
2025-05-27,88.928308041118882,89.193256081202264,88.824220279758592,89.0986328125,10834400
2025-05-28,88.918844737957698,88.985081748864616,88.748519964298083,88.852607727050781,8591500
2025-05-29,89.089167521672522,89.30680031580863,89.041852278098972,89.221641540527344,9679100
2025-05-30,89.287891725598357,89.533918033758681,89.231119200366606,89.486602783203125,10268600
2025-06-02,89.239774792364173,89.372684515803471,89.03091458609191,89.182815551757812,13341900
2025-06-03,89.30621888469922,89.429632972142798,89.021408229939155,89.097358703613281,8508900
2025-06-04,89.439135850407453,89.828376627298709,89.363185370569681,89.752426147460938,10115900
2025-06-05,89.752429859988823,89.866355584457907,89.458130792239572,89.486610412597656,8762800
2025-06-06,89.030913360811908,89.106863842599594,88.746109918662981,88.774589538574219,7624200
2025-06-09,88.784065549282985,89.049892198511387,88.774577172658667,88.935966491699219,6061200
2025-06-10,89.220784694206458,89.258752689990814,88.992933261283113,89.087867736816406,5579900
2025-06-11,89.258758056259225,89.496097880879503,89.18281481708857,89.4581298828125,6594900
2025-06-12,89.799887843971135,89.856854324148969,89.638498510045821,89.847358703613281,7795400
2025-06-13,89.64800066742869,89.714455529951621,89.277751112938503,89.515090942382812,9195200
2025-06-16,89.410636583033238,89.600505497867118,89.239751662468819,89.258735656738281,7508400
2025-06-17,89.486597282466619,89.733425451378125,89.344191958534196,89.695457458496094,5285000
2025-06-18,89.847360625739952,90.037229582297954,89.600525187785408,89.752426147460938,6732400
2025-06-20,89.572047385002605,89.94229692792436,89.515088145487425,89.80938720703125,6261700
2025-06-23,90.065713797981559,90.416972081595986,89.999258940835361,90.122673034667969,9310300
2025-06-24,90.037222496056529,90.483422476190427,89.999254502162273,90.435958862304688,7694500
2025-06-25,90.2650777977057,90.51190598380758,90.17014332281758,90.47393798828125,6393300
2025-06-26,90.644813457996065,90.806202772726635,90.521392134820005,90.796707153320312,7131900
2025-06-27,90.559364318847656,90.834679328073776,90.502405090399208,90.559364318847656,8402400
2025-06-30,90.758730926292017,90.958095473432479,90.625821228198376,90.920120239257812,10542300
2025-07-01,90.875369818232798,90.961087109881291,90.58966246679509,90.751564025878906,10659800
2025-07-02,90.465852774655431,90.608710088702281,90.408712755446615,90.561088562011719,6026200
2025-07-03,90.284883783271042,90.342023787812593,90.132500749796279,90.246788024902344,7398900
2025-07-07,90.10396267467614,90.113488434149374,89.884913802944837,89.961105346679688,8518600
2025-07-08,89.722997250414494,89.837284546946236,89.675382993044508,89.8277587890625,5282800
2025-07-09,89.961089472470917,90.303944092753298,89.961089472470917,90.294418334960938,6900800
2025-07-10,90.227736512706528,90.265832271075212,90.065834989156812,90.246788024902344,4451900
2025-07-11,89.942046085594242,89.970616093221096,89.780137265668202,89.8277587890625,6004300
2025-07-14,89.827768621242882,89.961100182111679,89.684911301447713,89.7896728515625,5101600
2025-07-15,89.894413344592678,89.903939101287719,89.389657230106806,89.437278747558594,5628100
2025-07-16,89.580144461930402,89.751571782357388,89.456338667298297,89.684906005859375,12786300
2025-07-17,89.732517820561583,89.837279353152979,89.580134767329042,89.656326293945312,4747200
2025-07-18,89.913471680269382,89.980137450146174,89.808710146745298,89.903945922851562,4035000
2025-07-21,90.284904606581676,90.38014039145709,90.17061730511638,90.218238830566406,5232300
2025-07-22,90.313470760473095,90.532512329734459,90.294419244696428,90.475372314453125,6098000
2025-07-23,90.265868494885254,90.323008522357171,90.103966906364235,90.151588439941406,5074000
2025-07-24,89.837296055499422,90.113484941313885,89.8277702963954,90.018241882324219,5867400
2025-07-25,89.989659602582876,90.227752685546875,89.951563837385734,90.227752685546875,3614000
2025-07-28,90.065851502658205,90.132517275520783,89.98965997195117,90.027755737304688,5073200
2025-07-29,90.161098381952769,90.618240356445312,90.142054129943787,90.618240356445312,7864000
2025-07-30,90.303947448730469,90.551566298364307,90.23728167375495,90.303947448730469,7425600
2025-07-31,90.446807989272116,90.599183794937062,90.342046443991634,90.380142211914062,10411800
2025-08-01,91.114907496673737,91.468439017359131,91.095793744333648,91.420661926269531,11870100
2025-08-04,91.506655882067804,91.583096315197821,91.277341872438669,91.544876098632812,8449500
2025-08-05,91.382449925165176,91.592657481236685,91.363343460868336,91.477996826171875,8218700
2025-08-06,91.344233990893244,91.458894651335683,91.019373054282099,91.411117553710938,10107500
2025-08-07,91.411091307285616,91.506638185339597,91.277324220058134,91.344207763671875,5725900
2025-08-08,91.220015254105547,91.220015254105547,91.086248140918102,91.134017944335938,5623800
2025-08-11,91.20088687089526,91.286884166869584,91.114896864680716,91.162673950195312,4920200
2025-08-12,91.048015433406036,91.143562316894531,90.942911674640712,91.143562316894531,6724600
2025-08-13,91.401553642487826,91.563984085338987,91.382439890528588,91.468437194824219,5925200
2025-08-14,91.315557564119516,91.344220902682707,91.105350028308663,91.172233581542969,5527500
2025-08-15,91.134016465755664,91.191350434592181,90.93336579922989,90.990699768066406,7428500
2025-08-18,91.057566810279098,91.067116395219358,90.818695971101832,90.904685974121094,9669600
2025-08-19,91.038471047739321,91.172238160926767,91.028914171151371,91.134017944335938,6499300
2025-08-20,91.134017006840949,91.353781427537299,91.114910543622543,91.267784118652344,6270700
2025-08-21,91.14356811986292,91.191345209529032,90.876033913157684,91.000244140625,5351300
2025-08-22,91.153128597669962,91.611756601641545,91.12446525864182,91.50665283203125,10867700
2025-08-25,91.344225481967811,91.449329255142317,91.277341925380483,91.325119018554688,9936400
2025-08-26,91.401557282613538,91.592651071253513,91.34422331421294,91.563987731933594,5871200
2025-08-27,91.439772316940747,91.735977172851562,91.382445636979085,91.735977172851562,5222800
2025-08-28,91.707318980774104,91.946189880371094,91.669098762067222,91.946189880371094,6544700
2025-08-29,91.841087634494187,91.946191415252301,91.755090318527806,91.8697509765625,6818900
2025-09-02,91.50930960397649,91.672272260830908,91.480552348489937,91.595588684082031,8623200
2025-09-03,91.605154812195266,92.046116390503684,91.605154812195266,91.911911010742188,7586100
2025-09-04,92.14198025187541,92.324111938476562,92.026943939039626,92.324111938476562,6395300
2025-09-05,92.899282699093149,93.004723506509379,92.774658203125,92.774658203125,9566300
2025-09-08,93.004718792422324,93.071821473910077,92.908858863674652,93.062240600585938,7599600
2025-09-09,93.014317173536341,93.11976530080878,92.755494606186929,92.841766357421875,8223100
2025-09-10,93.033519418730933,93.206070282825365,92.947240329860406,93.091033935546875,8864500
2025-09-11,93.215633497752023,93.426529770979542,93.206052622529114,93.234809875488281,8554300
2025-09-12,93.014318830748294,93.023907018937862,92.83217982336997,92.966392517089844,36502700
2025-09-15,93.129362053646631,93.196464748659892,93.081428422789187,93.119773864746094,4990100
2025-09-16,93.129350300164504,93.263555673253521,93.091004863047033,93.177276611328125,5847700
2025-09-17,93.27315802037802,93.484046986071903,92.860953650845403,92.975982666015625,10701700
2025-09-18,92.650043279577616,92.803417714358375,92.515837906527835,92.669212341308594,7589200
2025-09-19,92.621286130340835,92.697969690991997,92.506249818897601,92.630867004394531,5528800
2025-09-22,92.630883006363931,92.659647574427055,92.4679203555675,92.477508544921875,5282700
2025-09-23,92.611703302895862,92.745908683858445,92.496666984794473,92.736320495605469,7077500
2025-09-24,92.621304093070037,92.630884968981817,92.448753249263305,92.487098693847656,5419700
2025-09-25,92.27619335598483,92.333707860398079,92.122811592689473,92.285774230957031,6517500
2025-09-26,92.266611258011181,92.439162096286267,92.151574927945958,92.23785400390625,7295300
2025-09-29,92.352874344504329,92.554189731617853,92.343293469799733,92.506256103515625,6357500
2025-09-30,92.582954724873986,92.755505561368111,92.429572953036796,92.467918395996094,9257800
2025-10-01,92.846757300927166,92.914065138963721,92.635216285382555,92.779449462890625,8347000
2025-10-02,92.74097180905558,92.93328512666244,92.683281481774998,92.875587463378906,9420600
2025-10-03,92.885207598387709,92.923670263000247,92.673666611020266,92.692901611328125,5154300
2025-10-06,92.47175600196212,92.635216847327584,92.414065665010583,92.423683166503906,6319600
2025-10-07,92.53909193552937,92.779478193814938,92.481401581062897,92.65447998046875,5119900
2025-10-08,92.827533852438407,92.846761520177992,92.615992827280706,92.673683166503906,5141900
2025-10-09,92.587148979935037,92.654456821991516,92.529458639887949,92.606376647949219,7130600
2025-10-10,92.933315365562507,93.289082280890469,92.856390013489573,93.183319091796875,10417700
2025-10-13,93.173693936030077,93.260229448000587,93.058305917398002,93.23138427734375,5607600
2025-10-14,93.327530432151761,93.50060877937662,93.250612428055106,93.471763610839844,7650600
2025-10-15,93.471752551787532,93.587140548286769,93.289056724664562,93.365982055664062,7769300
2025-10-16,93.289073517685935,93.837153761711747,93.269845849476553,93.798698425292969,11627200
2025-10-17,93.712159530148512,93.731394535173692,93.529463662434139,93.644851684570312,12491000
2025-10-20,93.702543837691934,93.779469187268688,93.625625824120277,93.769851684570312,10437800
2025-10-21,93.933306704772519,94.010224707550279,93.875609032684096,93.942916870117188,7642000
2025-10-22,93.894842737227961,94.010223407801419,93.808299898293882,93.962150573730469,6523500
2025-10-23,93.769837763515781,93.827535435135118,93.635222089744033,93.654457092285156,6138300
2025-10-24,93.769850115454986,93.789085120529847,93.587161583273627,93.741004943847656,7555200
2025-10-27,93.596771749806067,93.741004943847656,93.471773560839353,93.741004943847656,7272300
2025-10-28,93.683311976014849,93.875618005346027,93.683311976014849,93.827545166015625,5539600
2025-10-29,93.779469019661462,93.779469019661462,93.173698398838653,93.221771240234375,11223300
2025-10-30,92.952527269044381,93.231376121006633,92.933299602290205,93.087142944335938,8958800
2025-10-31,93.14483772432898,93.221755724961383,93.067912387692701,93.125602722167969,9739900
2025-11-03,93.004077856864427,93.139117416935377,92.955853647755703,93.081245422363281,8012500
2025-11-04,93.148759401587668,93.245215172902448,93.129471190966171,93.196990966796875,6119000
2025-11-05,93.033023102138884,93.052318674983724,92.724360168564758,92.753303527832031,11749200
2025-11-06,93.100530131260413,93.293449037748942,93.090889705263848,93.225929260253906,7665000
2025-11-07,93.139111982004167,93.428486656187005,93.12947155620742,93.264511108398438,11460300
2025-11-10,93.148762165031599,93.225929728014208,93.090890172346576,93.139114379882812,9097300
2025-11-11,93.380258118096606,93.457425681594231,93.303097913702885,93.428489685058594,4937700
2025-11-12,93.380264640827335,93.515304206828915,93.351328642270488,93.447784423828125,7188200
2025-11-13,93.225920160322943,93.370607486290226,93.177688598632812,93.177688598632812,46965300
2025-11-14,93.447783370735451,93.496014940522926,93.004080893287025,93.02337646484375,11288500
2025-11-17,93.119807783162315,93.196975330908998,93.071576226045039,93.12945556640625,6648500
2025-11-18,93.409197623233595,93.496012975205318,93.14876628552679,93.283805847167969,8769000
2025-11-19,93.380261264195468,93.428492832782439,93.177701922517656,93.216285705566406,13075900
2025-11-20,93.312734114964087,93.515293440646289,93.274150334962201,93.438133239746094,9076400
2025-11-21,93.746795654296875,93.785379434106815,93.563524539975546,93.746795654296875,12551100
2025-11-24,93.843262910244846,93.910782693400463,93.737159342556808,93.891487121582031,6903900
2025-11-25,93.987941785070348,94.238725323254556,93.97829400003134,94.132621765136719,9193400
2025-11-26,94.026521707827186,94.209785461425781,93.881834374594177,94.209785461425781,7747100
2025-11-28,94.17121392380183,94.190509495596416,93.939718575997702,94.045822143554688,7798000
2025-12-01,93.61821369374394,93.685933509966745,93.531148521845921,93.540824890136719,9898100
2025-12-02,93.511799315675589,93.666584297422901,93.453748489227522,93.618209838867188,7317200
2025-12-03,93.773000823479563,93.869742358263224,93.656906553195569,93.811698913574219,6855100
2025-12-04,93.666585112234358,93.676261480210897,93.473102038140567,93.521469116210938,8928900
2025-12-05,93.540815837866276,93.550484824314978,93.279605585637668,93.327980041503906,9118700
2025-12-08,93.269937969030508,93.279606955621219,92.960353256388828,93.134490966796875,14728300
2025-12-09,93.26994058624085,93.26994058624085,92.979708600448078,92.999053955078125,8509200
2025-12-10,92.960351397253504,93.327979545710335,92.95068241085616,93.298957824707031,13356900
2025-12-11,93.53113642404729,93.579510878337899,93.27960254736594,93.308624267578125,8672800
2025-12-12,93.057106018066406,93.134494818521574,93.037753282273044,93.057106018066406,8348700
2025-12-15,93.269937969030508,93.366679501278142,93.115145612709668,93.134490966796875,6117000
2025-12-16,93.105481789400443,93.415059162845978,93.095812801507023,93.395713806152344,7456400
2025-12-17,93.27960124711025,93.424717227053804,93.260255894206935,93.3763427734375,5673200
2025-12-18,93.618209838867188,93.676260665315269,93.492446579890867,93.618209838867188,7357600
2025-12-19,93.465831970115758,93.553179657848332,93.368769110604177,93.4075927734375,5806600
2025-12-22,93.329939517887297,93.35905540963816,93.252292203314695,93.310523986816406,4672800
2025-12-23,93.106710628244386,93.300821520846071,93.058179202666011,93.271705627441406,5093900
2025-12-24,93.388187166534479,93.533774054877085,93.339655735468028,93.514358520507812,3967700
2025-12-26,93.650223848164302,93.66963937967391,93.494936620365635,93.601699829101562,3491500
2025-12-29,93.708478707214823,93.757002734391463,93.611415843147782,93.737594604492188,5034600
2025-12-30,93.601709784972599,93.718173366995231,93.562886122679572,93.640533447265625,4108600
2025-12-31,93.504651436146276,93.630830195897786,93.320248287431966,93.3299560546875,6802100
2026-01-02,93.456130396282035,93.456130396282035,93.242603938977197,93.252311706542969,6611800
2026-01-05,93.397880969957868,93.543460431678398,93.339641780414013,93.533760070800781,8693200
2026-01-06,93.417296514230358,93.485236070046469,93.271709636094087,93.465827941894531,12834100
2026-01-07,93.679349704702204,93.708473005064306,93.504646926811816,93.640533447265625,7990900
2026-01-08,93.397885854932156,93.475525770292023,93.349354428583226,93.359062194824219,6931700
2026-01-09,93.329948830262325,93.543467859358486,93.242593741438071,93.465827941894531,10277300
2026-01-12,93.320249337137696,93.465836228181089,93.291133439900392,93.349365234375,6360600
2026-01-13,93.504644198198392,93.533767497710627,93.368765086566199,93.465827941894531,7622500
2026-01-14,93.543471638767116,93.756998081346538,93.533771276727336,93.659942626953125,7331200
2026-01-15,93.669646609342834,93.679346970990693,93.446412408886374,93.465827941894531,6172500
2026-01-16,93.397901396932369,93.42701729564439,93.087319469242061,93.106727600097656,11979300
2026-01-20,92.78642380246616,92.902894784469737,92.718484247511455,92.737899780273438,13607700
2026-01-21,92.844658311497014,93.019353668404065,92.747595462296545,92.980537414550781,11969000
2026-01-22,92.883485360639526,93.038780013524644,92.834961335255386,92.970840454101562,10209500
2026-01-23,93.009665563772202,93.145544684731519,92.932018236122104,93.126129150390625,8147500
2026-01-26,93.27170880401512,93.329947997663808,93.213477015222594,93.262001037597656,6803800
2026-01-27,93.203774574464134,93.320245563560505,93.126127248399882,93.155250549316406,9857200
2026-01-28,93.097014330880583,93.126130227872068,92.912611181648941,93.077606201171875,17032400
2026-01-29,92.980548816511146,93.26200741816865,92.961133282347873,93.174659729003906,11049100
2026-01-30,93.164940951112342,93.232880502940958,93.087301038205197,93.116416931152344,8238500
2026-02-02,93.157312336883678,93.186523225418952,92.933357238769531,92.933357238769531,8987100
2026-02-03,92.884681270384831,93.059954056649659,92.865209818140514,93.021003723144531,7313800
2026-02-04,92.943089043554863,93.098890354085981,92.904146144937471,93.001518249511719,7268600
2026-02-05,93.283908522767163,93.576024855183832,93.196268422731066,93.54681396484375,12086800
2026-02-06,93.595503734754459,93.605235745523913,93.40075208412749,93.54681396484375,7759900
2026-02-09,93.488383326438168,93.60522687672794,93.410482673568225,93.566276550292969,8165100
2026-02-10,93.897357215185707,94.014208202709881,93.877885765106186,93.975257873535156,9752300
2026-02-11,93.653927156284553,93.916832602967332,93.634455705388632,93.712348937988281,9106600
2026-02-12,93.868150832518097,94.306329055994894,93.858411392502859,94.286857604980469,13099900
2026-02-13,94.56924293633314,94.705565381928082,94.540024615977558,94.656875610351562,11681500
2026-02-17,94.695822643415752,94.754244424059777,94.598450532670427,94.647132873535156,8623800
2026-02-18,94.481603469661209,94.540025252733642,94.423181686588777,94.452392578125,7778800
2026-02-19,94.413433180142832,94.588705941545328,94.393961730660536,94.540016174316406,4993000
2026-02-20,94.578966502296467,94.588705941545328,94.345271963431614,94.540016174316406,11200200
2026-02-23,94.617923611362471,94.968469159290393,94.617923611362471,94.880836486816406,9862900
2026-02-24,94.880829891723394,94.919780219787526,94.773718346800877,94.861351013183594,9493300
2026-02-25,94.715293674897794,94.861355554877463,94.715293674897794,94.783454895019531,8762700
2026-02-26,94.861355952237886,95.036628723144531,94.861355952237886,95.036628723144531,8177300
2026-02-27,95.309270289164303,95.474811043550986,95.260587950004592,95.4163818359375,9970300
2026-03-02,95.097054192538693,95.106821842137961,94.677134666173387,94.843154907226562,17709600
2026-03-03,94.403700000937775,94.872450324365005,94.374404502698624,94.735733032226562,13708500
2026-03-04,94.696657844892215,94.716185691057703,94.520877427272012,94.5404052734375,12535500
2026-03-05,94.188845712477402,94.315802791135127,94.13025472265555,94.247444152832031,12599700
2026-03-06,93.964239019107012,94.472044966294135,93.915408228757315,94.1888427734375,12758200
2026-03-09,94.100955204811982,94.530642313223325,93.993533427709139,94.4818115234375,12134400
2026-03-10,94.432999332021367,94.501357980865123,94.149804537192907,94.179100036621094,10571300
2026-03-11,94.003311631666293,94.052134976402158,93.729877059438877,93.749404907226562,12197600
2026-03-12,93.602923301079571,93.729880393081515,93.349016567609269,93.446678161621094,11401400
2026-03-13,93.593153360211929,93.681047302564011,93.309958586218286,93.349014282226562,11839700
2026-03-16,93.729880460234128,93.807999304752556,93.622458667171031,93.768936157226562,9092100
2026-03-17,93.915416484156466,94.022838271942405,93.876353338549464,93.934951782226562,7209700
2026-03-18,93.798226494620508,93.866585130966811,93.485728806961333,93.505256652832031,13048700
2026-03-19,93.251344361763728,93.632200662932249,93.241584164679907,93.4954833984375,18464600
2026-03-20,93.075582059390428,93.104877557403753,92.626367038607768,92.655662536621094,20761500
2026-03-23,92.772843235180702,93.192762718371782,92.66542145223417,92.948623657226562,28336300
2026-03-24,92.567765019824265,92.850967217785978,92.401752250494795,92.636123657226562,19785600
2026-03-25,93.056053891313567,93.163475684015893,92.909568951216428,93.124412536621094,15939200
2026-03-26,92.782618731441801,92.89980072236186,92.372459411621094,92.372459411621094,12897300
2026-03-27,92.157613647744896,92.557997825771338,92.14784599934444,92.382217407226562,11401900
2026-03-30,92.968148016297079,93.153696079977351,92.899789379762126,93.036506652832031,15430000
2026-03-31,93.300184041096372,93.436901318620684,93.114635971370745,93.202529907226562,18649700
2026-04-01,93.160401515273676,93.366160861619448,93.101607791058981,93.121208190917969,13557600
2026-04-02,93.111409354499003,93.46414180350348,93.091816429715365,93.336769104003906,13171300
2026-04-06,93.082011934168307,93.25837815053174,92.993832563667596,93.091812133789062,6104900
2026-04-07,93.150606729255827,93.366166288059404,92.846867792048613,93.326972961425781,6737500
2026-04-08,93.78747533176282,93.797275531230198,93.444543104023907,93.532722473144531,12107400
2026-04-09,93.444547796377776,93.718893592345282,93.307374898394016,93.503334045410156,11065900
2026-04-10,93.50333090983294,93.532724033363451,93.336764892918694,93.3465576171875,4404800
2026-04-13,93.346555576755449,93.562115111750074,93.248576008674775,93.552322387695312,4300200
2026-04-14,93.513139209005885,93.865871672647643,93.483746082929528,93.856071472167969,5239800
2026-04-15,93.75808647461939,93.767879199170409,93.5719200530785,93.650306701660156,5592900
2026-04-16,93.738487158044805,93.767880282762036,93.454341160174337,93.483741760253906,6618900
2026-04-17,93.954047031565935,94.110820331083445,93.905053506626118,93.993240356445312,6912900
2026-04-20,93.973653744121421,93.9834464694773,93.77768710656099,93.905059814453125,3868800
2026-04-21,93.758083334700288,93.816869581486685,93.483737549214439,93.4935302734375,4872900
2026-04-22,93.748287887262322,93.777681012145464,93.571921662601028,93.591514587402344,4121400
2026-04-23,93.630708511118073,93.699294961404817,93.268183334757765,93.444549560546875,6795600
2026-04-24,93.36616879881629,93.660107543428865,93.287782143441106,93.630714416503906,5490000
2026-04-27,93.493532521865092,93.601312293806814,93.356359625823288,93.415145874023438,4055500
2026-04-28,93.268186709156694,93.346565887061246,93.189800055889449,93.326972961425781,4867700
2026-04-29,93.111399613849017,93.111399613849017,92.788060323526636,92.88604736328125,7200300
2026-04-30,93.121209956021403,93.170196005872867,92.954643930874099,93.062423706054688,10382400
2026-05-01,93.084046476866646,93.428108926881691,93.015233986863649,93.133193969726562,5359200
2026-05-04,92.985736135235726,92.995568633769636,92.622016189468681,92.789131164550781,6593900
2026-05-05,92.897267816367659,93.034892798317912,92.867777820235318,92.9267578125,11281600
2026-05-06,93.319973826000933,93.418276311596856,93.251161336083896,93.388786315917969,9031100
2026-05-07,93.565736304580014,93.565736304580014,93.084048862215354,93.103706359863281,5610100
2026-05-08,93.428124677125609,93.47727217827088,93.310157174376641,93.349479675292969,3215100
2026-05-11,93.251166831641711,93.270824329919805,93.034896850585938,93.034896850585938,4025400
2026-05-12,92.818624143775807,92.828456642625781,92.700664157572604,92.720321655273438,5686700
2026-05-13,92.700664157572604,92.779301648375039,92.51388417941871,92.720321655273438,3459200
2026-05-14,92.936596417532456,92.956253916245913,92.651513936190383,92.661346435546875,5167300
2026-05-15,92.130509765098651,92.159999765023457,91.904407265675133,91.924072265625,12498700
2026-05-18,92.032200225160381,92.159992715058806,91.756942746918568,91.884742736816406,8422900
2026-05-19,91.55050314008011,91.68812812600963,91.373555658170829,91.530845642089844,10069800
2026-05-20,91.589821695166449,92.218966603773453,91.570164198022013,92.150154113769531,14892500
2026-05-21,91.884739628900988,92.248459587847648,91.727449646654435,92.209144592285156,7762000
2026-05-22,92.366433387611806,92.395923386298833,92.042028402055138,92.287788391113281,6321900
2026-05-26,92.739987383589948,92.74981988331254,92.533549889414019,92.681007385253906,5494400
2026-05-27,92.749811651824231,92.877611636876523,92.69083165872263,92.720321655273438,5958800
2026-05-28,92.749819737009432,93.064392227638407,92.690839738766428,92.936599731445312,5938300
2026-05-29,93.034891012220498,93.133193497440743,92.926756028478579,93.044723510742188,9639700
2026-06-01,92.627505432959907,92.913538375557124,92.528865080116844,92.883949279785156,8054100
2026-06-02,93.041770114997007,93.041770114997007,92.874093551359195,92.952995300292969,15426600
2026-06-03,92.706404906694473,92.814903271999441,92.627503161638131,92.716270446777344,7056500
2026-06-04,92.913542253213677,92.992451528700371,92.805043880720163,92.834640502929688,4417900
2026-06-05,92.430236102048056,92.509145377527986,92.311872188828161,92.341468811035156,9880800
2026-06-08,92.519003180828506,92.578181369888,92.242820739746094,92.242820739746094,5352200
2026-06-09,92.430231476230659,92.568318938808389,92.331598649418339,92.499275207519531,8007300
2026-06-10,92.538736763467398,92.617646040899132,92.321740013131532,92.410514831542969,5804900
2026-06-11,92.528874927375711,93.091090382483145,92.469696729533823,93.0516357421875,11281600
2026-06-12,92.874098159397192,92.98258901021434,92.736003160205584,92.893821716308594,8861800
2026-06-15,93.100952904802483,93.179862182834924,92.972730971901953,92.992454528808594,3787600
2026-06-16,93.091084283543424,93.327812109807908,93.061495186561032,93.229171752929688,4675000
2026-06-17,93.239037285298721,93.288357463733405,92.726142045510372,92.736000061035156,11508300
2026-06-18,93.14040145951823,93.308078020481673,93.041768631022222,93.071357727050781,6836500
2026-06-22,92.824768812082297,92.844492367045845,92.68668135173094,92.716270446777344,4572200
2026-06-23,92.874095140673035,92.97272797243005,92.805043880720163,92.834640502929688,6504600
2026-06-24,93.278498881246122,93.485630100758186,93.26863333978271,93.436317443847656,5179800
2026-06-25,93.564534764261793,93.72234579387144,93.485625486855525,93.495491027832031,5630500
2026-06-26,93.534942590128495,93.781528430010596,93.534942590128495,93.732208251953125,5584100
2026-06-29,93.682885673302223,93.771652954157545,93.633565500470283,93.761787414550781,5901500
2026-06-30,93.5842521825695,93.603983263228287,93.258764603723293,93.278488159179688,8034000
2026-07-01,93.061770344610792,93.220102053538923,93.02218552987091,93.051872253417969,7890500
2026-07-02,93.111243532288768,93.279480878523501,93.051870086577253,93.140937805175781,7605500
2026-07-06,93.16072494023588,93.210207844221273,93.051868591492948,93.200309753417969,4600500
2026-07-07,93.022185986894371,93.041974619345822,92.715413108692346,92.725303649902344,5813600
2026-07-08,92.557073483447525,92.616446930598883,92.388843683164396,92.537284851074219,5509600
2026-07-09,92.616444533349025,92.873742047730829,92.616444533349025,92.735198974609375,3223100
2026-07-10,92.764885097168403,92.804469910665716,92.61644393406128,92.656028747558594,6507600
2026-07-13,92.527394711044352,92.547183345118157,92.289893351998245,92.319580078125,5769700
2026-07-14,92.626341503972327,92.814367479519206,92.48779843252656,92.576866149902344,5315900
2026-07-15,92.665923180802068,92.893533961919729,92.665923180802068,92.804466247558594,6735500
2026-07-16,92.60655884832488,92.774788653074864,92.566974032495779,92.745101928710938,4841200
2026-07-17,92.982592629693968,93.121135694220641,92.844049565167296,92.863838195800781,7561300
2026-07-20,92.764894993158592,92.784691177034659,92.468020185305477,92.566978454589844,3784800
2026-07-21,92.428430821141731,92.448219454012431,92.289887740951983,92.339363098144531,2786200
2026-07-22,92.309673911719514,92.319572002906668,92.111757388164918,92.131546020507812,3428200
2026-07-23,91.834664662316584,91.933622917011164,91.795079850432572,91.884140014648438,5002200
2026-07-24,92.022686304893355,92.250297093692168,91.973210950828317,92.062271118164062,5092700
2026-07-27,92.240397959696352,92.37894102956146,92.171126424763798,92.309669494628906,4046300
2026-07-28,92.398743039378815,92.685727287925133,92.398743039378815,92.586761474609375,3320700
2026-07-29,92.43832981982068,92.557076718273535,92.190930381334951,92.200820922851562,5391000
2026-07-30,92.270088945160879,92.349258574464997,92.151342051236099,92.240402221679688,3973000
2026-07-31,92.012802795253293,92.012802795253293,91.765403355929678,91.983108520507812,8490100
