date,Open,High,Low,Close,Volume
2006-12-19,23.276542763595121,23.485683441162109,23.276542763595121,23.485683441162109,51100
2006-12-20,23.586382614200552,23.613493279941665,23.5244151671608,23.532159805297852,110100
2006-12-21,23.605746072539709,23.63672905591628,23.536032513166912,23.559270858764648,353800
2006-12-22,23.888458539423358,23.903950760684481,23.702556316548488,23.78001594543457,169800
2006-12-26,23.760672004889841,23.861370059220665,23.760672004889841,23.85749626159668,182700
2006-12-27,24.039516820937514,24.147959472747459,24.031770706176758,24.031770706176758,119400
2006-12-28,24.399699369847635,24.407445483445937,24.302875165999033,24.376461029052734,196200
2006-12-29,24.477167486505845,24.500404357910156,24.461675253955899,24.500404357910156,102900
2007-01-03,24.787010183370445,24.787010183370445,24.453934497644056,24.4771728515625,264900
2007-01-04,24.399698181004194,24.399698181004194,24.248652666747088,24.295127868652344,235100
2007-01-05,24.109221177684162,24.109221177684162,23.896208274007854,23.993032455444336,165300
2007-01-08,23.799388590814228,23.9155773350145,23.776150251006158,23.911705017089844,149500
2007-01-09,24.035643326556499,24.066626306663661,23.803264327361664,23.950437545776367,148900
2007-01-10,23.741302542398696,23.896221912080691,23.663842857557697,23.814889907836914,167900
2007-01-11,23.795517403420849,24.244781680341926,23.702566988841426,23.892341613769531,108800
2007-01-12,23.915588387582098,24.062761652875793,23.88073160047098,24.051141738891602,37400
2007-01-16,24.128592279703216,24.128592279703216,24.051132618006704,24.113100051879883,131800
2007-01-17,24.248655340850618,24.291258229553627,24.225416998625285,24.283512115478516,222700
2007-01-18,24.380335930365558,24.380335930365558,24.206052060049171,24.256401062011719,201900
2007-01-19,24.376466455344886,24.523639691633701,24.337737356152246,24.492656707763672,193500
2007-01-22,24.767634553245102,24.786999100808554,24.732777776662779,24.744396209716797,89200
2007-01-23,24.856718115658417,24.972908381409784,24.821859853996525,24.930305480957031,368500
2007-01-24,24.941909021892855,24.953527450561523,24.89930614688145,24.953527450561523,299400
2007-01-25,24.92254942355223,24.92254942355223,24.806362152099609,24.806362152099609,280900
2007-01-26,24.655315799627189,24.655315799627189,24.275765088737437,24.651443481445312,128100
2007-01-29,24.903188241129858,24.922551310417823,24.74826891262402,24.802490234375,125900
2007-01-30,24.845095489715522,24.903190612792969,24.74827126953334,24.903190612792969,246600
2007-01-31,24.72503292481829,24.903190612792969,24.709540695008258,24.903190612792969,152600
2007-02-01,25.193660677464582,25.213023746601486,25.131691764609528,25.1859130859375,178600
2007-02-02,25.367945145291522,25.499624663600063,25.329216049014928,25.46476936340332,270900
2007-02-05,25.391179355966631,25.553846271057065,25.391179355966631,25.542224884033203,380700
2007-02-06,25.716509247978138,25.817207247785547,25.697143225185869,25.805585861206055,242100
2007-02-07,25.890792134182043,25.952761044442909,25.871429065855729,25.910158157348633,297400
2007-02-08,25.828828821343446,25.91016080825181,25.770733700740166,25.894668579101562,162600
2007-02-09,25.762983472899219,25.968253272008123,25.755238836536748,25.910158157348633,243600
2007-02-12,25.793975418351248,25.797849215077537,25.584834717748805,25.697151184082031,190000
2007-02-13,25.639050465723329,26.529834408831988,25.639050465723329,25.906286239624023,115100
2007-02-14,26.061212599736738,26.394288219254282,26.061212599736738,26.336193084716797,258700
2007-02-15,26.409783484862515,26.413654327392578,26.336196109008615,26.413654327392578,132800
2007-02-16,26.433014302343661,26.436888098827676,26.347808508741043,26.394285202026367,397400
2007-02-20,26.394289754970778,26.549209137804088,26.336194617053106,26.444637298583984,168800
2007-02-21,25.797842068067858,26.568561931975811,25.7087624970886,26.52983283996582,181700
2007-02-22,26.684752646161812,26.704115715097355,26.568562413187085,26.696371078491211,156800
2007-02-23,26.824183289378563,26.87840461730957,26.723485271146366,26.87840461730957,194700
2007-02-26,26.723475550692921,26.762204634436131,26.607285344623598,26.661506652832031,180900
2007-02-27,26.297448607521051,26.607284219201151,25.166542862951541,25.677774429321289,293600
2007-02-28,25.503502306998207,25.619692568196449,25.406678074280038,25.534486770629883,108300
2007-03-01,24.99613997566949,25.445402801725407,24.399702450086505,25.224643707275391,178700
2007-03-02,25.015499003979848,25.154926088981842,24.593346908441656,24.748266220092773,168500
2007-03-05,23.822629351601101,24.376463982920761,23.547648933930581,24.182815551757812,216600
2007-03-06,24.7095402212375,24.883824109707845,24.573986906549635,24.864458084106445,167600
2007-03-07,24.961289281249641,25.251762017438775,24.442312744248962,25.158811569213867,115800
2007-03-08,25.21302185583507,25.290482991094947,25.154926743100209,25.251750946044922,146000
2007-03-09,25.499628510333977,25.54223140911726,25.387315000641053,25.534486770629883,98700
2007-03-12,25.677783584140681,25.728131113343562,25.604196233517495,25.716512680053711,94100
2007-03-13,25.654543463021305,25.697146354480132,25.174296178660679,25.224643707275391,110500
2007-03-14,24.593357100361608,25.174302543677239,24.438437724509175,24.728910446166992,140900
2007-03-15,24.94192236699681,25.174299929221419,24.883827237730404,25.019380569458008,69700
2007-03-16,24.991016376032515,25.068747741062996,24.835550680710057,24.932716369628906,72500
2007-03-19,25.461286446216366,25.465170937029072,25.263067700142404,25.418533325195312,86000
2007-03-20,25.69059788175851,25.807197850653029,25.632297897311251,25.803310394287109,104200
2007-03-21,25.904358148607486,26.390186309814453,25.787758203813905,26.390186309814453,294400
2007-03-22,26.331887774997288,26.351322088610488,26.133669044130432,26.234722137451172,101400
2007-03-23,26.137561983882268,26.273593311935862,26.040396325949619,26.223068237304688,321000
2007-03-26,26.137558262921608,26.145330209735157,25.962661289645517,26.133670806884766,86300
2007-03-27,25.919902909169085,25.962656021118164,25.826621774774985,25.962656021118164,102500
2007-03-28,25.651722068189525,25.807187643472819,25.651722068189525,25.768321990966797,97800
2007-03-29,26.040388058291086,26.059822369811567,25.846056804124736,25.982088088989258,231000
2007-03-30,26.040376515708328,26.331873267749838,26.040376515708328,26.31243896484375,139700
2007-04-02,26.331892854420474,26.452377319335938,26.19586152866745,26.452377319335938,62800
2007-04-03,26.452378031860668,26.623390540419745,26.390193552095923,26.60395622253418,153000
2007-04-04,26.584520619459834,26.817717570499109,26.429054997013615,26.580633163452148,80700
2007-04-05,26.502901912759295,26.701117690832234,26.467920739107523,26.697233200073242,98800
2007-04-09,26.778854678487534,26.798286030017376,26.701120376586914,26.701120376586914,120400
2007-04-10,26.728322727535247,26.914882059521414,26.728322727535247,26.864356994628906,124300
2007-04-11,26.864360136388328,26.868244627423586,26.518450657588954,26.565088272094727,294700
2007-04-12,26.471811915844075,26.739990078914058,26.429058789405076,26.712783813476562,203600
2007-04-13,26.537874438460868,26.977064951510769,26.40961510463606,26.623380661010742,210000
2007-04-16,26.914884857329884,27.07423794551411,26.868244278170049,27.043144226074219,196000
2007-04-17,26.895444869995114,26.953744840336281,26.817713553046673,26.895444869995117,106000
2007-04-18,26.747759000824072,26.87601836563115,26.732212141581378,26.848812103271484,371300
2007-04-19,26.619505195806816,26.751652044340005,26.545661305556123,26.747764587402344,279100
2007-04-20,26.813821961863272,26.914875030517578,26.813821961863272,26.914875030517578,416900
2007-04-23,26.891567634043845,26.895452125257371,26.778855118381738,26.856586456298828,100400
2007-04-24,26.716672595154975,26.720560052344766,26.54566302719746,26.662260055541992,324500
2007-04-25,26.662260354709638,26.942097970294096,26.662260354709638,26.907119750976562,133200
2007-04-26,26.895451716816797,26.895451716816797,26.662254741346448,26.759420394897461,99000
2007-04-27,26.720557822657394,26.759423495529106,26.623392157847732,26.739992141723633,99500
2007-04-30,26.739984469228514,26.817715792668515,26.623384518808599,26.681684494018555,126100
2007-05-01,26.720555980711747,26.720555980711747,26.331893348265034,26.592296600341797,82000
2007-05-02,26.739989945317685,27.128652572631836,26.739989945317685,27.128652572631836,208200
2007-05-03,27.128632396430476,27.245229318752536,27.058673056933912,27.206363677978516,266400
2007-05-04,27.303556392747872,27.474568940390323,27.24525639102783,27.377403259277344,210000
2007-05-07,27.556173719976808,27.641679950242395,27.381273803908172,27.52119255065918,277100
2007-05-08,27.400716323283909,27.420150641532338,27.128653659369743,27.18695068359375,160900
2007-05-09,27.264679133579197,27.284110482392208,27.15196663552771,27.218038558959961,425900
2007-05-10,27.439582769554644,27.459017088351999,27.012054443359375,27.012054443359375,145000
2007-05-11,27.01594109843839,27.552294477356131,27.01594109843839,27.3929443359375,149800
2007-05-14,27.36185105386976,27.36185105386976,27.089785420699535,27.284116744995117,138000
2007-05-15,27.284110724756918,27.400710679710762,27.179173137506481,27.361845016479492,123200
2007-05-16,27.206378835410959,27.225813149254527,26.910994463496561,27.163625717163086,145500
2007-05-17,26.911001422419556,26.984848275809224,26.813835758595566,26.922660827636719,128100
2007-05-18,26.914889895397685,26.934324215000508,26.817724227905273,26.817724227905273,131900
2007-05-21,26.8138323014478,26.817719757772551,26.720554106476271,26.782741546630859,322500
2007-05-22,26.813840932425762,26.856594069978556,26.720562707429359,26.798294067382812,288700
2007-05-23,26.969295421875433,26.992614227128911,26.759417278813903,26.852695465087891,146900
2007-05-24,26.856575469520813,26.856575469520813,26.413500501078268,26.52232551574707,82700
2007-05-25,26.545652448122659,26.56508379580572,26.351321179733063,26.530105590820312,103500
2007-05-29,26.584521992261958,26.603953342783583,26.432943817996058,26.514562606811523,150400
2007-05-30,26.506784568388682,26.681684494018558,26.312453294528765,26.681684494018555,131700
2007-05-31,27.167513172983796,27.260791355860984,27.089778882869496,27.163625717163086,218100
2007-06-01,27.303544957160568,27.311316903679511,27.148079339441455,27.245244979858398,166700
2007-06-04,27.517313589885568,27.517313589885568,27.2607948475423,27.435691833496094,108700
2007-06-05,27.322972919726322,27.342404264136601,27.031476066238174,27.194713592529297,171100
2007-06-06,26.973191394982774,26.988738258480911,26.662260055541992,26.662260055541992,238900
2007-06-07,26.335777727105068,26.429055917718269,25.849949493323482,26.032621383666992,171300
2007-06-08,25.947111499613548,26.059823989868164,25.263064612150274,26.059823989868164,137000
2007-06-11,26.020953023540063,26.036499879272412,25.737231060888387,25.962656021118164,117600
2007-06-12,25.947110990842294,25.947110990842294,25.4068703184886,25.504035949707031,396200
2007-06-13,25.6167594044014,25.849956426106377,25.418540601584713,25.80720329284668,165500
2007-06-14,25.651732586328112,25.846063893800295,25.585660653450073,25.84217643737793,328000
2007-06-15,25.965621185031921,26.149802791730163,25.808870690622758,26.051834106445312,139400
2007-06-18,26.079269816678103,26.098861763329054,25.86373747514488,25.965625762939453,143800
2007-06-19,25.86765962798054,26.17724111756268,25.86765962798054,26.157646179199219,712300
2007-06-20,26.255602229725231,26.259521813461273,25.863727569580078,25.863727569580078,143400
2007-06-21,25.859806474589277,26.040068448949516,25.687383667242994,25.961694717407227,145900
2007-06-22,25.785358398700847,25.824545273700036,25.514963878602668,25.706981658935547,203500
2007-06-25,25.475774336265111,25.68738702682499,25.119166934645705,25.158353805541992,244700
2007-06-26,25.471863242833024,25.507130541465418,25.217144012451172,25.217144012451172,178100
2007-06-27,25.083902347092902,25.295515060424805,24.903638834874911,25.295515060424805,151700
2007-06-28,25.452259069424841,25.628604467894437,25.338618044115353,25.522796630859375,67400
2007-06-29,25.569822715505435,25.64819645512528,25.275916707281233,25.464017868041992,242200
2007-07-02,25.397392345839034,25.804942296258332,25.397392345839034,25.746160507202148,205800
2007-07-03,25.746172000741893,25.77752270086949,25.589424479638559,25.757930755615234,93500
2007-07-05,25.898992924009249,25.902912507453216,25.589414596557617,25.589414596557617,345200
2007-07-06,25.746163605245659,25.914669826274601,25.68738479888259,25.906833648681641,191500
2007-07-09,25.769684603741439,25.785359952639162,25.569827642504318,25.6834716796875,166900
2007-07-10,25.573743019332468,25.573743019332468,25.295512349153181,25.369966506958008,192900
2007-07-11,25.393480650391414,25.569823061807597,25.326859682069095,25.483610153198242,126400
2007-07-12,25.413068831573547,25.769676175387104,25.413068831573547,25.695219039916992,71600
2007-07-13,25.706980164884421,25.891161755419869,25.675629470800356,25.883325576782227,86400
2007-07-16,25.746172340230501,25.902922853168068,25.699149279186383,25.777523040771484,106100
2007-07-17,25.671711303587884,25.679547481745445,25.495365902493877,25.550228118896484,84800
2007-07-18,25.475768640198105,25.648191431543484,25.350368887507859,25.511035919189453,144100
2007-07-19,25.58941797898397,25.659955541468261,25.491449308298375,25.550228118896484,90000
2007-07-20,25.530625920083065,25.746155115129014,25.503194822903932,25.569812774658203,108600
2007-07-23,25.475772449648069,25.475772449648069,25.315102404175178,25.373884201049805,72400
2007-07-24,25.275916659116433,25.287672421060353,24.8526912905361,24.864448547363281,161900
2007-07-25,26.232091436547652,26.232091436547652,24.707697710476609,24.94282341003418,214400
2007-07-26,24.692023469085903,24.692023469085903,23.551668185140741,23.904356002807617,321000
2007-07-27,23.98273279731659,23.98273279731659,23.27735861104798,23.457620620727539,388000
2007-07-30,23.869091439529264,23.869091439529264,23.398841431158534,23.649641036987305,151700
2007-07-31,24.315824128661081,24.327581385839729,23.825980767910924,23.939624786376953,116400
2007-08-01,23.516392967810425,23.884756030984825,23.336131019170939,23.708412170410156,255400
2007-08-02,23.712327628640001,23.904346809943689,23.590847478625889,23.825971603393555,100200
2007-08-03,23.896513268170459,23.920026282662434,23.35964547710909,23.469369888305664,234000
2007-08-06,24.14338764863146,24.213925176657401,22.924657741484172,23.492876052856445,272600
2007-08-07,23.512481701668133,23.923949832470658,23.441944136972463,23.865169525146484,133000
2007-08-08,24.605808225445703,24.997682853040445,24.108127269014414,24.531351089477539,153500
2007-08-09,23.790716511116326,24.355017126755332,23.790716511116326,24.065029144287109,146900
2007-08-10,23.70842548012455,23.986656230292759,23.512488079462365,23.884769439697266,132700
2007-08-13,24.041501113599228,24.041501113599228,23.692733031292573,23.775026321411133,225900
2007-08-14,23.575187370221148,23.641806862040436,23.148043788173172,23.265605926513672,130700
2007-08-15,23.026550189828107,23.15586952173032,22.434820218239619,22.575895309448242,223000
2007-08-16,22.023352048463817,22.168345226823831,21.396351813470375,22.082132339477539,272700
2007-08-17,25.021192740672262,26.647472936985601,22.082133225563556,22.560220718383789,195500
2007-08-20,22.689545032356222,22.705218883764363,22.093895327231152,22.571981430053711,108900
2007-08-21,22.568065257056904,22.822784423828125,22.489690013828572,22.822784423828125,169700
2007-08-22,23.47328911520658,23.610444627120483,23.336132108409711,23.547744750976562,113400
2007-08-23,24.068936870110885,24.068936870110885,23.434100445760482,23.767194747924805,186100
2007-08-24,23.778950602535637,24.217849731445312,23.524231517207468,24.217849731445312,160600
2007-08-27,24.237446956953185,24.237446956953185,23.97489165409635,24.041509628295898,62700
2007-08-28,23.904350967654306,23.904350967654306,23.394914278795646,23.50855827331543,112200
2007-08-29,23.649639857490346,24.021921157836914,23.485053184955113,24.021921157836914,86300
2007-08-30,23.649638371562215,23.982732775105152,23.622207261196532,23.806388854980469,66900
2007-08-31,24.100307049077692,24.394213232603029,23.982744874644386,24.139493942260742,75200
2007-09-04,24.190427004518963,24.543114860944964,24.135564781271242,24.523521423339844,99800
2007-09-05,24.092455679361997,24.10029335252117,23.747605534774856,24.010162353515625,77400
2007-09-06,23.923956321876208,24.041518463296775,23.716263155537085,23.884769439697266,82500
2007-09-07,23.782862339289707,23.782862339289707,23.120594987137881,23.492876052856445,101700
2007-09-10,23.277364005580878,23.296957446846239,22.826707382058835,23.15196418762207,90000
2007-09-11,23.257764050309685,23.610451896509673,23.242090197610128,23.590858459472656,303000
2007-09-12,23.728001088579585,23.927857924188721,23.653545470442765,23.829889297485352,177300
2007-09-13,23.829892053202681,24.061098098754883,23.825972470547018,24.061098098754883,79800
2007-09-14,24.06111876358483,24.06111876358483,23.32047396825611,23.888692855834961,297500
2007-09-17,23.508567840790914,23.532079369996111,23.167635718479616,23.296955108642578,94600
2007-09-18,23.19506928828498,23.943550109863281,23.116695522791602,23.943550109863281,93900
2007-09-19,24.409883483134195,24.648927368259756,24.300157514376526,24.405963897705078,141700
2007-09-20,23.688824480784323,24.531354137880612,23.688824480784323,24.198261260986328,164800
2007-09-21,24.342621625343572,24.568052771885533,24.342621625343572,24.516639709472656,118200
2007-09-24,24.421693511083021,24.544296888030843,24.25954143637712,24.48101806640625,78400
2007-09-25,24.520577844233689,24.631315454944005,24.390064367022141,24.536397933959961,116700
2007-09-26,24.54035634282852,24.991218415295243,24.54035634282852,24.951669692993164,130800
2007-09-27,25.248303010932176,25.410455272165798,25.133609543338483,25.23248291015625,158200
2007-09-28,24.512683496779243,25.501418616221351,24.512683496779243,25.410453796386719,173000
2007-10-01,25.36694032176263,25.537002563476562,25.133599211644952,25.537002563476562,257400
2007-10-02,25.588412784719857,25.616097192300266,25.390666154181453,25.469766616821289,108000
2007-10-03,25.548873765118621,25.643791338960398,25.378811477573841,25.50932502746582,65800
2007-10-04,25.390670776367188,25.422310967182987,25.291798951786156,25.390670776367188,81500
2007-10-05,25.287849364083453,25.639839783983842,25.287849364083453,25.627975463867188,135800
2007-10-08,25.430222523574272,25.430222523574272,25.291798951786156,25.390670776367188,46800
2007-10-09,25.362986522872902,25.825716018676758,25.362986522872902,25.825716018676758,192700
2007-10-10,25.616097354907158,25.857348487085364,25.616097354907158,25.790115356445312,153000
2007-10-11,25.900860795148301,25.987869822145793,25.592376439339052,25.687294006347656,72500
2007-10-12,25.46976452653292,25.726835728609988,25.46976452653292,25.707059860229492,52100
2007-10-15,25.663563865947133,25.663563865947133,25.212701677342295,25.489545822143555,67500
2007-10-16,25.157332688600295,25.157332688600295,24.817208160076195,24.935855865478516,81900
2007-10-17,25.683342377300367,25.683342377300367,24.730201834376139,25.054506301879883,59300
2007-10-18,24.916072845458984,24.955621563961142,24.678777517072231,24.916072845458984,73600
2007-10-19,24.718330697656352,24.734150791387776,24.204189720882535,24.235828399658203,69700
2007-10-22,23.792878806042811,24.243740963384305,23.761240123982578,24.223966598510742,109600
2007-10-23,24.817207878001636,24.817207878001636,24.421714525364159,24.65900993347168,180200
2007-10-24,24.500821413180283,24.77371137153602,24.362397789823799,24.655063629150391,122500
2007-10-25,24.987272536646792,24.995182585500615,24.753931375865424,24.979362487792969,45700
2007-10-26,25.291800448230408,25.446041107177734,25.018909066703603,25.446041107177734,69600
2007-10-29,25.707073163467125,25.707073163467125,25.232480741788649,25.529102325439453,101000
2007-10-30,25.370899421262632,25.509321492553457,25.366943642832936,25.446041107177734,150600
2007-10-31,25.707066902189656,26.130244652038403,25.564689059495244,26.003686904907227,116100
2007-11-01,25.608197224731803,25.608197224731803,25.19688373347735,25.307622909545898,109500
2007-11-02,25.161287777187262,25.173153604194852,24.722289895093432,25.109874725341797,63000
2007-11-05,25.833627525877617,25.833627525877617,24.401941909109375,24.619462966918945,106200
2007-11-06,24.908171652605361,24.908171652605361,24.528498388772565,24.836982727050781,56800
2007-11-07,24.872568199186379,24.872568199186379,24.018302910008579,24.350517272949219,188000
2007-11-08,24.231878695025429,24.397985184432613,23.638638646535558,24.263517379760742,119200
2007-11-09,24.006450548753467,24.006450548753467,23.496263682242557,23.769153594970703,130600
2007-11-12,24.081586099999988,24.081586099999988,23.156131744384766,23.156131744384766,235100
2007-11-13,23.725653228846312,24.089506486336798,23.405302984474005,24.085552215576172,78400
2007-11-14,24.053899354655954,24.105313899610444,23.745415102303053,23.828468322753906,214900
2007-11-15,23.551636735405509,23.551636735405509,23.120548776309278,23.393440246582031,95800
2007-11-16,23.365740751456798,24.457301402382551,22.903012887861628,23.294551849365234,104700
2007-11-19,22.986073271255265,23.231280236555047,22.479842261813619,22.641994476318359,108800
2007-11-20,22.503575156596437,23.179868511309966,22.503575156596437,22.993986129760742,113300
2007-11-21,22.630134882403169,22.717142412383613,22.234641446548167,22.479846954345703,172500
2007-11-23,22.812049626008395,23.334100568888573,22.70131200439349,23.294551849365234,47700
2007-11-26,23.144264248280898,23.318280728215534,22.618257522583008,22.618257522583008,129200
2007-11-27,22.934667218518207,23.314340591430664,22.768559174939089,23.314340591430664,223900
2007-11-28,22.645950678713842,23.860116764952743,22.645950678713842,23.674234390258789,274700
2007-11-29,23.761240008221101,23.761240008221101,23.373655216888334,23.705869674682617,875100
2007-11-30,24.41775498377724,24.852796974276337,23.729596034941618,23.848243713378906,447400
2007-12-03,23.80870679980201,24.026227902947092,23.80870679980201,23.935264587402344,101900
2007-12-04,23.682140961478378,23.682140961478378,23.476484249368703,23.614906311035156,74000
2007-12-05,23.836377521890114,24.12904167175293,23.630720858066184,24.12904167175293,317900
2007-12-06,24.180465951750008,24.457311630249023,23.927350420100936,24.457311630249023,138000
2007-12-07,24.520591735839844,24.552231933217449,24.307024929603944,24.520591735839844,98600
2007-12-10,24.528499670332671,24.623417236906384,24.28724846653591,24.619462966918945,134300
2007-12-11,24.698559446347542,24.698559446347542,23.903616986099649,24.065769195556641,133000
2007-12-12,24.477082632267621,24.718333811659395,23.816609476990017,24.065769195556641,236800
2007-12-13,24.045987879520716,24.045987879520716,23.223362752573827,23.670269012451172,182300
2007-12-14,23.156130370587146,23.156130370587146,22.657809520367977,22.85951042175293,213100
2007-12-17,22.147625583791108,22.681540954211169,21.475286648259999,21.712583541870117,639000
2007-12-18,21.795645587351924,22.080401371331327,21.506935532456307,21.771915435791016,424000
2007-12-19,21.953829299541532,22.048748341875921,21.60579633125176,21.989423751831055,411600
2007-12-20,21.752128428463482,22.115981488915295,21.605796350558904,21.851001739501953,602400
2007-12-21,22.331214019482815,22.335201778927363,21.808729287284123,22.135780334472656,593100
2007-12-24,21.764851157703987,23.001263211134042,21.633233826779975,22.554559707641602,355600
2007-12-26,23.033177705540734,23.232599157536757,22.395029667739433,22.893583297729492,323800
2007-12-27,22.6582684135896,22.6582684135896,22.327228036592714,22.335205078125,272500
2007-12-28,22.299307715456624,22.730058801660746,22.299307715456624,22.686185836791992,503400
2007-12-31,22.43092560189697,22.865664428338302,22.335202635443352,22.714103698730469,430900
2008-01-02,22.905550307019318,22.905550307019318,22.387054786118313,22.614395141601562,96300
2008-01-03,22.474796550345911,22.594450636154559,22.335202145522356,22.530635833740234,197800
2008-01-04,22.414965102749843,22.414965102749843,21.772827967402431,22.036064147949219,280100
2008-01-07,21.976242842382302,21.976242842382302,21.421851463369389,21.67711067199707,235700
2008-01-08,21.836653573248,21.836653573248,21.178562035057162,21.198505401611328,209600
2008-01-09,21.354045482207052,21.804736784628346,20.975144489434431,21.318149566650391,235200
2008-01-10,21.28624800260873,21.421854667659396,20.979138745833239,21.358039855957031,157800
2008-01-11,21.29821092365875,21.29821092365875,20.660061387107227,20.819599151611328,236000
2008-01-14,20.819597886840128,21.30618514823464,20.819597886840128,21.138671875,195800
2008-01-15,20.767753416384746,20.815614146982369,20.404806372966942,20.484575271606445,206300
2008-01-16,20.285144227886352,20.612195188891384,20.209363125225654,20.540403366088867,415300
2008-01-17,20.775728547114944,20.795670389573957,20.109660054435587,20.317058563232422,735800
2008-01-18,20.344982736621848,20.847525817453402,20.205388281649444,20.460647583007812,695900
2008-01-22,19.902264111750675,20.2053840888472,17.947933018885934,20.085731506347656,533900
2008-01-23,19.623067554264207,20.420753214832146,19.228212482838632,20.340984344482422,397500
2008-01-24,20.380868950370381,21.038960259000849,20.380868950370381,20.919307708740234,241000
2008-01-25,21.242367975399056,21.637223037603441,20.959189937662114,21.517570495605469,224600
2008-01-28,21.477691650390625,21.477691650390625,20.811624672755308,21.477691650390625,170700
2008-01-29,21.481674580859618,21.517570495605469,21.182542465132382,21.517570495605469,179400
2008-01-30,21.326139007366972,21.40590640257718,20.927295945453789,21.178565979003906,197300
2008-01-31,20.879427974135236,21.613299068273825,20.847521329067536,21.537519454956055,651200
2008-02-01,21.728959905997201,21.996185426588873,21.457746626052597,21.976242065429688,231000
2008-02-04,21.936367179453537,22.075961634736604,21.772841594065319,21.892494201660156,145900
2008-02-05,21.254341054674502,21.322143625501276,20.819602180688108,20.939254760742188,177000
2008-02-06,20.935267000708595,21.234399211576342,20.620180706776278,20.939254760742188,151300
2008-02-07,20.444683232129751,20.759769439697266,20.348961802909674,20.759769439697266,131200
2008-02-08,20.715901556098174,20.799659729003906,20.432723436580631,20.799659729003906,106400
2008-02-11,20.819601571518582,20.819601571518582,20.372897909036602,20.799659729003906,144100
2008-02-12,20.843534271667462,21.338100255443972,20.843534271667462,21.078851699829102,94800
2008-02-13,21.262311042260176,21.51757020074858,20.891387102124035,21.258321762084961,305600
2008-02-14,21.413870727408902,21.413870727408902,20.943236072172255,21.238380432128906,214200
2008-02-15,21.138678344879342,21.202493162043009,20.987117583566164,21.198505401611328,536000
2008-02-19,21.537515130868112,21.720982487201731,21.322139614407877,21.557456970214844,250900
2008-02-20,21.310175067242451,21.346070987077223,20.719887791098834,21.278266906738281,156400
2008-02-21,21.457747285137337,21.457747285137337,20.991101831804176,21.134685516357422,85000
2008-02-22,21.314160021154777,21.314160021154777,20.660058031562048,21.238380432128906,218700
2008-02-25,21.226422438586638,21.537519454956055,21.019023920518656,21.537519454956055,95800
2008-02-26,21.633234061193111,21.880516170265714,21.218437185580363,21.836643218994141,199700
2008-02-27,21.84063756597714,22.111850872502352,21.808730923632108,22.056013107299805,104500
2008-02-28,21.772826305559612,22.02409767009614,21.772826305559612,21.936351776123047,114600
2008-02-29,21.577393890744162,21.577393890744162,21.070864896654172,21.202482223510742,233800
2008-03-03,21.138669725874781,21.597339583229616,20.947225352442615,21.238380432128906,116100
2008-03-04,21.102773641114268,21.102773641114268,20.58028899681576,20.899364471435547,102100
2008-03-05,21.158614858540641,21.338094462047096,21.019020456627214,21.234395980834961,88000
2008-03-06,21.13866865243542,21.262310469639171,20.807628394179201,20.895374298095703,108500
2008-03-07,20.2572302431571,20.77971344229196,20.225322082449555,20.660060882568359,214300
2008-03-10,20.644111076450034,20.644111076450034,20.041858872318564,20.301107406616211,98300
2008-03-11,20.608219645686603,21.218450546264648,20.464637425839612,21.218450546264648,113600
2008-03-12,21.038968355650997,21.038968355650997,20.703940173109981,20.787696838378906,156300
2008-03-13,20.61220041562494,20.799657058417395,20.269195291138693,20.739830017089844,113400
2008-03-14,20.775730553607549,21.138677598688691,19.982032366778135,20.620182037353516,106800
2008-03-17,20.301106587905945,20.301106587905945,19.343882907603447,19.902263641357422,218400
2008-03-18,20.153525378926911,20.624159985536981,20.085722835982576,20.540403366088867,133300
2008-03-19,20.009944548053518,20.576302171889392,19.842431285593769,20.141563415527344,109400
2008-03-20,20.111081564635576,20.223388671875,19.561576965553225,20.223388671875,102300
2008-03-24,20.41591323901017,21.149922661593752,19.232672417287116,21.017560958862305,173000
2008-03-25,21.013561282287764,21.218122482299805,20.680650146878396,21.218122482299805,297600
2008-03-26,21.254218375829016,21.254218375829016,20.857130034631226,21.137899398803711,120500
2008-03-27,21.450755859700799,21.450755859700799,20.857130034631226,21.137899398803711,151900
2008-03-28,21.218111988397606,21.218111988397606,20.716738846233856,20.81300163269043,65500
2008-03-31,21.045646512412393,21.37855759401857,21.025590355992453,21.198062896728516,118700
2008-04-01,21.310374824903462,22.160703659057617,21.310374824903462,22.160703659057617,293300
2008-04-02,22.020314034764077,22.240917961582639,21.924049696297381,22.100532531738281,222400
2008-04-03,22.20080679465768,22.20080679465768,21.803720039344626,22.060422897338867,153900
2008-04-04,21.956140972185242,22.136634142256611,21.859876622086563,22.080480575561523,91300
2008-04-07,22.224872523445416,22.301080703735352,22.04036754164683,22.301080703735352,106100
2008-04-08,21.968165131652576,22.060417603476974,21.89195696712008,21.964153289794922,186200
2008-04-09,22.020308690721293,22.020308690721293,21.482836629054958,21.547012329101562,278100
2008-04-10,21.454765775993287,21.478830713857711,21.16597428106175,21.358501434326172,100600
2008-04-11,21.302346789546462,21.398609596249809,21.137896425530997,21.14190673828125,222200
2008-04-14,21.190036796443579,21.190036796443579,20.91327782206778,20.933332443237305,231700
2008-04-15,21.482847571085266,21.482847571085266,21.101803488572969,21.218122482299805,145200
2008-04-16,21.302355324812105,21.899991618588444,21.302355324812105,21.859882354736328,216700
2008-04-17,22.152672414571612,22.441463856044113,21.538992131512067,21.767618179321289,127400
2008-04-18,22.07245335596124,22.07245335596124,21.703443413710346,21.916025161743164,160000
2008-04-21,21.968166659609743,21.984210968017578,21.755584928449046,21.984210968017578,115100
2008-04-22,21.859874117086669,21.996247704891466,21.719490216436036,21.887950897216797,172600
2008-04-23,21.835806591517766,22.048389883718308,21.739543787185553,21.952125549316406,107200
2008-04-24,21.928060368156761,21.928060368156761,21.498884976024723,21.759599685668945,178600
2008-04-25,21.980211676363012,21.980211676363012,21.683399451688551,21.859882354736328,70000
2008-04-28,22.19278424155976,22.23289348586145,21.98822311744021,22.000255584716797,153800
2008-04-29,22.216853794876798,22.216853794876798,21.932074122949718,22.040370941162109,103100
2008-04-30,21.960149618647272,22.39734717910715,21.960149618647272,22.23289680480957,97300
2008-05-01,22.184766611646772,22.40135871715097,22.024326541576347,22.397348403930664,74600
2008-05-02,22.561795434040572,22.742290103526834,22.449488319724534,22.64201545715332,123400
2008-05-05,22.445471351762698,22.922779538755201,22.445471351762698,22.690141677856445,114500
2008-05-06,22.678115470006649,22.782400433966007,22.469544012018179,22.738279342651367,117900
2008-05-07,22.513665992787175,22.58185202382565,22.108555529320409,22.224874496459961,121400
2008-05-08,22.437456661307223,22.597896724262096,22.301083066816531,22.38531494140625,169600
2008-05-09,22.297075279273237,22.297075279273237,22.060427001149019,22.236909866333008,86600
2008-05-12,22.297077178955078,22.337186437619145,22.156693243560696,22.297077178955078,93400
2008-05-13,22.160688528301257,22.2609631370266,21.988216078888133,22.108545303344727,91900
2008-05-14,22.333167782991765,22.373277026676195,22.220860676619697,22.240915298461914,90900
2008-05-15,22.453498997675421,22.525696866644608,22.313115102496276,22.521686553955078,123000
2008-05-16,22.678110244333361,22.678110244333361,22.461516680554219,22.565801620483398,178300
2008-05-19,22.541739070776817,22.541739070776817,22.268991931288713,22.293058395385742,142000
2008-05-20,22.373280014465639,22.373280014465639,22.0323468074101,22.1165771484375,81400
2008-05-21,22.060421645983052,22.236904468325843,21.795696647434038,21.835805892944336,96700
2008-05-22,21.984215099097785,22.100532531738281,21.827785357830685,22.100532531738281,215100
2008-05-23,21.920034856555876,22.088495501494947,21.755584523609404,21.883935928344727,72700
2008-05-27,22.060425190442505,22.060425190442505,21.526963265040077,21.719491958618164,100500
2008-05-28,21.627231588804644,21.883935928344727,21.627231588804644,21.883935928344727,181100
2008-05-29,21.77964889221111,21.859868900612561,21.631242871213541,21.775638580322266,106600
2008-05-30,22.301088049247436,22.301088049247436,21.68740750196789,21.819770812988281,87700
2008-06-02,21.899980802461098,21.899980802461098,21.418663753670856,21.635255813598633,140100
2008-06-03,21.623229711143633,21.635262181884244,21.314383544884389,21.326416015625,107500
2008-06-04,21.338448025644677,21.619217380601164,21.338448025644677,21.522953033447266,113600
2008-06-05,22.040370564465171,22.040370564465171,21.410645822343582,21.719491958618164,72800
2008-06-06,21.555044224538765,21.655318896809458,21.117846592235743,21.214109420776367,110200
2008-06-09,21.165973184825106,21.358500328118087,20.776907055422992,20.921302795410156,155500
2008-06-10,20.941349430284681,20.941349430284681,20.335691452026367,20.335691452026367,170700
2008-06-11,20.788929953065235,20.788929953065235,20.119094856925532,20.255468368530273,122000
2008-06-12,20.255480958729489,20.255480958729489,19.962679140360198,19.994766235351562,188800
2008-06-13,20.199323192915394,20.203333505178858,19.934598211509975,20.175256729125977,82500
2008-06-16,20.275536342417954,20.480097509656716,20.167239523892125,20.315647125244141,224600
2008-06-17,20.68064451364188,20.68064451364188,20.299600534922813,20.43597412109375,132100
2008-06-18,20.415919479474589,20.435974103585831,20.175259399930425,20.215370178222656,143700
2008-06-19,20.175257487811145,20.299598593627962,20.054928224478193,20.155202865600586,193100
2008-06-20,20.21120812167446,20.422249038064802,19.850004041997259,19.939291000366211,98100
2008-06-23,19.805361960525573,19.805361960525573,19.513152750289436,19.525327682495117,106400
2008-06-24,19.720136350729263,19.736370627450317,19.403575695597887,19.480686187744141,140400
2008-06-25,19.472564252148441,19.947406666049794,19.472564252148441,19.825651168823242,146000
2008-06-26,19.927115436932993,19.927115436932993,19.269642794843392,19.375164031982422,155100
2008-06-27,19.472566823869201,19.472566823869201,19.17629827440668,19.241233825683594,190100
2008-06-30,19.724201354678851,19.724201354678851,19.001792806608027,19.046436309814453,168600
2008-07-01,18.498539409430371,19.074842415887403,18.482305129426642,18.855684280395508,355100
2008-07-02,19.005848610288151,19.038315621361473,18.53912313414348,18.705520629882812,202800
2008-07-03,18.977435455402869,18.977435455402869,18.587822082503411,18.65275764465332,202000
2008-07-07,18.871920482948138,19.018025921493674,18.267206650787177,18.648704528808594,268000
2008-07-08,18.705514525662508,18.790742143626805,18.319959025299667,18.608110427856445,246600
2008-07-09,19.058604057657558,19.062663400882936,18.397073545016767,18.474184036254883,222800
2008-07-10,18.360547854022844,18.644639962533709,18.340254233541316,18.547237396240234,224600
2008-07-11,18.287490745537667,18.364601220941804,17.942519406951217,18.165735244750977,276800
2008-07-14,18.56346989640668,18.56346989640668,17.914112807802898,18.096744537353516,418000
2008-07-15,17.808598052735977,17.930352056812811,17.374341124344038,17.69495964050293,397300
2008-07-16,17.824826616831452,18.052101839970184,17.475798966270037,17.970932006835938,258800
2008-07-17,17.974986002590438,18.551288704845465,17.974986002590438,18.364599227905273,160800
2008-07-18,18.640571777173097,18.640571777173097,18.267191352673109,18.506641387939453,177200
2008-07-21,18.668987226236823,19.042366227632503,18.668987226236823,18.811033248901367,117000
2008-07-22,18.97743785919338,18.993672138833663,18.725812717513442,18.912502288818359,158600
2008-07-23,19.188482614782469,19.505044937133789,19.050494307138671,19.505044937133789,137400
2008-07-24,19.894652320725534,19.894652320725534,19.135717636054729,19.362991333007812,109800
2008-07-25,19.31428786779232,19.31428786779232,18.871913909912109,18.871913909912109,131800
2008-07-28,18.944968480282789,19.095131677722144,18.644640537218155,18.664934158325195,85900
2008-07-29,18.604058704476241,18.867860329807773,18.470128219810231,18.705520629882812,84600
2008-07-30,19.265585593686023,19.265585593686023,18.908439280976111,19.074836730957031,129400
2008-07-31,19.030195649846501,19.074839138092205,18.835388967835527,18.973377227783203,114600
2008-08-01,18.916560590300531,18.989613296469642,18.754220899216712,18.908443450927734,165700
2008-08-04,18.819157447995,18.835391727587691,18.486362457275391,18.486362457275391,113500
2008-08-05,18.478241231855787,19.042369163388596,18.474183436947868,18.871913909912109,107500
2008-08-06,18.91250240225795,19.176304029343473,18.774514120860097,18.977437973022461,102600
2008-08-07,18.705507301235919,18.737974289174822,18.466057265969571,18.506641387939453,94500
2008-08-08,18.506650304355855,18.664932171941889,18.259084563967544,18.543176651000977,114200
2008-08-11,19.082956743606658,19.082956743606658,18.567530040843554,18.664934158325195,115100
2008-08-12,18.555349565219139,18.932787891937359,18.555349565219139,18.575641632080078,130100
2008-08-13,18.567526893614808,18.567526893614808,18.060217415647191,18.222557067871094,103900
2008-08-14,18.518835423654178,18.518835423654178,17.784250353219313,17.958765029907227,136800
2008-08-15,17.893815131279645,18.015569063439052,17.755826928649586,17.897872924804688,118800
2008-08-18,18.117037007512778,18.478241131602967,17.759890678308491,17.776124954223633,109900
2008-08-19,17.609729490342648,17.609729490342648,17.289109471553747,17.370279312133789,134800
2008-08-20,17.333753146726274,17.674665242260932,17.333753146726274,17.654373168945312,53200
2008-08-21,17.634078260048206,17.662487467759028,17.427095120228547,17.451446533203125,123600
2008-08-22,17.573199608635687,17.828884013224936,17.573199608635687,17.609725952148438,139600
2008-08-25,18.210380984906951,18.210380984906951,17.577259733430164,17.650312423706055,90600
2008-08-26,17.577257660899079,17.735537955105475,17.573198318481445,17.573198318481445,206700
2008-08-27,18.048039124973862,18.060214054759999,17.524495469574759,17.715244293212891,82700
2008-08-28,17.646248672054,17.92628288269043,17.573196000029661,17.92628288269043,101100
2008-08-29,17.946581636156015,18.222558132143412,17.942522293111217,17.974990844726562,76200
2008-09-02,17.837000321241412,18.145443781309829,17.796414636899808,17.877584457397461,142200
2008-09-03,17.735547688169085,17.88571092813358,17.601617182226921,17.747722625732422,143700
2008-09-04,17.597555992922594,17.73148492485662,16.960375246851644,17.000959396362305,123600
2008-09-05,17.045605115210204,17.159241987225332,16.741219309581449,17.086189270019531,162800
2008-09-08,18.060215238108189,18.060215238108189,17.341864918136011,17.532613754272461,281300
2008-09-09,17.398684836596072,17.642194306726307,17.183586120605469,17.183586120605469,97600
2008-09-10,17.930345357923954,17.930345357923954,17.455502906786403,17.601608276367188,106500
2008-09-11,17.232290874627441,17.475800393923244,17.106479093767902,17.459566116333008,131900
2008-09-12,17.374337327686867,18.035867839614291,17.374337327686867,17.751775741577148,137400
2008-09-15,17.049645300251168,17.690884811546788,16.875132376282451,16.903541564941406,108700
2008-09-16,16.237958507971502,16.769619313701575,16.233900713994586,16.603221893310547,255500
2008-09-17,16.237957783384193,16.668156690455007,15.828052489848639,15.970098495483398,293900
2008-09-18,15.552081229744955,16.826442554329148,15.548023434601848,16.29072380065918,311900
2008-09-19,16.529259966248315,17.531034341651434,16.529259966248315,17.3544921875,115900
2008-09-22,17.149210521221804,17.756843354426746,17.034253423802028,17.042463302612305,102100
2008-09-23,16.931607056793698,16.993190524344136,16.557995048766813,16.771486282348633,194600
2008-09-24,17.235429050080004,17.235429050080004,16.50462764454559,16.668851852416992,148900
2008-09-25,16.508732805232832,17.07941495011266,16.508732805232832,16.980880737304688,300900
2008-09-26,16.167965882505122,17.177950143296592,16.163859376843867,17.079414367675781,344700
2008-09-29,16.726330006502639,16.726330006502639,15.047128006985055,15.416633605957031,282500
2008-09-30,15.194931972379916,16.122804987101865,15.194931972379916,15.667079925537109,168400
2008-10-01,16.057115407849395,16.057115407849395,15.461798884488719,15.814883232116699,121300
2008-10-02,15.326315397406599,15.806673288434794,15.014286684006404,15.02249813079834,168600
2008-10-03,14.784364642648157,15.847722278448884,14.702253341674805,14.702253341674805,265800
2008-10-06,13.376135609086697,14.570873190233907,12.891670638961864,13.491092681884766,230800
2008-10-07,13.835964454148963,14.283477897021287,13.285810327738698,13.466457366943359,341900
2008-10-08,12.772608228928021,13.42950804493225,12.686389638648498,12.895776748657227,395000
2008-10-09,12.834192330163747,13.50751580787542,11.799573958115305,11.865263938903809,435700
2008-10-10,10.715690694478717,11.618928507511685,10.674634252275739,11.495759963989258,566000
2008-10-13,12.353838180615581,12.891675380245943,11.762627363482441,12.727450370788574,228800
2008-10-14,13.491099587141653,13.606056718779143,12.916310796607284,13.285818099975586,645300
2008-10-15,13.138010287883221,13.138010287883221,12.054124689720515,12.078758239746094,415500
2008-10-16,11.688724547168807,12.784927433906509,11.688724547168807,12.649441719055176,284400
2008-10-17,12.879356014011176,12.879356014011176,12.029490318419146,12.234771728515625,492200
2008-10-20,12.8341968148373,13.014844716672936,12.468796071132902,12.994316101074219,207800
2008-10-21,13.392559452439947,13.392559452439947,12.353835964524244,12.444159507751465,396700
2008-10-22,12.431842785997825,12.431842785997825,11.208364956301976,11.803681373596191,438900
2008-10-23,11.803682413754107,11.803682413754107,10.97845095798735,11.467020988464355,282500
2008-10-24,10.682846336654027,10.785487056760804,10.428297006231141,10.608944892883301,566800
2008-10-27,10.362604201393843,10.584308472659464,10.177851425092163,10.42829418182373,1294600
2008-10-28,10.21480243762015,10.826541717791082,10.017732475422406,10.806013107299805,256700
2008-10-29,10.838863258062821,11.237109877126237,10.617159640876766,10.953821182250977,295700
2008-10-30,11.352063103914906,11.49165454119405,11.126253840538567,11.467020988464355,194200
2008-10-31,11.327430937320873,11.902218864231767,11.327430937320873,11.701043128967285,186300
2008-11-03,12.177294283697535,12.177294283697535,11.701041431922352,11.988435745239258,274400
2008-11-04,12.004858752764463,12.567330253958213,12.004858752764463,12.41131591796875,368200
2008-11-05,12.62070580191863,12.62070580191863,11.935065599933656,11.951488494873047,338700
2008-11-06,11.70514515857796,12.029489353303598,11.253525935981438,11.47523021697998,175700
2008-11-07,12.279934704109465,12.279934704109465,11.417752567880386,11.815999031066895,190300
2008-11-10,11.89811130372982,11.89811130372982,11.142675590818101,11.183732032775879,180800
2008-11-11,10.933286892587095,11.167308343664402,10.695160502673442,10.818329811096191,200800
2008-11-12,10.354395182489856,10.822437381500077,10.354395182489856,10.506303787231445,127400
2008-11-13,10.395451776076525,10.970239639282227,10.194276063108857,10.970239639282227,259900
2008-11-14,10.444719735527379,10.76906399883527,10.321550403455372,10.36671257019043,156100
2008-11-17,10.444717612092184,10.444717612092184,10.099844805342464,10.14500617980957,290300
2008-11-18,10.013626098632812,10.153217508501326,9.8247675929791551,10.013626098632812,274200
2008-11-19,9.6892839506404513,9.8904596642578344,9.1268124705818803,9.139129638671875,332700
2008-11-20,9.1473408677801853,9.1719744202911908,8.4165386898705243,8.831207275390625,349200
2008-11-21,9.048804407851387,9.2705079106856552,8.7860436856765656,9.2007122039794922,295400
2008-11-24,8.921531915956896,9.6277006278412092,8.921531915956896,9.6071720123291016,360800
2008-11-25,10.218912600583153,10.218912600583153,9.611279561535909,9.808349609375,322000
2008-11-26,9.6728643035445607,10.247652361355573,9.6687585794710866,10.198385238647461,272000
2008-11-28,10.522725143659112,10.764957279581415,10.337972337284002,10.567887306213379,79100
2008-12-01,10.120373748858462,10.30512733825792,9.6482266441655273,9.7385501861572266,183200
2008-12-02,9.7755012059941002,10.161430502945962,9.7755012059941002,10.136796951293945,224100
2008-12-03,9.6933908962598192,10.095742374255437,9.6933908962598192,10.071108818054199,252300
2008-12-04,9.7098096415185822,9.8658239372685781,9.5004225286455011,9.7262325286865234,279800
2008-12-05,9.6605433522525264,9.8535075940583887,9.3977826172455323,9.7508668899536133,260800
2008-12-08,10.1450057778075,10.288702905440193,9.8288730367191892,10.223012924194336,259100
2008-12-09,10.124483928618195,10.370821895242008,10.091638918607474,10.214807510375977,282300
2008-12-10,10.415980369488956,10.777275350982881,10.415980369488956,10.703373908996582,478200
2008-12-11,10.920970855186086,10.949710126467442,10.506302324916676,10.654105186462402,199500
2008-12-12,10.354395927270183,10.797803822430298,10.161431648582015,10.691058158874512,185500
2008-12-15,10.68695049101558,10.953816167510775,10.625365441520476,10.84706974029541,408700
2008-12-16,11.134467124938965,11.175522791907627,10.522727663596774,11.134467124938965,229300
2008-12-17,11.076987408046865,11.20015675405882,10.941501675594349,11.031826019287109,934700
2008-12-18,11.146780918696264,11.331534509422237,10.945605221620466,11.081090927124023,267700
2008-12-19,11.25811005544651,11.270518249440416,10.939640965006314,11.063719749450684,192600
2008-12-22,11.5807169860529,11.638620318543568,10.604627730503131,10.695619583129883,913800
2008-12-23,10.877597024488995,11.204338920206412,10.836237969884147,10.939637184143066,404200
2008-12-24,10.865193308742784,11.04304014380717,10.865193308742784,10.918960571289062,116000
2008-12-26,10.81142900515786,11.088539120974115,10.807292939086102,10.877604484558105,157000
2008-12-29,11.103065575185445,11.169377211509678,10.908274451798084,10.999453544616699,171500
2008-12-30,11.082342908816475,11.165232851071222,10.908274662479165,11.123787879943848,223300
2008-12-31,11.024315563975458,11.281272848802676,10.928992725749128,11.223250389099121,276400
2009-01-02,11.243971922790795,11.654276066562906,11.243971922790795,11.612831115722656,181900
2009-01-05,11.60039582122036,11.654274487159983,11.455338908186139,11.529939651489258,267100
2009-01-06,11.708158048126984,11.923671235546292,11.621124332340512,11.844925880432129,336100
2009-01-07,11.766176759682697,11.915378270991452,11.674998497492188,11.69157600402832,172000
2009-01-08,11.679143071750399,11.73302095611372,11.517508628163723,11.69157600402832,118600
2009-01-09,11.720586494800786,11.720586494800786,11.418038937394579,11.442906379699707,117800
2009-01-12,11.442908405419315,11.442908405419315,11.032605020708633,11.082338333129883,332400
2009-01-13,10.746638765717412,10.854395360623398,10.605726356263197,10.667893409729004,190400
2009-01-14,10.439943144341044,10.568421775964685,10.054506458973453,10.166407585144043,134700
2009-01-15,10.02135556202729,10.261735437463557,9.8680094114313892,10.182990074157715,151000
2009-01-16,10.166407817068428,10.365342630023299,10.004772589858003,10.232719421386719,134900
2009-01-20,9.7602505182137254,9.9177412079015941,9.374814525075946,9.4038257598876953,271900
2009-01-21,9.6607807130413175,9.9840503725157284,9.5530241598831811,9.9674720764160156,438400
2009-01-22,10.000627086756769,10.091806127096749,9.7395252678209268,10.079372406005859,613900
2009-01-23,9.785115917304724,9.9716170122127874,9.6649256377112795,9.9343166351318359,195300
2009-01-26,9.760249719514686,10.10424151505584,9.760249719514686,10.00477409362793,282200
2009-01-27,9.9011635259769886,10.149832510671667,9.9011635259769886,10.033786773681641,78700
2009-01-28,10.220284271823227,10.340474531925336,10.087661081708186,10.211995124816895,375700
2009-01-29,10.13325173396125,10.13325173396125,9.8638599595784164,9.9053049087524414,113900
2009-01-30,9.9923421150999481,9.9923421150999481,9.7851181030273438,9.7851181030273438,121500
2009-02-02,9.7395210266113281,9.8472775243184945,9.6110424599396644,9.7395210266113281,86100
2009-02-03,9.8182736680060838,9.8970182214683042,9.6732167050804811,9.8804407119750977,127100
2009-02-04,9.7685406612132493,9.9426088782735587,9.6359174083095738,9.7312402725219727,778500
2009-02-05,9.7353782653808594,9.8680014286109667,9.5737438840062161,9.7353782653808594,225900
2009-02-06,9.8928731247776103,10.211997452289083,9.7436716066445719,10.124963760375977,695800
2009-02-09,10.174701121647445,10.344624789141569,10.104244908991561,10.249301910400391,159400
2009-02-10,10.104239925634523,10.170552319985493,9.6856482227405198,9.7602481842041016,320200
2009-02-11,9.9094490086507321,9.9467493820732358,9.710514210728455,9.7726812362670898,190800
2009-02-12,9.6276285333931764,9.7436742782592773,9.4701386136792234,9.7436742782592773,273900
2009-02-13,9.8058364572116457,9.8058364572116457,9.5861788034089059,9.6359128952026367,69000
2009-02-17,9.3292247470417191,9.3292247470417191,8.9230658892648052,8.9686546325683594,263400
2009-02-18,8.8567550677204903,8.9189221163588375,8.7034089432821169,8.798731803894043,178200
2009-02-19,8.8650403876705131,8.8650403876705131,8.5666381822421425,8.5749273300170898,104000
2009-02-20,8.5169040860890934,8.6826838796014965,8.351125083073331,8.5749273300170898,241200
2009-02-23,8.5997950676386559,8.6039396420489336,8.1853471125717334,8.2640924453735352,217100
2009-02-24,8.1977838123287121,8.4920415878295898,8.1977838123287121,8.4920415878295898,460900
2009-02-25,8.4837491621033649,8.4837491621033649,8.1812023515256556,8.255803108215332,307800
2009-02-26,8.4298720086776449,8.5749289603317358,8.3511266708374023,8.3511266708374023,163600
2009-02-27,8.4878948001034153,8.5873622246557808,8.3718498667074002,8.4713172912597656,251000
2009-03-02,8.1853507903046925,8.2060728811699164,7.9076705040263704,7.9366817474365234,287800
2009-03-03,8.2226486257416109,8.2226486257416109,7.8952343166470502,7.9822688102722168,254800
2009-03-04,8.1066054374863743,8.1936399583788813,7.9698375822242316,8.1024608612060547,160200
2009-03-05,8.0029906259852677,8.0485801587581136,7.7045883517824789,7.7584662437438965,115100
2009-03-06,7.741888167923249,7.8869451148076832,7.5180858857878192,7.6134095191955566,167700
2009-03-09,7.3067177622890034,7.4890751003863265,7.2445507214935194,7.273561954498291,169500
2009-03-10,7.4849294501213803,7.8703661543670886,7.4849294501213803,7.7957653999328613,113600
2009-03-11,7.8454970963303508,8.0817322193392975,7.8040521576190631,7.920097827911377,169500
2009-03-12,7.9947026211832517,8.268238248951878,7.8786568919341633,8.2267932891845703,94200
2009-03-13,8.3511259594687637,8.4878937501217226,8.3179701553861296,8.4671716690063477,149300
2009-03-16,8.6951184097851701,8.8443199351855899,8.6080847136327829,8.666107177734375,162700
2009-03-17,8.778013307062448,8.94793701171875,8.6785458304707532,8.94793701171875,78700
2009-03-18,9.0349689498686736,9.3085046533997584,8.840178612656258,9.2256155014038086,72200
2009-03-19,9.2794876049826005,9.3872441466070313,9.1634427066921234,9.1675872802734375,85800
2009-03-20,9.2389822740093095,9.2389822740093095,8.9601645200515421,9.0446548461914062,77800
2009-03-23,9.614963594369641,9.614963594369641,8.8587775898175103,9.416412353515625,208600
2009-03-24,9.1502658872795166,9.8473081462740666,9.0024082430662862,9.5008993148803711,70200
2009-03-25,9.5093506177228484,9.6022893376284078,9.3150231778627468,9.4797792434692383,94500
2009-03-26,9.5642716310327351,10.075436757869673,9.4797820801345622,9.6318635940551758,86300
2009-03-27,9.7079044212177976,9.7079044212177976,9.5431491177165224,9.5980672836303711,109900
2009-03-30,9.2896747774832509,9.2896747774832509,9.0066332643207776,9.0911235809326172,57500
2009-03-31,9.2854474754460483,9.3403664069690606,9.0826717415744866,9.3192434310913086,125300
2009-04-01,9.2178625544513828,9.5051287981618344,9.1249238073873116,9.4290876388549805,99800
2009-04-02,9.6994519672650643,10.159922548532977,9.3403700987661367,10.033187866210938,109800
2009-04-03,10.054312055365552,10.138802397649815,9.9275773476987759,10.083884239196777,194100
2009-04-06,9.9402521249639246,10.476763192582764,9.8388641876400573,9.9360275268554688,183400
2009-04-07,9.9233555307696975,9.9487023182539023,9.7459264068605655,9.7839469909667969,86900
2009-04-08,9.817739018667055,10.333127787145134,9.7797184498869196,10.028964042663574,92100
2009-04-09,10.717562002024064,10.717562002024064,10.324683184408544,10.451417922973633,125300
2009-04-13,10.692215650199584,10.692215650199584,10.413398548400552,10.506338119506836,67000
2009-04-14,10.464085289610834,10.713330820634958,10.464085289610834,10.582370758056641,159400
2009-04-15,10.502108027281404,10.63729190826416,10.240188653557695,10.63729190826416,112800
2009-04-16,10.645740198650193,10.679536166027265,10.430290604461575,10.616168022155762,123000
2009-04-17,10.704883304007897,10.704883304007897,10.527454267807125,10.624617576599121,99400
2009-04-20,10.34580437453047,10.34580437453047,9.9993953704833984,9.9993953704833984,192200
2009-04-21,9.8726575639045056,10.197943474899787,9.8515345789311191,10.189495086669922,88200
2009-04-22,10.155702412086299,10.333130708882859,9.9951708972326276,10.151477813720703,209200
2009-04-23,10.278209926116011,10.409169219084818,10.126127646694465,10.383822441101074,82800
2009-04-24,10.52322961550327,10.52322961550327,10.316229208654365,10.350025177001953,207400
2009-04-27,10.105008037458891,10.282437140015199,10.088109643996503,10.151477813720703,91300
2009-04-28,10.024739528883194,10.214842374365238,9.9529229878965921,10.105005264282227,89300
2009-04-29,10.316231209849237,10.464088902211909,10.316231209849237,10.400721549987793,70700
2009-04-30,10.426067592293242,10.637292621940157,10.409169203156909,10.531680107116699,116000
2009-05-01,10.447189594388439,10.599271870977848,10.379597650517487,10.52745532989502,86600
2009-05-04,10.611945151782052,11.131558497436993,10.611945151782052,10.937231063842773,103100
2009-05-05,10.954132438201029,11.03017359356571,10.869642086515892,10.962581634521484,102400
2009-05-06,11.232947175324567,11.427273816427505,11.173804424686201,11.35123348236084,155400
2009-05-07,11.51176564842952,11.545561625442231,11.216050245248571,11.266744613647461,159700
2009-05-08,11.351234282256206,11.625826679832208,11.241397162073884,11.596255302429199,175800
2009-05-11,11.308989966333485,11.368132725607058,11.207602033681788,11.270969390869141,123300
2009-05-12,11.321662954315157,11.410377898985182,11.118887089011762,11.270969390869141,91900
2009-05-13,11.194924824093226,11.194924824093226,10.730229670243133,10.785148620605469,100600
2009-05-14,10.645742094392766,10.899211491977708,10.645742094392766,10.886538505554199,81400
2009-05-15,10.920335698103262,10.966804663109894,10.738682018663765,10.844294548034668,108800
2009-05-18,10.890763139785374,11.380805158554471,10.890763139785374,11.135784149169922,106400
2009-05-19,11.169579703252404,11.4272736894267,11.169579703252404,11.325885772705078,128100
2009-05-20,11.418823225035819,11.58357845904022,11.414598628553733,11.444169998168945,91100
2009-05-21,11.241396244983495,11.325885772705078,11.140008328261874,11.325885772705078,144700
2009-05-22,11.435720476572147,11.439945072932829,11.313210405149835,11.385026931762695,81900
2009-05-26,11.393479173523096,11.794807100217636,11.393479173523096,11.761011123657227,91700
2009-05-27,11.824378090684499,11.879297054391442,11.621602237981051,11.625826835632324,94900
2009-05-28,11.799031257629395,11.824378037663767,11.604703795340248,11.799031257629395,83300
2009-05-29,12.120089270694731,12.225701758016813,12.052497343269346,12.187681198120117,105700
2009-06-01,12.458053670481554,12.67350332367519,12.407360108412252,12.41158390045166,229900
2009-06-02,12.40735925587839,12.597461309215449,12.360889489041524,12.58478832244873,181100
2009-06-03,12.512969425153734,12.512969425153734,12.221478697896003,12.352437973022461,100100
2009-06-04,12.458050818068594,12.458050818068594,12.200356051646272,12.386234283447266,100100
2009-06-05,12.335545354831984,12.369341336389342,12.107421875,12.107421875,192700
2009-06-08,12.048278930718858,12.179238256598918,11.929992594135735,12.10319709777832,85300
2009-06-09,12.238384147260208,12.310200726067988,12.132771578764059,12.284853935241699,121500
2009-06-10,12.500298950767641,12.512972744274341,12.162339181518764,12.339767456054688,142500
2009-06-11,12.373564131779505,12.546768612742294,12.343991947186163,12.41158390045166,312900
2009-06-12,12.293294879221627,12.491846084594727,12.293294879221627,12.491846084594727,88300
2009-06-15,12.331316957848296,12.335541554961582,12.086295965594379,12.183459281921387,169800
2009-06-16,12.21725880096534,12.21725880096534,11.997584521838114,12.001809120178223,183100
2009-06-17,12.044048851701758,12.124314572349531,11.883517410406213,12.056722640991211,249800
2009-06-18,12.044054297819573,12.111646259741836,11.955339344196762,12.001809120178223,319700
2009-06-19,12.134307634218196,12.164226544030084,12.036002411913662,12.121485710144043,192800
2009-06-22,11.835117924543971,12.070195775879315,11.728264207531694,11.783827781677246,202600
2009-06-23,11.90777657761056,11.90777657761056,11.741084251412479,11.860760688781738,92100
2009-06-24,11.933416948254688,12.074463748817566,11.860756425829646,11.920594215393066,95400
2009-06-25,12.048820734523607,12.326640129089355,11.988982121605508,12.326640129089355,192900
2009-06-26,12.454865348014044,12.510429721122728,12.330915496484311,12.446317672729492,88800
2009-06-29,12.463413746199418,12.557444695464328,12.395027453056043,12.518978118896484,105100
2009-06-30,12.403579454589295,12.416401378665107,12.189872024214825,12.279628753662109,139900
2009-07-01,12.454865946922885,12.540349225710395,12.424947043915946,12.471962928771973,135000
2009-07-02,12.30099613125341,12.369382422325694,12.147126568726323,12.202690124511719,129300
2009-07-06,12.266801012525173,12.313816070556641,12.159947348009199,12.313816070556641,116900
2009-07-07,12.134301402028553,12.134301402028553,11.873579025268555,11.873579025268555,121500
2009-07-08,11.856490385515723,11.903506289978422,11.629960172920992,11.749636650085449,122300
2009-07-09,11.899229510111716,11.933422665562588,11.762456888308224,11.84366512298584,149400
2009-07-10,11.826564335258542,11.890676374793099,11.736806827727115,11.886402130126953,73600
2009-07-13,11.741081824063441,12.035998203077673,11.638502391195201,11.993256568908691,133700
2009-07-14,12.117211585475973,12.283903121948242,12.040276779341339,12.283903121948242,118700
2009-07-15,12.446317107288889,12.630104753605584,12.382204246579398,12.540348052978516,374900
2009-07-16,12.54462334592672,12.852361679077148,12.467688558831872,12.852361679077148,77700
2009-07-17,12.707043409088083,12.758333550250027,12.630108604959739,12.73696231842041,127700
2009-07-20,12.972033651890095,13.014775276184082,12.839535350284546,13.014775276184082,125800
2009-07-21,13.036151868736166,13.044700360698508,12.860911859653447,12.959217071533203,315600
2009-07-22,12.886554256566486,13.019052597790939,12.848086864722463,12.903651237487793,112800
2009-07-23,12.937844595465396,13.232760184115669,12.920747614264778,13.18147087097168,188100
2009-07-24,13.113085769276044,13.219939465811567,13.023328240267121,13.190020561218262,117400
2009-07-27,13.006232027822035,13.155827365500924,12.963490386309637,13.036150932312012,134100
2009-07-28,13.0575231458948,13.181473841848838,13.014782313718072,13.108813285827637,318200
2009-07-29,13.100264651825245,13.100264651825245,12.937847371711992,12.989136695861816,81300
2009-07-30,13.16010093464185,13.369534070534176,13.15155244373303,13.202841758728027,159100
2009-07-31,13.3310613398366,13.58323601409073,13.3310613398366,13.484930038452148,362500
2009-08-03,13.801226364063702,13.908080080173594,13.694372647953809,13.873886108398438,281600
2009-08-04,13.80549674497899,13.937995910644531,13.604612096560396,13.937995910644531,285000
2009-08-05,13.946540607849091,14.044845782552873,13.762752176307126,13.976459503173828,463200
2009-08-06,14.211537725142851,14.211537725142851,13.929444109200421,13.997830390930176,362900
2009-08-07,14.09613868179062,14.09613868179062,13.920898694257188,14.010655403137207,247100
2009-08-10,14.138878227675573,14.138878227675573,13.895250362972549,13.972185134887695,145700
2009-08-11,13.84396192096969,13.852510410654771,13.711464406995145,13.732834815979004,291900
2009-08-12,13.87816003943321,14.211543084788394,13.87816003943321,14.130334854125977,197100
2009-08-13,14.224367869935607,14.245739920083189,14.108965647064414,14.211545944213867,170900
2009-08-14,14.399605275399031,14.433799244988075,14.091867701388676,14.258559226989746,241600
2009-08-17,13.792676191651022,13.801224683553901,13.677273996649319,13.767030715942383,298800
2009-08-18,13.75420630758329,14.083315849304199,13.720012346151487,14.083315849304199,164600
2009-08-19,13.784124900608754,14.002105693263466,13.724287099897962,13.878156661987305,295500
2009-08-20,13.933723011377989,14.104689598083496,13.899530672311812,14.104689598083496,105500
2009-08-21,14.104690112530715,14.339767954981241,14.104690112530715,14.31412410736084,187600
2009-08-24,14.335487623123601,14.506452503308429,14.335487623123601,14.386776924133301,170200
2009-08-25,14.527828909069953,14.651777954581613,14.480813022980922,14.523553848266602,138000
2009-08-26,14.497910058807694,14.574844857624564,14.433798813432409,14.549201011657715,155000
2009-08-27,14.386781073678351,14.681696677617788,14.382507643385585,14.66460132598877,259800
2009-08-28,14.831291611650069,14.835565041593171,14.626132734767024,14.656051635742188,114900
2009-08-31,14.621861952555946,14.626137014207702,14.493637820794353,14.557750701904297,110800
2009-09-01,14.46798278345404,14.562014512167563,14.10468104508179,14.143148422241211,197500
2009-09-02,14.13888003971979,14.292747972812265,14.134604979366838,14.228636741638184,105400
2009-09-03,14.318393296626041,14.450892448425293,14.288474396293594,14.450892448425293,100700
2009-09-04,14.532100305408033,14.750081092587745,14.420973196944555,14.741534233093262,94300
2009-09-08,14.882577981140463,15.092011877021736,14.882577981140463,14.993706703186035,174200
2009-09-09,15.194598464689911,15.318549169623733,15.100568300997317,15.275808334350586,156100
2009-09-10,15.254428505463018,15.468135833740234,15.160398389732157,15.468135833740234,199800
2009-09-11,15.438216184615507,15.468135078677253,15.318540608368529,15.399748802185059,124600
2009-09-14,15.237337173440688,15.472414970397951,15.130483481145754,15.472414970397949,137400
2009-09-15,15.442496536624922,15.60491297992286,15.327094349781859,15.536526679992676,136000
2009-09-16,15.673305032050825,15.844271659851074,15.62201569589419,15.844271659851074,298200
2009-09-17,15.780154933493659,15.792978487261667,15.579271069654494,15.651930809020996,178900
2009-09-18,15.772891970479193,15.833375550845815,15.591446173406494,15.74697208404541,251000
2009-09-21,15.483445208162054,15.543927152067436,15.35384080722061,15.513686180114746,152500
2009-09-22,15.734010030649635,15.759931564331055,15.600086226651481,15.759931564331055,271800
2009-09-23,15.785856534284415,15.785856534284415,15.444563682560139,15.483445167541504,914300
2009-09-24,15.565524229307876,15.565524229307876,15.077347703550247,15.202630996704102,170300
2009-09-25,15.150793843530575,15.219916305014229,15.073030868360281,15.189675331115723,205400
2009-09-28,15.245838835438303,15.440246285979924,15.193995749954146,15.410003662109375,113900
2009-09-29,15.41000091615359,15.41000091615359,15.237195606027871,15.314958572387695,106300
2009-09-30,15.453204854595437,15.500726854711159,15.193994394330435,15.267437934875488,302600
2009-10-01,15.310634529006839,15.310634529006839,14.947741305560418,14.960702896118164,160200
2009-10-02,14.796536405955568,15.060066223144531,14.628050561656776,15.060066223144531,259100
2009-10-05,14.947746461574303,15.098952984838766,14.80518210033531,15.077352523803711,358700
2009-10-06,15.371121080982968,15.461843992399666,15.267436576500105,15.314958572387695,231100
2009-10-07,15.457523949481558,15.626009838566107,15.414323031052996,15.539608001708984,194500
2009-10-08,15.716728138921241,15.824732039948445,15.604403158968053,15.68216609954834,178300
2009-10-09,15.677846837413442,15.703766719213419,15.530961464514776,15.643284797668457,228100
2009-10-12,15.759932185021707,15.803134742858902,15.634647239307451,15.703769683837891,149500
2009-10-13,15.79881300721356,15.79881300721356,15.518002160960867,15.595765113830566,91100
2009-10-14,15.867931622780411,16.127141952514648,15.83769066484604,16.127141952514648,126500
2009-10-15,15.971614514927714,16.079618396369188,15.842008538791191,16.04937744140625,326900
2009-10-16,15.842012817578013,15.919775765059629,15.721048965055004,15.798811912536621,141100
2009-10-19,15.988899943285748,16.243789266011348,15.988899943285748,16.131465911865234,128200
2009-10-20,16.274029784498357,16.291310807124894,16.040742571076187,16.148746490478516,203800
2009-10-21,16.153057344102898,16.2869827263244,16.027772468606152,16.045053482055664,170800
2009-10-22,16.010500567209348,16.24378776550293,15.854974669674348,16.24378776550293,139600
2009-10-23,16.058020464550967,16.058020464550967,15.777211288811312,15.837693214416504,132300
2009-10-26,15.902493848329705,16.019138250895484,15.569841659088477,15.591442108154297,192800
2009-10-27,15.56120436272488,15.569844873736907,15.327915509427035,15.379756927490234,278100
2009-10-28,15.129190087449969,15.193991453968694,14.736055864403546,14.749015808105469,398300
2009-10-29,14.947739876275268,15.327914085440895,14.947739876275268,15.237191200256348,197900
2009-10-30,15.224231642264892,15.375436454712863,14.900219917297363,14.900219917297363,214700
2009-11-02,15.077340623207755,15.280386774283702,14.913174282501217,15.090300559997559,161800
2009-11-03,14.887258794315912,15.055744632899051,14.848377320180658,15.042784690856934,140700
2009-11-04,15.215598557057874,15.371124524620457,15.116235110672815,15.198317527770996,116800
2009-11-05,15.250156706264029,15.358160651277244,15.120552301850054,15.301998138427734,278800
2009-11-06,15.245831100503985,15.340873412986289,15.098945728839974,15.293353080749512,106200
2009-11-09,15.548244946439633,15.850654602050781,15.466160913051731,15.850654602050781,183200
2009-11-10,15.600085990368575,15.651927408937205,15.470481619942509,15.608726501464844,303100
2009-11-11,15.824735308890187,15.932739232227942,15.768572807312012,15.768572807312012,182400
2009-11-12,15.746973380821883,15.759933325106035,15.500724551367819,15.505043983459473,128300
2009-11-13,15.664886470094084,15.829052875667374,15.600085112531996,15.798811912536621,156900
2009-11-16,15.824732981762637,16.109863231523729,15.798811450690232,15.945696830749512,161000
2009-11-17,15.811780026488972,15.88522358062802,15.664894566220616,15.846342086791992,138900
2009-11-18,15.837695429981377,15.837695429981377,15.664888491498939,15.729691505432129,162600
2009-11-19,15.470481072629687,15.548244021736036,15.340875058779824,15.427278518676758,191100
2009-11-20,15.263109815521757,15.353832683377592,15.155105930548096,15.336551666259766,87400
2009-11-23,15.522326652522869,15.626009513800266,15.470485221884172,15.483445167541504,165700
2009-11-24,15.487765379720727,15.487765379720727,15.289038512260978,15.358160972595215,120900
2009-11-25,15.505044895007579,15.522325920408536,15.379759932864568,15.474803924560547,169500
2009-11-27,14.852700458180349,15.159431214423247,14.852700458180349,15.003905296325684,136900
2009-11-30,15.064392022812182,15.250158967621971,15.064392022812182,15.198317527770996,183600
2009-12-01,15.43160319353102,15.686492553209487,15.43160319353102,15.600089073181152,276600
2009-12-02,15.626009228918328,15.673531226141318,15.543926827902741,15.621689796447754,87600
2009-12-03,15.656251395252026,15.690811798044653,15.444562954113515,15.474803924560547,152600
2009-12-04,15.600084525261334,15.677847469815537,15.340874160744379,15.457518577575684,109000
2009-12-07,15.435920400832497,15.505042845289267,15.379757899708537,15.384078979492188,143600
2009-12-08,15.228552243413887,15.228552243413887,14.995263387992626,15.021184921264648,116400
2009-12-09,15.055744876342205,15.193989753723145,15.021184481001436,15.193989753723145,159000
2009-12-10,15.150792770159297,15.26743722465096,15.081670313572687,15.09895133972168,94300
2009-12-11,15.163750934822204,15.163750934822204,14.977984045561779,15.029827117919922,142000
2009-12-14,15.068709279336266,15.168072700500488,15.034147229535193,15.168072700500488,120100
2009-12-15,15.055750584875311,15.12487304977423,15.034150123596191,15.034150123596191,145900
2009-12-16,15.150782462360956,15.215585442326448,15.034138087228014,15.090300559997559,169400
2009-12-17,14.947742548287593,15.016864994309385,14.813818736125494,14.848379135131836,272800
2009-12-18,14.917725271882869,14.961613170996774,14.65000473432637,14.816780090332031,238100
2009-12-21,14.891385822362066,14.90894164496766,14.794830472246696,14.847497940063477,166000
2009-12-22,14.970390590232331,14.970390590232331,14.781669616699219,14.781669616699219,201800
2009-12-23,14.91333481159403,15.0011122801188,14.772891531640784,14.992334365844727,174600
2009-12-24,15.066942069772924,15.066942069772924,14.996718772966318,15.014274597167969,71400
2009-12-28,15.036211846323468,15.20298875356046,15.036211846323468,15.097657203674316,118100
2009-12-29,15.312719007361565,15.339052747267957,15.18105365626116,15.216163635253906,119400
2009-12-30,15.181049158257141,15.290770530700684,15.106437754403588,15.290770530700684,200600
2009-12-31,15.347833866658901,15.444387584720394,15.009891667903366,15.312722206115723,186700
2010-01-04,15.589217091923281,15.720882440281295,15.567273146232903,15.64188289642334,293200
2010-01-05,15.720878334420968,15.817433679299926,15.694544601940716,15.804265975952148,198400
2010-01-06,15.747218065631921,15.79110596226899,15.641884769800644,15.720884323120117,187900
2010-01-07,15.64188879198589,15.655054829519363,15.527779226857598,15.615556716918945,136300
2010-01-08,15.633103909312535,15.703325535226977,15.567272076764034,15.69893741607666,188600
2010-01-11,15.795495952247025,15.804272192310469,15.703328689421269,15.764772415161133,298900
2010-01-12,15.646275358687696,15.703329292370537,15.514608313657082,15.597997665405273,259800
2010-01-13,15.668219431325339,15.755996903963965,15.554108214630315,15.725275039672852,214100
2010-01-14,15.659440598141847,15.73405035726805,15.61994082148211,15.720884323120117,150600
2010-01-15,15.668215863720713,15.716493546390078,15.488272839181221,15.536550521850586,193300
2010-01-19,15.562883205251284,15.78671580213533,15.562883205251284,15.777937889099121,131900
2010-01-20,15.505829698818379,15.602383396381741,15.321496868532384,15.374162673950195,203400
2010-01-21,15.360989314406988,15.387323041663359,15.044991284190397,15.080102920532227,190200
2010-01-22,15.080115325529619,15.154725102808024,14.790450784289533,14.794838905334473,411100
2010-01-25,15.005503306709087,15.097670587331645,14.96161540105361,15.093280792236328,207700
2010-01-26,14.922108870926023,15.053774202591089,14.825553513071062,14.886997222900391,203200
2010-01-27,14.829947207098732,14.8562792758289,14.685114132218935,14.834335327148438,323100
2010-01-28,14.95722282331336,15.049388402256703,14.707056478128056,14.750946044921875,175100
2010-01-29,14.878227077218877,14.944058932899472,14.641228378649833,14.650006294250488,406200
2010-02-01,14.768499596352701,14.891387016011359,14.715832124314254,14.886997222900391,609000
2010-02-02,15.03184224797665,15.242507281494825,14.904564933699984,15.233729362487793,365200
2010-02-03,15.00988486409725,15.097662301450582,14.965995308312902,15.005495071411133,542600
2010-02-04,14.829943140945565,14.930886616571247,14.59294454205979,14.606110572814941,478400
2010-02-05,14.518335166192353,14.632444675434364,14.272558649235378,14.623666763305664,596500
2010-02-08,14.434949951086486,14.540283252428393,14.276950836181641,14.276950836181641,191600
2010-02-09,14.584166630151186,14.711443841502678,14.386667797746373,14.606110572814941,137100
2010-02-10,14.623670086648387,14.680725691343497,14.474448894979895,14.588560104370117,101400
2010-02-11,14.509561295543367,14.746558292169013,14.448115893527515,14.693892478942871,161600
2010-02-12,14.50517209560506,14.641227265749144,14.386672755327844,14.601727485656738,146700
2010-02-16,14.689496813308114,14.865049991958696,14.606107504800068,14.79921817779541,123100
2010-02-17,14.8738353697624,14.8738353697624,14.768503744531005,14.829947471618652,135900
2010-02-18,14.715835960407624,14.913334846496582,14.715835960407624,14.913334846496582,152300
2010-02-19,14.689505533172404,14.816781119126443,14.628061800460216,14.768505096435547,99800
2010-02-22,14.829944509263656,14.851888453952119,14.720223111605682,14.808000564575195,138900
2010-02-23,14.803613503641738,14.878224938413501,14.61928232517498,14.680726051330566,125300
2010-02-24,14.742170295600831,14.873835666878186,14.733392380953536,14.821169853210449,128200
2010-02-25,14.601733098676997,14.777286442181477,14.496399753200926,14.755342483520508,155500
2010-02-26,14.755337142602453,14.917726061191294,14.698283205578816,14.878226280212402,166100
2010-03-01,14.948441160214527,15.049384627195481,14.922107426743919,15.005495071411133,208100
2010-03-02,15.119619763830105,15.238119159099741,15.115229967218157,15.233729362487793,117700
2010-03-03,15.229332494330166,15.308332045809445,15.167888770783149,15.185442924499512,222500
2010-03-04,15.229334279455275,15.264444265219359,15.119612853341355,15.167890548706055,160100
2010-03-05,15.308329935320886,15.488272961278909,15.277608077782856,15.479495048522949,163100
2010-03-08,15.49266563220865,15.532165414107457,15.404888153076172,15.404888153076172,129300
2010-03-09,15.33027350714465,15.49266070364016,15.33027350714465,15.3873291015625,346700
2010-03-10,15.352222659539283,15.400500357792632,15.224945395819759,15.246891021728516,474300
2010-03-11,15.25566799516082,15.382945264988452,15.224946126473636,15.35222339630127,120200
2010-03-12,15.483881757952206,15.483881757952206,15.343438515075832,15.360994338989258,184000
2010-03-15,15.308329562896439,15.391717220725891,15.25566208764198,15.3873291015625,121100
2010-03-16,15.470711144875668,15.646265983581543,15.391711634879528,15.646265983581543,358900
2010-03-17,15.655049488568723,15.694549261909582,15.606773476010607,15.628717422485352,262200
2010-03-18,15.637495562980803,15.641883682653148,15.540940188030952,15.593605995178223,295100
2010-03-19,15.34101676940918,15.592291915057574,15.34101676940918,15.34101676940918,144200
2010-03-22,15.230804762199305,15.455630902192345,15.226397164903078,15.442404747009277,118300
2010-03-23,15.367455600583432,15.407130681613966,15.274880972060952,15.402721405029297,177300
2010-03-24,15.1999399004709,15.208756772861438,15.0985483904494,15.169081687927246,220500
2010-03-25,15.33660165961588,15.354235407569851,15.14263379541573,15.15585994720459,96000
2010-03-26,15.283706158734066,15.402731479677982,15.26607408580146,15.332198143005371,117600
2010-03-29,15.477661760328603,15.658403396606444,15.477661760328603,15.658403396606445,178700
2010-03-30,15.720126328782008,15.724533924919145,15.579059709339118,15.614325523376465,82100
2010-03-31,15.57464680237808,15.596688138841355,15.464438438415527,15.464438438415527,218600
2010-04-01,15.658402093187656,15.764201164245607,15.649585223658507,15.764201164245605,392400
2010-04-05,15.777430995736923,15.856781158393398,15.742163509380131,15.847964286804199,218100
2010-04-06,15.764212592638506,15.847972073064568,15.649596568959597,15.839155197143555,133100
2010-04-07,15.759802118516257,15.759802118516257,15.58787727355957,15.58787727355957,123200
2010-04-08,15.601099290415039,15.711307679504319,15.521749115739032,15.70249080657959,99300
2010-04-09,15.773022649722407,15.870006561279297,15.698081759262196,15.870006561279297,137100
2010-04-12,15.874420990978797,15.892054742789496,15.834745890228286,15.861196517944336,87600
2010-04-13,15.909681644948352,15.918498517057742,15.777431926600306,15.870006561279297,183800
2010-04-14,16.019894395126872,16.112469055066317,15.980219300631841,16.072793960571289,206800
2010-04-15,16.059568382007718,16.112467943803701,16.024300886379233,16.081609725952148,129500
2010-04-16,16.006671710337308,16.011079307263316,15.706904669956955,15.733353614807129,209400
2010-04-19,15.623138257866163,15.671630210760229,15.499705418969492,15.653996467590332,108600
2010-04-20,15.808294763165907,15.808294763165907,15.737761447301377,15.781844139099121,142400
2010-04-21,15.84356342331907,15.84356342331907,15.693679890005265,15.803888320922852,127200
2010-04-22,15.640775486007664,15.777434503554348,15.543791558610231,15.768617630004883,105300
2010-04-23,15.711307018776859,15.883231829462515,15.649590592545751,15.878824234008789,97000
2010-04-26,15.931729843540005,15.944954316574465,15.847972044909877,15.861196517944336,96700
2010-04-27,15.680454825396914,15.759805027198496,15.336605072021484,15.336605072021484,173000
2010-04-28,15.561424442816481,15.561424442816481,15.266066762697276,15.433582305908203,176000
2010-04-29,15.623140652515735,15.746575191978243,15.543790477735039,15.680449485778809,163600
2010-04-30,15.76420971484858,15.8391523056727,15.583467995580421,15.58787727355957,150300
2010-05-03,15.777436717545894,15.852377630762515,15.645186959039144,15.825928688049316,258100
2010-05-04,15.451215984760545,15.460032857782721,15.151449028592838,15.182307243347168,183200
2010-05-05,14.975118148022808,15.094143423552296,14.825234654576056,14.948667526245117,241200
2010-05-06,14.882541215195856,14.882541215195856,12.272807177175579,14.124308586120605,430200
2010-05-07,14.494608641869412,14.494608641869412,13.489507772570244,14.199249267578125,443700
2010-05-10,14.776735593872905,15.010376754964579,14.640076636107352,14.922209739685059,279900
2010-05-11,14.723838444564276,14.922212159048426,14.578362593519932,14.710612297058105,348900
2010-05-12,14.931033489388483,14.931033489388483,14.759108655278135,14.869317054748535,140000
2010-05-13,14.908994011085225,14.935444635660172,14.715027809143066,14.715027809143066,138900
2010-05-14,14.675347859892083,14.675347859892083,14.33149658071885,14.463747978210449,166300
2010-05-17,14.547507141799628,14.547507141799628,14.19924823390077,14.45934009552002,146900
2010-05-18,14.560734837489905,14.591593058280381,14.106676718732707,14.14635181427002,132400
2010-05-19,14.141943443532243,14.172801662633413,13.886259134811901,14.115492820739746,281400
2010-05-20,13.705512454236263,13.798087078021803,13.489504157913565,13.590895652770996,158900
2010-05-21,13.414569383535955,13.873035986037072,13.414569383535955,13.868627548217773,280100
2010-05-24,13.736374183897775,13.886257667254643,13.626165789713214,13.630574226379395,96200
2010-05-25,13.198554224408159,13.529179324332452,13.09275429333116,13.51595401763916,438400
2010-05-26,13.53359603579182,13.604129366308143,13.326403641679446,13.392528533935547,94200
2010-05-27,13.78927675890246,14.080226898193359,13.740784788746158,14.080226898193359,180800
2010-05-28,14.102264722956383,14.128714499699408,13.846581305578496,13.855398178100586,209600
2010-06-01,13.806908744556276,14.04936773830633,13.705517214483194,13.709925651550293,439000
2010-06-02,13.934755096991742,14.216888427734375,13.868629361878243,14.216888427734375,130300
2010-06-03,14.296233215857022,14.300640811757754,14.049366645072872,14.177207946777344,88300
2010-06-04,13.939158246801952,13.939158246801952,13.56444953356095,13.599716186523438,120400
2010-06-07,13.657028489489326,13.74519557011371,13.463062257433435,13.485103607177734,134800
2010-06-08,13.551229027808308,13.661437462492003,13.42338768080351,13.643804550170898,156900
2010-06-09,13.820134771606829,13.930343181522636,13.621759297429001,13.696701049804688,109500
2010-06-10,14.067004885571437,14.234522181317613,14.053779570384009,14.216888427734375,93200
2010-06-11,14.058180952780154,14.247739504539615,14.036139612687615,14.243331909179688,60900
2010-06-14,14.446117130934386,14.45934160067665,14.243334080535,14.269783020019531,87200
2010-06-15,14.472569004057245,14.710617888244684,14.419667757218386,14.697393417358398,98100
2010-06-16,14.538687713575003,14.666529824127592,14.516646376290891,14.635671615600586,99700
2010-06-17,14.666534889526561,14.666534889526561,14.481383892772463,14.640084266662598,113600
2010-06-18,14.586271113869376,14.590719097837944,14.466200992850595,14.541801452636719,143500
2010-06-21,14.750811639982565,14.804177271843509,14.470649706552759,14.572931289672852,113300
2010-06-22,14.688555692788961,14.764156168020701,14.452863386566658,14.461757659912109,108900
2010-06-23,14.599615591722401,14.657425820842972,14.390604420013748,14.532909393310547,75400
2010-06-24,14.55514911808487,14.55514911808487,14.301668193200552,14.328351020812988,94900
2010-06-25,14.412838575473407,14.550697254043417,14.297216426266537,14.497331619262695,61900
2010-06-28,14.47509929225896,14.48844155146848,14.355029137829137,14.381711959838867,93400
2010-06-29,14.159363946763845,14.208281618524827,13.945906403414813,13.977035522460938,248300
2010-06-30,14.030394226408408,14.065970470301309,13.843618733919531,13.861407279968262,115200
2010-07-01,13.98592522343713,14.070418276576859,13.821384557472337,14.048183441162109,151500
2010-07-02,14.11044445538314,14.137127281014532,13.963692307229572,14.025951385498047,237700
2010-07-06,14.292766575974149,14.403942422640293,14.110438255298023,14.190485000610352,184400
2010-07-07,14.315002264734799,14.710789727591628,14.310555977021304,14.706341743469238,117800
2010-07-08,14.737474621110293,14.773051717565494,14.559594228062279,14.710793495178223,102800
2010-07-09,14.68855479907981,14.741920435905541,14.630744570465556,14.715237617492676,98800
2010-07-12,14.693004123128006,14.750814357012349,14.621851630616385,14.728579521179199,207900
2010-07-13,14.893119588954955,14.995401180960158,14.781943724200289,14.924248695373535,91300
2010-07-14,14.924246702086805,14.995399178170283,14.839751970456597,14.973162651062012,68300
2010-07-15,15.026524452109838,15.053205563588044,14.790830556799083,15.004289627075195,67100
2010-07-16,14.928695877333322,14.928695877333322,14.608508824819202,14.670768737792969,72400
2010-07-19,14.826416816931605,14.902015608154247,14.701900362489861,14.879780769348145,165000
2010-07-20,14.777498083583477,15.102131456590385,14.773051794708024,15.088790893554688,78600
2010-07-21,15.248875456829904,15.248875456829904,14.804172189122353,14.888665199279785,177600
2010-07-22,15.186625575659971,15.38674079843573,15.168837028085909,15.306694030761719,79900
2010-07-23,15.342275727175995,15.533498429923144,15.293358054881175,15.51570987701416,127400
2010-07-26,15.444552997428925,15.666904756729213,15.444552997428925,15.658010482788086,254600
2010-07-27,15.822557547628534,15.822557547628534,15.591311433397657,15.689145088195801,115500
2010-07-28,15.617988661140705,15.644671485634221,15.502366481154402,15.542389869689941,122800
2010-07-29,15.72026854279477,15.751397653064915,15.471235660633603,15.613540649414062,76100
2010-07-30,15.440105943528716,15.69358680085706,15.431211670028345,15.631328582763672,322400
2010-08-02,15.893703148826036,16.13384173916614,15.893703148826036,16.102712631225586,445400
2010-08-03,15.982645862504159,16.040457802204372,15.871469968839637,15.964859008789062,392600
2010-08-04,16.049346189886212,16.067134733485446,15.938170337004319,16.018217086791992,445800
2010-08-05,16.009326675709932,16.036009497543464,15.915939343906523,16.013772964477539,144800
2010-08-06,15.964855616730908,16.058242940428787,15.867020308242186,16.004878997802734,129600
2010-08-09,16.013771595791511,16.120501177594232,16.004879019016343,16.102712631225586,354900
2010-08-10,15.858127784247536,15.969303666553367,15.702482227583104,15.929280281066895,177300
2010-08-11,15.551278300807461,15.573513131325461,15.355607720867866,15.39118480682373,103200
2010-08-12,15.293352020725402,15.386739342035943,15.213305260628053,15.373398780822754,101900
2010-08-13,15.342274815984949,15.453450720448608,15.342274815984949,15.386744499206543,55300
2010-08-16,15.41342387736062,15.520153468179211,15.342271382284656,15.431212425231934,150600
2010-08-17,15.666904947922468,15.822552199177712,15.626881562903614,15.72916316986084,129100
2010-08-18,15.809211085301984,15.862575037056992,15.698035196240212,15.80031681060791,58900
2010-08-19,15.8092093226558,15.8092093226558,15.524599349815736,15.617986679077148,120700
2010-08-20,15.453445551927373,15.551280857984734,15.408975883578995,15.502363204956055,85600
2010-08-23,15.56462341419887,15.671353006887765,15.506811480808663,15.524600028991699,130100
2010-08-24,15.4356621685961,15.457897010206898,15.29335714659539,15.386744499206543,111600
2010-08-25,15.33337232695591,15.55127772940701,15.30224322609272,15.506806373596191,68300
2010-08-26,15.586860633107113,15.609095473529033,15.417872792363276,15.462344169616699,86600
2010-08-27,15.617980447858834,15.818097285297837,15.49346405852282,15.760285377502441,181200
2010-08-30,15.742503544471715,15.746949832759588,15.604644857820041,15.626879692077637,90900
2010-08-31,15.675802099849243,15.786978001266615,15.573520474114417,15.75584888458252,157600
2010-09-01,16.06269004135401,16.240572120984687,16.036008916895874,16.18720817565918,251700
2010-09-02,16.231681925108145,16.280599594116211,16.138294573225295,16.280599594116211,97800
2010-09-03,16.365088046222809,16.462923356595784,16.325064664380154,16.454029083251953,165600
2010-09-07,16.382878932562296,16.3873252216646,16.209444818612255,16.236125946044922,285700
2010-09-08,16.338413859415951,16.45403606915724,16.231684230384843,16.320625305175781,196000
2010-09-09,16.516283212439539,16.55186029700948,16.382872538119798,16.458471298217773,105900
2010-09-10,16.45847609907738,16.498499482688811,16.405112153065225,16.485158920288086,101600
2010-09-13,16.676380016461401,16.74753250334194,16.649697197727789,16.729743957519531,308800
2010-09-14,16.556305800728065,16.832021407459777,16.55185951357166,16.73863410949707,167600
2010-09-15,16.667490521391382,16.787560695497866,16.600786000049723,16.756431579589844,120700
2010-09-16,16.618569520125771,16.71195854552137,16.551865012168051,16.694169998168945,197000
2010-09-17,16.6865433068524,16.6865433068524,16.52954523615119,16.596830368041992,261300
2010-09-20,16.704486958571504,16.924281871464832,16.668601097044071,16.8839111328125,107800
2010-09-21,16.910821919642601,17.040905573217408,16.758310462965994,16.924278259277344,103600
2010-09-22,16.937734598912083,17.045390449385092,16.843536799205509,16.924278259277344,114700
2010-09-23,16.762805242499482,16.879432625342314,16.673092265958697,16.740377426147461,273000
2010-09-24,17.03642781266986,17.184454469872946,16.996057061717433,17.179967880249023,110400
2010-09-27,17.130629111207224,17.170999870290128,17.036431243724763,17.072317123413086,144200
2010-09-28,17.112678443299249,17.310045539320374,16.969138425987165,17.251731872558594,138200
2010-09-29,17.287610795253077,17.314523468242044,17.179954969903321,17.260696411132812,146400
2010-09-30,17.345929887939555,17.435642827576263,17.153049377748836,17.265190124511719,369000
2010-10-01,17.538802598898716,17.547774059110836,17.399749243438485,17.543289184570312,341300
2010-10-04,17.502920183644953,17.520863105826759,17.314522922998432,17.377323150634766,674200
2010-10-05,17.574703474316848,17.821412852243082,17.574703474316848,17.754129409790039,289000
2010-10-06,17.884202453876366,17.93803123422223,17.821403921271205,17.888689041137695,762400
2010-10-07,18.023263335614132,18.086061888309366,17.807953278745238,17.902151107788086,198800
2010-10-08,17.938036169472223,18.036718871659957,17.821408824433789,18.018775939941406,223600
2010-10-11,18.059145269533094,18.059145269533094,17.947004521753467,17.987375259399414,166600
2010-10-12,17.951494608028529,18.086063189360477,17.816926026696585,18.045692443847656,186100
2010-10-13,18.189228257022101,18.305855588518746,18.09951531997821,18.202686309814453,262900
2010-10-14,18.31482887428686,18.355197903281752,18.211657874192849,18.328285217285156,143200
2010-10-15,18.413512894501068,18.413512894501068,18.180259902731621,18.220630645751953,189300
2010-10-18,18.175772532939519,18.364168167114258,18.09503105796977,18.364168167114258,539200
2010-10-19,17.964950475600347,17.982893408936594,17.704784786753947,17.785526275634766,266600
2010-10-20,17.938035076131243,18.211657068066952,17.897664337791213,18.166801452636719,155800
2010-10-21,18.162322942882252,18.234092979410949,17.906640369670328,18.009811401367188,107600
2010-10-22,18.032236293787854,18.13989047556305,18.032236293787854,18.099519729614258,99100
2010-10-25,18.265495963231629,18.265495963231629,18.108497800120492,18.148868560791016,161200
2010-10-26,18.081585100428807,18.157840031065909,18.041214339758284,18.148868560791016,170600
2010-10-27,18.090549272215295,18.090549272215295,17.861781150332693,18.050178527832031,131500
2010-10-28,18.189230267653279,18.189230267653279,18.023262428011822,18.130916595458984,175300
2010-10-29,18.068118044473451,18.121946839324846,18.018775838092409,18.117460250854492,165900
2010-11-01,18.278939077166857,18.305853468502633,18.072600543654509,18.189226150512695,139600
2010-11-02,18.471824443205648,18.471824443205648,18.368655158729631,18.431453704833984,131200
2010-11-03,18.422484344016944,18.480798019689072,18.220630629099762,18.471826553344727,563900
2010-11-04,18.696121031041876,18.835176289016967,18.696121031041876,18.808261871337891,283600
2010-11-05,18.754423646686138,18.776851459244014,18.651254340013992,18.749937057495117,133900
2010-11-08,18.601913961861939,18.615370308498427,18.471830240600614,18.570514678955078,156500
2010-11-09,18.655738987555729,18.655738987555729,18.207175897411215,18.26548957824707,202500
2010-11-10,18.332770596780971,18.332770596780971,18.045690530738906,18.296886444091797,228000
2010-11-11,18.086058159644775,18.090544747416455,17.955974492376022,18.054658889770508,246000
2010-11-12,17.987380213125792,18.07260830003462,17.731699374664274,17.812440872192383,221600
2010-11-15,17.955980931990691,17.973923867248601,17.803469404563426,17.812440872192383,128700
2010-11-16,17.722719115108841,17.740662041465587,17.359384267608807,17.458066940307617,244200
2010-11-17,17.543298514314451,17.615068523048546,17.422186303738417,17.489471435546875,575500
2010-11-18,17.691321536279194,17.816920321619616,17.691321536279194,17.767578125,180400
2010-11-19,17.641982534227541,17.695809611824203,17.471528125517512,17.673381805419922,177900
2010-11-22,17.511900353446386,17.633012571706139,17.363873738529321,17.606098175048828,203700
2010-11-23,17.292103612655033,17.296590200968087,17.094736505182741,17.188934326171875,180300
2010-11-24,17.408735080313221,17.435647772043836,17.314535525858609,17.39527702331543,169200
2010-11-26,17.260706761329967,17.269678228083031,17.157537460368204,17.170993804931641,108800
2010-11-29,17.072314569758486,17.247253929239548,16.982601595089751,17.215854644775391,267300
2010-11-30,16.964655119024684,17.081282475104839,16.892885096487788,17.005025863647461,245400
2010-12-01,17.27416327232169,17.480503587365522,17.27416327232169,17.462560653686523,260200
2010-12-02,17.480497839434083,17.866262231023988,17.480497839434083,17.839347839355469,324200
2010-12-03,17.78103151599862,17.987370021151946,17.767575177746039,17.942514419555664,188100
2010-12-06,17.82141583058273,17.92010028269852,17.763102135138599,17.870758056640625,151800
2010-12-07,18.099521894439413,18.099521894439413,17.870755447455831,17.875240325927734,312300
2010-12-08,17.906635481797696,17.938036468394511,17.790009845947942,17.920093536376953,166700
2010-12-09,17.955973661966365,17.955973661966365,17.812433660284608,17.89317512512207,138500
2010-12-10,17.915605747437535,17.969434539883604,17.852807200715855,17.955976486206055,191100
2010-12-13,18.104008418976463,18.202692856329342,18.027751796167628,18.126436233520508,150100
2010-12-14,18.220630645109683,18.278944320833048,18.148860625424092,18.207174301147461,208000
2010-12-15,18.144370402606416,18.171283082602567,17.960459674395175,18.023258209228516,146400
2010-12-16,18.036714549226591,18.045686012935889,17.92008894326921,18.023258209228516,108800
2010-12-17,17.915308929860082,17.915308929860082,17.752180709589052,17.848138809204102,127700
2010-12-20,17.944103265123989,17.98728433373428,17.848145131517875,17.939304351806641,350200
2010-12-21,18.044852400270461,18.102426528930664,18.025660413967543,18.102426528930664,261100
2010-12-22,18.203185662368924,18.236770730563876,18.164803511681384,18.231973648071289,241300
2010-12-23,18.265556458525534,18.279949534473165,18.207982324486284,18.255960464477539,202000
2010-12-27,18.275156598832794,18.380710727060091,18.222379534719149,18.371114730834961,1217300
2010-12-28,18.423888092971957,18.481462228505027,18.303940909632946,18.361515045166016,240200
2010-12-29,18.534236808386634,18.582214943219448,18.467066687521289,18.539033889770508,165500
2010-12-30,18.577411910487168,18.577411910487168,18.48145384131357,18.553421020507812,188700
2010-12-31,18.587017672875731,18.726155024570982,18.54383661055682,18.678176879882812,218900
2011-01-03,18.740549479052632,18.918070806405286,18.740549479052632,18.846101760864258,431100
2011-01-04,18.894081215373483,18.894081215373483,18.615802865861568,18.750144958496094,343000
2011-01-05,18.678174603994719,18.759737806076117,18.611004477516232,18.706962585449219,405300
2011-01-06,18.682959944212239,18.702151919787109,18.419076685924157,18.438268661499023,241600
2011-01-07,18.491056055870942,18.491056055870942,18.255958798767608,18.380704879760742,576500
2011-01-10,18.265557424196196,18.327930473681366,18.121621166364037,18.323131561279297,196700
2011-01-11,18.390304364307411,18.41909051904118,18.318335316975183,18.399898529052734,193200
2011-01-12,18.591814755244989,18.692569957239485,18.500655548237908,18.678176879882812,249200
2011-01-13,18.759737806076117,18.836503926372771,18.706962585449219,18.706962585449219,233900
2011-01-14,18.67816539668738,18.836494641017829,18.596600404564356,18.826900482177734,200700
2011-01-18,18.822101572509911,18.855686619193573,18.750134399722533,18.826900482177734,141300
2011-01-19,18.898868945530541,18.898868945530541,18.673367762185968,18.726144790649414,248300
2011-01-20,18.587012041927835,18.596606203759791,18.375903876657894,18.534235000610352,158300
2011-01-21,18.639785356424433,18.639785356424433,18.476657168154066,18.529434204101562,196000
2011-01-24,18.558224243457765,18.697363384582445,18.524639185979169,18.658979415893555,197000
2011-01-25,18.620603472302147,18.759740829467773,18.543837339633569,18.759740829467773,851300
2011-01-26,18.817314047904894,18.846100199537396,18.735749014365819,18.822111129760742,375100
2011-01-27,18.793318112735715,18.80771301494396,18.68296695712964,18.774127960205078,217800
2011-01-28,18.774130398451177,18.783726391086862,18.423884903366794,18.452671051025391,251100
2011-01-31,18.606206893920898,18.639791959558032,18.529440768143328,18.606206893920898,346000
2011-02-01,18.793319615478289,18.985235798116285,18.750140396145522,18.942054748535156,372100
2011-02-02,18.841296572659061,18.913263756989323,18.807711520588658,18.884477615356445,986100
2011-02-03,18.903674879908412,18.91326904296875,18.721354667536083,18.91326904296875,240300
2011-02-04,18.874888528853432,18.879685610797583,18.730952277295327,18.798122406005859,523300
2011-02-07,18.822112665793878,18.879686804006095,18.788527599316012,18.850900650024414,396100
2011-02-08,18.831704628822774,18.879682762019751,18.759735598778843,18.865289688110352,264900
2011-02-09,18.711758003445276,18.735747070733321,18.601406829721444,18.687768936157227,272600
2011-02-10,18.471857949001265,18.56301710856162,18.399888939178705,18.548624038696289,189400
2011-02-11,18.409484831871389,18.582208990334273,18.380698692292867,18.553421020507812,317800
2011-02-14,18.471853588473412,18.601396677424876,18.471853588473412,18.591800689697266,231700
2011-02-15,18.534235607725112,18.558224673587485,18.447873506421832,18.486255645751953,429700
2011-02-16,18.548623673726517,18.721347829703717,18.548623673726517,18.716548919677734,332400
2011-02-17,18.769335263795526,18.894081362912498,18.71655820880364,18.874889373779297,244000
2011-02-18,18.92286679822363,18.975643851212581,18.884484651662692,18.927665710449219,382500
2011-02-22,18.658983924618148,18.716558061315233,18.42388846545991,18.471866607666016,578600
2011-02-23,18.587021024092557,18.644595174148687,18.395104750239813,18.572626113891602,293500
2011-02-24,18.634993413253152,18.644589407002481,18.428684123264297,18.577419281005859,319100
2011-02-25,18.754936044179125,18.91326532704764,18.745340052755544,18.908468246459961,661300
2011-02-28,19.133977439567637,19.196348664429362,19.052412393615331,19.162763595581055,680300
2011-03-01,19.181946368977641,19.196339440068087,18.802912968112295,18.855690002441406,502900
2011-03-02,18.918063658328663,19.00922282868768,18.898871676069447,18.951648712158203,302200
2011-03-03,19.038023811522471,19.153172123266888,18.961257660276392,19.114789962768555,289800
2011-03-04,19.181952336868065,19.201144324458411,18.990037951710637,19.124378204345703,328800
2011-03-07,19.215541376432562,19.244329363775375,18.932465906766552,18.97564697265625,274600
2011-03-08,18.937262322995174,19.119580728048053,18.898878344932161,19.018825531005859,625200
2011-03-09,19.038009068226412,19.12916823028328,19.004424017455563,19.08119010925293,621200
2011-03-10,18.80772044204539,18.822113519689196,18.615804198966266,18.649389266967773,230900
2011-03-11,18.510247883844681,18.706961166575208,18.500651890754344,18.668577194213867,210700
2011-03-14,18.198383602523581,18.337522749989645,18.136010565685616,18.318330764770508,566900
2011-03-15,17.39714047009382,17.92011031688871,17.272396191795945,17.814558029174805,1356500
2011-03-16,17.713805376803865,17.780977360468661,17.147656156481595,17.368358612060547,1026500
2011-03-17,17.82415402446679,17.915313234367197,17.737791897087892,17.814558029174805,441700
2011-03-18,18.165125847793739,18.300147950391167,18.131370782022664,18.237459182739258,404600
2011-03-21,18.541254590965423,18.676274839316285,18.478565830154128,18.671453475952148,200600
2011-03-22,18.584655099725833,18.608765596714566,18.478566705559786,18.536432266235352,214800
2011-03-23,18.536435875296938,18.748612704940058,18.48821487193079,18.700389862060547,174600
2011-03-24,18.782363062400801,18.922206512392361,18.729318868299668,18.898094177246094,316300
2011-03-25,18.787184407278815,18.820939469034961,18.690740585327148,18.690740585327148,186300
2011-03-28,18.690744533426336,18.729322806161161,18.555724257881025,18.608768463134766,333200
2011-03-29,18.54607387371561,18.690738672078268,18.473742394290639,18.6280517578125,357300
2011-03-30,18.753436960697549,18.898101832612404,18.710037315171725,18.835414886474609,170300
2011-03-31,18.811291638530111,18.8546912589015,18.74860472872567,18.82093620300293,1139400
2011-04-01,18.907743796474101,19.013832213028373,18.81129994865325,18.994543075561523,605200
2011-04-04,19.013829890000284,19.013829890000284,18.902920122386476,18.989719390869141,297300
2011-04-05,18.936668476381204,19.037933640543333,18.902913421660493,18.999357223510742,451000
2011-04-06,19.095798685502821,19.148842867106229,19.057222269481009,19.139198303222656,172600
2011-04-07,19.00418851013691,19.04276678682826,18.816124010050292,18.878812789916992,268600
2011-04-08,19.119919061564829,19.134384993721923,18.975252381940923,19.081340789794922,583100
2011-04-11,19.066875349709029,19.105451782961257,18.907742733821188,18.941497802734375,738100
2011-04-12,18.869165965634558,18.912565601968765,18.763077556925769,18.792011260986328,595400
2011-04-13,18.984898595025637,19.009009097214509,18.820944604822536,18.849878311157227,203000
2011-04-14,18.869162566617693,19.028293311502424,18.806473805535621,19.004182815551758,364200
2011-04-15,19.042754949485278,19.11990961539367,18.984887570419737,19.062042236328125,193300
2011-04-18,18.777540688554215,18.816118954881059,18.589476238993296,18.782363891601562,302700
2011-04-19,18.869170702266832,18.946325426282819,18.825771055038231,18.927036285400391,188600
2011-04-20,19.206721946107649,19.254942955376631,19.172965032203052,19.245298385620117,232500
2011-04-21,19.423712554822391,19.462290822383423,19.351381062415022,19.452646255493164,540200
2011-04-25,19.462290822383423,19.486401319852543,19.341736495524767,19.452646255493164,263100
2011-04-26,19.539444449557717,19.645532840036495,19.481578890893356,19.606954574584961,592300
2011-04-27,19.664818665238215,19.833595804719778,19.524977062198161,19.819128036499023,1037900
2011-04-28,19.804663482694604,19.901107306306251,19.795018916382144,19.896284103393555,724600
2011-04-29,19.881815633162745,20.036124995418398,19.881815633162745,19.992725372314453,763000
2011-05-02,20.108457185061379,20.122923112113149,19.997547452135109,20.021657943725586,793800
2011-05-03,19.930044840093746,19.978265841421571,19.722691223260174,19.833600997924805,300000
2011-05-04,19.915571823581555,19.915571823581555,19.563553455950611,19.611774444580078,393200
2011-05-05,19.496043004655071,19.563553123393852,19.288689445950084,19.38031005859375,637100
2011-05-06,19.693754251257332,19.795019440952281,19.428535108931666,19.549089431762695,307300
2011-05-09,19.549093111360921,19.679292025266481,19.462293835423882,19.631069183349609,271000
2011-05-10,19.698583795162953,19.746806648029018,19.64071821123742,19.679296493530273,702200
2011-05-11,19.611783955859384,19.611783955859384,19.254944052111195,19.361032485961914,298400
2011-05-12,19.332093228357927,19.496047197489073,19.211538893394238,19.467113494873047,477000
2011-05-13,19.471934480539517,19.471934480539517,19.100626950401814,19.235647201538086,297000
2011-05-16,19.201900070289096,19.361032723013555,19.148855852714277,19.197078704833984,262900
2011-05-17,19.105449966453882,19.3369140625,19.07169490075006,19.3369140625,718000
2011-05-18,19.370668056600714,19.558734348777733,19.332091629150337,19.491222381591797,205100
2011-05-19,19.587655498541544,19.611765982453033,19.46710123947209,19.602123260498047,162700
2011-05-20,19.515332691462536,19.573198246385061,19.361023318660578,19.447822570800781,222900
2011-05-23,19.042762749451107,19.163317079281857,19.004184480938981,19.105449676513672,873300
2011-05-24,19.245301023231082,19.279056102248294,19.139212580883356,19.211545944213867,671700
2011-05-25,19.144033449996805,19.327276599095775,19.115099740292667,19.2694091796875,259500
2011-05-26,19.307981252560744,19.46229064235137,19.254937054911522,19.409246444702148,177700
2011-05-27,19.553910263770966,19.688932352540341,19.534621131159206,19.626243591308594,204500
2011-05-31,19.862532143013745,19.867355346679688,19.698578169122921,19.867355346679688,773500
2011-06-01,19.833592617990007,19.833592617990007,19.471929742298421,19.515329360961914,463700
2011-06-02,19.62623668410269,19.688925423271929,19.462282793630106,19.655168533325195,248400
2011-06-03,19.510512113842591,19.775731269059825,19.486401616007036,19.684110641479492,548600
2011-06-06,19.64071575715711,19.679294034629663,19.447829888334912,19.486406326293945,238800
2011-06-07,19.679285915656784,19.693751843984106,19.54426383972168,19.54426383972168,259000
2011-06-08,19.467108777717005,19.534618894615907,19.361022239524182,19.394777297973633,366400
2011-06-09,19.467113494873047,19.505691765027748,19.399603361615487,19.467113494873047,703900
2011-06-10,19.346556706551933,19.361024475781857,19.066871641450181,19.129558563232422,243500
2011-06-13,19.168135585676882,19.259756200465567,19.052402636906024,19.177780151367188,232600
2011-06-14,19.404425673082411,19.544267297181495,19.351381473814826,19.457468032836914,203900
2011-06-15,19.288690126925466,19.322445187486558,19.013826439777805,19.076515197753906,195400
2011-06-16,19.013829232732473,19.163317265399169,18.873985767287479,19.086162567138672,428500
2011-06-17,19.195813339407362,19.225053633381705,19.054488040372629,19.14708137512207,377800
2011-06-20,19.059357705385523,19.156823469198478,19.005751442338155,19.098342895507812,189700
2011-06-21,19.205558486670672,19.395615733985043,19.181192506580008,19.346883773803711,258600
2011-06-22,19.288405982360022,19.351757161857702,19.166574217011124,19.176319122314453,298800
2011-06-23,18.942399889186632,19.117837905883789,18.796202161607319,19.117837905883789,243000
2011-06-24,19.151952048002681,19.151952048002681,18.883922551333164,18.92778205871582,237500
2011-06-27,18.913152436602228,19.083716060910319,18.859546194961379,19.010616302490234,286100
2011-06-28,19.044734244017501,19.254283079824262,19.034987483909493,19.249410629272461,234300
2011-06-29,19.351752585690523,19.458965108726353,19.264033586662077,19.42485237121582,242300
2011-06-30,19.551554767789234,19.702626776496899,19.488203609077122,19.678260803222656,372100
2011-07-01,19.644157662859669,19.858580935001758,19.575930301763751,19.843961715698242,280900
2011-07-05,19.800101644922943,19.809848410521148,19.678269863453579,19.697761535644531,323800
2011-07-06,19.663640992447391,19.70750049075416,19.580796306203897,19.619781494140625,382800
2011-07-07,19.746492598583977,19.80009887236502,19.673392796336156,19.736745834350586,336400
2011-07-08,19.600292205810547,19.639277398473435,19.478460457855991,19.600292205810547,744200
2011-07-11,19.244547377036465,19.307898559511873,19.08860099977505,19.137334823608398,623400
2011-07-12,19.117844713273602,19.273789259420177,19.059365973220043,19.112972259521484,248000
2011-07-13,19.244543455697709,19.497951851974509,19.234796692917076,19.312768936157227,484700
2011-07-14,19.385871219647168,19.40536474958374,19.127588454506242,19.161701202392578,402900
2011-07-15,19.244543687987079,19.307894858318495,19.147077918009213,19.259162902832031,367900
2011-07-18,19.039856577659084,19.088588510603088,18.859546194961379,19.010616302490234,239300
2011-07-19,19.137333684376138,19.234799467235465,19.093474175039699,19.229925155639648,171700
2011-07-20,19.366377301478291,19.376122206310463,19.273783974526591,19.346883773803711,172200
2011-07-21,19.444345376302646,19.585668774072676,19.361498830984626,19.575922012329102,503100
2011-07-22,19.5808044309913,19.5808044309913,19.444353428087197,19.556438446044922,685100
2011-07-25,19.400483409769191,19.546681099313641,19.361496367754945,19.429721832275391,919500
2011-07-26,19.53693519089461,19.585667136533328,19.439469440612609,19.522315979003906,131400
2011-07-27,19.47359276375467,19.47359276375467,19.14708446061579,19.220182418823242,356900
2011-07-28,19.239675951280795,19.38587372670127,19.195816432754093,19.220182418823242,205000
2011-07-29,19.151946380828111,19.385863064649904,19.103214435491946,19.225046157836914,492500
2011-08-01,19.488211974582327,19.488211974582327,18.927785053683021,19.132461547851562,749000
2011-08-02,19.069108069531296,19.190939832558449,18.757219053622617,18.766963958740234,392300
2011-08-03,18.86442602476275,19.01062373979406,18.620762546708967,18.976511001586914,858900
2011-08-04,18.464822840042171,18.469697151905265,17.826425552368164,17.826425552368164,680300
2011-08-05,17.928765084251566,18.05059686352644,17.212393627233581,17.767946243286133,752900
2011-08-08,17.012587704101303,17.178278979970447,16.291343873554801,16.325456619262695,691300
2011-08-09,16.997967828840284,17.631492614746094,16.608106565129415,17.631492614746094,926500
2011-08-10,17.090558183476613,17.178277194466631,16.666584203028204,16.70069694519043,779100
2011-08-11,16.837150337017093,17.646113220012541,16.837150337017093,17.485296249389648,577700
2011-08-12,17.680217134029714,17.738697693225902,17.436553714392019,17.621738433837891,264000
2011-08-15,17.855658353677267,18.035968796608838,17.821545617420071,17.992109298706055,286000
2011-08-16,17.719211710648075,17.972621997943978,17.685098966108736,17.841043472290039,208500
2011-08-17,18.055462124806208,18.201659829900876,17.894645206903476,17.957996368408203,330300
2011-08-18,17.421939256916694,17.46579875877682,17.14416303147086,17.363460540771484,593700
2011-08-19,17.21726162271602,17.592501729288401,17.158781051635742,17.158781051635742,276000
2011-08-22,17.490168885029806,17.597381439235651,17.202645828845753,17.222139358520508,189900
2011-08-23,17.387825917305712,17.714334085099779,17.295234465021903,17.689968109130859,267200
2011-08-24,17.592498967876221,17.753317724596908,17.4511755907936,17.67047119140625,565800
2011-08-25,17.62174020683139,17.704586744525994,17.304976985829832,17.368330001831055,251600
2011-08-26,17.358591310132958,17.689973896945617,17.163661579599601,17.602254867553711,431100
2011-08-29,17.919009452591862,18.113939087578188,17.899515931391878,18.079826354980469,396600
2011-08-30,17.938502973791845,18.177292101975883,17.850783987396422,18.079826354980469,281000
2011-08-31,18.279633822973654,18.425833401147436,18.240648632064211,18.352733612060547,393500
2011-09-01,18.265021312934586,18.37710633407173,18.138317072216022,18.18217658996582,406700
2011-09-02,17.904392856169242,18.03109704446555,17.841039832518703,17.919012069702148,292200
2011-09-06,17.251378349562767,17.63636530702135,17.207518840611133,17.577886581420898,665200
2011-09-07,17.748449017850792,17.933633804321289,17.675351080905486,17.933633804321289,307300
2011-09-08,17.728960129734233,17.904398180317376,17.573015608994844,17.597381591796875,199300
2011-09-09,17.329348137368321,17.358586566505284,17.027204070250413,17.090557098388672,306200
2011-09-12,16.885881542876433,17.071064467126579,16.725062738179993,17.051572799682617,987300
2011-09-13,16.939487218361272,17.032080546412868,16.822529768934714,16.993093490600586,387300
2011-09-14,16.856644909920309,17.061321405019953,16.583741057448712,16.929744720458984,354500
2011-09-15,17.056442423069733,17.178274154663086,16.954104214692439,17.178274154663086,235100
2011-09-16,17.22400096933934,17.253503217347891,17.032241046432446,17.17974853515625,251600
2011-09-19,16.72247901869606,16.869988427286312,16.599555761977548,16.776565551757812,216000
2011-09-20,16.815899396537827,16.94865671915441,16.717560430637416,16.747062683105469,312400
2011-09-21,16.732307381289893,16.85523059596445,16.314369201660156,16.314369201660156,721500
2011-09-22,15.832509613312901,15.891512228146361,15.53749372565664,15.768589019775391,872700
2011-09-23,15.783339308300597,15.984933296327538,15.699752426375452,15.91118049621582,288300
2011-09-26,15.955438666231602,16.132448451230754,15.748926625179257,16.098030090332031,222100
2011-09-27,16.452045278856087,16.638889120748082,16.329122044180245,16.397958755493164,237400
2011-09-28,16.491381750839416,16.550384378787719,16.078359603881836,16.078359603881836,319500
2011-09-29,16.388124926600398,16.545466501372445,16.068523797786199,16.319286346435547,287100
2011-09-30,16.029193170262864,16.088197688543822,15.734178081498836,15.758762359619141,999300
2011-10-03,15.680091191354228,15.911187526936631,15.434244664363638,15.458829879760742,459600
2011-10-04,15.276898795892478,15.63091829668549,15.035969378869353,15.621084213256836,471500
2011-10-05,15.52275289357628,15.783349667869922,15.389995515447287,15.719429969787598,1312100
2011-10-06,15.783342224356664,16.157029899670363,15.76367593275568,16.147195816040039,431900
2011-10-07,16.34878900531065,16.393041441554416,16.093108470975515,16.107858657836914,1002800
2011-10-10,16.476628056609211,16.663471881558781,16.461877869996719,16.648721694946289,267600
2011-10-11,16.432379535499024,16.579888939400583,16.353708728726186,16.515968322753906,473100
2011-10-12,16.850315507405085,17.061743599430425,16.776560823895032,16.869983673095703,795100
2011-10-13,16.796236267538923,16.992914258348318,16.702815253517642,16.948661804199219,293400
2011-10-14,17.125664922170117,17.243670169970276,17.061744318810266,17.228919982910156,355800
2011-10-17,17.096161111693689,17.115829276418086,16.810978350168181,16.830646514892578,208200
2011-10-18,16.771646282305618,17.125665795069754,16.604470609684739,16.992908477783203,217300
2011-10-19,16.919154466686358,16.983075075870591,16.692976158077258,16.747062683105469,313300
2011-10-20,16.737227156099561,16.737227156099561,16.456962346622763,16.67822265625,449900
2011-10-21,16.94373731787848,17.096162796020508,16.919153047380632,17.096162796020508,482200
2011-10-24,17.08141343055312,17.366594358234039,17.05682728321295,17.322341918945312,225900
2011-10-25,17.184671247338311,17.209255522953388,16.909322483733458,16.943740844726562,318000
2011-10-26,17.11583437277768,17.135500667698434,16.742146634383658,17.076498031616211,209400
2011-10-27,17.720608707423398,17.971371206528634,17.607519590128163,17.858282089233398,623000
2011-10-28,17.691114679822466,17.912376914521058,17.691114679822466,17.843540191650391,353600
2011-10-31,17.410846042420371,17.479682750404145,17.219086105705685,17.238754272460938,466000
2011-11-01,16.663471238101184,17.002740522363982,16.555298205361225,16.894567489624023,430800
2011-11-02,16.997823963212557,17.01257415048768,16.766727692384332,16.963405609130859,463800
2011-11-03,17.174838355490849,17.322345895092045,16.89457346755054,17.18958854675293,742100
2011-11-04,17.03224702829003,17.155170291341385,16.884739487760431,17.101083755493164,388600
2011-11-07,17.066656260523736,17.174829274343132,16.894564534592096,17.164995193481445,247100
2011-11-08,17.204338510892338,17.415764770561275,17.042078924200943,17.366596221923828,353700
2011-11-09,16.77164646979546,16.830649097362507,16.506131832254177,16.584802627563477,452500
2011-11-10,16.810979165936349,16.850315497293977,16.535632349071005,16.638887405395508,264600
2011-11-11,16.879819038586223,17.105997334236353,16.879819038586223,17.071578979492188,222800
2011-11-14,16.820814880795833,16.850317132176475,16.624138831903966,16.717559814453125,396700
2011-11-15,16.638889019764441,16.776562441554717,16.535633953421733,16.717559814453125,403100
2011-11-16,16.476630769948269,16.589721804799449,16.260286536146573,16.270120620727539,536200
2011-11-17,16.279962753756564,16.294712950090254,15.891524661242673,16.004613876342773,415700
2011-11-18,16.216034489714243,16.216034489714243,16.053776779312031,16.102945327758789,540300
2011-11-21,15.74891996753899,15.773506108353191,15.552243032810187,15.680083274841309,310300
2011-11-22,15.719423760717973,15.847264044216821,15.675171318821068,15.788261413574219,303400
2011-11-23,15.596502062665262,15.596502062665262,15.321154237484677,15.350655555725098,273700
2011-11-25,15.370316849168821,15.547326555070402,15.340815544128418,15.340815544128418,128800
2011-11-28,15.930847229423717,15.965265574850653,15.724335281202958,15.842342376708984,449300
2011-11-29,15.980021815741882,16.068526702004934,15.896434909637813,15.950519561767578,689000
2011-11-30,16.599556968428661,16.860155567060971,16.560222498763142,16.8355712890625,264700
2011-12-01,16.58480267164142,16.633973091127736,16.476629624431244,16.540550231933594,220300
2011-12-02,16.658558075730333,16.702810517331375,16.481548309326172,16.481548309326172,194100
2011-12-05,16.756897856226455,16.796232319746952,16.574970101007011,16.707727432250977,2266400
2011-12-06,16.555295735909937,16.68313691474415,16.511045184381771,16.589715957641602,275500
2011-12-07,16.481546617063611,16.727393072791301,16.422543992873653,16.67822265625,297200
2011-12-08,16.393041441554416,16.407791628415815,16.078358284114117,16.107858657836914,283800
2011-12-09,16.181615438940103,16.412711733212753,16.14228097699614,16.348791122436523,310400
2011-12-12,15.980015547852711,15.989849628653563,15.734169154808823,15.832508087158203,441900
2011-12-13,15.92593335899519,16.02427231800548,15.606333148956477,15.670253753662109,381600
2011-12-14,15.576836289035844,15.62108873945709,15.429327808355,15.468663215637207,328800
2011-12-15,15.685003879883455,15.729256317482582,15.557163608800403,15.621084213256836,418800
2011-12-16,15.663961482719566,15.718800608099535,15.484488673024796,15.569239616394043,261300
2011-12-19,15.579204604622319,15.614101870796002,15.309995492632435,15.334922790527344,475700
2011-12-20,15.778616719172904,15.918206721350916,15.733748538147083,15.89826488494873,667700
2011-12-21,15.758678760775689,15.773634189976157,15.534337813975943,15.70882511138916,3227800
2011-12-22,15.783606823095685,15.903255024081753,15.728767707730638,15.88331413269043,699300
2011-12-23,15.953110706765617,16.007949829101562,15.858388845697938,16.007949829101562,548200
2011-12-27,15.913227338329047,15.978036429623733,15.883315523183766,15.903256416320801,562900
2011-12-28,15.883318452169325,15.883318452169325,15.594168316765247,15.644021034240723,584900
2011-12-29,15.678914639561624,15.828474649599801,15.634046446374301,15.823489189147949,759700
2011-12-30,15.828476827511746,15.978036858128567,15.803550472702105,15.868359565734863,535600
2012-01-03,16.167480401258466,16.292114075704333,16.142554046721081,16.262201309204102,269100
2012-01-04,16.192410209739599,16.247249342474746,16.127600152710848,16.202381134033203,281400
2012-01-05,16.032874453228946,16.147537195843103,15.97803533681374,16.037858963012695,1103900
2012-01-06,16.037854226172424,16.037854226172424,15.853396990513156,15.943133354187012,284400
2012-01-09,16.022902563606941,16.022902563606941,15.868357095906504,15.983020782470703,244200
2012-01-10,16.25222639091875,16.307065498472451,16.22730004251029,16.23228645324707,245000
2012-01-11,16.127593948473372,16.247243092208603,16.067770327485068,16.222316741943359,202600
2012-01-12,16.312058195678901,16.451647321969023,16.272174501447886,16.431705474853516,1516800
2012-01-13,16.307068568154065,16.331994921254722,16.132582194690627,16.317039489746094,259700
2012-01-17,16.536400634096054,16.55135797331031,16.421737842837913,16.451650619506836,228800
2012-01-18,16.49152743707576,16.710882002462601,16.451643751500626,16.68096923828125,605500
2012-01-19,16.875397549269259,17.029943979134089,16.850471196519141,17.010002136230469,509600
2012-01-20,17.034926811398503,17.169531385103994,17.034926811398503,17.149591445922852,282000
2012-01-23,17.219387328950965,17.329063659146904,17.19446097671365,17.264255523681641,233100
2012-01-24,17.049882753119995,17.179500905145094,17.019969994148756,17.129648208618164,374100
2012-01-25,17.094754206819506,17.388889736746215,17.044899599008893,17.353992462158203,420400
2012-01-26,17.478627165135045,17.548421718448314,17.299154369895806,17.314109802246094,276100
2012-01-27,17.314098955229678,17.453687974405845,17.314098955229678,17.403835296630859,317600
2012-01-30,17.184493246659589,17.304140520320932,17.139625043596805,17.269243240356445,384600
2012-01-31,17.398859863272875,17.41879980372714,17.184489813879889,17.329063415527344,497700
2012-02-01,17.513528733279639,17.663088798707321,17.513528733279639,17.608249664306641,356800
2012-02-02,17.573340163267311,17.692989273492902,17.563369245602004,17.583311080932617,713200
2012-02-03,17.668073991319876,17.837575912475586,17.668073991319876,17.837575912475586,2537300
2012-02-06,17.658097376967806,17.747833771123371,17.648128356958409,17.727893829345703,574800
2012-02-07,17.742842011075496,17.832578368563176,17.633163818199865,17.787710189819336,441700
2012-02-08,17.852522083149751,17.892403856365608,17.762785716216207,17.88243293762207,400600
2012-02-09,17.95223782299691,18.056931579318551,17.842561457066676,17.907369613647461,994800
2012-02-10,17.58331457038387,17.673050945421942,17.568359141797014,17.633167266845703,917800
2012-02-13,17.777742895360447,17.837566511958698,17.712932868019895,17.757801055908203,324700
2012-02-14,17.683024567275325,17.737863682818592,17.543433572685529,17.658096313476562,310000
2012-02-15,17.887428452658202,17.937281169992861,17.762794757562286,17.807662963867188,447100
2012-02-16,17.752825384433546,17.987137360243725,17.697986249519722,17.967195510864258,209700
2012-02-17,18.081853954639691,18.15164850896592,18.017043910582917,18.096809387207031,843200
2012-02-21,18.027016632727278,18.056929402607476,17.91733837825905,17.972177505493164,424200
2012-02-22,17.907369267836838,17.907369267836838,17.797692904024572,17.847545623779297,360900
2012-02-23,17.887421307762743,18.007068542278116,17.827595788746553,17.99211311340332,317200
2012-02-24,18.116747460699514,18.251352031063817,18.116747460699514,18.206483840942383,428200
2012-02-27,18.007070580959322,18.186543354810002,17.942262447325579,18.116748809814453,332000
2012-02-28,18.246364874456194,18.331116742003871,18.191527668111817,18.291233062744141,547800
2012-02-29,18.395928038016574,18.420854388392915,18.161616160609988,18.186542510986328,881200
2012-03-01,18.301206351632047,18.38595823015077,18.251353647862505,18.366016387939453,881000
2012-03-02,18.286256095435984,18.326137889385489,18.236403377559288,18.276285171508789,382300
2012-03-05,18.30120978293596,18.30120978293596,18.176576098385713,18.196517944335938,1023900
2012-03-06,17.822612113885349,17.842553954490779,17.643139351953657,17.717920303344727,598700
2012-03-07,17.862501581052587,17.967193425504608,17.792705116325365,17.937280654907227,420700
2012-03-08,18.241379949473441,18.366013591680346,18.186540842621046,18.326129913330078,300000
2012-03-09,18.306191934251967,18.361031046970876,18.221440059570384,18.231410980224609,231500
2012-03-12,18.266307040632007,18.266307040632007,18.13668888423771,18.24138069152832,320500
2012-03-13,18.356047934349242,18.575402522884268,18.341092501559739,18.565433502197266,344900
2012-03-14,18.500617924873971,18.545486111584388,18.32612968688527,18.390939712524414,693100
2012-03-15,18.470707493447872,18.57041479889434,18.405897459643867,18.560443878173828,359900
2012-03-16,18.628677534719589,18.698917324910649,18.628677534719589,18.678848266601562,282600
2012-03-19,18.613624700943834,18.729020828760536,18.563453969285838,18.653762817382812,728700
2012-03-20,18.463106169350283,18.51327880288045,18.387850089890446,18.468124389648438,619200
2012-03-21,18.44305026879865,18.473153870385456,18.317621466357743,18.402914047241211,241800
2012-03-22,18.131986817806744,18.22229570590217,18.09185059748188,18.202226638793945,423300
2012-03-23,18.187177849911212,18.277486748208322,18.071783571840857,18.257417678833008,397700
2012-03-26,18.433010295647811,18.508266398756685,18.392872176210382,18.493215560913086,271600
2012-03-27,18.533345907810585,18.598569374332929,18.458089828491211,18.458089828491211,354400
2012-03-28,18.438029923449239,18.438029923449239,18.227310500134745,18.332670211791992,362100
2012-03-29,18.277475422430747,18.332664372068702,18.131977630456248,18.297544479370117,471400
2012-03-30,18.427980595211281,18.483169518115815,18.342690015369502,18.473134994506836,319800
2012-04-02,18.397887141402034,18.718986331793037,18.397887141402034,18.663797378540039,523800
2012-04-03,18.573489658426396,18.588540496085667,18.317613934873684,18.422975540161133,379200
2012-04-04,18.116924374229985,18.182147843623603,18.036650071087973,18.142009735107422,996000
2012-04-05,18.111913573047225,18.17713706915886,18.056726522066295,18.076793670654297,251000
2012-04-09,17.951370336606679,18.091851902606834,17.88113051055246,17.986490249633789,277000
2012-04-10,18.036658505641626,18.096863782679577,17.750681047347303,17.790817260742188,501800
2012-04-11,18.111909499328078,18.111909499328078,17.981464450335558,18.001533508300781,278700
2012-04-12,18.066752115563016,18.292524195951582,18.026615920099715,18.252388000488281,1267800
2012-04-13,18.277478651849254,18.277478651849254,18.086826405020442,18.111911773681641,296800
2012-04-16,18.212255348114407,18.262427999839876,18.081810281410121,18.172119140625,821000
2012-04-17,18.332668511996857,18.438028213885211,18.247375957688877,18.397890090942383,235800
2012-04-18,18.332659171657383,18.47815692235865,18.322624646034186,18.443035125732422,169900
2012-04-19,18.417955216175162,18.498229531013745,18.252390279147736,18.362766265869141,296900
2012-04-20,18.503254030793677,18.568475617931256,18.48318496680152,18.533355712890625,241700
2012-04-23,18.21727387193032,18.272460918905843,18.116930480708554,18.267444610595703,341100
2012-04-24,18.443035288507744,18.558431377247953,18.443035288507744,18.488189697265625,406600
2012-04-25,18.688880920410156,18.703931755686316,18.588537552824477,18.688880920410156,162000
2012-04-26,18.613625044569506,18.774173685507847,18.58853967827741,18.759122848510742,314800
2012-04-27,18.814310139351274,18.864480867499971,18.724001297571139,18.834379196166992,333600
2012-04-30,18.794238935961339,18.794238935961339,18.668810216024774,18.764137268066406,578500
2012-05-01,18.713972395542079,18.949779099295849,18.678852492501029,18.814315795898438,1046400
2012-05-02,18.708954048917068,18.784210155568744,18.628679720154032,18.769159317016602,628100
2012-05-03,18.749087792104181,18.76414054256886,18.55843748253157,18.598573684692383,729800
2012-05-04,18.543385859612631,18.558438610992603,18.317613727821318,18.357751846313477,423900
2012-05-07,18.41293749083837,18.543382524696465,18.377817600419249,18.508262634277344,746000
2012-05-08,18.427993431728996,18.448062492926599,18.152050538880527,18.317615509033203,646600
2012-05-09,18.061746770207044,18.242364544131764,18.001541483529323,18.121952056884766,1055400
2012-05-10,18.267447980283439,18.282498821881191,18.111915599505014,18.116933822631836,1545800
2012-05-11,17.986484647606158,18.162086071941022,17.916244843428661,18.026622772216797,265000
2012-05-14,17.835965993051918,17.921258529312773,17.790811571241026,17.800846099853516,455800
2012-05-15,17.765729492132891,17.810883922294348,17.600164524134879,17.635284423828125,389600
2012-05-16,17.610200523736697,17.685458559760306,17.45968636558084,17.489789962768555,429700
2012-05-17,17.509852616891369,17.524903453029168,17.269027755342638,17.284080505371094,529300
2012-05-18,17.339274819051905,17.339274819051905,17.123537169530827,17.158657073974609,364600
2012-05-21,17.304146725251258,17.565036773681641,17.279059450614572,17.565036773681641,581200
2012-05-22,17.549991303218544,17.610196570186321,17.359339058281154,17.454666137695312,549500
2012-05-23,17.329240892436584,17.364360798106897,17.068348797534728,17.359342575073242,389000
2012-05-24,17.404483568228329,17.419536311809967,17.203798821408252,17.344278335571289,262100
2012-05-25,17.324209286722329,17.369363689687567,17.289089408181571,17.344278335571289,234400
2012-05-29,17.585113525390625,17.670406085931834,17.469719284333493,17.585113525390625,383600
2012-05-30,17.354316287875854,17.354316287875854,17.198783999409944,17.233903884887695,298800
2012-05-31,17.329234979689229,17.414525603246968,17.148617289930883,17.299131393432617,642100
2012-06-01,17.133565414196244,17.173701612879196,16.97803309880975,16.988067626953125,1118900
2012-06-04,17.088413124082653,17.143600164912893,16.927864481561905,17.053293228149414,552000
2012-06-05,17.06834820143596,17.178726137625699,17.028210074133781,17.158657073974609,705600
2012-06-06,17.484765083171407,17.780776977539062,17.47473246848628,17.780776977539062,617700
2012-06-07,17.90621317271572,17.951367613170355,17.675424661010446,17.705528259277344,456800
2012-06-08,17.464701172796929,17.655351509355675,17.424563051063938,17.615215301513672,277100
2012-06-11,17.665391013748042,17.705529146782531,17.31419000526234,17.349311828613281,250200
2012-06-12,17.514867914647134,17.595142225905676,17.399473711831142,17.55500602722168,194500
2012-06-13,17.449647903442383,17.58009488132052,17.364357268122081,17.449647903442383,204100
2012-06-14,17.464701270500786,17.690471507893449,17.464701270500786,17.645317077636719,228800
2012-06-15,17.694720859309292,17.872991584742088,17.689626299722537,17.857711791992188,169400
2012-06-18,17.786401536072159,17.913738323505683,17.740562157881062,17.872991561889648,420700
2012-06-19,18.066543356366328,18.265188426553902,18.066543356366328,18.178598403930664,491200
2012-06-20,18.19388196866992,18.346685734718147,18.112386497243847,18.214254379272461,239300
2012-06-21,18.168415895457628,18.204071991348187,17.811874366608112,17.832246780395508,1329200
2012-06-22,18.010513331530564,18.025793122399627,17.893363734522904,18.000326156616211,474500
2012-06-25,17.888277289979179,17.903559030785232,17.750753280759664,17.791501998901367,233100
2012-06-26,17.934116276067847,18.025798936865577,17.82715381947235,17.964677810668945,604700
2012-06-27,18.163320541381836,18.224441659547086,18.107292040144813,18.163320541381836,536700
2012-06-28,18.09710857469123,18.204072982173635,17.964679134339953,18.193885803222656,278100
2012-06-29,18.652286373268357,18.743968987614121,18.55041658588366,18.733781814575195,386400
2012-07-02,18.810189945355916,18.942619346198022,18.723599921608852,18.927339553833008,1005800
2012-07-03,18.917161690277336,19.151461022570114,18.866227728650589,19.008844375610352,743100
2012-07-05,18.876407735318729,18.876407735318729,18.723602022502384,18.835659027099609,1655900
2012-07-06,18.76435282760724,18.779632623394228,18.647203192894022,18.754165649414062,355300
2012-07-09,18.642102965556152,18.738880157470703,18.580981857981946,18.738880157470703,1009100
2012-07-10,18.815285356191257,18.835659711040627,18.499490628047681,18.545331954956055,278700
2012-07-11,18.743976593017578,18.820379450307847,18.642106764299012,18.743976593017578,618600
2012-07-12,18.540241045760268,18.67776309614915,18.474025357902423,18.626829147338867,1732300
2012-07-13,18.738887381405821,18.932437953839688,18.728700202382083,18.906970977783203,183500
2012-07-16,18.835662667622756,18.947719693878163,18.800008512542529,18.906970977783203,200100
2012-07-17,19.044498316561064,19.136181000831172,18.861132948020852,19.085247039794922,489000
2012-07-18,19.054677726875823,19.197294314023164,19.013930963264556,19.161640167236328,318600
2012-07-19,19.197297958247962,19.273700826154901,19.125989651137825,19.222766876220703,236300
2012-07-20,19.059776455733552,19.064871017196968,18.963001160993564,18.998655319213867,257300
2012-07-23,18.672670163631654,18.779632620133121,18.591174681105933,18.749073028564453,214400
2012-07-24,18.805101923571147,18.805101923571147,18.453652975957151,18.586084365844727,897300
2012-07-25,18.825464284740452,18.845838630662264,18.667567961357829,18.794904708862305,1083900
2012-07-26,19.136173248291016,19.197294365374045,19.054677777845214,19.136173248291016,307700
2012-07-27,19.202395782741291,19.497816239980342,19.171834241783056,19.441787719726562,329000
2012-07-30,19.345014476733279,19.43669716634389,19.329734676133572,19.380668640136719,669400
2012-07-31,19.406128060702638,19.451969387646251,19.329727144466897,19.339914321899414,324500
2012-08-01,19.543659622271448,19.548754184466535,19.380668606139874,19.385763168334961,339600
2012-08-02,19.309352789601864,19.416315238135155,19.187108603417084,19.339914321899414,640800
2012-08-03,19.599679359666908,19.854352951049805,19.599679359666908,19.854352951049805,492300
2012-08-06,19.864540259289466,19.890007229995184,19.793231964111328,19.793231964111328,408600
2012-08-07,19.910381428162218,19.915474045061433,19.849260310345091,19.869632720947266,422000
2012-08-08,19.72192378010293,19.828886223473067,19.711736603162155,19.752483367919922,617400
2012-08-09,19.670991951907013,19.711740668073219,19.594591023603968,19.640432357788086,385000
2012-08-10,19.584398066749568,19.721922028729434,19.513089777501893,19.681173324584961,255000
2012-08-13,19.676082639072018,19.711736787194937,19.56402563468264,19.665895462036133,243300
2012-08-14,19.635332003925004,19.727014645244918,19.620052211373405,19.681173324584961,585400
2012-08-15,19.650617522699701,19.727018443171875,19.584401837219392,19.696456909179688,631100
2012-08-16,19.696450964043411,19.833974910990019,19.635329857513234,19.798320770263672,243700
2012-08-17,19.818702811237092,19.854356965799902,19.72702014435967,19.767768859863281,229600
2012-08-20,19.69645872685933,19.757581800484424,19.665899133052491,19.727020263671875,195000
2012-08-21,19.798320843128078,19.910377824683263,19.716825386452928,19.762666702270508,282900
2012-08-22,19.676078557203315,19.833974910990019,19.635329857513234,19.798320770263672,1919700
2012-08-23,19.772861681658451,19.772861681658451,19.6557120378863,19.686273574829102,388500
2012-08-24,19.589496289362454,19.752487266574594,19.589496289362454,19.711740493774414,563400
2012-08-27,19.767765313687313,19.767765313687313,19.650615692138672,19.650615692138672,256300
2012-08-28,19.65062332523301,19.711744468260008,19.60987460121094,19.660808563232422,469000
2012-08-29,19.727020290698768,19.772861624477539,19.665899159995643,19.711740493774414,296700
2012-08-30,19.579305838757911,19.609867370505572,19.462156214899952,19.497810363769531,280800
2012-08-31,19.670988103230133,19.747390959590501,19.548745864659967,19.650615692138672,320000
2012-09-04,19.513099641791452,19.614967567638743,19.446883935585802,19.533472061157227,1019100
2012-09-05,19.564029636252851,19.60477835273101,19.497813943478711,19.589496612548828,350600
2012-09-06,19.716825021314875,20.00715270178129,19.681170881117591,19.935844421386719,644100
2012-09-07,20.068277183059184,20.159959819541573,20.047902832061972,20.149772644042969,210200
2012-09-10,20.012253087546576,20.032627443021596,19.864541924860909,19.900196075439453,278400
2012-09-11,19.981683477415221,20.129394580393676,19.961309130175842,20.109020233154297,2375000
2012-09-12,20.236364421250737,20.272018570512262,20.165056122727684,20.21599006652832,701700
2012-09-13,20.231270887635251,20.623468454751645,20.19561673998879,20.603094100952148,646900
2012-09-14,20.699869203541486,20.822113382367892,20.623468291904626,20.669309616088867,430700
2012-09-17,20.587814578162856,20.587814578162856,20.440105354744791,20.475759506225586,328800
2012-09-18,20.394262261505062,20.465570558299675,20.373887907276501,20.419729232788086,206900
2012-09-19,20.384069347180745,20.49103176226749,20.384069347180745,20.429910659790039,204700
2012-09-20,20.31277069618783,20.373891827629112,20.236367824631927,20.368799209594727,434800
2012-09-21,20.447931277609786,20.530154595253244,20.30403900146484,20.304039001464844,278100
2012-09-24,20.242384187557768,20.370858321228845,20.206411586958641,20.319469451904297,276700
2012-09-25,20.422237040137937,20.473625878987924,20.160148865070774,20.165288925170898,302500
2012-09-26,20.237239594580888,20.288628447424763,20.119043664752709,20.232099533081055,247500
2012-09-27,20.288631442576129,20.483912640857991,20.25779695010235,20.432521820068359,206600
2012-09-28,20.288628977348964,20.298907140258013,20.119044190247479,20.170433044433594,492400
2012-10-01,20.23210089825654,20.38626942754988,20.170433878611046,20.185850143432617,1318000
2012-10-02,20.329741097987124,20.345157361768475,20.180710680237176,20.232099533081055,391400
2012-10-03,20.298907690811088,20.329742180374538,20.216684345667741,20.252656936645508,713600
2012-10-04,20.381132959638094,20.468496374800782,20.340022263365757,20.432521820068359,277700
2012-10-05,20.545576907912519,20.591827660235939,20.365713960187616,20.417102813720703,296500
2012-10-08,20.360573347579937,20.360573347579937,20.283490069366493,20.334878921508789,118700
2012-10-09,20.345155679434885,20.350293780150775,20.185847112217512,20.201265335083008,217200
2012-10-10,20.288628441244271,20.31946292915665,20.124181759763069,20.196126937866211,810000
2012-10-11,20.375998384377123,20.375998384377123,20.304051222819165,20.319469451904297,328100
2012-10-12,20.381134034258036,20.447941124627356,20.293772574848475,20.345161437988281,605200
2012-10-15,20.499323685099061,20.581547017058259,20.396544030060348,20.550714492797852,756100
2012-10-16,20.689469703198895,20.802527546720203,20.65863717159078,20.751138687133789,476700
2012-10-17,20.833355824233333,20.972108056158962,20.833355824233333,20.956689834594727,747200
2012-10-18,20.797381583753847,20.895021164205218,20.756268943337314,20.817935943603516,829000
2012-10-19,20.802514364462052,20.802514364462052,20.602095194574755,20.612373352050781,221000
2012-10-22,20.78711622787953,20.802532497352384,20.612391319201244,20.771697998046875,365600
2012-10-23,20.540431731551205,20.581542408145282,20.39653946257587,20.53529167175293,786600
2012-10-24,20.720297115729245,20.740853436684134,20.612379371254086,20.617517471313477,536800
2012-10-25,20.83335630534603,20.910439573512324,20.725438553697938,20.787105560302734,399700
2012-10-26,20.730578017783408,20.828217614693763,20.689465370436572,20.776828765869141,239300
2012-10-31,20.889887403180548,20.99266510485171,20.823080328807094,20.936138153076172,1053700
2012-11-01,21.038914539998256,21.182806841992068,20.946413045987551,21.162250518798828,1602500
2012-11-02,21.172531387422989,21.182809550333733,20.905305032821094,20.925861358642578,536900
2012-11-05,20.930996471157847,20.96183095548718,20.838494978528693,20.905302047729492,826600
2012-11-06,21.013217131797656,21.136553093081513,20.97210645160877,21.105718612670898,336900
2012-11-07,20.951554989226153,20.966971252826621,20.725441294863369,20.838497161865234,434000
2012-11-08,20.792242837191399,20.879606223416914,20.643212446803517,20.663768768310547,290300
2012-11-09,20.607236040705601,20.740850145350684,20.530152789894991,20.627792358398438,399600
2012-11-12,20.689467247049123,20.704885471382138,20.61752206802538,20.632940292358398,298000
2012-11-13,20.478765218048984,20.64835192516226,20.453070797069032,20.545572280883789,621900
2012-11-14,20.632941684922162,20.632941684922162,20.268073743254554,20.298908233642578,831600
2012-11-15,20.401688457944591,20.473633643763733,20.329743272125445,20.45307731628418,1677500
2012-11-16,20.437659139277578,20.458215464834453,20.211545439229255,20.417102813720703,542600
2012-11-19,20.612379116599318,20.7511313407926,20.560988314847005,20.720296859741211,679700
2012-11-20,20.622662135279633,20.679191050345054,20.499326142376972,20.668912887573242,812200
2012-11-21,20.663768484471596,20.704881126920927,20.602101481156289,20.694602966308594,214800
2012-11-23,20.879600889076059,21.018353083261879,20.859044572820775,20.992656707763672,204000
2012-11-26,20.874470012387665,20.956693353220128,20.792246671555201,20.951555252075195,493200
2012-11-27,20.895023886286381,20.972109116930291,20.843635039429671,20.905302047729492,674600
2012-11-28,20.817935149395595,21.018356323242191,20.745989991769978,21.018356323242188,778300
2012-11-29,21.049196205547307,21.218782959583471,21.049196205547307,21.193088531494141,1014900
2012-11-30,21.21877754103491,21.249610062724859,21.157108576937606,21.234193801879883,393800
2012-12-03,21.357524561197522,21.393497134635535,21.234188623439891,21.244466781616211,551400
2012-12-04,21.275313256923848,21.357536608355968,21.265035092949915,21.290729522705078,408300
2012-12-05,21.275301277916746,21.372940840154378,21.187937913507728,21.280439376831055,527100
2012-12-06,21.254756096563252,21.28045052531213,21.177670849957369,21.275312423706055,476300
2012-12-07,21.429482045103668,21.480870905211802,21.367815020902036,21.475732803344727,385100
2012-12-10,21.424336570461925,21.542532487138359,21.424336570461925,21.480865478515625,711300
2012-12-11,21.486009067676658,21.568232412795215,21.465452741307224,21.547676086425781,490300
2012-12-12,21.521982731078513,21.619622345659913,21.46031374889726,21.532260894775391,451500
2012-12-13,21.506558264022221,21.537392746164496,21.347251673850568,21.414056777954102,681100
2012-12-14,21.552815261809862,21.57851165123169,21.491148239987886,21.532260894775391,971700
2012-12-17,21.537396822938959,21.70698356628418,21.537396822938959,21.70698356628418,1109200
2012-12-18,21.701839497930937,21.845729827880859,21.64017249371793,21.845729827880859,688600
2012-12-19,21.825178968011656,21.845733332474271,21.763509993546709,21.768650054931641,502000
2012-12-20,21.943374368752874,22.082126617431641,21.93823430749126,22.082126617431641,505700
2012-12-21,21.908098911817877,21.972157108952302,21.801333892344918,21.934789657592773,848900
2012-12-24,21.886746773761793,22.00418850565076,21.838702614022985,21.924114227294922,139700
2012-12-26,21.945466374362251,22.078922139678127,21.844038689443227,21.902759552001953,356700
2012-12-27,22.041556004299043,22.04689333922606,21.817349246267867,21.972158432006836,418300
2012-12-28,21.833363924623118,21.886745415966374,21.785319767864841,21.806671142578125,535300
2012-12-31,21.849373222234423,22.078917250658783,21.785315039251998,22.073577880859375,691100
2013-01-02,22.372526742511987,22.425908239639877,22.212380214754731,22.367189407348633,682500
2013-01-03,22.153663588805571,22.164340297550595,21.982840321633134,22.025545120239258,749400
2013-01-04,21.972160395890668,22.084262766739279,21.92411623175931,21.988174438476562,1112300
2013-01-07,21.934792336474661,22.068248118021387,21.886748173662895,22.057571411132812,581200
2013-01-08,21.90810453675935,21.934795289387143,21.796002153898289,21.870737075805664,440100
2013-01-09,21.961486870621236,22.030884459170977,21.961486870621236,21.977500915527344,638300
2013-01-10,22.100275088421416,22.148319244384766,22.009524110991386,22.148319244384766,821300
2013-01-11,22.089602737796511,22.100279445267986,22.025542492967663,22.062911987304688,305500
2013-01-14,22.121625318669917,22.158992767333984,22.0362137165273,22.158992767333984,464700
2013-01-15,22.094937633557535,22.169672541231684,22.057570179720464,22.116291046142578,639000
2013-01-16,22.084252674496174,22.126959483706951,22.00951779475006,22.105606079101562,378100
2013-01-17,22.068248118021387,22.137645694610296,22.025541290467096,22.057571411132812,430900
2013-01-18,22.014862172363532,22.089597069111477,21.966818019257964,22.078920364379883,402400
2013-01-22,21.950812617376904,22.046900970310212,21.940135907453847,22.004196166992188,1524300
2013-01-23,21.966823538345441,21.972160873865619,21.886749250926709,21.918779373168945,670900
2013-01-24,21.945472859212536,22.0896053727094,21.945472859212536,22.025545120239258,433500
2013-01-25,22.105615657563142,22.153659820556644,22.030880745434057,22.153659820556641,482000
2013-01-28,22.041561201543779,22.100282081454424,21.97216361288811,22.025545120239258,419500
2013-01-29,22.030871135671763,22.116282717473677,22.025531766349477,22.089591979980469,614800
2013-01-30,22.185679117551498,22.244397922453018,22.153649012391242,22.164325714111328,920600
2013-01-31,22.169675179844194,22.244410096413215,22.164337844249442,22.191028594970703,550100
2013-02-01,22.313803303009809,22.367186830360815,22.223054361073125,22.276435852050781,608600
2013-02-04,22.084265966440643,22.116296092626825,21.97750091552734,21.977500915527344,755100
2013-02-05,22.110942840576172,22.153649648683128,22.041547331961407,22.110942840576172,608900
2013-02-06,21.993501926663697,22.12695763976679,21.988162557770934,22.121618270874023,454000
2013-02-07,22.175008566476023,22.175008566476023,21.88674364919607,21.982831954956055,1320700
2013-02-08,22.062909070107832,22.217716217041016,22.004188204965761,22.217716217041016,1119800
2013-02-11,22.191020910074016,22.19636028019346,22.11094664926674,22.142976760864258,600400
2013-02-12,22.153656697254327,22.27109842054189,22.116289246457981,22.180347442626953,453400
2013-02-13,22.303125381469727,22.340492830391312,22.255081227660089,22.303125381469727,451800
2013-02-14,22.137645763186867,22.201703968343118,22.116292349343578,22.185689926147461,378200
2013-02-15,22.207031632225135,22.217708334496969,22.036208468621307,22.089591979980469,519600
2013-02-19,22.260425720057142,22.356514049784803,22.233734969882505,22.340497970581055,462500
2013-02-20,22.388536760309815,22.388536760309815,22.169669403226457,22.175008773803711,1083300
2013-02-21,22.100278829686186,22.100278829686186,21.908102173299994,22.020204544067383,355700
2013-02-22,22.169668778060572,22.201698891501216,22.020198988083902,22.132301330566406,679300
2013-02-25,22.228387249299715,22.287108099453274,21.779975891113281,21.779975891113281,559200
2013-02-26,22.057566954916698,22.100273773843071,21.945464609794776,22.078920364379883,553300
2013-02-27,22.148321968506337,22.361849992982524,22.110952476940085,22.319145202636719,623600
2013-02-28,22.34583220102196,22.431243803753183,22.303125381469727,22.303125381469727,680900
2013-03-01,22.372525627628104,22.473951281666213,22.27109997358999,22.457937240600586,301400
2013-03-04,22.468614094440792,22.596732532928296,22.420569934554663,22.570039749145508,378700
2013-03-05,22.612743429193156,22.724845774545464,22.612743429193156,22.660787582397461,458200
2013-03-06,22.75687727755296,22.794244728284092,22.634098219954478,22.714170455932617,833900
2013-03-07,22.762223569347743,22.804930407773874,22.714179394305418,22.751546859741211,315800
2013-03-08,22.666129363130384,22.692820112063693,22.586057116330458,22.671468734741211,580400
2013-03-11,22.612745975099489,22.682143545624147,22.586055228397218,22.639436721801758,388100
2013-03-12,22.660792550970832,22.714174050069651,22.484629938472143,22.505983352661133,427600
2013-03-13,22.548687637115812,22.570039012522301,22.43124590869969,22.495304107666016,349300
2013-03-14,22.719511169314814,22.868980981071491,22.708834463278841,22.863643646240234,295500
2013-03-15,22.87543040279035,22.950466632205458,22.805753027797508,22.87006950378418,578800
2013-03-18,22.69856518561344,22.805760711429755,22.644968444997581,22.703926086425781,598300
2013-03-19,22.628882271974007,22.703918501602281,22.435930798881923,22.564563751220703,706900
2013-03-20,22.666407546526877,22.736082899142414,22.61280876230197,22.644968032836914,636000
2013-03-21,22.532406761771806,22.618162745720408,22.484168893014225,22.510967254638672,357800
2013-03-22,22.778954551478954,22.832551273766523,22.714638075817092,22.800394058227539,330700
2013-03-25,22.902228556710984,22.939746671078847,22.687839623835192,22.757514953613281,568800
2013-03-26,22.875429475953279,22.987983815515609,22.875429475953279,22.961185455322266,446000
2013-03-27,22.966547323585647,23.073742823010839,22.89687198685575,23.052303314208984,438800
2013-03-28,23.004065441696852,23.100541186721117,22.929029205474443,23.052303314208984,515600
2013-04-01,22.768239453454981,22.784318064512014,22.607447209131696,22.639606475830078,480800
2013-04-02,23.127343051329692,23.148780516897361,23.014786645324385,23.063024520874023,597800
2013-04-03,23.159494530280742,23.164855428781753,22.891506853574182,22.896867752075195,528100
2013-04-04,23.202370816153479,23.39532224786441,23.191651064993597,23.363162994384766,435800
2013-04-05,23.507897276980685,23.733006115892927,23.389981954930306,23.695487976074219,829900
2013-04-08,23.711554910468443,23.759792782961043,23.604359411086655,23.749073028564453,912500
2013-04-09,23.647234734618166,23.775869733820425,23.518601779999855,23.722270965576172,797400
2013-04-10,23.824114061455795,23.925948681850421,23.781235035236264,23.86699104309082,711600
2013-04-11,23.952744187351485,24.05993969550039,23.909867210842481,23.958105087280273,376700
2013-04-12,24.108174117254055,24.295766740778813,24.108174117254055,24.252887725830078,601900
2013-04-15,24.011698961891085,24.086735195291414,23.674033867005573,23.700834274291992,759900
2013-04-16,23.958107250791119,24.118899505242513,23.904508469584357,24.113540649414062,699200
2013-04-17,23.990267877476903,24.02242715076212,23.743719582711126,23.845556259155273,375800
2013-04-18,23.942027753272605,23.947388653945048,23.79195524779691,23.856271743774414,459200
2013-04-19,24.076013975997348,24.226088478248307,24.054576513890549,24.204648971557617,862800
2013-04-22,24.059945093744115,24.17249948249097,23.952749561544135,24.15106201171875,319200
2013-04-23,24.065301166724318,24.215373654944852,24.038500755612674,24.199295043945312,545700
2013-04-24,24.220728237901326,24.392240206922896,24.199290775211594,24.306484222412109,487000
2013-04-25,24.386883894757965,24.504799152472078,24.338646020655297,24.381525039672852,446600
2013-04-26,24.301135682859186,24.306494539660278,24.204659903761002,24.285057067871094,396300
2013-04-29,24.419046221000443,24.628076353461548,24.392245808461805,24.611995697021484,542900
2013-04-30,24.5851997214573,24.71919361885179,24.504804609771377,24.713834762573242,952600
2013-05-01,24.778144755048224,24.810304018029573,24.606632774982515,24.638792037963867,772000
2013-05-02,24.660228589653777,24.794222446909107,24.622710473189006,24.756704330444336,304500
2013-05-03,24.863908015112195,25.062218416688218,24.826389886289292,24.997901916503906,887600
2013-05-06,24.965736843936874,25.062210541606905,24.906779218716714,24.95501708984375,737900
2013-05-07,24.837100641763765,24.874618756988564,24.767423265810315,24.821022033691406,1090900
2013-05-08,24.863900202344226,24.95501708984375,24.81566233121719,24.95501708984375,671900
2013-05-09,24.762078443287624,24.826394956607359,24.553048241559669,24.644163131713867,504000
2013-05-10,24.553048304037528,24.574485778808594,24.413693472807559,24.574485778808594,425100
2013-05-13,24.317205314093464,24.376162940048239,24.28504809599745,24.344003677368164,387700
2013-05-14,24.172495962197395,24.301130991020916,24.124258081961628,24.236814498901367,494500
2013-05-15,24.081376548256081,24.18321114523701,24.070656794165874,24.161773681640625,618100
2013-05-16,24.193922043732048,24.268958250314299,24.086726586650279,24.124244689941406,358500
2013-05-17,24.274327748920303,24.467279231120187,24.274327748920303,24.451198577880859,332700
2013-05-20,24.45120546067599,24.585199356079102,24.45120546067599,24.585199356079102,408700
2013-05-21,24.317200598929066,24.451194433904888,24.231444626327885,24.365438461303711,463800
2013-05-22,24.193933842876937,24.327927718430828,23.749075239221849,23.834831237792969,1032900
2013-05-23,23.272053953387232,23.406047821044922,22.982628753130584,23.406047821044922,642800
2013-05-24,23.020142832106011,23.08445930480957,22.92902595490748,23.08445930480957,432000
2013-05-28,23.368533620994047,23.432852160357719,23.132705110414097,23.170223236083984,674300
2013-05-29,22.859356418976162,22.902233396779216,22.72000164080151,22.778959274291992,1101200
2013-05-30,22.56456859762767,22.623526232022467,22.516330718994141,22.516330718994141,612800
2013-05-31,22.259066092361024,22.462737393564176,21.551578461428662,22.039316177368164,1873200
2013-06-03,22.033957151040553,22.151872436814806,21.953559993542719,22.135791778564453,3209900
2013-06-04,22.452009563576091,22.473449070643586,22.205461366051683,22.301937103271484,581600
2013-06-05,22.055392527331076,22.103630403861828,21.819562000032171,21.841001510620117,728400
2013-06-06,21.696285394704404,21.94819450378418,21.63732776963603,21.94819450378418,788600
2013-06-07,22.1036254441536,22.269776502467842,22.044667825558044,22.26441764831543,492500
2013-06-10,22.103626180489456,22.103626180489456,21.937473072056367,21.991069793701172,523400
2013-06-11,21.535487124790574,21.67483979933807,21.390773552423873,21.514047622680664,1160100
2013-06-12,21.658773593588368,21.685571964274722,21.278231413922086,21.353267669677734,563100
2013-06-13,21.551572789483814,21.937475775552087,21.551572789483814,21.899957656860352,357400
2013-06-14,21.969634807414952,22.146505644440374,21.867798162397065,21.953554153442383,391300
2013-06-17,22.103630099170918,22.178666340610125,21.921398350853885,22.033952713012695,486000
2013-06-18,22.162579570341371,22.328732662385065,22.146500964350704,22.253696441650391,354600
2013-06-19,22.210827576417469,22.259065461003029,21.712370117228229,21.728450775146484,369000
2013-06-20,21.219266550298236,21.224625404777925,20.704730647722947,20.785125732421875,611700
2013-06-21,20.995569783474956,21.060823497758854,20.663860118099691,20.886812210083008,667700
2013-06-24,20.484415791456506,20.625801300458267,20.294091538237339,20.48985481262207,1209400
2013-06-25,20.696490688011,20.908566842633874,20.625797945010561,20.85418701171875,442400
2013-06-26,21.126084540219935,21.164149392954254,21.001014013467319,21.071706771850586,559700
2013-06-27,21.387102709989307,21.53392309310086,21.359911752603875,21.490421295166016,405700
2013-06-28,21.577429855537233,21.784069127947124,21.495861121213071,21.697063446044922,579300
2013-07-01,21.669867079637029,21.778624673480817,21.550235593349576,21.599176406860352,604300
2013-07-02,21.718804638925235,21.903691898443643,21.686178817725562,21.789497375488281,424200
2013-07-03,21.599174837737149,21.76231017946219,21.577422905672897,21.713369369506836,300200
2013-07-05,21.903698333466192,21.952639154022133,21.593740494738189,21.881948471069336,376300
2013-07-08,21.79493639527373,21.892815933251001,21.751432534503159,21.789497375488281,285900
2013-07-09,21.958069753689166,22.028760409529532,21.849312185901894,21.963506698608398,227200
2013-07-10,21.833002090454105,22.034202268444112,21.76774629674518,21.833002090454102,547000
2013-07-11,22.349601841989884,22.588868988949152,22.289787129628856,22.550804138183594,888000
2013-07-12,22.376794078256559,22.436608794036736,22.300662297994787,22.371355056762695,289500
2013-07-15,22.431165922743855,22.545360451408833,22.398538025534563,22.507295608520508,803100
2013-07-16,22.447481155395508,22.458357122256594,22.360475494885392,22.447481155395508,331500
2013-07-17,22.490985543483244,22.490985543483244,22.306098251321973,22.376791000366211,394600
2013-07-18,22.360473858066349,22.452918532429212,22.355036912223088,22.436603546142578,299000
2013-07-19,22.436606829335535,22.485547646600203,22.393105033088453,22.458358764648438,274300
2013-07-22,22.52361471989574,22.599746501007157,22.447485013163252,22.572555541992188,399800
2013-07-23,22.594301487696601,22.664994228506529,22.523608746886676,22.583425521850586,318800
2013-07-24,22.534489158590969,22.53992817977624,22.300661032715283,22.387666702270508,580400
2013-07-25,22.224536042852822,22.490992129193646,22.224536042852822,22.469240188598633,176000
2013-07-26,22.360475494885392,22.458357122256594,22.251717900653105,22.447481155395508,434200
2013-07-29,22.278911119510326,22.311536949031229,22.224531279677517,22.262596130371094,202500
2013-07-30,22.219088802036239,22.262590588695097,22.05051445208478,22.126644134521484,256700
2013-07-31,21.871068398645832,22.164711192501489,21.871068398645832,22.028764724731445,668800
2013-08-01,22.251720367058002,22.344165058434616,22.229970505303623,22.289787292480469,601400
2013-08-02,22.191910715087136,22.338733205900517,22.175595722077244,22.322418212890625,312300
2013-08-05,22.295221439137514,22.360475164962654,22.2843454724369,22.333286285400391,337000
2013-08-06,22.414848128459631,22.43116103632148,22.251710752329515,22.300651550292969,1026400
2013-08-07,22.132085271380252,22.197338994799505,22.094020426520817,22.153837203979492,283900
2013-08-08,22.376791374080049,22.501861886398729,22.25171878738271,22.403980255126953,534800
2013-08-09,22.431163288793904,22.496417001171796,22.327844737997399,22.365909576416016,1515400
2013-08-12,22.197343559661991,22.251721327964358,22.132089822823371,22.208219528198242,235400
2013-08-13,22.224530642205444,22.278910480478462,22.094023179107651,22.246282577514648,275900
2013-08-14,22.26259602421813,22.295223927962237,22.159277440596615,22.224531173706055,350400
2013-08-15,22.039639785440269,22.066830737379746,21.849315568134273,22.023326873779297,272000
2013-08-16,22.072274692060606,22.099463578255364,21.979829989743578,22.007020950317383,472800
2013-08-19,21.925448469067828,21.985265253097683,21.724248256368149,21.756874084472656,283000
2013-08-20,21.76775126683097,21.892821788428755,21.707934479462722,21.827568054199219,292000
2013-08-21,21.610055942444895,21.707935511252064,21.414292656072742,21.446918487548828,460100
2013-08-22,21.436044157901968,21.550240799936322,21.425170262831141,21.457796096801758,250800
2013-08-23,21.561110295824275,21.631800964455639,21.48497853253301,21.615488052368164,233900
2013-08-26,21.615495014184123,21.631807931525586,21.474111557006836,21.474111557006836,208100
2013-08-27,21.256592647485199,21.316409433263928,21.109770193586154,21.136959075927734,408500
2013-08-28,21.153276443481445,21.28922294485503,21.09889659830462,21.153276443481445,296800
2013-08-29,21.153280060496645,21.267474643325716,21.104339228658567,21.126089096069336,395700
2013-08-30,21.185899893894085,21.213088776235665,21.077142290149006,21.136959075927734,303100
2013-09-03,21.479540548430812,21.588298130640307,21.289216335347952,21.408847808837891,277900
2013-09-04,21.38709955089109,21.588299744675332,21.343595685003415,21.506731033325195,391000
2013-09-05,21.36535130361877,21.512173764749814,21.36535130361877,21.468669891357422,537300
2013-09-06,21.495848564264623,21.61548208488756,21.381654062421564,21.539352416992188,492200
2013-09-09,21.849322506257128,22.028770814645757,21.756877803940096,22.007020950317383,470600
2013-09-10,22.159278545035516,22.278912123681121,22.153841597996568,22.257160186767578,466600
2013-09-11,22.224523378432956,22.371345782215183,22.186458541272163,22.360469818115234,358400
2013-09-12,22.273468908567168,22.316972774203251,22.20277823847626,22.22996711730957,191200
2013-09-13,22.284346317096269,22.376791000366211,22.268033403616297,22.376791000366211,295800
2013-09-16,22.621497638161841,22.73025525721031,22.534491957798874,22.556243896484375,315000
2013-09-17,22.621502573749009,22.713947296142578,22.599752704697138,22.713947296142578,263700
2013-09-18,22.686748039497367,23.344728469848633,22.616055292831476,23.344728469848633,353100
2013-09-19,23.464362029686519,23.545928668720808,23.344728469848633,23.344728469848633,421300
2013-09-20,23.28999658998433,23.28999658998433,23.060108080044799,23.082000732421875,371200
2013-09-23,23.076525546669366,23.153155041532578,22.99442132331756,23.087472915649414,269000
2013-09-24,23.027263995862484,23.147682969603672,22.978001878240832,23.043684005737305,406400
2013-09-25,23.010847378444549,23.082002157057147,22.928743140971555,22.98895263671875,435300
2013-09-26,22.999894506353851,23.131258749293302,22.988947138109395,23.103891372680664,264700
2013-09-27,23.060099544948848,23.14220165896899,22.988942709067448,23.10936164855957,346900
2013-09-30,23.175046689738725,23.175046689738725,22.967050882842564,23.060102462768555,550600
2013-10-01,23.076520426818664,23.262621482196099,23.060100420990167,23.218832015991211,707600
2013-10-02,23.081997593517009,23.191469192504883,22.928738607732239,23.191469192504883,294100
2013-10-03,23.103896898782946,23.103896898782946,22.868533645224357,22.98895263671875,317800
2013-10-04,22.934210868277862,23.071049830289073,22.906841405478133,23.060102462768555,252300
2013-10-07,22.75905045756539,22.879467288814332,22.665998905058771,22.797365188598633,364900
2013-10-08,22.890423264339592,22.917790641373589,22.660534791657568,22.709796905517578,661600
2013-10-09,22.890419087228373,23.043678041049244,22.808314883111969,22.928733825683594,1086800
2013-10-10,23.158623608002337,23.377564665356349,23.158623608002337,23.344724655151367,352500
2013-10-11,23.328303814107294,23.415880659348556,23.279041708159291,23.410408020019531,286900
2013-10-14,23.339255130534333,23.541776227928629,23.268098279234753,23.487041473388672,226900
2013-10-15,23.273573277179963,23.372097506891215,23.240731171277186,23.289993286132812,219000
2013-10-16,23.377569876311711,23.519883578910875,23.333782490279155,23.487041473388672,224900
2013-10-17,23.640293187371178,23.842816310488914,23.591031088233947,23.815446853637695,316800
2013-10-18,23.957766823937586,24.034396312116993,23.886609975772298,24.023448944091797,383600
2013-10-21,23.979658405044756,23.985131044338853,23.897554199656518,23.957763671875,383800
2013-10-22,23.990608722960381,24.127447690110291,23.930399243334911,24.083658218383789,340200
2013-10-23,23.853771991583127,23.941348855247618,23.809982515752317,23.9249267578125,289000
2013-10-24,24.056293984513022,24.056293984513022,23.897560260767868,23.974189758300781,300300
2013-10-25,23.990612314214005,24.007032324570954,23.913980727221333,23.968717575073242,268900
2013-10-28,23.924926329909116,23.946821067432928,23.859244205334772,23.87019157409668,404400
2013-10-29,23.870187024892491,23.957763870300166,23.853767018877519,23.897554397583008,223900
2013-10-30,23.903029660119447,23.903029660119447,23.618406447306544,23.695035934448242,212200
2013-10-31,23.72239932645056,23.760714063587233,23.618402481079102,23.618402481079102,316800
2013-11-01,23.569148032436573,23.574620673234911,23.437781685306685,23.541778564453125,298400
2013-11-04,23.623881939120469,23.623881939120469,23.508937694531856,23.607461929321289,419800
2013-11-05,23.465150766151293,23.503465518508637,23.383048620241578,23.426836013793945,479600
2013-11-06,23.465150766151293,23.503465518508637,23.399468631824043,23.426836013793945,357000
2013-11-07,23.399459543157938,23.410406909293275,23.092939555358267,23.10936164855957,612400
2013-11-08,23.125788687088416,23.218838195543356,23.087473937960237,23.21336555480957,225100
2013-11-11,23.207895278930661,23.224315290802423,23.153158426029059,23.207895278930664,211100
2013-11-12,23.224317136196728,23.22978977792302,23.092950766792001,23.169582366943359,276000
2013-11-13,23.125786432495747,23.22431066007632,23.071051678505221,23.196943283081055,1193700
2013-11-14,23.295464533843909,23.421356122332654,23.20788768585188,23.383041381835938,284400
2013-11-15,23.629359622747028,23.700516493725214,23.547257468231546,23.673149108886719,411700
2013-11-18,23.678614608108735,23.700509344574133,23.51988298872709,23.591037750244141,213600
2013-11-19,23.393990732701567,23.470620220193364,23.339253893066761,23.421358108520508,381700
2013-11-20,23.393994767114314,23.410414777838003,23.136736796457615,23.185998916625977,351900
2013-11-21,23.136734821061193,23.15862955882162,23.060105326896817,23.147682189941406,220600
2013-11-22,23.136732178071007,23.196941656035683,23.054627964847022,23.175046920776367,367100
2013-11-25,23.109374068328705,23.114846710339265,22.967060320081629,23.021797180175781,354000
2013-11-26,22.906839253921667,23.043678203080095,22.906839253921667,23.005363464355469,376300
2013-11-27,23.120315551757812,23.153155571452455,23.021791316679519,23.120315551757812,239900
2013-11-29,23.092939458851728,23.196938392704521,23.092939458851728,23.131254196166992,311700
2013-12-02,22.977999068303227,23.005366444080284,22.808317997690374,22.819265365600586,387600
2013-12-03,22.693378973328901,22.786430577916697,22.644116850428873,22.726221084594727,634900
2013-12-04,22.638635261555557,22.7316847413692,22.534636327650205,22.682422637939453,378400
2013-12-05,22.633162200689711,22.644109567590743,22.52369270767289,22.567480087280273,217400
2013-12-06,22.759058561516191,22.780951209904742,22.633164871297847,22.715269088745117,334100
2013-12-09,22.594852305897096,22.704323910386339,22.594852305897096,22.693376541137695,350500
2013-12-10,22.638635635375977,22.660530367927752,22.562006159441374,22.638635635375977,354000
2013-12-11,22.529168926404981,22.611273147208493,22.250018334067775,22.277385711669922,637200
2013-12-12,22.27738503195517,22.282857672109795,22.140546060122517,22.167913436889648,522100
2013-12-13,22.244544273059301,22.271911651482437,22.12960003088385,22.211704254150391,422200
2013-12-16,22.332118759971063,22.332118759971063,22.16791241891184,22.217174530029297,515400
2013-12-17,22.08033426844856,22.124121649095638,21.965390045253582,22.036544799804688,671400
2013-12-18,22.129599719822,22.392330307385905,22.014655479262249,22.293806076049805,523900
2013-12-19,22.250019782184992,22.299281900273854,22.167915556037823,22.282859802246094,485200
2013-12-20,22.361141736275179,22.41705771425417,22.266082014041494,22.355548858642578,576500
2013-12-23,22.467382824702888,22.579216913106677,22.461789947100897,22.540075302124023,785300
2013-12-24,22.389104303642419,22.551263659222645,22.389104303642419,22.500938415527344,312800
2013-12-26,22.646315294225651,22.663089660013277,22.562439199172104,22.584806442260742,482500
2013-12-27,22.679866158858612,22.735782133522505,22.551257710685487,22.584806442260742,419300
2013-12-30,22.713412807292396,22.84761412045837,22.646313217238163,22.79728889465332,942200
2013-12-31,22.965042507206139,23.043325729951437,22.853208417688066,23.037734985351562,740800
2014-01-02,22.758153988474469,22.847620845901481,22.579220273620447,22.601585388183594,691100
2014-01-03,22.752561646610971,22.802886888416612,22.651911162999689,22.724603652954102,332100
2014-01-06,22.758150616800126,22.786108605655624,22.640725783772343,22.646316528320312,510700
2014-01-07,22.791692687384316,22.808469182239509,22.65190065091517,22.685451507568359,417000
2014-01-08,22.618358684835968,22.696641907357627,22.562440573707761,22.590400695800781,612200
2014-01-09,22.674277573378575,22.702235566002454,22.51211822987873,22.629545211791992,268600
2014-01-10,22.663086212504073,22.819654757249637,22.646311849268162,22.791694641113281,311900
2014-01-13,22.707821864245545,22.897939145278386,22.618355033939352,22.640722274780273,561100
2014-01-14,22.707822730353623,22.758147957636421,22.601579398835728,22.735780715942383,383900
2014-01-15,22.746971662933287,22.791704027670797,22.663095546095349,22.741378784179688,348800
2014-01-16,22.640728607093997,22.730195462422888,22.635135728790768,22.713418960571289,269400
2014-01-17,22.819664384402735,22.920314872395359,22.758155515845214,22.76374626159668,247400
2014-01-21,22.937083568211261,22.937083568211261,22.769333507410003,22.842023849487305,652900
2014-01-22,22.953856655877907,22.953856655877907,22.853206198391689,22.937082290649414,736000
2014-01-23,22.774927365842952,22.842026972726575,22.607177282104868,22.69105339050293,488700
2014-01-24,22.512111965565207,22.534479206663551,22.23812072781179,22.243711471557617,558200
2014-01-27,22.260485953806501,22.394685122133321,22.092733793811995,22.165426254272461,457300
2014-01-28,22.310824034995516,22.439432534211637,22.266089531063706,22.383514404296875,398000
2014-01-29,22.103920148971682,22.282853817590826,22.09832940504003,22.154245376586914,560600
2014-01-30,22.316414186865,22.344372184548199,22.215763688758688,22.310823440551758,354400
2014-01-31,21.969724664291835,22.182207098403477,21.885848559787064,22.075965881347656,646700
2014-02-03,22.036822373044721,22.081556860415855,21.684545750699201,21.706912994384766,813400
2014-02-04,21.980910718900343,22.131886443876986,21.936176222733256,21.964134216308594,2890700
2014-02-05,21.969717925744156,21.997675907651164,21.841109502526091,21.930576324462891,1729800
2014-02-06,22.075962259066173,22.243712307492899,22.036820652201857,22.232528686523438,505100
2014-02-07,22.405872367958828,22.517706448369228,22.282854666201619,22.512113571166992,448500
2014-02-10,22.400290909800582,22.456206906656789,22.366740031851723,22.383514404296875,274000
2014-02-11,22.579219065711005,22.819661632131663,22.512117326436851,22.774927139282227,506300
2014-02-12,22.76374603307757,22.80288765211974,22.674279170544292,22.741378784179688,395400
2014-02-13,22.568029078486493,22.774920716928211,22.439420647397998,22.730188369750977,284000
2014-02-14,22.797291567012024,22.897942030420641,22.702231847989324,22.814065933227539,548700
2014-02-18,22.987406474866958,23.071280430255904,22.976222854203591,23.032138824462891,439900
2014-02-19,23.060102909515713,23.171934869271965,22.959452439288768,22.976226806640625,451400
2014-02-20,23.07127879482011,23.19988935680334,22.976221225506073,23.160745620727539,194500
2014-02-21,23.060106122316849,23.194305345944535,23.032145995424397,23.116022109985352,425100
2014-02-24,23.143970423621173,23.311720449521747,23.071277963609912,23.171928405761719,350300
2014-02-25,23.194305345944535,23.272588581903722,23.104838485840013,23.116022109985352,263000
2014-02-26,23.110424169106455,23.171930883168663,22.965039233540228,23.032138824462891,234900
2014-02-27,23.009774187001273,23.116015385890773,22.953856082540291,23.076873779296875,275100
2014-02-28,23.088066088401632,23.278183448996405,23.071289584221422,23.194307327270508,461900
2014-03-03,23.009777748279021,23.076877350959787,22.869985665076982,22.948268890380859,494200
2014-03-04,23.322908706963439,23.350866694663686,23.2390347438627,23.317317962646484,258800
2014-03-05,23.289359577556002,23.317317564779199,23.211074227050286,23.244625091552734,376700
2014-03-06,23.423551030208305,23.507427097222568,23.4011837945969,23.429143905639648,382100
2014-03-07,23.384417345570807,23.479477062550313,23.261399641147111,23.401191711425781,352700
2014-03-10,23.211080629823098,23.22785713323097,23.08247214667362,23.183122634887695,267100
2014-03-11,23.155156518702384,23.205481745158764,22.992997218669874,23.032138824462891,439000
2014-03-12,22.88117187492939,22.942680745516569,22.791705008545769,22.90913200378418,311500
2014-03-13,22.925904623139509,23.015371482687971,22.573627930454489,22.618362426757812,639700
2014-03-14,22.590403289653818,22.691053768183551,22.551261673898708,22.635135650634766,346100
2014-03-17,22.780517129204455,22.88675833666511,22.758149885615556,22.842023849487305,290100
2014-03-18,22.808477565791275,23.026552881550401,22.808477565791275,22.965044021606445,184600
2014-03-19,22.920313105898526,22.925903851219108,22.618361665192424,22.707828521728516,373900
2014-03-20,22.40587067403645,22.461786643485475,22.282852981579587,22.428237915039062,361800
2014-03-21,22.640975940842633,22.714139030302547,22.438371783487348,22.466510772705078,206200
2014-03-24,22.635349902298593,22.691627882973087,22.432745736882651,22.539674758911133,326100
2014-03-25,22.776049422701352,22.809815355949546,22.652235275811094,22.764793395996094,327000
2014-03-26,22.82670022287353,22.837956249457203,22.640979004544256,22.65223503112793,345700
2014-03-27,22.815435175820671,22.927993250288104,22.792923131553842,22.877342224121094,339100
2014-03-28,23.057448428664419,23.158750543140243,23.012424312511595,23.102470397949219,271300
2014-03-31,23.186887098854534,23.254421119098971,23.158748102658333,23.170001983642578,439900
2014-04-01,23.226276897983261,23.260044973943003,23.153113806837474,23.220647811889648,386300
2014-04-02,23.366971337559431,23.42887839634701,23.333203265438826,23.406366348266602,321000
2014-04-03,23.378233215646897,23.389489242505675,23.231907013350394,23.316326141357422,315800
2014-04-04,23.46826494581617,23.530171982283811,23.271287816431283,23.299428939819336,175800
2014-04-07,23.468273407054181,23.507668417761355,23.35571531351923,23.406366348266602,224300
2014-04-08,23.440134176467641,23.513295111667034,23.344459046555059,23.468273162841797,297000
2014-04-09,23.603344604461718,23.760926815539285,23.49078864252149,23.738414764404297,1638800
2014-04-10,23.721528333943279,23.760923344240506,23.451388053523665,23.468273162841797,638700
2014-04-11,23.350086860526755,23.541434963065878,23.350086860526755,23.428876876831055,437900
2014-04-14,23.586462536939106,23.586462536939106,23.423253380301848,23.518928527832031,287500
2014-04-15,23.513299441400431,23.552694458951848,23.321951293207512,23.518928527832031,365400
2014-04-16,23.665246723831864,23.766548785892201,23.575200684985663,23.727153778076172,710300
2014-04-17,23.783436331034089,23.873482387234759,23.760926427134414,23.834087371826172,259900
2014-04-21,23.845341997628207,23.890366096519557,23.699017969965723,23.766551971435547,385600
2014-04-22,23.789064024910981,23.957900102047741,23.789064024910981,23.884737014770508,1119000
2014-04-23,23.850973506676489,23.935390480373716,23.789066437844742,23.817205429077148,346600
2014-04-24,23.907244746493067,23.946639752481204,23.772176767924261,23.890361785888672,267200
2014-04-25,23.86222660627261,23.884736508377657,23.68776144703881,23.772180557250977,242500
2014-04-28,23.89037502183529,23.896001962865302,23.715909793752839,23.862236022949219,254800
2014-04-29,23.946638133753243,24.042313246733347,23.918499152359093,24.002918243408203,252300
2014-04-30,23.912877781968607,24.036689758300778,23.873480622604774,24.036689758300781,302600
2014-05-01,24.070457831955281,24.076084770797447,23.991667806961946,24.036689758300781,288700
2014-05-02,24.04794604341058,24.070458092757498,23.969156017563559,24.031063079833984,213600
2014-05-05,23.94101119622108,24.031057224802353,23.879104149033953,24.002918243408203,487100
2014-05-06,24.126738878489373,24.154877870015831,24.02543679150018,24.104228973388672,274600
2014-05-07,24.132366686962548,24.312458799435849,24.109854636186558,24.301202774047852,279000
2014-05-08,24.334961435634483,24.408122352051375,24.27305439338442,24.32933235168457,626700
2014-05-09,24.312460313452451,24.425018427474456,24.284321321663814,24.396877288818359,472300
2014-05-12,24.486916368687048,24.531940460205078,24.430638401156362,24.531940460205078,1278300
2014-05-13,24.531948593575272,24.616367719726636,24.526321653703377,24.582599639892578,214500
2014-05-14,24.616361746155668,24.757058824353738,24.610732660782205,24.644500732421875,390600
2014-05-15,24.650134036083756,24.728924076721103,24.515066008381893,24.605112075805664,369200
2014-05-16,24.6895231972237,24.728918208193374,24.588221127053949,24.695152282714844,298800
2014-05-19,24.644496034782904,24.695147059153985,24.593845010411822,24.689517974853516,412600
2014-05-20,24.498181031280385,24.565717192375242,24.385625056524169,24.458786010742188,219900
2014-05-21,24.548824958938578,24.593849053277118,24.503803011467024,24.565710067749023,246400
2014-05-22,24.520692306276796,24.610738371342748,24.50943627978511,24.588226318359375,769000
2014-05-23,24.683907048243665,24.751441075587771,24.633255991018576,24.73455810546875,202200
2014-05-27,24.75142797544887,24.802079005865988,24.717659906215165,24.790822982788086,305500
2014-05-28,24.683895482172112,24.683895482172112,24.593849438949945,24.650127410888672,303900
2014-05-29,24.689533080497466,24.796464278963153,24.683906139620927,24.779579162597656,221100
2014-05-30,24.858360811541921,24.875245922198616,24.790826809516801,24.84710693359375,693600
2014-06-02,24.925896577485528,24.959662504545719,24.852733490743145,24.942779541015625,795000
2014-06-03,24.86961937579153,24.954038497093372,24.8245974188,24.925899505615234,535000
2014-06-04,24.813340503378452,24.897759621654213,24.768316401133418,24.85273551940918,487700
2014-06-05,24.897760636761671,24.965294646015295,24.785202523427333,24.954038619995117,413700
2014-06-06,25.066591537681553,25.184776566095596,25.044079490307354,25.179149627685547,519600
2014-06-09,25.179155099327101,25.19040897859276,25.049711872229857,25.066596984863281,903300
2014-06-10,25.004685595684091,25.066592655289799,24.914639549039542,25.015941619873047,749400
2014-06-11,24.920267238973572,24.925896324671299,24.802082201727249,24.886501312255859,464200
2014-06-12,24.959666838724122,24.999061858379971,24.768318680309616,24.8189697265625,193400
2014-06-13,24.796448741808376,24.796448741808376,24.672634651425543,24.723285675048828,412100
2014-06-16,24.638875837976311,24.695155966948679,24.599480821129355,24.610736846923828,331400
2014-06-17,24.599471422764665,24.678261426356421,24.554449483655056,24.638866424560547,370100
2014-06-18,24.745808014259982,24.869620009291108,24.548830775160596,24.830224990844727,663200
2014-06-19,24.95403402926943,25.015941087557817,24.81896388874322,24.90900993347168,367900
2014-06-20,25.044607921468657,25.078791517922689,24.907877882222113,24.970546722412109,441700
2014-06-23,24.879382933099855,24.959144634011828,24.788228876770305,24.833806991577148,712700
2014-06-24,24.788236618041989,24.92496883187933,24.754055194546261,24.788236618041992,271800
2014-06-25,24.782537539278099,24.970544039649209,24.782537539278099,24.953451156616211,320900
2014-06-26,25.038913798614086,25.164249316003758,24.987639486364003,25.107278823852539,295700
2014-06-27,25.118674365447042,25.23831370773906,25.050309337463752,25.226919174194336,228500
2014-06-30,25.130068699268573,25.226918973701419,25.130068699268573,25.204132080078125,500600
2014-07-01,25.300983296371403,25.392137394113007,25.266799694736378,25.346561431884766,411400
2014-07-02,25.352257612181376,25.386441213816397,25.283892582196451,25.346561431884766,315800
2014-07-03,25.329464826656675,25.363648423274352,25.238310742294338,25.312374114990234,395200
2014-07-07,25.175640880390684,25.192733764648441,25.09018515224076,25.192733764648438,350800
2014-07-08,25.112972385937844,25.158548336306755,24.93066206460853,24.964845657348633,621100
2014-07-09,25.095876728292062,25.238305089035247,25.055996961146718,25.187030792236328,359400
2014-07-10,24.9762457575649,25.232617327071022,24.9762457575649,25.204132080078125,1342000
2014-07-11,25.158550169417644,25.226915186594525,25.112974215727959,25.192733764648438,260900
2014-07-14,25.34654902520921,25.34654902520921,25.255394972085856,25.29527473449707,201600
2014-07-15,25.363645498770477,25.386434560554616,25.198428060762303,25.283885955810547,289800
2014-07-16,25.460494965309355,25.517467618010617,25.420615195060716,25.471889495849609,275900
2014-07-17,25.392135475664901,25.420620721566049,25.192736581071888,25.255405426025391,454200
2014-07-18,25.357949033280082,25.500377420100605,25.318069258833116,25.488985061645508,158200
2014-07-21,25.346553027461706,25.4377070949784,25.306671085469027,25.432008743286133,192300
2014-07-22,25.557350220832827,25.574440931895161,25.471892318951703,25.534561157226562,293200
2014-07-23,25.602929970689488,25.637113571166992,25.574444723600756,25.637113571166992,242600
2014-07-24,25.580135581973295,25.614316999150553,25.500373870896077,25.591527938842773,575900
2014-07-25,25.443398492425693,25.471883725681295,25.300970152863684,25.380729675292969,615000
2014-07-28,25.340860409137459,25.426318317581128,25.266797033371937,25.420619964599609,198200
2014-07-29,25.477593531591751,25.545958556800421,25.37504490713626,25.392135620117188,181000
2014-07-30,25.426312416180131,25.443403124588187,25.295278580721469,25.386432647705078,315800
2014-07-31,25.266800838331086,25.329469690855841,25.056007385253906,25.056007385253906,815800
2014-08-01,25.038904302196485,25.095874772740711,24.924961187823889,24.993326187133789,563800
2014-08-04,24.993331929904517,25.130064133225709,24.936361446270062,25.08448600769043,301400
2014-08-05,24.959157143364234,24.970551677776804,24.759756051072088,24.8623046875,504200
2014-08-06,24.651507462687263,24.75405608342643,24.61162768498702,24.668598175048828,1578900
2014-08-07,24.719874459393196,24.759754240277992,24.497686487810757,24.554656982421875,508700
2014-08-08,24.548951193057142,24.708470254155632,24.514767605699948,24.691379547119141,523200
2014-08-11,24.856603605473293,24.976242933285821,24.799630944644857,24.959152221679688,226200
2014-08-12,24.907880950549735,24.964851445039692,24.850908282774725,24.942062377929688,337700
2014-08-13,25.1756361121274,25.1756361121274,25.073087519142419,25.141454696655273,206900
2014-08-14,25.192735852359778,25.329465898044301,25.135763188920482,25.318071365356445,2069800
2014-08-15,25.386430949214613,25.460492129550683,25.244002593251682,25.409217834472656,1696400
2014-08-18,25.500368871024438,25.591522921098509,25.443398404709637,25.52885627746582,1585400
2014-08-19,25.608619839936821,25.659894137023372,25.597225310219329,25.654195785522461,2363400
2014-08-20,25.511767297815378,25.540254708610387,25.449098471321257,25.49467658996582,312100
2014-08-21,25.528862950408207,25.614318672217522,25.517468419510056,25.580137252807617,371600
2014-08-22,25.608624527304556,25.62571523836689,25.494681382557964,25.534561157226562,221200
2014-08-25,25.602929970689488,25.665598818255724,25.454805381857053,25.637113571166992,1200200
2014-08-26,25.642802208425774,25.694076507417144,25.585831731006209,25.602922439575195,264600
2014-08-27,25.64850225936372,25.682685852050785,25.545953654587084,25.682685852050781,217100
2014-08-28,25.540251016851933,25.563037899596132,25.477582199416378,25.551643371582031,406000
2014-08-29,25.534560208497311,25.545954739877082,25.443406130743789,25.483285903930664,156500
2014-09-02,25.528863947029969,25.585834430460249,25.39783009651261,25.414920806884766,1065400
2014-09-03,25.62571703560651,25.71687112313986,25.591533437799679,25.671295166015625,256500
2014-09-04,25.620015111884229,25.648500350361033,25.443403156073025,25.47758674621582,438400
2014-09-05,25.426316395976713,25.523166656494144,25.3693437368917,25.523166656494141,277000
2014-09-08,25.340848897720729,25.35224342522276,25.15284462714693,25.238300323486328,546500
2014-09-09,25.067397094786326,25.090186159188118,24.959152298805002,25.027517318725586,208700
2014-09-10,24.993331786835,25.061698974746562,24.907876061872496,25.038909912109375,479400
2014-09-11,24.839508026443234,24.873691619232677,24.765446835326269,24.850902557373047,194200
2014-09-12,24.828115614118328,24.856600854737856,24.714172478355675,24.771142959594727,284600
2014-09-15,24.617320901294633,24.679989736789604,24.491985403589318,24.56035041809082,512600
2014-09-16,24.343856867847293,24.600228369854729,24.258401149367792,24.526165008544922,429900
2014-09-17,24.469195489371689,24.520469791784429,24.338161643935699,24.372343063354492,226200
2014-09-18,24.480588077625182,24.537558554325333,24.446404487634464,24.486284255981445,280100
2014-09-19,24.523580489391424,24.603891280046611,24.334274607157131,24.362958908081055,291900
2014-09-22,24.362953136130304,24.403108521944482,24.236749244540377,24.282642364501953,255400
2014-09-23,24.179381538726876,24.253954565431272,24.110541868732543,24.116279602050781,411200
2014-09-24,24.167917117848052,24.27117447237891,24.093341875508017,24.213808059692383,331700
2014-09-25,24.064649084297059,24.076122361742939,23.812241357095544,23.835187911987305,474500
2014-09-26,23.967125014407085,24.093328865866429,23.949916194045795,24.047435760498047,326700
2014-09-29,23.806507258176104,23.881082471950947,23.714723221339398,23.800771713256836,251400
2014-09-30,23.74340953232316,23.846666865610306,23.686045319743382,23.7548828125,610600
2014-10-01,23.640147374616564,23.749142419900927,23.554101073307006,23.577045440673828,682700
2014-10-02,23.490998579362351,23.536889501305989,23.221382027417672,23.422161102294922,475700
2014-10-03,23.364797620620461,23.422164015565222,23.301695680333331,23.404953002929688,544300
2014-10-06,23.508206529095578,23.525415350647783,23.376267124486354,23.445104598999023,317300
2014-10-07,23.433630997533939,23.4393687301745,23.250062942504886,23.250062942504883,467100
2014-10-08,23.330374445012332,23.66309292316636,23.232854870017881,23.594255447387695,1157600
2014-10-09,23.542634083773422,23.61147158086855,23.250070891586113,23.278755187988281,764400
2014-10-10,23.347589638711014,23.422164860677899,23.10665514785811,23.146810531616211,435600
2014-10-13,23.318905118266425,23.382004865988279,23.066497374162754,23.072235107421875,189700
2014-10-14,23.227119955202404,23.330375077517783,23.089442811608635,23.135335922241211,441200
2014-10-15,23.055023520476759,23.468052772661181,22.722307213786873,23.083707809448242,712800
2014-10-16,22.791143900312438,23.330374814338636,22.791143900312438,23.186962127685547,478900
2014-10-17,23.36479819687565,23.445108963474834,23.284487430276464,23.39348030090332,538400
2014-10-20,23.382008622291696,23.611469846829809,23.353326516300537,23.599996566772461,410000
2014-10-21,23.726201501435355,23.875349772124398,23.640152991377185,23.85814094543457,552500
2014-10-22,23.83518777563653,23.875343152315441,23.64014643678016,23.674566268920898,499100
2014-10-23,23.915508419835049,24.013030223747702,23.8753530265489,23.909772872924805,529700
2014-10-24,23.967123031616211,24.007278401339654,23.875339016776412,23.967123031616211,487400
2014-10-27,23.926982481269395,24.013031005859371,23.852409427483288,24.013031005859375,213300
2014-10-28,24.202330557763847,24.265432506565499,24.104810955655484,24.259696960449219,197400
2014-10-29,24.288378824871028,24.334269758256124,23.995817833165653,24.10481071472168,305000
2014-10-30,24.139228951349605,24.420316643947466,24.139228951349605,24.340005874633789,286700
2014-10-31,24.775982736066659,24.965288592261459,24.747300627392949,24.959550857543945,893000
2014-11-03,24.873501601510835,24.948076825921472,24.798926377100194,24.936603546142578,839800
2014-11-04,24.718612818649856,24.775977022769187,24.580935665137694,24.71287727355957,427900
2014-11-05,24.500634135444699,24.563736096734111,24.420323344096335,24.517845153808594,582000
2014-11-06,24.225261784923077,24.259681604747513,24.133477787027708,24.179370880126953,1090400
2014-11-07,24.030233410088311,24.104808632238871,23.921240537948492,24.070388793945312,326600
2014-11-10,24.219534383277175,24.328527233568643,24.219534383277175,24.253952026367188,357800
2014-11-11,24.414583785072733,24.460474720457512,24.35721738046103,24.403110504150391,569700
2014-11-12,24.299851792967257,24.374427020602067,24.259696406157232,24.311325073242188,814700
2014-11-13,24.334268166712377,24.471945334472078,24.31132379567271,24.380161285400391,204900
2014-11-14,24.391634094790657,24.557993364370713,24.345740976987482,24.552255630493164,303500
2014-11-17,24.385895556812105,24.49489061384849,24.345740174210562,24.448997497558594,209800
2014-11-18,24.454736613017698,24.580938313337249,24.414581228147245,24.540782928466797,412400
2014-11-19,24.414585581346131,24.512105193904041,24.357219172513766,24.489158630371094,740100
2014-11-20,24.259689759084761,24.33426277798236,24.219534383277175,24.253952026367188,770100
2014-11-21,24.592412296342498,24.598150030519136,24.4317907522673,24.483419418334961,346900
2014-11-24,24.535051925643963,24.569471771179359,24.460476687802984,24.523578643798828,345500
2014-11-25,24.546516878983223,24.609618813568908,24.523570323078605,24.580934524536133,365900
2014-11-26,24.575204145858493,24.661252654437728,24.563730865494296,24.632568359375,342500
2014-11-28,24.701401726510419,24.707137271073954,24.592406685067974,24.644035339355469,137300
2014-12-01,24.678459140027496,24.707141244065191,24.592410639610144,24.638303756713867,308700
2014-12-02,24.718616533969122,24.816136133290446,24.707143253759948,24.798927307128906,364500
2014-12-03,24.781718629512088,24.798927455776781,24.712881136148862,24.793191909790039,349800
2014-12-04,24.603880585868747,24.62108940829928,24.443259074373181,24.50636100769043,386700
2014-12-05,24.454739775299384,24.477684149403505,24.362955713968987,24.431793212890625,238700
2014-12-08,24.156441273563726,24.225278773182573,24.058919476491091,24.064657211303711,632700
2014-12-09,24.024495930728303,24.064651311353092,23.852401129721486,24.030231475830078,2648200
2014-12-10,24.093330205861758,24.110539027180145,23.823713667586553,23.892553329467773,912600
2014-12-11,24.007290184516467,24.150702914861977,23.972872529748489,23.995819091796875,1387900
2014-12-12,24.018757433053988,24.099068191748103,23.78929843511424,23.800771713256836,792600
2014-12-15,23.795033310087497,23.869608521762686,23.456579273474247,23.536890029907227,647200
2014-12-16,23.548367875960547,23.817984486264294,23.508212489954168,23.559841156005859,823000
2014-12-17,23.691780889874007,23.972870783732613,23.559841450162235,23.795038223266602,938900
2014-12-18,23.852396735875665,24.001544952392578,23.78929480985953,24.001544952392578,482900
2014-12-19,24.066899178578581,24.165203376211558,23.945466527850535,24.078464508056641,705900
2014-12-22,24.194113190647428,24.292415172642311,24.194113190647428,24.275068283081055,1126900
2014-12-23,24.205679145240808,24.286634239768961,24.136289379339658,24.246156692504883,400500
2014-12-24,24.257718416152784,24.303977517925283,24.142067352930706,24.286630630493164,269600
2014-12-26,24.373377289138464,24.50059151417047,24.303985305454169,24.390724182128906,259100
2014-12-29,24.298196792602539,24.379151877882496,24.257719249962562,24.298196792602539,1159900
2014-12-30,24.223020553588864,24.275063417702665,24.176761455410148,24.223020553588867,473300
2014-12-31,24.153622511114797,24.223012237490604,24.01484085250355,24.037971496582031,447400
2015-01-02,24.11893437157827,24.188326326331357,23.928112010658136,23.991720199584961,663700
2015-01-05,23.899197475384078,23.974368776933819,23.771981109899698,23.84715461730957,549300
2015-01-06,23.910758534343309,23.939672946451683,23.62163206013911,23.766195297241211,567200
2015-01-07,24.026415659040786,24.194109586017987,23.962807465645263,24.165197372436523,804700
2015-01-08,24.269280731917103,24.442756202296454,24.211454104550462,24.425409317016602,1288200
2015-01-09,24.419626235961914,24.506365076513482,24.321324275473128,24.419626235961914,555800
2015-01-12,24.460103538431621,24.477452629891541,24.350236253200329,24.442756652832031,1344500
2015-01-13,24.760800304924107,24.83597383388182,24.483239050919583,24.645149230957031,560800
2015-01-14,24.702969499903006,24.772359244043127,24.564187805762568,24.737663269042969,603800
2015-01-15,24.934282345668308,24.951631445118291,24.772372123210761,24.783937454223633,1193800
2015-01-16,24.899579785149459,25.229183882365998,24.899579785149459,25.223400115966797,524200
2015-01-20,25.148235405807554,25.148235405807554,24.934280110044771,25.021018981933594,763800
2015-01-21,25.113531986932973,25.217617720065032,25.073054446921674,25.211833953857422,828300
2015-01-22,25.107751364360912,25.344837279626617,25.003667824057484,25.304357528686523,1046600
2015-01-23,25.385311385622646,25.437354251654217,25.292790979995456,25.298572540283203,691500
2015-01-26,25.362185768020915,25.495183739648411,25.304359124360541,25.454706192016602,656700
2015-01-27,25.339050679687297,25.391093546950792,25.269660925289475,25.333269119262695,392300
2015-01-28,25.333262815502117,25.437348524129114,25.090395426752469,25.107742309570312,306000
2015-01-29,25.182916839415245,25.356392292254167,25.119308658673624,25.350610733032227,543700
2015-01-30,25.096189994582129,25.177145090393537,24.888018487717986,24.89958381652832,606700
2015-02-02,25.252307029606392,25.408435601703079,25.130874431040109,25.367958068847656,751900
2015-02-03,25.344834644907802,25.616612104207704,25.321703991306798,25.587699890136719,526800
2015-02-04,25.454702579945035,25.495180121833002,25.304355533623511,25.34483528137207,1353100
2015-02-05,25.703348357196074,25.842127853069435,25.657087054664746,25.80743408203125,750900
2015-02-06,25.680214333928763,25.73225718951274,25.437349145110222,25.547216415405273,1109100
2015-02-09,25.194487004668762,25.292791177210667,25.154009464757529,25.188705444335938,498700
2015-02-10,25.310133598053994,25.327480481852071,25.177135675261876,25.281221389770508,634100
2015-02-11,25.154010746057153,25.298574026206907,25.12509853119932,25.217618942260742,399100
2015-02-12,25.385309651071786,25.466264724731445,25.292789251766418,25.466264724731445,1013300
2015-02-13,25.570354047155302,25.668656020183395,25.553004953315746,25.639743804931641,396900
2015-02-17,25.529873109830518,25.633958835584682,25.45469959548355,25.570350646972656,376200
2015-02-18,25.599270458417305,25.697572447558205,25.495184701761652,25.633966445922852,330900
2015-02-19,25.518310994835581,25.633962060876023,25.460484358885054,25.53565788269043,398900
2015-02-20,25.408438486995134,25.697565015000421,25.379526275366675,25.674436569213867,432200
2015-02-23,25.587698197280101,25.69178392573787,25.558785985121919,25.628175735473633,555200
2015-02-24,25.639740635726966,25.784303899977601,25.518308023162916,25.761173248291016,445700
2015-02-25,25.761167520735036,25.859471665616606,25.761167520735036,25.824775695800781,366400
2015-02-26,25.795869461164937,25.871042976901997,25.691783733486041,25.738042831420898,875100
2015-02-27,25.686004579340196,25.749612780548897,25.628180145074523,25.662876129150391,580200
2015-03-02,25.795869869150344,25.888390272343724,25.726480118220408,25.882606506347656,625900
2015-03-03,25.905737590118537,25.928868242767269,25.697566128000851,25.749608993530273,553600
2015-03-04,25.576132055141226,25.66287089470843,25.448915678672076,25.553001403808594,468800
2015-03-05,25.59347810256315,25.639739403713428,25.495176146409193,25.541435241699219,840400
2015-03-06,25.234964202495643,25.327484607590037,25.009445852944339,25.067270278930664,564200
2015-03-09,24.772360468445346,24.807056445160391,24.714536046447236,24.743448257446289,360600
2015-03-10,24.471677808674471,24.558416680096702,24.321332931518558,24.321332931518555,409000
2015-03-11,24.448548629337882,24.494809951794078,24.356028190286757,24.390724182128906,480400
2015-03-12,24.639364691422287,24.702972884708085,24.569974937774372,24.656711578369141,457400
2015-03-13,24.633579038480942,24.685621901195969,24.506364867513348,24.593101501464844,635700
2015-03-16,24.70297304900938,24.876448537213218,24.70297304900938,24.824405670166016,346800
2015-03-17,24.575759616659163,24.66828003521686,24.529498304449923,24.662498474121094,319100
2015-03-18,24.633585380533646,25.17714479902418,24.575760943012092,25.136667251586914,456700
2015-03-19,25.125092401680043,25.154004609484449,24.997876040308583,25.073049545288086,303800
2015-03-20,25.405044820581271,25.631408811223185,25.294765552203184,25.567562103271484,450600
2015-03-23,25.631420466278978,25.683658504344656,25.49211829339286,25.602399826049805,387500
2015-03-24,25.84037114325497,25.84037114325497,25.735895073088393,25.782327651977539,270900
2015-03-25,25.939043732617026,25.939043732617026,25.608203556605307,25.637224197387695,259700
2015-03-26,25.544352697482267,25.544352697482267,25.306379938844728,25.393444061279297,280400
2015-03-27,25.445683959747836,25.57918066691623,25.445683959747836,25.538551330566406,467700
2015-03-30,25.393447545342422,25.480511679722476,25.341209507540974,25.422468185424805,482400
2015-03-31,25.120642471279684,25.259944609156715,25.097427293410483,25.14385986328125,503000
2015-04-01,25.323803766103634,25.358627657074926,25.149677668846806,25.329607009887695,469700
2015-04-02,25.457291840393175,25.555962450036347,25.35281577481058,25.532747268676758,222400
2015-04-06,25.672038658936646,25.910011348103659,25.666235419063678,25.718473434448242,354900
2015-04-07,25.857785843620704,25.892611942104484,25.747506519621616,25.759115219116211,227100
2015-04-08,25.95065020435263,26.066734971651314,25.898412169774861,26.008693695068359,483600
2015-04-09,26.089948140133725,26.113165532657703,25.968060150581469,26.084142684936523,645400
2015-04-10,26.037716400142266,26.089954438866506,25.985478361418025,26.072540283203125,1409900
2015-04-13,25.857786177491153,25.910024218824795,25.683660111090038,25.730094909667969,645800
2015-04-14,25.898408753606159,26.008690264352808,25.886800056994275,25.962255477905273,346200
2015-04-15,25.915817890493617,26.078335183345501,25.892600501762761,26.031900405883789,741400
2015-04-16,26.002885296268733,26.153796140918768,25.950647267602569,26.113166809082031,265500
2015-04-17,25.886803084376954,25.950649816142754,25.747503137008618,25.811349868774414,314900
2015-04-20,25.805546381960824,25.822960537310305,25.712679005250916,25.793937683105469,579000
2015-04-21,25.78813319211368,25.793936434193913,25.701069061980533,25.735895156860352,460800
2015-04-22,25.788131959994544,25.846173234554978,25.712676531759818,25.805543899536133,508200
2015-04-23,25.643025095966603,25.910018486319117,25.631416398890508,25.857780456542969,339700
2015-04-24,25.898414884838196,26.026108363666786,25.857785544144193,26.014499664306641,640800
2015-04-27,26.118971525367396,26.177012798659597,26.037712857105255,26.060930252075195,243200
2015-04-28,26.037714350905194,26.153799118282102,25.985476316292225,26.136384963989258,180200
2015-04-29,26.008698420354289,26.095760351046216,25.88100493171298,25.968069076538086,274200
2015-04-30,25.857786177491153,25.886806819535831,25.695268810734518,25.730094909667969,412600
2015-05-01,25.753308344178194,25.822960537310305,25.63722356975758,25.793937683105469,424500
2015-05-04,25.863587349763442,25.97386665691733,25.834564498393689,25.950649261474609,339700
2015-05-05,25.927441747895326,25.944855908180866,25.590798242199902,25.596601486206055,657100
2015-05-06,25.631420336630601,25.631420336630601,25.347012749904284,25.422468185424805,322600
2015-05-07,25.213513938889502,25.26575197234979,25.097431388206836,25.25994873046875,436900
2015-05-08,25.706868541757522,25.892603243003933,25.701063086894159,25.863582611083984,262000
2015-05-11,25.735898125404276,25.793939409432692,25.619813343214386,25.63142204284668,478800
2015-05-12,25.584985733032227,25.625615068762709,25.43407487391951,25.584985733032227,325500
2015-05-13,25.892611701141284,25.991282324727525,25.834568204208484,25.869394302368164,276600
2015-05-14,26.107373612782975,26.118982315063477,26.031918155026506,26.118982315063477,227600
2015-05-15,26.194428267444515,26.351142370162862,26.15379893127303,26.3453369140625,644900
2015-05-18,26.16541221232827,26.211844798600232,26.060936125549926,26.124780654907227,250200
2015-05-19,26.089948081718102,26.159598045001673,26.049318751958317,26.101556777954102,344000
2015-05-20,26.101570708046655,26.217653304093677,26.049332654172058,26.089962005615234,665200
2015-05-21,26.04351849434067,26.113170685657305,25.979671759366852,26.095756530761719,238100
2015-05-22,25.985475354638695,26.014495991875748,25.910019926516192,25.950649261474609,147300
2015-05-26,25.805547101752396,25.805547101752396,25.544356905553897,25.590791702270508,377500
2015-05-27,25.619812193071823,25.695267630227814,25.555965455026985,25.654638290405273,490700
2015-05-28,25.422471267368216,25.521144112569825,25.317995179099775,25.497926712036133,234500
2015-05-29,25.358622411713014,25.480512647300241,25.18449635047369,25.236734390258789,455100
2015-06-01,25.352818773306321,25.405056812275848,25.190301413904667,25.283168792724609,489000
2015-06-02,25.201906632235076,25.3470120427315,25.184494691498017,25.254144668579102,269400
2015-06-03,25.225127267127917,25.254147910125631,25.080021838006196,25.138065338134766,363700
2015-06-04,24.952326210454494,25.056800064183289,24.80722080666154,24.905891418457031,368300
2015-06-05,24.54022216796875,24.627286285208157,24.435746112934453,24.54022216796875,596100
2015-06-08,24.517006628050673,24.534418565589252,24.406725119286495,24.441551208496094,613700
2015-06-09,24.511208514758071,24.627293299429134,24.424146586854601,24.569252014160156,431700
2015-06-10,24.87687624542685,25.045199082195353,24.853658844327764,25.016176223754883,283200
2015-06-11,25.045197019893134,25.149673102102881,24.95813288000733,25.080020904541016,411600
2015-06-12,24.8826744515817,24.981347279211636,24.830436416750036,24.9581298828125,404100
2015-06-15,24.813031822670649,24.940725326538086,24.766597016124873,24.940725326538086,378600
2015-06-16,24.90009108309707,24.969741065090719,24.847853043068579,24.946523666381836,498700
2015-06-17,24.795611924534054,24.894282535596833,24.598268488275771,24.871065139770508,464900
2015-06-18,24.882676776522953,25.126455033226009,24.865264834663087,25.010370254516602,318600
2015-06-19,24.955780575524066,25.026210184676781,24.902957808930307,24.920564651489258,184800
2015-06-22,25.296197423689335,25.325545152548585,25.161206378822783,25.172945022583008,767100
2015-06-23,25.231633924135547,25.30793173714606,25.143595230456359,25.266847610473633,331800
2015-06-24,25.143595505919446,25.23163420056315,25.073165893554688,25.073165893554688,228500
2015-06-25,25.125992374324646,25.161206066250504,25.037953666675318,25.090776443481445,378700
2015-06-26,25.020343724850374,25.10251198106684,24.932305028094408,25.096641540527344,223200
2015-06-29,24.709283915876846,24.791454439646269,24.451040415069329,24.492124557495117,275500
2015-06-30,24.726892588220004,24.744499437843675,24.439301357165757,24.568424224853516,904100
2015-07-01,24.726887145011936,24.767971277701733,24.574287018806423,24.65058708190918,582400
2015-07-02,24.544936481529234,24.638843371066365,24.539068280459286,24.597759246826172,345300
2015-07-06,24.280826177482574,24.468639983803126,24.251480690041959,24.357126235961914,763900
2015-07-07,24.210395200967934,24.404079437255859,23.975626836785665,24.404079437255859,604800
2015-07-08,24.069536753757895,24.087145838576383,23.740863689377161,23.75847053527832,1060800
2015-07-09,24.157568834707075,24.198652956485343,23.922800505474072,23.987361907958984,537200
2015-07-10,24.345386986251192,24.49211665871335,24.316041499542187,24.468639373779297,1523100
2015-07-13,24.656453586506824,24.797315059542569,24.650585384634034,24.750360488891602,367400
2015-07-14,24.78558078089501,24.949917329273937,24.767973933259427,24.938180923461914,311800
2015-07-15,24.908830485780264,24.944046416142697,24.803184933610275,24.867746353149414,232800
2015-07-16,25.108381649571641,25.17881350665801,25.07316795994565,25.114252090454102,247900
2015-07-17,25.137726648165632,25.184678975544013,25.084903880541859,25.125988006591797,221800
2015-07-20,25.137729928174029,25.149466332362294,25.055559426435469,25.079036712646484,201400
2015-07-21,24.996870152062694,25.07903842047951,24.944047373949402,24.979263305664062,867200
2015-07-22,24.920569664186381,25.002737931211929,24.867746886967478,24.914701461791992,1433200
2015-07-23,24.797323351027121,24.861884787801038,24.621248130046013,24.63885498046875,290300
2015-07-24,24.721020939399377,24.779714166810528,24.533207089519092,24.574291229248047,507700
2015-07-27,24.580152893164975,24.615366578118145,24.445161876705068,24.503852844238281,289900
2015-07-28,24.662323747775002,24.820792063550204,24.568416846454561,24.809053421020508,308900
2015-07-29,24.679930592110978,24.944044451736318,24.679930592110978,24.809053421020508,148900
2015-07-30,24.703407448466045,24.750359778852882,24.591893704744841,24.744491577148438,271200
2015-07-31,24.938179259751184,24.979263394105054,24.767972280903784,24.820795059204102,326500
2015-08-03,24.791441337245882,24.856000499139537,24.615363975429865,24.715141296386719,448100
2015-08-04,24.820790865855184,24.944043248093912,24.773836298002127,24.814920425415039,458800
2015-08-05,24.985133263462657,25.055562892922545,24.932310481638353,24.938180923461914,381700
2015-08-06,24.879483248237065,24.932306020610024,24.750360418232692,24.908828735351562,1539100
2015-08-07,24.803184493008199,24.891223197891716,24.738625313533195,24.885354995727539,214300
2015-08-10,24.944045675308999,25.114252641963009,24.867745614581814,25.079036712646484,809200
2015-08-11,24.756229949420948,24.791445876014745,24.568416152088169,24.721014022827148,1445100
2015-08-12,24.56841572238595,24.674061261402528,24.427554257391499,24.656452178955078,555100
2015-08-13,24.621253534533594,24.791460589041051,24.550823878465071,24.697553634643555,188400
2015-08-14,24.779709995799205,24.879485107227108,24.756232708786531,24.850139617919922,292400
2015-08-17,24.679931940698165,24.844270706176758,24.644718250102024,24.844270706176758,289700
2015-08-18,24.750354977616592,24.791441337245882,24.685795815722933,24.715141296386719,273600
2015-08-19,24.638843371066365,24.738620700590293,24.456897793062055,24.597759246826172,314400
2015-08-20,24.386472733542501,24.456902354100759,24.169313430786133,24.169313430786133,1047600
2015-08-21,24.139963682127636,24.175177366733937,23.652820148516302,23.670429229736328,865700
2015-08-24,22.43203227856505,23.106987405555699,21.997711477743941,22.596368789672852,1316800
2015-08-25,23.048304098037754,23.57652973320582,22.754844665527344,22.754844665527344,1244000
2015-08-26,23.159817974696281,23.230249850818574,22.725499266531124,23.212640762329102,717600
2015-08-27,23.429794922232762,23.711517886430848,23.376974385227587,23.676301956176758,904200
2015-08-28,23.394573382499129,23.470873419660574,23.318273345337683,23.435657501220703,554100
2015-08-31,23.306543817918456,23.318282461987824,23.124600432136862,23.153945922851562,581700
2015-09-01,22.696146470381741,22.778316974198951,22.467248521327043,22.543548583984375,761500
2015-09-02,22.872222840137507,22.948520660400391,22.696145436042364,22.948520660400391,414100
2015-09-03,22.872217889382934,23.048293016448934,22.842870169108004,22.878086090087891,746900
2015-09-04,22.520068745466993,22.590500597901226,22.320516308070758,22.379209518432617,409600
2015-09-08,22.878094138304519,22.989607902261515,22.813532713254549,22.942655563354492,858100
2015-09-09,23.08937766948695,23.124593591277254,22.625711441040039,22.625711441040039,994200
2015-09-10,22.684412612517857,22.936787876709886,22.684412612517857,22.848749160766602,434100
2015-09-11,22.772442357913377,22.895694732666016,22.725490031829136,22.895694732666016,227000
2015-09-14,22.860489827823685,22.889835322761623,22.795928395609568,22.831144332885742,295600
2015-09-15,22.77831496377334,22.936783277344091,22.737230834949493,22.919174194335938,463600
2015-09-16,22.942655579927134,23.11873076906129,22.90157144375975,23.083517074584961,352900
2015-09-17,23.001341461679701,23.400446329285767,22.971995976485697,23.106986999511719,379600
2015-09-18,23.037250624031419,23.167271745592465,22.919049809384376,22.924961090087891,741900
2015-09-21,23.037252894749024,23.143633412967688,22.93678365781653,23.025432586669922,283500
2015-09-22,22.682647705078125,22.741746978043452,22.588087515637948,22.682647705078125,1171300
2015-09-23,22.724020517502723,22.765390464702765,22.576270061933123,22.605819702148438,304100
2015-09-24,22.659009805804999,22.871770821130692,22.605819551973575,22.824489593505859,426700
2015-09-25,23.238198904541921,23.332759136172552,23.07862809094765,23.137729644775391,670700
2015-09-28,23.019522753321308,23.179093525058281,22.771300801343848,22.783121109008789,367900
2015-09-29,22.818575359757236,22.930864868000523,22.753564813855988,22.859945297241211,717600
2015-09-30,23.161364070380341,23.285476185051227,23.049074518956886,23.250015258789062,568300
2015-10-01,23.433221407072175,23.510050015002147,23.114079905770723,23.285470962524414,636300
2015-10-02,23.14953881795099,23.580972104612894,23.090439541294973,23.551420211791992,724400
2015-10-05,23.900114947360223,24.101055674484869,23.900114947360223,24.08332633972168,1709300
2015-10-06,23.971037758492347,24.059686690363201,23.929667806053953,24.006496429443359,721900
2015-10-07,24.047866381881757,24.101056642801595,23.87056626364673,24.006496429443359,716200
2015-10-08,23.923755884625322,24.242897441607578,23.87647690645754,24.23698616027832,595000
2015-10-09,24.219254558616292,24.272444813135301,24.065595075835294,24.136514663696289,2508200
2015-10-12,24.112874012519182,24.177884573997286,24.0892333984375,24.0892333984375,313200
2015-10-13,23.858738004517132,24.012399709076607,23.823279345382307,23.852828979492188,424300
2015-10-14,23.994673316608885,24.130605721011875,23.971034956902027,24.077415466308594,370700
2015-10-15,24.219253013802394,24.402464379791382,24.183792094887227,24.390644073486328,353900
2015-10-16,24.41428183150888,24.491110431769357,24.361091586601741,24.467472076416016,357100
2015-10-19,24.390652037455702,24.491121292114258,24.384740755126586,24.491121292114258,237600
2015-10-20,24.420198878823175,24.520670376427425,24.414289851666869,24.461568832397461,295100
2015-10-21,24.508844901986478,24.562035153156053,24.331542561759296,24.337453842163086,441900
2015-10-22,24.5383867081249,24.786606298025152,24.5383867081249,24.774785995483398,1412200
2015-10-23,24.827991076956838,24.88709262500867,24.762982755840124,24.833902359008789,444900
2015-10-26,24.816172619815791,24.869362884953983,24.733430453883656,24.739341735839844,444900
2015-10-27,24.733425668290039,24.774795616004813,24.662506079992291,24.715696334838867,488900
2015-10-28,24.762977563366075,24.869358073059228,24.538396236847966,24.715696334838867,565400
2015-10-29,24.473389547045759,24.58567910082472,24.467480519791465,24.556129455566406,606600
2015-10-30,24.550218549283752,24.632958451471637,24.485207981995195,24.502937316894531,597000
2015-11-02,24.514756576586436,24.680236373885251,24.473386627261732,24.638866424560547,762200
2015-11-03,24.402468578518651,24.567948386276324,24.325637701562606,24.538398742675781,460100
2015-11-04,24.343368627565905,24.37882955489976,24.124698545240722,24.183797836303711,886200
2015-11-05,24.201519989751048,24.260619257768074,24.16015005124062,24.225160598754883,604700
2015-11-06,23.953303378918918,24.006493633644212,23.823284509751684,23.92375373840332,669100
2015-11-09,23.527785900549219,23.54551523569685,23.232284957457889,23.326845169067383,527300
2015-11-10,23.119993156207485,23.356394812477859,23.114084129322702,23.326845169067383,2101700
2015-11-11,23.557336368526652,23.604615348739642,23.498234825143712,23.515966415405273,275000
2015-11-12,23.433225688939725,23.462775332350201,23.320933887689321,23.326845169067383,232900
2015-11-13,23.297289909719087,23.33866210991631,23.190911659688787,23.214550018310547,354000
2015-11-16,23.279557139661449,23.527779031727487,23.244098479718176,23.521867752075195,316300
2015-11-17,23.64007765231387,23.716908535942068,23.575067078051049,23.63416862487793,453900
2015-11-18,23.645980774091626,23.817371835343881,23.575061190105249,23.805551528930664,316000
2015-11-19,23.947395732433503,24.053776248013612,23.917846090215289,23.941484451293945,739400
2015-11-20,24.089234863853502,24.15424542928638,24.036044606180528,24.04786491394043,280200
2015-11-23,23.96512467515646,24.00058559793462,23.770095236109469,23.793733596801758,735500
2015-11-24,23.575062175473569,23.829193137747342,23.575062175473569,23.776002883911133,422300
2015-11-25,23.823287524877802,23.84101686053241,23.722816029017217,23.781917572021484,307000
2015-11-27,23.657802114334892,23.705083342053918,23.634163754968405,23.669622421264648,70500
2015-11-30,23.645987054130515,23.734638248527677,23.557338114226877,23.681447982788086,748400
2015-12-01,23.976944364857047,24.124694824218746,23.941483442992727,24.12469482421875,450800
2015-12-02,23.959217692047602,23.99467636335682,23.73463633761807,23.781917572021484,771900
2015-12-03,23.882386904785665,23.882386904785665,23.55733630774494,23.622346878051758,864700
2015-12-04,23.551419713276641,23.829191267564656,23.527781355810326,23.823282241821289,609300
2015-12-07,23.734633004859127,23.799643565788529,23.551421629012005,23.616432189941406,391300
2015-12-08,23.397763234609183,23.504143747527291,23.368213593130402,23.374122619628906,742000
2015-12-09,23.403674671343044,23.569156738754071,23.232285831318336,23.309114456176758,1102400
2015-12-10,23.332751867015844,23.385942121642881,23.214551050678757,23.232282638549805,429200
2015-12-11,22.924956368563496,22.989966915954732,22.777205944307987,22.842216491699219,662200
2015-12-14,23.025438885231864,23.049079507856909,22.753578488525413,22.954519271850586,775800
2015-12-15,23.049072794641059,23.119992387366473,22.978153201915646,23.031343460083008,836100
2015-12-16,23.309118582081261,23.557340599888445,23.238198971776537,23.510059356689453,855200
2015-12-17,23.43322963425241,23.43322963425241,23.143637669288999,23.167278289794922,954700
2015-12-18,23.238631735188886,23.28620195920557,23.101861953735355,23.101861953735352,1085800
2015-12-21,23.34565771615711,23.357550835389901,23.089963591984048,23.18510627746582,643400
2015-12-22,23.274313267094826,23.339724322404422,23.18511822943951,23.298099517822266,760400
2015-12-23,23.411075542825422,23.547843051186952,23.375398443137065,23.530004501342773,903300
2015-12-24,23.464589160026105,23.631090578785624,23.440802919006057,23.565679550170898,283300
2015-12-28,23.393237042159335,23.494325182663808,23.321880574251402,23.411075592041016,1246300
2015-12-29,23.690563714670933,23.708402268626081,23.559741603315238,23.654884338378906,769700
2015-12-30,23.541892616613364,23.601355949033433,23.482429284193294,23.488374710083008,778000
2015-12-31,23.321876721303841,23.428912539673235,23.220786329119036,23.262411117553711,821900
2016-01-04,22.893737018886441,23.054290771484375,22.768862634104003,23.054290771484375,1013400
2016-01-05,23.036455524501527,23.113757429946073,22.947258226365179,23.089973449707031,360500
2016-01-06,22.739130336077928,22.881843266650542,22.733182640748407,22.858057022094727,1491200
2016-01-07,22.447755280273093,22.596415911268277,22.334774017333984,22.334774017333984,514800
2016-01-08,22.358556591359278,22.370449713298363,21.989878884771901,22.031503677368164,670300
2016-01-11,22.22179338760494,22.29315213303471,21.936365211030395,22.114757537841797,490600
2016-01-12,22.239626207038377,22.316928084204257,22.055286250236765,22.209892272949219,458100
2016-01-13,22.322883799903657,22.429919649621077,21.906633525267196,21.966096878051758,3128400
2016-01-14,22.102863102428891,22.281257687039169,21.936363909732762,22.162328720092773,528700
2016-01-15,21.537949327402298,21.650930571367443,21.371447906150554,21.49632453918457,788700
2016-01-19,21.775811034867907,21.835276654962907,21.442812635861745,21.615257263183594,782800
2016-01-20,21.288204180209874,21.377401475693262,20.544900945786473,21.139543533325195,5393300
2016-01-21,21.020614206989009,21.359560294688926,20.919526057638453,21.234685897827148,1912600
2016-01-22,21.573627518125065,21.757967495592318,21.537950422627556,21.722288131713867,1274800
2016-01-25,21.644992089946651,21.728241693092503,21.526063113289052,21.537956237792969,641800
2016-01-26,21.692561899174066,21.912579027278628,21.621205421915036,21.900688171386719,440500
2016-01-27,21.888793705362279,22.007720404043461,21.66877432236307,21.746078491210938,498500
2016-01-28,21.960151524372325,22.019614877357931,21.823383997800217,21.900688171386719,955700
2016-01-29,22.316940067258585,22.536959502077949,22.316940067258585,22.525066375732422,596700
2016-02-01,22.566684671449359,22.768863224214726,22.513166752529667,22.685613632202148,649200
2016-02-02,22.43585723781862,22.43585723781862,22.132590615176944,22.203947067260742,654000
2016-02-03,22.572629424439839,22.64398815978868,22.221790248308849,22.608308792114258,1459600
2016-02-04,22.608307266344443,22.774806434159483,22.572627901077922,22.661825180053711,463900
2016-02-05,22.566684446529951,22.626147792123056,22.233683813417372,22.275308609008789,903400
2016-02-08,22.04935192041691,22.126653836483694,21.787707686400616,21.942316055297852,518100
2016-02-09,21.621204835696929,21.906633005375721,21.597418587795001,21.853115081787109,2774100
2016-02-10,22.001771665452697,22.09096894442181,21.847165619404738,21.85905647277832,385700
2016-02-11,21.680658559910352,21.793642053084177,21.502266316622741,21.674713134765625,373800
2016-02-12,21.627148401363819,22.019612384428317,21.567685055110296,22.001773834228516,494000
2016-02-16,22.447751998901367,22.531001577148405,22.257466600513599,22.447751998901367,480700
2016-02-17,22.536957730826401,22.792654256204425,22.536957730826401,22.733188629150391,510300
2016-02-18,22.733188414853196,22.816438023562352,22.596420876490765,22.643993377685547,290100
2016-02-19,22.667766060440108,22.858051433602078,22.620195851339904,22.82237434387207,228500
2016-02-22,22.935359696569375,23.066181764768345,22.929414270006234,23.060234069824219,1058100
2016-02-23,22.810498423528323,22.846175540158736,22.643999163566953,22.673730850219727,453200
2016-02-24,22.513167277038981,22.822381674847776,22.394238313515398,22.798595428466797,522500
2016-02-25,22.887790117063297,23.006716798689844,22.8104859593012,22.98887825012207,327300
2016-02-26,23.060226970131527,23.119692559359837,22.816423725246178,22.8402099609375,278900
2016-02-29,22.899684457396695,22.982936322945296,22.816434860229492,22.816434860229492,306900
2016-03-01,23.13754318205569,23.387294250449116,23.089972954216901,23.369453430175781,555800
2016-03-02,23.298097763996527,23.52406259213366,23.256472962547786,23.506221771240234,1172500
2016-03-03,23.506224405336305,23.648939646568554,23.452706473421934,23.613260269165039,546600
2016-03-04,23.619208843419699,23.77381494781303,23.607315717176842,23.684619903564453,392700
2016-03-07,23.411074523351076,23.601359941340053,23.321879509633117,23.547842025756836,528600
2016-03-08,23.464593083556007,23.535951818548082,23.381343494446426,23.476486206054688,604900
2016-03-09,23.547838263317676,23.631090105219467,23.464588689796631,23.482429504394531,1013000
2016-03-10,23.625145521353012,23.761913019912917,23.375396767908242,23.524057388305664,245200
2016-03-11,23.940304948548377,24.106806383373797,23.898680156937278,24.100858688354492,795000
2016-03-14,24.017617665157527,24.100867278050398,23.95220660691832,24.05329704284668,302400
2016-03-15,23.868944369636822,23.987873297316824,23.833267279199259,23.981927871704102,735500
2016-03-16,23.857060534793927,24.326828734346392,23.845167410559263,24.28520393371582,480400
2016-03-17,24.493323889501905,24.790645141093545,24.439805973480166,24.707395553588867,821700
2016-03-18,24.719928634450252,24.767686170349418,24.642323777216433,24.666202545166016,491300
2016-03-21,24.636362075805668,24.713966954623299,24.487123150420757,24.636362075805664,360700
2016-03-22,24.511001771710678,24.624422534499931,24.475183610048418,24.618453979492188,738300
2016-03-23,24.43936452209137,24.469214127614535,24.319975208819439,24.355791091918945,489900
2016-03-24,24.158794715846497,24.206549981390328,24.051342521866655,24.194610595703125,322500
2016-03-28,24.242373279626907,24.308038776229971,24.194615726749969,24.272220611572266,366700
2016-03-29,24.260279346218212,24.690088180032447,24.212524074241788,24.636362075805664,581100
2016-03-30,24.833344584988613,24.9646755062202,24.761710572136938,24.839315414428711,361800
2016-03-31,24.773661336579412,24.851266214528337,24.719935232954043,24.749782562255859,422100
2016-04-01,24.302067770437219,24.546819534174752,24.248341662436033,24.528911590576172,633700
2016-04-04,24.66620127703608,24.66620127703608,24.445328377869501,24.457267761230469,678000
2016-04-05,24.290124678777339,24.343850778586884,24.218490638099642,24.308034896850586,543400
2016-04-06,24.349816014254873,24.546810150146484,24.331905800297765,24.546810150146484,1873600
2016-04-07,24.40951321262903,24.445331367091846,24.230426994724564,24.337879180908203,1119600
2016-04-08,24.73187505142144,24.767693213531416,24.612483454926821,24.654270172119141,339200
2016-04-11,24.845288805633764,24.958711815044207,24.755746841430664,24.755746841430664,510100
2016-04-12,24.857234525818104,25.012444280194352,24.731874377656293,24.952747344970703,574000
2016-04-13,25.090037287101939,25.221368217174874,25.048250587024981,25.173610687255859,474500
2016-04-14,25.137799549550142,25.137799549550142,25.030347364207394,25.03631591796875,343000
2016-04-15,25.018410246887228,25.030349632696794,24.964684149346684,24.97662353515625,235300
2016-04-18,25.000499422174947,25.185554187858781,24.952741884447033,25.149738311767578,753300
2016-04-19,25.346734069093284,25.382552224660412,25.251221264785823,25.298978805541992,616200
2016-04-20,25.334795401851522,25.430308208865664,25.281069305580758,25.364645004272461,1598300
2016-04-21,25.191525125800151,25.203464510282899,25.012438912968406,25.078102111816406,790200
2016-04-22,25.101978811797355,25.155704898939081,24.976618700868187,25.060192108154297,514400
2016-04-25,25.269134676352337,25.304950559243363,25.191529801413175,25.287042617797852,393300
2016-04-26,25.484035491943359,25.579548303405588,25.472096105859951,25.484035491943359,419000
2016-04-27,25.364642899716692,25.478063637008692,25.310916807903691,25.442245483398438,294200
2016-04-28,25.287039633127083,25.454186472770356,25.209434767347751,25.281068801879883,662100
2016-04-29,25.310921391195311,25.34076871933955,25.155711641316987,25.287042617797852,1336300
2016-05-02,25.448213229189406,25.567604782878355,25.400455696832037,25.507907867431641,1208100
2016-05-03,25.358671648766123,25.418368570460963,25.191524822429997,25.227340698242188,716600
2016-05-04,25.048255865398584,25.1198921753729,25.012439987616268,25.084074020385742,748400
2016-05-05,25.161677803195651,25.161677803195651,25.012438912968406,25.078102111816406,518300
2016-05-06,24.928866130896932,25.119894027709964,24.928866130896932,25.119894027709961,734400
2016-05-09,25.209432336952194,25.275097811111333,25.10198015691082,25.137798309326172,712600
2016-05-10,25.28703803883019,25.45418486793519,25.28703803883019,25.442245483398438,441300
2016-05-11,25.19749357229076,25.263159048064274,25.131828096517243,25.149738311767578,308600
2016-05-12,25.161688437058789,25.161688437058789,24.904997255208407,24.994539260864258,374300
2016-05-13,24.827385989077587,24.881112089562741,24.690086460550003,24.743812561035156,1052300
2016-05-16,24.851265545256503,25.072138508787894,24.749781895717089,25.048259735107422,482700
2016-05-17,25.209436644536449,25.209436644536449,24.946776980223419,25.006471633911133,356100
2016-05-18,24.970660462364481,25.13183651316217,24.809482134361296,24.904994964599609,407200
2016-05-19,24.636355894084385,24.672174046983223,24.522935159045133,24.642324447631836,242900
2016-05-20,24.809479498064746,24.845295382344819,24.743814007277596,24.749782562255859,614100
2016-05-23,24.684115628715475,24.815446602613651,24.684115628715475,24.743812561035156,394200
2016-05-24,24.922889275892857,25.096006897631675,24.875131748294184,25.054220199584961,390200
2016-05-25,24.982587521234038,25.227339192563239,24.982587521234038,25.131826400756836,396500
2016-05-26,25.173613104846851,25.191523318888702,25.084071143455922,25.131826400756836,408000
2016-05-27,25.066166238692293,25.161679042052196,25.066166238692293,25.101982116699219,233400
2016-05-31,25.149746734410634,25.149746734410634,24.857237410877705,24.904994964599609,719300
2016-06-01,24.851261556709243,24.952742912756033,24.803504017013228,24.940803527832031,1505600
2016-06-02,24.767686544167475,24.922893983773005,24.767686544167475,24.916925430297852,528700
2016-06-03,25.113921450431381,25.358673150866103,25.113921450431381,25.322854995727539,477300
2016-06-06,25.406435872698047,25.537764580580923,25.406435872698047,25.490009307861328,338000
2016-06-07,25.543724336042736,25.663115881876283,25.543724336042736,25.615358352661133,223800
2016-06-08,25.740715484845349,25.752654865773316,25.675050028343559,25.734746932983398,722600
2016-06-09,25.615368658992818,25.657155375266775,25.549703168503672,25.64521598815918,828600
2016-06-10,25.376582331287729,25.394492548335631,25.090043907775947,25.161680221557617,375100
2016-06-13,24.970651520392973,25.113919575843514,24.875136447153036,24.916925430297852,556600
2016-06-14,24.719932201277231,24.719932201277231,24.499059258885566,24.594572067260742,367900
2016-06-15,24.749780401817073,24.839324659111348,24.660238421727858,24.678146362304688,957600
2016-06-16,24.47517741204334,24.66620300479023,24.236394282507383,24.660234451293945,626600
2016-06-17,24.658431205602934,24.808934329118326,24.586190349334263,24.754753112792969,383200
2016-06-20,25.435020933309968,25.477161612675157,25.350739574579585,25.368799209594727,563100
2016-06-21,25.555430025456534,25.705933144220712,25.489208285761041,25.567470550537109,577800
2016-06-22,25.507269769463193,25.639713258430639,25.471150488105167,25.48921012878418,1156600
2016-06-23,25.820316165642154,25.952759652613921,25.693894089802999,25.934700012207031,475300
2016-06-24,23.996221718507297,24.42967150940121,23.954081021781025,24.032341003417969,1359200
2016-06-27,23.628992056235287,23.719294855303207,23.279823682767947,23.478488922119141,1327500
2016-06-28,24.194878061821427,24.327321527615091,24.098556167561064,24.32130241394043,971900
2016-06-29,24.640369190951859,24.77281266175974,24.634347780554123,24.74873161315918,506200
2016-06-30,24.808932824073249,24.959435938458302,24.718632333339382,24.95341682434082,695800
2016-07-01,24.923309610477762,25.019631484576934,24.814947215054364,24.965450286865234,522000
2016-07-05,24.519966920092447,24.634348459354097,24.375485217498284,24.42364501953125,897800
2016-07-06,24.212945571114521,24.393548877376574,24.098561716501898,24.387527465820312,983800
2016-07-07,24.429664832045226,24.52598672630559,24.297221366251559,24.32130241394043,1191300
2016-07-08,24.56812919733148,24.754751589247718,24.556088672611839,24.730672836303711,592100
2016-07-11,25.001570600558146,25.12799493150554,25.001570600558146,25.055751800537109,485400
2016-07-12,25.290542602539062,25.404926440457668,25.248401913778093,25.290542602539062,544900
2016-07-13,25.284524558752707,25.332686660230028,25.206262292099762,25.236362457275391,533100
2016-07-14,25.32064245555787,25.441043098765146,25.32064245555787,25.39288330078125,338800
2016-07-15,25.152082174929777,25.152082174929777,25.043719738367496,25.109941482543945,514300
2016-07-18,25.158101740015113,25.224323479332188,25.103920525709807,25.188201904296875,339900
2016-07-19,25.091883835822202,25.121984004704569,25.05576225526595,25.115964889526367,239200
2016-07-20,25.368811217731153,25.429013857102742,25.326670518418979,25.380851745605469,267900
2016-07-21,25.326664059931463,25.398904912259542,25.26044232175769,25.332685470581055,1063800
2016-07-22,25.326661495264318,25.362783066018203,25.278501697420861,25.314620971679688,325400
2016-07-25,25.380847156003387,25.404928207397461,25.320646824013661,25.404928207397461,268700
2016-07-26,25.597567667515047,25.639708352032404,25.483186137610101,25.543386459350586,339100
2016-07-27,25.507266704052618,25.579509851077653,25.320644315476024,25.53736686706543,441000
2016-07-28,25.645727815181107,25.687868500272874,25.585527492620042,25.663789749145508,496500
2016-07-29,25.723991645741105,25.868475643821686,25.669810433522791,25.838373184204102,518900
2016-08-01,25.802250028702634,25.802250028702634,25.663787461956062,25.6878662109375,426400
2016-08-02,25.71194954789534,25.723990071706574,25.567467855150742,25.663789749145508,477100
2016-08-03,25.374828785792609,25.453088760375977,25.33268809286448,25.453088760375977,562200
2016-08-04,25.543392800892132,25.669814885830426,25.543392800892132,25.633695602416992,482700
2016-08-05,25.675829980656218,25.711949255183626,25.621648772370033,25.693889617919922,391500
2016-08-08,25.711950576040536,25.754091262817383,25.651750251072237,25.754091262817383,1109700
2016-08-09,25.615627362285416,25.778170987143973,25.615627362285416,25.693889617919922,537400
2016-08-10,25.868473547194959,25.922654755021913,25.802251815795898,25.802251815795898,522400
2016-08-11,25.802261828949838,25.850421645432721,25.784202184830747,25.808280944824219,290500
2016-08-12,25.82031499943405,25.83837463902525,25.711952568896116,25.760114669799805,349300
2016-08-15,25.85643816065625,25.940719545910564,25.85643816065625,25.862457275390625,383600
2016-08-16,25.838369089806111,25.84439049937356,25.760109137388291,25.796228408813477,210500
2016-08-17,25.699913649334228,25.84439766457692,25.621653675219303,25.790216445922852,216900
2016-08-18,25.790219444049718,25.892560482018212,25.772159801230757,25.886541366577148,486200
2016-08-19,25.615633630478833,25.705936431884762,25.567473820492467,25.705936431884766,254400
2016-08-22,25.579509714431307,25.687869841399529,25.531347616671898,25.651750564575195,1292300
2016-08-23,25.934702077720637,25.976842773023225,25.820318222045902,25.820318222045898,2311000
2016-08-24,25.814286522844526,25.814286522844526,25.711943243789324,25.723983764648438,1576200
2016-08-25,25.711955247698448,25.772157880100277,25.711955247698448,25.73603630065918,553100
2016-08-26,25.748079284032567,25.904601550221535,25.368810701445685,25.447072982788086,743100
2016-08-29,25.374817946144173,25.477158929109898,25.362777425237404,25.465118408203125,299200
2016-08-30,25.380845273301343,25.453086125629422,25.308604420973268,25.332685470581055,370900
2016-08-31,25.290542602539062,25.338704701977488,25.230342274736334,25.290542602539062,532100
2016-09-01,25.374830264883332,25.525333404541016,25.374830264883332,25.525333404541016,322100
2016-09-02,25.627674136484682,25.633695548037906,25.507271166872169,25.55543327331543,299000
2016-09-06,25.687872678670388,25.946738241481306,25.687872678670388,25.934700012207031,596400
2016-09-07,25.976832986332969,25.976832986332969,25.760108179858239,25.784189224243164,464500
2016-09-08,25.820316642645373,25.868478746614116,25.717975616455078,25.717975616455078,1412900
2016-09-09,25.36278910876003,25.410948918077668,25.061782836914062,25.061782836914062,568100
2016-09-12,24.845056389381636,25.212284385350575,24.833015863686452,25.182184219360352,560400
2016-09-13,24.869130069913712,24.899230226982677,24.580164428361055,24.658424377441406,629100
2016-09-14,24.6403740067983,24.748736450184559,24.592211900184122,24.616292953491211,411900
2016-09-15,24.592204344571631,24.81495057448306,24.550063662479186,24.766788482666016,367600
2016-09-16,24.468602089286314,24.553625402272399,24.444309052229851,24.492895126342773,469300
2016-09-19,24.699373355539905,24.790471065360133,24.656861708746732,24.687229156494141,333300
2016-09-20,24.832989899185822,24.875501558282494,24.766185201544857,24.796552658081055,341000
2016-09-21,24.857283385847538,25.057695165671706,24.754039128528895,25.009111404418945,1171900
2016-09-22,25.343129883398898,25.391715956189927,25.258106572726064,25.294546127319336,571800
2016-09-23,25.203459313374715,25.252045407205614,25.167019743001543,25.191312789916992,324300
2016-09-26,25.197387210002088,25.233824463662796,25.154873219543816,25.191312789916992,594700
2016-09-27,25.209525744627133,25.403867759511488,25.209525744627133,25.385646820068359,372600
2016-09-28,25.367421148274811,25.476737487709116,25.221665256791969,25.470663070678711,366200
2016-09-29,25.276321430141316,25.294542363082115,24.978739887071335,25.051616668701172,496400
2016-09-30,25.197377044890239,25.379570189830918,25.197377044890239,25.330984115600586,473700
2016-10-03,25.130571933582619,25.239888282072815,25.130571933582619,25.215595245361328,2034700
2016-10-04,25.063767811613438,25.094132949838379,24.808695553758536,24.863353729248047,1123100
2016-10-05,24.596137810214511,24.6143564302077,24.511114494630835,24.529333114624023,2016300
2016-10-06,24.225678873884153,24.304630094180208,24.201385834298943,24.237825393676758,834600
2016-10-07,24.116365898202076,24.128512419699955,23.879514520773693,24.025270462036133,1052800
2016-10-10,23.994902999935395,24.110293795809184,23.994902999935395,24.025270462036133,294000
2016-10-11,23.812708863063136,23.812708863063136,23.563710974047854,23.612297058105469,926500
2016-10-12,23.55155268848991,23.636575976407645,23.52118755947798,23.575845718383789,462600
2016-10-13,23.666948568073668,23.873434733646583,23.612290397283445,23.830923080444336,602500
2016-10-14,23.885586804031458,23.909877528143046,23.758049498064164,23.764123916625977,382200
2016-10-17,23.630520761533607,23.691251062949874,23.606227714282102,23.636592864990234,275500
2016-10-18,23.915943524047105,23.982748204428606,23.915943524047105,23.934162139892578,346800
2016-10-19,23.982756216384772,24.116363305071033,23.982756216384772,24.067779541015625,488900
2016-10-20,24.11028708796503,24.189238297379777,24.073847533609431,24.128505706787109,487100
2016-10-21,23.928100820558502,24.073854446411129,23.928100820558502,24.073854446411133,313200
2016-10-24,24.116359188668575,24.177091779261243,24.079921951024421,24.128505706787109,360200
2016-10-25,24.079927508144404,24.171022939989069,24.025269322352816,24.158876419067383,514000
2016-10-26,23.94024292008918,23.988829002242017,23.885587052735097,23.909877777099609,717900
2016-10-27,23.764121106685931,23.764121106685931,23.642658233642578,23.642658233642578,542900
2016-10-28,23.521191685278115,23.557631236510716,23.454386999707303,23.496898651123047,565700
2016-10-31,23.587999908294691,23.715534881668088,23.587999908294691,23.673023223876953,639100
2016-11-01,23.612299122053951,23.679103835116564,23.490836218004851,23.581933975219727,1013200
2016-11-02,23.654809249436259,23.745904684002458,23.588004540727148,23.600151062011719,858600
2016-11-03,23.691250006531856,23.794494294390731,23.624447604637751,23.660884857177734,1752000
2016-11-04,23.539419486095028,23.575859051543986,23.478689193725586,23.478689193725586,615600
2016-11-07,23.630516229337715,23.709467459406468,23.594076665449354,23.697320938110352,498400
2016-11-08,23.642666239006232,23.830933871806089,23.636591819105892,23.758054733276367,934300
2016-11-09,23.478686969847214,23.812708179665293,23.478686969847214,23.654808044433594,645100
2016-11-10,23.132514531146047,23.205391323596199,22.93817487347134,23.017126083374023,1443100
2016-11-11,22.938167493497442,22.962460522068767,22.755974412633929,22.840997695922852,411000
2016-11-14,22.567719030571514,22.573791132618474,22.440184037177634,22.555572509765625,1033100
2016-11-15,22.579859177200177,22.725612752301426,22.579859177200177,22.713468551635742,479300
2016-11-16,22.421959933831783,22.452327389917574,22.355157553893285,22.415887832641602,420100
2016-11-17,22.683103752236182,22.786348003657569,22.677031651193314,22.749908447265625,956600
2016-11-18,22.616305113795061,22.677035401112537,22.537353886912776,22.555572509765625,679000
2016-11-21,22.549496411208697,22.628445307386691,22.549496411208697,22.604154586791992,1501500
2016-11-22,22.63452293467817,22.731692780970455,22.63452293467817,22.725618362426758,598200
2016-11-23,22.585936634473406,22.695253000082687,22.585936634473406,22.677034378051758,724300
2016-11-25,22.670960220180248,22.743837018406399,22.670960220180248,22.7073974609375,251100
2016-11-28,22.822787454331255,22.913882869821784,22.792419999122846,22.877443313598633,493400
2016-11-29,22.822790396091172,23.011055669065122,22.822790396091172,22.968544006347656,601800
2016-11-30,22.992833716511075,23.035345373070843,22.901735985762134,22.974615097045898,1269500
2016-12-01,22.737764662629424,22.798497263918946,22.622376195247117,22.677034378051758,610200
2016-12-02,22.762046511421399,22.913874464926113,22.762046511421399,22.840997695922852,752100
2016-12-05,22.865299302055703,22.96854123714737,22.847078365436548,22.944248199462891,1508600
2016-12-06,23.059640246920409,23.102151906866329,23.029272789777568,23.083930969238281,792500
2016-12-07,23.205399962471226,23.442251363642534,23.199327859469641,23.411886215209961,1195800
2016-12-08,23.345073517423426,23.43009914736334,23.314708379372082,23.393659591674805,1458300
2016-12-09,23.399739692494467,23.430107157639362,23.345081498630911,23.411886215209961,677500
2016-12-12,23.223613442132589,23.302562339345055,23.217539024370659,23.284343719482422,636000
2016-12-13,23.411874076846125,23.52726482446046,23.411874076846125,23.472606658935547,1040800
2016-12-14,23.357221866541849,23.442245186433688,23.047493727405616,23.083930969238281,1134100
2016-12-15,22.731689827425441,22.792420104700437,22.683103752236182,22.749908447265625,1015200
2016-12-16,22.740853669552397,22.85080788600084,22.714981798943661,22.766725540161133,1185200
2016-12-19,22.805530878796858,22.896082425927439,22.766725540161136,22.766725540161133,900600
2016-12-20,22.915489196777344,22.934891869567995,22.876681383918214,22.915489196777344,1740900
2016-12-21,22.909017265215272,22.980163680009209,22.9025505308147,22.921953201293945,2550700
2016-12-22,22.863740428263998,22.902548232605756,22.818465890170586,22.831401824951172,1490500
2016-12-23,22.915494314661139,22.973704813311493,22.915494314661139,22.941366195678711,1339500
2016-12-27,23.025441225399337,23.083651711705844,23.025441225399337,23.064249038696289,2154200
2016-12-28,22.947824284732846,22.980162890179283,22.87021113820591,22.902549743652344,1747700
2016-12-29,23.109518543499611,23.161262283268954,22.999566797405723,23.141857147216797,2100400
2016-12-30,23.34236227267089,23.387636814889092,23.264749124193614,23.335895538330078,2084600
2017-01-03,23.297084710642427,23.361761914776999,23.187130502881036,23.355295181274414,1654500
2017-01-04,23.465253824513944,23.601079940795898,23.465253824513944,23.601079940795898,784800
2017-01-05,23.691623771877115,23.963271009479598,23.691623771877115,23.956804275512695,2208900
2017-01-06,23.982677529831644,24.027952072044581,23.930933786001141,23.950336456298828,747800
2017-01-09,23.85978908368924,23.924468768117798,23.85978908368924,23.905063629150391,877100
2017-01-10,23.892127990722656,23.956807675959187,23.866258583905754,23.892127990722656,582000
2017-01-11,23.698088289652627,23.885655631757679,23.633411086922603,23.833911895751953,1967200
2017-01-12,23.762770292784275,23.78217296205289,23.704559817701064,23.736898422241211,2956100
2017-01-13,23.659280160721988,23.730424088411933,23.614003163425707,23.711021423339844,781700
2017-01-17,23.704563401998449,23.74336874640332,23.652819653088297,23.717496871948242,630800
2017-01-18,23.730434417724609,23.795114108246565,23.672223929893811,23.730434417724609,4369700
2017-01-19,23.536394448748002,23.536394448748002,23.43290943683283,23.497589111328125,3563800
2017-01-20,23.56227242586408,23.588144302368164,23.491125999116818,23.588144302368164,4002900
2017-01-23,23.678685718338581,23.808042591600479,23.665749784284678,23.775701522827148,786000
2017-01-24,23.756300168977724,23.814510641800439,23.736897500462575,23.80157470703125,706400
2017-01-25,23.685151569665848,23.820977638534956,23.685151569665848,23.814508438110352,1002000
2017-01-26,23.762775536145387,23.782178209695285,23.704565048217773,23.704565048217773,780100
2017-01-27,23.723965885950737,23.730432620874318,23.665755402527587,23.672222137451172,618800
2017-01-30,23.549332573469801,23.659286796697661,23.52346070126589,23.646350860595703,703800
2017-01-31,23.749836836092747,23.879191267753018,23.749836836092747,23.872724533081055,1185100
2017-02-01,23.943865412791329,23.969737280050428,23.853316344661533,23.917993545532227,1442000
2017-02-02,23.885655039969286,23.91799364053308,23.820977838841699,23.859783172607422,843200
2017-02-03,23.93740343614591,24.040888469134877,23.924469965890371,23.989147186279297,650300
2017-02-06,23.88565435612859,23.943864822387695,23.846846556196851,23.943864822387695,534200
2017-02-07,23.963270679503324,24.040883822424245,23.943868010592428,23.995609283447266,531300
2017-02-08,24.15730809081068,24.176713229666099,24.118502747655182,24.124969482421875,894700
2017-02-09,24.306068297508236,24.306068297508236,24.202580810824081,24.228452682495117,917800
2017-02-10,24.137899210576823,24.28019201162077,24.124963277093094,24.25432014465332,369400
2017-02-13,24.189652873079591,24.209055547630431,24.131442382149025,24.183183670043945,443700
2017-02-14,24.196110593211333,24.202577326559382,24.040881852809701,24.189643859863281,627000
2017-02-15,24.060290972411249,24.234922409057617,24.060290972411249,24.234922409057617,3006600
2017-02-16,24.17023781064762,24.273722811240393,24.157301877163892,24.25432014465332,1052200
2017-02-17,24.20905001238058,24.234921884051619,24.163775470595002,24.228452682495117,638700
2017-02-21,24.124967767588625,24.183178245461868,24.11203183169707,24.170242309570312,2890700
2017-02-22,24.086162322859366,24.234921884051619,24.086162322859366,24.228452682495117,1380500
2017-02-23,24.319002378598707,24.38368205940542,24.293132973553568,24.338407516479492,469600
2017-02-24,24.196121573188616,24.306075828218734,24.189654836906019,24.286670684814453,330000
2017-02-27,24.189643859863281,24.228449194505842,24.124964189997133,24.189643859863281,632200
2017-02-28,24.157302791291642,24.24785432910425,24.150836057943589,24.189643859863281,585100
2017-03-01,24.137900911968064,24.260788587809806,24.124964977572532,24.209047317504883,503000
2017-03-02,23.943871439807527,23.976210048382967,23.885660957460665,23.905063629150391,414800
2017-03-03,23.905060728776881,24.027950880642184,23.885658059441258,24.002079010009766,997600
2017-03-06,23.995612610502967,23.995612610502967,23.911532722046292,23.963274002075195,321700
2017-03-07,23.853322458336969,23.885661067060791,23.827450584446829,23.846853256225586,689900
2017-03-08,23.769243778259941,23.769243778259941,23.633420120245194,23.639886856079102,1292900
2017-03-09,23.652816772460938,23.704560515069328,23.620478166969416,23.652816772460938,585400
2017-03-10,23.626937806571163,23.672212334119958,23.581663279022365,23.659278869628906,504900
2017-03-13,23.672223969264053,23.736903659893578,23.672223969264053,23.704565048217773,1138900
2017-03-14,23.504058015347884,23.536396621942814,23.465250207067449,23.510524749755859,391500
2017-03-15,23.575205098300195,23.905062842560078,23.536397288920021,23.885660171508789,626000
2017-03-16,24.131436969173148,24.183178245461868,24.105565097390041,24.170242309570312,408800
2017-03-17,24.207957145395028,24.31199339296543,24.201455965105541,24.233966827392578,317100
2017-03-20,24.253475189208981,24.311995739140968,24.214463142867682,24.253475189208984,504300
2017-03-21,24.246970852409468,24.285982893673125,24.064905564973447,24.071409225463867,721100
2017-03-22,24.116920908277912,24.201451117628906,24.110419729290587,24.13642692565918,732800
2017-03-23,24.168942622398703,24.28598371096788,24.149436601110441,24.233966827392578,435000
2017-03-24,24.246971856384732,24.338003263662152,24.24046819562502,24.305492401123047,451500
2017-03-27,24.324997051502553,24.364011572602344,24.292486190795898,24.292486190795898,855500
2017-03-28,24.285976370931454,24.318489703811672,24.253465518470286,24.272974014282227,591100
2017-03-29,24.266472067810522,24.344498615306783,24.253467229824604,24.337997436523438,334500
2017-03-30,24.27298242931974,24.292488451475045,24.207958221435547,24.207958221435547,384000
2017-03-31,24.188445084956385,24.337996998473844,24.188445084956385,24.318490982055664,301600
2017-04-03,24.188449948282798,24.305491031162497,24.142934247209546,24.292486190795898,534300
2017-04-04,24.305497074375957,24.344509124755859,24.253477699975697,24.344509124755859,468800
2017-04-05,24.351008104761757,24.416029829839967,24.305492401123047,24.305492401123047,1684800
2017-04-06,24.461548966528511,24.539578024077112,24.461548966528511,24.526573181152344,1695300
2017-04-07,24.533074362404644,24.585093734103712,24.507064676555114,24.526573181152344,356800
2017-04-10,24.435536939808195,24.435536939808195,24.377016398403313,24.429033279418945,297000
2017-04-11,24.533067265357829,24.650108337402344,24.494052747869844,24.650108337402344,408500
2017-04-12,24.721639814071263,24.79316520690918,24.656615602209492,24.79316520690918,763200
2017-04-13,24.780154884089086,24.825670582115919,24.741140365600582,24.741140365600586,614700
2017-04-17,24.981727891340174,25.053253280373255,24.981727891340174,25.020742416381836,260000
2017-04-18,24.903702683213496,25.040249807694728,24.884196659836192,25.033748626708984,417200
2017-04-19,24.923212956354924,24.9297141378022,24.786663341759724,24.825677871704102,334900
2017-04-20,24.923208236694339,24.955719098614679,24.890694894354226,24.923208236694336,1691600
2017-04-21,24.812670292930886,24.825675134811966,24.760653405826524,24.799665451049805,453800
2017-04-24,24.929709416910498,24.981726299899091,24.884193714138068,24.923208236694336,517300
2017-04-25,25.014241633332475,25.072762181615136,25.007737972178862,25.027246475219727,277500
2017-04-26,24.923202552811265,24.994725440556891,24.90369405577227,24.93620491027832,302600
2017-04-27,24.916705838423933,24.968725204467777,24.871190133345522,24.968725204467773,294800
2017-04-28,24.806171846942032,24.832179053151378,24.773658498444931,24.825677871704102,627200
2017-05-01,24.903704451172615,24.916709294487408,24.825677871704102,24.825677871704102,1129100
2017-05-02,25.033741199322623,25.105266571044922,25.027240020265744,25.105266571044922,545600
2017-05-03,25.007731954817007,25.027240453163738,24.962216259373587,24.988225936889648,437100
2017-05-04,24.89068921788601,24.942708569431055,24.877684379999749,24.93620491027832,424700
2017-05-05,24.923214334266426,25.11177837170532,24.903705828005563,25.079267501831055,317200
2017-05-08,25.137788059772884,25.137788059772884,25.020746943889222,25.079267501831055,979400
2017-05-09,25.0337414340094,25.079257129092234,25.014235416236573,25.053247451782227,365400
2017-05-10,25.046756631956786,25.098773527671536,25.027250606116301,25.079267501831055,553700
2017-05-11,25.001238478527327,25.092269897460938,24.98172997417003,25.092269897460938,549800
2017-05-12,25.059756482303239,25.137783050537109,25.046751640860951,25.137783050537109,661100
2017-05-15,25.241818305812455,25.280832828600122,25.215808623954008,25.267827987670898,203400
2017-05-16,25.222311350441025,25.293836732692693,25.215807690007402,25.274328231811523,481500
2017-05-17,25.241820567525707,25.280835093809152,25.183300018310547,25.183300018310547,757900
2017-05-18,25.059750477647849,25.144278206138935,25.059750477647849,25.098762512207031,730300
2017-05-19,25.196305977216738,25.248325347900387,25.170296291874912,25.248325347900391,236700
2017-05-22,25.280831892245143,25.326347593601717,25.267827051797596,25.274328231811523,288500
2017-05-23,25.28732700406637,25.313336678719931,25.20930046052478,25.222305297851562,207700
2017-05-24,25.20930587185979,25.326346952505322,25.196301031741438,25.319843292236328,625800
2017-05-25,25.326347351074219,25.378364231946598,25.319843690702879,25.326347351074219,220300
2017-05-26,25.332849398299054,25.391369941546234,25.326348218124814,25.365360260009766,258400
2017-05-30,25.319844557530818,25.371863920603758,25.274328855051873,25.365360260009766,213900
2017-05-31,25.475902664825902,25.488907506869563,25.410880935027613,25.443391799926758,541100
2017-06-01,25.612441250293834,25.683966617488082,25.573429217583641,25.677465438842773,785300
2017-06-02,25.755498035552222,25.892045142955947,25.748994374959803,25.866035461425781,463400
2017-06-05,25.774998149182206,25.80750900343395,25.742487294930459,25.794504165649414,581100
2017-06-06,25.74249023214275,25.761996250835594,25.722984213449909,25.755495071411133,331900
2017-06-07,25.80101467193391,25.879041238928956,25.788009830698094,25.859535217285156,311400
2017-06-08,25.722984213449909,25.761996250835594,25.657960017107989,25.755495071411133,1328200
2017-06-09,25.521411261913894,25.618946309859631,25.469391908231021,25.566926956176758,473900
2017-06-12,25.560433801905575,25.579939825450939,25.501913250849395,25.57343864440918,265800
2017-06-13,25.794505401564201,25.827018737792969,25.742488528352915,25.827018737792969,261100
2017-06-14,26.009085148986824,26.048099669661379,25.827022346678202,25.892044067382812,570700
2017-06-15,25.716483427932133,25.768502790819863,25.664466545464148,25.761999130249023,410700
2017-06-16,25.799421046532039,25.851940155029297,25.740338301597085,25.851940155029297,208400
2017-06-19,25.786292802868527,25.832245773411902,25.76659938813539,25.819118499755859,227200
2017-06-20,25.523697437774576,25.536827211914311,25.385836061431554,25.398965835571289,410700
2017-06-21,25.35301784531676,25.372713762509321,25.287371466005148,25.333324432373047,290000
2017-06-22,25.247976336887309,25.300495431673038,25.215153154770366,25.228282928466797,1047600
2017-06-23,25.320192300557945,25.353015487160775,25.287369113955119,25.339885711669922,230600
2017-06-26,25.353013234438126,25.405532331734999,25.280800727779123,25.28736686706543,418300
2017-06-27,25.228288951721392,25.228288951721392,25.129816877612079,25.156076431274414,475400
2017-06-28,25.182332992553711,25.202026403335886,25.142943666740795,25.182332992553711,1256500
2017-06-29,25.169202718542955,25.169202718542955,24.965694962248342,25.064167022705078,439200
2017-06-30,24.965691409529075,25.051033682830461,24.932868228797208,25.01164436340332,646300
2017-07-03,24.788448333740234,24.854097212972732,24.781884697941326,24.788448333740234,824400
2017-07-05,24.650589517453724,24.768754996176966,24.630896105749414,24.749061584472656,521100
2017-07-06,24.6637160283756,24.729362394865543,24.624326705932617,24.624326705932617,1489800
2017-07-07,24.545551047031925,24.637456963620956,24.519291498221225,24.59807014465332,406900
2017-07-10,24.584943063440139,24.657155578455974,24.584943063440139,24.644025802612305,254800
2017-07-11,24.407695883004543,24.519295226044548,24.37487269412506,24.493038177490234,313300
2017-07-12,24.512728615971437,24.676847044706047,24.512728615971437,24.663717269897461,559100
2017-07-13,24.74249245787539,24.801575190105456,24.735928822849107,24.775318145751953,222300
2017-07-14,25.005088872912534,25.129818002016169,24.991959095493893,25.110124588012695,342200
2017-07-17,25.070728335936021,25.110117657320025,25.01821174500564,25.051034927368164,285600
2017-07-18,25.274237092741213,25.293930502103343,25.261107318416993,25.28736686706543,248500
2017-07-19,25.458044915214636,25.503997865987746,25.425221736697846,25.464611053466797,830200
2017-07-20,25.517133008554637,25.589345519038154,25.490875962763969,25.576215744018555,1485300
2017-07-21,25.536833181172707,25.576220008550255,25.484314072337384,25.569656372070312,329800
2017-07-24,25.556522333613426,25.615605069077347,25.490875962763969,25.576215744018555,368100
2017-07-25,25.628746401175682,25.635310039521041,25.536840438842773,25.536840438842773,326000
2017-07-26,25.497441204739129,25.681253058098381,25.484311428892227,25.648429870605469,392300
2017-07-27,25.786291464882428,25.805987382842673,25.622173005957773,25.694385528564453,233600
2017-07-28,25.700952185614995,25.819117678754527,25.661562853152152,25.792858123779297,705400
2017-07-31,25.76658707504901,25.851929338525203,25.727197760156638,25.832233428955078,403000
2017-08-01,25.897890054347521,25.963536427942106,25.871630503210234,25.917583465576172,688000
2017-08-02,25.799421046532039,25.878197205029,25.792857410094342,25.851940155029297,277800
2017-08-03,25.825682874862515,25.91102518156092,25.805989459566401,25.884765625,347300
2017-08-04,25.838799566894412,25.89131614916969,25.746893669726763,25.832233428955078,399900
2017-08-07,25.681254629025357,25.753467148476226,25.67469099282475,25.740337371826172,275300
2017-08-08,25.66156391357795,25.700953247668497,25.602481164566679,25.641870498657227,711600
2017-08-09,25.563091830476132,25.66812755046849,25.549962052445949,25.641870498657227,347500
2017-08-10,25.53682958096141,25.582782542589346,25.392404556274414,25.392404556274414,652300
2017-08-11,25.39896819182901,25.471180704172507,25.359581370004257,25.392404556274414,189400
2017-08-14,25.504004724461094,25.589347014953191,25.490877452922625,25.563087463378906,230000
2017-08-15,25.372715737161435,25.464621677049887,25.372715737161435,25.438362121582031,187200
2017-08-16,25.563086537418762,25.700947926065741,25.549956762107215,25.654994964599609,665400
2017-08-17,25.622175650828531,25.687824543724425,25.490882873535156,25.490882873535156,366100
2017-08-18,25.609045069179338,25.635304625514223,25.556528460758688,25.589351654052734,265700
2017-08-21,25.54339722779963,25.622173388068571,25.536833591214297,25.582786560058594,148800
2017-08-22,25.622174169634334,25.668127139880362,25.595917118243079,25.628740310668945,604100
2017-08-23,25.497436175629552,25.609035491943359,25.497436175629552,25.609035491943359,196500
2017-08-24,25.549960718703311,25.595916191534563,25.490880477025208,25.51713752746582,177600
2017-08-25,25.398967863548254,25.543392886368558,25.359581042232573,25.484310150146484,317000
2017-08-28,25.543394051822524,25.589347014953191,25.51713450024824,25.563087463378906,317500
2017-08-29,25.517137977483976,25.582786865365708,25.510574340820312,25.510574340820312,246500
2017-08-30,25.464622047366209,25.504008876891728,25.438362491516479,25.471185684204102,223900
2017-08-31,25.61559961841623,25.75345847041466,25.595906212201594,25.746894836425781,506800
2017-09-01,25.700948973993075,25.720642385639085,25.628736458959459,25.648429870605469,373700
2017-09-05,25.641867318704794,25.700950060388973,25.523701835336432,25.622171401977539,522600
2017-09-06,25.687818197992478,25.799417531972999,25.687818197992478,25.77972412109375,721800
2017-09-07,25.943840818992591,26.029183100835052,25.943840818992591,25.98979377746582,1164500
2017-09-08,26.035747149992918,26.068570334531731,26.002923965454102,26.002923965454102,401500
2017-09-11,26.016050968786665,26.062003923095606,25.963531875720339,25.996355056762695,504800
2017-09-12,25.884765625000004,25.943848375137492,25.884765625000004,25.884765625,852900
2017-09-13,25.812551019330122,25.825680796553968,25.681255751340608,25.694385528564453,184000
2017-09-14,25.661552569082374,25.766588242640413,25.661552569082374,25.746894836425781,200300
2017-09-15,25.817089189830547,25.856816357173614,25.770736618116874,25.830329895019531,288400
2017-09-18,25.810473923564018,25.863446863495355,25.717773804572982,25.757503509521484,282400
2017-09-19,25.717759697193017,25.717759697193017,25.631679979967704,25.678030014038086,316000
2017-09-20,25.711148924939469,25.764119329659369,25.479396142360883,25.611825942993164,440100
2017-09-21,25.479388749437291,25.51249555851723,25.433038711547852,25.433038711547852,529100
2017-09-22,25.552234596437536,25.58534141763376,25.499261661812739,25.545614242553711,310500
2017-09-25,25.452910951485944,25.466154184801098,25.366833723770167,25.406560897827148,330100
2017-09-26,25.406550861300385,25.439657668565616,25.293987211421108,25.353580474853516,489300
2017-09-27,25.19467015644722,25.247643081171262,25.161563341438733,25.241020202636719,749400
2017-09-28,25.154941033162849,25.247641118335032,25.154941033162849,25.234397888183594,564000
2017-09-29,25.366829351912433,25.452906564793192,25.327099658814202,25.413179397583008,256000
2017-10-02,25.333714369784389,25.406550861300385,25.320473667588285,25.353580474853516,521700
2017-10-03,25.386692859754689,25.472772598266605,25.360206397768248,25.472772598266602,502700
2017-10-04,25.333714876177979,25.366824209992515,25.280744488672287,25.340337753295898,275900
2017-10-05,25.287367702709513,25.360204203927324,25.287367702709513,25.307233810424805,1277800
2017-10-06,25.161564171804759,25.26750749886104,25.115214124085643,25.260887145996094,264500
2017-10-09,25.307233427344684,25.333717360751141,25.2542605087562,25.26750373840332,429000
2017-10-10,25.380071621036571,25.472771708864379,25.380071621036571,25.446285247802734,367300
2017-10-11,25.492643630502023,25.591966629028324,25.492643630502023,25.59196662902832,505900
2017-10-12,25.558847864491611,25.651550474384518,25.558847864491611,25.605197906494141,283500
2017-10-13,25.724380048108468,25.770730082178851,25.671409663122635,25.678030014038086,362100
2017-10-16,25.704525074952493,25.704525074952493,25.625068207929107,25.644931793212891,282400
2017-10-17,25.598575140543101,25.644925178174898,25.55884545433544,25.618438720703125,281900
2017-10-18,25.6979036209942,25.777360484613876,25.678037510673168,25.731010437011719,485700
2017-10-19,25.658171081745294,25.697900772094727,25.631684621512338,25.697900772094727,307200
2017-10-20,25.611819328947615,25.611819328947615,25.525739601882769,25.585332870483398,1667200
2017-10-23,25.452904781501637,25.452904781501637,25.353584344546764,25.360204696655273,419500
2017-10-24,25.426419319947001,25.446282900967301,25.366826050998387,25.399932861328125,258400
2017-10-25,25.234400761516888,25.267507577721272,25.095350617925568,25.2012939453125,466400
2017-10-26,25.234396557642246,25.280746597784425,25.16156005859375,25.16156005859375,471900
2017-10-27,25.194671096043866,25.293994070661505,25.161564279800711,25.274127960205078,358300
2017-10-30,25.194664381995914,25.300607681274414,25.194664381995914,25.300607681274414,576700
2017-10-31,25.346963166775026,25.472772598266605,25.340342814222439,25.472772598266602,462100
2017-11-01,25.419797969183346,25.459527659498015,25.346961466550383,25.360204696655273,505800
2017-11-02,25.439665672737949,25.479395369489009,25.413181734125519,25.459531784057617,387300
2017-11-03,25.505878957685621,25.532365419199444,25.413178868275232,25.492635726928711,321700
2017-11-06,25.353587543623298,25.50588092021388,25.320480727127642,25.499258041381836,520400
2017-11-07,25.466145520627791,25.486011626785853,25.393309025119354,25.433038711547852,256800
2017-11-08,25.59195656957526,25.684656651288087,25.578713339918032,25.671413421630859,275000
2017-11-09,25.565475891655119,25.664796347713065,25.525746193698929,25.611825942993164,2157200
2017-11-10,25.558846864144229,25.611819782009725,25.532362931099229,25.565469741821289,601900
2017-11-13,25.360209877074471,25.45953286020627,25.320482704532459,25.439666748046875,194700
2017-11-14,25.446288551807264,25.479395369489009,25.399938501875166,25.459531784057617,324200
2017-11-15,25.346958931760248,25.426418304443359,25.31385212275276,25.426418304443359,644200
2017-11-16,25.598573678470462,25.697896625372934,25.565466871465457,25.664787292480469,235400
2017-11-17,25.691281331547408,25.724388148324309,25.651554161770413,25.658174514770508,318500
2017-11-20,25.764115907889593,25.790602369676016,25.724386215209961,25.724386215209961,283900
2017-11-21,25.883295002694787,25.962751839273388,25.876674652099609,25.876674652099609,1933700
2017-11-22,25.916408084996224,25.969381006138082,25.863437689742273,25.936271667480469,307900
2017-11-24,26.07532226830611,26.088565497548263,26.055456161499023,26.055456161499023,385600
2017-11-27,26.121672705953085,26.141536287175299,26.015729396288364,26.028972625732422,521100
2017-11-28,26.062076057474123,26.154776125676307,26.042212478827203,26.141532897949219,1195200
2017-11-29,26.05545662783187,26.075322734994511,25.923029384815578,25.969379425048828,529600
2017-11-30,26.09519195556641,26.174648823724745,26.081948723225302,26.095191955566406,399200
2017-12-01,26.035598672975581,26.101812308792812,25.982628269499457,26.095191955566406,614500
2017-12-04,26.11505524669921,26.121678125739241,25.976005097517771,25.995868682861328,422400
2017-12-05,26.121678420248621,26.194514935180553,26.081948723225302,26.095191955566406,377400
2017-12-06,26.148155774756471,26.181262581130476,26.101803214767962,26.141532897949219,323600
2017-12-07,26.048836179982271,26.168022718967638,26.015729369350279,26.161399841308594,1709100
2017-12-08,26.220997234172224,26.260726928710938,26.174647186821133,26.260726928710938,424200
2017-12-11,26.187886176152436,26.247479445362906,26.187886176152436,26.214372634887695,634600
2017-12-12,26.267350127732168,26.326943413053421,26.240866187724823,26.29383659362793,650700
2017-12-13,26.446121536086945,26.591794526093299,26.426257955954302,26.545444488525391,784000
2017-12-14,26.558701127717072,26.618294424093481,26.532214656907804,26.552078247070312,474600
2017-12-15,26.519453059060879,26.579361563396258,26.479513209754256,26.532766342163086,473000
2017-12-18,26.759084093411197,26.865587807107161,26.752426182977732,26.792366027832031,726300
2017-12-19,26.752426744727305,26.779053308522609,26.672549592590272,26.705831527709961,587400
2017-12-20,26.665896726506393,26.71249194790132,26.605988221963038,26.659238815307617,930500
2017-12-21,26.592673688720886,26.692519498766742,26.58601577783509,26.679208755493164,4239000
2017-12-22,26.559389841417481,26.6658935546875,26.546076559852626,26.6658935546875,329900
2017-12-26,26.665894221265887,26.712489438283232,26.645923028794968,26.705831527709961,323900
2017-12-27,26.812336023877396,26.892215717587799,26.792367370074274,26.878902435302734,347500
2017-12-28,26.97209358215332,27.018688801753303,26.945467016882176,26.97209358215332,466900
2017-12-29,27.058627358722138,27.071938101473645,26.918839167342302,26.952123641967773,1037100
2018-01-02,26.985410768989965,27.111883163452148,26.985410768989965,27.111883163452148,431200
2018-01-03,27.138509828601055,27.264982223510742,27.138509828601055,27.264982223510742,362200
2018-01-04,27.165128128216089,27.231691991747432,27.145156937757786,27.22503662109375,270900
2018-01-05,27.231696535572112,27.344858169555664,27.185101315475666,27.344858169555664,1356300
2018-01-08,27.331544254855629,27.358168280545854,27.291604407446801,27.351512908935547,259100
2018-01-09,27.36483003532447,27.424738545228522,27.344861378439568,27.391456604003906,457000
2018-01-10,27.218381870358069,27.218381870358069,27.125191434898369,27.205068588256836,1976500
2018-01-11,27.151820513934616,27.21838439135708,27.111880663931647,27.171789169311523,1272700
2018-01-12,27.231705407238792,27.371491113068142,27.218392120124108,27.364835739135742,372400
2018-01-16,27.458016073990322,27.531237856467463,27.424734138114061,27.451360702514648,366000
2018-01-17,27.591143337173946,27.764210908339376,27.53789021420079,27.644393920898438,584200
2018-01-18,27.544552534176862,27.637742975051342,27.544552534176862,27.611116409301758,570200
2018-01-19,27.664365111637704,27.690989133875618,27.591143337173946,27.644393920898438,307700
2018-01-22,27.611114045953361,27.830779385711779,27.611114045953361,27.824121475219727,1444000
2018-01-23,27.824124738555792,27.943941748976897,27.824124738555792,27.937286376953125,791400
2018-01-24,28.1569486909147,28.223515106187008,28.057102876879888,28.110353469848633,665200
2018-01-25,28.163605893664517,28.216856485293842,27.930627254945222,28.017162322998047,828900
2018-01-26,28.210206376637448,28.31671011901517,28.176924433253696,28.256801605224609,362900
2018-01-29,27.903999271660687,27.923970464349825,27.810808836607734,27.830780029296875,460600
2018-01-30,27.804166119082314,27.857416732240626,27.637753826681234,27.697662353515625,419000
2018-01-31,27.904003210054565,27.997196197509766,27.790844105590018,27.997196197509766,773700
2018-02-01,27.637744290711606,27.72427936389262,27.617775635073368,27.671026229858398,542400
2018-02-02,27.291607413328055,27.338202637479164,27.078599948851778,27.105226516723633,753400
2018-02-05,26.705836253377285,26.825653272409205,26.093440413213532,26.153348922729492,1553300
2018-02-06,25.953651224260266,26.566046981528249,25.933680030958751,26.499483108520508,1047900
2018-02-07,26.379663978298339,26.572700210152824,26.239875793457031,26.239875793457031,1176500
2018-02-08,26.266507684922285,26.279820969000848,25.634140657061653,25.640798568725586,2161800
2018-02-09,25.867115020751953,25.993587389606137,25.341251813662819,25.867115020751953,1264700
2018-02-12,25.973622079328869,26.160002970943733,25.887087005686595,26.08012580871582,808400
2018-02-13,25.993587631411714,26.179971040021407,25.993587631411714,26.159999847412109,444900
2018-02-14,25.907055202982168,26.326414740943868,25.887086547590854,26.319759368896484,594000
2018-02-15,26.353038202685195,26.426259982825144,26.219907924180635,26.412946701049805,352500
2018-02-16,26.499493306576028,26.672560966548843,26.479522105588803,26.566057205200195,384900
2018-02-20,26.492832789203256,26.55939922053463,26.366360378548229,26.432924270629883,375400
2018-02-21,26.459545602144988,26.586017987748793,26.219911575317383,26.219911575317383,814700
2018-02-22,26.306447973630508,26.486173502799147,26.286479316805995,26.293134689331055,1428700
2018-02-23,26.579372441884132,26.712502788145102,26.566059153333022,26.692531585693359,340500
2018-02-26,26.832312985458731,26.985411955777462,26.77905984486987,26.978754043579102,380500
2018-02-27,26.699178467971159,26.739115777872961,26.386322664411821,26.392980575561523,854000
2018-02-28,26.366353162131158,26.419603753371963,26.120063781738281,26.120063781738281,957000
2018-03-01,26.193286799023749,26.319761732524487,25.913715441442012,26.040187835693359,608200
2018-03-02,26.086781963546301,26.313102712689886,26.040186739244618,26.299789428710938,501200
2018-03-05,26.126723744038152,26.399639737628828,26.12006837118205,26.353044509887695,537900
2018-03-06,26.379668537061161,26.419605848847137,26.299788834990753,26.359697341918945,335100
2018-03-07,26.399630317516731,26.519447300168355,26.326408545979788,26.492820739746094,318900
2018-03-08,26.546077142746597,26.612641012783648,26.479510733460671,26.605985641479492,1296700
2018-03-09,26.566052165501912,26.659242621597091,26.532770222503562,26.645929336547852,448900
2018-03-12,26.539430630050543,26.599339154512279,26.512806594150856,26.566057205200195,794200
2018-03-13,26.659246355650353,26.739123537884371,26.432925556612442,26.466207504272461,375700
2018-03-14,26.719146030910199,26.75908587842876,26.572702462591131,26.63926887512207,260700
2018-03-15,26.665896062519852,26.739115309139333,26.579360993834392,26.619300842285156,193800
2018-03-16,26.599902587934189,26.67349427916875,26.553071975708008,26.553071975708008,183600
2018-03-19,26.646731922303509,26.680181990217722,26.526309636151058,26.666801452636719,207300
2018-03-20,26.666801939802991,26.71363254615374,26.613279788501192,26.653421401977539,156100
2018-03-21,26.566447806361708,26.773842303800929,26.566447806361708,26.700250625610352,224300
2018-03-22,26.519614140780632,26.640036408994167,26.372430801391602,26.372430801391602,2007600
2018-03-23,26.539688748048,26.606591438792496,26.198493957519531,26.198493957519531,1342600
2018-03-26,26.479480334401298,26.566450004844985,26.272085819799326,26.499549865722656,1477900
2018-03-27,26.526315614101136,26.599904759265765,26.252020912067177,26.345682144165039,489700
2018-03-28,26.506237476729083,26.680181912700167,26.439337341095026,26.546379089355469,284900
2018-03-29,26.720323517342962,26.894267969875628,26.693564991787561,26.773845672607422,641500
2018-04-02,26.780532116151253,26.793912653693379,26.432645796285669,26.546379089355469,1240400
2018-04-03,26.706939618138353,26.713631162742868,26.553067269229192,26.700250625610352,433000
2018-04-04,26.539686969897556,26.961164961080534,26.539686969897556,26.947784423828125,459400
2018-04-05,26.947788571102095,26.987930189037126,26.867507887308957,26.921030044555664,568600
2018-04-06,26.87419689745229,27.001310744952928,26.733705062708673,26.807296752929688,481100
2018-04-09,27.041449981383398,27.161872283945112,26.98793037584316,26.994619369506836,303700
2018-04-10,27.148488671195782,27.222077794555634,27.094966524668894,27.175247192382812,466200
2018-04-11,27.034754295752052,27.228768240974251,27.034754295752052,27.135107040405273,715200
2018-04-12,27.101660705060908,27.188632933778127,27.101660705060908,27.128421783447266,675700
2018-04-13,27.115032115695868,27.135104193766615,27.028062468334788,27.108343124389648,319000
2018-04-16,27.094964981079105,27.128415044714565,27.041442837601352,27.094964981079102,464600
2018-04-17,27.188630199497386,27.335813563743667,27.128419055221784,27.282291412353516,706900
2018-04-18,27.349181647810877,27.422773296423173,27.302351062707686,27.36256217956543,229900
2018-04-19,27.302363378657162,27.375952508389638,27.155180015038951,27.215391159057617,440600
2018-04-20,27.115036053578272,27.175247192382812,27.068205451405451,27.175247192382812,1867800
2018-04-23,27.054830520787693,27.054830520787693,26.921030230898626,26.994619369506836,390500
2018-04-24,27.061517146528409,27.081586675947577,26.880883725526434,26.954475402832031,455700
2018-04-25,26.880886644127532,26.927717252574563,26.807294958831694,26.874195098876953,435000
2018-04-26,27.074900762037121,27.161870434126687,27.041448139766153,27.115039825439453,471000
2018-04-27,27.168561075779785,27.282291821072711,27.141799999683798,27.262222290039062,246100
2018-04-30,27.342501501934269,27.416093181218724,27.255531837394955,27.302362442016602,676200
2018-05-01,27.228772707987257,27.295672847347159,27.121730953765375,27.248842239379883,864800
2018-05-02,27.168558522616255,27.242150198926108,27.021375169996549,27.034755706787109,499300
2018-05-03,27.034765361676062,27.168568225290041,26.914343039631213,27.161876678466797,488500
2018-05-04,26.874196642930649,27.161871855391766,26.874196642930649,27.128421783447266,198400
2018-05-07,27.128412650384352,27.175243245756022,27.068201520324195,27.108343124389648,225800
2018-05-08,27.068210633116408,27.141802322640448,27.007999482785547,27.128421783447266,1217800
2018-05-09,26.994607981176333,27.088271717492077,26.987918990334567,27.054819107055664,482800
2018-05-10,27.195323046882933,27.295673257430423,27.155181431417876,27.22877311706543,253800
2018-05-11,27.335815964155522,27.396027113718382,27.268913269042969,27.268913269042969,439500
2018-05-14,27.476301099734574,27.496370627338912,27.349189838113357,27.355878829956055,315200
2018-05-15,27.03475420515689,27.048134741204237,26.921023476868914,27.014684677124023,330000
2018-05-16,26.874192704955021,26.921025861306966,26.827362100679604,26.8875732421875,605600
2018-05-17,26.827365686793751,26.827365686793751,26.700254394208539,26.753776550292969,492100
2018-05-18,26.666793904038716,26.720313487136295,26.653413370245353,26.673482894897461,384700
2018-05-21,26.787220048080915,26.847431182861328,26.740389449037956,26.847431182861328,339900
2018-05-22,26.894262302147073,26.961162430052209,26.780529022216797,26.780529022216797,1060100
2018-05-23,26.666810197816265,26.827371597290039,26.660118650793024,26.827371597290039,480200
2018-05-24,26.860817112529304,26.907647720976339,26.760464350384659,26.874195098876953,248700
2018-05-25,26.820670111386423,26.87418970225999,26.793909039911522,26.847431182861328,286300
2018-05-29,26.566449065992909,26.653421285439734,26.45940731593398,26.586521148681641,547100
2018-05-30,26.74707985711678,26.894263205945819,26.72031878422489,26.860813140869141,944800
2018-05-31,26.733699312801157,26.827360515818835,26.686868711292316,26.747079849243164,580200
2018-06-01,26.747091216705314,26.813993927348875,26.70026059529355,26.740402221679688,775900
2018-06-04,27.028062769525071,27.128412952692898,26.961160095337117,26.967851638793945,512000
2018-06-05,26.927720534163708,26.994620682361859,26.907651000119674,26.94110107421875,402800
2018-06-06,27.115039825439457,27.115039825439457,27.034759146558024,27.115039825439453,435300
2018-06-07,27.041450285289269,27.068211364398614,26.907649993896484,26.907649993896484,626900
2018-06-08,26.954479295770938,26.99461836040642,26.874196062346279,26.96116828918457,128300
2018-06-11,26.894269454341813,26.994619672886401,26.894269454341813,26.907649993896484,259700
2018-06-12,26.820675793658896,26.88757593444349,26.747084107549775,26.787225723266602,454300
2018-06-13,26.793921838117075,26.84075245952884,26.613288347495651,26.740402221679688,331400
2018-06-14,26.733702565732646,26.753774648876195,26.619971820251493,26.640041351318359,343700
2018-06-15,26.56510675031657,26.639367946502158,26.544854633282188,26.619115829467773,411400
2018-06-18,26.463834618334527,26.504338838671941,26.409825557492958,26.477336883544922,411300
2018-06-19,26.207301700826459,26.349071649485321,26.207301700826459,26.335569381713867,237700
2018-06-20,26.490843698560237,26.490843698560237,26.389577979736778,26.409830093383789,266800
2018-06-21,26.355826163553292,26.403082816858216,26.28156497256143,26.288314819335938,824400
2018-06-22,26.619110315591993,26.632612582582937,26.51784460080696,26.53809928894043,303600
2018-06-25,26.423334452049538,26.470591104495245,26.322071300506348,26.362575531005859,274200
2018-06-26,26.517847242960421,26.538101933112003,26.450338476573446,26.470590591430664,501600
2018-06-27,26.376076499618222,26.436835417667304,26.153295516967773,26.153295516967773,573100
2018-06-28,26.173551223757734,26.261314689718073,26.133044414400352,26.234310150146484,1087300
2018-06-29,26.389577833366271,26.484091130253702,26.389577833366271,26.423332214355469,670600
2018-07-02,26.11279229736898,26.254562267177857,26.092540180337608,26.234310150146484,671900
2018-07-03,26.409829979160005,26.457086627661443,26.355823484570159,26.389577865600586,179000
2018-07-05,26.585352088034796,26.632608728016546,26.524593183016297,26.571849822998047,361300
2018-07-06,26.686612369752872,26.828384849887808,26.686612369752872,26.754123687744141,596100
2018-07-09,26.916158455276374,26.963415112617362,26.848649680587727,26.875654220581055,452000
2018-07-10,26.754131138757117,26.801387786865234,26.754131138757117,26.801387786865234,273400
2018-07-11,26.625864620686631,26.679873697695744,26.416585885512667,26.450340270996094,858900
2018-07-12,26.551597830785195,26.625856425875874,26.544845410590025,26.59210205078125,448900
2018-07-13,26.551597686952835,26.619106436776388,26.531343001770786,26.60560417175293,431300
2018-07-16,26.605604315877848,26.646111111167645,26.558347675686623,26.59210205078125,168500
2018-07-17,26.497588365909621,26.639358284319158,26.497588365909621,26.598854064941406,291400
2018-07-18,26.531350905191591,26.639366482262258,26.531350905191591,26.578607559204102,175600
2018-07-19,26.315314345501271,26.497591077233437,26.315314345501271,26.430082321166992,391000
2018-07-20,26.551602488013383,26.720376968383789,26.551602488013383,26.720376968383789,1236000
2018-07-23,26.57184994078322,26.605604315877848,26.538095565688597,26.59210205078125,353300
2018-07-24,26.686628082990026,26.787893831956048,26.639371420217877,26.679878234863281,405800
2018-07-25,26.706878513791828,26.916157251141041,26.666371705613969,26.841896057128906,393900
2018-07-26,26.652870216289958,26.713629142687743,26.585361442645592,26.619115829467773,349600
2018-07-27,26.706871205283083,26.774379958477414,26.639359876794895,26.659614562988281,204600
2018-07-30,26.700112891663561,26.787876311680545,26.700112891663561,26.706865310668945,184900
2018-07-31,26.835143782595669,26.889152855280535,26.787887131643576,26.828393936157227,235600
2018-08-01,26.70012668577996,26.70012668577996,26.571858986636734,26.666372299194336,469900
2018-08-02,26.457081975109002,26.612354160779276,26.457081975109002,26.59210205078125,268000
2018-08-03,26.538102666675499,26.706877162602549,26.538102666675499,26.700124740600586,325300
2018-08-06,26.511098789270374,26.612361944170967,26.497596520224729,26.578607559204102,268300
2018-08-07,26.511100060664759,26.747383342058761,26.511100060664759,26.666372299194336,370900
2018-08-08,26.605613262500185,26.713628844301439,26.605613262500185,26.646120071411133,1652000
2018-08-09,26.612365394948469,26.666374478134308,26.531354345464536,26.551609039306641,281400
2018-08-10,26.173547744750977,26.254558777403059,26.126291094429408,26.173547744750977,717600
2018-08-13,26.146541952106478,26.16004421944859,26.018274275297664,26.052028656005859,585000
2018-08-14,25.99802155891679,26.038528364016084,25.937262638915033,25.984521865844727,148400
2018-08-15,25.741485494879221,25.883255445979774,25.727983226875221,25.842748641967773,645400
2018-08-16,26.031773019769574,26.10603161716055,26.011518333850379,26.025020599365234,299200
2018-08-17,26.004782838350838,26.247818601139343,26.004782838350838,26.193809509277344,318400
2018-08-20,26.301820008150958,26.376081207387141,26.301820008150958,26.369331359863281,275300
2018-08-21,26.403081746596428,26.484092781078978,26.376077210004127,26.416584014892578,526800
2018-08-22,26.490843111731117,26.558351872588485,26.463838577270508,26.463838577270508,1002700
2018-08-23,26.376081956349751,26.430091039253224,26.274816213553144,26.301820755004883,1157800
2018-08-24,26.355821144317517,26.463836699200215,26.355821144317517,26.430082321166992,332200
2018-08-27,26.598858109668097,26.686618981860956,26.598858109668097,26.639362335205078,500400
2018-08-28,26.733879420875809,26.78113607423532,26.666370651874921,26.673120498657227,342100
2018-08-29,26.673119545151117,26.821641921997067,26.673119545151117,26.82164192199707,555700
2018-08-30,26.463838660012669,26.558351955626154,26.457086238729328,26.517845153808594,819600
2018-08-31,26.45708219808245,26.605604540103002,26.389573447324253,26.477336883544922,341700
2018-09-04,26.126291094429408,26.200552280733103,26.092536712098898,26.173547744750977,943800
2018-09-05,26.106029678917999,26.106029678917999,25.98451444889384,26.058773040771484,603700
2018-09-06,26.05877838749403,26.119537302619399,25.964265091808823,26.031776428222656,604500
2018-09-07,25.910265568646558,25.971024500117984,25.829251943154752,25.856256484985352,295900
2018-09-10,25.930509743613328,25.937259589355751,25.869750830755269,25.88325309753418,259100
2018-09-11,25.876504800375109,25.991270211922895,25.815745883880922,25.977767944335938,446600
2018-09-12,26.058780341183645,26.173548334044515,26.038528226388227,26.119539260864258,563000
2018-09-13,26.308569320944418,26.34232370516299,26.193801324247957,26.214056015014648,236000
2018-09-14,26.187048543421174,26.220802923857772,26.079032980847582,26.133039474487305,220200
2018-09-17,26.247806725696741,26.295063372047778,26.180295391413775,26.200550079345703,136500
2018-09-18,26.335568941990889,26.430084814812925,26.335568941990889,26.376075744628906,181000
2018-09-19,26.28156852722168,26.355829728257593,26.28156852722168,26.28156852722168,598900
2018-09-20,26.436835654348993,26.4908447265625,26.403081271862707,26.4908447265625,343500
2018-09-21,26.288318374909124,26.295070797891373,26.234311867525154,26.28156852722168,205100
2018-09-24,26.267919630928308,26.295204514855406,26.158782697249659,26.186067581176758,383200
2018-09-25,26.199703216552734,26.22698809339132,26.151955983099739,26.199703216552734,483900
2018-09-26,26.308842787702044,26.445264583689269,26.274737989212575,26.295200347900391,357500
2018-09-27,26.254280026330264,26.370236881015217,26.233815062186622,26.247457504272461,265300
2018-09-28,26.070113807527065,26.145145946176221,26.036006397573775,26.090576171875,301500
2018-10-01,26.063286476517085,26.111033719207121,26.022361755371094,26.022361755371094,262700
2018-10-02,25.742700250726863,25.810909859373968,25.708592844373527,25.763162612915039,374500
2018-10-03,25.790450036362746,25.845017208246841,25.613100873171856,25.626743316650391,519100
2018-10-04,25.319793066660019,25.34025803145672,25.081056827613935,25.142446517944336,291000
2018-10-05,25.16290947179748,25.217479243164078,25.046952610688326,25.094699859619141,884900
2018-10-08,25.046949217193248,25.244758106522177,25.046949217193248,25.210653305053711,284000
2018-10-09,25.258399863144,25.469853789766489,25.258399863144,25.428926467895508,263100
2018-10-10,25.312967471866092,25.401642027360193,24.965091770635759,24.971914291381836,396200
2018-10-11,25.074225939458511,25.101510815397429,24.780922630216608,24.869594573974609,257300
2018-10-12,24.896889590771767,24.896889590771767,24.658153334138028,24.821857452392578,352600
2018-10-15,24.739998044938481,24.903702114569302,24.739998044938481,24.794565200805664,250700
2018-10-16,25.156085303504778,25.29932702610926,25.128800422428835,25.285684585571289,199700
2018-10-17,25.347074832783168,25.415284434966146,25.285685150006675,25.32661247253418,212800
2018-10-18,25.428921451950867,25.483491203681428,25.17654285526946,25.217470169067383,237700
2018-10-19,25.347070949281953,25.42210306140505,25.306143633025041,25.319786071777344,299200
2018-10-22,25.292510953269197,25.360720564302706,25.197013854980469,25.197013854980469,771200
2018-10-23,24.937816423344682,25.176552675210882,24.869604207075771,25.101520538330078,594100
2018-10-24,25.046950939690191,25.10151810538645,24.719540139423426,24.753644943237305,679400
2018-10-25,24.937815965159235,25.060595350157438,24.910531079152978,24.978740692138672,682400
2018-10-26,24.896884253097529,25.087873217458156,24.780927411029861,25.026483535766602,513400
2018-10-29,25.197010223423455,25.237937545362769,24.780927492839819,24.944631576538086,630100
2018-10-30,24.855962413935469,25.060596466064453,24.855962413935469,25.060596466064453,344000
2018-10-31,24.849135205111317,24.951452201167132,24.849135205111317,24.855955123901367,566500
2018-11-01,25.094702971846498,25.251587180937271,25.067418082779348,25.224302291870117,496500
2018-11-02,25.258399040256197,25.285683920614609,24.978735521655999,25.10833740234375,537200
2018-11-05,25.019661131786098,25.156082922222609,25.019661131786098,25.074228286743164,473800
2018-11-06,25.162906301197701,25.292508190848203,25.162906301197701,25.272043228149414,588700
2018-11-07,25.606277702070241,25.667667388916012,25.558530456971276,25.667667388916016,568600
2018-11-08,25.585811460810156,25.592633982357729,25.360717688302163,25.442569732666016,539700
2018-11-09,25.340251030920367,25.387998265538862,25.237934041292661,25.319786071777344,518800
2018-11-12,25.272043639830375,25.319790883522703,25.128801908753395,25.169729232788086,611300
2018-11-13,25.347077996693898,25.497142262663434,25.292510828542159,25.36754035949707,316000
2018-11-14,25.558533837754073,25.619923532720236,25.347079865752843,25.456216812133789,250800
2018-11-15,25.340251030920367,25.367533306395838,25.149259490417261,25.319786071777344,7309000
2018-11-16,25.115157325225208,25.456210523668823,25.115157325225208,25.415283203125,3303400
2018-11-19,25.442575558590004,25.503965256427502,25.285691353456436,25.360723495483398,488600
2018-11-20,25.156090410145179,25.210657581344627,24.965098805872113,25.019668579101562,738700
2018-11-21,25.312972199701385,25.415286611738892,25.265224953677929,25.29932975769043,380300
2018-11-23,25.292513876566254,25.408470749131432,25.292513876566254,25.360723495483398,69700
2018-11-26,25.578990677262187,25.660842718861172,25.538063355447953,25.60627555847168,393700
2018-11-27,25.544884989278671,25.592632228721691,25.483495309704878,25.585809707641602,233600
2018-11-28,25.578988853253815,25.920042037963867,25.510779257123524,25.920042037963867,518300
2018-11-29,25.538067979489998,25.66766988768666,25.524425536415087,25.619922637939453,346100
2018-11-30,25.319791532626351,25.374361299404903,25.299329171099242,25.347076416015625,588600
2018-12-03,25.538062887674059,25.538062887674059,25.333431486410039,25.394821166992188,353300
2018-12-04,25.476676418976638,25.517603745200994,25.12198333315132,25.128803253173828,664000
2018-12-06,25.18336692410217,25.469852963850094,25.101514885043937,25.415283203125,1095500
2018-12-07,25.531243293895521,25.654022656624591,25.319789368744466,25.374359130859375,688200
2018-12-10,25.203828239305736,25.244752951899819,24.978731911922139,25.162900924682617,773400
2018-12-11,25.278868510656523,25.31979323646468,25.094699438430208,25.197013854980469,610500
2018-12-12,25.469860116682725,25.565354622740447,25.374365610625002,25.381185531616211,993700
2018-12-13,25.278867395688881,25.39482424973734,25.272044873668527,25.29932975769043,472700
2018-12-14,25.23111826755844,25.340255193475272,25.156086143110077,25.210653305053711,395500
2018-12-17,25.224295021442671,25.27886478384827,24.965093854075043,25.026483535766602,617700
2018-12-18,25.135625939431833,25.231123044465008,25.012846549276379,25.053773880004883,551500
2018-12-19,25.169732888984335,25.333437004843773,24.828679611908829,24.930994033813477,1201100
2018-12-20,25.019669109102214,25.135625976626145,24.930994526740935,24.965099334716797,1323500
2018-12-21,24.705899000426101,24.855960665527032,24.446697794117394,24.487625122070312,1320800
2018-12-24,24.631780781852338,24.631780781852338,24.30988883972168,24.30988883972168,551100
2018-12-26,24.540807327368661,24.813715795074355,24.49182389313415,24.764732360839844,1086700
2018-12-27,24.442837961140583,24.687755107285604,24.337871944566039,24.673759460449219,1262900
2018-12-28,24.792723038448404,24.890689904471785,24.673761365850801,24.729743957519531,968800
2018-12-31,24.743739605436712,24.799719527708547,24.638773580756293,24.729743957519531,1369200
2019-01-02,24.561798851910236,24.729743957519528,24.512815418898544,24.729743957519531,358200
2019-01-03,24.701752661685166,24.841706471460093,24.69475617242502,24.729743957519531,248500
2019-01-04,24.91167985609161,25.268562173177436,24.869695585420331,25.247570037841797,377500
2019-01-07,25.26156044871539,25.422509034592775,25.247567472844338,25.317543029785156,553000
2019-01-08,25.471493868472226,25.576457209694389,25.464494710752827,25.520477294921875,786500
2019-01-09,25.548472521446737,25.723414138099582,25.548472521446737,25.709421157836914,228900
2019-01-10,25.667433802178241,25.898355344414682,25.667433802178241,25.877363204956055,1996600
2019-01-11,25.88436235635799,25.968333583563673,25.842375408056554,25.933345794677734,577200
2019-01-14,25.919347428561689,26.003318646966108,25.793389266256611,25.92634391784668,598300
2019-01-15,25.933343076528576,25.975327351032334,25.800385755541605,25.92634391784668,291000
2019-01-16,26.108282897190119,26.108282897190119,25.98232474344762,26.003316879272461,316000
2019-01-17,25.912346794400303,26.136271810326129,25.912346794400303,26.101284027099609,297100
2019-01-18,26.213246679293054,26.213246679293054,26.129275465208028,26.178258895874023,392700
2019-01-22,26.094291694887588,26.129279483687466,25.912350922092735,26.038309097290039,1472800
2019-01-23,26.178260944460582,26.220247889487176,26.087290564934783,26.199253082275391,541200
2019-01-24,26.206243995343758,26.290215189578415,26.171256220195662,26.220239639282227,402700
2019-01-25,26.50714936332858,26.584124086835136,26.472161580661066,26.542137145996094,557200
2019-01-28,26.53513827660867,26.696086883544925,26.53513827660867,26.696086883544922,480000
2019-01-29,26.968993806953918,26.996985099572047,26.92700686802673,26.975990295410156,594200
2019-01-30,26.941004372667841,27.269895410125557,26.913013078118933,27.192920684814453,548800
2019-01-31,27.115940241260429,27.178919306015977,27.080952465150947,27.136932373046875,406800
2019-02-01,27.094958923562523,27.101955413818359,26.982996393688182,27.101955413818359,1579800
2019-02-04,27.024973072108931,27.16492686243329,26.975989645904885,27.157930374145508,547200
2019-02-05,27.108951038498045,27.199918746948242,27.073960583589741,27.199918746948242,919700
2019-02-06,27.087952800980794,27.143935386226335,27.003981592509064,27.031972885131836,572700
2019-02-07,26.961997509366057,26.989988804953644,26.850034996412589,26.948001861572266,530700
2019-02-08,26.864030836159188,26.934009075628172,26.794055266087096,26.920013427734375,897500
2019-02-11,26.864028787152439,26.892020080805043,26.780057575591307,26.843036651611328,506000
2019-02-12,26.801051139547926,26.850034571352314,26.745071218655841,26.829042434692383,523000
2019-02-13,26.654095644542412,26.696082579068428,26.598113065174392,26.626104354858398,563600
2019-02-14,26.542144439478403,26.612120024041932,26.479165345612252,26.549140930175781,464300
2019-02-15,26.640098879227214,26.752061363857845,26.640098879227214,26.738065719604492,467500
2019-02-19,26.661095106184398,26.89901575624479,26.661095106184398,26.836036682128906,355000
2019-02-20,26.745069647410251,26.836037347190238,26.717078353910253,26.766061782836914,526500
2019-02-21,26.703080326660768,26.759062908670085,26.619109123043227,26.752063751220703,1385300
2019-02-22,26.808048058719205,26.90601491414467,26.801048900819325,26.836036682128906,216400
2019-02-25,26.892020224466204,26.948000142673781,26.836037636861924,26.864028930664062,276500
2019-02-26,26.913012031242364,27.024974535686042,26.913012031242364,26.982990264892578,584700
2019-02-27,26.85703244191188,26.920011518268343,26.829041148109738,26.864028930664062,313400
2019-02-28,26.773053495539777,26.82903607255319,26.731069232175912,26.738065719604492,601600
2019-03-01,26.84303555120913,26.871026843714262,26.71007824650804,26.794052124023438,557300
2019-03-04,26.738071155444175,26.787054585591125,26.612113000952945,26.696086883544922,272200
2019-03-05,26.780057575591307,26.843036651611328,26.731074146397589,26.843036651611328,584900
2019-03-06,26.787054106545096,26.822044558364372,26.68209075927734,26.682090759277344,769500
2019-03-07,26.77306166859271,26.815048614170188,26.626111363167052,26.647106170654297,389500
2019-03-08,26.703082045393856,26.836036682128903,26.703082045393856,26.836036682128906,401500
2019-03-11,26.836037308925462,26.982990264892578,26.836037308925462,26.982990264892578,824100
2019-03-12,26.982995643305085,27.087959010607332,26.982995643305085,27.045974731445312,249100
2019-03-13,27.066964094246234,27.199918746948242,27.066964094246234,27.199918746948242,190400
2019-03-14,27.171930120177294,27.248902180543556,27.171930120177294,27.199918746948242,189600
2019-03-15,27.248901983041726,27.360864497504782,27.248901983041726,27.339872360229492,291400
2019-03-18,27.329326898818898,27.420703887939453,27.329326898818898,27.420703887939453,338900
2019-03-19,27.540198158051123,27.568315389586235,27.441790529085001,27.469907760620117,222600
2019-03-20,27.434763002776538,27.70889933792569,27.378531214713497,27.638608932495117,1497900
2019-03-21,27.491004010413246,27.63158753611636,27.476945389702159,27.617528915405273,226100
2019-03-22,27.434766228030185,27.519117942151837,27.322299957275391,27.322299957275391,392600
2019-03-25,27.364474947164414,27.505058451504713,27.364474947164414,27.498027801513672,231700
2019-03-26,27.652666649679833,27.708898435912349,27.575345597378998,27.610490798950195,217200
2019-03-27,27.67375970058356,27.701876940973182,27.526148210649474,27.645645141601562,270100
2019-03-28,27.617527901211936,27.666731731189966,27.56832407123391,27.645645141601562,175300
2019-03-29,27.701870468160909,27.701870468160909,27.547228363559242,27.610490798950195,391200
2019-04-01,27.64563947234846,27.694843292236332,27.582377035148763,27.694843292236328,661200
2019-04-02,27.554254983778563,27.589400180210884,27.490992557637739,27.568313598632812,430900
2019-04-03,27.617527661565539,27.708904669927467,27.582382452087288,27.673759460449219,229600
2019-04-04,27.455854066164758,27.56128968121002,27.455854066164758,27.540203094482422,196700
2019-04-05,27.336352689583045,27.392587153554405,27.329324722290039,27.329324722290039,242500
2019-04-08,27.371498846600275,27.406646728515625,27.329325678552927,27.406646728515625,1262200
2019-04-09,27.252005468951257,27.294181319706087,27.188743033522513,27.230918884277344,263200
2019-04-10,27.413673297549888,27.505052959335618,27.413673297549888,27.469907760620117,262800
2019-04-11,27.469913999556386,27.469913999556386,27.329330491358423,27.378534317016602,175100
2019-04-12,27.420705132490593,27.455853017570576,27.350414725144947,27.364473342895508,392600
2019-04-15,27.28715173372326,27.336355554150838,27.223889295829643,27.252006530761719,262000
2019-04-16,27.3293382057049,27.413687261870219,27.273103713989254,27.273103713989258,371600
2019-04-17,27.153601704399183,27.216864148850004,27.08330860978306,27.125484466552734,382300
2019-04-18,27.12548771240229,27.16766357421875,27.097370471191315,27.16766357421875,154100
2019-04-22,27.076280641025139,27.153601704399183,27.069249990859834,27.125484466552734,432400
2019-04-23,27.005987546409013,27.125484466552734,27.005987546409013,27.125484466552734,140000
2019-04-24,27.174681322595323,27.266060981456469,27.132505476642478,27.181709289550781,255800
2019-04-25,27.174684074504967,27.202801307987556,27.118452288946759,27.160625457763672,200800
2019-04-26,27.16062579968596,27.27309205362517,27.16062579968596,27.230918884277344,122200
2019-04-29,27.266068470787623,27.294185709145982,27.181716755712554,27.188747406005859,371400
2019-04-30,27.132511824039991,27.188746298465979,27.083307999620914,27.11845588684082,530400
2019-05-01,27.125482907900434,27.273094376001342,26.998958026269019,27.041133880615234,651100
2019-05-02,27.160623181622022,27.1957683798265,26.710758209228516,26.710758209228516,363600
2019-05-03,27.153598889906565,27.280123765693794,27.153598889906565,27.252006530761719,233600
2019-05-06,26.914605315035015,27.160624394862555,26.914605315035015,27.139537811279297,118100
2019-05-07,27.160626412979667,27.209830232601171,26.998956336879438,27.083305358886719,226700
2019-05-08,26.991933136395751,27.104399412738754,26.977874516676934,27.005989074707031,335900
2019-05-09,26.886484724178317,27.069241349020526,26.865398143229051,26.998950958251953,588300
2019-05-10,27.055194545914819,27.22389261325009,26.991932100312233,27.188747406005859,330900
2019-05-13,26.935690886929422,27.041129163699232,26.935690886929422,27.013011932373047,234500
2019-05-14,27.104392611504917,27.174683011053681,27.090333995313792,27.139537811279297,225600
2019-05-15,27.090336347750252,27.230919840462455,27.062219112926389,27.153598785400391,148200
2019-05-16,27.28012442894579,27.399618658201671,27.273093779338286,27.308238983154297,154400
2019-05-17,27.132512435310655,27.202805529926778,27.090339259948365,27.125484466552734,167900
2019-05-20,27.195768865316271,27.301207143218697,27.195768865316271,27.259031295776367,174000
2019-05-21,27.273086224366249,27.378524488013799,27.273086224366249,27.35743522644043,186800
2019-05-22,27.181719513416528,27.244981965437365,27.16766357421875,27.16766357421875,222200
2019-05-23,27.034105838672151,27.146572113037109,27.020047219200592,27.146572113037109,171200
2019-05-24,27.322301907924569,27.385564357328665,27.322301907924569,27.371505737304688,272100
2019-05-28,27.195773931764453,27.24497775557689,27.041134491814212,27.048162460327148,344000
2019-05-29,27.069251806731408,27.174690115024962,27.005989358036789,27.027078628540039,321900
2019-05-30,26.942721927499111,27.027070941298234,26.921632662994227,26.977867126464844,122100
2019-05-31,26.802142847424815,27.027075375396414,26.802142847424815,26.984899520874023,550500
2019-06-03,27.153599286036997,27.244976278788634,27.104395464891606,27.216861724853516,423200
2019-06-04,27.237945059039994,27.329324722290039,27.181710595068633,27.329324722290039,134900
2019-06-05,27.244976278788634,27.315269367144296,27.216861724853516,27.216861724853516,165400
2019-06-06,27.28012442894579,27.38556004039383,27.28012442894579,27.308238983154297,689800
2019-06-07,27.39259258311564,27.56832129574757,27.357444695463368,27.462882995605469,194000
2019-06-10,27.547226125231507,27.568315389586235,27.469907760620117,27.469907760620117,136200
2019-06-11,27.568317629627561,27.617521448108636,27.540200395807801,27.610490798950195,400900
2019-06-12,27.378536388020475,27.434768186708784,27.35744711728071,27.371505737304688,272200
2019-06-13,27.476941002889752,27.526144826819081,27.441795797426991,27.455854415893555,174000
2019-06-14,27.37150788665372,27.406655780177449,27.315276083549804,27.343393325805664,203600
2019-06-17,27.364465874100365,27.364465874100365,27.308231418446621,27.35743522644043,219100
2019-06-18,27.490999271179845,27.617524154359977,27.490999271179845,27.540203094482422,345200
2019-06-19,27.462886768991076,27.652674126479123,27.462886768991076,27.617528915405273,285800
2019-06-20,27.779192024132655,27.835423811384722,27.73701617263832,27.828395843505859,908000
2019-06-21,27.666728012291294,27.786222245773612,27.666728012291294,27.744049072265625,175300
2019-06-24,27.785984272972097,27.785984272972097,27.70779355367522,27.736227035522461,111000
2019-06-25,27.842853625691927,27.956587573916053,27.743339132562387,27.764665603637695,267100
2019-06-26,27.729117140172935,27.729117140172935,27.586955154935843,27.622495651245117,464600
2019-06-27,27.515862560827571,27.55851276955875,27.487429088340118,27.551403045654297,189300
2019-06-28,27.515878034959879,27.594068772489987,27.480337530146201,27.5443115234375,361300
2019-07-01,27.714905661318134,27.857067659637437,27.594064708867162,27.636714935302734,350300
2019-07-02,27.672252190813886,27.785983403076195,27.672252190813886,27.771766662597656,202100
2019-07-03,28.048986204561771,28.141393661499023,28.048986204561771,28.141393661499023,243600
2019-07-05,28.141397237975088,28.205371222205766,28.084530269073895,28.191154479980469,204000
2019-07-08,27.985018159806287,28.105859123192438,27.977911143873715,28.091642379760742,501100
2019-07-09,27.935251648014603,28.041875832603946,27.935251648014603,27.999225616455078,198500
2019-07-10,28.063202137512786,28.141392851781745,28.02766164327214,28.056095123291016,129100
2019-07-11,28.120072049795219,28.162719562735074,28.013447844313216,28.048988342285156,283600
2019-07-12,28.041877113919579,28.084524620451482,27.999226895821895,28.070310592651367,73300
2019-07-15,28.048983484981378,28.048983484981378,27.992119240386817,28.013442993164062,118400
2019-07-16,27.94236882685923,28.020556843307212,27.885501856824654,27.928152084350586,155300
2019-07-17,27.928152084350586,28.027666570344724,27.892611583862163,27.928152084350586,230000
2019-07-18,27.878392867393373,28.112962323261119,27.878392867393373,28.048988342285156,124900
2019-07-19,28.020554694953471,28.056097904283153,27.913933201662939,27.935256958007812,166600
2019-07-22,27.778871536254883,27.871276265875292,27.722004584274153,27.778871536254883,366800
2019-07-23,27.757552229293697,27.878393177622424,27.743335487633484,27.793092727661133,130000
2019-07-24,27.785983806476551,27.892608005830567,27.785983806476551,27.83574104309082,159800
2019-07-25,27.785989378818027,27.849963368946895,27.636717639039524,27.679365158081055,131900
2019-07-26,27.636716367480155,27.778881084732959,27.62249962459823,27.693580627441406,211000
2019-07-29,27.586951976661876,27.650925947274594,27.537194745248179,27.594058990478516,170400
2019-07-30,27.395035190748331,27.494549672196023,27.395035190748331,27.416358947753906,187200
2019-07-31,27.302632122709188,27.380822859747283,26.975655141974155,27.110710144042969,658600
2019-08-01,27.096485137939453,27.35238103146953,27.075161384000566,27.096485137939453,356200
2019-08-02,27.345281998504426,27.451903510883913,27.331065254540494,27.366605758666992,321300
2019-08-05,27.075167034581991,27.132031294141864,26.776620859301758,26.819271087646484,664300
2019-08-06,27.004081087299838,27.075162076625059,26.876133137261693,26.947214126586914,593600
2019-08-07,26.890350450994298,27.153353370986427,26.890350450994298,27.082269668579102,268300
2019-08-08,27.117818114112822,27.259980123257968,27.110708386715658,27.22443962097168,933600
2019-08-09,27.132028813663887,27.259976775434318,27.117814783748223,27.124921798706055,192400
2019-08-12,26.947212860684111,27.075160804711629,26.940105846711827,27.004079818725586,188600
2019-08-13,26.94721896384068,27.16046468166169,26.94721896384068,27.068059921264648,438100
2019-08-14,26.705536121480762,26.812160321645134,26.59891192131639,26.613128662109375,287600
2019-08-15,26.833482744826423,26.925890199609977,26.819266004739269,26.876132965087891,383400
2019-08-16,27.110707118831922,27.274195590956197,27.110707118831922,27.238655090332031,332100
2019-08-19,27.281302535837213,27.39503375317592,27.281302535837213,27.316843032836914,190400
2019-08-20,27.338167823434322,27.416358546732734,27.331060808391832,27.395034790039062,277600
2019-08-21,27.515865955854096,27.56562318306381,27.473218453426064,27.487432479858398,109200
2019-08-22,27.409248753085222,27.473222728247109,27.34527477792334,27.387922286987305,534300
2019-08-23,27.416363886545916,27.61539288529444,27.309739659178209,27.331066131591797,999800
2019-08-26,27.451903889914799,27.522987610715905,27.409256369000826,27.473230361938477,216100
2019-08-27,27.473229729062218,27.53009399282648,27.437686513697095,27.459012985229492,259800
2019-08-28,27.451897938286745,27.594062637500667,27.451897938286745,27.522981643676758,152400
2019-08-29,27.522980372615663,27.650928324842713,27.522980372615663,27.537197113037109,120800
2019-08-30,27.565625920591483,27.672250110381384,27.551409181181779,27.65803337097168,247400
2019-09-03,27.316843365027736,27.501655578613281,27.316843365027736,27.501655578613281,266700
2019-09-04,27.757550726139378,27.899715423476675,27.757550726139378,27.857065200805664,440500
2019-09-05,27.800200948810385,27.857065200805664,27.771767467029715,27.857065200805664,960600
2019-09-06,27.785983806476551,27.87839126514563,27.785983806476551,27.83574104309082,540100
2019-09-09,27.849957379446614,27.906821629794774,27.757549922119118,27.771766662597656,160300
2019-09-10,27.579847729697473,27.714905423132937,27.579847729697473,27.686471939086914,135700
2019-09-11,27.608284151967453,27.714908372704425,27.608284151967453,27.679365158081055,114900
2019-09-12,27.615388466301795,27.700688919172944,27.608281451012353,27.636714935302734,163500
2019-09-13,27.849960961550309,27.977908930748011,27.849960961550309,27.864177703857422,186400
2019-09-16,27.736224895049379,27.77887511452882,27.700684401266113,27.743331909179688,452500
2019-09-17,27.707794120036009,27.928149541507189,27.707794120036009,27.913932800292969,198300
2019-09-18,27.956585569367878,27.999233085327432,27.800204113339163,27.928152084350586,155200
2019-09-19,28.020554624247215,28.127178828834865,28.020554624247215,28.098745346069336,830500
2019-09-20,28.048987705995479,28.162718923865409,28.048987705995479,28.077421188354492,335200
2019-09-23,27.941801566737002,28.106840133666992,27.941801566737002,28.106840133666992,125200
2019-09-24,28.049434688359376,28.121189629721524,27.992028545449216,28.006380081176758,204200
2019-09-25,28.006382113559674,28.164246280743033,28.006382113559674,28.106840133666992,138400
2019-09-26,28.293403408599396,28.350806810353646,28.235997269569776,28.286226272583008,103200
2019-09-27,28.336465759272254,28.3866947760167,28.178601571060494,28.192953109741211,301900
2019-09-30,28.286236380161494,28.365168480894503,28.286236380161494,28.357994079589844,298300
2019-10-01,28.192947816293714,28.192947816293714,28.056609593063545,28.171419143676758,273500
2019-10-02,27.992032573452271,28.07096466267415,27.91310322150634,28.013561248779297,599900
2019-10-03,28.070964254030137,28.250354367913495,28.063789853876205,28.228828430175781,226700
2019-10-04,28.379516649009744,28.566083908081051,28.329287634015785,28.566083908081055,382800
2019-10-07,28.43691992062039,28.580432550609896,28.43691992062039,28.472797393798828,328100
2019-10-08,28.386688232421871,28.444091636636198,28.314930555559609,28.386688232421875,1029100
2019-10-09,28.46562041127001,28.5947815052339,28.46562041127001,28.530200958251953,1011600
2019-10-10,28.44408748946779,28.558897018432617,28.365155425065392,28.558897018432617,372200
2019-10-11,28.702415566849293,28.953560608148962,28.702415566849293,28.845928192138672,541500
2019-10-14,28.781345986150786,28.838749390587395,28.723939844438679,28.810049057006836,84300
2019-10-15,28.83157525869056,29.097071823380645,28.83157525869056,29.010965347290039,443900
2019-10-16,29.082720553619115,29.247759108165933,29.06836901792693,29.211881637573242,406300
2019-10-17,29.25494384765625,29.348227485260974,29.23341790716141,29.25494384765625,399800
2019-10-18,29.283642892303828,29.312343229917687,29.183182130189739,29.247762680053711,285700
2019-10-21,29.355392834565798,29.434324908409753,29.31951536571184,29.419973373413086,1458900
2019-10-22,29.477386759384345,29.484561160008546,29.341048512039738,29.398454666137695,176800
2019-10-23,29.319516007709783,29.434325552921635,29.297990073381147,29.405622482299805,233700
2019-10-24,29.297988674646835,29.348217677199287,29.240582536143837,29.290811538696289,132200
2019-10-25,29.176001642061973,29.233407779862734,29.118598241536521,29.183176040649414,156100
2019-10-28,29.176012001235595,29.254944100099454,29.054028021010563,29.219066619873047,244800
2019-10-29,29.211879109549795,29.262108111487805,29.147298573161592,29.183176040649414,122600
2019-10-30,29.132947795988756,29.312337875366211,29.075544393971168,29.312337875366211,391700
2019-10-31,29.290815052239743,29.419976142089507,29.290815052239743,29.412801742553711,456500
2019-11-01,29.534787086030782,29.599367633995989,29.498909612111401,29.527612686157227,442200
2019-11-04,29.649601561878288,29.656778700217867,29.484562964659332,29.491737365722656,204300
2019-11-05,29.369742704098414,29.412797306646926,29.312336567367069,29.38409423828125,275500
2019-11-06,29.2549380964969,29.297992706298828,29.183180413493684,29.297992706298828,527700
2019-11-07,29.290821580325858,29.384105218735534,29.219066619873047,29.219066619873047,180000
2019-11-08,28.860284305477457,28.932039260864258,28.767000673653744,28.932039260864258,515900
2019-11-11,28.774161869941526,28.845919529675133,28.716758479429473,28.795690536499023,315800
2019-11-12,28.659361531050262,28.659361531050262,28.601958122152269,28.645009994506836,512600
2019-11-13,28.422563933694903,28.508670403296385,28.415386797817515,28.487144470214844,628400
2019-11-14,28.508667144730591,28.645002600789283,28.508667144730591,28.609125137329102,271000
2019-11-15,28.759810939802751,28.88179484638011,28.759810939802751,28.831565856933594,223400
2019-11-18,28.939219666582357,29.068378053407937,28.939219666582357,29.046852111816406,195500
2019-11-19,29.197531852851576,29.233412062871544,29.15447998046875,29.15447998046875,613400
2019-11-20,29.125783057342638,29.190363616828925,29.05402809670289,29.132957458496094,246400
2019-11-21,28.982267594930612,29.104254300948263,28.967916056735827,28.989444732666016,475100
2019-11-22,28.910514219924707,28.975094776689719,28.874636741116628,28.881811141967773,152500
2019-11-25,28.960733153907753,29.104245756446758,28.960733153907753,29.039665222167969,235200
2019-11-26,29.068371803724023,29.168832563197086,29.068371803724023,29.161655426025391,224200
2019-11-27,29.161660461689774,29.254944100099454,29.161660461689774,29.219066619873047,458700
2019-11-29,29.132957458496094,29.211889557565591,29.132957458496094,29.132957458496094,275700
2019-12-02,29.0468408846892,29.075543953901253,28.953557278387702,29.054018020629883,454800
2019-12-03,28.766997248892867,29.003790763299509,28.766997248892867,28.996616363525391,229800
2019-12-04,28.96073735835617,29.082721308994763,28.96073735835617,29.061195373535156,178700
2019-12-05,29.018139478618878,29.197529565562732,29.018139478618878,29.089897155761719,289700
2019-12-06,29.26929027826856,29.355396762494706,29.26929027826856,29.283641815185547,896800
2019-12-09,29.197537689968339,29.297998465922181,29.197537689968339,29.25494384765625,115500
2019-12-10,29.24058557101565,29.247759970435482,29.176005027134654,29.204708099365234,1006900
2019-12-11,29.010967137235308,29.176005700456468,29.010967137235308,29.147302627563477,134800
2019-12-12,28.967910740606978,29.082720287819626,28.903330199220143,29.010965347290039,386300
2019-12-13,29.039663807547853,29.046838205551467,28.88897407672113,28.924854278564453,225100
2019-12-16,29.12577398090356,29.147299914932116,29.082719375571006,29.104248046875,234000
2019-12-17,28.982265966511925,29.06837245356656,28.888982342125139,28.910511016845703,166500
2019-12-18,28.860285202138162,28.917688620775852,28.860285202138162,28.881811141967773,319500
2019-12-19,28.96072635069768,29.132939243469508,28.96072635069768,29.125764846801758,194700
2019-12-20,29.13295130700163,29.190357453213007,29.097073834257372,29.15447998046875,581600
2019-12-23,29.149896621704102,29.211040962084564,29.111682866727627,29.149896621704102,296500
2019-12-24,29.195755725039906,29.310396993299324,29.188111224508987,29.226327896118164,123600
2019-12-26,29.295104350203001,29.470889903775639,29.295104350203001,29.425031661987305,265600
2019-12-27,29.608466356938269,29.65432169039606,29.532035941971586,29.616107940673828,362000
2019-12-30,29.623740423385051,29.700170814870742,29.52438528773564,29.554954528808594,365000
2019-12-31,29.684896492373387,29.684896492373387,29.585538401854905,29.646682739257812,164900
2020-01-02,29.669609048318311,29.8071808856477,29.631395296954,29.707822799682617,580900
2020-01-03,29.646682739257812,29.776610082955269,29.646682739257812,29.646682739257812,918200
2020-01-06,29.593187397189489,29.715473175048828,29.593187397189489,29.715473175048828,301200
2020-01-07,29.66960469746596,29.66960469746596,29.585532707479675,29.608463287353516,352500
2020-01-08,29.501454588162261,29.501454588162261,29.379168877821993,29.394454956054688,740600
2020-01-09,29.417392593241217,29.463247923426245,29.348606682441666,29.37153434753418,196300
2020-01-10,29.463254981169534,29.486185567276941,29.38682746887207,29.38682746887207,839000
2020-01-13,29.41740538429093,29.547332763671879,29.394474793705903,29.547332763671875,671400
2020-01-14,29.501468218007176,29.570254144073147,29.501468218007176,29.524398803710938,237500
2020-01-15,29.55496286531811,29.623748779296875,29.547321281774757,29.623748779296875,172200
2020-01-16,29.723105759198514,29.822463834720274,29.723105759198514,29.8148193359375,244400
2020-01-17,29.860679586356241,29.944751585477519,29.860679586356241,29.937107086181641,326000
2020-01-21,29.730754106668019,29.799540027007204,29.730754106668019,29.738395690917969,291500
2020-01-22,29.868327941444839,29.898897196007937,29.822469686316278,29.860683441162109,715200
2020-01-23,29.837747699658394,29.952388933183158,29.814817120535984,29.921819686889648,302100
2020-01-24,30.074681119782284,30.074681119782284,29.937109277608382,29.990612030029297,334600
2020-01-27,29.570246626071086,29.677249195931214,29.570246626071086,29.608463287353516,238300
2020-01-28,29.554966233153451,29.700182576724114,29.554966233153451,29.646682739257812,200700
2020-01-29,29.738391841242017,29.845391500024512,29.738391841242017,29.8148193359375,225600
2020-01-30,29.646677108052806,29.837748752860279,29.646677108052806,29.80717658996582,374300
2020-01-31,29.746030245840089,29.746030245840089,29.585530774817332,29.68488883972168,503000
2020-02-03,29.669609661847147,29.700181829779726,29.616109825726337,29.654323577880859,494500
2020-02-04,29.822467233957628,29.860680985661066,29.753681314682492,29.799539566040039,310100
2020-02-05,29.830105417981006,29.929463493502766,29.799536169416037,29.8148193359375,467300
2020-02-06,29.830108818089368,29.830108818089368,29.738395230896643,29.799539566040039,742400
2020-02-07,29.791891740897068,29.830105488334937,29.661964416503906,29.661964416503906,829100
2020-02-10,29.700175607323324,29.830102920532227,29.700175607323324,29.830102920532227,535100
2020-02-11,29.952393169251167,29.990609834686101,29.837751919513067,29.937107086181641,514200
2020-02-12,29.960037077270009,30.005892410051377,29.929464911734314,29.952392578125,1928200
2020-02-13,29.967678815107472,30.036464730155672,29.929465065752289,29.960037231445312,1356000
2020-02-14,30.166394577685448,30.219894409179688,30.120536329752323,30.219894409179688,1140800
2020-02-18,30.151103986666186,30.196959312220592,30.105245745590061,30.112890243530273,327700
2020-02-19,30.120539195447765,30.166397447743886,29.9906118538924,30.021181106567383,199100
2020-02-20,29.85303436847677,29.944747940207108,29.753676298381141,29.906534194946289,544400
2020-02-21,29.768962828150968,29.860676401263252,29.753676746711932,29.845390319824219,249700
2020-02-24,29.165175770027204,29.371533496446308,29.096389861220839,29.256889343261719,453900
2020-02-25,29.256898047459895,29.371542234752191,28.912971316628592,28.943540573120117,785900
2020-02-26,28.805956519312979,28.95881439914799,28.637815475463867,28.637815475463867,795500
2020-02-27,28.248026232851416,28.400884104551892,27.949954986572266,27.949954986572266,630400
2020-02-28,27.132175073389487,27.384391058029344,26.841745340764767,27.353818893432617,1809600
2020-03-02,27.269745827181826,27.575461630093979,27.208601500390607,27.506675720214844,1906900
2020-03-03,27.896460913945788,28.248032050396262,27.758889092635254,27.873533248901367,1185500
2020-03-04,28.217456761507943,28.530817031860352,28.217456761507943,28.530817031860352,1226600
2020-03-05,28.408532505865093,28.569034913217347,28.278605178818431,28.423818588256836,1093300
2020-03-06,27.904109540445187,27.957612298256901,27.697754671914996,27.888826370239258,739300
2020-03-09,26.513100183453979,26.772957735048454,26.283814794522826,26.299100875854492,555600
2020-03-10,26.772961688067127,26.772961688067127,26.01631950132418,26.459604263305664,1320600
2020-03-11,26.207389283120897,26.314388945003511,25.60360214475801,25.710601806640625,894500
2020-03-12,23.845745001168975,23.845745001168975,22.745171773700566,23.050886154174805,808700
2020-03-13,23.22667473377836,23.22667473377836,22.087887608663969,22.737531661987305,1230000
2020-03-16,20.551667164528936,20.994953354860638,20.116024015484463,20.490524291992188,819000
2020-03-17,20.054886285229927,20.2383149498732,19.795028645878265,20.093101501464844,972500
2020-03-18,18.526312360411559,18.847312883443305,17.853740599553408,18.228240966796875,901200
2020-03-19,17.311089935837177,17.402804962562644,16.760804148767068,17.112375259399414,1797200
2020-03-20,17.471591638788073,18.190019972488297,17.4180918115722,17.517448425292969,1222500
2020-03-23,17.784407447967173,17.977296906064993,17.383198493562336,17.576087951660156,856100
2020-03-24,19.312091511696664,19.319807265991745,18.941742663680945,19.211788177490234,1339700
2020-03-25,19.906191217257682,20.731759322896572,19.775026328663632,20.461713790893555,743100
2020-03-26,20.114514223668447,21.10982462135409,19.983349321763281,21.040384292602539,1998500
2020-03-27,20.037354764903768,20.577445792765616,19.798172268167079,20.299684524536133,1153700
2020-03-30,20.176239987308794,20.554303204135795,19.983350500868692,20.469432830810547,755600
2020-03-31,20.315119968722602,20.739476235945038,20.245679638212756,20.654605865478516,1556700
2020-04-01,19.97563119269315,20.091366041280914,19.759595948139417,19.906190872192383,779000
2020-04-02,19.543561897801009,19.88304779193134,19.497268835029121,19.697874069213867,912500
2020-04-03,19.242653248705896,19.273514797550853,18.98803921630828,19.034332275390625,761900
2020-04-06,19.582136457257352,19.798173172597121,19.535843400980877,19.75959587097168,765200
2020-04-07,20.878356178581701,21.032668345878431,20.477147192544003,20.538871765136719,1937700
2020-04-08,20.808918477560397,21.040386757728069,20.71633234279739,20.955514907836914,599400
2020-04-09,21.294997805602222,21.642197969003803,21.15611715158964,21.503318786621094,754400
2020-04-13,21.46474004080078,21.51874885707754,21.225557509448048,21.349006652832031,718400
2020-04-14,21.403014277569508,21.626766757264996,21.372152729256559,21.464738845825195,562500
2020-04-15,21.048097423660327,21.048097423660327,20.76262038865303,20.847492218017578,432200
2020-04-16,20.793485339534573,20.947796031702353,20.585164359896716,20.693181991577148,494300
2020-04-17,21.233271166571338,21.349004543103206,21.163830846326274,21.302711486816406,832500
2020-04-20,21.078962662443626,21.248706350902442,20.940081997933678,21.024953842163086,528400
2020-04-21,20.515725895499774,20.662322317250648,20.3768452298021,20.469432830810547,414200
2020-04-22,20.67775250774578,20.700899776073324,20.538873312670518,20.670038223266602,667800
2020-04-23,20.824344641686384,21.032665598839575,20.67774824906417,20.747188568115234,497900
2020-04-24,20.677752580133241,20.778055938273738,20.569734937486565,20.739477157592773,407800
2020-04-27,21.055811663018709,21.163829276887597,21.055811663018709,21.094388961791992,390300
2020-04-28,21.387583240728176,21.487886586131172,21.140684962243611,21.233272552490234,489500
2020-04-29,21.580471866805933,21.881380419701198,21.572756111949154,21.750215530395508,667700
2020-04-30,21.796505616123653,21.819652877538037,21.557323134693263,21.611331939697266,593500
2020-05-01,21.341288592586523,21.341288592586523,21.078958823319351,21.179262161254883,659600
2020-05-04,20.916936921696433,21.117542169380251,20.832065074545195,21.063531875610352,374200
2020-05-05,21.202414433745041,21.364442386229136,21.117544050663046,21.140689849853516,516800
2020-05-06,21.163832400188102,21.217841215093021,20.88607109881443,20.90150260925293,684300
2020-05-07,21.21784261380456,21.426163603567641,21.148402283883531,21.287282943725586,731600
2020-05-08,21.603623326962435,21.858237400165002,21.603623326962435,21.765649795532227,424800
2020-05-11,21.734784538254463,21.889096695805137,21.680775724600668,21.819656372070312,748400
2020-05-12,21.619054503859267,21.619054503859267,21.217844009399414,21.217844009399414,2200600
2020-05-13,21.078957250597412,21.210122125444656,20.808911746896662,20.893783569335938,746800
2020-05-14,20.469428442618018,20.847491578396649,20.392272370256531,20.801197052001953,644000
2020-05-15,20.562016698221086,20.616025513022162,20.453999068618934,20.600595474243164,594400
2020-05-18,21.017237379769362,21.333576006462962,21.017237379769362,21.287282943725586,782900
2020-05-19,21.295002736147751,21.403020393554165,21.21784663587308,21.256423950195312,361900
2020-05-20,21.349003890883242,21.480168772713483,21.349003890883242,21.410728454589844,300900
2020-05-21,21.248700982611016,21.379864386366521,21.148397651747899,21.194690704345703,618200
2020-05-22,21.055814823479459,21.14840094308429,20.986374497960917,21.125253677368164,378100
2020-05-26,21.889100061716526,22.012549218088061,21.889100061716526,21.896814346313477,483900
2020-05-27,22.043406699624011,22.135994285615382,21.865948754072782,22.081985473632812,475400
2020-05-28,22.09741254422639,22.213147379081438,22.020257949829102,22.020257949829102,655500
2020-05-29,22.182288910374623,22.274876502908977,22.035692502041005,22.213151931762695,650500
2020-06-01,22.30573586636045,22.645221710205078,22.282588602588188,22.645221710205078,545800
2020-06-02,23.139019002495274,23.285615401348114,23.139019002495274,23.216175079345703,725700
2020-06-03,23.625103864088764,23.949158245323655,23.625103864088764,23.941442489624023,672400
2020-06-04,23.632815246633065,23.833420455304346,23.594237944501174,23.72540283203125,357900
2020-06-05,24.203772121610552,24.34265130830839,24.157477587748023,24.196056365966797,426000
2020-06-08,24.396658742254786,24.68213430951003,24.381227232773494,24.658987045288086,1429700
2020-06-09,24.32722282409668,24.412093198344635,24.234635222081625,24.32722282409668,423700
2020-06-10,24.211485771855568,24.311789120968889,23.98773475056333,24.149761199951172,347500
2020-06-11,23.277902104708442,23.378203985065312,22.753242492675781,22.753242492675781,1001100
2020-06-12,23.385919690572585,23.51708459329944,23.031003760623392,23.362773895263672,478000
2020-06-15,22.714662590007062,23.223890632516067,22.62207500426463,23.169881820678711,943700
2020-06-16,23.640535206512709,23.810278897998067,23.254756230053271,23.439929962158203,306700
2020-06-17,23.694545049108324,23.77170114205202,23.524802821936245,23.578811645507812,444700
2020-06-18,23.378205384789894,23.547949076275248,23.378205384789894,23.439929962158203,640900
2020-06-19,23.463076169710806,23.463076169710806,23.031004147667648,23.077297210693359,672900
2020-06-22,23.071844487282579,23.250997543334961,23.017318287639352,23.250997543334961,808200
2020-06-23,23.289945581522975,23.344470300719589,23.149738311767578,23.149738311767578,551500
2020-06-24,22.947212388919414,22.993949126846246,22.612274681231725,22.65900993347168,490100
2020-06-25,22.542176004997291,22.760274887084961,22.464282910385748,22.760274887084961,444900
2020-06-26,22.666801416933076,22.705747216334895,22.464279991532184,22.526594161987305,449900
2020-06-29,22.487652820681415,22.581123352050781,22.363022969376743,22.581123352050781,396100
2020-06-30,22.401964697097149,22.549961401635208,22.378596327216318,22.448699951171875,306900
2020-07-01,22.62785404907968,22.845954387718372,22.62785404907968,22.799219131469727,350300
2020-07-02,23.180896102768671,23.321103372279946,23.0874240945321,23.126371383666992,353600
2020-07-06,23.328889070578132,23.383413780892973,23.219838164261521,23.289941787719727,464400
2020-07-07,22.970581832388852,23.056264370242513,22.884899294535192,22.892688751220703,456500
2020-07-08,22.89269254451079,23.025110358732025,22.830378366388281,23.009532928466797,357900
2020-07-09,22.908266952112033,22.908266952112033,22.542171413400851,22.697956085205078,554700
2020-07-10,22.729115855044267,22.845954740312621,22.697958026606287,22.838165283203125,702800
2020-07-13,22.853741256249318,22.962790670374012,22.604484603571816,22.627851486206055,419300
2020-07-14,22.666800252920691,22.908267465323291,22.666800252920691,22.861532211303711,419900
2020-07-15,23.017317865367577,23.040686236214533,22.861533183448863,22.931636810302734,225200
2020-07-16,22.721329682132545,22.783643862328521,22.620069696446809,22.651226043701172,304100
2020-07-17,22.659009317239448,22.760269275286639,22.588905697942611,22.744691848754883,632500
2020-07-20,22.729114886004087,22.783639597758892,22.682379631026677,22.768060684204102,345500
2020-07-21,22.853742953480104,22.986160745759875,22.822585126738062,22.892688751220703,434300
2020-07-22,22.877112952325334,23.05626601178643,22.877112952325334,23.017318725585938,617000
2020-07-23,22.947214512983866,22.993951255236794,22.744694572635911,22.807008743286133,442100
2020-07-24,22.697959267982068,22.838166532246994,22.697959267982068,22.783641815185547,331600
2020-07-27,22.884900068608822,22.962793152411678,22.861533183448863,22.931636810302734,286000
2020-07-28,22.791435091615103,23.040691831767955,22.791435091615103,22.923852920532227,272700
2020-07-29,23.20426360046898,23.391206124199329,23.20426360046898,23.360048294067383,604300
2020-07-30,22.978370711710941,23.141944840935775,22.814796582486107,23.11857795715332,344000
2020-07-31,23.180895459403452,23.212051804159479,22.807010408208345,22.955005645751953,435600
2020-08-03,22.845956210575164,22.955005645751953,22.744696233009162,22.955005645751953,543800
2020-08-04,22.947215932822189,23.227630460942088,22.947215932822189,23.219841003417969,630000
2020-08-05,23.44572850058454,23.570356837296082,23.422360130318516,23.476884841918945,530800
2020-08-06,23.266574130493609,23.398991916437808,23.235416305242325,23.367834091186523,444500
2020-08-07,23.20426135467288,23.35225657641476,23.173103527556506,23.321100234985352,372800
2020-08-10,23.28994353132008,23.40678241726858,23.28994353132008,23.398994445800781,499600
2020-08-11,23.741721175240077,23.757300089240527,23.360046696351112,23.375625610351562,3049500
2020-08-12,23.656039416411737,23.710564128105499,23.578146334411947,23.617092132568359,452600
2020-08-13,23.640461241821452,23.718354326256001,23.476885615940194,23.515832901000977,500100
2020-08-14,23.44573371739212,23.523626816590227,23.391208993659635,23.430154800415039,811700
2020-08-17,23.539204716009518,23.617097816756701,23.539204716009518,23.593730926513672,337200
2020-08-18,23.679404186807364,23.772876173998828,23.562565317083163,23.585933685302734,247200
2020-08-19,23.500254227527321,23.50804368461921,23.204262286470652,23.250997543334961,628700
2020-08-20,23.266574683396961,23.585934971377455,23.266574683396961,23.554777145385742,757000
2020-08-21,23.578147303696895,23.69498618865628,23.546989475341313,23.687196731567383,387900
2020-08-24,23.804033078849024,23.804033078849024,23.702773118862456,23.772876739501953,300000
2020-08-25,23.765084703578108,23.804030494956155,23.617088022105456,23.718349456787109,609100
2020-08-26,23.811827208446061,23.897509758418689,23.811827208446061,23.858562469482422,848900
2020-08-27,23.726147266390363,23.796250908494095,23.531415257366067,23.593730926513672,613600
2020-08-28,23.897507684551805,23.975400769977483,23.850772427571211,23.967611312866211,1397900
2020-08-31,23.913088014442849,23.944244359045374,23.804037094116211,23.804037094116211,496600
2020-09-01,23.772876583893044,23.804032923036175,23.687194051297428,23.765087127685547,489800
2020-09-02,23.858559469312446,24.045503461324348,23.811824214152956,24.037714004516602,281000
2020-09-03,24.053287173596186,24.100023906167493,23.710560048860202,23.741716384887695,759700
2020-09-04,23.671613177372986,23.73392733618255,23.297728224515609,23.6248779296875,813600
2020-09-08,23.453520325153427,23.640462849094025,23.422362494986437,23.500255584716797,556700
2020-09-09,23.694987659476691,23.866351269008383,23.694987659476691,23.804037094116211,486300
2020-09-10,23.819615560440223,23.819615560440223,23.430151603280844,23.461309432983398,592400
2020-09-11,23.578148322993794,23.679408298152911,23.383416344414101,23.461309432983398,786200
2020-09-14,23.585938465818181,23.694987901571878,23.585938465818181,23.656042098999023,365300
2020-09-15,23.913082481372573,24.014342435009894,23.905293025602507,23.952028274536133,335100
2020-09-16,24.131184399497045,24.341495275239993,24.131184399497045,24.170131683349609,497200
2020-09-17,24.092236442195031,24.310335269475594,24.092236442195031,24.294757843017578,485100
2020-09-18,23.990974794014289,23.990974794014289,23.780665424602571,23.85076904296875,1177600
2020-09-21,23.331337880528842,23.331337880528842,23.095587528933976,23.244895935058594,464700
2020-09-22,23.213463266605736,23.244895747251636,23.024862387311781,23.197746276855469,314800
2020-09-23,23.127020904204571,23.174170373749313,22.804830114415385,22.820547103881836,935400
2020-09-24,22.875554573541642,23.095586425895952,22.828403606161793,22.946279525756836,444800
2020-09-25,22.804827893593515,23.048435211181641,22.773393917721773,23.048435211181641,403100
2020-09-28,23.378492532323673,23.441359006910176,23.339201547777726,23.425642013549805,644000
2020-09-29,23.237038943504761,23.284188417332338,23.127023004955493,23.205606460571289,257100
2020-09-30,23.252754585646585,23.472787948837059,23.252754585646585,23.347053527832031,612900
2020-10-01,23.488500952211812,23.629950849363162,23.457068474430677,23.598518371582031,290500
2020-10-02,23.362772435533309,23.677104766711004,23.35491393989702,23.629955291748047,511800
2020-10-05,23.810693245820897,23.936426162719727,23.802836250012493,23.936426162719727,488200
2020-10-06,23.904994210457179,24.022868635294255,23.739968816601568,23.755685806274414,371000
2020-10-07,23.826412234760337,23.873561707840732,23.739970285067344,23.771404266357422,259900
2020-10-08,23.810694991577403,23.849987467773264,23.779262509475426,23.834270477294922,284900
2020-10-09,23.8342704441223,23.920712392778174,23.802837962064068,23.889278411865234,225800
2020-10-12,23.881418793961675,24.022868703710866,23.881418793961675,23.983577728271484,469600
2020-10-13,23.857842169067784,23.865700663057275,23.747824752069381,23.779258728027344,354700
2020-10-14,23.787123865390249,23.834273343640842,23.677106417665684,23.69282341003418,369000
2020-10-15,23.480638430875587,23.684954747401303,23.464922944107645,23.661380767822266,348400
2020-10-16,23.40206446534367,23.40206446534367,23.331339504826893,23.362771987915039,388300
2020-10-19,23.543515031161629,23.598524504570328,23.34705712269524,23.354915618896484,483400
2020-10-20,23.472787857055664,23.598520778714402,23.472787857055664,23.472787857055664,249600
2020-10-21,23.425637105519925,23.574945513451087,23.425637105519925,23.464929580688477,299800
2020-10-22,23.464929580688477,23.512079052036071,23.362770644104909,23.464929580688477,339000
2020-10-23,23.582806072253387,23.606381559417649,23.480647126729728,23.567089080810547,253400
2020-10-26,23.292047573138085,23.299906068807935,23.072015689801368,23.182031631469727,278000
2020-10-27,23.0877300369593,23.111305522799338,22.985572596028582,22.993431091308594,216100
2020-10-28,22.42763231708739,22.466923293575018,22.254748423290611,22.286182403564453,307000
2020-10-29,22.356908509349921,22.537649408649589,22.294042044425915,22.474782943725586,571600
2020-10-30,22.404057172643768,22.443348149729005,22.286182742533359,22.435489654541016,510600
2020-11-02,22.545507799913757,22.639806747436523,22.482641335280327,22.639806747436523,432600
2020-11-03,23.009147361749168,23.189888250968622,23.009147361749168,23.127021789550781,360500
2020-11-04,23.260613423211151,23.629953700110523,23.244896432997216,23.457071304321289,819800
2020-11-05,23.975721070555814,24.140744978671762,23.975721070555814,24.093595504760742,385900
2020-11-06,24.101452341902228,24.125027826662983,24.015010396634104,24.030727386474609,490400
2020-11-09,25.20161739920259,25.248768371060905,24.76155215384135,24.785127639770508,650300
2020-11-10,25.154464881351924,25.350922755456455,25.154464881351924,25.21733283996582,733800
2020-11-11,25.413790098593907,25.570956993613084,25.413790098593907,25.56309700012207,334600
2020-11-12,25.217335881347687,25.30377783601265,25.068027459341341,25.123035430908203,298900
2020-11-13,25.06016401969762,25.303772844084303,25.036590035879531,25.2723388671875,305700
2020-11-16,25.602392196655273,25.688831145226242,25.531667240399511,25.602392196655273,303600
2020-11-17,25.610251903933023,25.76741882310689,25.594534912244669,25.680976867675781,315200
2020-11-18,25.688826711996665,25.806702617983699,25.55523681640625,25.55523681640625,282300
2020-11-19,25.460943522753031,25.673115404132602,25.4452265319639,25.665258407592773,1118700
2020-11-20,25.625964491787634,25.649538476414136,25.570956529186368,25.633821487426758,426800
2020-11-23,25.696692934741225,25.696692934741225,25.476658056731281,25.484518051147461,649900
2020-11-24,25.657402767366356,25.869574659961856,25.657402767366356,25.846000671386719,327800
2020-11-25,25.743838953970165,25.924582839292007,25.743838953970165,25.877431869506836,212700
2020-11-27,25.869568663587749,25.940293610629276,25.869568663587749,25.924579620361328,160100
2020-11-30,25.838138796327996,25.838138796327996,25.468797057262567,25.476654052734375,620100
2020-12-01,25.830281863000046,26.026739747867392,25.783133889165914,26.018882751464844,693200
2020-12-02,25.775273994876969,25.89314992533766,25.704549036142442,25.853858947753906,800300
2020-12-03,26.003162521570026,26.19962038196336,26.003162521570026,26.121038436889648,311000
2020-12-04,26.270344626271783,26.333209581101059,26.238910650002659,26.293918609619141,225600
2020-12-07,26.113176971787503,26.191761910140524,26.042452026124224,26.105319976806641,188100
2020-12-08,26.113177358598552,26.199619293212887,26.097460370695135,26.199619293212891,613700
2020-12-09,26.199621666374021,26.262486625973075,25.963872821886476,26.128896713256836,1164600
2020-12-10,25.987453475533609,26.254636367235751,25.948162490988288,26.21534538269043,340400
2020-12-11,26.105319497335,26.231052398681641,26.097459504789619,26.231052398681641,263600
2020-12-14,26.427520252892737,26.482528230707441,26.254636323926544,26.270353317260742,231500
2020-12-15,26.348925795047922,26.568960624757725,26.317494817411276,26.553243637084961,424200
2020-12-16,26.663264756102052,26.765423697055667,26.616113783882813,26.733989715576172,289600
2020-12-17,26.906869888305664,26.985451833408124,26.891152899743364,26.906869888305664,264600
2020-12-18,26.718269677641118,26.718269677641118,26.443229865337287,26.529668807983398,432600
2020-12-21,25.927572295272448,26.149106884573555,25.769332009407766,26.069988250732422,493600
2020-12-22,26.109544857038738,26.236136468951642,26.077896199514988,26.188663482666016,485500
2020-12-23,26.520968488493903,26.592176459202335,26.497233504318462,26.560527801513672,421900
2020-12-24,26.631730004814255,26.679202981066428,26.607995025778898,26.623819351196289,133900
2020-12-28,26.916569649295415,26.916569649295415,26.726680707276749,26.78997802734375,195200
2020-12-29,27.106451806854356,27.146014135490457,26.971949547673759,27.01942253112793,339900
2020-12-30,27.201402630093604,27.312169926413624,27.138105307520757,27.146018981933594,287100
2020-12-31,27.122277123485055,27.122277123485055,26.940301874215915,26.971950531005859,653400
2021-01-04,27.114365296562703,27.114365296562703,26.61590953730019,26.679206848144531,508000
2021-01-05,26.908653321718855,27.098542245012471,26.892832011444593,27.051069259643555,317500
2021-01-06,26.971954363040727,27.256786278253614,26.924481371111092,27.146018981933594,200500
2021-01-07,26.821628655759415,26.853274299932984,26.742506999869093,26.813714981079102,445100
2021-01-08,26.884916286908311,26.91656494140625,26.671292396319952,26.91656494140625,270200
2021-01-11,26.457670191142224,26.536791832427291,26.410200224553193,26.48931884765625,298800
2021-01-12,26.433939074065314,26.560530700454652,26.346906765013436,26.513057708740234,426800
2021-01-13,26.473495399393414,26.54470336982596,26.433936086526909,26.481409072875977,256600
2021-01-14,26.655474713847671,26.829539338796,26.655474713847671,26.782066345214844,222200
2021-01-15,26.505141313786318,26.600084258476141,26.394374041951224,26.544700622558594,275600
2021-01-19,26.758326540869668,26.797885852641784,26.655469915716544,26.742502212524414,387400
2021-01-20,26.726679904174972,26.940303825708476,26.718769248495473,26.908655166625977,246300
2021-01-21,26.73459624639856,26.789979896229614,26.528882960012453,26.647563934326172,339600
2021-01-22,26.48931983080524,26.615911443377772,26.48931983080524,26.560527801513672,128300
2021-01-25,26.441845862885213,26.544702487464793,26.244046286945562,26.48931884765625,167900
2021-01-26,26.600087235120185,26.74250317718267,26.600087235120185,26.726678848266602,207500
2021-01-27,26.528879143825009,26.766241058307862,26.465584846629802,26.560527801513672,391700
2021-01-28,26.56053174486793,26.877012332377152,26.56053174486793,26.782066345214844,416600
2021-01-29,26.734592441186162,26.805800412002643,26.481409215656914,26.615911483764648,326600
2021-02-01,26.631730004814255,26.687113634684394,26.481403440621232,26.623819351196289,607800
2021-02-02,26.655463186597451,26.750409132700042,26.528871609975255,26.734584808349609,148000
2021-02-03,26.71876048399918,26.782054763219644,26.647552533512865,26.734584808349609,153000
2021-02-04,26.65547843107294,26.734600098075397,26.615919106663206,26.702951431274414,148700
2021-02-05,26.782067229967414,26.877013220266285,26.766245916433601,26.861188888549805,227800
2021-02-08,26.94029517020476,26.94029517020476,26.821617264048147,26.869087219238281,384400
2021-02-09,26.908655097216155,27.05898471837914,26.869095782556197,27.00360107421875,124600
2021-02-10,27.201395937115148,27.201395937115148,26.979858380802575,27.011507034301758,270600
2021-02-11,27.02733333317595,27.066892643845627,26.971949694602014,27.035243988037109,91900
2021-02-12,27.058987668304734,27.217227962377908,27.03524966237509,27.185579299926758,202000
2021-02-16,27.470409382003695,27.517879354312001,27.343817758877602,27.383377075195312,404400
2021-02-17,27.106452065085787,27.264692326591913,27.07480642733012,27.233043670654297,156500
2021-02-18,26.869097646325987,26.979864942330121,26.789979011518021,26.948219299316406,195400
2021-02-19,27.05106816858212,27.146014135490457,27.003598203309874,27.01942253112793,387300
2021-02-22,27.003601150088706,27.256784386442483,27.003601150088706,27.114368438720703,97800
2021-02-23,27.359642220055409,27.581176807041324,27.233047578140738,27.517879486083984,228600
2021-02-24,27.533699068284442,27.786882272088935,27.533699068284442,27.739412307739258,235300
2021-02-25,27.771058687669534,27.889739638083089,27.288430267503198,27.32798957824707,213600
2021-02-26,27.193486127325713,27.193486127325713,26.924478570735126,26.979862213134766,370800
2021-03-01,27.248872680424665,27.430847956059353,27.209313362796685,27.343818664550781,290000
2021-03-02,27.233044508915878,27.327990479651259,27.090631589176891,27.288431167602539,508500
2021-03-03,27.130187975832843,27.138098630116779,26.979858380802575,27.011507034301758,204100
2021-03-04,27.201400665700785,27.391286583341486,26.924479426716587,27.00360107421875,227500
2021-03-05,26.853275213600234,26.932396872182625,26.552621965535138,26.861188888549805,321500
2021-03-08,26.861187974613298,26.971955274677185,26.782066318722972,26.813714981079102,356300
2021-03-09,26.971953319498532,27.019426309591442,26.924480329405625,26.964042663574219,137300
2021-03-10,27.098543189265413,27.11436751827312,26.93239226195772,27.06689453125,126800
2021-03-11,27.106453003791511,27.272606944126984,27.106453003791511,27.248868942260742,151300
2021-03-12,27.082718040282526,27.33590126037598,27.082718040282526,27.335901260375977,149900
2021-03-15,27.233042760048253,27.422931671142578,27.233042760048253,27.422931671142578,203300
2021-03-16,27.747329738800001,27.802713389521553,27.699856744674705,27.715681076049805,222200
2021-03-17,27.58117588090326,27.826445445921166,27.54952722148731,27.7947998046875,97100
2021-03-18,27.509969643570283,27.58908827892424,27.399202346801758,27.399202346801758,183000
2021-03-19,27.4150249284137,27.549527203570591,27.367551939320649,27.502054214477539,334100
2021-03-22,27.427345275878906,27.506823613670882,27.347869969875518,27.427345275878906,314600
2021-03-23,27.419399165246691,27.498874471850804,27.30813252328549,27.339923858642578,96300
2021-03-24,27.292241745206585,27.475037408576078,27.27634607468022,27.300188064575195,171100
2021-03-25,27.109436803431034,27.276336739151418,27.006116496266369,27.212757110595703,197600
2021-03-26,27.467087281866608,27.633987251574947,27.435295945220616,27.618091583251953,114400
2021-03-29,27.403503290435609,27.459136610995696,27.316078634758728,27.427345275878906,153000
2021-03-30,27.451189619539555,27.570402575619504,27.451189619539555,27.538614273071289,131100
2021-03-31,27.435294881136958,27.498874520174255,27.300183221526208,27.379661560058594,522200
2021-04-01,27.419400276897623,27.626037901519084,27.419400276897623,27.618091583251953,375800
2021-04-05,27.753201492616089,27.951892808107747,27.753201492616089,27.912155151367188,471500
2021-04-06,27.729361488849698,27.872419488782004,27.713465818658431,27.848577499389648,448600
2021-04-07,27.967787663511956,28.087003662054222,27.967787663511956,28.047266006469727,139300
2021-04-08,28.1426374274727,28.245957759043346,28.118795440105945,28.158533096313477,306200
2021-04-09,28.102895382399279,28.15057934968592,28.015470733322633,28.071104049682617,454800
2021-04-12,28.039317910513525,28.047267261059279,27.951893245243753,28.023422241210938,320000
2021-04-13,28.055209716367177,28.269796674718222,28.055209716367177,28.261850357055664,177400
2021-04-14,28.452593504763559,28.540018161699553,28.428751518976881,28.476438522338867,223100
2021-04-15,28.532068233444043,28.659230527863784,28.476434919122173,28.635385513305664,205700
2021-04-16,28.818190311615826,28.889719314522925,28.786402001715395,28.881772994995117,236000
2021-04-19,28.794342344489738,28.834079997458968,28.698971371005875,28.786396026611328,154800
2021-04-20,28.579760290695766,28.714871972151442,28.555918301175574,28.643342971801758,185200
2021-04-21,28.476435147997492,28.691019058227539,28.476435147997492,28.691019058227539,159000
2021-04-22,28.714862232525867,28.754599878844182,28.547959267128036,28.627437591552734,408900
2021-04-23,28.706919287889161,28.834081603546913,28.691023619458349,28.794343948364258,149900
2021-04-26,28.826136204047845,28.945349173395684,28.826136204047845,28.91356086730957,168100
2021-04-27,28.786397758956099,28.810239745814712,28.762552740308717,28.770502090454102,72400
2021-04-28,28.786392798047395,28.953292740872492,28.786392798047395,28.873817443847656,175000
2021-04-29,28.889715323871233,28.929456011388357,28.770502356686244,28.865873336791992,125400
2021-04-30,28.738720043631588,28.842040406399903,28.563870665375941,28.675140380859375,421000
2021-05-03,28.826133872569581,28.977138167579046,28.762551201962268,28.945346832275391,589100
2021-05-04,28.857933717150484,28.857933717150484,28.627451015919934,28.706926345825195,208200
2021-05-05,28.786393409640592,28.786393409640592,28.643335446525899,28.722810745239258,154200
2021-05-06,28.722813675523167,28.961242627775924,28.706918007801164,28.921504974365234,691300
2021-05-07,28.96919206708959,29.287096327146529,28.96919206708959,29.279150009155273,151200
2021-05-10,29.342724037540808,29.461940007133595,29.239406764467642,29.255302429199219,207800
2021-05-11,28.977141079474947,29.064565744450952,28.87382377703867,29.000986099243164,231200
2021-05-12,28.738710325145252,28.802292998205644,28.325432045618861,28.381065368652344,467800
2021-05-13,28.317482502251469,28.532069451707521,28.309533153129927,28.468486785888672,222000
2021-05-14,28.532070661133858,28.714866285428879,28.50027932687685,28.683074951171875,195200
2021-05-17,28.659229511138125,28.722809140198297,28.595646850289814,28.714862823486328,173900
2021-05-18,28.754609279057533,29.032775926009677,28.754609279057533,28.929458618164062,130300
2021-05-19,28.746658717164372,28.91356173009391,28.706921059529314,28.818187713623047,124000
2021-05-20,28.818188066247863,29.19172872252377,28.818188066247863,29.167886734008789,246600
2021-05-21,29.0248273880899,29.072514394688771,28.857927412677114,28.937402725219727,81000
2021-05-24,29.064561499126832,29.350677440242553,29.064561499126832,29.310939788818359,176800
2021-05-25,29.382464826406355,29.406306807699877,29.318882167239547,29.33477783203125,88300
2021-05-26,29.350674210520012,29.485782816852723,29.350674210520012,29.398361206054688,142900
2021-05-27,29.493736188817831,29.573211493762695,29.485786839250217,29.557315826416016,136300
2021-05-28,29.517574542250333,29.636790516788448,29.517574542250333,29.573207855224609,246500
2021-06-01,29.68447906338935,29.724219748895369,29.628845741827291,29.676532745361328,340200
2021-06-02,29.851374327803558,30.02622056522933,29.851374327803558,29.978536605834961,167600
2021-06-03,29.851380064815171,29.859326382312116,29.716268413059595,29.740110397338867,276100
2021-06-04,29.930857279650102,30.04212392244839,29.930857279650102,30.018281936645508,160400
2021-06-07,30.193132410569223,30.336187362670898,30.177236742160428,30.336187362670898,223500
2021-06-08,30.455402644182524,30.550773620605469,30.447456326059225,30.550773620605469,209400
2021-06-09,30.61435672606385,30.71767705386117,30.518985748291019,30.518985748291016,227900
2021-06-10,30.677935046836218,30.7574133847165,30.630251075896638,30.74946403503418,212400
2021-06-11,30.59051061246085,30.60640324678824,30.43155698309215,30.526927947998047,87000
2021-06-14,30.574619431786541,30.693832397460941,30.574619431786541,30.693832397460938,209200
2021-06-15,30.487189838701777,30.526927487497428,30.407711509322205,30.415660858154297,176200
2021-06-16,30.352072586711994,30.495130521375149,30.073906064749035,30.15338134765625,197200
2021-06-17,29.867282000495845,29.930861649181569,29.732170320381428,29.787803649902344,226300
2021-06-18,29.58911714990635,29.628854815793563,29.438112806819117,29.525537490844727,166900
2021-06-21,29.708146297230385,30.012517482946961,29.692126439511046,29.956449508666992,390200
2021-06-22,29.94043061322358,30.084606281855958,29.876351180286729,30.03654670715332,561200
2021-06-23,29.948439703114964,29.996499278922489,29.796255629604548,29.820283889770508,65000
2021-06-24,29.972466903725717,29.972466903725717,29.892370669020263,29.94843864440918,94400
2021-06-25,29.988488747622647,29.988488747622647,29.892372648516119,29.916400909423828,96500
2021-06-28,29.820282479341689,29.820282479341689,29.644067098524278,29.684118270874023,182200
2021-06-29,29.684122757382642,29.684122757382642,29.628054774189341,29.644071578979492,84000
2021-06-30,29.467851186278139,29.515907698487531,29.363723650699303,29.411783218383789,257400
2021-07-01,29.347711446396659,29.443827551350111,29.299654921657876,29.395771026611328,553800
2021-07-02,29.563967619869178,29.724163125258912,29.47585993913107,29.692123413085938,762700
2021-07-06,29.940436437123367,30.028544146812145,29.836308866084252,29.988492965698242,295000
2021-07-07,29.9564562984737,30.036552549749246,29.89237685307236,29.988492965698242,252700
2021-07-08,29.756211238621127,29.860335749368481,29.724171517402254,29.852327346801758,451600
2021-07-09,30.204752583107567,30.437035959268794,30.19674418121182,30.429027557373047,337500
2021-07-12,30.39698491941386,30.549168984622689,30.39698491941386,30.541160583496094,92700
2021-07-13,30.356938058911666,30.356938058911666,30.132663096906434,30.156694412231445,148400
2021-07-14,30.132661746444953,30.204749578238079,30.116641888771433,30.164701461791992,134500
2021-07-15,29.932422044569361,29.980481623909302,29.796257819653274,29.940433502197266,83600
2021-07-16,30.076593556012625,30.084605012529479,29.836301803588867,29.836301803588867,243200
2021-07-19,29.620041111152066,29.636060970225486,29.29965309611072,29.363729476928711,429000
2021-07-20,29.451831682738902,29.716151669478105,29.395763714173768,29.692123413085938,393100
2021-07-21,29.756212183938217,29.956455864703678,29.756212183938217,29.932424545288086,262000
2021-07-22,29.996501483689283,30.020529745621339,29.876354063077347,29.940433502197266,205200
2021-07-23,30.004510762273814,30.068590203265497,29.964462639391972,30.052570343017578,60000
2021-07-26,29.884360293004164,30.012516093349753,29.884360293004164,29.980476379394531,35200
2021-07-27,30.04455364784873,30.092613220214844,29.972465817037254,30.092613220214844,143400
2021-07-28,30.292854724917117,30.396982263316801,30.236786755503868,30.36494255065918,286700
2021-07-29,30.332902908325195,30.404990734234389,30.332902908325195,30.332902908325195,58600
2021-07-30,30.364947717585437,30.485095132758321,30.316888140421145,30.356939315795898,164300
2021-08-02,30.501113596198838,30.589218233755169,30.348926469879924,30.380966186523438,167000
2021-08-03,30.396984656193727,30.421012914840883,30.284848708539787,30.404993057250977,178900
2021-08-04,30.541166503877374,30.621262752571681,30.413010672680862,30.461067199707031,94700
2021-08-05,30.749410522869958,30.829509806042427,30.637274581903732,30.797470092773438,328900
2021-08-06,30.637278663183466,30.637278663183466,30.501114446864289,30.509122848510742,151100
2021-08-09,30.517127126089168,30.517127126089168,30.388971328735352,30.388971328735352,133900
2021-08-10,30.252813854801222,30.292861977473773,30.148686291471869,30.27684211730957,1124400
2021-08-11,30.412996720746335,30.517121185186724,30.364937160291408,30.485084533691406,137100
2021-08-12,30.413002119645615,30.413002119645615,30.30086618081911,30.36494255065918,138200
2021-08-13,30.50111924793574,30.597235360200663,30.453059664065218,30.573204040527344,85300
2021-08-16,30.50110734259286,30.573192107047984,30.485087487555635,30.533143997192383,71100
2021-08-17,30.18072267208089,30.228782247255346,30.044555403491046,30.156694412231445,210900
2021-08-18,30.284841570122474,30.429017198972701,30.244790407850427,30.268821716308594,102500
2021-08-19,29.948437256933385,30.020525087018747,29.868341025938694,29.972465515136719,95000
2021-08-20,29.972470528138494,30.196745512290057,29.972470528138494,30.18873405456543,455200
2021-08-23,30.012516952240841,30.108633041381836,29.96445737993265,30.108633041381836,347700
2021-08-24,30.028536809676904,30.124652898817899,29.988485638349054,30.108633041381836,32400
2021-08-25,29.900382125776108,29.988486761761909,29.868342409703725,29.94843864440918,62500
2021-08-26,30.004512312573155,30.028543631924666,29.908396201595338,29.96446418762207,227400
2021-08-27,30.260812572509415,30.581203562304058,30.260812572509415,30.533143997192383,181200
2021-08-30,30.573195747624897,30.621255318459379,30.549167489945301,30.613246917724609,127300
2021-08-31,30.477084558637809,30.533152539216339,30.461064699118833,30.469076156616211,266400
2021-09-01,30.573201899171835,30.717377585209174,30.517133916321303,30.669321060180664,351400
2021-09-02,30.741409380257313,30.797477363977929,30.677329938590347,30.709369659423828,278500
2021-09-03,30.733390737096592,30.821498421051839,30.637274652543248,30.765430450439453,107300
2021-09-07,30.589223901817515,30.605243763107691,30.485099386645565,30.573204040527344,139500
2021-09-08,30.252808739293169,30.300868311659283,30.068584961769481,30.092613220214844,393100
2021-09-09,30.244799456939926,30.356938467188506,30.212762795201652,30.228782653808594,186800
2021-09-10,30.332916119228404,30.332916119228404,29.980488292110028,30.020536422729492,115700
2021-09-13,30.07659432636493,30.188730276669794,30.028537807934551,30.172710418701172,124100
2021-09-14,30.228780480847803,30.228780480847803,30.04455364784873,30.092613220214844,75300
2021-09-15,29.996492739298045,30.100620269775391,29.90838506393067,30.100620269775391,108800
2021-09-16,29.916396951484089,30.044552751829677,29.876348836777709,29.980476379394531,59600
2021-09-17,29.908390169750394,29.932418428779872,29.660086956369085,29.684118270874023,246400
2021-09-20,29.228976872113527,29.261253909543491,29.011090707854553,29.220905303955078,218300
2021-09-21,29.56791829091356,29.672827161650297,29.519501180113732,29.592126846313477,97700
2021-09-22,29.624404829457607,29.826150985602215,29.600196275808909,29.640544891357422,150200
2021-09-23,29.858426491399943,29.995612378727678,29.810006313189326,29.898775100708008,266600
2021-09-24,29.438795165533531,29.495283836132174,29.374238004164365,29.42265510559082,182400
2021-09-27,29.575986687045141,29.664752406784388,29.5033579502389,29.535634994506836,93500
2021-09-28,29.05144381139992,29.107932483649947,28.890046285656236,28.978815078735352,134300
2021-09-29,28.946535518273386,28.962675579000379,28.744789376788678,28.769001007080078,79900
2021-09-30,28.785137020055579,28.809348649531643,28.591462454657336,28.647951126098633,394300
2021-10-01,28.64795318006955,28.833559267884304,28.567255951768153,28.785139083862305,538100
2021-10-04,28.833559042728886,28.833559042728886,28.583392711504967,28.664093017578125,117000
2021-10-05,28.672155453924294,28.752855742954956,28.543038069876498,28.656015396118164,156100
2021-10-06,28.27674038658985,28.534975205594169,28.196040081649834,28.502695083618164,281900
2021-10-07,28.68022625040286,28.825483688348719,28.68022625040286,28.744783401489258,77900
2021-10-08,28.720579443823841,28.720579443823841,28.470413132187797,28.486553192138672,131900
2021-10-11,28.52690315246582,28.672160620494367,28.518834661309487,28.52690315246582,41400
2021-10-12,28.615671969374535,28.825489680423651,28.575323356757959,28.769001007080078,198100
2021-10-13,29.027233691539589,29.180559639590406,29.003022063025131,29.156351089477539,52100
2021-10-14,29.301609266730793,29.325817817438327,29.220908967036237,29.253189086914062,71400
2021-10-15,29.398444276599793,29.519493177588394,29.374235727762642,29.503353118896484,62800
2021-10-18,29.317751870214448,29.406517589977081,29.237051563518509,29.366168975830078,41800
2021-10-19,29.511422810090259,29.616331656656509,29.454934141570334,29.575983047485352,51900
2021-10-20,29.511422810090259,29.616331656656509,29.454934141570334,29.575983047485352,54100
2021-10-21,29.527565231969298,29.632474086929406,29.454936498289499,29.479145050048828,234000
2021-10-22,29.58405994168573,29.713177374751801,29.551779813818605,29.656688690185547,75100
2021-10-25,29.616326881310755,29.68895559746878,29.608255313737054,29.624395370483398,38500
2021-10-26,29.656680900172571,29.680889450512765,29.511423441328166,29.519495010375977,43100
2021-10-27,29.705099961194584,29.810005727654659,29.584051057246494,29.600191116333008,95100
2021-10-28,29.721248514577962,29.922994693215927,29.672828323479994,29.906854629516602,54400
2021-10-29,29.495282750741488,29.592120028432571,29.471074200919105,29.575983047485352,164900
2021-11-01,29.430727946530165,29.495285110688986,29.37423927349052,29.479145050048828,151000
2021-11-02,29.527559832438168,29.567908437459344,29.406510938973401,29.487211227416992,176600
2021-11-03,29.39844988864041,29.713173397208458,29.358101273408973,29.68896484375,84400
2021-11-04,29.874572911324293,29.91492152922288,29.793872597124892,29.842292785644531,54600
2021-11-05,30.019818710432983,30.06823580169948,29.963330051688057,30.06016731262207,96500
2021-11-08,30.084379378530976,30.157008102330277,30.02789071317612,30.124731063842773,281800
2021-11-09,30.011756974685056,30.068245651935445,29.882639558341019,29.995616912841797,61400
2021-11-10,29.761595969319671,29.866501761654142,29.535638164778831,29.592126846313477,183100
2021-11-11,29.559843620410174,29.600192230444371,29.519495010375977,29.519495010375977,65600
2021-11-12,29.567912827557159,29.65668161882444,29.543704276630333,29.6163330078125,49100
2021-11-15,29.672822468671871,29.688962529186565,29.519496511384951,29.527565002441406,23500
2021-11-16,29.575986687045141,29.632475362516452,29.535634994506836,29.535634994506836,105600
2021-11-17,29.471081425287153,29.471081425287153,29.301615378185456,29.414592742919922,173200
2021-11-18,29.487212102322705,29.616329489262213,29.4710720441551,29.551769256591797,99500
2021-11-19,29.503361551897662,29.543710170959638,29.414592742919922,29.414592742919922,61000
2021-11-22,29.325814141205978,29.374234314952847,29.188625188123833,29.220905303955078,66300
2021-11-23,29.180558379247682,29.269327163696289,29.116001222267805,29.269327163696289,268500
2021-11-24,29.075650952467726,29.293537139892578,29.035302342589407,29.293537139892578,108900
2021-11-26,29.107933277298795,29.107933277298795,28.744789604074569,28.890047073364258,156600
2021-11-29,28.914251213265221,28.914251213265221,28.728642100722329,28.857759475708008,74100
2021-11-30,28.623742162520266,28.785136605225667,28.325155671031599,28.486553192138672,234900
2021-12-01,28.809352522789727,28.873909693801256,28.244462654028727,28.309022903442383,239800
2021-12-02,28.470410449566312,28.664088072325878,28.413921784261728,28.575319290161133,110700
2021-12-03,28.647950713245741,28.664090773196616,28.381644341658824,28.486553192138672,240700
2021-12-06,28.591467038152359,28.825493330726868,28.543046849839705,28.728652954101562,81500
2021-12-07,28.978812946099051,29.083721791872158,28.978812946099051,29.027233123779297,247900
2021-12-08,28.98688625998448,29.116006755284371,28.946537644404284,29.059514999389648,63600
2021-12-09,29.107935185127108,29.107935185127108,28.962677706316772,29.059514999389648,137800
2021-12-10,29.011093782235246,29.140211180841849,28.978813662983196,29.12407112121582,61100
2021-12-13,28.833558965233021,28.833558965233021,28.647952879366482,28.680233001708984,134000
2021-12-14,28.736722472500308,28.736722472500308,28.526904749864823,28.591464996337891,111700
2021-12-15,28.688303228626218,28.91426102029142,28.559185809846998,28.881980895996094,210800
2021-12-16,28.865837015137995,28.865837015137995,28.615670702547266,28.71251106262207,245900
2021-12-17,28.833558959217857,29.00302498387779,28.76900179294822,28.849699020385742,149100
2021-12-20,28.56306859138401,28.56306859138401,28.380820620370145,28.529932022094727,106200
2021-12-21,28.621061959414934,28.720468527877411,28.563074531138668,28.69561767578125,126000
2021-12-22,28.645914503750586,28.844727630488212,28.645914503750586,28.778457641601562,199400
2021-12-23,28.861297399036829,28.952421403500882,28.761890830565967,28.894433975219727,120200
2021-12-27,29.002121833046612,29.234074696054677,28.836445279569318,29.217506408691406,151400
2021-12-28,29.176086210523319,29.358331044743977,29.176086210523319,29.25892448425293,104500
2021-12-29,29.333480829656512,29.408036541658188,29.308629979015169,29.358331680297852,165300
2021-12-30,29.341762981455425,29.524010977141703,29.341762981455425,29.424604415893555,306600
2021-12-31,29.366621627681653,29.606857085359724,29.366621627681653,29.490879058837891,119900
2022-01-03,29.565425019935955,29.639980718044857,29.416313623718146,29.524005889892578,123100
2022-01-04,29.540583936248424,29.573720515264647,29.424609069769748,29.466028213500977,339100
2022-01-05,29.424602454915,29.432885017768026,28.977268218994141,28.977268218994141,246800
2022-01-06,28.919285886702106,28.993841605805869,28.778460172882752,28.877866744995117,311600
2022-01-07,28.8033036180286,28.869573595700352,28.670760502607955,28.81987190246582,62500
2022-01-10,28.571362162693941,28.687337026989148,28.48023815215398,28.670768737792969,69300
2022-01-11,28.546503290779885,28.761887853597742,28.463665018974563,28.737033843994141,1836500
2022-01-12,28.78673533103802,28.910995884267599,28.720462193295006,28.869573593139648,121100
2022-01-13,28.919281834058861,28.993837542714658,28.728751280844609,28.737033843994141,58600
2022-01-14,28.670766609163405,28.786741464848184,28.579642605388845,28.753604888916016,210100
2022-01-18,28.364262473474493,28.364262473474493,28.190297021948471,28.206865310668945,744100
2022-01-19,28.289710140986017,28.430535871852147,28.248287834186961,28.297992706298828,133900
2022-01-20,28.198579339142555,28.28970333605578,27.867219924926754,27.867219924926758,230700
2022-01-21,28.082605996246599,28.132307698986605,27.925208844029264,27.933494567871094,45300
2022-01-24,27.676691475376579,27.825802907120856,27.212788892163513,27.809234619140625,232300
2022-01-25,27.593857212308254,27.875511828816194,27.461314049250298,27.726400375366211,150900
2022-01-26,27.966627325585684,28.090887899670157,27.602134487056986,27.684972763061523,81600
2022-01-27,27.800950986996035,27.933494125667387,27.577283847973558,27.626985549926758,164000
2022-01-28,27.577283225591735,27.751245498657227,27.436454366388034,27.751245498657227,53000
2022-01-31,27.759522450360571,28.231710633347681,27.759522450360571,28.223424911499023,95900
2022-02-01,28.157159363252823,28.157159363252823,27.858936531361678,28.074317932128906,522100
2022-02-02,28.32283698378,28.422246704913878,28.173725562156786,28.281417846679688,854100
2022-02-03,28.182011273228191,28.248281260544026,27.974912427740101,28.057750701904297,938800
2022-02-04,27.916920108969197,27.925202670902344,27.660116447962952,27.825796127319336,79900
2022-02-07,27.742963998304891,27.792665701040928,27.618703421309306,27.709827423095703,80100
2022-02-08,27.560709198874385,27.593845765912832,27.511004348316714,27.527572631835938,282100
2022-02-09,27.966629879644344,28.16544618432091,27.892074160400377,28.157163619995117,158100
2022-02-10,27.908641184115773,28.413962907189301,27.908641184115773,28.032901763916016,111700
2022-02-11,27.916925640542235,27.966627342143315,27.54414707814578,27.610420227050781,125100
2022-02-14,27.511011979912279,27.610421708604029,27.361900546952498,27.502729415893555,52300
2022-02-15,27.684977404921529,27.941781159717404,27.668412275005331,27.900362014770508,92200
2022-02-16,28.066031407077702,28.380819320678711,28.066031407077702,28.380819320678711,109900
2022-02-17,28.264851050431972,28.264851050431972,28.049469630105172,28.124025344848633,84200
2022-02-18,28.099173245640795,28.148878112211932,27.916928388369257,27.925210952758789,154000
2022-02-22,27.726393597203277,27.850651004649357,27.568996456996402,27.742961883544922,149700
2022-02-23,27.809232264392161,27.908638823778485,27.428171153346632,27.453022003173828,120900
2022-02-24,26.922850723689187,27.395035852806139,26.699183584621526,27.353616714477539,218400
2022-02-25,27.684975504448605,27.933496677226305,27.544149789280691,27.925210952758789,161900
2022-02-28,27.71811465013106,27.900362684365103,27.569003196681074,27.726400375366211,171700
2022-03-01,27.958348229672559,27.958348229672559,27.154803580439214,27.303915023803711,163300
2022-03-02,27.50272582980805,27.751243798977438,27.436452685988254,27.693256378173828,58900
2022-03-03,27.651837634473321,27.651837634473321,27.254208246162161,27.37846565246582,111000
2022-03-04,26.931129662602537,26.980834517953582,26.757167408989776,26.848291397094727,198000
2022-03-07,26.732319919722947,26.815158195637693,26.193863226082932,26.268417358398438,115300
2022-03-08,26.500368646775481,26.856577341413555,26.309838084053965,26.492084503173828,70400
2022-03-09,26.997409999095581,27.312201180070357,26.955990855301611,27.212791442871094,91700
2022-03-10,27.080244914434299,27.287343767692654,27.005689200858185,27.096813201904297,78300
2022-03-11,27.37846605740755,27.37846605740755,26.980836663215246,27.013973236083984,52400
2022-03-14,27.171366148749811,27.361896695137354,27.022254736780884,27.080242156982422,70000
2022-03-15,27.146514892578125,27.179651463646515,26.947698626245145,27.146514892578125,122700
2022-03-16,27.544146437606194,27.834083557128906,27.303911018528751,27.834083557128906,289400
2022-03-17,27.726396343033034,28.090889198413553,27.709828055050579,28.008050918579102,41000
2022-03-18,27.974911189624635,28.380823139172954,27.883787196030433,28.355972290039062,83000
2022-03-21,28.287754303268308,28.296072834532318,28.029835400876191,28.129676818847656,55200
2022-03-22,28.337670783099746,28.495748243928695,28.337670783099746,28.45414924621582,70400
2022-03-23,28.013193032310838,28.013193032310838,27.763595853981489,27.805194854736328,52600
2022-03-24,27.871750159267879,27.988228607349409,27.821829464175934,27.913349151611328,48500
2022-03-25,28.021514195777939,28.221190665066477,28.021514195777939,28.204553604125977,73500
2022-03-28,28.096393665211206,28.237830899807228,27.996555430566936,28.204553604125977,148600
2022-03-29,28.637184047437259,28.828545140244589,28.578944818774133,28.811904907226562,111100
2022-03-30,28.645511885177815,28.70375112631266,28.537351934298552,28.587272644042969,58600
2022-03-31,28.587266800289136,28.637184326028898,28.321029417010536,28.379268646240234,122800
2022-04-01,28.57063463898335,28.737033843994141,28.504073687458693,28.737033843994141,173400
2022-04-04,28.645509194302953,28.678789664339625,28.537349253583919,28.662149429321289,644000
2022-04-05,28.62886663288117,28.720386331144908,28.370947771756097,28.504066467285156,260200
2022-04-06,28.262792838818488,28.271111369288736,28.104712195681454,28.204553604125977,198200
2022-04-07,28.096394188773875,28.237831426005513,27.996555952269169,28.18791389465332,580600
2022-04-08,27.929996505471436,28.071436924066152,27.913356269530855,28.029834747314453,58600
2022-04-11,27.946632632428518,28.029830626098377,27.888393402099609,27.888393402099609,64300
2022-04-12,27.91335536311497,27.91335536311497,27.672076710512155,27.697038650512695,1793700
2022-04-13,27.663755010630965,27.929992398934541,27.588875546808083,27.888393402099609,896900
2022-04-14,27.979915207411473,27.988233737885164,27.80519432946134,27.821834564208984,210800
2022-04-18,27.813517925157271,27.905037635592862,27.688717742963195,27.72199821472168,158800
2022-04-19,27.464079827721363,27.622160484600382,27.414162292960018,27.605520248413086,291200
2022-04-20,27.630476306722578,27.721996009879238,27.572237072677471,27.580558776855469,230300
2022-04-21,27.888394254935964,27.971592251150046,27.538955688476562,27.538955688476562,116700
2022-04-22,27.489042722445426,27.489042722445426,27.164566040039062,27.164566040039062,133300
2022-04-25,27.056401375298488,27.164561308528242,26.890002210437348,27.122959136962891,153200
2022-04-26,27.122958907177711,27.131280610940316,26.698644055486675,26.706962585449219,150100
2022-04-27,26.906644217112376,26.973201983162095,26.773525511212636,26.81512451171875,268400
2022-04-28,26.76520355553243,26.923284199291853,26.54056673324833,26.873363494873047,313800
2022-04-29,26.906641552178566,27.006479778264946,26.432406011018273,26.46568489074707,269200
2022-05-02,26.382489810185191,26.482329640197644,26.00809401816408,26.182811737060547,254100
2022-05-03,26.25768573678733,26.25768573678733,26.116246932791995,26.17448616027832,381800
2022-05-04,26.02473193889449,26.498967518735288,25.775133179520299,26.407447814941406,278000
2022-05-05,26.224409159251692,26.282648391847925,25.733533360369059,25.850011825561523,148400
2022-05-06,25.650336878220791,25.650336878220791,25.425698450843221,25.500577926635742,227100
2022-05-09,25.151135978092835,25.151135978092835,24.776740259325532,24.851619720458984,150300
2022-05-10,25.051301865053311,25.117861220659986,24.776744324813247,24.843303680419922,106000
2022-05-11,24.96810036919732,25.300897121844219,24.884900784310574,24.893220901489258,689300
2022-05-12,24.984739318402539,25.176097242969025,24.818340157188199,25.034658432006836,211400
2022-05-13,25.309216802892568,25.658653783875309,25.201058455233653,25.642013549804688,213400
2022-05-16,25.625372791816527,25.766811604724932,25.558813443794929,25.658653259277344,319400
2022-05-17,25.941534902433904,26.024734497070312,25.825056422083104,26.024734497070312,108500
2022-05-18,25.899930300768133,25.983129882520142,25.592093911255745,25.658653259277344,95700
2022-05-19,25.783453864298256,26.024732511646686,25.675295510352509,25.916572570800781,82500
2022-05-20,26.082971230038112,26.116250112553598,25.783453352898114,25.983131408691406,748900
2022-05-23,26.174490576133785,26.315929403991031,26.05801210151024,26.266010284423828,82300
2022-05-24,26.132889925843401,26.315927743977227,26.01641145856734,26.207769393920898,88000
2022-05-25,26.082969765816404,26.290967927287191,26.066329532042733,26.241048812866211,43500
2022-05-26,26.199453422829571,26.42409186261165,26.199453422829571,26.357532501220703,65800
2022-05-27,26.465687162900537,26.682005453859219,26.465687162900537,26.665365219116211,111000
2022-05-31,26.424088643403326,26.523926879876424,26.332568937552853,26.44904899597168,262500
2022-06-01,26.482331562815801,26.498971800176005,25.983135550312412,26.082975387573242,264800
2022-06-02,26.149534298511448,26.365852619757113,26.016415575729553,26.357532501220703,218500
2022-06-03,26.116248722468924,26.166169423935223,25.966489791870117,25.966489791870117,73500
2022-06-06,26.157853213728448,26.207772335750182,25.983133906301969,26.024734497070312,50800
2022-06-07,25.841692077539278,26.082970715340917,25.741853845062813,26.049690246582031,91200
2022-06-08,25.791773608539728,25.874973195624719,25.642014669166766,25.666975021362305,377000
2022-06-09,25.55881514250251,25.592095612175235,25.226018380275942,25.242658615112305,179300
2022-06-10,24.934822323585585,24.934822323585585,24.710185485531849,24.776744842529297,481200
2022-06-13,24.327467372721181,24.327467372721181,23.911471005362269,23.953071594238281,144000
2022-06-14,23.753390384617386,23.753390384617386,23.42891374715196,23.620271682739258,201600
2022-06-15,23.653555263685103,24.011312417139131,23.520436544292952,23.903152465820312,150000
2022-06-16,23.603631375460608,23.653550488429754,23.387313103394316,23.562030792236328,151500
2022-06-17,23.628594555664282,23.761713273067439,23.503795956461357,23.603635787963867,646300
2022-06-21,23.848252287721539,23.9323125192577,23.81462691243016,23.856657028198242,118000
2022-06-22,23.688533280788715,23.965936193872889,23.579252422192692,23.764188766479492,222100
2022-06-23,23.755781332425268,23.823030471801758,23.604470367991674,23.823030471801758,83200
2022-06-24,24.058407995223902,24.260155453050874,23.940720775648465,24.226530075073242,428700
2022-06-27,24.234939511365504,24.310595018120733,24.134064967909708,24.142471313476562,142900
2022-06-28,24.487124654219578,24.537562730070274,24.167691523897933,24.176097869873047,763600
2022-06-29,24.19290935284516,24.19290935284516,23.722163621842281,23.915506362915039,156100
2022-06-30,23.486789109769326,23.738973028139121,23.377508236021832,23.722160339355469,314700
2022-07-01,23.461570659120806,23.738973617553711,23.352291386006268,23.738973617553711,178800
2022-07-05,23.15054357400426,23.276635534404715,23.016043665784675,23.259822845458984,263800
2022-07-06,23.377509340692409,23.49519656439287,23.31866653051534,23.411134719848633,190100
2022-07-07,23.638097325877947,23.747376583444538,23.528816464965292,23.688533782958984,267400
2022-07-08,23.638097982689803,23.730564556016652,23.537223462378748,23.68012809753418,104500
2022-07-11,23.478383945838601,23.478383945838601,23.34388563549949,23.385915756225586,105200
2022-07-12,23.343878774659192,23.562438865561329,23.32706608997152,23.469970703125,608200
2022-07-13,23.318659747627684,23.537219838529822,23.184161476818041,23.469970703125,197700
2022-07-14,22.931983718442893,23.083293110833733,22.772266378126343,23.024450302124023,84800
2022-07-15,23.251413433399843,23.377505377164837,23.12532148963485,23.343881607055664,108900
2022-07-18,23.52041222803642,23.671723216176929,23.436350389808783,23.478382110595703,73600
2022-07-19,23.797817513356737,23.949128516385016,23.688538235250959,23.932315826416016,152000
2022-07-20,23.873469564451771,23.89868859576038,23.722158583292384,23.789407730102539,235200
2022-07-21,23.713752472099909,23.965937977620957,23.638098584124361,23.949125289916992,213900
2022-07-22,24.32740468131254,24.5291521397669,24.243342839453323,24.318998336791992,404900
2022-07-25,24.411468058807042,24.503934647657267,24.361029988510872,24.461904525756836,52600
2022-07-26,24.36102778739923,24.36102778739923,24.167686678772149,24.209716796875,129200
2022-07-27,24.243344435471702,24.503934719379142,24.159282588078419,24.436685562133789,105900
2022-07-28,24.638428196535713,24.85698831550916,24.50392990845145,24.840175628662109,285200
2022-07-29,24.991488539632265,25.218455019611856,24.991488539632265,25.210048675537109,401300
2022-08-01,25.159610900646562,25.327732963323903,25.058736380363271,25.226860046386719,323100
2022-08-02,25.067142533250163,25.067142533250163,24.781333265192835,24.789739608764648,139700
2022-08-03,24.899020777277375,24.957863579655783,24.739303454145901,24.924238204956055,131900
2022-08-04,24.966271253933748,25.075550520839784,24.924239533318964,25.025114059448242,54500
2022-08-05,24.688863386554345,24.747706180331424,24.545958771661777,24.714080810546875,122300
2022-08-08,24.865397158477542,25.008301804350534,24.789741663406765,24.856990814208984,416400
2022-08-09,24.789743728339037,24.80655641827661,24.638432725593606,24.67205810546875,98900
2022-08-10,25.310922266992435,25.512669707302329,25.260484204405362,25.453826904296875,200900
2022-08-11,25.512671611844311,25.57151441924243,25.294111467689699,25.336141586303711,32800
2022-08-12,25.378174559699453,25.512672869912105,25.327736490859962,25.462236404418945,38000
2022-08-15,25.378173308263971,25.445422460054143,25.336141586303711,25.336141586303711,71900
2022-08-16,25.142798213374995,25.285702848491095,25.092361754906403,25.226860046386719,126000
2022-08-17,24.915833995190976,24.991489491398742,24.756118261726805,24.83177375793457,247800
2022-08-18,24.856988753993072,24.890614128280333,24.722490463536225,24.789739608764648,77100
2022-08-19,24.613208951062738,24.613208951062738,24.30218068075693,24.403055191040039,233300
2022-08-22,24.192904367727454,24.192904367727454,23.856657028198242,23.856657028198242,145900
2022-08-23,23.848254782984206,24.016376866993422,23.781005628711256,23.873472213745117,102800
2022-08-24,23.713751363759265,23.856655995871559,23.638097479319647,23.755783081054688,101000
2022-08-25,23.831440417580428,24.058406898544575,23.814627729358005,24.033187866210938,78000
2022-08-26,24.100438123292495,24.100438123292495,23.570851246718465,23.604475021362305,100800
2022-08-29,23.537223377514806,23.680128012154992,23.461567888390821,23.58765983581543,66100
2022-08-30,23.856657977600769,23.856657977600769,23.453163078123552,23.478382110595703,89800
2022-08-31,23.461568750415736,23.545630586236111,23.285040338204499,23.369100570678711,73400
2022-09-01,23.083292233241863,23.142136643060681,22.822701974571999,22.990825653076172,165300
2022-09-02,23.217794730517983,23.310261321008358,22.88995368116322,22.982421875,736500
2022-09-06,23.083292224108323,23.142136633903856,22.856327342567589,22.873138427734375,212400
2022-09-07,22.847920064663047,23.116916656494141,22.688202737008528,23.116916656494141,172100
2022-09-08,22.931982177245938,22.974012293972059,22.7638585036491,22.88154411315918,217300
2022-09-09,23.293444422650975,23.385912599783381,23.12532235909201,23.377506256103516,102300
2022-09-12,23.621284114829869,23.747376056407074,23.495192173252665,23.646501541137695,83300
2022-09-13,23.116912918920953,23.209381083667328,22.797479918604424,22.814291000366211,184500
2022-09-14,22.847919903990977,22.881543676060332,22.713421609021253,22.797483444213867,98800
2022-09-15,22.662987062903198,22.755455256299566,22.520084005249025,22.54530143737793,73900
2022-09-16,22.620949931665525,22.822697342920055,22.46123262983431,22.814291000366211,89300
2022-09-19,22.567992854350592,22.857763290405273,22.567992854350592,22.857763290405273,117700
2022-09-20,22.644690301203809,22.644690301203809,22.09924099228374,22.158899307250977,154700
2022-09-21,22.227082097827736,22.397535832125588,21.945834574133379,21.971403121948242,308100
2022-09-22,22.014017374914275,22.039585924624856,21.724246980463985,21.80095100402832,131700
2022-09-23,21.281067429044601,21.281067429044601,20.957207277437412,21.085046768188477,141800
2022-09-26,20.786754880601844,20.88902745514196,20.47141755810739,20.573688507080078,138700
2022-09-27,20.36914554482177,20.36914554482177,19.908923010628776,19.977104187011719,160900
2022-09-28,20.002669760250257,20.496983662009139,19.798126244925964,20.428802490234375,166900
2022-09-29,20.173122129449784,20.207211900233268,19.943010080784056,20.156076431274414,81400
2022-09-30,20.44584792951224,20.744141161820501,20.411758156842136,20.548120498657227,675500
2022-10-03,20.786753533983426,20.991297044245385,20.5907328731783,20.914594650268555,446900
2022-10-04,21.229928726686655,21.366291046142578,21.127657799878246,21.366291046142578,242100
2022-10-05,20.931642549724035,20.95721110276822,20.624828041031925,20.837894439697266,141000
2022-10-06,20.880505711976134,20.914597113819113,20.573689597659371,20.582212448120117,222400
2022-10-07,20.514031836512757,20.573690165817972,20.266875668595798,20.309488296508789,84300
2022-10-10,20.318008967588064,20.420279913835142,20.130511149090164,20.198692321777344,74700
2022-10-11,20.070850643025324,20.309485553584583,19.925965451894228,20.011192321777344,1282700
2022-10-12,19.908924102783203,19.968582432195053,19.798128669103289,19.908924102783203,149900
2022-10-13,19.576532242425692,20.104937413623368,19.516873934909349,20.096414566040039,174400
2022-10-14,20.181648555212654,20.181648555212654,19.721424376318371,19.738470077514648,138500
2022-10-17,20.232781552885719,20.420279366356702,20.215735853779083,20.318008422851562,91400
2022-10-18,20.462891680985003,20.496981450410463,20.173121325816272,20.241302490234375,123800
2022-10-19,19.951533163087415,19.951533163087415,19.738466810106502,19.789602279663086,73700
2022-10-20,19.943013328113402,20.207215190582719,19.823696672591939,19.951536178588867,192700
2022-10-21,19.653243447240584,20.10494478128583,19.593585117861835,20.062332153320312,107400
2022-10-24,19.866309849226482,19.94301388006102,19.764038891825471,19.908924102783203,239700
2022-10-25,20.156078878960024,20.599257331934194,20.045285078500207,20.590734481811523,224800
2022-10-26,20.795276108972324,21.042433863256303,20.752663487817919,20.897548675537109,265400
2022-10-27,21.170275283996222,21.298114784691617,20.948686057526068,21.050958633422852,136200
2022-10-28,20.999821260112736,21.187320709228516,20.9572086356232,21.187320709228516,84800
2022-10-31,20.889028818866887,20.957209997822314,20.803801938780722,20.846414566040039,394500
2022-11-01,21.460045130600712,21.460045130600712,21.153229036416619,21.246978759765625,171200
2022-11-02,21.23845755989306,21.434478246154132,20.889028814621575,20.923118591308594,72900
2022-11-03,20.505507333325834,20.693006782394999,20.454371858837618,20.650392532348633,134900
2022-11-04,21.102094909818689,21.306638443811174,20.974255404269321,21.289592742919922,62900
2022-11-07,21.357767083722091,21.357767083722091,21.221404771380342,21.281063079833984,76600
2022-11-08,21.32368332627512,21.596408027797615,21.238456450657477,21.528226852416992,228200
2022-11-09,21.374817159008948,21.442998329150633,21.229931969261958,21.238454818725586,284500
2022-11-10,22.107769507875318,22.567992073854921,22.065155253713034,22.559469223022461,205800
2022-11-11,22.891851428443463,23.096394949607053,22.738443381178921,23.045259475708008,55400
2022-11-14,22.746962658730435,22.832189518889095,22.593554635558277,22.602077484130859,146600
2022-11-15,22.908899876577525,22.985603914854504,22.585039645960713,22.789583206176758,231000
2022-11-16,22.610606601496073,22.653219230606183,22.525379717708255,22.576515197753906,153300
2022-11-17,22.363444214572258,22.653214584681578,22.227081878705199,22.585033416748047,204300
2022-11-18,22.627652304091551,22.695833490908598,22.516858485101746,22.636175155639648,267500
2022-11-21,22.39753939913534,22.508333206176758,22.303789667784304,22.508333206176758,117400
2022-11-22,22.44867622677091,22.585038593896194,22.431630524488341,22.550947189331055,148700
2022-11-23,22.320829983504289,22.636167252854033,22.278215740641386,22.602077484130859,90600
2022-11-25,22.789582649474589,22.934467870951007,22.610607648245427,22.891855239868164,31300
2022-11-28,22.806624267162409,22.8918511396305,22.363445830782251,22.567989349365234,256800
2022-11-29,22.644694463274874,22.85776084192905,22.61912753819955,22.806625366210938,71000
2022-11-30,22.738443371109906,22.960032591997518,22.550943924284088,22.908895492553711,143700
2022-12-01,23.002642232112393,23.130481713004034,22.874802751220756,23.036733627319336,162000
2022-12-02,22.84923366759007,23.130481169165932,22.772529655745092,23.079345703125,137200
2022-12-05,23.113441193112777,23.139008117879992,22.832193641701302,22.942987442016602,107200
2022-12-06,22.977074750589779,23.062301616989814,22.738441475350406,22.815145492553711,162800
2022-12-07,22.815150660336847,22.942990176109763,22.772536404700784,22.857763290405273,200300
2022-12-08,22.925938218463973,23.087869094562553,22.832190132779274,23.036733627319336,150600
2022-12-09,23.002642493063462,23.17309621989747,22.985596795266616,22.994119644165039,123600
2022-12-12,23.00264822559895,23.147533441844825,22.772536124696508,22.917421340942383,114000
2022-12-13,23.548095161503952,23.752640312974016,23.266847610191913,23.420255661010742,117600
2022-12-14,23.53957258228499,23.752638946034406,23.4032086139634,23.607753753662109,146500
2022-12-15,23.32650647013724,23.437300265232331,22.98559898400724,23.164575576782227,194200
2022-12-16,22.9174167091494,22.977075028681288,22.755487449153502,22.832191467285156,981000
2022-12-19,22.826162936055066,22.929486781687103,22.662564931117608,22.722837448120117,365600
2022-12-20,22.490359523178466,22.671177086638657,22.300929722635754,22.343982696533203,418500
2022-12-21,22.602295341813942,22.843387083355751,22.45591850628912,22.808944702148438,163600
2022-12-22,22.731449692961775,22.74867088258528,22.550632128824102,22.688398361206055,249300
2022-12-23,22.671178720360704,22.826166152954102,22.58507440866402,22.826166152954102,135400
2022-12-27,22.722840650457453,22.89504927385082,22.455918762270571,22.826166152954102,107100
2022-12-28,22.90365724984731,22.97254036286613,22.602293014526367,22.602293014526367,128500
2022-12-29,22.886436340073171,23.153358200987828,22.851995604295304,23.118917465209961,209900
2022-12-30,22.955318675129963,23.161968009695151,22.955318675129963,23.050033569335938,517500
2023-01-03,23.308346360356232,23.523606303310839,23.179190723044076,23.265295028686523,114300
2023-01-04,23.420287451273872,23.583883860393634,23.385845064741257,23.54083251953125,144100
2023-01-05,23.325569042257584,23.325569042257584,23.050036560416284,23.058647155761719,157600
2023-01-06,23.07586407383226,23.446111419967298,22.877825330370293,23.411670684814453,56700
2023-01-09,23.575268570572963,23.738866589428241,23.566659617956997,23.64415168762207,116200
2023-01-10,23.480559985402561,23.626936843559399,23.411676854640717,23.54083251953125,51900
2023-01-11,23.747476710610929,24.048840957552539,23.730255521116433,23.99717903137207,555700
2023-01-12,24.134947546647641,24.341596913228074,23.962738920012363,24.28132438659668,244600
2023-01-13,24.177996462337301,24.281321956437932,24.109113347037887,24.246879577636719,59100
2023-01-17,24.298539257944949,24.444916069716424,24.264098524629645,24.3846435546875,144400
2023-01-18,24.599910455697522,24.754897905351736,24.195222281169666,24.238273620605469,73600
2023-01-19,24.15216476324289,24.20382833162655,23.997178985000971,24.091892242431641,44100
2023-01-20,24.091891340216257,24.298540679103038,24.023008227253996,24.255489349365234,232200
2023-01-23,24.221048011459093,24.453529143549947,24.186607274651021,24.341594696044922,80500
2023-01-24,24.307154936008889,24.548246688854949,24.255493004078737,24.505193710327148,69300
2023-01-25,24.462144477555182,24.660183268902415,24.358820604810255,24.599910736083984,245200
2023-01-26,24.599908523717279,24.651570455443579,24.462142277578337,24.642961502075195,73800
2023-01-27,24.634349210096683,24.797945589682026,24.565466091770464,24.754894256591797,206300
2023-01-30,24.711844625144668,24.815168488597273,24.58268733237411,24.642961502075195,80500
2023-01-31,24.419089656139381,24.539634704589844,24.246881036378909,24.539634704589844,66100
2023-02-01,24.444923671421794,24.892664839876069,24.332989200459913,24.806560516357422,215900
2023-02-02,25.168191648239656,25.392062181649305,25.02181482417577,25.150970458984375,548300
2023-02-03,24.892658615459755,24.935709945302396,24.58268378522326,24.677398681640625,353800
2023-02-06,24.255491466110662,24.48797260851023,24.152165966498711,24.367425918579102,120200
2023-02-07,24.16077983891854,24.376039820197615,24.040234774939321,24.315767288208008,159800
2023-02-08,24.350208329290759,24.350208329290759,24.177999696852762,24.289934158325195,564400
2023-02-09,24.410478776545265,24.444919514714268,24.083282731272742,24.100503921508789,129200
2023-02-10,24.031625240557268,24.040235837265328,23.919690767959281,23.979963302612305,96900
2023-02-13,23.928302125348157,24.083287944110044,23.885249140439203,24.048847198486328,48000
2023-02-14,23.936907592628373,24.169388750355907,23.876635064840467,23.988571166992188,129000
2023-02-15,23.558049801389089,23.73025677855,23.506386230168015,23.695816040039062,95800
2023-02-16,23.558054097690576,23.799144238144279,23.506390517047574,23.747482299804688,108300
2023-02-17,23.713036923678427,23.773309447020178,23.592490234691841,23.756088256835938,32400
2023-02-21,23.514999507791362,23.55805248872009,23.342792510986328,23.342792510986328,33700
2023-02-22,23.385840071204132,23.48055497164113,23.24807383909743,23.265295028686523,36700
2023-02-23,23.351398424632912,23.497775245831789,23.299734857878271,23.446111679077148,40000
2023-02-24,23.23946385142219,23.23946385142219,23.110308210735905,23.161970138549805,36900
2023-02-27,23.308347654478414,23.454724489506777,23.239464534600543,23.385841369628906,34900
2023-02-28,23.377229171273328,23.471944070474038,23.265294725011316,23.325567245483398,344900
2023-03-01,23.187800579068675,23.334177401306324,23.015591973270396,23.118917465209961,142700
2023-03-02,23.03281480298752,23.1791916356519,22.981152874489236,23.10169792175293,137500
2023-03-03,23.24807267650533,23.4288902312394,23.144747186440899,23.411670684814453,333600
2023-03-06,23.454724232901043,23.506386161668459,23.334179185009372,23.351400375366211,42000
2023-03-07,23.308347107328562,23.308347107328562,22.903658992833787,22.929489135742188,47600
2023-03-08,22.89504978921007,22.998373651729356,22.800334879981406,22.877828598022461,147800
2023-03-09,22.808943491826255,22.808943491826255,22.533411026000977,22.533411026000977,92600
2023-03-10,22.653959502605396,22.67979129105516,22.292322675825115,22.326765060424805,110400
2023-03-13,22.412863267957476,22.653953325200366,22.326758972240938,22.542018890380859,41600
2023-03-14,22.963933685664539,22.99837442689741,22.800335648474494,22.946712493896484,35400
2023-03-15,22.455919423295221,22.628128051757812,22.180386931597628,22.628128051757812,64400
2023-03-16,22.421476275131841,22.593683242797852,22.275099449349071,22.593683242797852,78700
2023-03-17,22.498968475654927,22.507579070434417,22.309540317415244,22.343982696533203,125500
2023-03-20,22.45085119108321,22.572488398717855,22.329213983448568,22.529047012329102,93100
2023-03-21,22.581173577487309,22.659369386855726,22.381340578960213,22.572484970092773,104300
2023-03-22,22.450849381805266,22.598552403679612,22.233639153000791,22.277080535888672,49600
2023-03-23,22.259705611786949,22.468227238523415,22.112002585700797,22.268392562866211,248700
2023-03-24,22.094627511635974,22.216264724731445,21.972990298540502,22.216264724731445,61800
2023-03-27,22.277081171128053,22.416095588952366,22.181509794612953,22.268392562866211,418100
2023-03-28,22.207573328958542,22.285769143902755,22.146754730042495,22.277080535888672,130500
2023-03-29,22.303146753026436,22.442161169336845,22.259705369372895,22.372653961181641,96700
2023-03-30,22.737569557260091,22.80707677256536,22.563800690405547,22.789699554443359,52200
2023-03-31,22.754945506897091,22.859205495451608,22.72887968116714,22.833141326904297,401500
2023-04-03,23.032971222252762,23.224115613413076,22.876579603493227,23.171985626220703,127700
2023-04-04,23.241493859856668,23.328378280488888,23.145920831442972,23.232805252075195,27100
2023-04-05,23.024284362792969,23.14592156120365,22.911335772437699,23.024284362792969,264400
2023-04-06,23.111168542656248,23.215428523857586,23.015595512236256,23.102479934692383,34400
2023-04-10,22.954779691195569,23.015598297119141,22.86789525822644,23.015598297119141,41400
2023-04-11,23.076414353942898,23.102480178109133,22.954777155532216,23.024284362792969,32900
2023-04-12,23.258871563676909,23.258871563676909,23.085102718764656,23.102479934692383,21300
2023-04-13,23.250181594537953,23.406573214366574,23.250181594537953,23.31968879699707,78100
2023-04-14,23.423954522081686,23.467397570021816,23.215432863517549,23.293628692626953,35500
2023-04-17,23.319689192236844,23.415262218681384,23.284934761827028,23.389196395874023,81100
2023-04-18,23.397883724724917,23.397883724724917,23.267557932175635,23.354440689086914,172900
2023-04-19,23.128543613477405,23.258869406482987,23.006904770447473,23.180673599243164,147600
2023-04-20,23.189367679122114,23.31100489367622,23.154613242287937,23.206743240356445,156300
2023-04-21,23.241492110792834,23.380506510469715,23.171984910954393,23.354440689086914,55300
2023-04-24,23.319687917758873,23.406572331852516,23.276246539303234,23.354440689086914,61400
2023-04-25,23.311003616762957,23.311003616762957,23.180677800139204,23.250185012817383,115700
2023-04-26,23.458705759801894,23.458705759801894,23.293625514518084,23.311002731323242,34200
2023-04-27,23.415265918869835,23.589033126831055,23.380511482967961,23.589033126831055,33100
2023-04-28,23.606404548905026,23.823614748413839,23.510831530822809,23.788860321044922,213100
2023-05-01,23.797550685893395,23.971319521210265,23.675913495481044,23.693290710449219,335300
2023-05-02,23.311001461509587,23.354442843973512,23.206739823540648,23.328378677368164,96900
2023-05-03,23.33706640744175,23.510833587943473,23.328377799839298,23.389196395874023,46600
2023-05-04,23.241493775714012,23.571652584302182,23.241493775714012,23.484769821166992,109300
2023-05-05,23.562963171876188,23.823614748413839,23.467390153793971,23.788860321044922,64600
2023-05-08,23.840997310151206,23.840997310151206,23.64985123110856,23.745424270629883,37600
2023-05-09,23.354443868496197,23.389198301737974,23.284936659195239,23.363132476806641,191300
2023-05-10,23.432638415603137,23.432638415603137,23.267559838202942,23.406574249267578,64200
2023-05-11,23.302317302214981,23.302317302214981,23.145925643996168,23.293628692626953,101500
2023-05-12,23.224113535331842,23.224113535331842,22.893954769746021,23.050346374511719,110000
2023-05-15,23.267561347697622,23.41526437618392,23.137233878834781,23.337068557739258,27800
2023-05-16,23.189364354611733,23.19805296257465,22.989529685829744,23.076414108276367,69300
2023-05-17,22.946091082180384,23.032975515149509,22.833142479348425,23.015598297119141,57200
2023-05-18,22.711502323667034,22.711502323667034,22.48560347361801,22.659372329711914,44000
2023-05-19,22.711499537456941,22.772318132473892,22.65068094243999,22.746253967285156,344100
2023-05-22,22.676745495301912,22.815759892467497,22.676745495301912,22.737564086914062,48800
2023-05-23,22.72018941070645,22.807073832935085,22.589863605954751,22.702812194824219,43400
2023-05-24,22.511668624296419,22.511668624296419,22.285769781019749,22.294458389282227,41700
2023-05-25,22.251017357593621,22.251017357593621,21.999052685538569,22.042495727539062,50000
2023-05-26,22.155446118183711,22.216264724731445,22.077250293427266,22.216264724731445,74800
2023-05-30,22.181510924990803,22.216263702626605,22.085937886422688,22.155445098876953,29900
2023-05-31,22.016427122846739,22.146752918029865,21.868724113057223,22.103311538696289,218400
2023-06-01,22.085938519914894,22.224952948810792,21.972989917880497,22.172822952270508,392200
2023-06-02,22.598553727233835,22.711502323667034,22.277081840614901,22.659372329711914,83500
2023-06-05,22.563796362698238,22.641992172066651,22.485600553329821,22.572484970092773,114000
2023-06-06,22.572486781280642,22.798385620117188,22.407408199085992,22.798385620117188,63100
2023-06-07,22.737571341001516,22.772324122789108,22.59855689948542,22.641998291015625,34500
2023-06-08,22.589866637278501,22.633308025630939,22.511670812497918,22.615932464599609,61100
2023-06-09,22.728880564480722,22.798387778612543,22.685439177091848,22.720191955566406,31100
2023-06-12,22.728879150450108,22.728879150450108,22.520357521027389,22.589864730834961,1831400
2023-06-13,22.56380106313101,22.581178281540062,22.424786630224126,22.537736892700195,390900
2023-06-14,22.546419533095293,22.676745322295954,22.424780693616668,22.56379508972168,41000
2023-06-15,22.624620571874342,22.789699169698228,22.476917534696383,22.720191955566406,44800
2023-06-16,22.81576410906467,22.885271320493139,22.789698283335504,22.807075500488281,180700
2023-06-20,22.520593152889361,22.520593152889361,22.423332214355469,22.423332214355469,59500
2023-06-21,22.326074776646767,22.476389010919018,22.29070592788646,22.40565299987793,95600
2023-06-22,22.166912718954897,22.166912718954897,21.990073579356189,22.043125152587891,225100
2023-06-23,21.760181032782651,21.883968598311913,21.547973054812875,21.601024627685547,151300
2023-06-26,21.636390571422425,21.795546967623586,21.601023420310497,21.777862548828125,169400
2023-06-27,21.919336318969727,21.954703470253097,21.786704863839809,21.919336318969727,60300
2023-06-28,21.963546235735148,22.016597807242793,21.910494664227503,21.94586181640625,55000
2023-06-29,21.742496172103731,21.804389953613281,21.592181979946663,21.804389953613281,83000
2023-06-30,22.025442774988736,22.034284985760429,21.866286354056783,21.901655197143555,98300
2023-07-03,22.043122877142672,22.264173043682042,21.901650905475787,22.175752639770508,89200
2023-07-05,22.308385037155112,22.361438297655308,22.096177054591728,22.273017883300781,140500
2023-07-06,22.016595073198665,22.016595073198665,21.804387127041242,21.910491943359375,152400
2023-07-07,21.85744186032148,22.131545306176662,21.751338715101934,22.034282684326172,67900
2023-07-10,22.007756251338098,22.113861083984375,21.875126475389575,22.113861083984375,48900
2023-07-11,22.317227929445458,22.494068763560293,22.308385719091795,22.449857711791992,163200
2023-07-12,22.794696424382451,22.936168412457135,22.794696424382451,22.927326202392578,98100
2023-07-13,23.121847356553236,23.254477120751798,23.059953579025834,23.201425552368164,33800
2023-07-14,23.166060688888354,23.227954472525006,23.068798065185547,23.068798065185547,53800
2023-07-17,23.068797289558116,23.068797289558116,22.971534669125507,23.042270660400391,58000
2023-07-18,23.051114224788869,23.086483065744396,22.998062649834733,23.0157470703125,28200
2023-07-19,23.334057370926995,23.431319993592577,23.272163587950388,23.351741790771484,44000
2023-07-20,23.387113125423198,23.413638071540539,23.219114491936487,23.29869270324707,55700
2023-07-21,23.236795166593001,23.263320108433035,23.148374758675203,23.22795295715332,102800
2023-07-24,23.307536565317903,23.316378776809866,23.219116136877698,23.289852142333984,68300
2023-07-25,23.166062725305242,23.272165881872489,23.12185167133617,23.219114303588867,57200
2023-07-26,23.201428847915153,23.475530624389648,23.183744427115716,23.475530624389648,64700
2023-07-27,23.661214585692065,23.661214585692065,23.3163767991512,23.360586166381836,126700
2023-07-28,23.387110371631696,23.387110371631696,23.254478910744989,23.342899322509766,138900
2023-07-31,23.192585188965261,23.325214963718931,23.192585188965261,23.272163391113281,23400
2023-08-01,22.998060600716833,22.998060600716833,22.803537052230872,22.86543083190918,61200
2023-08-02,22.617854873924472,22.66206423635666,22.485225100148842,22.538276672363281,24900
2023-08-03,22.600171489492734,22.644382540428946,22.387963504436364,22.573646545410156,54000
2023-08-04,22.626698120054463,22.750485689717557,22.54711991484843,22.573646545410156,21500
2023-08-07,22.723960618340836,22.785854402825667,22.61785578316745,22.715118408203125,25600
2023-08-08,22.494070789354211,22.617858372495274,22.41449257548372,22.600173950195312,128000
2023-08-09,22.635542794795235,22.670909952915824,22.529437947474801,22.600173950195312,44100
2023-08-10,22.79469922253622,22.856593014106753,22.600173950195312,22.600173950195312,32400
2023-08-11,22.414492167987362,22.529437537888732,22.273020165118304,22.43217658996582,43700
2023-08-14,22.193439225283445,22.219964168512107,22.105018812736681,22.184597015380859,63600
2023-08-15,21.998916954047182,22.025443587340629,21.866287160538597,21.937023162841797,86900
2023-08-16,21.910492553462554,22.016595686256313,21.839756569440418,21.866281509399414,42400
2023-08-17,21.945861154427018,21.945861154427018,21.715968769523005,21.777862548828125,46500
2023-08-18,21.592184770025927,21.707130138185271,21.592184770025927,21.689447402954102,31900
2023-08-21,21.556816170841671,21.556816170841671,21.353450378305265,21.486080169677734,46500
2023-08-22,21.715969203130896,21.715969203130896,21.556812803751818,21.574497222900391,150600
2023-08-23,21.963548402553382,22.025442189831619,21.795549775313006,21.954706192016602,105000
2023-08-24,21.945862715788852,22.034283129577929,21.769023574689818,21.830917358398438,85700
2023-08-25,21.910497150217228,21.998915883935709,21.804392308684111,21.892812728881836,49100
2023-08-28,21.919337329258482,22.043124894174316,21.875126280017767,22.034282684326172,35500
2023-08-29,22.025442370719862,22.334912996131859,21.901654795146754,22.326070785522461,76900
2023-08-30,22.396801825041081,22.485222225078662,22.255329859572495,22.352592468261719,23000
2023-08-31,22.370279312133789,22.414490363520745,22.29070110611643,22.370279312133789,29000
2023-09-01,22.476382291362686,22.476382291362686,22.193438331787483,22.299541473388672,49400
2023-09-05,22.290699083056989,22.290699083056989,22.087333324571556,22.140386581420898,61400
2023-09-06,22.175754607833806,22.175754607833806,22.043124833435286,22.105018615722656,75900
2023-09-07,22.087335586547852,22.113862217689128,22.016599589983631,22.087335586547852,25000
2023-09-08,22.043123504210392,22.113859492056083,21.99007193494587,22.051965713500977,20000
2023-09-11,22.158072616286322,22.184599248664469,22.051969459732266,22.122705459594727,24200
2023-09-12,22.007754667048058,22.078490654893749,21.945860888492952,22.051965713500977,40000
2023-09-13,21.919339360884926,21.972390938411863,21.857443886211048,21.892812728881836,47700
2023-09-14,22.14922924286277,22.290701235161709,22.060810512535316,22.22880744934082,102900
2023-09-15,22.149227200564667,22.184596038617759,22.016597430823605,22.0784912109375,80400
2023-09-18,21.863078974191495,21.925648500516481,21.827326663993922,21.889894485473633,86700
2023-09-19,21.880958557128906,21.952464890785713,21.827329233097668,21.880958557128906,30600
2023-09-20,22.023969779744558,22.238488766643261,21.925649642944336,21.925649642944336,50800
2023-09-21,21.800511394405131,21.889894728157934,21.621746431744814,21.639621734619141,70000
2023-09-22,21.746882076091566,21.746882076091566,21.621746431744814,21.639621734619141,45100
2023-09-25,21.469794165315811,21.55023899104788,21.43404015172591,21.53236198425293,54900
2023-09-26,21.371474207967307,21.380412712149063,21.058633380987185,21.237400054931641,98500
2023-09-27,21.237401730525125,21.237401730525125,20.960314898410374,21.067573547363281,62200
2023-09-28,21.040756225585938,21.121199346450926,20.978186701820629,21.040756225585938,40100
2023-09-29,21.299966539570704,21.496608504664358,21.21952171184029,21.255275726318359,62700
2023-10-02,21.139077042099629,21.139077042099629,20.853051743518339,20.906681060791016,183300
2023-10-03,20.74578868486622,20.772604192410334,20.575962251621924,20.647468566894531,198100
2023-10-04,20.629594705654569,20.683224024070455,20.477643549438476,20.656410217285156,207900
2023-10-05,20.826237466518627,20.978188628499467,20.736855834049607,20.915620803833008,576200
2023-10-06,20.853049448322835,21.112260912160249,20.73685232288042,21.085445404052734,32700
2023-10-09,20.942432770502805,21.148013218125193,20.933494267800302,21.085445404052734,37800
2023-10-10,21.264214676382299,21.469795149411656,21.156954335541389,21.37147331237793,65200
2023-10-11,21.451920324408491,21.532365162012656,21.335723172783275,21.416166305541992,32500
2023-10-12,21.416168298421436,21.425106803969832,21.076513611810437,21.219526290893555,111500
2023-10-13,21.094388895253218,21.094388895253218,20.888808399014213,20.996067047119141,38100
2023-10-16,20.978187735440947,21.094386580456568,20.897742905767142,21.049694061279297,81400
2023-10-17,21.013942790967093,21.201646266267048,20.745792777165967,21.112264633178711,30300
2023-10-18,20.888807456112129,20.89774425567958,20.62959594267576,20.665349960327148,69500
2023-10-19,20.647471185932805,20.656409689581317,20.397198198310164,20.441890716552734,55200
2023-10-20,20.406139473938762,20.477645807995078,20.334633139882445,20.379323959350586,59700
2023-10-23,20.236306566069274,20.459764020923732,20.173738751485239,20.34356689453125,33400
2023-10-24,20.415074146750985,20.575963794388969,20.352506329301804,20.504457473754883,84600
2023-10-25,20.388260881166111,20.388260881166111,20.191618903990882,20.227371215820312,71500
2023-10-26,20.191615391429231,20.272060210107838,20.129047577978103,20.200553894042969,66700
2023-10-27,20.289942290582992,20.388262434237447,20.209497451782227,20.209497451782227,52700
2023-10-30,20.432953574883875,20.468705887015787,20.236309891199582,20.298877716064453,81500
2023-10-31,20.31675231656218,20.513395976939787,20.31675231656218,20.504457473754883,53400
2023-11-01,20.459770580023928,20.701105117797852,20.415079756663854,20.701105117797852,70200
2023-11-02,21.299969153916777,21.425104810258617,21.156956488141692,21.416166305541992,125200
2023-11-03,21.755821739229379,22.050785562939332,21.711130922394233,21.970340728759766,90400
2023-11-06,21.737945892604884,21.737945892604884,21.550242406048728,21.585994720458984,529600
2023-11-07,21.451918714588913,21.469795722680615,21.353596874929877,21.389350891113281,78800
2023-11-08,21.32678366222234,21.3982899917374,21.264215837002336,21.28209114074707,99000
2023-11-09,21.4876719013516,21.532362715010471,21.156954083802066,21.201644897460938,92500
2023-11-10,21.246338828412227,21.35359747026213,21.085449160791999,21.28209114074707,128300
2023-11-13,21.112263444298815,21.299966909028761,21.085447932975136,21.273151397705078,161700
2023-11-14,21.827327353004943,22.238488309904952,21.809450344919206,22.175920486450195,168200
2023-11-15,22.309995211039865,22.336810723857955,22.175921056640156,22.193798065185547,46200
2023-11-16,22.158047897313033,22.23849103386155,22.015033519954862,22.06866455078125,50600
2023-11-17,22.193798902312828,22.30999605254998,22.175921893093133,22.256366729736328,65000
2023-11-20,22.238487497648425,22.479821983455206,22.238487497648425,22.408315658569336,58200
2023-11-21,22.381503989589337,22.408317798453833,22.238489621315164,22.283182144165039,206900
2023-11-22,22.345746815389855,22.497697961928314,22.202734172158976,22.274240493774414,24800
2023-11-24,22.292117951152889,22.426192093787272,22.256363937199602,22.390438079833984,22600
2023-11-27,22.390438079833984,22.479821409871981,22.327870260260955,22.390438079833984,51500
2023-11-28,22.363625317525479,22.470883954698742,22.274241983317559,22.453008651733398,87100
2023-11-29,22.52451715921001,22.667529825852672,22.444072321117829,22.497701644897461,102900
2023-11-30,22.542391893128361,22.542391893128361,22.390440725562286,22.479824066162109,32500
2023-12-01,22.399375484271221,22.837351904637835,22.345746170817897,22.774784088134766,103700
2023-12-04,22.694339084912023,22.77478390687433,22.488758630939508,22.703277587890625,99100
2023-12-05,22.756906806298538,22.801599321005732,22.578141862005101,22.730093002319336,96000
2023-12-06,23.042940018635203,23.069753829867114,22.783728477756249,22.846296310424805,156000
2023-12-07,22.953551363836986,23.159131825038013,22.8999220489248,23.087625503540039,202800
2023-12-08,22.882049422518758,23.01612358788686,22.855233907506932,22.980369567871094,34400
2023-12-11,22.971431999313882,23.051876836812951,22.890987161814813,23.016122817993164,58000
2023-12-12,22.908860665042177,22.98930549621582,22.73009569953599,22.98930549621582,81100
2023-12-13,22.97142941803434,23.543480016106489,22.926736899531669,23.516664505004883,103400
2023-12-14,24.052963506099236,24.321111805682701,23.990395683186112,24.22279167175293,157500
2023-12-15,24.240667897342682,24.240667897342682,23.820566748749496,23.838443756103516,54600
2023-12-18,23.897672686442661,23.9335693750103,23.700246034265611,23.75408935546875,86400
2023-12-19,23.83485183638523,23.942540175273848,23.83485183638523,23.870748519897461,57700
2023-12-20,23.960491793807062,24.050230091563872,23.736142626118415,23.763063430786133,104400
2023-12-21,23.969461045257415,24.157915210942953,23.924591902386044,24.148941040039062,275700
2023-12-22,24.211760244080146,24.229708587162502,24.10407360888242,24.166891098022461,116100
2023-12-26,24.22971040232099,24.22971040232099,23.924595393656194,24.175867080688477,77200
2023-12-27,24.256629447471365,24.4361077311098,24.220732763754825,24.427133560180664,68000
2023-12-28,24.247657651484385,24.552772646367178,24.202786792443824,24.400215148925781,107200
2023-12-29,24.418160623688451,24.552771482782514,24.409188163953811,24.489953994750977,150700
2024-01-02,24.238684963703758,24.373294125770453,24.077153284564378,24.139970779418945,141300
2024-01-03,23.816907205420275,23.91561967006848,23.781010518894949,23.861776351928711,111500
2024-01-04,23.763064306316636,23.834855974156174,23.493845979830454,23.700246810913086,35700
2024-01-05,23.781012226527356,24.032283915302937,23.673323870866867,23.879726409912109,120300
2024-01-08,23.798956279728788,24.07714872352048,23.798956279728788,24.050226211547852,115300
2024-01-09,23.843826293945312,23.924592121170829,23.736139665410022,23.843826293945312,47900
2024-01-10,23.996387518825991,23.996387518825991,23.807935033682465,23.852804183959961,99800
2024-01-11,23.879726312990179,23.924595462538402,23.673323774782673,23.888700485229492,174200
2024-01-12,23.978439331054688,24.050230998957758,23.933570180483407,23.978439331054688,42300
2024-01-16,23.637428607892502,23.637428607892502,23.413079438654073,23.466922760009766,126100
2024-01-17,23.224626526928379,23.224626526928379,22.838747372347399,22.946434020996094,71500
2024-01-18,22.964384373366709,23.06309856962914,22.793878501181208,22.937461853027344,56100
2024-01-19,22.883614592514565,23.107963755186276,22.856692076800581,23.090015411376953,47300
2024-01-22,23.197702600112052,23.27846843155843,23.09898842575577,23.179754257202148,97800
2024-01-23,23.081039061649541,23.107961574823236,22.874638262262199,22.973352432250977,84100
2024-01-24,23.296416230239341,23.386156237637682,23.090015411376953,23.090015411376953,26800
2024-01-25,23.116938510726367,23.116938510726367,22.955406835660806,23.054121017456055,37800
2024-01-26,23.188729010032755,23.188729010032755,23.063094029809953,23.14385986328125,106400
2024-01-29,23.170780254786948,23.323337747337717,23.07206607971051,23.305389404296875,32700
2024-01-30,23.278470152603177,23.278470152603177,23.152833454593353,23.197704315185547,39900
2024-01-31,23.305389818575613,23.493844000558045,23.116937348241407,23.14385986328125,196300
2024-02-01,23.090017084398468,23.251548767089844,22.991304609591385,23.251548767089844,83800
2024-02-02,23.072066612486761,23.072066612486761,22.856691625967837,22.991302490234375,151100
2024-02-05,22.829769326165685,22.856690127936005,22.704132641861051,22.811820983886719,35300
2024-02-06,22.775927777830507,23.0002769556374,22.731058626928483,22.982330322265625,27000
2024-02-07,22.991303557375936,23.009250190015994,22.87464103114981,22.910537719726562,31500
2024-02-08,22.811820983886719,22.865664299075487,22.740029326418984,22.811820983886719,85900
2024-02-09,22.713111486766405,22.766956524683206,22.623371468553547,22.749008178710938,73700
2024-02-12,22.865665435791016,22.955405439998941,22.820796289511158,22.865665435791016,31000
2024-02-13,22.452866125684274,22.488761104076175,22.183646085327272,22.264411926269531,44600
2024-02-14,22.399020954405415,22.425943471771905,22.291334308236216,22.416969299316406,32700
2024-02-15,22.596450661243626,22.85669483124758,22.533633161989169,22.749008178710938,55100
2024-02-16,22.560551531055797,22.73105737606787,22.560551531055797,22.641317367553711,44900
2024-02-20,22.677212919668303,22.731056237420354,22.560550400949285,22.587472915649414,25200
2024-02-21,22.650290115761873,22.722081775730683,22.515680967276378,22.614395141601562,19000
2024-02-22,22.677214055618695,22.68618822763494,22.488759866574132,22.641317367553711,35000
2024-02-23,22.605420582640992,22.641315556185983,22.58747224004442,22.632341384887695,54500
2024-02-26,22.605422034442604,22.62336866654362,22.434916192120973,22.53363037109375,44900
2024-02-27,22.542605123930898,22.542605123930898,22.425942598202241,22.479785919189453,39400
2024-02-28,22.192618164567858,22.309280684546476,22.156723189561671,22.282358169555664,55800
2024-02-29,22.399020114644969,22.443890975240201,22.24646432356613,22.336202621459961,25500
2024-03-01,22.336201079211197,22.479784399905302,22.228514444514719,22.461837768554688,60500
2024-03-04,22.46184025896542,22.46184025896542,22.255437714891009,22.407995223999023,58100
2024-03-05,22.416967127512777,22.416967127512777,22.282357977018311,22.30030632019043,41200
2024-03-06,22.704133626012208,22.704133626012208,22.551576133324374,22.596446990966797,29500
2024-03-07,22.713108451383405,22.757979310317523,22.686187647671183,22.695161819458008,97800
2024-03-08,22.991304104842239,23.054121599699041,22.955407415410718,23.000276565551758,56000
2024-03-11,23.027199082625401,23.027199082625401,22.883615748196039,23.000276565551758,98200
2024-03-12,22.9284847405855,22.9284847405855,22.802849751736289,22.874641418457031,32900
2024-03-13,22.865667537325702,22.919512571788172,22.757980891697514,22.847719192504883,45900
2024-03-14,22.946431390264465,22.946431390264465,22.641316401326211,22.713108062744141,38100
2024-03-15,22.856691749091237,22.901562607971204,22.68618762029211,22.8387451171875,40100
2024-03-18,22.893900374979246,22.893900374979246,22.821565844749898,22.848691940307617,29900
2024-03-19,22.930067533154673,23.101860957318287,22.930067533154673,23.011444091796875,135600
2024-03-20,23.002401821432866,23.355032422159354,23.002401821432866,23.309823989868164,73900
2024-03-21,23.499700290033655,23.508742320954177,23.336947182646323,23.445449829101562,69500
2024-03-22,23.463536783886997,23.47257709133109,23.382160220159982,23.409284591674805,38000
2024-03-25,23.364076614379883,23.445453179703115,23.318868177907557,23.364076614379883,18100
2024-03-26,23.409281008045017,23.418323038696172,23.336946487426758,23.336946487426758,24700
2024-03-27,23.454493780753548,23.572036743164062,23.409283622448584,23.572036743164062,33300
2024-03-28,23.517783886860247,23.626284806579051,23.517783886860247,23.590118408203125,46300
2024-04-01,23.472576128765112,23.608204879142438,23.345991134643555,23.345991134643555,113200
2024-04-02,23.246530027044699,23.246530027044699,23.110903004081671,23.138029098510742,56600
2024-04-03,23.020484196934696,23.128986849037148,22.939109363596788,23.110902786254883,46500
2024-04-04,23.282698137543441,23.282698137543441,22.984317997385755,23.011444091796875,39100
2024-04-05,23.011442929759639,23.09281948429247,22.966232774690802,23.047609329223633,35600
2024-04-08,23.26461479050722,23.409283849302668,23.192280261109495,23.373117446899414,112800
2024-04-09,23.481617920608699,23.49065995218092,23.327906833063309,23.418325424194336,75900
2024-04-10,23.047612957613662,23.047612957613662,22.72210668823783,22.794441223144531,35300
2024-04-11,22.866772933699739,22.93910745421676,22.704019831388695,22.884855270385742,54000
2024-04-12,22.613606023597871,22.676898526838194,22.477978984569841,22.496061325073242,21200
2024-04-15,22.631687904092864,22.631687904092864,22.288097598823938,22.315223693847656,36500
2024-04-16,22.279057532903138,22.279057532903138,22.071095959812464,22.116304397583008,21300
2024-04-17,22.342349042060512,22.342349042060512,22.107263106598261,22.152471542358398,35700
2024-04-18,22.188638687133789,22.279055554646362,22.134386497116804,22.188638687133789,73800
2024-04-19,22.179597887597364,22.270014760132824,22.170555855425562,22.206722259521484,78100
2024-04-22,22.414686481329518,22.541271487810164,22.378518351139981,22.496061325073242,28700
2024-04-23,22.613601927261204,22.767313003540039,22.577433803623332,22.767313003540039,68300
2024-04-24,22.559352402307105,22.559352402307105,22.42372365762937,22.477975845336914,57700
2024-04-25,22.306182369792992,22.37851690089304,22.116303147785842,22.32426643371582,75600
2024-04-26,22.505100468340384,22.568392963455004,22.46893406738538,22.5322265625,24400
2024-04-29,22.63168598908014,22.803479402586852,22.63168598908014,22.767313003540039,21700
2024-04-30,22.586480142153711,22.667856711267738,22.279057930965465,22.396602630615234,51900
2024-05-01,22.360433550141337,22.67689778051917,22.360433550141337,22.459894180297852,44000
2024-05-02,22.848692627235373,23.11994669260266,22.830608562986544,23.083780288696289,71800
2024-05-03,23.237493301368357,23.291743773996057,23.138032664391375,23.210367202758789,21800
2024-05-06,23.273657552928448,23.30078364902592,23.210365053292282,23.282699584960938,23200
2024-05-07,23.291741366754021,23.327907769904154,23.165156368841682,23.228448867797852,42100
2024-05-08,23.020485357745653,23.083779580675206,22.830607862730695,23.074737548828125,61700
2024-05-09,23.083777692975993,23.210362679301017,22.875814426682048,23.201320648193359,38400
2024-05-10,23.138031528611801,23.336951068209945,22.966236361700336,23.020486831665039,41600
2024-05-13,23.110905431333777,23.110905431333777,22.966236361700336,23.020486831665039,19700
2024-05-14,23.11994669260266,23.309825918032789,22.993361692043429,23.083780288696289,22400
2024-05-15,23.373118651486312,23.499703653308369,23.273658021716802,23.49066162109375,26900
2024-05-16,23.499702694236024,23.553953160718361,23.418326132216905,23.4273681640625,24100
2024-05-17,23.391201019287109,23.436409452489809,23.336948829934453,23.391201019287109,25000
2024-05-20,23.364078557944289,23.364078557944289,23.237493545618634,23.264617919921875,20200
2024-05-21,23.183237784098875,23.273656375257236,23.147071382390241,23.192279815673828,17700
2024-05-22,23.056651850453978,23.119944344304958,22.975275294190968,23.029525756835938,119600
2024-05-23,22.930068516600169,22.930068516600169,22.541269769654754,22.622646331787109,31200
2024-05-24,22.767314202406101,22.821564666128538,22.731146076863716,22.758272171020508,91500
2024-05-28,22.93006611072834,22.93006611072834,22.722102848992701,22.767313003540039,18100
2024-05-29,22.477978489638666,22.514144894440506,22.360433793702192,22.38755989074707,77600
2024-05-30,22.622646797398836,22.785399925013273,22.577436637177453,22.704023361206055,54500
2024-05-31,22.821569161559022,22.875819635967801,22.685942113241325,22.866779327392578,22300
2024-06-03,22.875815615967085,22.975276238731063,22.875815615967085,22.96623420715332,37800
2024-06-04,22.975276434295822,23.147071586552865,22.866775503621732,23.09282112121582,81700
2024-06-05,23.219405201000473,23.219405201000473,23.020483961611273,23.183237075805664,47100
2024-06-06,23.101861428279328,23.156113618207574,23.011444560914654,23.09282112121582,100300
2024-06-07,22.78539731417278,22.78539731417278,22.577434050166204,22.595518112182617,34700
2024-06-10,22.487016920704598,22.640727996826172,22.487016920704598,22.640727996826172,13400
2024-06-11,22.270009955672005,22.279051985893112,22.152467011979468,22.242885589599609,38700
2024-06-12,22.658812287098051,22.658812287098051,22.441808700561523,22.441808700561523,29600
2024-06-13,22.414687935573909,22.414687935573909,22.188642280997769,22.288101196289062,26600
2024-06-14,22.125344248554491,22.16151237487793,22.053009720498803,22.16151237487793,13000
2024-06-17,22.053007125854492,22.125341645399672,21.935464178315193,22.053007125854492,22600
2024-06-18,22.134386497116804,22.188638687133789,22.125344465447306,22.188638687133789,32400
2024-06-20,22.134383445828298,22.161509537097384,22.016840499510867,22.125341415405273,19200
2024-06-21,22.025884900633564,22.043967238834899,21.944508342658519,21.980674743652344,18300
2024-06-24,22.11626754014511,22.290339733609649,22.097945530924854,22.180398941040039,44200
2024-06-25,22.217046472678511,22.262854116941302,22.097945549125491,22.162076950073242,28100
2024-06-26,21.997168209738586,21.997168209738586,21.804772245670744,21.933036804199219,37300
2024-06-27,21.905550285164473,21.969681688121554,21.859742639466464,21.942197799682617,23700
2024-06-28,21.969682833582432,22.070461756312092,21.951359075367993,21.988006591796875,18200
2024-07-01,22.097942853049162,22.097942853049162,21.84141553310635,21.878061294555664,91300
2024-07-02,21.887226929876224,22.033813495741597,21.841419283336936,22.015491485595703,37700
2024-07-03,22.0887834615353,22.336147184640541,22.0887834615353,22.299501419067383,14600
2024-07-05,22.418604037512537,22.482737190154197,22.354472632320611,22.436927795410156,17200
2024-07-08,22.510218629550266,22.510218629550266,22.290338801059672,22.326986312866211,68300
2024-07-09,22.317826322451822,22.363633968634645,22.272016928819305,22.345310211181641,35300
2024-07-10,22.592673515641088,22.647643035249232,22.546865873875891,22.620159149169922,37700
2024-07-11,22.913333557960087,23.087405752010895,22.904171679594292,23.01411247253418,62300
2024-07-12,23.298123958915291,23.499680042749315,23.298123958915291,23.417224884033203,50600
2024-07-15,23.353092952663772,23.371416709173968,23.233992030246718,23.307285308837891,18600
2024-07-16,23.261474567318029,23.398900985717773,23.206505048427829,23.398900985717773,40600
2024-07-17,23.316446978308392,23.490517421247734,23.316446978308392,23.444709777832031,48100
2024-07-18,23.47219492341161,23.47219492341161,23.142374305850232,23.197343826293945,45700
2024-07-19,23.05075809662544,23.05075809662544,22.922495295193297,22.99578857421875,29500
2024-07-22,23.151537542012512,23.21566894420069,22.995789102077083,23.105728149414062,80300
2024-07-23,23.014114864900225,23.014114864900225,22.904174060531759,22.931659698486328,26500
2024-07-24,22.867524288620455,22.895009923865061,22.693453841086864,22.720937728881836,36300
2024-07-25,22.656806327427393,22.876686167035324,22.656806327427393,22.720937728881836,19300
2024-07-26,22.904173178108881,22.986628341346051,22.840041772802135,22.940820693969727,34100
2024-07-29,22.99578816603012,23.004950044176873,22.8950092538654,22.922494888305664,25000
2024-07-30,22.99578591283991,23.087402937880984,22.940816396795025,23.041593551635742,82300
2024-07-31,23.426387665397215,23.536328463739252,23.325608745871158,23.389741897583008,216500
2024-08-01,23.353095836937147,23.463036642127179,23.059922686363485,23.142377853393555,52200
2024-08-02,23.16070166399653,23.435551056411949,23.151539784589374,23.316450119018555,36600
2024-08-05,22.638484802653686,23.087408151995934,22.354473533589037,22.931659698486328,56500
2024-08-06,22.830877911435486,23.27063757888298,22.775908389866945,23.114889144897461,60100
2024-08-07,23.389743966980006,23.463037256542719,23.096569061279297,23.096569061279297,31600
2024-08-08,23.288960200487878,23.48135439032832,23.169859284984199,23.398900985717773,103100
2024-08-09,23.490517071666602,23.563810348510742,23.417223794822462,23.563810348510742,30600
2024-08-12,23.371416974794769,23.435548375859714,23.307285573729828,23.362255096435547,26900
2024-08-13,23.646267881053813,23.820340086355412,23.637106002095862,23.811178207397461,22300
2024-08-14,23.811178468095306,23.911957390286418,23.811178468095306,23.866147994995117,30000
2024-08-15,23.86614915762884,23.957766205224793,23.86614915762884,23.893634796142578,18000
2024-08-16,23.875308371637139,23.976087287486472,23.820338848196432,23.93943977355957,18600
2024-08-19,24.159323397507922,24.333393860976219,24.086030110929222,24.287586212158203,16500
2024-08-20,24.214287685986893,24.260095324892855,24.150156292538782,24.20512580871582,25700
2024-08-21,24.205128811269329,24.388362884521484,24.186805054454187,24.388362884521484,19100
2024-08-22,24.452494001753085,24.479977889206765,24.250936174028169,24.351715087890625,96900
2024-08-23,24.434170911002816,24.855606839640114,24.434170911002816,24.809799194335938,27800
2024-08-26,24.993033742257676,25.148782185661524,24.993033742257676,25.057165145874023,41100
2024-08-27,25.038838726492621,25.148779512039514,24.993031085193625,25.102970123291016,20900
2024-08-28,24.956385683121589,25.066326477958974,24.88309240237988,24.965547561645508,32800
2024-08-29,24.919738960295195,24.919738960295195,24.709019257229741,24.800636291503906,20300
2024-08-30,24.873932908195506,24.919742305206256,24.709022573856448,24.883094787597656,52800
2024-09-03,24.773154247441429,24.800638136553641,24.599082044115328,24.626565933227539,238200
2024-09-04,24.626564855843768,24.892254088636307,24.489140173945739,24.754829406738281,93000
2024-09-05,25.121293878790414,25.240394794637506,24.818958902848333,25.102970123291016,51200
2024-09-06,25.176265045030551,25.277043959421345,24.919739441053434,25.048002243041992,79600
2024-09-09,25.084649437432851,25.231237751916751,25.075489306011718,25.130458831787109,40900
2024-09-10,25.203749239193094,25.359497667324984,25.121294086214476,25.313688278198242,48700
2024-09-11,25.194587361367745,25.359497667324984,25.020515177585157,25.313688278198242,49600
2024-09-12,25.295365350064571,25.460275650024414,25.258717840095958,25.460275650024414,25400
2024-09-13,25.716803071533779,25.725964949681995,25.570216516061482,25.634347915649414,18100
2024-09-16,25.817580294692377,25.826742172241211,25.698477634007013,25.826742172241211,60000
2024-09-17,25.79009608091943,25.79009608091943,25.533570485236897,25.579378128051758,24600
2024-09-18,25.533570407326213,25.744288359550918,25.386982106376898,25.405305862426758,17100
2024-09-19,25.744291445611029,25.808422852023639,25.588542995416223,25.762615203857422,46900
2024-09-20,25.506084773251423,25.506084773251423,25.332012585676878,25.405305862426758,36700
2024-09-23,25.534926932317852,25.673803992130818,25.488635167686073,25.544185638427734,21900
2024-09-24,25.562702367431282,25.683062011807625,25.497893192311899,25.636770248413086,39000
2024-09-25,25.683062321032157,25.683062321032157,25.396049499511719,25.396049499511719,20300
2024-09-26,25.858972818162329,25.933040696070176,25.720095767824802,25.812679290771484,25200
2024-09-27,25.849715126723432,25.988592182508864,25.757129834227285,25.794164657592773,24100
2024-09-30,25.590476364773789,25.599735070508014,25.442340604861275,25.525667190551758,66800
2024-10-01,25.636769893444921,25.65528553899582,25.405307547841925,25.525667190551758,107100
2024-10-02,25.405307168423594,25.488633752869628,25.312721878381613,25.377531051635742,241300
2024-10-03,25.173845125558472,25.229395593877069,25.044225011591685,25.136810302734375,38700
2024-10-04,25.062742423003733,25.266430416701166,24.97015713186104,25.136810302734375,44400
2024-10-07,24.849795496247889,24.868312906174605,24.6738836337789,24.747951507568359,38100
2024-10-08,24.664625602799369,24.72017783409753,24.590557726985935,24.655366897583008,39300
2024-10-09,24.599817876860353,24.655368345503341,24.488716939574381,24.627593994140625,134200
2024-10-10,24.470198739689668,24.525749206542969,24.41464827283637,24.525749206542969,15800
2024-10-11,24.553525271364663,24.692402321165012,24.553525271364663,24.683143615722656,21800
2024-10-14,24.442422381436351,24.636851662375193,24.442422381436351,24.609075546264648,9200
2024-10-15,24.488718468911543,24.52575152834709,24.386874465107876,24.479459762573242,17600
2024-10-16,24.609079958011506,24.64611478613158,24.562788188779212,24.636856079101562,11500
2024-10-17,24.581301562735959,24.581301562735959,24.43316579579632,24.488718032836914,28300
2024-10-18,24.553528268340042,24.58130262213972,24.460942968533121,24.544269561767578,14400
2024-10-21,24.303549143582842,24.433167507254936,24.062828063964844,24.062828063964844,25100
2024-10-22,23.988759374986362,24.007276788012522,23.89617407577326,23.9239501953125,81800
2024-10-23,23.729517177891207,23.831361167683905,23.701742828614965,23.803585052490234,54600
2024-10-24,23.803586333667216,23.812845039230105,23.664709282058961,23.738777160644531,33600
2024-10-25,23.803585948476456,23.822103359302581,23.581382316315455,23.590641021728516,15700
2024-10-28,23.76655387878418,23.794329996175758,23.72026211571578,23.76655387878418,18500
2024-10-29,23.636933481826816,23.636933481826816,23.470280323749385,23.535089492797852,25000
2024-10-30,23.590640392780248,23.748034848771031,23.461022052288115,23.52583122253418,48600
2024-10-31,23.312891283526938,23.322149990671779,23.118461965320925,23.266597747802734,136900
2024-11-01,23.414733355109856,23.451766414701339,23.146236167921483,23.229562759399414,178600
2024-11-04,23.433249788731317,23.479543322172095,23.285114013556289,23.33140754699707,68500
2024-11-05,23.39621475566895,23.507315694725889,23.26659463887907,23.488800048828125,28400
2024-11-06,22.951807292613154,22.951807292613154,22.720344944438764,22.905513763427734,49400
2024-11-07,23.109197785172146,23.183267424788792,22.979579447677825,23.146232604980469,54700
2024-11-08,23.081427655070588,23.099945068359375,22.951809293884544,23.099945068359375,47200
2024-11-11,22.988837364835724,22.988837364835724,22.849960327148438,22.849960327148438,130900
2024-11-12,22.748119389639786,22.748119389639786,22.488882688804967,22.553691864013672,56200
2024-11-13,22.58146418232489,22.58146418232489,22.312968799792138,22.359260559082031,45300
2024-11-14,22.507399105529434,22.507399105529434,22.331488985628663,22.34074592590332,29800
2024-11-15,22.46110828873794,22.479625701904297,22.350005575657502,22.479625701904297,110500
2024-11-18,22.433327354131169,22.5259126341737,22.3685181878766,22.498136520385742,65700
2024-11-19,22.442590896143372,22.52591748955065,22.35926430273609,22.516658782958984,65200
2024-11-20,22.340747814178918,22.396300056028078,22.220388155341311,22.303714752197266,67500
2024-11-21,22.294451629642563,22.331486450206985,22.220383754431158,22.275934219360352,97900
2024-11-22,22.359264120771826,22.488884246082563,22.350005414255509,22.442590713500977,52700
2024-11-25,22.599984250946793,22.664793427943415,22.54443378008078,22.618501663208008,62400
2024-11-26,22.655534096805532,22.692568920306265,22.442589159429051,22.553691864013672,38200
2024-11-27,22.822186553065322,22.886995726236062,22.664792089971733,22.840703964233398,28600
2024-11-29,22.803667433575036,22.914770126342773,22.803667433575036,22.914770126342773,8600
2024-12-02,22.785155051014616,22.785155051014616,22.618501870968171,22.729602813720703,22900
2024-12-03,22.766637202098806,22.831446378448199,22.66479320159684,22.738861083984375,94600
2024-12-04,22.683311462402344,22.766638053945808,22.627760990012593,22.683311462402344,142900
2024-12-05,22.71108591789055,22.71108591789055,22.544432747011545,22.599983215332031,58800
2024-12-06,22.692568482192275,22.692568482192275,22.525915311491623,22.562950134277344,100400
2024-12-09,22.535172423034997,22.590722887366354,22.359260559082031,22.359260559082031,31900
2024-12-10,22.275937393035441,22.275937393035441,22.155577740888187,22.174095153808594,53700
2024-12-11,22.266674277751758,22.27593298237873,22.127797240181888,22.183347702026367,82800
2024-12-12,22.007439530008522,22.137057874248804,21.979663413706678,21.988922119140625,63600
2024-12-13,21.942629562132041,21.998180026803677,21.868561687264044,21.887077331542969,38700
2024-12-16,21.80374992545752,21.840784744447024,21.701907705071108,21.748199462890625,124400
2024-12-17,21.683390295576356,21.794492986627507,21.6648728860816,21.748199462890625,86100
2024-12-18,21.803752448501463,21.803752448501463,21.23898552089782,21.266759872436523,56700
2024-12-19,21.248243654757157,21.248243654757157,21.0445556640625,21.0445556640625,189100
2024-12-20,21.340829595320411,21.563035022317379,21.257503001675978,21.424156188964844,196300
2024-12-23,21.392405427144144,21.476443828082086,21.317704824199627,21.439092636108398,110200
2024-12-24,21.51379597510627,21.579158782958984,21.51379597510627,21.579158782958984,29400
2024-12-26,21.672531999588763,21.719220989031633,21.513794778491516,21.653858184814453,99300
2024-12-27,21.551144767055366,21.681870378995853,21.50445755736316,21.663196563720703,97100
2024-12-30,21.467107606160312,21.579159409305138,21.439094210123358,21.495121002197266,158700
2024-12-31,21.476444659241917,21.597832475848517,21.46710686088711,21.513795852661133,120500
2025-01-02,21.532470294784481,21.607170902793158,21.411082474646498,21.429758071899414,55400
2025-01-03,21.513796140672572,21.588496747508117,21.495120543712947,21.551145553588867,36000
2025-01-06,21.73789658480878,21.77524599536024,21.653858184814453,21.653858184814453,135400
2025-01-07,21.756571821877557,21.756571821877557,21.457769393920898,21.457769393920898,78300
2025-01-08,21.186980328321244,21.233667539740338,21.084266325995696,21.205654144287109,99700
2025-01-10,21.009565979028185,21.084266586824612,20.88817815923511,20.925527572631836,58900
2025-01-13,20.813476396009577,20.925526410982439,20.794800799846477,20.906850814819336,1226800
2025-01-14,21.000226974487305,21.037578166742108,20.888176959728643,21.000226974487305,85800
2025-01-15,21.485782207999961,21.513795602738949,21.373730410046925,21.448431015014648,122300
2025-01-16,21.383069199052439,21.569821610626153,21.327044187981524,21.495121002197266,164600
2025-01-17,21.653860721239536,21.700547935148276,21.541808914454293,21.569822311401367,80300
2025-01-21,21.681873100529966,21.812600509882397,21.579160870113977,21.803262710571289,36000
2025-01-22,21.709885734130633,21.709885734130633,21.560484512419009,21.569822311401367,36800
2025-01-23,21.607171218310203,21.756572436509177,21.597833419547392,21.719223022460938,55400
2025-01-24,21.821936808433922,21.943324629123929,21.775247815089312,21.905973434448242,38000
2025-01-27,22.064711900251602,22.167425902048475,22.064711900251602,22.148750305175781,60200
2025-01-28,22.260801315307617,22.288814709622379,22.19543850957605,22.260801315307617,62800
2025-01-29,22.28881620550117,22.28881620550117,22.195439999188046,22.223451614379883,27800
2025-01-30,22.41020289590254,22.568941904321967,22.41020289590254,22.456890106201172,20000
2025-01-31,22.326166784158094,22.466230210433249,22.214116755539209,22.242128372192383,39800
2025-02-03,21.98067527633037,22.242126508536305,21.971337477894021,22.148750305175781,59400
2025-02-04,22.158087317156369,22.288814709622379,22.120737905739563,22.260801315307617,42300
2025-02-05,22.41954243103692,22.53159245683548,22.372853436118316,22.484905242919922,34400
2025-02-06,22.503580791883838,22.606293018475011,22.503580791883838,22.578281402587891,44800
2025-02-07,22.522253400673318,22.540927215118675,22.307487615025057,22.37285041809082,58200
2025-02-10,22.47556437546767,22.48490217317655,22.372850381672777,22.466226577758789,37700
2025-02-11,22.279479466720723,22.43821849070418,22.279479466720723,22.42888069152832,16700
2025-02-12,22.223452555328869,22.456892190494102,22.186103139824031,22.363517761230469,189900
2025-02-13,22.428879723981584,22.634305953979492,22.335503517254168,22.634305953979492,18400
2025-02-14,22.737020542005471,22.793045555076084,22.643644332885742,22.643644332885742,17900
2025-02-18,22.671658141980117,22.73702095525098,22.671658141980117,22.680995941162109,141600
2025-02-19,22.484905242919922,22.522256438854807,22.410204632053201,22.484905242919922,33200
2025-02-20,22.606290198836962,22.718341991418569,22.57827858644368,22.690328598022461,48100
2025-02-21,22.606292899426098,22.652981893997161,22.484905075547399,22.512918472290039,63000
2025-02-24,22.59695467497729,22.624966287981628,22.540927886962891,22.540927886962891,17400
2025-02-25,22.783707245142434,22.867745653365333,22.718344434525292,22.793045043945312,60300
2025-02-26,22.774370370975863,22.821059366885827,22.680995941162109,22.680995941162109,48400
2025-02-27,22.652981431189591,22.652981431189591,22.531591828787885,22.568943023681641,42400
2025-02-28,22.494241548755998,22.540928759572502,22.372851951028402,22.522254943847656,49100
2025-03-03,22.56894348477228,22.671657491825588,22.466229477718976,22.512918472290039,62800
2025-03-04,22.52225823595003,22.793047304072545,22.466231437577214,22.671659469604492,52100
2025-03-05,22.643645144191261,22.839733587465645,22.606293946803881,22.783708572387695,25300
2025-03-06,22.503577805225156,22.512915602949235,22.37285041809082,22.37285041809082,60300
2025-03-07,22.559606332799291,22.680995941162109,22.419542907075574,22.680995941162109,22900
2025-03-10,22.624968081892213,22.680994874348919,22.326165646135131,22.475566864013672,47000
2025-03-11,22.559604106061656,22.587617500842583,22.372851702861304,22.456890106201172,138300
2025-03-12,22.606292270703285,22.606292270703285,22.484904450200606,22.596956253051758,50400
2025-03-13,22.494242874461612,22.59695688151492,22.494242874461612,22.512918472290039,29600
2025-03-14,22.606290575028371,22.849067978826223,22.606290575028371,22.821056365966797,47000
2025-03-17,22.830395524289511,23.101184557081982,22.830395524289511,23.063835144042969,97500
2025-03-18,22.961122798011445,22.998472213745117,22.914435583093585,22.998472213745117,34400
2025-03-19,22.8864227622045,23.035823990909783,22.839733765107141,23.007810592651367,18100
2025-03-20,22.858407760347163,22.97979736328125,22.839732162818379,22.97979736328125,156100
2025-03-21,22.867743246099892,22.961119443296045,22.867743246099892,22.94244384765625,23300
2025-03-24,23.013037840400234,23.013037840400234,22.928327130685805,22.984800338745117,19200
2025-03-25,23.220108632898203,23.220108632898203,23.069512207009808,23.097749710083008,51200
2025-03-26,23.097750031345967,23.144810741871524,23.003626815043823,23.041275024414062,25900
2025-03-27,23.041274175842464,23.116572387060867,23.022449174225123,23.078924179077148,14700
2025-03-28,23.125983661507732,23.144808662126788,23.013037248295113,23.107158660888672,19900
2025-03-31,22.975389311577871,23.041275024414062,22.900091097586362,23.041275024414062,35800
2025-04-01,23.144807284044084,23.191867987538785,23.050684081803919,23.125982284545898,55500
2025-04-02,23.003627605821755,23.088338323880617,22.928329389241778,23.069513320922852,38400
2025-04-03,23.408353172602279,23.606010292400377,23.295404964681325,23.314229965209961,38700
2025-04-04,22.956562986992861,22.956562986992861,22.382414811597087,22.420063018798828,103800
2025-04-07,21.902390642386386,22.627137118062951,21.62002097634624,21.874153137207031,258400
2025-04-08,22.307118511604049,22.307118511604049,21.525898846342024,21.704730987548828,80200
2025-04-09,21.751792240658581,22.777731497914932,21.620019023641053,22.514186859130859,85600
2025-04-10,21.958859081314408,22.645955400637718,21.958859081314408,22.55183219909668,343700
2025-04-11,22.881263147419958,23.314229168529209,22.683606034376091,23.285991668701172,26200
2025-04-14,23.229517679231833,23.549535485464421,23.229517679231833,23.540122985839844,55700
2025-04-15,23.549536965678637,23.728369084033897,23.549536965678637,23.596597671508789,55600
2025-04-16,23.831906590708538,24.010740517818398,23.728370875763201,23.803670883178711,133600
2025-04-17,24.086039308880846,24.293108948497366,23.98250359144707,24.255460739135742,45800
2025-04-21,24.161337259428951,24.330758687836678,24.048389042073463,24.246047973632812,31300
2025-04-22,24.471942052934047,24.603713474123381,24.424881344009563,24.509592056274414,27500
2025-04-23,24.481353776452359,24.556651985491293,24.198984146118164,24.198984146118164,35000
2025-04-24,24.330758615896965,24.424881830873073,24.208397897852723,24.387231826782227,27300
2025-04-25,24.198985204338523,24.340170923305124,24.170749496745998,24.236635208129883,24400
2025-04-28,24.330756652806752,24.537826272846285,24.264870946214668,24.528413772583008,20300
2025-04-29,24.49076730401644,24.594301223754883,24.415469091819848,24.594301223754883,25500
2025-04-30,24.443700590308641,24.660184483941272,24.293104191847224,24.575473785400391,108400
2025-05-01,24.716661787314631,24.716661787314631,24.519002859492588,24.584890365600586,149300
2025-05-02,24.942555851533939,25.02726656219696,24.857845140870918,24.923730850219727,39600
2025-05-05,24.9802064822277,25.121390405132139,24.961381480440178,25.017854690551758,44300
2025-05-06,25.093153528626509,25.196689245790527,24.980207105584878,25.111978530883789,48100
2025-05-07,25.008441925048828,25.10256513773955,24.848433002049887,25.008441925048828,39000
2025-05-08,25.027268000531784,25.027268000531784,24.490767999000244,24.5472412109375,91400
2025-05-09,24.69783618709965,24.782546897649134,24.631950477839148,24.707248687744141,11100
2025-05-12,24.631950976628655,24.660188479133929,24.406056342339383,24.509592056274414,3720900
2025-05-13,24.311935160923426,24.387233378645657,24.246049444822862,24.302522659301758,108300
2025-05-14,24.340169705090027,24.406055413176361,24.180160787487122,24.189573287963867,46500
2025-05-15,24.519003082060561,24.528415583018571,24.377819158192366,24.453117370605469,229100
2025-05-16,24.537828540945359,24.650776759293947,24.481355329396575,24.613126754760742,141800
2025-05-19,24.556652794021449,24.773134927729721,24.49076708334945,24.72607421875,19700
2025-05-20,24.744898888260984,24.867257807116268,24.688423883942285,24.857845306396484,44900
2025-05-21,24.857846590221119,24.886084093838839,24.707250161428682,24.763723373413086,47600
2025-05-22,24.59430175249414,24.660189260427249,24.481355329396575,24.613126754760742,22100
2025-05-23,24.631951779013651,24.876671422944842,24.631951779013651,24.829608917236328,9400
2025-05-27,25.064915929584757,25.093153432862913,25.008442718279461,25.036680221557617,15900
2025-05-28,25.027266078761333,25.093151786837467,24.970792871160487,25.046091079711914,17100
2025-05-29,25.102563430678863,25.234334842334388,25.074325930216602,25.159036636352539,27800
2025-05-30,25.215511161260746,25.347282570428703,25.093150456818382,25.281396865844727,30000
2025-06-02,25.337872277341983,25.507293701171875,25.215513357493151,25.507293701171875,159900
2025-06-03,25.328457570475909,25.328457570475909,25.168448661378758,25.281396865844727,27300
2025-06-04,25.15903832295615,25.300222244230405,25.130802615851877,25.290811538696289,199300
2025-06-05,25.347283685337782,25.347283685337782,25.177862268812177,25.25316047668457,131400
2025-06-06,25.253162912442505,25.290812917635623,25.187277198605607,25.271987915039062,16900
2025-06-09,25.271986953843371,25.394345875565079,25.224924449141952,25.309635162353516,13000
2025-06-10,25.460230668363895,25.526118172568847,25.394344959409864,25.488468170166016,893200
2025-06-11,25.563766910698185,25.58259191229061,25.422582989256931,25.507293701171875,24900
2025-06-12,25.601417901151361,25.686128616333008,25.582592898832985,25.686128616333008,19200
2025-06-13,25.413171335101072,25.526119553167526,25.319048119254198,25.469644546508789,25200
2025-06-16,25.639063417854096,25.667300918366077,25.375518798828125,25.375518798828125,107000
2025-06-17,25.544943366610422,25.58259337194345,25.337873723031979,25.347286224365234,20700
2025-06-18,25.52611896756866,25.648477888686827,25.450820755668794,25.516706466674805,22100
2025-06-20,25.592002712251634,25.629650917683435,25.375518798828125,25.375518798828125,16800
2025-06-23,25.345100936289398,25.715865150554404,25.307074720781397,25.658824920654297,25700
2025-06-24,25.687343326314551,25.848958805636556,25.668329313858781,25.782411575317383,18000
2025-06-25,25.706359956634564,25.763400186534668,25.573263669166032,25.658824920654297,26800
2025-06-26,25.925011461214531,26.01057269877175,25.8774764329739,25.915504455566406,16200
2025-06-27,25.95353101236179,26.029585245289134,25.934518814086914,25.934518814086914,13900
2025-06-30,25.953532899123292,26.077122169912339,25.905999680066625,26.048601150512695,93800
2025-07-01,26.10564110294958,26.210216359711591,26.077121897124346,26.143669128417969,101500
2025-07-02,26.001068436268476,26.134162902832031,25.963040409663964,26.134162902832031,58600
2025-07-03,26.105640940266653,26.134161959190209,26.058107722003438,26.077121734619141,9500
2025-07-07,25.915506820916971,26.010575072799348,25.725370317152215,25.772905349731445,22600
2025-07-08,25.582768178542004,25.687343434211982,25.478192922872029,25.620796203613281,237300
2025-07-09,25.67783640840296,25.782411663993351,25.611289177854903,25.73487663269043,12300
2025-07-10,25.67783573340299,25.67783573340299,25.525727263784226,25.582767486572266,3971200
2025-07-11,25.478193304373868,25.525728336424738,25.250030590357881,25.364112854003906,259700
2025-07-14,25.411645618062973,25.573261097591857,25.411645618062973,25.5067138671875,177900
2025-07-15,25.592276194082498,25.592276194082498,25.231019008038789,25.288059234619141,39900
2025-07-16,25.22151197748374,25.402139663696289,25.17397694431509,25.402139663696289,112000
2025-07-17,25.354605231053736,25.440166473388672,25.345098224874739,25.440166473388672,20200
2025-07-18,25.506714323604388,25.506714323604388,25.316577821953036,25.364112854003906,33400
2025-07-21,25.630301559442785,25.744383822105384,25.592275347405952,25.687343597412109,41500
2025-07-22,25.753888986100097,25.915504455566406,25.72536796915572,25.915504455566406,46600
2025-07-23,25.867971060371787,26.010574340820312,25.810930836157997,26.010574340820312,13800
2025-07-24,25.772905439849936,25.87747888533773,25.582768935420344,25.725370407104492,41700
2025-07-25,25.639806315061932,25.725367551229148,25.506711864702218,25.668327331542969,20500
2025-07-28,25.630301321756161,25.630301321756161,25.47819284846733,25.5067138671875,29200
2025-07-29,25.535235049059178,25.573261260986328,25.459180811928832,25.573261260986328,18300
2025-07-30,25.563753927163567,25.620795964237541,25.411645454851687,25.440166473388672,24500
2025-07-31,25.430658440717373,25.430658440717373,25.240521951364247,25.26904296875,48500
2025-08-01,25.449675982364059,25.592277462520798,25.41164795390829,25.478195190429688,182700
2025-08-04,25.848958007650076,25.944026253718043,25.791915972043711,25.905998229980469,28400
2025-08-05,25.896490790985268,25.972545023912613,25.867969773659038,25.934518814086914,12100
2025-08-06,26.200710021716059,26.295778274536133,26.086629568952855,26.295778274536133,7900
2025-08-07,26.381337172598514,26.381337172598514,26.248242718462535,26.324296951293945,13000
2025-08-08,26.457392702127503,26.457392702127503,26.381338465568614,26.400352478027344,37600
2025-08-11,26.409860540575444,26.409860540575444,26.238738048154531,26.295778274536133,310700
2025-08-12,26.400353075218124,26.438379287719727,26.333805843383267,26.438379287719727,22900
2025-08-13,26.485912922195595,26.533446138633135,26.390844676044537,26.52393913269043,38200
2025-08-14,26.352816936613138,26.3718309487037,26.286269707572163,26.314790725708008,3600
2025-08-15,26.390845560445587,26.466899797259941,26.286270304847335,26.352817535400391,15300
2025-08-18,26.324300076518561,26.352819283918681,26.238738827765893,26.286272048950195,69300
2025-08-19,26.44788507938885,26.495420109427613,26.305283615824532,26.476406097412109,242200
2025-08-20,26.580979433292129,26.695061691664311,26.51443220477335,26.638021469116211,24600
2025-08-21,26.466900055041272,26.523940279888588,26.371831804778378,26.419366836547852,9300
2025-08-22,26.447885644743334,26.86618485164616,26.447885644743334,26.790130615234375,50900
2025-08-25,26.761610326664535,26.761610326664535,26.533447611204849,26.552461624145508,10500
2025-08-26,26.514434563638055,26.561969597720427,26.466901342831829,26.49542236328125,12700
2025-08-27,26.390846301097945,26.619009017944336,26.390846301097945,26.619009017944336,24100
2025-08-28,26.580983084014822,26.619011113120443,26.523942853632622,26.571477890014648,58400
2025-08-29,26.476408349648302,26.590488804893706,26.466901342831829,26.49542236328125,13500
2025-09-02,25.991560653096531,26.17219014751926,25.963039633995241,26.143669128417969,133700
2025-09-03,26.067613334869232,26.162681579589844,26.00106610754759,26.162681579589844,22900
2025-09-04,26.105640757414939,26.124654769897461,26.010574321554383,26.124654769897461,7700
2025-09-05,26.504926083702461,26.514433089990547,26.390845634797547,26.466899871826172,22800
2025-09-08,26.628516024472447,26.628516024472447,26.495421559631076,26.619009017944336,10200
2025-09-09,26.666543019925005,26.676050026732128,26.590488778744149,26.609502792358398,8200
2025-09-10,26.657038451086354,26.723585687019582,26.533449172973633,26.533449172973633,253000
2025-09-11,26.647527848212352,26.828155517578125,26.647527848212352,26.828155517578125,22700
2025-09-12,26.809143846754367,26.894705086884883,26.695061588821687,26.799636840820312,24300
2025-09-15,26.970758691134154,27.037305917842239,26.932730668286144,26.989770889282227,14700
2025-09-16,26.980264244727039,27.008785262244828,26.866183801207796,26.894704818725586,67700
2025-09-17,26.91371728547702,27.037306549343754,26.799636840820312,26.799636840820312,9400
2025-09-18,26.75210364456629,26.761610651151894,26.657037205262455,26.685556411743164,14300
2025-09-19,26.628515678637747,26.676048897384881,26.580980646614549,26.599994659423828,7400
2025-09-22,26.541398182329701,26.599035547091724,26.435733344667089,26.551004409790039,13600
2025-09-23,26.685489847189274,26.76233783491665,26.599035631970906,26.704700469970703,24400
2025-09-24,26.502975649271836,26.599036093648508,26.368492126464844,26.368492126464844,50100
2025-09-25,26.272432709497835,26.272432709497835,26.118736725364958,26.157159805297852,10600
2025-09-26,26.368490592339185,26.512580334420722,26.243611472254834,26.474155426025391,64700
2025-09-29,26.454944522521043,26.560609355082871,26.435732068527816,26.522186279296875,15500
2025-09-30,26.599034815732058,26.723912104881755,26.502974375970485,26.714305877685547,20900
2025-10-01,26.752729966105296,26.800759268413028,26.666275756191023,26.723911285400391,116000
2025-10-02,26.675884894933343,26.675884894933343,26.474157772380114,26.579824447631836,13100
2025-10-03,26.647065563675696,26.752732236360181,26.599036257292163,26.675884246826172,15500
2025-10-06,26.762337013666581,26.781547635858498,26.637457892316387,26.714305877685547,9700
2025-10-07,26.608640773208574,26.627851395205763,26.44533857692937,26.474155426025391,14500
2025-10-08,26.358883810609907,26.358883810609907,26.234004693153203,26.282035827636719,12500
2025-10-09,26.330066416801657,26.330066416801657,26.061097547149423,26.089916229248047,90500
2025-10-10,26.214795173982449,26.22439956908261,25.945826306165003,26.003461837768555,25000
2025-10-13,26.272429600740015,26.378094432202875,26.253217146946607,26.282035827636719,10800
2025-10-14,26.310854028778454,26.579822899112635,26.310854028778454,26.531793594360352,62800
2025-10-15,26.493367880223058,26.58942831901091,26.406913668534038,26.474155426025391,43100
2025-10-16,26.704698831597124,26.781546814609758,26.579821546276754,26.723911285400391,52300
2025-10-17,26.714306681109843,26.819973351245512,26.627852465944393,26.771944046020508,21600
2025-10-20,26.89682279599867,26.89682279599867,26.810368576149763,26.887216567993164,11100
2025-10-21,26.752732317240497,26.877609613535576,26.733519861748761,26.829580307006836,10800
2025-10-22,26.896821598945508,27.021698893058076,26.829579838100234,27.012094497680664,8400
2025-10-23,27.19460350694817,27.261845258352725,27.108149303085082,27.233028411865234,11300
2025-10-24,27.108152657468793,27.185000644611844,27.060123352579588,27.127365112304688,9000
2025-10-27,27.088942302206977,27.194607140446273,27.040911164643159,27.146577835083008,13500
2025-10-28,27.088942569202338,27.185001180875645,27.002488352935902,27.165790557861328,51000
2025-10-29,27.03130376080755,27.03130376080755,26.695094973494403,26.762336730957031,28200
2025-10-30,26.512580692186923,26.695095345126681,26.512580692186923,26.647064208984375,5000
2025-10-31,26.454945072219335,26.512580603196145,26.416520163434466,26.493368148803711,5900
2025-11-03,26.310853867709284,26.464549840616343,26.291643245246291,26.378095626831055,37700
2025-11-04,26.349278584139935,26.464549646876097,26.282036825510421,26.358884811401367,13400
2025-11-05,26.454946066283345,26.570217132568359,26.435733611168988,26.570217132568359,19000
2025-11-06,26.714305595483385,26.762336730957031,26.579822080558124,26.762336730957031,25900
2025-11-07,26.733519394521029,27.031305120636052,26.68549008883171,27.012094497680664,22800
2025-11-10,26.887217291595988,26.954459057243525,26.781550612892314,26.944852828979492,20000
2025-11-11,27.10815228447704,27.242637634277344,27.088941662106006,27.242637634277344,8000
2025-11-12,27.146577743621933,27.271455036466023,27.098546606219937,27.21381950378418,35600
2025-11-13,27.031303852263495,27.079334987899649,26.906426564010463,26.916032791137695,11600
2025-11-14,26.868001118645768,26.935244707192773,26.858394891710482,26.877607345581055,16300
2025-11-17,26.877608614897447,26.944850374419548,26.685489563720083,26.752731323242188,14900
2025-11-18,26.579824447631836,26.723914202483776,26.483764000330329,26.579824447631836,58200
2025-11-19,26.570217604320327,26.599036287503534,26.387702941894531,26.387702941894531,11800
2025-11-20,26.454944335552252,26.512579864924135,26.109127494920056,26.214794158935547,35800
2025-11-21,26.282037817582538,26.435733795166016,26.25321913471042,26.435733795166016,15700
2025-11-24,26.435733702934087,26.512581691457711,26.339673259229418,26.502975463867188,25600
2025-11-25,26.541397719011961,26.81997281389717,26.541397719011961,26.733518600463867,17100
2025-11-26,26.858395339797198,26.992880686934416,26.733518051956001,26.983274459838867,15400
2025-11-28,26.944851362934227,27.088942946854143,26.944851362934227,27.050518035888672,2100
2025-12-01,26.800759268413028,26.925638385933837,26.723911285400391,26.723911285400391,70100
2025-12-02,26.925640021381184,26.925640021381184,26.666277375884835,26.771944046020508,24100
2025-12-03,26.858396530151367,26.954456973163751,26.733519236775656,26.858396530151367,8100
2025-12-04,26.848790672959016,26.848790672959016,26.743124008178711,26.743124008178711,7600
2025-12-05,26.733520430433991,26.752732886334421,26.570218219681621,26.579824447631836,10500
2025-12-08,26.570217140969795,26.570217140969795,26.349279403686523,26.349279403686523,20200
2025-12-09,26.378094896037979,26.493367788624951,26.320459365844727,26.320459365844727,41600
2025-12-10,26.378096794606879,26.551005229832224,26.378096794606879,26.541399002075195,6800
2025-12-11,26.618244796691975,26.762336368963421,26.589427947998047,26.589427947998047,26500
2025-12-12,26.666278019109345,26.752732236360181,26.608642485008989,26.675884246826172,15100
2025-12-15,26.723915730250546,26.868005493339886,26.675886419954349,26.695098876953125,9900
2025-12-16,26.848792050135017,26.848792050135017,26.704700469970703,26.704700469970703,50100
2025-12-17,26.791154132019233,26.839185268482463,26.637458159737914,26.733518600463867,10400
2025-12-18,26.848790496975642,27.002486463539331,26.848790496975642,26.877607345581055,18400
2025-12-19,26.896821975708008,26.983276192920258,26.858397064857854,26.896821975708008,28800
2025-12-22,26.877420790148022,26.964716786257878,26.780426883395009,26.935619354248047,22700
2025-12-23,27.090811546765693,27.139308499643931,26.974416269801686,27.061712265014648,43800
2025-12-24,27.216905956589287,27.284802433684131,27.022916286324051,27.275104522705078,29100
2025-12-26,27.255704051150325,27.284801483154297,27.129609012332502,27.284801483154297,28400
2025-12-29,27.226605475883225,27.333300996107994,27.158708999391184,27.236305236816406,34500
2025-12-30,27.333302134226376,27.391498852208461,27.265405654907227,27.265405654907227,13700
2025-12-31,27.246004569373586,27.35270008792083,27.158708572387695,27.158708572387695,11400
2026-01-02,27.3914964717214,27.3914964717214,27.19750681195989,27.352699279785156,163300
2026-01-05,27.216905214681844,27.488492965698242,27.178108021702471,27.488492965698242,39700
2026-01-06,27.459393132206273,27.478792653326629,27.304200663323765,27.391496658325195,36800
2026-01-07,27.672784805297852,27.730981519966477,27.566089286705203,27.672784805297852,30900
2026-01-08,27.730980472661997,27.886172939277373,27.730980472661997,27.827976226806641,22700
2026-01-09,27.750380762667987,27.857074430148248,27.556389249001754,27.798877716064453,287800
2026-01-12,27.88617312631375,27.93467007869128,27.827976413452685,27.86677360534668,24500
2026-01-13,27.740678809146075,27.924970547557155,27.575786590576172,27.575786590576172,39300
2026-01-14,27.595186544605721,27.653383255004883,27.546687744239694,27.653383255004883,47400
2026-01-15,27.798876945551207,27.866773418440417,27.750379993498949,27.827976226806641,98100
2026-01-16,27.983169555664062,28.002569077098773,27.847374755661278,27.983169555664062,21200
2026-01-20,27.769778936910779,27.779478697773769,27.546689987182617,27.546689987182617,26300
2026-01-21,27.546687064521361,27.566086584189087,27.35269741796418,27.5369873046875,18900
2026-01-22,27.721283079435182,27.827978603109308,27.672786123241647,27.740682601928711,18500
2026-01-23,27.68248352060974,27.837675987225118,27.614585197680398,27.827976226806641,13600
2026-01-26,28.12866022552231,28.177157175550292,27.963768005371094,27.963768005371094,45400
2026-01-27,28.109262311703912,28.274154541277337,28.080164880040471,28.254755020141602,29900
2026-01-28,28.245058365222633,28.303255081176758,28.118963322275075,28.303255081176758,51100
2026-01-29,28.555442346301437,28.642738342285156,28.274154837011626,28.642738342285156,45300
2026-01-30,28.429346945339617,28.429346945339617,28.12866176858325,28.235357284545898,18800
2026-02-02,28.09956317041701,28.138362213543562,28.021966934204102,28.021966934204102,65300
2026-02-03,28.03166577088566,28.196557998657227,28.03166577088566,28.196557998657227,36600
2026-02-04,28.439047873943593,28.536043633344377,28.293555159862539,28.448747634887695,32800
2026-02-05,28.196557566694615,28.293553319787264,28.118961334228516,28.118961334228516,14600
2026-02-06,28.371149617168815,28.477845130818867,28.371149617168815,28.468145370483398,35800
2026-02-09,28.652438068498263,28.846427731530884,28.613639025867631,28.80763053894043,28700
2026-02-10,29.001617678274929,29.176209654839557,28.933721209619801,29.040416717529297,34800
2026-02-11,29.185910718632872,29.350802942751027,29.185910718632872,29.27320671081543,18200
2026-02-12,29.273208778353364,29.273208778353364,29.127716064453125,29.127716064453125,4700
2026-02-13,29.127714928023124,29.185911641304607,28.904624135370494,29.098615646362305,17300
2026-02-17,29.079216277775046,29.312004982162101,28.962822850601608,29.302305221557617,49300
2026-02-18,29.2053118725755,29.21501163336497,28.933724120590998,29.050119400024414,21900
2026-02-19,28.924024117801114,29.011320114135742,28.788231167965115,29.011320114135742,22000
2026-02-20,29.040418900654206,29.312004795691298,29.001619858483103,29.263507843017578,32300
2026-02-23,29.253806756966288,29.331402987752401,29.156811005973626,29.195610046386719,43500
2026-02-24,29.234407424926758,29.34110293670944,29.215009754635432,29.234407424926758,8200
2026-02-25,29.234408286638612,29.447799316493874,29.234408286638612,29.38960075378418,11200
2026-02-26,29.496295224791414,29.554491935401295,29.418698993964885,29.544792175292969,13100
2026-02-27,29.409001068524791,29.535096107759337,29.379903636424658,29.525396347045898,10300
2026-03-02,28.875528214749306,29.001621408464079,28.6233399772795,28.856128692626953,185700
2026-03-03,28.070466127087784,28.293555078036235,27.692182851522769,28.264455795288086,44500
2026-03-04,28.274155982321417,28.439048220298876,28.118963505406192,28.342052459716797,34800
2026-03-05,28.12866022552231,28.12866022552231,27.818275305247095,27.963768005371094,15300
2026-03-06,27.692182198544007,27.905573233584899,27.692182198544007,27.798877716064453,18500
2026-03-09,27.294502597420028,27.779479555299076,27.158709641226782,27.701883316040039,25800
2026-03-10,27.87647281112929,28.07046431685956,27.769777297973633,27.769777297973633,8600
2026-03-11,27.498192052061793,27.536989244089668,27.323600062835979,27.372097015380859,12600
2026-03-12,27.081110921005358,27.081110921005358,26.867721745102145,26.906518936157227,26300
2026-03-13,26.935619547818465,27.081112259033738,26.576735800116612,26.625234603881836,24800
2026-03-16,27.119910541820033,27.275104870065032,27.061713825003327,27.16840934753418,55200
2026-03-17,27.488493188377888,27.59518870750583,27.352700236789751,27.362398147583008,11300
2026-03-18,27.343000486986881,27.352700247824263,27.013216018676758,27.013216018676758,30900
2026-03-19,26.654333374363379,27.032616662564191,26.654333374363379,26.877422332763672,21200
2026-03-20,26.790125059107979,26.790125059107979,26.149953842163086,26.149953842163086,228500
2026-03-23,26.451789612941134,26.647150695607568,26.295501492048533,26.324806213378906,44100
2026-03-24,26.148980834048572,26.33457180765156,26.041532055466931,26.17828369140625,11900
2026-03-25,26.412718035618649,26.432252653050199,26.256428054456965,26.383413314819336,10500
2026-03-26,26.021994566904304,26.129443341322702,25.758259545397426,25.826635360717773,27000
2026-03-27,25.611737263372945,25.670346700764821,25.474985635660961,25.572666168212891,27500
2026-03-30,25.601969947793432,25.748491683459953,25.465218315146021,25.533594131469727,64600
2026-03-31,25.816867646445335,26.100139153267225,25.670347773047716,26.002460479736328,33100
2026-04-01,26.539699039665859,26.656916049191761,26.217354592346076,26.442018508911133,84800
2026-04-02,26.20758773830288,26.451788146547635,26.002460289665891,26.344339370727539,30700
2026-04-06,26.393179432903217,26.569004017359013,26.334569996017166,26.412715911865234,14400
2026-04-07,26.393180139773975,26.48109243435637,26.217355550609188,26.402948379516602,115200
2026-04-08,27.633718649580256,27.819309615446961,27.301605950627629,27.36998176574707,22300
2026-04-09,27.106243671194679,27.409051637384749,27.057404337748299,27.282068252563477,18100
2026-04-10,27.428588653079704,27.487196226983176,27.301605265771983,27.457893371582031,72400
2026-04-13,27.164852475716415,27.457894078985838,27.076940181045714,27.448125839233398,14900
2026-04-14,27.780240547279444,27.98536800761028,27.760704066361832,27.9169921875,12800
2026-04-15,27.907222532306427,28.024439548768513,27.799773755807955,27.936527252197266,14800
2026-04-16,28.073280308638171,28.073280308638171,27.87792108876614,27.9169921875,12000
2026-04-17,28.317479129726351,28.473767242027947,28.200263977050781,28.200263977050781,10300
2026-04-20,28.092814906732269,28.122119626144642,28.004902611596396,28.073278427124023,14900
2026-04-21,27.995134261323017,28.03420722038533,27.584877506674896,27.604413986206055,12600
2026-04-22,27.85838359478446,27.897454692097508,27.672790759018913,27.721630096435547,26700
2026-04-23,27.731398566806991,27.829079105552648,27.467663534225427,27.536039352416992,18200
2026-04-24,27.614183642308568,27.682559461073392,27.506734862477369,27.584878921508789,7000
2026-04-27,27.604414183412938,27.643485279653145,27.487197168489832,27.496965408325195,12800
2026-04-28,27.272302858114308,27.428590977167005,27.272302858114308,27.321142196655273,16400
2026-04-29,27.174620342672245,27.174620342672245,26.989027516124466,27.008563995361328,16300
2026-04-30,27.369983224947724,27.65325474027361,27.369983224947724,27.584878921508789,19700
2026-05-01,27.555573261598045,27.71186323743575,27.526270404898256,27.545806884765625,18700
2026-05-04,27.40905353683732,27.40905353683732,27.145318509608384,27.203926086425781,31400
2026-05-05,27.311372818421166,27.50673389064815,27.311372818421166,27.389518737792969,16800
2026-05-06,27.84861326732673,28.004901371067159,27.84861326732673,27.907220840454102,20600
2026-05-07,27.877918092581787,27.877918092581787,27.48719596862793,27.48719596862793,17300
2026-05-08,27.643485790836124,27.790007527974801,27.536038876862719,27.594646453857422,14900
2026-05-11,27.623952361325863,27.692328181275709,27.487198858324813,27.526271820068359,9800
2026-05-12,27.272302119569289,27.301606839761089,27.116014004748941,27.17462158203125,21200
2026-05-13,27.106245748603058,27.213694526141285,27.037869931297383,27.096477508544922,18000
2026-05-14,27.057406595947803,27.076941213096017,26.891350240029517,26.910884857177734,12000
2026-05-15,26.647149037018963,26.676451893424087,26.481092686018687,26.529932022094727,49200
2026-05-18,26.627613283537993,26.764364918761398,26.490861648314588,26.598308563232422,39800
2026-05-19,26.705755447597745,26.705755447597745,26.481091530489412,26.676450729370117,8700
2026-05-20,26.617844193468059,27.018332709349206,26.43225136366177,26.949956893920898,42000
2026-05-21,26.842509529596679,27.10624642847754,26.725294372161635,26.930421829223633,16900
2026-05-22,26.822971818582822,26.822971818582822,26.666683707104358,26.764364242553711,7500
2026-05-26,27.037870392314392,27.086709730336544,26.901118755371321,26.959726333618164,16600
2026-05-27,27.116013956205723,27.116013956205723,26.940189361572266,26.940189361572266,12500
2026-05-28,26.910883952950019,27.125781502271362,26.910883952950019,27.028100967407227,42900
2026-05-29,27.164852103053814,27.233227917281624,27.008563995361328,27.008563995361328,16700
2026-06-01,26.676451911374016,26.764364206851035,26.461556224153103,26.608076095581055,39100
2026-06-02,26.656917987989459,26.656917987989459,26.471325152367154,26.520164489746094,47100
2026-06-03,26.354106388933928,26.354106388933928,26.129442470907787,26.256425857543945,11200
2026-06-04,26.315035788119626,26.461555656403903,26.256426350324951,26.275962829589844,13300
2026-06-05,26.207586896277853,26.207586896277853,25.807098388671875,25.807098388671875,394100
2026-06-08,26.285731706445368,26.432251578281601,25.943850763426649,25.953619003295898,34500
2026-06-09,26.227123967958189,26.344339119460994,26.031762897985192,26.217355728149414,282500
2026-06-10,26.412717543195061,26.559237418257347,26.236892947879802,26.363876342773438,19000
2026-06-11,26.490861679549166,26.871813728464272,26.3248053238244,26.754596710205078,21700
2026-06-12,26.930421137689102,27.057406395267829,26.862045320424226,27.018333435058594,60600
2026-06-15,26.989026766045374,27.047636202127087,26.822970423349496,26.862043380737305,51100
2026-06-16,26.783901198241214,26.920652832439774,26.705757141113281,26.705757141113281,9200
2026-06-17,26.735062497313457,26.774133595256409,26.305269241333008,26.305269241333008,11000
2026-06-18,26.344339353303798,26.344339353303798,26.197819481074106,26.266195297241211,11400
2026-06-22,26.194997611379367,26.293884352654182,26.115888595581055,26.115888595581055,13600
2026-06-23,26.017001365604258,26.135665830126594,25.95767007639693,26.007112503051758,21000
2026-06-24,26.402659629827752,26.48176864464677,26.303772889777058,26.392770767211914,31700
2026-06-25,26.64987635936836,26.689429924944726,26.521323027502742,26.659763336181641,8600
2026-06-26,26.788316589591748,26.897092195296736,26.738874161239156,26.837759017944336,16500
2026-06-29,26.758649885617526,26.906979056143914,26.669652006080145,26.887203216552734,24300
2026-06-30,26.580654203482723,26.709207534790039,26.580654203482723,26.709207534790039,35500
2026-07-01,26.471879999414575,26.728984771214616,26.442213411323443,26.600431442260742,31500
2026-07-02,26.995976234453305,27.005865097045898,26.827869342594624,27.005865097045898,20800
2026-07-06,27.005865409559586,27.12452987593619,26.936645256718112,27.035531997680664,11400
2026-07-07,27.183861909812428,27.183861909812428,26.995977285453886,27.045421600341797,22900
2026-07-08,26.916867566117041,26.916867566117041,26.62020922895341,26.728984832763672,11900
2026-07-09,26.817983453264791,26.877314745117843,26.719096709437867,26.738874435424805,549200
2026-07-10,26.936646073519544,27.025643954473754,26.867425918579102,26.867425918579102,11700
2026-07-13,26.877314781585987,26.94653493652643,26.738874471705106,26.867425918579102,28000
2026-07-14,27.035532309851799,27.114641326313748,26.936645567747433,27.06519889831543,10700
2026-07-15,27.114641848989738,27.302526473999023,27.075086396942407,27.302526473999023,18400
2026-07-16,27.094863949879656,27.253081984842723,27.025643795346785,27.223417282104492,58000
2026-07-17,27.302525483436259,27.431076925710574,27.24319230751793,27.391523361206055,5900
2026-07-20,27.262970847791383,27.332191002324254,27.164084104412527,27.223417282104492,16400
2026-07-21,27.322301260378566,27.322301260378566,27.203638681027684,27.262969970703125,8600
2026-07-22,27.342079298949361,27.39152361266855,27.282748008594051,27.292636871337891,7000
2026-07-23,27.213528068418114,27.213528068418114,26.995976858566962,27.06519889831543,6600
2026-07-24,27.154194679031878,27.342079298949361,27.045420961065098,27.292636871337891,22300
2026-07-27,27.411300369009695,27.520075976722946,27.322302487445722,27.381635665893555,22000
2026-07-28,27.49040885843009,27.767291360867887,27.440966430116219,27.57940673828125,66700
2026-07-29,27.58929443359375,27.816732611984811,27.510185419974789,27.58929443359375,6000
2026-07-30,27.836510860313151,28.133171081542969,27.816733135009624,28.133171081542969,13800
2026-07-31,27.915620884017695,27.915620884017695,27.559631246230698,27.737625122070312,15200
