date,Open,High,Low,Close,Volume
2004-01-30,27.43401609040173,27.43401609040173,27.32305908203125,27.32305908203125,13200
2004-02-02,27.41736063190174,27.605986838777273,27.323048586628026,27.411813735961914,2900
2004-02-03,27.472840499848267,27.472840499848267,27.406267166137699,27.406267166137695,3800
2004-02-04,27.35080231888038,27.35080231888038,27.20101065030871,27.289775848388672,181800
2004-02-05,27.250941206499267,27.345255419894432,27.234298393212168,27.289775848388672,3100
2004-02-06,27.361889018038809,27.561611175537106,27.361889018038809,27.561611175537109,7300
2004-02-09,27.628181563143844,27.655920278418751,27.550512313842773,27.550512313842773,11100
2004-02-10,27.517214792348376,27.644816646590471,27.517214792348376,27.605979919433594,1800
2004-02-11,27.739141515918007,28.066463470458984,27.689210976536213,28.066463470458984,5000
2004-02-12,27.994338088369492,28.038721725842105,27.944407554376966,27.955503463745117,15600
2004-02-13,27.911116994088012,27.911116994088012,27.827898746745237,27.844541549682617,8200
2004-02-17,28.016541740867527,28.049829483032223,28.005445826812629,28.049829483032227,3300
2004-02-18,28.016529723955315,28.038721542546551,27.933311462402344,27.933311462402344,1000
2004-02-19,28.083103141226371,28.088652154053708,28.010982905097453,28.033172607421875,7200
2004-02-20,27.961041907403352,27.961041907403352,27.605979290820017,27.816797256469727,5100
2004-02-23,27.844552966877913,27.844552966877913,27.739144977840489,27.794622421264648,11200
2004-02-24,27.733603025775395,27.81681920575161,27.628192901611328,27.628192901611328,6400
2004-02-25,27.766878346294526,27.839000701904297,27.739139629930275,27.839000701904297,2600
2004-02-26,27.839011452047608,27.905584820295054,27.783533997896271,27.872299194335938,2000
2004-02-27,27.961052371292961,28.033172607421879,27.938860552640229,28.033172607421875,129700
2004-03-01,28.155231205183014,28.260639190673825,28.133039382028503,28.260639190673828,3600
2004-03-02,28.210721586941059,28.210721586941059,28.099766652931187,28.138601303100586,3300
2004-03-03,28.083121719765938,28.177435953269981,28.016548336094072,28.138601303100586,21800
2004-03-04,28.194053115626062,28.205149022196547,28.177410313934228,28.199602127075195,5200
2004-03-05,28.33830732460844,28.410427567103689,28.282827773079212,28.377141952514648,3300
2004-03-08,28.43262033533361,28.43262033533361,28.238447189331051,28.238447189331055,6300
2004-03-09,28.13859313016636,28.13859313016636,27.944417819388434,28.022087097167969,4200
2004-03-10,27.98878631971677,27.98878631971677,27.58934211730957,27.58934211730957,1500
2004-03-11,27.406265563300835,27.522769419562714,27.151063919067383,27.151063919067383,7600
2004-03-12,27.239830963723865,27.406267474364313,27.228737171587436,27.328596115112305,5800
2004-03-15,27.300854537178875,27.300854537178875,27.062297821044922,27.062297821044922,11200
2004-03-16,27.195447549830767,27.245378076275571,27.139968011376538,27.151063919067383,6100
2004-03-17,27.417377510924073,27.589361019530628,27.406283712214719,27.567169189453125,21900
2004-03-18,27.472841446715737,27.495033264160156,27.372980384544054,27.495033264160156,1100
2004-03-19,27.517228566799908,27.52277758045469,27.295316696166989,27.295316696166992,2000
2004-03-22,27.101134498707541,27.101134498707541,26.796004431903938,26.857030868530273,6500
2004-03-23,27.006828060332829,27.006828060332829,26.86813235423676,26.884775161743164,4400
2004-03-24,26.884769545309005,26.884769545309005,26.629570007324219,26.629570007324219,3200
2004-03-25,26.80711079644318,26.995737075805664,26.80711079644318,26.995737075805664,1200
2004-03-26,27.073399997770789,27.184356980139079,27.04566128126082,27.128879547119141,3700
2004-03-29,27.240458046938215,27.413394257728111,27.240458046938215,27.357608795166016,6300
2004-03-30,27.379910306320944,27.552846431684021,27.379910306320944,27.541688919067383,23500
2004-03-31,27.569585103959277,27.614215160038899,27.502642147918049,27.558429718017578,6800
2004-04-01,27.58075204941828,27.770425596460512,27.58075204941828,27.725797653198242,3300
2004-04-02,27.948941625667445,27.948941625667445,27.714640135362945,27.725797653198242,11400
2004-04-05,27.848526921636442,27.948942457062259,27.820634190257934,27.915472030639648,16200
2004-04-06,27.932214235215998,27.965686798095703,27.88758627945592,27.965686798095703,4700
2004-04-07,27.898723038260311,27.915460372560748,27.809465058277688,27.826202392578125,7000
2004-04-08,27.893143562685008,27.960086511373621,27.697892408977399,27.764835357666016,6500
2004-04-12,27.86525726318359,27.937780049013202,27.848519926097705,27.865257263183594,3400
2004-04-13,27.937784091639358,27.937784091639358,27.48591423034668,27.48591423034668,9700
2004-04-14,27.357603364963818,27.441281542197711,27.184665060421406,27.234872817993164,28200
2004-04-15,27.474760352191861,27.474760352191861,27.251614239216551,27.396659851074219,3300
2004-04-16,27.391065690859648,27.591896661803293,27.391065690859648,27.541688919067383,3900
2004-04-19,27.558441186102041,27.558441186102041,27.424553090225604,27.513811111450195,3400
2004-04-20,27.614216808546775,27.64210953122257,27.485908581775451,27.591901779174805,11200
2004-04-21,27.318559509767365,27.335294723510746,27.095413395486673,27.335294723510742,7600
2004-04-22,27.363183756607267,27.764845856781069,27.363183756607267,27.742530822753906,6500
2004-04-23,27.670001639292572,27.670001639292572,27.536115722191294,27.642108917236328,9800
2004-04-26,27.697903612402801,27.697903612402801,27.524965286254883,27.524965286254883,700
2004-04-27,27.742516414118487,27.775988947774593,27.658838272094723,27.658838272094727,3700
2004-04-28,27.558434591660518,27.558434591660518,27.324131011962891,27.324131011962891,69000
2004-04-29,27.391072083400822,27.391072083400822,27.006147384643555,27.006147384643555,3100
2004-04-30,27.112147120996859,27.156777192634802,27.089834213256836,27.089834213256836,700
2004-05-03,27.089833142543014,27.279506683349609,27.089833142543014,27.279506683349609,4200
2004-05-04,27.335283274682755,27.513799240107897,27.212552750423654,27.379913330078125,16800
2004-05-05,27.418969028007957,27.446861754148877,27.379918785794949,27.413389205932617,6200
2004-05-06,27.335287171110632,27.335287171110632,27.03404063848609,27.167928695678711,5800
2004-05-07,27.140041615681298,27.140041615681298,26.716064453125004,26.716064453125,4100
2004-05-10,26.498494242080074,26.498494242080074,26.135882417009643,26.308820724487305,17300
2004-05-11,26.437126502456994,26.476176741136793,26.403656085347684,26.465019226074219,5000
2004-05-12,26.414798526521103,26.582159042358402,26.147024680489732,26.582159042358398,12900
2004-05-13,26.554264204333947,26.777410140065435,26.554264204333947,26.582159042358398,3100
2004-05-14,26.693738113052113,26.693738113052113,26.554272392235589,26.654687881469727,4200
2004-05-17,26.453863067579327,26.459442889435952,26.292084411071958,26.392499923706055,3500
2004-05-18,26.554264204333947,26.582159042358402,26.465006255656821,26.582159042358398,88000
2004-05-19,26.771849277546931,26.861107282329822,26.515230651727261,26.526388168334961,10400
2004-05-20,26.492911681341191,26.56543233057041,26.487331860275429,26.543119430541992,12300
2004-05-21,26.665853294337534,26.749533602849183,26.610067840715534,26.621225357055664,5800
2004-05-24,26.833215197484407,26.833215197484407,26.587756191005809,26.716064453125,113800
2004-05-25,26.682582391484399,27.11213493347168,26.610059621712864,27.11213493347168,13600
2004-05-26,27.106569426081592,27.195827441278528,27.061939354443648,27.089834213256836,22500
2004-05-27,27.273926860575934,27.340869837308006,27.16793363674358,27.279506683349609,118100
2004-05-28,27.201399048236965,27.290657043457031,27.201399048236965,27.290657043457031,6400
2004-06-01,27.206981847915493,27.307397369538833,27.190246637004506,27.296239852905273,35600
2004-06-02,27.418967726724201,27.418967726724201,27.2516071216643,27.407810211181641,46700
2004-06-03,27.279505603802864,27.385498823440692,27.257190569748971,27.27392578125,327400
2004-06-04,27.40223503112793,27.424550065993067,27.40223503112793,27.40223503112793,30900
2004-06-07,27.497071832691461,27.74253082275391,27.497071832691461,27.742530822753906,207500
2004-06-08,27.675590379029991,27.748113182209373,27.625382611917953,27.692325592041016,244100
2004-06-09,27.697898675865709,27.697898675865709,27.54169558947936,27.564010620117188,21400
2004-06-10,27.591911019506888,27.670011520385742,27.575175805912576,27.670011520385742,4100
2004-06-14,27.469185400669588,27.469185400669588,27.363190028783755,27.391082763671875,9200
2004-06-15,27.591911118378523,27.658856229153752,27.485917885102985,27.547283172607422,93900
2004-06-16,27.552839056448665,27.675569534301758,27.552839056448665,27.675569534301758,3200
2004-06-17,27.580752070025273,27.692325120382701,27.580752070025273,27.681167602539062,6600
2004-06-18,27.815041668549519,27.870827101570395,27.775991439819336,27.775991439819336,221800
2004-06-21,27.781567219304971,27.854089979701666,27.731359481811523,27.731359481811523,4100
2004-06-22,27.614218027594074,27.809469223022461,27.614218027594074,27.809469223022461,3900
2004-06-23,27.820628223118362,27.948936462402347,27.787157803874692,27.948936462402344,82600
2004-06-24,28.093979504598778,28.093979504598778,27.999141693115231,27.999141693115234,3000
2004-06-25,28.060513776570325,28.071671294048013,27.937785340473475,28.004728317260742,55800
2004-06-28,27.973318804301652,28.02939917993583,27.81068271990166,27.816289901733398,2700
2004-06-29,27.833115597324252,27.900412475640259,27.777033082619926,27.883588790893555,5000
2004-06-30,27.883595212721378,27.962108612060547,27.805081813382209,27.962108612060547,2300
2004-07-01,27.782653121016363,27.810693319520542,27.653666496433125,27.704139709472656,3900
2004-07-02,27.664866652083788,27.777027379806704,27.664866652083788,27.748987197875977,3100
2004-07-06,27.709750873055278,27.709750873055278,27.552724027416005,27.636844635009766,20000
2004-07-07,27.676079661916468,27.676079661916468,27.575133300432253,27.659255981445312,54500
2004-07-08,27.648048886006123,27.648048886006123,27.479805606079672,27.491022109985352,9000
2004-07-09,27.603181116805722,27.603181116805722,27.524667739868164,27.524667739868164,1400
2004-07-12,27.603183299167799,27.631223487529688,27.502236909601613,27.625614166259766,13400
2004-07-13,27.659272726377964,27.659272726377964,27.569542810661545,27.653665542602539,4600
2004-07-14,27.552688519087852,27.765795495149554,27.552688519087852,27.648025512695312,6600
2004-07-15,27.648045094187516,27.68169460128966,27.541491530691012,27.591964721679688,3400
2004-07-16,27.676084554295848,27.676084554295848,27.51345062255859,27.513450622558594,1900
2004-07-19,27.535882102862896,27.569531609834311,27.451761544427974,27.524667739868164,5000
2004-07-20,27.535880729272446,27.636827105822036,27.429327171505197,27.597570419311523,6300
2004-07-21,27.777044573325394,27.777044573325394,27.345218658447266,27.345218658447266,6900
2004-07-22,27.311565067991328,27.373254776000977,27.188185651972027,27.373254776000977,5700
2004-07-23,27.171347900595411,27.249861255850472,27.087225226062998,27.193780899047852,5600
2004-07-26,27.283514076833562,27.283514076833562,26.969458478230877,27.115268707275391,4200
2004-07-27,27.188172199180368,27.367631912231445,27.188172199180368,27.367631912231445,5600
2004-07-28,27.373250193395922,27.524669776980293,27.205004785416019,27.457370758056641,5900
2004-07-29,27.563933378511823,27.614406585693359,27.479810653432672,27.614406585693359,3600
2004-07-30,27.513467518209939,27.580764432645591,27.462994297550615,27.541507720947266,3100
2004-08-02,27.54148923675287,27.732165482458718,27.496623231020244,27.715339660644531,9300
2004-08-03,27.71534294751795,27.732168771327576,27.620005883023072,27.642438888549805,6600
2004-08-04,27.524670106345223,27.631223678588864,27.462980407924967,27.631223678588867,2400
2004-08-05,27.620007065761921,27.620007065761921,27.328384399414062,27.328384399414062,9500
2004-08-06,27.031163285798673,27.059203483303985,26.812446750195328,26.846094131469727,8400
2004-08-09,26.935810645850481,26.98067665100098,26.89655396100823,26.980676651000977,3700
2004-08-10,26.947021263430933,27.10965728759766,26.947021263430933,27.109657287597656,2100
2004-08-11,27.132097968608562,27.23865152875651,27.008718585773771,27.210611343383789,10000
2004-08-12,27.120892166392494,27.120892166392494,26.862918936260819,26.930215835571289,10200
2004-08-13,26.913384586195683,26.969464963314348,26.857302069747764,26.89655876159668,6100
2004-08-16,26.969458597469977,27.31716156005859,26.969458597469977,27.317161560058594,5000
2004-08-17,27.406895445243986,27.496625324211053,27.31716556627692,27.322774887084961,11900
2004-08-18,27.322778830058901,27.491022109985352,27.317169508441374,27.491022109985352,2000
2004-08-19,27.591975820623343,27.608799511277248,27.496636581814688,27.552719116210938,2000
2004-08-20,27.648041560712443,27.82750129699707,27.648041560712443,27.82750129699707,3600
2004-08-23,27.889206731064252,27.889206731064252,27.681706694937304,27.704139709472656,5900
2004-08-24,27.78263528723884,27.78263528723884,27.63682292568658,27.692905426025391,252900
2004-08-25,27.71533176885707,27.922833777292052,27.698508091162235,27.911617279052734,91300
2004-08-26,27.917242589964061,27.962108612060547,27.889202395818597,27.962108612060547,141200
2004-08-27,27.950890551886111,28.035013268973213,27.934066864200517,28.001363754272461,12100
2004-08-30,28.018185245621748,28.018185245621748,27.9284553527832,27.928455352783203,2600
2004-08-31,27.917231414502243,27.934057235717773,27.821894364705816,27.934057235717773,3800
2004-09-01,28.068652935588307,28.102302441047581,28.035005569458008,28.035005569458008,1600
2004-09-02,28.079878657645612,28.326635360717773,28.079878657645612,28.326635360717773,11200
2004-09-03,28.421979828458941,28.421979828458941,28.321033399650414,28.354682922363281,14500
2004-09-07,28.511694741670542,28.618248298511698,28.472438055501225,28.556558609008789,271800
2004-09-08,28.528526636581883,28.556566829155908,28.444406058859801,28.466836929321289,429900
2004-09-09,28.489261455302991,28.517301639526938,28.365884216851835,28.45561408996582,53100
2004-09-10,28.478048196749103,28.567778080081283,28.365887447080755,28.545347213745117,3800
2004-09-13,28.573393622565831,28.601433816088225,28.500487407943897,28.517311096191406,16700
2004-09-14,28.584600932840253,28.584600932840253,28.511694741670542,28.556558609008789,9300
2004-09-15,28.578995224607805,28.578995224607805,28.421968460083008,28.421968460083008,6500
2004-09-16,28.517300268393114,28.567773453301001,28.517300268393114,28.52851676940918,2900
2004-09-17,28.59021786842878,28.713597289529236,28.59021786842878,28.663124084472656,9400
2004-09-20,28.635083331912881,28.635083331912881,28.511703913218781,28.517311096191406,73800
2004-09-21,28.595814181281611,28.764057408485357,28.584597680890866,28.736017227172852,109500
2004-09-22,28.399530661830859,28.455613167790187,28.349057476131893,28.371490478515625,5400
2004-09-23,28.287366132359757,28.287366132359757,28.197636267409454,28.208852767944336,5700
2004-09-24,28.18642449081646,28.315413198921242,28.18642449081646,28.292980194091797,2000
2004-09-27,28.205541734409639,28.205541734409639,27.443992968345402,28.160411834716797,5900
2004-09-28,28.171698734134115,28.352214057432128,28.171698734134115,28.324008941650391,171500
2004-09-29,28.261949544070582,28.352207183837891,28.211179487206977,28.352207183837891,33300
2004-09-30,28.194260146011256,28.290160109917945,28.194260146011256,28.273235321044922,1700
2004-10-01,28.459386107438963,28.701953887939453,28.459386107438963,28.701953887939453,3100
2004-10-04,28.882479617248432,28.905044570572144,28.775297164916992,28.775297164916992,35700
2004-10-05,28.741443760709583,28.854266343517171,28.741443760709583,28.786571502685547,13600
2004-10-06,28.854267382030418,28.984012603759766,28.842984908152406,28.984012603759766,9700
2004-10-07,29.040424221670815,29.040424221670815,28.814781188964844,28.814781188964844,9200
2004-10-08,28.741456505394765,28.876841943267756,28.645556514314727,28.662481307983398,376600
2004-10-11,28.70195121643777,28.769643893652347,28.673746113590983,28.724514007568359,317200
2004-10-12,28.53273603339148,28.713251385163957,28.53273603339148,28.662481307983398,85300
2004-10-13,28.679408043542612,28.679408043542612,28.34658241271973,28.346582412719727,52100
2004-10-14,28.431190649583296,28.431190649583296,28.1716979962161,28.205545425415039,3100
2004-10-15,28.318363189697269,28.43118578246737,28.239388020331788,28.318363189697266,226100
2004-10-18,28.301436116000311,28.386053591720934,28.1547682635846,28.374771118164062,317800
2004-10-19,28.41426485688546,28.425547332887184,28.047594070434574,28.04759407043457,471200
2004-10-20,28.019386804474127,28.047594070434574,27.810666378222869,28.04759407043457,225500
2004-10-21,28.041950476327944,28.149132917495194,27.889640285126198,28.081438064575195,319400
2004-10-22,28.109652757211343,28.126575398957062,27.923495090357516,27.951700210571289,493800
2004-10-25,28.39734818221644,28.39734818221644,27.754261978457329,27.912212371826172,875900
2004-10-26,28.008102039382045,28.278874964752539,27.946049507167821,28.245027542114258,384500
2004-10-27,28.233756269918693,28.577864338244392,28.228116106530486,28.560941696166992,31200
2004-10-28,28.555294530292233,28.673759460449215,28.453754391250481,28.673759460449219,12900
2004-10-29,28.718883646226207,28.718883646226207,28.594778569063809,28.71324348449707,235900
2004-11-01,28.786586524531391,28.809151483250446,28.701971157204284,28.747098922729492,5400
2004-11-02,28.826059206540762,28.961446736868314,28.690673828124996,28.690673828125,70300
2004-11-03,29.204020717474474,29.204020717474474,28.950170389339267,28.99530029296875,31600
2004-11-04,29.136324558568479,29.57633030721292,29.096836973531772,29.531200408935547,80200
2004-11-05,29.689151377048766,29.762484230117334,29.519918571019321,29.655303955078125,22800
2004-11-08,29.615823613216563,29.63838856671418,29.570693706221324,29.621463775634766,57000
2004-11-09,29.615818915438169,29.700436401675674,29.58197149056075,29.638383865356445,40200
2004-11-10,29.722994487437479,29.790689326460058,29.64401932715619,29.706071853637695,11500
2004-11-11,29.762489428721199,29.93736457824707,29.728644152750697,29.93736457824707,8900
2004-11-12,29.926083714364605,30.16865158081055,29.897878598899062,30.168651580810547,13600
2004-11-15,30.134799583449066,30.140441896834371,30.016336825302247,30.05018424987793,114400
2004-11-16,30.021976973623197,30.027617134689709,29.920436859130859,29.920436859130859,107600
2004-11-17,30.123519258200723,30.225059380007966,30.123519258200723,30.14044189453125,6500
2004-11-18,30.146088932725359,30.146088932725359,30.050191102427426,30.11224365234375,39700
2004-11-19,30.1178817106453,30.1178817106453,29.796338658012335,29.801980972290039,10400
2004-11-22,29.864029301573247,30.044544611558607,29.785054122443682,29.988134384155273,8800
2004-11-23,30.021980153887778,30.06710790293598,29.931722503879257,30.027620315551758,10800
2004-11-24,30.117874026450995,30.191209029963989,30.106591552686545,30.163003921508789,6800
2004-11-26,30.264556377707109,30.298401660893344,30.236349105834957,30.236349105834961,44200
2004-11-29,30.349166256779913,30.349166256779913,29.982495459699511,30.185573577880859,49700
2004-11-30,30.050182728505124,30.106592948029963,30.038900254217772,30.084030151367188,4800
2004-12-01,30.236349819221658,30.394302368164062,30.225069492501913,30.394302368164062,6600
2004-12-02,30.428140274219285,30.428140274219285,30.309677505170797,30.343524932861328,9700
2004-12-03,30.315319311003378,30.456347029481989,30.258906932464612,30.354806900024414,7100
2004-12-06,30.349165471642387,30.383012899753137,30.258907815259324,30.337882995605469,7100
2004-12-07,30.298397610501034,30.349167680405991,30.06711221469234,30.106599807739258,15600
2004-12-08,30.038898862011695,30.163003921508789,30.038898862011695,30.163003921508789,7700
2004-12-09,30.038902021213726,30.270187377929688,29.943004211998066,30.270187377929688,5400
2004-12-10,30.298380905019663,30.343510787568754,30.25889333374483,30.275815963745117,5500
2004-12-13,30.535328394822567,30.614303588867188,30.428145929836891,30.614303588867188,169400
2004-12-14,30.631227085524756,30.760972358209756,30.614304444017534,30.727127075195312,101500
2004-12-15,30.772248700995007,30.873788833618161,30.749683748876024,30.873788833618164,5400
2004-12-16,30.772243244260633,30.8399359367016,30.653780494510961,30.732755661010742,4700
2004-12-17,30.603027298116732,30.738414909503149,30.603027298116732,30.69328498840332,7400
2004-12-20,30.698906839410039,30.862499477937504,30.698906839410039,30.721471786499023,13200
2004-12-21,30.777894950304013,30.8681526184082,30.766612472801921,30.868152618408203,119400
2004-12-22,31.088142395019531,31.133270134019618,31.026089870971724,31.088142395019531,10400
2004-12-23,31.167115772574366,31.167115772574366,31.099423091983638,31.133268356323242,19900
2004-12-27,31.248060302710982,31.833250556659845,30.986713409423832,30.986713409423828,44700
2004-12-28,31.071922155164927,31.162825481704772,31.071922155164927,31.151464462280273,14600
2004-12-29,31.230986465858525,31.230986465858525,31.077586785033759,31.123037338256836,109800
2004-12-30,31.179856680930442,31.219626732130315,31.09463390418486,31.105997085571289,849200
2004-12-31,31.168493499544017,31.230989913516741,31.100316578530698,31.105997085571289,168100
2005-01-03,31.253723128619402,31.253723128619402,30.81056976318359,30.810569763183594,220600
2005-01-04,30.895797903748797,30.946931159928383,30.509458227571102,30.532184600830078,63700
2005-01-05,30.560591200712601,30.611724456418614,30.395828247070316,30.395828247070312,14200
2005-01-06,30.395825102268574,30.600358103931306,30.395825102268574,30.549224853515625,32700
2005-01-07,30.657172115230097,30.657172115230097,30.384462166541361,30.486728668212891,33000
2005-01-10,30.475355526756339,30.645798918091277,30.384452240224014,30.492399215698242,15100
2005-01-11,30.333336353893984,30.44696606887117,30.310609977437235,30.367425918579102,189100
2005-01-12,30.293567912443017,30.429924011230465,30.145850792121056,30.429924011230469,15700
2005-01-13,30.412873147692068,30.48105226953777,30.20265960693359,30.202659606933594,42300
2005-01-14,30.327649763436295,30.435596779005124,30.270833833684716,30.412870407104492,12900
2005-01-18,30.407193517250228,30.731036769810952,30.361740768038576,30.713993072509766,5900
2005-01-19,30.793524814574116,30.793524814574116,30.520814895629883,30.520814895629883,13800
2005-01-20,30.35606570281962,30.446969050241325,30.248118655039711,30.316295623779297,22500
2005-01-21,30.435599091384024,30.435599091384024,30.145845413208008,30.145845413208008,80000
2005-01-24,30.287875085019088,30.356052023035119,30.179925918579105,30.179925918579102,28700
2005-01-25,30.327656007894205,30.327656007894205,30.22538948059082,30.22538948059082,13200
2005-01-26,30.287864342175371,30.333314895629879,30.19696106796134,30.333314895629883,22600
2005-01-27,30.214029087016538,30.401516292877094,30.214029087016538,30.316295623779297,23200
2005-01-28,30.344699122988835,30.344699122988835,30.111759185791016,30.111759185791016,7100
2005-01-31,30.424232231935175,30.503772362722803,30.384462166541361,30.486728668212891,20300
2005-02-01,30.452637388903707,30.787843754904475,30.452637388903707,30.765119552612305,19600
2005-02-02,30.793537287426293,30.912847518920898,30.793537287426293,30.912847518920898,62900
2005-02-03,30.850341060914744,30.878747940063477,30.782164117496595,30.878747940063477,57300
2005-02-04,30.901480894445296,31.128740310668942,30.901480894445296,31.128740310668945,13100
2005-02-07,31.231019182636377,31.248062887036436,31.162840030421609,31.219655990600586,10800
2005-02-08,31.106002213482657,31.265082444506966,31.106002213482657,31.213949203491211,16200
2005-02-09,31.270766520690923,31.270766520690923,31.077596731233747,31.117366790771484,14100
2005-02-10,31.162826223043727,31.202596293894366,31.08328608134245,31.185552597045898,43600
2005-02-11,31.213963608603642,31.407133478554073,31.106016568777985,31.361682891845703,10300
2005-02-14,31.395778332136931,31.418504714965824,31.321920838903772,31.41850471496582,21000
2005-02-15,31.412817417575368,31.503720761948166,31.395771550482124,31.469631195068359,9800
2005-02-16,31.407126871038329,31.543482937089689,31.350313107778845,31.532119750976562,7800
2005-02-17,31.412800000188838,31.441206873184637,31.310533523559574,31.31053352355957,9000
2005-02-18,31.202594982699747,31.299180984497074,31.202594982699747,31.29918098449707,27500
2005-02-22,31.248061675384992,31.248061675384992,30.833314935043109,30.873085021972656,674500
2005-02-23,30.975335457691436,31.100328332877858,30.895795325229553,31.083282470703125,10000
2005-02-24,31.066231918360046,31.276445388793945,31.066231918360046,31.276445388793945,6300
2005-02-25,31.367367682365675,31.696893692016605,31.356004492311481,31.696893692016602,33400
2005-02-28,31.64574944480167,31.64574944480167,31.373039480005097,31.532119750976562,11400
2005-03-01,31.617330202341336,31.662780761718746,31.583240657329306,31.66278076171875,4700
2005-03-02,31.543482258470611,31.759378455362963,31.543482258470611,31.600296020507812,11900
2005-03-03,31.72530058349864,31.782114366462711,31.503723795709103,31.696893692016602,15300
2005-03-04,31.810496871373374,32.094569883676989,31.810496871373374,31.997983932495117,36300
2005-03-07,31.986647214632598,32.123003326960635,31.986647214632598,32.100276947021484,270100
2005-03-08,32.032072893832854,32.037753400361765,31.884353716420556,31.924123764038086,23000
2005-03-09,31.929818303136511,31.929818303136511,31.537796020507812,31.537796020507812,69900
2005-03-10,31.600282712317178,31.605965386511347,31.40143246162496,31.577558517456055,47400
2005-03-11,31.605987295280901,31.640074694854022,31.407134739442057,31.469631195068359,15600
2005-03-14,31.54348464345437,31.651431666409305,31.463944503665864,31.634387969970703,17300
2005-03-15,31.787777024834192,31.793457532630192,31.48665809631348,31.486658096313477,163600
2005-03-16,31.384400163108758,31.384400163108758,31.140097099425901,31.196910858154297,55900
2005-03-17,31.185542090716673,31.33326130465823,31.168498399610179,31.276445388793945,18500
2005-03-18,31.293495488688713,31.304856506095845,31.054872944327268,31.270769119262695,13400
2005-03-21,31.276437019081602,31.276437019081602,30.958276644605053,31.123037338256836,20400
2005-03-22,31.196906993753622,31.282129788595533,30.742390478310071,30.753753662109375,20200
2005-03-23,30.708289718540087,30.776466629145965,30.606023268978817,30.691246032714844,399400
2005-03-24,30.820366211360749,30.854641405086369,30.654695510864254,30.654695510864258,72300
2005-03-28,30.7518130946657,30.837503256693974,30.723247528076175,30.723247528076172,20600
2005-03-29,30.620430795782944,30.826090760139696,30.460474014282227,30.460474014282227,10500
2005-03-30,30.654703003398357,30.877500534057614,30.614713814779893,30.877500534057617,12900
2005-03-31,31.014608026883987,31.071734816824144,30.968904851533985,30.991756439208984,17900
2005-04-01,31.214553474242305,31.311671630692061,30.786096018766621,30.89463996887207,45100
2005-04-04,30.923204421997074,30.934630216043914,30.706118693601876,30.92320442199707,7000
2005-04-05,30.986043572978041,31.020318774071853,30.923202798643022,30.963191986083984,15300
2005-04-06,31.077437515673036,31.197405038522145,31.048871951830961,31.106000900268555,13300
2005-04-07,31.197422302611098,31.27740069543577,31.180284698219459,31.237411499023438,7800
2005-04-08,31.197409053819914,31.220260636136089,31.01460075378418,31.01460075378418,113300
2005-04-11,31.077447534007252,31.077447534007252,30.974617572917186,31.054595947265625,10700
2005-04-12,30.928910622975295,31.277389650869985,30.780379685785043,31.203123092651367,14900
2005-04-13,31.111706254386423,31.174546995014289,30.791792926457088,30.837493896484375,13800
2005-04-14,30.837496365404931,30.837496365404931,30.54043240908257,30.546146392822266,27300
2005-04-15,30.47760530132123,30.551871868445655,30.026298450019887,30.043436050415039,22600
2005-04-18,30.089138742982108,30.22053428425264,29.952033573587237,30.134841918945312,39400
2005-04-19,30.357644657294081,30.523315429687504,30.334793065395452,30.5233154296875,20000
2005-04-20,30.39762091229381,30.39762091229381,29.957737762131849,29.986303329467773,27400
2005-04-21,30.231957133269788,30.489032043433099,30.083426173646163,30.483320236206055,32100
2005-04-22,30.471902183036569,30.557594567941191,30.277667999267578,30.277667999267578,11400
2005-04-25,30.608999823659694,30.711827601879794,30.563296651786601,30.68897819519043,7300
2005-04-26,30.660409250423569,30.717538208980606,30.449037551879883,30.449037551879883,11200
2005-04-27,30.35192567751109,30.637563971011204,30.220532324010708,30.489030838012695,7600
2005-04-28,30.477606163253164,30.477606163253164,30.163404464721676,30.16340446472168,18100
2005-04-29,30.351919212165047,30.50045013427734,30.157685126789421,30.500450134277344,16100
2005-05-02,30.631850003852708,30.688978970136674,30.483319050008866,30.677553176879883,15800
2005-05-03,30.671825704894065,30.774655619745893,30.523294816356021,30.546146392822266,28600
2005-05-04,30.751821586442013,31.031745910644531,30.660415234909507,31.031745910644531,4400
2005-05-05,31.026033463769494,31.134575235105963,30.780384347207772,30.968904495239258,309100
2005-05-06,31.06603046148032,31.06603046148032,30.906071488632566,30.934637069702148,13800
2005-05-09,30.900352267756329,31.066023009529069,30.848937285111248,30.991756439208984,12400
2005-05-10,30.934620268671807,30.934620268671807,30.671831448591924,30.751811981201172,36700
2005-05-11,30.808946820823312,30.866073608398438,30.591861105392773,30.866073608398438,3900
2005-05-12,30.906074875820561,30.906074875820561,30.449053858841793,30.477617263793945,8400
2005-05-13,30.483316657614854,30.483316657614854,30.014870067087173,30.186252593994141,11500
2005-05-16,30.249102241692324,30.494751401424256,30.220538842031154,30.460474014282227,18600
2005-05-17,30.420472243669721,30.654695510864254,30.380483064825299,30.654695510864258,11000
2005-05-18,30.968895547779329,31.10028886856605,30.906054790175531,31.048873901367188,45700
2005-05-19,31.083172295260272,31.220279693603519,30.986056280005268,31.220279693603516,14300
2005-05-20,31.134570661636712,31.185985636137737,31.037454698272004,31.168848037719727,18000
2005-05-23,31.123156416250872,31.363093779354362,31.123156416250872,31.243124008178711,18100
2005-05-24,31.248839553505665,31.277402955972036,31.134583764392254,31.260265350341797,12500
2005-05-25,31.140290866516132,31.185994046952896,31.031749081850194,31.157430648803711,9500
2005-05-26,31.26596747491104,31.305956661827416,31.237404081291807,31.294530868530273,6800
2005-05-27,31.363082041166251,31.403071223508871,31.300241274842989,31.391645431518555,15400
2005-05-31,31.35166954578294,31.357381354577047,31.197424557367025,31.260265350341797,6200
2005-06-01,31.220259455323507,31.585876041566621,31.220259455323507,31.374502182006836,17700
2005-06-02,31.391651222922864,31.534470380279888,31.391651222922864,31.523044586181641,9900
2005-06-03,31.505904223150115,31.511616030074901,31.271680912784284,31.403074264526367,10500
2005-06-06,31.397360278354377,31.437349464569479,31.28881851280584,31.403074264526367,19100
2005-06-07,31.511598741232589,31.682981185160777,31.414482822063487,31.420194625854492,14300
2005-06-08,31.52303528219732,31.57445025084068,31.317375407623878,31.374502182006836,8700
2005-06-09,31.357376510630882,31.511621475219727,31.317387317505727,31.511621475219727,7200
2005-06-10,31.56303037321263,31.56303037321263,31.397359645519437,31.488763809204102,14200
2005-06-13,31.488776570045161,31.705862363988047,31.414512155188106,31.597320556640625,21700
2005-06-14,31.580194532907292,31.757291202411295,31.580194532907292,31.694450378417969,50400
2005-06-15,31.802965380645745,31.802965380645745,31.608733440298497,31.751552581787109,6200
2005-06-16,31.820109610506513,31.968640579562422,31.791546214062777,31.962928771972656,14900
2005-06-17,32.088606948655787,32.180013300643381,32.048617759284902,32.157161712646484,17600
2005-06-20,32.111448944772263,32.197141284540137,32.00290720308012,32.174289703369141,20400
2005-06-21,32.162877907671515,32.162877907671515,32.020058732078617,32.048622131347656,27800
2005-06-22,32.225709175747873,32.231420982215631,31.980060091940736,32.031475067138672,552500
2005-06-23,32.094317141798065,32.094317141798065,31.762975692749023,31.762975692749023,16400
2005-06-24,31.774403808455855,31.774403808455855,31.53446868304847,31.580169677734375,15800
2005-06-27,31.540528260625614,31.615228614212672,31.488812968446283,31.557765960693359,15400
2005-06-28,31.632454495922826,31.787600314496025,31.632454495922826,31.776107788085938,21700
2005-06-29,31.839315587353756,31.839315587353756,31.730139874420892,31.776107788085938,28000
2005-06-30,31.850817179043837,31.850817179043837,31.534780284730605,31.689926147460938,30200
2005-07-01,31.7875984014292,31.7875984014292,31.603722373884612,31.684167861938477,7100
2005-07-05,31.672681999523746,31.982973683275134,31.603729022681975,31.942750930786133,15700
2005-07-06,31.954247754197386,31.977232813559489,31.689926147460934,31.689926147460938,14000
2005-07-07,31.396867017774749,31.741636276245117,31.264706235885882,31.741636276245117,37500
2005-07-08,31.810591442912742,32.074913024902344,31.799098914307667,32.074913024902344,15300
2005-07-11,32.063418164190807,32.235801696777344,32.063418164190807,32.235801696777344,11600
2005-07-12,32.184089640060712,32.350728021434193,32.172599303116669,32.276027679443359,14900
2005-07-13,32.184096294863551,32.367974603625683,32.184096294863551,32.350734710693359,8700
2005-07-14,32.4598960802752,32.586309476003642,32.310495441721002,32.367958068847656,13900
2005-07-15,32.3334863779926,32.408186710866836,32.299008795440912,32.396694183349609,12100
2005-07-18,32.350727687782275,32.350727687782275,32.212821726118484,32.21856689453125,9300
2005-07-19,32.304747392270116,32.38519287109375,32.218554555259139,32.38519287109375,49300
2005-07-20,32.327731186171015,32.494369506835938,32.195570439704866,32.494369506835938,35300
2005-07-21,32.459907013947785,32.465652182608082,32.207075753377985,32.224315643310547,17900
2005-07-22,32.218557206736115,32.465641021728516,32.218557206736115,32.465641021728516,17500
2005-07-25,32.54609126143648,32.609299064082926,32.344977518448154,32.390945434570312,15000
2005-07-26,32.413943882951223,32.448421478271484,32.373721117732408,32.448421478271484,16600
2005-07-27,32.488637854168509,32.540353140990248,32.379459919780466,32.523113250732422,13900
2005-07-28,32.603547082369587,32.724215302942746,32.505861719066353,32.712722778320312,15700
2005-07-29,32.741458552430693,32.752951079004227,32.5001220703125,32.5001220703125,9600
2005-08-01,32.632277844980116,32.632277844980116,32.442654473493526,32.488624572753906,13400
2005-08-02,32.597813546087018,32.712736649065747,32.597813546087018,32.706989288330078,10100
2005-08-03,32.735703674345402,32.781671575028199,32.638018323435638,32.747196197509766,16800
2005-08-04,32.695503309755487,32.695503309755487,32.511627197265625,32.511627197265625,19400
2005-08-05,32.465650783819257,32.465650783819257,32.178344139714667,32.21856689453125,12500
2005-08-08,32.390950107338384,32.390950107338384,32.115135994889862,32.161106109619141,10500
2005-08-09,32.310517507009465,32.425440647770237,32.270294736539689,32.322010040283203,15400
2005-08-10,32.603546450739969,32.701229620175845,32.32198508288235,32.38519287109375,23000
2005-08-11,32.465657947918665,32.620803833007812,32.419687822569486,32.620803833007812,9300
2005-08-12,32.62078532016502,32.62078532016502,32.362208991762849,32.488624572753906,10900
2005-08-15,32.534598723583692,32.615044220752246,32.390945423789724,32.574821472167969,20200
2005-08-16,32.49437273358761,32.574818222731487,32.235796381357169,32.258781433105469,24400
2005-08-17,32.189838055421255,32.333491383662881,32.189838055421255,32.224315643310547,12100
2005-08-18,32.080663229469643,32.241554260253906,32.034693110973627,32.241554260253906,16300
2005-08-19,32.327732308960854,32.33347966751441,32.230049133300781,32.230049133300781,7400
2005-08-22,32.356478521453631,32.442669208751646,32.166855063841247,32.253047943115234,19600
2005-08-23,32.253035918081338,32.276018777606431,32.115127801055017,32.201320648193359,7400
2005-08-24,32.224317773310652,32.327746159863381,31.982979026084994,32.069171905517578,53100
2005-08-25,32.069169598253382,32.092152464736024,31.988721893648776,32.046184539794922,12500
2005-08-26,31.931262570869546,31.988723027075817,31.816339466481104,31.90827751159668,14500
2005-08-29,31.793342739367549,32.051916871550269,31.747372640861769,32.040424346923828,241600
2005-08-30,31.982963901989486,31.982963901989486,31.78185020105068,31.948486328125,24600
2005-08-31,31.942756763466964,32.304763793945312,31.942756763466964,32.304763793945312,19000
2005-09-01,32.327736363684856,32.615042952097177,32.281768449366048,32.5001220703125,20100
2005-09-02,32.574820206900903,32.574820206900903,32.408184051513672,32.408184051513672,20300
2005-09-06,32.620781558791009,32.764434814453125,32.511605873598697,32.764434814453125,16500
2005-09-07,32.752949340967447,32.827649663743763,32.655266158238973,32.804664611816406,24700
2005-09-08,32.7931653644237,32.7931653644237,32.655259465075737,32.729957580566406,18900
2005-09-09,32.747216330433197,33.051760709610825,32.747216330433197,33.034523010253906,10700
2005-09-12,33.040278607107965,33.040278607107965,32.919610289573804,32.994308471679688,8000
2005-09-13,32.919586862592169,32.936824555122342,32.74720336136501,32.758693695068359,18600
2005-09-14,32.862118546808908,32.862118546808908,32.71272012279487,32.724212646484375,24000
2005-09-15,32.856373148280994,32.856373148280994,32.689734843925358,32.729957580566406,13800
2005-09-16,32.936835861477817,33.063251495361328,32.839152647641214,33.063251495361328,13900
2005-09-19,33.091969445473708,33.091969445473708,32.919585949030413,32.925331115722656,22900
2005-09-20,32.931075195816938,33.086220984762321,32.701229095458984,32.701229095458984,16900
2005-09-21,32.609302315914661,32.63228737225554,32.408188552871074,32.431171417236328,165700
2005-09-22,32.448415685574275,32.488638443612516,32.034693383494165,32.482891082763672,171600
2005-09-23,32.425418279006507,32.517356289796112,32.287510166834551,32.465641021728516,10900
2005-09-26,32.654300718824395,32.654300718824395,32.486486133441595,32.526992797851562,11200
2005-09-27,32.544345562514586,32.584852215957703,32.364957377661462,32.521198272705078,18500
2005-09-28,32.6658597892486,32.6658597892486,32.474897993008824,32.584846496582031,9700
2005-09-29,32.498039669848588,32.868387348089051,32.451747313791678,32.816307067871094,25000
2005-09-30,32.891546687050983,32.891546687050983,32.775812443314017,32.862613677978516,15800
2005-10-03,32.885757577752237,32.949409308170452,32.706369408082189,32.770023345947266,49800
2005-10-04,32.862608151564388,32.862608151564388,32.399673461914062,32.399673461914062,27800
2005-10-05,32.411238677956995,32.411238677956995,31.890438079833984,31.890438079833984,18700
2005-10-06,31.809426941674673,32.006174436194094,31.485371595570204,31.722625732421875,94000
2005-10-07,31.965667834268789,31.965667834268789,31.768920339500667,31.849933624267578,18600
2005-10-10,31.902020044020379,31.902020044020379,31.566390991210938,31.566390991210938,15000
2005-10-11,31.59532016367509,31.711054381892083,31.485373870464585,31.50273323059082,21900
2005-10-12,31.595334327382833,31.595334327382833,31.201839133515119,31.305999755859375,25900
2005-10-13,31.277068826196317,31.30021612324941,30.906720903137838,31.149763107299805,18600
2005-10-14,31.34070253215263,31.468010376210842,31.184461689202912,31.439077377319336,118700
2005-10-17,31.606913629058077,31.664781878182939,31.468034246054394,31.624275207519531,16000
2005-10-18,31.537462976608214,31.577969633193401,31.213407516479496,31.213407516479492,22800
2005-10-19,31.132392893892213,31.554821014404293,31.005087210313441,31.554821014404297,32200
2005-10-20,31.54903393688139,31.54903393688139,30.854630699970389,30.987724304199219,30100
2005-10-21,31.167120437231457,31.242348044008303,30.970372840048043,31.074533462524414,55200
2005-10-24,31.306001138601228,31.653203964233398,31.306001138601228,31.653203964233398,13200
2005-10-25,31.670556730793265,31.780503055227562,31.479597092833984,31.647409439086914,21000
2005-10-26,31.618470253888617,31.890445359710242,31.537456956183487,31.572177886962891,19900
2005-10-27,31.572178284848508,31.572178284848508,31.288629531860355,31.288629531860352,98500
2005-10-28,31.485387739497106,31.844161987304688,31.288640144096643,31.844161987304688,29600
2005-10-31,32.011973013306587,32.092986330516069,31.942533342476651,31.994613647460938,39400
2005-11-01,31.983028244529159,31.983028244529159,31.907800674438477,31.907800674438477,20700
2005-11-02,31.965672464226348,32.243433283992687,31.965672464226348,32.202926635742188,128000
2005-11-03,32.422834133086717,32.474914448683442,32.272381114389404,32.295528411865234,237000
2005-11-04,32.440179935601414,32.440179935601414,32.173990558961833,32.260791778564453,19900
2005-11-07,32.428605871414121,32.428605871414121,32.202925352313756,32.353378295898438,23200
2005-11-08,32.260799262250003,32.341812575367236,32.208718959896459,32.249225616455078,73100
2005-11-09,32.283941277099387,32.544342746305027,32.260793989292914,32.34759521484375,65300
2005-11-10,32.255004811414175,32.607990979090907,32.16820359517358,32.538551330566406,15500
2005-11-11,32.619566419854479,32.717941284179688,32.573274054101901,32.717941284179688,14800
2005-11-14,32.752662056119419,32.752662056119419,32.607994816989127,32.665863037109375,25500
2005-11-15,32.689016062238501,32.764241450426915,32.42861454461287,32.474906921386719,107200
2005-11-16,32.619580812515117,32.619580812515117,32.434406852907422,32.480701446533203,10400
2005-11-17,32.654290580316982,32.798957824707031,32.579062995149009,32.798957824707031,19300
2005-11-18,33.024637362556277,33.024637362556277,32.770023814899211,32.972557067871094,25500
2005-11-21,33.088288556280979,33.227167858955248,32.972554332421275,33.221382141113281,22800
2005-11-22,33.221399246211185,33.412361145019531,33.128812260941402,33.412361145019531,19900
2005-11-23,33.40079345261406,33.690128109112941,33.40079345261406,33.5396728515625,25600
2005-11-25,33.632263044341684,33.638050974191835,33.580182712932626,33.620689392089844,5600
2005-11-28,33.661193713958447,33.661193713958447,33.302419349070085,33.342926025390625,25800
2005-11-29,33.551247336438159,33.551247336438159,33.342926025390625,33.342926025390625,39600
2005-11-30,33.447077306556913,33.447077306556913,33.105662410796249,33.123023986816406,39900
2005-12-01,33.348689196934266,33.53964878532819,33.348689196934266,33.533863067626953,17400
2005-12-02,33.516501202269041,33.539648487761923,33.40655490734779,33.510715484619141,27400
2005-12-05,33.522303215347989,33.522303215347989,33.348702916087881,33.50494384765625,15800
2005-12-06,33.632228771930279,33.742177252557219,33.46441650390625,33.46441650390625,105400
2005-12-07,33.562802522078805,33.562802522078805,33.198240428322762,33.273468017578125,45000
2005-12-08,33.296611194448786,33.470211434214178,33.140370316425887,33.250316619873047,34800
2005-12-09,33.366066406394552,33.447079742229207,33.261905772479189,33.400787353515625,91300
2005-12-12,33.504932384428486,33.504932384428486,33.238742995358422,33.37762451171875,15300
2005-12-13,33.423909357703408,33.707458044720788,33.406549999857191,33.672737121582031,13900
2005-12-14,33.707474770860415,33.852142044555094,33.678541757610958,33.828994750976562,17600
2005-12-15,33.863719971665859,33.869505692068088,33.707479031433301,33.736412048339844,24800
2005-12-16,33.881076399031443,33.881076399031443,33.638036429178086,33.678543090820312,35300
2005-12-19,33.800063386765046,33.834784328826807,33.562809134628502,33.574382781982422,27500
2005-12-20,33.522294268035125,33.632240579816724,33.516506342050995,33.528079986572266,77200
2005-12-21,33.719045495498484,33.800058808555164,33.574378234340919,33.643817901611328,14700
2005-12-22,33.75376951831327,33.765340957710073,33.62067368332837,33.713260650634766,15200
2005-12-23,33.794264288551382,33.811623648986391,33.719036714255289,33.805835723876953,28400
2005-12-27,33.88052202097861,33.88052202097861,33.513015747070312,33.513015747070312,22900
2005-12-28,33.600510901303586,33.600510901303586,33.524678015082721,33.559677124023438,29500
2005-12-29,33.55967376795958,33.623841761632534,33.466339111328125,33.466339111328125,11200
2005-12-30,33.402175114570589,33.419676894658956,33.262174225507728,33.349674224853516,36900
2006-01-03,33.466352657717223,33.9505279148513,33.308849943659432,33.863025665283203,157700
2006-01-04,33.892177180924669,34.067181601785755,33.863010519205702,34.003013610839844,155400
2006-01-05,34.078858184259587,34.078858184259587,33.91552304234758,34.008857727050781,28100
2006-01-06,34.18967417800441,34.341342115344069,34.096339549193907,34.288841247558594,155500
2006-01-09,34.271346159981185,34.475514991675979,34.271346159981185,34.458015441894531,278400
2006-01-10,34.393847228772103,34.475514760903351,34.306347255177194,34.452182769775391,204100
2006-01-11,34.522190886495565,34.609693104862473,34.417189114564813,34.574691772460938,53000
2006-01-12,34.603857538556184,34.603857538556184,34.347187783429284,34.382186889648438,113600
2006-01-13,34.458010584508763,34.463845250462334,34.323842196126222,34.399677276611328,64800
2006-01-17,34.370511402877177,34.370511402877177,34.207176346263289,34.347179412841797,80900
2006-01-18,34.154697463881512,34.353033971151056,34.049695652663829,34.172199249267578,111500
2006-01-19,34.34135896972888,34.440528313227439,34.242191851504494,34.39385986328125,90400
2006-01-20,34.388011175395242,34.388011175395242,33.804669178273258,33.839668273925781,73000
2006-01-23,33.897996111276036,34.061331121292831,33.880496567423556,33.973831176757812,165400
2006-01-24,34.055515235884528,34.172184110582322,33.968013023542753,34.038013458251953,34200
2006-01-25,34.178021417273222,34.178021417273222,33.833849411831558,33.991352081298828,48600
2006-01-26,34.236345434241692,34.323847635226862,34.131343683168851,34.248012542724609,35500
2006-01-27,34.312182251339614,34.539685315007702,34.271348482233726,34.493019104003906,34800
2006-01-30,34.598025712108829,34.627192376235492,34.481356830328352,34.551357269287109,35000
2006-01-31,34.533866083001122,34.539698527130049,34.358863830566406,34.358863830566406,39200
2006-02-01,34.358849604129674,34.498850457999716,34.358849604129674,34.417182922363281,72400
2006-02-02,34.458031887717759,34.458031887717759,34.08469314570727,34.154693603515625,56300
2006-02-03,34.084687259031519,34.189689040246698,33.927184587208757,34.020519256591797,59900
2006-02-06,34.090526580810547,34.131360367825096,33.997191892595218,34.090526580810547,83600
2006-02-07,34.00884696758429,34.113848732815015,33.81634521484375,33.81634521484375,40300
2006-02-08,33.909691874110251,34.090526580810547,33.816357185894923,34.090526580810547,44900
2006-02-09,34.16051676996134,34.294685196112212,34.032180786132812,34.032180786132812,48600
2006-02-10,34.096347524643043,34.154680846816902,33.816343572716043,34.073013305664062,50100
2006-02-13,34.131348396716952,34.137183064400887,33.921347090843447,34.061347961425781,49800
2006-02-14,34.067179233984952,34.388016941141409,33.991344138567555,34.329681396484375,77800
2006-02-15,34.388024446137479,34.481359112685013,34.248021333679183,34.463859558105469,32500
2006-02-16,34.481363485440916,34.738033294677734,34.475528816325159,34.738033294677734,30200
2006-02-17,34.796350275936554,34.825516930115661,34.644680113768295,34.767181396484375,36700
2006-02-21,34.901371643196661,34.918871200492994,34.673866271972656,34.673866271972656,46800
2006-02-22,34.790538080845728,35.018041245767385,34.790538080845728,35.000541687011719,34800
2006-02-23,34.942190701348579,35.012191126307904,34.8371889512729,34.843021392822266,47900
2006-02-24,34.930536359629073,35.012203922808936,34.843034127493958,34.924701690673828,65500
2006-02-27,35.041375749078441,35.076377092138749,34.988874847125238,35.023876190185547,39500
2006-02-28,34.918861453808674,34.918861453808674,34.592189048721693,34.662189483642578,34200
2006-03-01,34.662198473581583,34.924702954209835,34.662198473581583,34.883869171142578,43800
2006-03-02,34.825521842900784,34.87802271793862,34.662184550964511,34.843021392822266,31200
2006-03-03,34.761363005566153,35.047201672706706,34.703029673630844,34.825531005859375,106000
2006-03-06,34.878041751330166,34.878041751330166,34.504702980780202,34.580535888671875,75000
2006-03-07,34.475537116591802,34.539705140668552,34.364702854725024,34.528038024902344,45700
2006-03-08,34.854684510522127,34.854684510522127,34.300509165300198,34.598014831542969,204400
2006-03-09,34.662193777404248,34.679695557257773,34.434690666774252,34.463859558105469,27400
2006-03-10,34.510530909399861,34.703034939490216,34.440530455400783,34.668033599853516,22800
2006-03-13,34.837195786394908,34.872194893104769,34.749693569072619,34.79052734375,63800
2006-03-14,34.837191414641886,35.169696238302116,34.837191414641886,35.123027801513672,34500
2006-03-15,35.216360806833691,35.350529218430651,35.11135905423199,35.274696350097656,158600
2006-03-16,35.391371753622131,35.531374866865335,35.391371753622131,35.473041534423828,52800
2006-03-17,35.566387402240764,35.566387402240764,35.426384244907062,35.449718475341797,27700
2006-03-20,35.662168279070713,35.662168279070713,35.304139823223835,35.380439758300781,45500
2006-03-21,35.450878342838251,35.480224647896023,35.133932874663408,35.145671844482422,84000
2006-03-22,35.098715395127329,35.421529223478714,35.098715395127329,35.415660858154297,19100
2006-03-23,35.509576031449086,35.509576031449086,35.27480107945086,35.304149627685547,64700
2006-03-24,35.450889070233217,35.462625804624203,35.274806708645187,35.386325836181641,20400
2006-03-27,35.468493524953011,35.468493524953011,35.274803838557567,35.36871337890625,21800
2006-03-28,35.356968661155634,35.450878180297657,35.098715804280403,35.116325378417969,41100
2006-03-29,35.263054553881091,35.40978829838496,35.163274443349238,35.380439758300781,42400
2006-03-30,35.456759868844628,35.515452500745276,35.163292231380595,35.22198486328125,30200
2006-03-31,35.30415276645013,35.30415276645013,35.104594711203617,35.210243225097656,64500
2006-04-03,35.421541789492188,35.503714606041974,35.210246978162239,35.233722686767578,28200
2006-04-04,35.274793944229849,35.480222545420126,35.169145461098715,35.392181396484375,35300
2006-04-05,35.568268563761421,35.662178096537154,35.46262005951624,35.638702392578125,56800
2006-04-06,35.632828426719556,35.638699031390544,35.356970459633978,35.533050537109375,30900
2006-04-07,35.597612107106656,35.650436351802462,35.128062270264117,35.145671844482422,29200
2006-04-10,35.333486229147582,35.351093562066914,35.133928246471136,35.216098785400391,41800
2006-04-11,35.327627583470537,35.345237161329749,34.887426199650506,34.916774749755859,60900
2006-04-12,35.063509223682033,35.081116562902352,34.951990104673179,35.010684967041016,34400
2006-04-13,34.969589396401361,35.075235639626989,34.87567764423742,34.998935699462891,24000
2006-04-17,35.110452546688471,35.122191515708963,34.87567764423742,34.998935699462891,41500
2006-04-18,35.157411782415032,35.697390975081738,35.116326506406899,35.632827758789062,22500
2006-04-19,35.697395694780305,35.761958919609143,35.568269245122615,35.732612609863281,52500
2006-04-20,35.761969368381692,35.902832591910574,35.626974512924605,35.773708343505859,62400
2006-04-21,35.943915074740119,35.943915074740119,35.709140083200339,35.808917999267578,18500
2006-04-24,35.820657033799733,35.820657033799733,35.632837935839873,35.785442352294922,35600
2006-04-25,35.867601982119673,35.867601982119673,35.491963900832843,35.538917541503906,48300
2006-04-26,35.538928715714462,35.826527971553155,35.538928715714462,35.650447845458984,35300
2006-04-27,35.480236208823491,35.938044986040474,35.415672973271292,35.873481750488281,79400
2006-04-28,35.803044109756755,36.114119022433528,35.803044109756755,36.067165374755859,16900
2006-05-01,36.272579433215633,36.272579433215633,35.803031921386719,35.803031921386719,33700
2006-05-02,36.10825493440548,36.172818166719516,35.9791284697774,36.155208587646484,23900
2006-05-03,36.213892976618475,36.213892976618475,35.979118061390857,36.114112854003906,85500
2006-05-04,36.1845447551703,36.272583664482362,36.108242575916321,36.172805786132812,119200
2006-05-05,36.378246491063891,36.589543539095942,36.34302957006512,36.577804565429688,25100
2006-05-08,36.566058798867559,36.566058798867559,36.448671322992404,36.507366180419922,69500
2006-05-09,36.507351475177437,36.577783036740591,36.407571377232244,36.571914672851562,39700
2006-05-10,36.48975524271912,36.613013319229722,36.38410898124971,36.513233184814453,283500
2006-05-11,36.448667026642653,36.495622907049786,36.049550999100461,36.108245849609375,31200
2006-05-12,36.078904909818775,36.078904909818775,35.626964569091797,35.626964569091797,49000
2006-05-15,35.597612477524336,35.77956091416354,35.468486047151032,35.709129333496094,28700
2006-05-16,35.87345740059255,35.87345740059255,35.638684804009216,35.685638427734375,159200
2006-05-17,35.568267890657673,35.591745833152274,34.940247482296073,35.040027618408203,71800
2006-05-18,35.204367597817431,35.204367597817431,34.740688323974609,34.740688323974609,48800
2006-05-19,35.040028395796568,35.151545266650245,34.717214515763395,34.993072509765625,42700
2006-05-22,34.92264253370891,35.075244692402492,34.617435977341756,34.875686645507812,40800
2006-05-23,35.157392563361483,35.192607215558319,34.629150390625,34.629150390625,50100
2006-05-24,34.775901471305801,34.940242567692536,34.429609704648385,34.717208862304688,73700
2006-05-25,35.022412638941482,35.15740966796875,34.869810514229044,35.15740966796875,50500
2006-05-26,35.298260296830186,35.415647710555646,35.145658226272175,35.362823486328125,38400
2006-05-30,35.421523964972955,35.421523964972955,34.893283843994141,34.893283843994141,109200
2006-05-31,34.957850688252144,35.198493957519531,34.869809539431145,35.198493957519531,32200
2006-06-01,35.286534521308077,35.621087320141925,35.210234576998275,35.585872650146484,162000
2006-06-02,35.773679722460358,35.80302601730174,35.538904885771792,35.714984893798828,238800
2006-06-05,35.703255893308473,35.703255893308473,35.157406183016427,35.216098785400391,31600
2006-06-06,35.362836035654617,35.409791913399658,34.869810514229044,35.15740966796875,53400
2006-06-07,35.192627704537038,35.33349311227073,34.951984405517578,34.951984405517578,59000
2006-06-08,34.946111458360377,35.057628305585951,34.41200068231467,34.998935699462891,70600
2006-06-09,35.098710017588232,35.116319588822527,34.852198410099888,34.863937377929688,51000
2006-06-12,34.916760389101924,34.957845655575738,34.488295914767967,34.564598083496094,38400
2006-06-13,34.52352564257508,34.623305783207925,34.001153712792366,34.053977966308594,89800
2006-06-14,34.147885674238047,34.200709924927537,33.913110729178129,34.165493011474609,74200
2006-06-15,34.382656544050143,34.963720993783333,34.277008055193285,34.805248260498047,96200
2006-06-16,34.893286245258217,34.893286245258217,34.570472442614992,34.705467224121094,36400
2006-06-19,34.846345324549645,34.846345324549645,34.306365966796875,34.306365966796875,37900
2006-06-20,34.476560974383915,34.646770413326237,34.40612716622239,34.453083038330078,30900
2006-06-21,34.599815916825641,34.852198125658695,34.552860045889652,34.664379119873047,57100
2006-06-22,34.717209471822329,34.717209471822329,34.48830291914831,34.640907287597656,124400
2006-06-23,34.658516543922829,34.758296673282729,34.488304830825143,34.58221435546875,49200
2006-06-26,34.749824364428193,34.785233749373944,34.543259863019372,34.773429870605469,43300
2006-06-27,34.844253552281238,34.85605743118829,34.555064147457735,34.602279663085938,26900
2006-06-28,34.749830452466163,34.820651486124923,34.625890829363257,34.814750671386719,44000
2006-06-29,35.027207765361759,35.475746154785156,34.956386743848476,35.475746154785156,52400
2006-06-30,35.688216028464069,35.688216028464069,35.463946805110709,35.517063140869141,94700
2006-07-03,35.658707760457098,35.782647387025939,35.581985909914643,35.770843505859375,28300
2006-07-05,35.635112581501289,35.711834454288429,35.47576351659135,35.599700927734375,44700
2006-07-06,35.788550809229591,35.841667152668734,35.658710358298279,35.782649993896484,188000
2006-07-07,35.853462960211395,35.900678477684131,35.581980488822566,35.652801513671875,47900
2006-07-10,35.800368743674696,35.882993698932054,35.682332128437977,35.794467926025391,61200
2006-07-11,35.800354027624479,35.888882015502112,35.546576197159546,35.859371185302734,28600
2006-07-12,35.912484415849065,35.912484415849065,35.511161474603902,35.540672302246094,48400
2006-07-13,35.458061523268498,35.463962340333232,35.056738422038144,35.092147827148438,44100
2006-07-14,35.068518303630562,35.115733816305074,34.743919533751757,34.962287902832031,58500
2006-07-17,34.903268993259978,35.015404711728372,34.814743282813957,34.909172058105469,43500
2006-07-18,35.027218031493732,35.08033437603649,34.684914451053977,35.003612518310547,76600
2006-07-19,35.198375463550875,35.676422625771963,35.198375463550875,35.623306274414062,61800
2006-07-20,35.700025270279617,35.741337731922776,35.416736602783203,35.416736602783203,40600
2006-07-21,35.528861806238744,35.528861806238744,35.210163838466883,35.251476287841797,59700
2006-07-24,35.463946278054095,35.888876957806289,35.463946278054095,35.812152862548828,65000
2006-07-25,35.818052246732599,36.17216188283988,35.812151432576073,36.030517578125,35200
2006-07-26,36.024615306290428,36.301998587620105,36.001007547899896,36.189865112304688,48900
2006-07-27,36.331509665371989,36.372822117164468,36.001007799672365,36.042320251464844,40400
2006-07-28,36.160359789921749,36.520370257974378,36.160359789921749,36.425941467285156,42200
2006-07-31,36.47315976670199,36.47315976670199,36.325614620193193,36.414142608642578,69500
2006-08-01,36.355116591452898,36.37282353674059,36.178062898095014,36.366920471191406,40300
2006-08-02,36.473164294069996,36.579396992851677,36.37283466264315,36.455459594726562,38600
2006-08-03,36.414137129316444,36.614798588428783,36.290199765224685,36.538074493408203,44400
2006-08-04,36.856771812130631,36.856771812130631,36.443645021533584,36.555778503417969,87600
2006-08-07,36.561692293508251,36.561692293508251,36.396440177980878,36.455459594726562,77100
2006-08-08,36.62069251700224,36.662004963931501,36.331505388497419,36.39642333984375,146400
2006-08-09,36.626583510702936,36.650189007340416,36.136732870895443,36.207553863525391,69600
2006-08-10,36.195775501417167,36.30790899942162,36.042327292189789,36.278400421142578,42600
2006-08-11,36.296106637778678,36.296106637778678,36.036427986144446,36.178070068359375,46700
2006-08-14,36.390513629161006,36.431826065989448,36.154440631833673,36.166244506835938,29300
2006-08-15,36.520362897374383,36.638399424785895,36.431834938975882,36.579380035400391,56800
2006-08-16,36.768237544210294,36.803649177808367,36.679711837254366,36.762336730957031,159000
2006-08-17,36.721047153231879,36.856788456188838,36.691536314508312,36.821376800537109,57700
2006-08-18,36.88627976727242,36.974807739257812,36.756439342056467,36.974807739257812,55400
2006-08-21,36.957091032023463,36.957091032023463,36.844957581639967,36.909877777099609,75200
2006-08-22,36.886301215707022,37.00433782986952,36.815480147753995,36.951221466064453,62500
2006-08-23,36.986626690856724,37.016137529580291,36.738751855377295,36.821376800537109,41600
2006-08-24,36.974806823550857,36.980707637569147,36.833162522154119,36.898082733154297,56700
2006-08-25,36.915795581222589,36.986616621885346,36.850875355881612,36.90399169921875,36900
2006-08-28,36.904004195556716,37.134174344170496,36.856790902914398,37.075157165527344,72100
2006-08-29,37.086951520711537,37.116460102449835,36.886290012986478,37.104656219482422,118600
2006-08-30,37.17546209275028,37.181362905787978,36.98070149211506,37.039718627929688,58800
2006-08-31,37.063334701929449,37.086942462098001,37.004317552868002,37.022022247314453,105600
2006-09-01,37.063337230703034,37.240390941327398,37.063337230703034,37.216785430908203,56300
2006-09-05,37.181361200870072,37.299397718446286,37.181361200870072,37.287593841552734,54300
2006-09-06,37.175467292311389,37.175467292311389,36.968902785350132,37.004314422607422,99900
2006-09-07,36.945297173413003,36.998413506704715,36.76234266535478,36.827262878417969,59300
2006-09-08,36.933482238029683,36.951186925628043,36.803641858684223,36.915775299072266,52600
2006-09-11,36.856771452166726,36.903984719892769,36.662010812977158,36.827262878417969,71400
2006-09-12,36.963007400770856,37.151864991163805,36.892184115853453,37.122356414794922,77800
2006-09-13,37.128256467873889,37.370230391310997,37.086944011532921,37.323017120361328,61000
2006-09-14,37.264003065944614,37.323022477302729,37.204985905946842,37.281707763671875,23800
2006-09-15,37.417451284115373,37.44105679729828,37.269906132760596,37.281707763671875,430000
2006-09-18,37.293516349471034,37.435160703234622,37.234499182029907,37.358436584472656,73700
2006-09-19,37.399732529680186,37.399732529680186,37.151857834299584,37.311206817626953,83400
2006-09-20,37.452862995550369,37.51188241055808,37.364337250079522,37.441059112548828,85000
2006-09-21,37.52367557125762,37.541380265020621,37.210878389499015,37.240386962890625,114900
2006-09-22,37.299410374101882,37.311214255000479,37.140061359010922,37.275802612304688,58100
2006-09-25,37.433125359268708,37.646859667591784,37.183770176096054,37.528118133544922,192400
2006-09-26,37.58155530033568,37.819038391113281,37.498436898005501,37.819038391113281,80400
2006-09-27,37.866539391525997,37.919972981811974,37.753736151947592,37.860603332519531,93900
2006-09-28,37.925901001329812,37.925901001329812,37.77747465361854,37.890277862548828,89200
2006-09-29,37.949652052715017,37.949652052715017,37.807164010093743,37.819038391113281,62700
2006-10-02,37.908088978543702,37.908088978543702,37.718103431254775,37.759662628173828,65100
2006-10-03,37.724048644202213,37.931844666753328,37.658740675741349,37.807167053222656,246900
2006-10-04,37.807166068238409,38.169326782226562,37.712173279717476,38.169326782226562,73800
2006-10-05,38.282139185823304,38.282139185823304,38.115897812492264,38.216831207275391,73400
2006-10-06,38.28213493819954,38.28213493819954,38.009026405694357,38.16339111328125,114200
2006-10-09,38.264313865742167,38.264313865742167,38.068394512691775,38.1871337890625,147100
2006-10-10,38.264310859726145,38.305870056152344,38.163382029778617,38.305870056152344,51200
2006-10-11,38.294005538954892,38.294005538954892,38.092147839010579,38.222759246826172,74600
2006-10-12,38.483974845224303,38.555221107220035,38.335548529941946,38.501785278320312,77800
2006-10-13,38.501801375935308,38.668038193817345,38.454303848079427,38.656166076660156,102600
2006-10-16,38.709602776588284,38.763038635253906,38.590863470064534,38.763038635253906,80400
2006-10-17,38.739278003549686,38.739278003549686,38.472112380887566,38.662097930908203,88600
2006-10-18,38.893654590198551,38.893654590198551,38.626484356098821,38.763038635253906,62400
2006-10-19,38.757100311043466,38.768976959464354,38.673981890553996,38.763038635253906,178000
2006-10-20,38.768972744948279,38.798655303545374,38.650228921718792,38.792716979980469,61200
2006-10-23,38.875836218182243,38.994575500488281,38.691784442110624,38.994575500488281,82900
2006-10-24,38.947080673808749,39.024265289306641,38.858023941103106,39.024265289306641,119700
2006-10-25,39.142997785552311,39.261737055473816,39.018320193250887,39.226116180419922,86900
2006-10-26,39.374552921806156,39.374552921806156,39.143008113635979,39.338932037353516,89200
2006-10-27,39.303297718662542,39.303297718662542,39.053942524760387,39.083629608154297,79500
2006-10-30,39.053949768609954,39.113319416796877,38.958959237433646,39.065826416015625,58900
2006-10-31,39.131132797699841,39.143004915009243,38.834280039214896,39.006450653076172,470300
2006-11-01,39.119264564733371,39.119264564733371,38.780852528457821,38.828350067138672,81800
2006-11-02,38.780844481953899,38.798654922860145,38.650228542489899,38.774906158447266,265300
2006-11-03,38.947075535490981,38.947075535490981,38.668033256980586,38.733341217041016,78200
2006-11-06,38.798661894195668,39.160822689741138,38.798661894195668,39.107391357421875,111500
2006-11-07,39.184559978843609,39.28548881895469,39.125190339343746,39.154872894287109,123100
2006-11-08,39.12518700931134,39.368603869426963,39.006443210805024,39.291423797607422,98000
2006-11-09,39.362689176283858,39.362689176283858,39.113329343232543,39.125205993652344,163000
2006-11-10,39.243935366095101,39.243935366095101,39.042077656308429,39.196437835693359,70400
2006-11-13,39.172683754142845,39.368603090981978,39.160807109720672,39.303295135498047,59700
2006-11-14,39.422040960300521,39.499221034565622,39.101439488593904,39.463600158691406,62300
2006-11-15,39.487359230098001,39.629847300414283,39.433923372720585,39.540790557861328,87100
2006-11-16,39.683266417200372,39.695143061680369,39.588275909423828,39.588275909423828,71300
2006-11-17,39.570457908027016,39.67138671875,39.469529097304026,39.67138671875,89700
2006-11-20,39.718894919167994,39.760454118864295,39.594217320079082,39.635776519775391,77600
2006-11-21,39.718896069137472,39.718896069137472,39.61202890545102,39.689208984375,84700
2006-11-22,39.778284858383579,39.778284858383579,39.635796748078683,39.724853515625,92900
2006-11-24,39.600144980271203,39.683263366791216,39.505154479796481,39.623893737792969,36300
2006-11-27,39.659528504895526,39.659528504895526,39.113316012125765,39.166751861572266,142100
2006-11-28,39.048002407879046,39.321110879637196,39.048002407879046,39.291423797607422,68000
2006-11-29,39.505165963728793,39.778269960200412,39.481417199303394,39.742649078369141,73700
2006-11-30,39.831676091272463,39.944481518545537,39.612008086091166,39.813865661621094,60900
2006-12-01,39.778274157394506,39.861392576846796,39.481421365175144,39.760463714599609,95300
2006-12-04,39.74265104552898,40.009816731714849,39.695153514327167,39.950447082519531,123800
2006-12-05,40.075125175737668,40.170120239257812,39.962319670210981,40.170120239257812,131700
2006-12-06,40.193857186559299,40.193857186559299,40.069179585509254,40.104804992675781,93100
2006-12-07,40.22355418902665,40.22355418902665,39.986071044349401,39.997947692871094,90000
2006-12-08,40.069184129045055,40.164179186110005,39.891075191468722,40.05731201171875,56500
2006-12-11,40.116682492228158,40.241360110009666,40.075123286300986,40.211677551269531,37600
2006-12-12,40.217617075652321,40.282925055645237,40.063256877136681,40.253242492675781,82300
2006-12-13,40.449153916486118,40.449153916486118,40.300727542102045,40.401660919189453,169900
2006-12-14,40.461032190448357,40.757884951156541,40.395724220723459,40.674766540527344,68500
2006-12-15,40.85286940805932,40.876618168940318,40.740068455890793,40.781627655029297,95300
2006-12-18,40.906312834880829,40.906312834880829,40.627270504821716,40.662891387939453,1456400
2006-12-19,40.66288385062429,40.858807730682813,40.526334137574757,40.781627655029297,622500
2006-12-20,40.858807346513984,40.912243190397064,40.763816833496094,40.763816833496094,453200
2006-12-21,40.894433901009847,40.894433901009847,40.621329909944301,40.686637878417969,110800
2006-12-22,40.644771196711645,40.6926248577061,40.471309661865234,40.471309661865234,78500
2006-12-26,40.543086983331783,40.7344970703125,40.543086983331783,40.7344970703125,55900
2006-12-27,40.913929042753892,41.242912568812692,40.884019375123749,41.105339050292969,104600
2006-12-28,41.153210417682672,41.153210417682672,40.896002681438034,40.997688293457031,102600
2006-12-29,40.973744758914833,40.991688734476718,40.740463949460995,40.812244415283203,138200
2007-01-03,40.949820744843443,41.045528039168893,40.477276247155245,40.686630249023438,195400
2007-01-04,40.734466799452548,40.782320426530546,40.393517692774687,40.561000823974609,121400
2007-01-05,40.465329294708852,40.477290428902791,40.232048387526284,40.249992370605469,111400
2007-01-08,40.333724644463381,40.441393081539182,40.124370617809177,40.393539428710938,104100
2007-01-09,40.357652159122878,40.435410923613219,40.112405606877381,40.351669311523438,106500
2007-01-10,40.190156478402201,40.447364082552028,40.076505227115895,40.261932373046875,143600
2007-01-11,40.43539776535976,40.602880935037916,40.399509818592755,40.531105041503906,136300
2007-01-12,40.495216717207747,40.662704467773438,40.477272741969351,40.662704467773438,93900
2007-01-16,40.794298998728848,40.973747895232862,40.459332593068027,40.626815795898438,628900
2007-01-17,40.65672514222797,40.80626436693025,40.489241940733407,40.686630249023438,118900
2007-01-18,40.812254152281149,40.848142111967078,40.555046459521904,40.650749206542969,74700
2007-01-19,40.674664284283431,40.824203491210938,40.662703155701976,40.824203491210938,110300
2007-01-22,40.860091377807784,40.860091377807784,40.584939785112461,40.632793426513672,140600
2007-01-23,40.716544087344367,40.895993000786383,40.632802478024871,40.818229675292969,109400
2007-01-24,40.943829285565791,41.254873363120744,40.895980212043035,41.015609741210938,105100
2007-01-25,41.18909773823286,41.18909773823286,40.674682273801608,40.7344970703125,132300
2007-01-26,40.800294715547409,40.800294715547409,40.513181866864564,40.7344970703125,84100
2007-01-29,40.746444683947942,40.824203428544088,40.602883759744309,40.632793426513672,129600
2007-01-30,40.800276328225067,40.919910430908203,40.716534738134072,40.919910430908203,84900
2007-01-31,40.961793047118782,41.260871544776094,40.848141757664777,41.129276275634766,96200
2007-02-01,41.308715494393233,41.482181549072266,41.242917868012391,41.482181549072266,174800
2007-02-02,41.524055803054488,41.589853434905358,41.410409081873858,41.577892303466797,88200
2007-02-05,41.536027758360227,41.715472138437498,41.416393608065839,41.547988891601562,112600
2007-02-06,41.553981776278576,41.667633105613675,41.542016076571038,41.631740570068359,125100
2007-02-07,41.685541313709173,41.739373225458301,41.541980421898053,41.637687683105469,106100
2007-02-08,41.619767620851434,41.6317287535867,41.33863308402465,41.536026000976562,115500
2007-02-09,41.673585235292819,41.673585235292819,41.159169996598806,41.320674896240234,80300
2007-02-12,41.380479498283343,41.380479498283343,41.123271942138672,41.123271942138672,109300
2007-02-13,41.272815177579325,41.58983752051067,41.272815177579325,41.583854675292969,69700
2007-02-14,41.715469696092704,41.936789438497406,41.637710925636107,41.847064971923828,177900
2007-02-15,41.900887601445575,41.900887601445575,41.751348394536166,41.841068267822266,74600
2007-02-16,41.775270651696175,41.841068267822266,41.709477599144513,41.841068267822266,86600
2007-02-20,41.817147065320249,41.966686276001134,41.673586137292915,41.930793762207031,126000
2007-02-21,41.811163164585047,41.900887601445575,41.703494753067297,41.841068267822266,178300
2007-02-22,41.912846626110849,41.960700265177593,41.631712201061461,41.7752685546875,107100
2007-02-23,41.745371008561527,41.745371008561527,41.524051310501214,41.619758605957031,76000
2007-02-26,41.829116112769093,41.906874874156635,41.571908439163622,41.679576873779297,136000
2007-02-27,41.344611707048692,41.625741651569939,40.01670249391308,40.142314910888672,240500
2007-02-28,40.58494809650086,41.272829500897558,40.243998817949503,40.477279663085938,208300
2007-03-01,39.813332574854073,40.584955732239919,39.490327213838398,40.399528503417969,205000
2007-03-02,40.196145815759053,40.399521554860009,39.932959857053987,39.938938140869141,122500
2007-03-05,39.639855437768006,40.04062402587742,39.478355084033566,39.538169860839844,119000
2007-03-06,39.747519172745207,40.20810248332949,39.717614069657216,40.136322021484375,112300
2007-03-07,40.136344909265546,40.351681854022544,40.034659286346134,40.058586120605469,183300
2007-03-08,40.435406382050033,40.525130831661713,40.267923176681599,40.315776824951172,235000
2007-03-09,40.614865410761752,40.614865410761752,40.285877201326471,40.399528503417969,107400
2007-03-12,40.327737664019409,41.494146373398358,40.261940039017645,40.453350067138672,70500
2007-03-13,40.273914750035146,40.453359124564884,39.621921200921726,39.681735992431641,163400
2007-03-14,39.771445885523953,40.477271119243397,39.179271908524193,39.867153167724609,231800
2007-03-15,39.998751591533036,40.208105583588925,39.873139196299498,40.100437164306641,105100
2007-03-16,40.172234355134229,40.226066305397886,39.795392448981957,39.903060913085938,114500
2007-03-19,40.226052375339492,40.363630473220745,40.058569169971051,40.315776824951172,93600
2007-03-20,40.37559543202525,40.644764242808549,40.315780647804019,40.620841979980469,122500
2007-03-21,40.734496318111276,41.52406348277367,40.656737540440652,41.350597381591797,119400
2007-03-22,41.422380598548727,41.50612223034053,41.266858469402536,41.410419464111328,185100
2007-03-23,41.440310747154925,41.565923152906947,41.404422792247239,41.482181549072266,52900
2007-03-26,41.528528329171372,41.528528329171372,41.119261489499813,41.432228088378906,90100
2007-03-27,41.323902398498177,41.390103082552272,41.209546996147957,41.347972869873047,133500
2007-03-28,41.179441234672495,41.227591348509797,40.848419533698127,41.089160919189453,107900
2007-03-29,41.347959476928864,42.407238956416926,40.968787685632748,41.2396240234375,132800
2007-03-30,41.317885467635364,41.372050919912446,40.782227899821656,41.161399841308594,216600
2007-04-02,41.269733992992641,41.299828971176503,41.059082921252575,41.215568542480469,148700
2007-04-03,41.51048055971399,41.69103665551809,41.408164979573435,41.624835968017578,78000
2007-04-04,41.606796136848885,41.612816053811251,41.480405431746597,41.594760894775391,210100
2007-04-05,41.576684954859225,41.763260960776954,41.528534826929182,41.685020446777344,232100
2007-04-09,41.715106136309608,41.841496764009442,41.612790569864273,41.745201110839844,125600
2007-04-10,41.763257856766089,41.901688316314015,41.745202708096485,41.85955810546875,65400
2007-04-11,41.997987987788804,41.997987987788804,41.552610774586519,41.624835968017578,123300
2007-04-12,41.624833319979174,41.817429231693964,41.474367620456718,41.805389404296875,112700
2007-04-13,41.937796988950936,41.991962432861328,41.78733130006863,41.991962432861328,56300
2007-04-16,42.250771769820886,42.437352382563795,42.226701295772742,42.401237487792969,85100
2007-04-17,42.479466306681665,42.557706796951813,42.34705579095715,42.449371337890625,112800
2007-04-18,42.44938019457701,42.678090984673304,42.389194836285327,42.599845886230469,73200
2007-04-19,42.407247747572463,42.605863552121519,42.353082305521767,42.497528076171875,75800
2007-04-20,42.882727046635516,42.954952239990234,42.70818627324838,42.954952239990234,84200
2007-04-23,42.973003552933555,42.991058701697675,42.732257521765156,42.738277435302734,98600
2007-04-24,42.82854762964503,42.82854762964503,42.5336316301685,42.684097290039062,66600
2007-04-25,42.960978246986748,43.225799429968369,42.82255233177375,43.213764190673828,62000
2007-04-26,43.207729526145179,43.273934799291418,43.045224004114012,43.189674377441406,58100
2007-04-27,43.063284892502594,43.237821062523679,42.979024468406656,43.153560638427734,78000
2007-04-30,43.159573099559914,43.291983626517862,42.888736724853516,42.888736724853516,69000
2007-05-01,43.003082457176689,43.009102369107239,42.744281346331569,42.985027313232422,73600
2007-05-02,43.123468226000348,43.3280993629402,43.105413077664302,43.249858856201172,117600
2007-05-03,43.388280891223978,43.532731248857935,43.291985244649439,43.496616363525391,95400
2007-05-04,43.635038150664258,43.713278634972873,43.49059241353789,43.544757843017578,81400
2007-05-07,43.69523220675466,43.737362413146286,43.66514182610242,43.713287353515625,73100
2007-05-08,43.556794811890569,43.701240539550781,43.460494598885838,43.701240539550781,70900
2007-05-09,43.677178479260249,43.887829518063356,43.586898150673697,43.845699310302734,91000
2007-05-10,43.7373695714981,43.7373695714981,43.249862161770857,43.273937225341797,141100
2007-05-11,43.436430370773891,43.755416870117188,43.436430370773891,43.755416870117188,90100
2007-05-14,43.73734899851317,43.821609385453002,43.532717942186906,43.604938507080078,83200
2007-05-15,43.869784810579269,44.032290359076789,43.65311380714882,43.677188873291016,111000
2007-05-16,43.827648553255415,44.008209228515625,43.731352893805699,44.008209228515625,113700
2007-05-17,43.984134861355905,44.116545413061132,43.85172430965067,43.966079711914062,86500
2007-05-18,44.116544999636311,44.273026021231722,44.068394873676766,44.248950958251953,74600
2007-05-21,44.345234056199423,44.49569969773215,44.291064037487217,44.357269287109375,135800
2007-05-22,44.423501470829954,44.525821658912932,44.309150636389774,44.339241027832031,88700
2007-05-23,44.477665082077799,44.55590559871824,44.273029327392578,44.273029327392578,86400
2007-05-24,44.345246806692579,44.453582283419493,43.791534188687621,43.839679718017578,110900
2007-05-25,43.93597386768694,44.158664703369141,43.911898810436355,44.158664703369141,291900
2007-05-29,44.116535186767578,44.224870650155061,43.960049608130603,44.116535186767578,62500
2007-05-30,43.935972082466414,44.495704513218307,43.929952170436451,44.483669281005859,143700
2007-05-31,44.579970391318454,44.658210889930615,44.399409743015887,44.423484802246094,68000
2007-06-01,44.658218115319585,44.700348327826823,44.489697265290637,44.634147644042969,79900
2007-06-04,44.585992831352762,44.724418689962818,44.537842710163048,44.694328308105469,90900
2007-06-05,44.592013336872924,44.592013336872924,44.297101846034103,44.393402099609375,129600
2007-06-06,44.303098632367565,44.303098632367565,43.935962143002982,43.990127563476562,103300
2007-06-07,43.845684574816154,43.978095066663322,43.135486602783203,43.135486602783203,280700
2007-06-08,43.273930142838438,43.713287353515625,43.135499697924189,43.713287353515625,164500
2007-06-11,43.707257746375127,43.990129272917947,43.580867168512185,43.869758605957031,99900
2007-06-12,43.586891146138107,43.887822465167254,43.334109940197031,43.340129852294922,93000
2007-06-13,43.550780396772481,44.032272338867188,43.478555227904032,44.032272338867188,132000
2007-06-14,44.068391814956662,44.309137836195845,44.068391814956662,44.176727294921875,124400
2007-06-15,44.573952968567376,44.634142915929289,44.447562344434274,44.477657318115234,139000
2007-06-18,44.56191478670636,44.628120050946762,44.37533881940049,44.417469024658203,70000
2007-06-19,44.411455165150024,44.61007098494219,44.303119680885985,44.519790649414062,91700
2007-06-20,44.658221759158103,44.658221759158103,43.761447395847732,43.7855224609375,74700
2007-06-21,43.905865557321427,44.074390906868949,43.550768902428942,44.050315856933594,77300
2007-06-22,43.917937448396117,43.935992601070481,43.382279823758431,43.514690399169922,95300
2007-06-25,43.543706491615701,43.78571772884851,43.144387257784494,43.253292083740234,113600
2007-06-26,43.43481605393054,43.561870956970537,43.047599792480462,43.047599792480469,117200
2007-06-27,42.950794243148742,43.592124938964844,42.872142525276537,43.592124938964844,96100
2007-06-28,43.592131355047364,43.809941115347712,43.495324965588225,43.561878204345703,82100
2007-06-29,43.773615419924376,43.936974969802861,43.20489431051837,43.495304107666016,353200
2007-07-02,43.864378234795474,44.003536224365234,43.743374899850643,44.003536224365234,149600
2007-07-03,44.051939259059886,44.287899017333984,44.015639178089046,44.287899017333984,199600
2007-07-05,44.227400808588285,44.293954039569954,43.87043767512494,44.118495941162109,139600
2007-07-06,44.05193194167029,44.263694688109496,43.96722868948703,44.209239959716797,78700
2007-07-09,44.269748398402562,44.306053094880845,44.106393420186429,44.251598358154297,89400
2007-07-10,43.88858189084872,44.118490084458379,43.501365661621094,43.501365661621094,86200
2007-07-11,43.573954589749697,43.803867340087891,43.48925134993469,43.803867340087891,134400
2007-07-12,44.0579698462548,44.638793945312507,44.0579698462548,44.6387939453125,98200
2007-07-13,44.632776748470377,44.947392929263998,44.584378164949428,44.790084838867188,80000
2007-07-16,44.814255223396593,44.911061554974701,44.632745659677617,44.699298858642578,102200
2007-07-17,44.820317293974469,44.8687204711254,44.584357575339965,44.590404510498047,131000
2007-07-18,44.420990664717721,44.566200172170845,44.14267936606965,44.511745452880859,99700
2007-07-19,44.753769707546702,44.7658681953654,44.493608367619274,44.560161590576172,119400
2007-07-20,44.614621828518047,44.650926532171439,43.985394151656905,44.076148986816406,169400
2007-07-23,44.342357928776408,44.396808055358129,44.197152975242894,44.263706207275391,74800
2007-07-24,43.870438262859444,43.991441621184201,43.162554307114682,43.319862365722656,149500
2007-07-25,43.640512539898602,43.694967266260903,43.041538245798513,43.477157592773438,169400
2007-07-26,43.102052002187882,44.663020228218862,41.873849930692174,42.297370910644531,258500
2007-07-27,42.291308784316691,42.545418539166093,41.353516849444503,41.383769989013672,230800
2007-07-30,41.746787047407899,42.127951702174443,41.395870918014467,42.073501586914062,133600
2007-07-31,42.454663158152215,42.515164820485438,41.444271087646484,41.444271087646484,170300
2007-08-01,41.66814140572292,41.928302764892578,40.996562190563637,41.928302764892578,275100
2007-08-02,42.019045908711,42.109800714747635,41.61973122452347,41.964595794677734,107600
2007-08-03,41.928295786541241,41.988797452003226,40.657737731933594,40.657737731933594,161100
2007-08-06,40.851345946211048,41.777039432716734,40.379426491902969,41.734687805175781,535200
2007-08-07,41.480580557969375,42.54542759696924,41.480580557969375,42.194511413574219,148100
2007-08-08,42.460721716599224,43.005245999424574,42.188461883177403,42.811637878417969,185800
2007-08-09,41.825435146673115,42.418362507840072,41.444270524767788,41.504772186279297,260500
2007-08-10,40.778752211424617,41.716539716268009,40.766649106804643,41.323276519775391,161800
2007-08-13,41.825446683323342,41.843601341167165,41.34747557837683,41.407981872558594,109500
2007-08-14,41.565289502315999,41.565289502315999,40.688003540039062,40.688003540039062,190200
2007-08-15,40.542785664082054,41.18411162218527,40.01035993344739,40.107166290283203,350200
2007-08-16,39.768355945591246,40.718246459960938,39.211728588344549,40.718246459960938,328300
2007-08-17,42.593829639790464,42.70273450012558,40.948158246274048,41.6318359375,181700
2007-08-20,41.746785852525804,41.813339068815573,41.135708419311214,41.607627868652344,122500
2007-08-21,41.504780175310231,41.96460120007179,41.456376990391796,41.674186706542969,218100
2007-08-22,42.07348845073944,42.16424323048593,41.746774013239978,42.158191680908203,124000
2007-08-23,42.466772616858471,42.466772616858471,41.855695119067448,42.134006500244141,178600
2007-08-24,42.152161111281494,42.563578983720397,42.061406286364559,42.527278900146484,203000
2007-08-27,42.406256047043257,42.406256047043257,42.079546177562875,42.164249420166016,111200
2007-08-28,41.873836927529297,41.879888478273145,41.051001433633466,41.129657745361328,150000
2007-08-29,41.383778453144238,41.928302764892578,41.153865623749411,41.928302764892578,97900
2007-08-30,41.522925906499417,41.922245216663327,41.498724316551787,41.692337036132812,109400
2007-08-31,42.188478275732784,42.333683268912466,41.8496604703355,42.049320220947266,139700
2007-09-04,42.049297135012985,42.739026243920328,42.049297135012985,42.618022918701172,94300
2007-09-05,42.224758340164577,42.261058417244207,41.843593682884531,41.994850158691406,128900
2007-09-06,42.146099384748275,42.261051147720806,41.891985040958339,42.164249420166016,143100
2007-09-07,41.498722076416016,41.922242953665538,41.365620262860958,41.498722076416016,200300
2007-09-10,41.656023931858243,41.704427101979718,41.050998153280837,41.4503173828125,209300
2007-09-11,41.625799061444056,41.988813811634529,41.571344310124843,41.940410614013672,116200
2007-09-12,41.898043522217343,42.21265495878923,41.758885534360886,42.073501586914062,98100
2007-09-13,42.267109296453356,42.605922319757589,42.236856155380657,42.436515808105469,2542100
2007-09-14,42.230821178192791,42.509132614140611,42.158216388648015,42.472827911376953,162800
2007-09-17,42.351822481129261,42.418375714306762,42.146115844749573,42.29132080078125,124000
2007-09-18,42.490991229137485,43.598185645417367,42.351833174816065,43.543735504150391,113800
2007-09-19,43.92488688013718,44.239502986543528,43.755480337910107,43.912788391113281,146700
2007-09-20,43.894644398133096,43.906742888824134,43.452973324195533,43.561878204345703,131400
2007-09-21,43.761527366725318,43.858329116856225,43.664721000612801,43.670772552490234,83200
2007-09-24,43.707311968456395,43.737759154576771,43.317612143175069,43.354145050048828,359500
2007-09-25,43.080114012716166,43.323677423883986,43.031400401365467,43.287139892578125,103000
2007-09-26,43.457659017989052,43.640328182488211,43.311518111684158,43.500282287597656,89800
2007-09-27,43.689042866994583,43.719490051269531,43.482016879806785,43.719490051269531,95200
2007-09-28,43.664675687779322,43.689032500302197,43.390669676674243,43.542896270751953,83300
2007-10-01,43.549000226661576,44.188354047764271,43.549000226661576,44.151821136474609,147900
2007-10-02,44.249232741520707,44.249232741520707,43.956960232948006,44.163986206054688,144600
2007-10-03,44.145718820820562,44.176166002380334,43.908245670534889,44.066562652587891,89400
2007-10-04,44.133535645046081,44.176158905029297,44.036108396177632,44.176158905029297,116500
2007-10-05,44.456255248887167,44.669371548667783,44.310114375677387,44.523235321044922,108600
2007-10-08,44.450185035102557,44.456275402310645,44.218802182674345,44.297958374023438,155900
2007-10-09,44.389272451821419,44.718082427978516,44.261402679802551,44.718082427978516,116900
2007-10-10,44.62066506300112,44.62066506300112,44.273588563377189,44.437995910644531,236800
2007-10-11,44.803352041729973,44.858151409882183,44.121374927105322,44.346672058105469,138600
2007-10-12,44.334484168465835,44.450177898900535,44.255327989824778,44.407554626464844,65800
2007-10-15,45.467031850846077,45.467031850846077,43.84125316106401,44.243133544921875,154400
2007-10-16,43.993506355527039,43.993506355527039,43.62816328722873,43.7255859375,252900
2007-10-17,43.963041675018729,44.017845668535671,43.232355829099859,43.707302093505859,179400
2007-10-18,43.494183046055724,43.786460153433509,43.360222898740368,43.530715942382812,89700
2007-10-19,43.555083625767701,43.555083625767701,42.367717742919922,42.367717742919922,402900
2007-10-22,42.154593598214689,42.696519941621858,42.075432790255611,42.593002319335938,343100
2007-10-23,42.800014572158972,42.866994621450068,42.452938246552982,42.848728179931641,140000
2007-10-24,42.696514560475364,42.812203606963152,41.996271334990738,42.708690643310547,324800
2007-10-25,42.745231278904583,42.921814708309142,42.221571356004866,42.806125640869141,223600
2007-10-26,43.110593307804528,43.372423356951742,42.836582523949552,43.341976165771484,107600
2007-10-29,43.500286484780347,43.62815630594384,43.408949570924015,43.463748931884766,167900
2007-10-30,43.354137629454861,43.40894162597349,43.074041218325128,43.12884521484375,106200
2007-10-31,43.390683248448333,43.707312619107299,43.067963511356965,43.609889984130859,166300
2007-11-01,42.647811488027763,42.891375015263883,42.160684433555517,42.215488433837891,187300
2007-11-02,42.373794776236302,42.373794776236302,41.557862417984843,42.172859191894531,171300
2007-11-05,41.527416903400194,42.014543908399212,41.363014210425789,41.758804321289062,133000
2007-11-06,42.915732366757595,42.915732366757595,41.746628350588878,42.325092315673828,141400
2007-11-07,42.45905120728527,42.45905120728527,40.930694630460181,40.979408264160156,178700
2007-11-08,41.411732779123383,41.411732779123383,40.467925836467437,41.186435699462891,281200
2007-11-09,40.808908261440521,41.436085807641312,40.553168667215466,40.814998626708984,136700
2007-11-12,41.125547926648721,41.21079446989188,40.474018120097057,40.498374938964844,177900
2007-11-13,41.101193359717534,41.673567020500421,40.735850347859959,41.667476654052734,114000
2007-11-14,41.965828558147592,42.044989364427032,41.356922149658203,41.356922149658203,132300
2007-11-15,41.570048179840093,41.570048179840093,40.492285628962648,40.741939544677734,144200
2007-11-16,41.320391634150567,41.320391634150567,40.352227973125579,40.778465270996094,225800
2007-11-19,40.583622260927051,40.583622260927051,39.883378803203534,39.913825988769531,161000
2007-11-20,39.731151033829292,40.419213739474678,39.505853945593543,40.066051483154297,261400
2007-11-21,40.053871886352262,40.053871886352262,39.420608520507812,39.420608520507812,243700
2007-11-23,39.633724603826039,40.163474967977336,39.633724603826039,40.090404510498047,65800
2007-11-26,40.291328921615531,40.291328921615531,38.988269805908203,38.988269805908203,219700
2007-11-27,39.548462443253243,39.749402637785835,39.043073743410311,39.633708953857422,280800
2007-11-28,40.260903604819767,41.210796356201172,40.005159317796121,41.210796356201172,156600
2007-11-29,42.294638657866848,42.294638657866848,40.553165954577707,41.034202575683594,298700
2007-11-30,41.929309032529666,41.929309032529666,41.131642869600824,41.411739349365234,207300
2007-12-03,41.710095666336933,41.710095666336933,41.058565890657086,41.186435699462891,257400
2007-12-04,41.649194287270412,41.710083991717632,40.364401547411447,40.766277313232422,163700
2007-12-05,41.399556996940085,41.515250733514641,41.174264535933027,41.503074645996094,135800
2007-12-06,41.210786315583626,42.166769200441628,41.210786315583626,42.136322021484375,196000
2007-12-07,42.325089517986989,42.325089517986989,42.014545921282533,42.075435638427734,263700
2007-12-10,42.416431876842303,42.538211326809595,42.099797873986176,42.452964782714844,132400
2007-12-11,42.635637709106724,44.450181405042812,41.253421783447273,41.253421783447266,276000
2007-12-12,43.000973304934142,43.000973304934142,40.955047350091512,41.527416229248047,280300
2007-12-13,41.527416229248047,41.563953773661645,40.955047350091512,41.527416229248047,177400
2007-12-14,40.851537121932708,41.417820384178775,40.851537121932708,40.8941650390625,186100
2007-12-17,40.58361114636066,40.833260346395399,40.321781217200126,40.370494842529297,283400
2007-12-18,40.516653328625985,40.772393033700801,40.120863035197118,40.607990264892578,311500
2007-12-19,40.333960456738311,40.857620356034033,40.297427557676357,40.559257507324219,177800
2007-12-20,41.059696547596502,41.059696547596502,40.230762217238812,40.617599487304688,364800
2007-12-21,41.538619001918136,41.538619001918136,40.930738098026296,41.139503479003906,514100
2007-12-24,40.967581688268496,41.649147033691406,40.728113289565293,41.649147033691406,150200
2007-12-26,41.268448741502752,41.606162966444337,41.268448741502752,41.544761657714844,248600
2007-12-27,41.600031754978325,41.600031754978325,40.986009146048758,41.133373260498047,329500
2007-12-28,41.630730926421272,41.630730926421272,40.850919661488653,41.016708374023438,317800
2007-12-31,41.207054421198727,41.207054421198727,40.685136181555009,40.764957427978516,254900
2008-01-02,40.76496429642782,40.967592899897838,40.150941632303741,40.310588836669922,269700
2008-01-03,40.273744291280096,40.66672310617097,40.175503101023239,40.310588836669922,200100
2008-01-04,39.911468688794642,40.003573015000597,39.401828810459541,39.463230133056641,478700
2008-01-07,39.708835550168416,39.899185718377282,39.297441582906188,39.647434234619141,574600
2008-01-08,39.807087403856983,40.071117316680741,38.824649810791016,38.824649810791016,646400
2008-01-09,39.039560231182158,39.414114413048289,38.622024652279961,39.383411407470703,730000
2008-01-10,39.100943537657116,40.034255450866034,39.014980783201771,39.7763671875,484700
2008-01-11,39.506225417139817,39.819378362491761,39.229917025996635,39.377281188964844,406000
2008-01-14,39.506223554534301,39.714993736466774,39.389562411469917,39.672012329101562,584800
2008-01-15,39.211480637706501,39.242181296916669,38.695701599121094,38.695701599121094,414400
2008-01-16,38.622032179870288,39.205351922568425,38.499227160556131,38.652732849121094,454400
2008-01-17,38.714113516944082,38.726394246549525,37.332563057512459,37.424667358398438,611200
2008-01-18,37.615023419821902,37.793090535855377,36.638727392792937,37.025562286376953,587400
2008-01-22,35.379979757273219,37.17906607118428,30.670427779037333,36.681709289550781,560600
2008-01-23,35.889608961445902,38.044826507568359,35.889608961445902,38.044826507568359,767600
2008-01-24,38.014156357744525,38.216785032190877,37.670302702158928,38.075557708740234,265600
2008-01-25,38.493084717648252,38.517646189396658,37.295742248799286,37.486087799072266,359700
2008-01-28,37.50449181735128,38.357982635498047,37.234320444256376,38.357982635498047,307800
2008-01-29,38.603609904471064,38.744834856873524,38.30274006657784,38.652732849121094,349100
2008-01-30,38.59132604338955,39.383415894400208,38.265894759522993,38.315017700195312,408000
2008-01-31,37.965018356487654,39.315866198162489,37.848352563795686,38.836929321289062,434600
2008-02-01,39.254461427520475,39.665855407714844,39.10709498633571,39.665855407714844,334300
2008-02-04,39.610603567951635,39.610603567951635,39.162364959716797,39.162364959716797,439300
2008-02-05,38.72025654921088,38.72025654921088,37.940447756452869,38.050971984863281,337100
2008-02-06,38.204471723600555,38.339555049092674,37.608869288995017,37.762374877929688,276300
2008-02-07,37.664138421260205,38.186056584082479,37.455370687669323,38.069393157958984,228200
2008-02-08,37.891326298892551,37.958869145785201,37.363266596615269,37.627296447753906,292800
2008-02-11,37.658009634200411,37.707130227397251,37.148369718709084,37.57818603515625,397100
2008-02-12,37.854489998102721,38.327285286052465,37.737824218057135,38.0386962890625,538300
2008-02-13,38.302738344780295,38.511506165536488,38.001866178101061,38.370281219482422,400300
2008-02-14,38.511489871267401,38.511489871267401,37.9158873288699,37.971149444580078,628700
2008-02-15,37.879046590620362,38.087814331054688,37.658000461610413,38.087814331054688,641600
2008-02-19,38.47467377182226,38.554497402494178,37.922052239957331,38.118541717529297,404900
2008-02-20,37.70712533435993,38.382549213766382,37.559758889271336,38.290447235107422,796300
2008-02-21,38.37641028131209,38.474653797939844,37.688705664917833,37.817649841308594,790700
2008-02-22,37.928182444489408,38.21063232421875,37.357141146339238,38.21063232421875,666300
2008-02-25,38.14307780726859,38.769381050876014,37.915890133570109,38.683418273925781,771900
2008-02-26,38.554473331751005,39.094811445212116,38.443949094381701,38.922885894775391,573100
2008-02-27,38.763254896383273,39.125528394192862,38.683431287086705,38.867637634277344,518700
2008-02-28,38.615879893621603,38.67728355734517,38.296587869189892,38.407112121582031,512100
2008-02-29,38.020274939777046,38.020274939777046,37.148364048404353,37.320289611816406,256500
2008-03-03,37.228185047619476,37.412391330230086,36.988716645994685,37.308006286621094,535000
2008-03-04,37.031706619211683,37.252752804205308,36.608029494441922,37.166790008544922,876300
2008-03-05,37.332572937011719,37.584322104770692,36.890478265770533,37.332572937011719,962300
2008-03-06,36.970298797468871,37.105384513942496,36.301014094874461,36.337856292724609,425400
2008-03-07,36.07383344836996,36.595751803890174,35.742260629838881,36.043132781982422,778400
2008-03-10,36.061545521776537,36.178208967707839,35.490504340067631,35.637870788574219,566300
2008-03-11,36.626447793043106,37.037841796875,36.036984336745249,37.037841796875,406400
2008-03-12,37.105381268044923,37.479935382003717,36.651003570215387,36.663284301757812,619800
2008-03-13,36.178201316511611,36.99485229225089,35.877331630309584,36.779945373535156,498200
2008-03-14,37.099238319024899,37.099238319024899,35.644005650133174,36.036979675292969,792500
2008-03-17,35.662422623523788,36.092236435789239,34.385254889050444,35.858909606933594,752600
2008-03-18,36.552754294889453,37.424667358398438,36.393109494638054,37.424667358398438,536600
2008-03-19,37.522915466826113,37.823785181071131,36.614162445068359,36.614162445068359,373200
2008-03-20,37.007144772822976,37.719410941125332,36.565047722735137,37.5474853515625,203400
2008-03-24,37.848341089951361,38.376400738887995,37.799220515006581,38.136932373046875,382900
2008-03-25,38.000279200421346,38.198164922087663,37.746737972099886,38.006462097167969,462000
2008-03-26,37.888962803614852,37.913699105054427,37.579766112570809,37.721996307373047,375500
2008-03-27,38.210549583183443,38.210549583183443,37.326246350374198,37.350982666015625,297300
2008-03-28,37.536462907814808,37.54264580107106,36.936620825709127,36.961357116699219,224000
2008-03-31,37.010828415250842,37.42515304493643,36.930439005670713,37.153060913085938,212700
2008-04-01,38.043566036892422,38.624855041503906,37.592139093047784,38.624855041503906,265800
2008-04-02,38.723787632180709,38.872203061545768,38.426959132433815,38.507350921630859,201400
2008-04-03,38.420773421562181,38.804176577429494,38.321830595564705,38.631027221679688,234000
2008-04-04,38.606315427844308,38.859856727815242,38.420797806228791,38.556842803955078,314800
2008-04-07,38.878382936286506,39.063900439343413,38.581554459598841,38.649578094482422,272000
2008-04-08,38.482607728962492,38.60628683811094,38.321826538357463,38.513526916503906,274800
2008-04-09,38.563021995599058,38.563021995599058,37.994098705285388,38.198169708251953,230800
2008-04-10,38.018836995973167,38.321850887972047,37.845687548536269,38.154884338378906,135300
2008-04-11,37.845669954004038,38.247624178539525,37.289115047437122,37.3695068359375,174900
2008-04-14,37.357136018388744,37.357136018388744,37.078858584984182,37.183986663818359,227900
2008-04-15,37.412797094393405,37.443716289616887,37.078864124419667,37.381877899169922,160500
2008-04-16,37.715830849121403,38.216728210449219,37.666358223368981,38.216728210449219,173800
2008-04-17,38.241446579273159,38.340389425366375,37.981720133913754,38.32183837890625,209800
2008-04-18,39.434944739834798,39.44112763546476,38.62484859126954,38.798000335693359,175200
2008-04-21,38.587740736692723,38.61865992819186,38.340382486733461,38.550636291503906,141300
2008-04-22,38.488803620757935,38.513537562238227,38.167238791679615,38.371307373046875,308000
2008-04-23,38.45788237849542,38.556825222171724,38.130134651127058,38.266181945800781,126400
2008-04-24,38.290926700261984,38.915505494014354,38.154881726154684,38.680515289306641,203000
2008-04-25,38.934050486113328,39.101016998291016,38.519728012882013,39.101016998291016,153000
2008-04-28,39.070099029556644,39.144305584313415,38.903132512116024,38.983524322509766,168000
2008-04-29,38.95879087048619,38.95879087048619,38.674330423937214,38.791824340820312,268400
2008-04-30,38.890760813264471,39.28034931843154,38.674324065384788,38.742347717285156,258800
2008-05-01,38.655756158188922,39.4163818359375,38.618654077604035,39.4163818359375,203200
2008-05-02,39.762686418168109,39.762686418168109,39.311257286157094,39.521511077880859,246700
2008-05-05,39.441134810588864,39.459688218820887,39.150491483437818,39.280353546142578,196400
2008-05-06,39.063911455961957,39.614281225802763,38.94641755465355,39.558628082275391,203300
2008-05-07,39.583353317713076,39.601904360368586,38.692865526520045,38.785625457763672,201600
2008-05-08,38.896948789630407,38.927867990207289,38.575383913866517,38.705245971679688,244400
2008-05-09,38.538282670004186,38.711432094853997,38.433156907483657,38.544467926025391,149800
2008-05-12,38.631025841183209,38.989692687988281,38.532083018721508,38.989692687988281,186900
2008-05-13,39.107210219405097,39.107210219405097,38.804196333588152,38.927875518798828,220900
2008-05-14,39.014445394746431,39.366929495474864,39.014445394746431,39.162860870361328,181500
2008-05-15,39.193777459436525,39.484420776367188,39.032993841660257,39.484420776367188,407400
2008-05-16,39.595739807988075,39.595739807988075,39.212336452433469,39.515350341796875,288100
2008-05-19,39.571001718393205,39.917302933013403,39.441137288545612,39.688495635986328,166400
2008-05-20,39.527709519058696,39.527709519058696,39.088650720970875,39.280353546142578,208400
2008-05-21,39.317445985416796,39.342179923859241,38.587741724243543,38.67431640625,295600
2008-05-22,38.68669565041106,38.903132417501858,38.593935687952808,38.711429595947266,658900
2008-05-23,38.48262354876767,38.593934556861782,38.099220275878906,38.099220275878906,287500
2008-05-27,38.049746472599416,38.328023984090024,37.98172281879242,38.284736633300781,203600
2008-05-28,38.377501162872093,38.377501162872093,38.018831803329526,38.35894775390625,143900
2008-05-29,38.303296825918913,38.847483827314953,38.303296825918913,38.637229919433594,162000
2008-05-30,38.754698243337074,38.754698243337074,38.507342394481292,38.519710540771484,180100
2008-06-02,38.48881341015398,38.48881341015398,37.944626456458231,38.173431396484375,205400
2008-06-03,38.315658809412426,38.315658809412426,37.69108244308314,37.938438415527344,304200
2008-06-04,37.876594337085791,38.130135527268578,37.660157598752996,37.827121734619141,283100
2008-06-05,37.957002572697732,38.556842803955078,37.876610738370012,38.556842803955078,108200
2008-06-06,38.24144607593631,38.24144607593631,37.282936824714831,37.289119720458984,186200
2008-06-09,37.456075055296296,37.592122310974538,37.023199353669611,37.252006530761719,204000
2008-06-10,36.918063044275669,37.375672549102212,36.918063044275669,37.103580474853516,167400
2008-06-11,37.122148059764214,37.122148059764214,36.540859222412109,36.540859222412109,214100
2008-06-12,36.732558816762179,37.041755431856195,36.466649539062686,36.701637268066406,199700
2008-06-13,36.887167344303471,37.165442487800895,36.627440888993299,37.109786987304688,176000
2008-06-16,36.89953333940371,37.301489996196679,36.868614140954321,37.159259796142578,160000
2008-06-17,37.406611331158189,37.412794226135517,36.850056423870328,36.856239318847656,196300
2008-06-18,36.67071369970332,36.67071369970332,36.324415041896756,36.454277038574219,333000
2008-06-19,36.429551837402506,36.602701219022364,36.176010660466268,36.491390228271484,234300
2008-06-20,36.299697190210033,36.299697190210033,35.786429477381873,35.8668212890625,231100
2008-06-23,35.947206496342638,35.984308588006442,35.712216360210306,35.767871856689453,260600
2008-06-24,35.74046707331425,36.095504629003393,35.435258141123363,35.771610260009766,202300
2008-06-25,36.014525705658912,36.431851955920003,35.958467026551382,36.020755767822266,379400
2008-06-26,35.728005828575085,35.728005828575085,34.974329854331671,34.993015289306641,531600
2008-06-27,35.111358461853236,35.154959391847278,34.656661351863569,34.787464141845703,424300
2008-06-30,34.874669830551206,35.130047735184718,34.662892857727861,34.849754333496094,287700
2008-07-01,34.563243915530819,35.011711120605469,34.363922253630257,35.011711120605469,360400
2008-07-02,35.198582847715365,35.285787139583661,34.438678741455078,34.438678741455078,253300
2008-07-03,34.718969519907418,34.912058781908996,34.270499844931699,34.451133728027344,238700
2008-07-07,34.606847865979887,34.762566220059227,33.759739639616491,34.015117645263672,407000
2008-07-08,33.990188693675151,34.899582951533745,33.878071332999696,34.849754333496094,855800
2008-07-09,34.99924679705817,35.030392360180606,34.0711669921875,34.0711669921875,441300
2008-07-10,34.089857286989819,34.382608514332986,33.79087837177844,34.177059173583984,511300
2008-07-11,33.759741689758577,34.264267666927161,33.361103059278918,33.747283935546875,539600
2008-07-14,34.096087880297759,34.320320288132756,33.186690992661759,33.336181640625,929900
2008-07-15,32.837873910955189,33.39845833196474,32.426777718452492,32.744441986083984,1298300
2008-07-16,32.781811395978607,33.784637451171875,32.719522661327687,33.784637451171875,1029100
2008-07-17,34.114762827669118,34.376368411051835,33.734809824693983,34.301624298095703,1158400
2008-07-18,34.500956807387546,34.600616455078125,34.195750175867268,34.600616455078125,607500
2008-07-21,34.812394191208881,34.812394191208881,34.38884008613752,34.500957489013672,576600
2008-07-22,34.201966852351887,35.217250819860453,34.108534923192003,35.186107635498047,726000
2008-07-23,35.4165660028142,35.715544815449647,35.198558985051086,35.460166931152344,846300
2008-07-24,35.57851924312483,35.57851924312483,34.413746935232737,34.519634246826172,780800
2008-07-25,34.569459303914343,34.731405275001336,34.276708167483953,34.432426452636719,550300
2008-07-28,34.476030218922496,34.538318963751912,33.728584289550781,33.728584289550781,366100
2008-07-29,33.853167909362064,34.60684651960009,33.734822820252447,34.600616455078125,507200
2008-07-30,34.887132275264534,35.279543117177454,34.656669820967196,35.2733154296875,437400
2008-07-31,34.90581155989166,35.260849061884585,34.737635525883569,34.787464141845703,378800
2008-08-01,34.880898160657608,35.030388769675241,34.494717453464951,34.718952178955078,262800
2008-08-04,34.700282380855604,34.743883336104069,34.276728207521501,34.413761138916016,204000
2008-08-05,34.775020359300875,35.410349086969354,34.681588406134367,35.404121398925781,257200
2008-08-06,35.273312011683224,35.478858943957,35.123821389606341,35.416572570800781,316400
2008-08-07,35.186123202716949,35.229724155329002,34.60062062294304,34.712738037109375,273000
2008-08-08,34.706502596821892,35.647040276638322,34.438666875693578,35.572296142578125,313900
2008-08-11,35.597205207512033,36.157789675680711,35.478857775909532,35.908641815185547,294700
2008-08-12,35.846358786510272,35.846358786510272,35.154969027007297,35.316917419433594,262200
2008-08-13,35.211029727662385,35.310689368654849,34.762562531232923,35.111370086669922,263200
2008-08-14,34.943192004962,35.503778938632827,34.812389179129852,35.316917419433594,288600
2008-08-15,35.460178372869308,35.609666639385289,35.279544539428763,35.491321563720703,313000
2008-08-18,35.647044681101811,35.647044681101811,34.787478716947518,34.887138366699219,347600
2008-08-19,34.743885079614181,34.743885079614181,34.36393184246181,34.650455474853516,222200
2008-08-20,34.519634368893762,34.750099182128906,34.226885557170739,34.750099182128906,319300
2008-08-21,34.569454007541211,34.924491453208567,34.426193492278252,34.812374114990234,297600
2008-08-22,35.080216259255046,35.267077732456769,34.955641151763047,35.242164611816406,310500
2008-08-25,35.173650640187532,35.173650640187532,34.482261002593773,34.550777435302734,273600
2008-08-26,34.60060264794285,34.793694177823603,34.432426614060731,34.662891387939453,325200
2008-08-27,34.76879297750633,35.092687430445032,34.681591081729266,35.005485534667969,198400
2008-08-28,35.310680547764264,35.671948141160208,35.211020931667569,35.665718078613281,334100
2008-08-29,35.584747177785871,35.709322295088583,35.348054692517984,35.354282379150391,270500
2008-09-02,35.865038863371595,35.946010666040976,35.217250185580802,35.379196166992188,423200
2008-09-03,35.372968224584142,35.572287450757969,35.211019868272537,35.497543334960938,595800
2008-09-04,35.186104758591185,35.291992051980287,34.413741018761577,34.432426452636719,475200
2008-09-05,34.26426838044403,34.775026809464954,33.903003005076499,34.712738037109375,446100
2008-09-08,36.027005994504371,36.44433012979519,35.049094717402284,35.678195953369141,541000
2008-09-09,35.653260280108803,35.684403462506673,34.332767486572266,34.332767486572266,571200
2008-09-10,34.557015824211561,34.743877368333607,34.046259828110358,34.388839721679688,508600
2008-09-11,33.990193705003286,34.781243032586929,33.703672574844063,34.743869781494141,450900
2008-09-12,34.476029000744212,34.912040694853424,34.307855335828698,34.818611145019531,443000
2008-09-15,33.049670793068159,34.276730047621164,32.40188174306693,33.030982971191406,713300
2008-09-16,32.183864236582103,33.610244750976562,31.934716327005621,33.610244750976562,1132700
2008-09-17,32.981136045448217,33.186682963585938,31.878650208679954,31.972082138061523,1014900
2008-09-18,32.339573820809058,33.815784943336659,31.336750013787615,33.454517364501953,1185800
2008-09-19,35.472635362897179,36.593806841990343,34.258031937182452,35.235942840576172,417900
2008-09-22,34.943190551435293,35.186113129969918,33.834476857708808,33.884307861328125,350000
2008-09-23,33.884301361570991,34.314082993017365,33.305029124015292,33.392230987548828,425400
2008-09-24,34.382957431625272,34.382957431625272,33.132783625462345,33.402919769287109,384800
2008-09-25,34.137949417143176,34.332701186943261,33.453180002913577,34.200771331787109,356800
2008-09-26,33.208173357218037,34.194492340087891,33.208173357218037,34.194492340087891,247000
2008-09-29,33.679343425396354,33.773576299307841,31.411437270990451,31.901454925537109,492400
2008-09-30,32.856356857275252,32.931743621826172,31.844908379917396,32.931743621826172,476300
2008-10-01,33.227023322519841,33.227023322519841,32.265833953834118,33.082530975341797,460300
2008-10-02,32.862646535651102,33.497156514064017,31.775811093655129,31.901454925537109,351300
2008-10-03,32.97572464988945,33.082522375758565,31.411434173583984,31.411434173583984,652500
2008-10-06,30.368570428138316,30.959104445669485,28.898515417558936,30.588449478149414,1098100
2008-10-07,30.469096039092463,30.776929197866099,28.333117213833383,28.408506393432617,584100
2008-10-08,27.623214721679684,28.917364216958255,27.422181743840255,27.623214721679688,974500
2008-10-09,28.885960590858264,37.693728853986855,25.286209772882849,25.952133178710938,1032700
2008-10-10,24.570028263037845,26.517536545724237,23.388957471494397,25.813920974731445,1698300
2008-10-13,26.869336354426014,28.710046265011211,26.058920920106562,28.2137451171875,924700
2008-10-14,29.77803142613319,30.783196052934532,27.472431618436698,28.540420532226562,1224200
2008-10-15,27.824245742052774,27.887067644519707,25.688267507149579,25.700832366943359,735100
2008-10-16,25.820195973477713,26.812798368389558,24.507198028760111,26.806514739990234,821200
2008-10-17,26.146888936586876,27.830542759935902,25.945855858858934,26.555238723754883,666200
2008-10-20,27.133186613127663,27.962447997423897,26.749969261514632,27.893344879150391,728100
2008-10-21,27.610645578338943,28.01271147165372,27.108063211695477,27.214860916137695,733400
2008-10-22,26.655725371947618,26.655725371947618,24.858992157598941,25.556325912475586,808000
2008-10-23,25.751082754641011,26.253664987225257,24.450647782858915,25.914421081542969,900200
2008-10-24,23.646526897010023,25.625448177965279,23.646526897010023,25.01606559753418,955500
2008-10-27,24.494634246325482,25.53121000171944,24.211930896126429,24.218212127685547,957000
2008-10-28,25.110301060826803,26.863057253498365,24.11141736558282,26.82536506652832,770200
2008-10-29,26.881908775445609,27.61065402925437,26.190855712858124,26.266244888305664,917600
2008-10-30,27.3467878625301,27.441023103106705,26.247387906144422,26.957286834716797,753800
2008-10-31,26.743702553619485,27.893362525269804,26.743702553619485,27.585529327392578,673400
2008-11-03,27.503846279294351,27.667187051029426,27.221145337409961,27.466154098510742,645300
2008-11-04,28.213759874999411,28.697496416811841,27.912210289811743,28.60954475402832,672700
2008-11-05,28.295423105528442,28.483891248765925,26.925884256698968,26.969860076904297,857700
2008-11-06,26.64946322536484,27.064096513464936,25.506087057732177,25.713403701782227,892500
2008-11-07,25.93954920779721,26.486107202565123,25.688256908604551,26.479825973510742,804600
2008-11-10,27.114345304816116,27.133191395257594,25.688266146533046,26.134307861328125,1005900
2008-11-11,25.744814291956274,26.052647438754455,25.10402066930698,25.543781280517578,945800
2008-11-12,24.997225641697753,25.248515735000268,24.098858225922541,24.224504470825195,718900
2008-11-13,24.375263210028137,26.01493983648761,23.30727437320575,25.99609375,1640200
2008-11-14,25.267363370320069,26.140601028122312,24.783626901619698,24.865297317504883,911800
2008-11-17,24.701952694599271,25.198253950843057,24.199370205714196,24.299886703491211,1043200
2008-11-18,24.123980495362773,24.771055221265055,23.577419858501532,24.576303482055664,932800
2008-11-19,24.488351447893571,24.626562511895923,22.905215029646474,23.024580001831055,771500
2008-11-20,22.616238546625162,23.200491567466543,21.058231289882439,21.296958923339844,1335000
2008-11-21,21.818379066124638,22.62251091003418,20.756673591181453,22.62251091003418,2366100
2008-11-24,22.930338472697876,24.570015114048818,22.79212744652995,23.97947883605957,1616300
2008-11-25,24.78362123113692,24.789902463305079,23.709350792719736,24.519763946533203,11999000
2008-11-26,23.885248812003887,25.392995834350586,23.872683953921626,25.392995834350586,2505500
2008-11-28,25.072595546339418,25.776210688881189,25.034900979301025,25.751083374023438,400700
2008-12-01,25.022344902591666,25.053755851551752,23.143940438156243,23.250738143920898,1342600
2008-12-02,23.677935175379233,24.456939697265625,23.313563831957968,24.456939697265625,1486100
2008-12-03,23.860120764208116,25.179402197073795,23.7344745711016,25.129142761230469,1162400
2008-12-04,24.708229308414566,25.279917176548025,23.916660016228754,24.268468856811523,1196300
2008-12-05,23.904102779558531,25.405569065991283,23.5208828694978,25.361593246459961,1119100
2008-12-08,25.977246580055848,26.636888398480455,25.826473087531305,26.354185104370117,1222700
2008-12-09,26.115467781814811,26.511252547695403,25.568909464695583,25.669425964355469,1760100
2008-12-10,26.014948294152287,26.253675852113343,25.55005803880729,25.989818572998047,1540200
2008-12-11,25.807629198620777,26.102894978510381,25.00349504948105,25.210811614990234,2041600
2008-12-12,24.507201737908559,25.575191059737328,24.419250099023088,25.468393325805664,1318000
2008-12-15,25.707123253877338,25.707123253877338,24.695676823861543,25.047483444213867,1133900
2008-12-16,26.479825973510742,26.523801766394314,25.279909918042698,26.479825973510742,1180100
2008-12-17,26.178287420569507,26.643177688912374,25.90186766965078,26.153160095214844,1335600
2008-12-18,26.316495999569224,26.347906950661539,25.248506886916811,25.436977386474609,1077000
2008-12-19,25.719678767651647,26.084052516546798,25.386718366869658,25.45582389831543,1231300
2008-12-22,25.653315381807591,25.653315381807591,24.599243648861314,25.005632400512695,1981400
2008-12-23,25.30405679595389,25.323107921964517,24.694474053476871,24.82781982421875,1244700
2008-12-24,24.821476210078067,25.024670499699624,24.719879065267293,24.973873138427734,424600
2008-12-26,25.170718879414235,25.183418826628674,24.935775911615224,25.145318984985352,579300
2008-12-29,25.20245963959001,25.240559469295452,24.694474021516609,25.081813812255859,1118100
2008-12-30,25.285024808191263,25.761262094767847,25.138978997646618,25.754913330078125,1621900
2008-12-31,25.748543563483647,26.377177393953041,25.691395033440976,26.135883331298828,1148300
2009-01-02,26.269237535725718,27.050266082452051,26.002545924668148,26.859771728515625,689100
2009-01-05,26.802623535011396,27.050266440634594,26.542280682655321,26.720077514648438,1145600
2009-01-06,27.037562225724162,27.240756478635454,26.732768424090661,26.935962677001953,1202200
2009-01-07,26.580385820699195,26.580385820699195,25.926354178334865,26.059700012207031,884500
2009-01-08,25.881896054193966,26.180338724471412,25.843798639106279,26.167638778686523,715300
2009-01-09,26.269245109486718,26.30734496016553,25.539016138484833,25.596164703369141,927400
2009-01-12,25.50726416114756,25.570763910061697,24.726235416511788,24.884981155395508,1803200
2009-01-13,24.802427502384486,25.107218936816817,24.681779227613124,24.973873138427734,798700
2009-01-14,24.548437953807113,24.548437953807113,23.875355231461299,24.053152084350586,948700
2009-01-15,24.065852078365833,24.26904640582525,23.151475182531001,23.94520378112793,953200
2009-01-16,24.440485953048949,24.49763449472665,23.443560854389773,24.008697509765625,1010200
2009-01-20,23.786452548210704,23.824552384128904,22.611735463468868,22.643484115600586,1178800
2009-01-21,23.043523287980538,23.773751956214049,22.573635013505509,23.729303359985352,1003700
2009-01-22,23.361013424644636,23.678504765271175,22.776828098313125,23.25306510925293,2372300
2009-01-23,22.656184607611277,23.589610020862541,22.586336117875884,23.430864334106445,1574600
2009-01-26,23.595956270384892,24.08489322421088,23.265764986414091,23.526107788085938,1146100
2009-01-27,23.665800892636891,23.957892296184415,23.449906719956914,23.79914665222168,908400
2009-01-28,24.415084739892297,24.846873159777626,24.262687829587652,24.726224899291992,986600
2009-01-29,24.351585585550747,24.357936769022604,23.710254124099048,23.748353958129883,754700
2009-01-30,23.8753498211234,23.983298145444348,23.043523990125824,23.234018325805664,996600
2009-02-02,22.846678775069559,23.284815995198038,22.770481524235677,23.132421493530273,679300
2009-02-03,23.335609447213816,23.500703849614631,23.030818104289509,23.316560745239258,666800
2009-02-04,23.507057545293165,23.754700386506915,23.068920397166256,23.113368988037109,719900
2009-02-05,22.973673041712381,23.646755539455484,22.71967900649361,23.418161392211914,997700
2009-02-06,23.526105790222523,24.288085425272609,23.488008382943235,24.180139541625977,799900
2009-02-09,24.224593263777017,24.478584914425941,24.059496389701565,24.275390625,740300
2009-02-10,24.078559961836095,24.230956984118571,22.776844984652765,22.916542053222656,611600
2009-02-11,23.107020769890504,23.297515101244663,22.783180648815115,23.164169311523438,976600
2009-02-12,22.802234766190722,23.164174808331254,22.319648850759148,23.100677490234375,1302300
2009-02-13,23.037186146748887,23.240380545442612,22.783194359515878,22.808591842651367,1183300
2009-02-17,21.938651581377492,22.097397254791609,21.595760345458984,21.595760345458984,1026800
2009-02-18,21.767208234830253,21.811656834243088,21.290971164892483,21.45606803894043,560900
2009-02-19,21.710060890456187,21.798960516466401,21.132226643859017,21.214775085449219,626600
2009-02-20,20.782991910688128,21.144932002723248,20.287705978906963,20.852840423583984,1014100
2009-02-23,21.138576453336377,21.22747365129721,20.135302539739612,20.179752349853516,813300
2009-02-24,20.306754513042957,21.208431564406897,20.186108624186733,21.125883102416992,934500
2009-02-25,20.954429882126199,21.4751155217795,20.541690142813938,20.998878479003906,1041700
2009-02-26,21.354475409525378,21.544969793326025,20.675043906533634,20.681392669677734,732000
2009-02-27,20.230548200657449,20.617888015903347,20.078152505593486,20.084501266479492,1072900
2009-03-02,19.576521622371736,19.728917364190931,18.966938655094943,19.024085998535156,1891300
2009-03-03,19.278077039363122,19.335225584826336,18.643094277446114,18.770090103149414,1440400
2009-03-04,19.195523951944292,19.513015255990211,18.814534144862549,19.15107536315918,1185100
2009-03-05,18.757388355484697,18.87168421691895,18.058907187342164,18.243051528930664,805900
2009-03-06,18.484346844515702,18.795488223188869,17.798565574736742,18.331951141357422,1011900
2009-03-09,18.008111176663213,18.712941205557239,18.008111176663213,18.262104034423828,827800
2009-03-10,18.643095544574813,19.563819885253906,18.611345677640895,19.563819885253906,1065600
2009-03-11,19.817810434792651,19.989256062675729,19.33522462547749,19.551118850708008,677600
2009-03-12,19.646370917951124,20.598844039986432,19.436826613099282,20.509946823120117,722200
2009-03-13,20.795684575725065,20.865533064152803,20.294047633623062,20.732187271118164,999400
2009-03-16,21.036982857093896,21.386222946089632,20.655991687243414,20.668691635131836,689700
2009-03-17,20.751244482076896,21.386227477434772,20.47185283613587,21.373527526855469,922900
2009-03-18,21.297323171283033,22.300594711110929,20.998880487473265,22.052951812744141,1459400
2009-03-19,22.421248252279455,22.427597015816225,21.576719788097069,21.646568298339844,980300
2009-03-20,21.767201912754935,21.798952979342591,21.049673346480233,21.094121932983398,605900
2009-03-23,21.748165027541198,22.814936527783022,21.659267806232315,22.783187866210938,741400
2009-03-24,22.535546360101048,22.85303784071958,22.224403643297073,22.24980354309082,783100
2009-03-25,22.491790565983319,22.92827527058391,21.817807623136336,22.543140411376953,1207400
2009-03-26,22.819145753152593,23.018132157445695,22.472525222556119,22.986038208007812,1132700
2009-03-27,22.729289597414763,22.799897779830662,22.446859316363398,22.517467498779297,604100
2009-03-30,22.016792644140583,22.048886605050583,21.36206555740506,21.548213958740234,630700
2009-03-31,21.824227630845463,22.235036229765747,21.625241144475527,21.734363555908203,509600
2009-04-01,21.573891568118384,22.440440814441324,21.496865566994938,22.292806625366211,565100
2009-04-02,23.030979619270276,23.294154029765025,22.851249021621197,22.966789245605469,685000
2009-04-03,23.024564489344932,23.306997299194336,22.774228097787816,23.306997299194336,492400
2009-04-06,23.075909656588312,23.17861179693864,22.761382974421092,23.108003616333008,587100
2009-04-07,22.613746587390168,22.793474703259342,22.478950500488281,22.478950500488281,559200
2009-04-08,22.652257016171038,22.78705308052994,22.401920768472635,22.684350967407227,443400
2009-04-09,23.448202938429667,23.839755596027778,23.32624491746143,23.833337783813477,844900
2009-04-13,23.634345318382934,24.173532006006599,23.454617238712192,23.961709976196289,1055500
2009-04-14,23.74989555994188,23.910367827238783,23.300572721788051,23.345504760742188,570000
2009-04-15,23.217128553839903,23.833343976853762,23.133684730310978,23.769153594970703,696200
2009-04-16,24.006644102662335,24.276236245824769,23.550901155688479,24.090087890625,484400
2009-04-17,24.218460074093418,24.494472407756181,23.980961943480473,24.289068222045898,702500
2009-04-20,23.781978927957443,23.85258708588762,22.973200138510379,22.986038208007812,492400
2009-04-21,22.799886382015387,23.60224723815918,22.697184290373421,23.60224723815918,252900
2009-04-22,23.287733896457919,23.93604320667794,23.268478008558528,23.396856307983398,1003500
2009-04-23,23.42252515902592,23.666441158454209,23.107998545873524,23.615091323852539,1022000
2009-04-24,23.852589021506269,24.205627391194554,23.71779295376173,24.000223159790039,683300
2009-04-27,23.704948844113574,24.025893179995304,23.58299087797846,23.711366653442383,624200
2009-04-28,23.422519189938495,23.910353513085077,23.377584729272311,23.60224723815918,492500
2009-04-29,23.891110117354696,24.411038656647371,23.846178081826004,24.186378479003906,919500
2009-04-30,24.552249542393628,24.584343496517544,24.051577001947631,24.128602981567383,645100
2009-05-01,24.186377110951607,24.411037275887637,23.98739064442816,24.282661437988281,697400
2009-05-04,24.590767228744312,25.425222396850586,24.532997123719383,25.425222396850586,1370000
2009-05-05,25.303256301395642,25.405960864043362,25.046502240610977,25.21339225769043,527700
2009-05-06,25.617786490394494,25.983662975922559,25.418800045316537,25.957986831665039,935600
2009-05-07,26.323860542558194,26.362374754884929,25.425217625772323,25.598527908325195,879200
2009-05-08,26.035018709296381,26.503597385243268,25.88096427197922,26.497177124023438,761700
2009-05-11,26.099208529757416,26.112046604519431,25.701238006584447,25.746170043945312,910300
2009-05-12,25.932321357099134,25.951577247090842,25.239079934045588,25.643470764160156,543900
2009-05-13,25.258335183787345,25.335363639026994,24.776918357296257,24.847526550292969,460500
2009-05-14,24.88603460953497,25.290425329164691,24.725562373813396,25.117115020751953,577200
2009-05-15,25.11711344049257,25.258327333986834,24.603602808213786,24.783330917358398,578400
2009-05-18,25.065761265359718,25.649880071310882,25.065761265359718,25.604948043823242,464400
2009-05-19,25.637043946851712,25.848868477051692,25.489409781232954,25.534341812133789,579600
2009-05-20,25.855276239982313,26.041424551999174,25.258319548763481,25.316089630126953,599600
2009-05-21,24.937379713102573,25.065757967007876,24.661367324220205,24.94379997253418,617400
2009-05-22,25.072188571104157,25.162052651331898,24.834687846373651,24.892457962036133,534700
2009-05-26,24.731985480846753,25.55360516870201,24.68705344111395,25.515090942382812,388300
2009-05-27,25.604957436258228,25.617795512908522,24.930974328100657,24.975906372070312,316900
2009-05-28,25.194140987773203,25.470153428878529,24.828264486514882,25.39312744140625,466300
2009-05-29,25.572855105237032,25.861705613867091,25.316098553429875,25.842447280883789,603100
2009-06-01,26.285345584097346,26.567775760998366,26.08635918417831,26.426559448242188,595400
2009-06-02,26.317452416146402,26.529276988976232,26.285358451702876,26.420154571533203,445000
2009-06-03,26.208328997186086,26.208328997186086,25.701236100450743,25.951572418212891,392200
2009-06-04,26.035009559517572,26.343115877258381,25.913049125324864,26.304601669311523,423100
2009-06-05,26.638385656738496,26.644803467459496,26.067105006721221,26.227577209472656,369300
2009-06-08,26.124889726127083,26.432996234098802,25.874553341438368,26.201915740966797,324100
2009-06-09,26.362380607399619,26.407312640783356,26.09920621960395,26.285354614257812,503100
2009-06-10,26.574197755082519,26.574197755082519,25.906632803969785,26.227577209472656,348800
2009-06-11,26.29177621363127,26.798869176128001,26.272520324725388,26.490762710571289,447500
2009-06-12,26.349541504342419,26.548527964847885,26.227583482581565,26.529272079467773,729800
2009-06-15,26.189067764560576,26.214743909339482,25.71407132921048,25.848867416381836,344700
2009-06-16,25.97082488728412,25.990083219770959,25.450896433765219,25.476570129394531,392000
2009-06-17,25.476561806290917,25.52149381972794,25.110685440525966,25.316089630126953,423800
2009-06-18,25.361025985975445,25.662714512375505,25.232650181952149,25.553594589233398,381300
2009-06-19,25.810352297655839,25.816772557932275,25.457313889419307,25.604948043823242,347400
2009-06-22,25.373868760923067,25.373868760923067,24.757655972351643,24.764076232910156,466500
2009-06-23,24.841100984529572,24.963058994347485,24.635696731882646,24.853939056396484,446100
2009-06-24,25.124780825681128,25.299303658471363,24.853302507391742,24.995504379272461,785500
2009-06-25,24.904999768138381,25.551379227187844,24.859753403264275,25.512598037719727,335200
2009-06-26,25.435035948185515,25.60309602285048,25.299296825700903,25.460891723632812,308000
2009-06-29,25.596644760319652,25.797023430347302,25.415659165290677,25.75823974609375,525200
2009-06-30,25.809946541202418,25.835802325912393,25.331624387041241,25.564321517944336,363300
2009-07-01,25.680665851039812,25.919825655833492,25.654810070591051,25.66773796081543,388600
2009-07-02,25.351004731782552,25.351004731782552,24.898538589477539,24.898538589477539,353800
2009-07-06,24.652917954808537,24.898542897254842,24.497788229073791,24.879152297973633,325900
2009-07-07,24.879148028089663,24.885610738160061,24.387898227507804,24.394363403320312,1819400
2009-07-08,24.497799780211665,24.575364679652235,23.935447478472369,24.290958404541016,507100
2009-07-09,24.458988633187907,24.549481325213709,24.258610196744403,24.368495941162109,649200
2009-07-10,24.213380933829953,24.336194644576523,24.051786022420394,24.226308822631836,363600
2009-07-13,24.323260752030723,24.937321756966057,24.206912247274889,24.917928695678711,532000
2009-07-14,25.040753557531442,25.118318440089606,24.827447048317538,25.105390548706055,293800
2009-07-15,25.460895981728218,25.958608646485352,25.422114777813942,25.887506484985352,278600
2009-07-16,25.816398486178009,26.197762521476921,25.680659371684069,26.087879180908203,300200
2009-07-17,26.04909971752333,26.074955495614905,25.848723601670422,25.984462738037109,296000
2009-07-20,26.17191735161602,26.327047111921292,26.023247838187437,26.301191329956055,287300
2009-07-21,26.495096569607004,26.553270822752943,26.107267393386724,26.39167594909668,329800
2009-07-22,26.197768984268929,26.572670401443048,26.146059889404558,26.398147583007812,388000
2009-07-23,26.449854692699297,27.18672958159015,26.443391980979904,27.057453155517578,388700
2009-07-24,26.986354376402954,27.277225755045727,26.876471003217375,27.231979370117188,310200
2009-07-27,27.25135792996501,27.451736450195312,27.141474605341333,27.451736450195312,326200
2009-07-28,27.251357915539145,27.445271260252486,27.063907280494732,27.309532165527344,317000
2009-07-29,27.147936230629956,27.238428956880025,26.928167124418991,27.115617752075195,233900
2009-07-30,27.496982450344845,27.787853696581031,27.432343025769068,27.484054565429688,332800
2009-07-31,27.464677025953353,27.755545944708881,27.38064696693306,27.60041618347168,631500
2009-08-03,27.949458189301964,28.123978531432162,27.781398093242313,28.072269439697266,506800
2009-08-04,27.988240759378616,28.298502722177989,27.897747995113324,28.233865737915039,345400
2009-08-05,28.337281938658542,28.427774688701877,27.975308472742693,28.311426162719727,395400
2009-08-06,28.492417865568203,28.537664246524312,28.059342191890373,28.227399826049805,319500
2009-08-07,28.505334737637565,28.919019685580153,28.382523521278699,28.634611129760742,1205100
2009-08-10,28.492412998150144,28.679861201913504,28.382527187641021,28.55058479309082,306200
2009-08-11,28.473022334807229,28.473022334807229,28.039949164340296,28.085195541381836,428300
2009-08-12,28.078718955009037,28.660461374510298,28.03347259635245,28.447154998779297,343200
2009-08-13,28.628142590985309,28.692779541015629,28.292025026196164,28.692779541015625,436100
2009-08-14,28.712186463829394,28.712186463829394,28.143374075956341,28.440708160400391,413000
2009-08-17,27.878355671628807,27.897746272561839,27.658586486664412,27.72968864440918,415400
2009-08-18,27.768464302781791,28.046407700801431,27.736145819097654,27.975305557250977,250400
2009-08-19,27.749080958714224,28.343749104310636,27.697369398709544,28.233865737915039,341000
2009-08-20,28.285558657567002,28.58289502608142,28.195065945048412,28.557039260864258,1169900
2009-08-21,28.828530235098022,29.21635948882243,28.731574770973857,29.15172004699707,313500
2009-08-24,29.326236155646264,29.507224085753862,29.067685844515729,29.18403434753418,340600
2009-08-25,29.293916818778648,29.552469588094297,29.196958913849791,29.235742568969727,458200
2009-08-26,29.164642948377999,29.377949371313655,29.00304807006026,29.229282379150391,268000
2009-08-27,29.242211680096737,29.403806566232735,28.886700958003718,29.31977653503418,332400
2009-08-28,29.461985032342575,29.552477786986326,29.080620947956316,29.28746223449707,354700
2009-08-31,28.977195004646692,29.048294680474786,28.85438131802815,29.041831970214844,382100
2009-09-01,28.854381365310839,29.209889608002594,28.208001845601395,28.25324821472168,772400
2009-09-02,28.117514029876851,28.298499538043018,28.046411875742251,28.085195541381836,378700
2009-09-03,28.31143818468248,28.389003079692998,28.059350426590623,28.376077651977539,344600
2009-09-04,28.41484730166972,28.763892885769632,28.311426661833735,28.738037109375,324600
2009-09-08,29.087079635245665,29.093542345793555,28.906094150997227,29.048295974731445,247200
2009-09-09,29.138800646741871,29.423206852326388,29.035377518445944,29.332714080810547,326200
2009-09-10,29.365019428340453,29.649425506591797,29.125859715589502,29.649425506591797,325700
2009-09-11,29.707598325291698,29.778700457862566,29.4684386240694,29.558931350708008,307400
2009-09-14,29.358552753616383,29.849802505023,29.319771565591871,29.830411911010742,406700
2009-09-15,29.895049568862728,30.095428086072467,29.668817747611346,29.985542297363281,392900
2009-09-16,30.140691654835692,30.528518559995717,29.985559413325685,30.515590667724609,490700
2009-09-17,30.509124306411337,30.761212011196953,30.250571423391559,30.386310577392578,438900
2009-09-18,30.541433583421444,30.586679954433794,30.315201728359682,30.425085067749023,341000
2009-09-21,30.185941655377178,30.347536629479045,30.056665182946961,30.257043838500977,535400
2009-09-22,30.502636694196603,30.618985159409608,30.379825521245643,30.509101867675781,786600
2009-09-23,30.63192683083976,30.799986896580414,30.160070049824181,30.192388534545898,400700
2009-09-24,30.329003729063004,30.34201518277375,29.684952901307724,29.821569442749023,433800
2009-09-25,29.776026596118708,29.906138634068647,29.541825424144964,29.658926010131836,382000
2009-09-28,29.769532002918016,30.250945998926927,29.723993142959547,30.231430053710938,199600
2009-09-29,30.31599214153044,30.45261116404971,30.08829790680004,30.185882568359375,270100
2009-09-30,30.270471364036421,30.289989797008108,29.737013854217199,29.97772216796875,536200
2009-10-01,29.938677180608831,29.938677180608831,29.164514112898612,29.171018600463867,351100
2009-10-02,28.819723692576058,29.164521177413967,28.780691794366579,28.99537467956543,559300
2009-10-05,29.157998509988772,29.626400889805748,29.073425306592728,29.580862045288086,294000
2009-10-06,29.847583025166315,30.18587327091376,29.730482460035265,29.984199523925781,260900
2009-10-07,29.873618689739629,30.062281083371825,29.821575346275097,30.055776596069336,237300
2009-10-08,30.315990395302425,30.446102442659953,30.153350956525735,30.296474456787109,221200
2009-10-09,30.2834755137185,30.433103561401367,30.211913734026279,30.433103561401367,269300
2009-10-12,30.62826261897931,30.712833346731603,30.52417098787296,30.641271591186523,228800
2009-10-13,30.537172259778668,30.576206608428357,30.283455197756293,30.517656326293945,214600
2009-10-14,30.901493790958895,31.148706436157227,30.771381741818672,31.148706436157227,203800
2009-10-15,30.966548636426033,31.226772735225282,30.914505305674737,31.220268249511719,223100
2009-10-16,30.894989066251082,31.031605600035018,30.72584265917305,30.914505004882812,314300
2009-10-19,30.986079367133556,31.311358379019577,30.875483212617709,31.194257736206055,257700
2009-10-20,31.246299061981578,31.246299061981578,30.842953808262127,30.979570388793945,310300
2009-10-21,30.927517066446001,31.272311891356193,30.615249633789062,30.615249633789062,341300
2009-10-22,30.58273055082887,31.129199371217734,30.465632393735813,31.057640075683594,426600
2009-10-23,31.096666857100338,31.096666857100338,30.433097506986741,30.582725524902344,312900
2009-10-26,30.576219630004022,30.901498562238107,30.036255411288412,30.120828628540039,336400
2009-10-27,30.18588341086361,30.296477047481954,29.958186688097044,30.068782806396484,411100
2009-10-28,30.010239175442262,30.023250632351182,29.392208621517749,29.424736022949219,283000
2009-10-29,29.606880292963609,30.179371772688413,29.580859870638488,30.133832931518555,299100
2009-10-30,30.042758989090089,30.06878189633542,29.086438242112905,29.184022903442383,454500
2009-11-02,29.294620465588682,29.684956681575869,28.897779762758322,29.327150344848633,586600
2009-11-03,29.138495662546774,29.535336470217267,29.099461286131277,29.437751770019531,379500
2009-11-04,29.723996418687125,29.951693225254495,29.411728852409201,29.437751770019531,399300
2009-11-05,29.717486177664494,30.055776596069332,29.665440352518427,30.055776596069336,284300
2009-11-06,29.880116231179951,30.172867701056063,29.795543032842239,30.075283050537109,265200
2009-11-09,30.368054601465204,30.816938830982039,30.355043140680056,30.810434341430664,220900
2009-11-10,30.764879328911238,30.921011813054239,30.647778724963441,30.803911209106445,268800
2009-11-11,31.070626124813327,31.220256538588146,30.849436468307935,31.005571365356445,655900
2009-11-12,30.99256948839615,31.1226815291717,30.537178586522096,30.62175178527832,663300
2009-11-13,30.67380014998426,30.907998864876639,30.530676645038106,30.745359420776367,525200
2009-11-16,31.031608798374524,31.421942501325184,31.012090376050178,31.265810012817383,563900
2009-11-17,31.18123542698973,31.311347482802073,31.064134824926725,31.298336029052734,483200
2009-11-18,31.291832448941751,31.376405666627694,31.142204437147434,31.356889724731445,595400
2009-11-19,31.148703734799316,31.148703734799316,30.719335747049982,30.881975173950195,378600
2009-11-20,30.764880182790868,30.855957881348996,30.65428406191231,30.790903091430664,302800
2009-11-23,31.213761282117225,31.441457988986798,31.122683592041767,31.220268249511719,595100
2009-11-24,31.187736991073209,31.265805706255055,30.940526838039805,31.200748443603516,899200
2009-11-25,31.291835353089525,31.369904091282599,31.161725752797501,31.350385665893555,302300
2009-11-27,30.413575108527329,31.005582567522339,30.368036264118551,30.771381378173828,147600
2009-11-30,30.803916020988805,31.005589866331519,30.667299455602521,30.953546524047852,320500
2009-12-01,31.259292257417737,31.408920207969139,31.155203140439362,31.337358474731445,346100
2009-12-02,31.356879706616187,31.500000704265577,31.200744776285319,31.343868255615234,360800
2009-12-03,31.421940455406837,31.617107294174634,31.03811126376841,31.070638656616211,321300
2009-12-04,31.486991175840384,31.617100720178509,30.986061488761049,31.259294509887695,486500
2009-12-07,31.259300127154955,31.428446535878745,31.15521098397144,31.220268249511719,360600
2009-12-08,31.051129683307984,31.057636652345927,30.803916975178787,30.875478744506836,272000
2009-12-09,30.888487389884386,31.012092491859487,30.732354890724402,30.973060607910156,230800
2009-12-10,31.161723087162173,31.259305279033818,31.057633926823616,31.116184234619141,373600
2009-12-11,31.259311238049769,31.35038896049814,31.129199142402747,31.317861557006836,330100
2009-12-14,31.565061022359259,31.565061022359259,31.337364330267633,31.480487823486328,361100
2009-12-15,31.343874824800483,31.428448033191614,31.200751315474118,31.278820037841797,288200
2009-12-16,31.454465213078166,31.506511022619176,31.278816810079235,31.330860137939453,378900
2009-12-17,31.129187409254538,31.194244673397709,30.979559424246563,30.992570877075195,478000
2009-12-18,31.194250484452724,31.194250484452724,30.862464579717653,31.116184234619141,567600
2009-12-21,31.272301887965984,31.51951445703801,31.239774506117595,31.408918380737305,303300
2009-12-22,31.448962269591597,31.57362864982527,31.422715925440571,31.494892120361328,389400
2009-12-23,31.612998166051813,31.612998166051813,31.389909246746356,31.494892120361328,403300
2009-12-24,31.593312045775374,31.672048568725586,31.527696190826084,31.672048568725586,152200
2009-12-28,31.790155903888479,31.790155903888479,31.567066993921266,31.685173034667969,300000
2009-12-29,31.783593613609131,31.809839957113205,31.632680892944339,31.632680892944336,349500
2009-12-30,31.553935123531684,31.62611129553353,31.514565619806579,31.599864959716797,328400
2009-12-31,31.658908843994141,31.691715502820443,31.317714085627813,31.330837249755859,236800
2010-01-04,31.626117073505114,31.88201263699856,31.586747562587352,31.855766296386719,360400
2010-01-05,31.855763913531021,31.980432770617465,31.737657892601032,31.960746765136719,405500
2010-01-06,31.947625022380169,32.098537721865327,31.882011675817488,32.065731048583984,456000
2010-01-07,32.013240193207622,32.288819246514727,31.908257339139869,32.242889404296875,323200
2010-01-08,32.11823036469179,32.282266267981342,32.098544354264355,32.275703430175781,263300
2010-01-11,32.393800475757892,32.465976653619599,32.249450623023023,32.413486480712891,271400
2010-01-12,32.203509418478959,32.24287640851923,31.973857796964158,32.085403442382812,368200
2010-01-13,32.203526399195532,32.446298810077678,32.019804504510759,32.374122619628906,282400
2010-01-14,32.295384595924986,32.465980808439461,32.295384595924986,32.433174133300781,275800
2010-01-15,32.387242453914091,32.387242453914091,31.921381185548334,32.065731048583984,313200
2010-01-19,32.07885892258021,32.505353246745536,32.013245566395895,32.479106903076172,386500
2010-01-20,32.223194122314453,32.288807443501419,31.973858996425999,32.223194122314453,357800
2010-01-21,32.229768405211942,32.315067762070527,31.508011547762251,31.534257888793945,481900
2010-01-22,31.448952752077979,31.540812425817602,30.89123187409405,30.910915374755859,464100
2010-01-25,31.186501652051053,31.284924184236566,30.969975585427481,31.068395614624023,548200
2010-01-26,30.96997377827174,31.206185839342378,30.838744577344848,30.891237258911133,353900
2010-01-27,30.812498087299609,31.074956487881987,30.582848864031632,31.015903472900391,463200
2010-01-28,31.166802944578734,31.199609604975478,30.589396210242601,30.779678344726562,438400
2010-01-29,30.91092092137027,31.140570146927278,30.523796153296434,30.563165664672852,468600
2010-02-01,30.773128172774449,30.989654205263484,30.733758665508908,30.969970703125,291400
2010-02-02,31.02904011657407,31.494901602053538,30.956863899924315,31.455532073974609,306900
2010-02-03,31.27836762531869,31.416159698633656,31.134017719592233,31.206193923950195,387100
2010-02-04,30.976534701469241,30.976534701469241,30.20884799136909,30.215408325195312,534600
2010-02-05,30.267892146587073,30.307259143997122,29.57894215904167,30.241645812988281,566600
2010-02-08,30.294141915640143,30.386004101243298,29.952949523925778,29.952949523925781,272000
2010-02-09,30.274456438363142,30.569721472499598,30.044807246806155,30.33350944519043,399700
2010-02-10,30.31383288730423,30.451622433799162,30.031690957058963,30.307270050048828,293400
2010-02-11,30.2285310754454,30.576286332142821,30.064495199193583,30.563165664672852,287800
2010-02-12,30.267899562166491,30.530355453491211,30.077617351438665,30.530355453491211,251400
2010-02-16,30.740316912811156,31.055267943588721,30.648457238412867,31.042144775390625,181800
2010-02-17,31.140570036834539,31.219309059309001,31.029026842812289,31.147132873535156,259200
2010-02-18,31.127442375468071,31.376777571353042,31.06838936862659,31.337408065795898,669800
2010-02-19,31.284916149824191,31.547374499589868,31.206179646089819,31.416145324707031,234800
2010-02-22,31.540816779463086,31.586746622672688,31.40302724983427,31.442394256591797,262100
2010-02-23,31.35053342492057,31.514569288387904,31.015901364762207,31.088077545166016,269900
2010-02-24,31.134008466808329,31.403027192108091,31.074955453791858,31.389904022216797,284500
2010-02-25,30.950284575366997,31.3111654663998,30.838741393039452,31.298042297363281,426900
2010-02-26,31.317702396337328,31.429247998297662,31.153666660444305,31.363632202148438,254400
2010-03-01,31.494882119438202,31.645794795901907,31.429268782884712,31.599864959716797,331600
2010-03-02,31.75734096888532,31.842637807142768,31.658918459525637,31.698287963867188,292900
2010-03-03,31.822961280625552,31.921383811555021,31.626118721755553,31.672048568725586,302200
2010-03-04,31.717981123004837,31.842647503566063,31.652367765444009,31.790157318115234,314200
2010-03-05,32.032911724406894,32.288807179123694,31.921368578704801,32.256000518798828,426900
2010-03-08,32.301936494638888,32.374112662889694,32.242883493614428,32.315059661865234,190200
2010-03-09,32.249443903074678,32.485653386417766,32.170704905638949,32.367549896240234,347700
2010-03-10,32.40035713948896,32.603759962363597,32.360987640067385,32.518463134765625,357300
2010-03-11,32.446288754151794,32.656254423298726,32.328182752383114,32.643131256103516,348100
2010-03-12,32.767790195052747,32.800599357130615,32.505334419343306,32.610317230224609,210300
2010-03-15,32.492210651906028,32.630000119319554,32.360981514993696,32.623439788818359,262300
2010-03-16,32.715311405066515,32.958083770248535,32.623451726510531,32.938400268554688,309200
2010-03-17,33.036826333864802,33.253354904129097,33.036826333864802,33.161495208740234,388900
2010-03-18,33.135255752240703,33.200869118871125,32.971219832675153,33.09588623046875,237500
2010-03-19,32.958084106445312,33.233665647912908,32.84654092505766,32.958084106445312,287300
2010-03-22,32.748135267164194,33.141820525643077,32.748135267164194,33.082767486572266,284200
2010-03-23,33.13525107087802,33.391146668768911,33.082758382598279,33.384586334228516,393800
2010-03-24,33.266485481666706,33.391151881308488,33.181186101390999,33.246799468994141,600100
2010-03-25,33.444696958139147,33.56343572674637,33.10826960828593,33.147850036621094,522900
2010-03-26,33.246796156018902,33.378725869684082,33.022512119830914,33.154441833496094,249200
2010-03-29,33.292966964111699,33.405107706845307,33.226999600976391,33.385318756103516,344800
2010-03-30,33.418296473610077,33.490859304642029,33.2401883928218,33.345733642578125,255900
2010-03-31,33.253392140157821,33.424902280366048,33.134653382937493,33.292972564697266,267200
2010-04-01,33.504066908634371,33.642594635551042,33.398521614355239,33.583225250244141,233700
2010-04-05,33.721737727663999,33.873458862304688,33.602999010745698,33.873458862304688,336600
2010-04-06,33.787718366185686,34.005404421873976,33.74154245993671,33.959228515625,325300
2010-04-07,33.919648447060986,33.946035398452736,33.576628144560921,33.741542816162109,298300
2010-04-08,33.642587416363376,33.906451853639062,33.504059719172638,33.833889007568359,268200
2010-04-09,33.913050124936234,34.09115825730489,33.89326117125016,34.077964782714844,185000
2010-04-12,34.143926277685459,34.223087117432087,34.10434837420987,34.157119750976562,239700
2010-04-13,34.124137325947665,34.216489122587667,33.939433732667652,34.157119750976562,238800
2010-04-14,34.308842123506651,34.559513092041016,34.223088318701009,34.559513092041016,274000
2010-04-15,34.533117841305057,34.632067612470998,34.460557527700203,34.585891723632812,333400
2010-04-16,34.427574663333374,34.467155077459346,33.767916192951375,33.932830810546875,257000
2010-04-19,33.840476042274723,34.104340413711192,33.688754909437748,34.084548950195312,187200
2010-04-20,34.302237582996156,34.447363239555919,34.236272748049252,34.434169769287109,237300
2010-04-21,34.453966709878351,34.526529554992955,34.143926377624226,34.335227966308594,259700
2010-04-22,34.110944275956058,34.453967036588331,33.913047206929143,34.407791137695312,175000
2010-04-23,34.407784117705368,34.678243977354846,34.275851926472079,34.665050506591797,265800
2010-04-26,34.698026692811915,34.744202573989824,34.467147286922348,34.500129699707031,247200
2010-04-27,34.308814151156085,34.493520116724426,33.589786774368292,33.655754089355469,416400
2010-04-28,33.847085635805158,34.077965152642285,33.688766455403979,33.979015350341797,300000
2010-04-29,34.229684708325266,34.53312706355409,34.17691332830185,34.427581787109375,230600
2010-04-30,34.407784680016093,34.47374951851215,33.886653900146484,33.886653900146484,303000
2010-05-03,34.018586148943804,34.440767155359666,34.005392677943647,34.348415374755859,296500
2010-05-04,33.959230518388438,33.965828514754932,33.385328138020562,33.583225250244141,305600
2010-05-05,33.292971321848327,33.655783059189517,33.095071722936829,33.352340698242188,350000
2010-05-06,33.213810184220748,33.635993810648401,14.776352691229524,32.178146362304688,1178600
2010-05-07,32.125359603900151,32.507960108071195,31.399733966532704,31.802125930786133,832400
2010-05-10,33.081869401321299,33.332537778747906,32.778424628209663,33.180816650390625,427200
2010-05-11,32.870782361213571,33.517247351846251,32.804815005191465,33.108257293701172,411700
2010-05-12,33.180815390061611,33.556820458316537,33.154428451419903,33.523838043212891,244100
2010-05-13,33.457884871267858,33.54363867713851,33.108264103433747,33.128055572509766,233700
2010-05-14,32.877371604984354,32.956529900804938,32.244100205625948,32.540946960449219,281500
2010-05-17,32.606911787566901,32.692668075937362,31.907673044693961,32.540946960449219,515800
2010-05-18,32.844395259906328,32.897166628071382,31.953854830896198,32.065998077392578,647200
2010-05-19,31.90108646536174,32.151757407832299,31.478905414715033,31.914279937744141,492800
2010-05-20,31.294204080670191,31.360171452622303,30.654336929321289,30.654336929321289,691300
2010-05-21,30.152986983757447,31.162266117991599,30.087022145670343,31.149072647094727,617000
2010-05-24,30.990751870194799,31.162264466366601,30.627940247150487,30.674116134643555,501800
2010-05-25,29.875932779996425,30.713699340820316,29.671437747915874,30.713699340820312,566100
2010-05-26,30.858823529214821,31.14907487692944,30.502609855088394,30.588363647460938,521200
2010-05-27,31.13588513231694,31.624031066894531,31.063322286701897,31.624031066894531,330400
2010-05-28,31.663595559009732,31.676789025793564,31.135869469638866,31.254608154296875,376500
2010-06-01,30.905005393545505,31.38655840140315,30.634545459536685,30.654336929321289,619300
2010-06-02,30.845637265085713,31.45912000887488,30.713707548639128,31.4393310546875,229300
2010-06-03,31.551465236903287,31.630623547229117,31.234826962805332,31.51848030090332,190000
2010-06-04,30.944577428642713,31.05672067236393,30.317901405157897,30.423446655273438,337600
2010-06-07,30.4960117059087,30.614750435479586,30.021056787625156,30.034250259399414,421800
2010-06-08,30.021049837331844,30.476215700775448,29.809959370608986,30.463022232055664,565600
2010-06-09,30.601569120652051,30.885222585490734,30.1925813987631,30.291528701782227,296500
2010-06-10,30.786265273657882,31.215044364917972,30.786265273657882,31.201850891113281,287100
2010-06-11,30.944583876394201,31.33378253911491,30.878619024976231,31.320589065551758,217200
2010-06-14,31.591042316999879,31.736167979175736,31.241424148736865,31.281002044677734,355400
2010-06-15,31.498689726307877,31.980240073559163,31.439320367529106,31.960451126098633,226100
2010-06-16,31.828523625457294,32.046212145170628,31.729573840788042,31.914279937744141,209700
2010-06-17,31.993442535400391,32.026424962569678,31.657017752037024,31.993442535400391,154500
2010-06-18,32.059406014556629,32.092390956708925,31.914282837957213,32.046215057373047,136500
2010-06-21,32.455207265624459,32.468400741072863,31.76916164069625,31.934076309204102,259400
2010-06-22,31.920878952061397,32.03302222153674,31.353572158757249,31.379959106445312,423500
2010-06-23,31.393135780932383,31.472294065238891,31.096289069287369,31.254608154296875,278200
2010-06-24,31.106557016360853,31.106557016360853,30.668343066457421,30.748020172119141,252900
2010-06-25,30.840965841534086,31.053432999667034,30.582021650860074,30.933919906616211,311600
2010-06-28,30.947208417690369,31.040162509796463,30.741379690306129,30.840974807739258,292200
2010-06-29,30.396128001903314,30.449246087573176,29.772005692140805,29.937995910644531,547800
2010-06-30,29.911435499241474,30.157100302200117,29.586096104233203,29.639211654663086,498100
2010-07-01,29.639193215333073,29.718867757815055,29.008430299731295,29.486482620239258,647700
2010-07-02,29.552881765198816,29.672394861967145,29.127947435715154,29.32713508605957,550900
2010-07-06,29.672414754348583,29.898161584828461,29.227562121443871,29.493144989013672,326100
2010-07-07,29.566174984214967,30.475803146008936,29.546256969790576,30.435964584350586,234100
2010-07-08,30.714820111688923,30.781217699740353,30.416039830288994,30.748020172119141,193700
2010-07-09,30.728109360181413,31.013612747192383,30.69491182204731,31.013612747192383,335600
2010-07-12,30.927297326800439,31.02688993370672,30.748027594997591,30.993692398071289,396500
2010-07-13,31.332309364707896,31.617812712467288,31.299111831137854,31.491661071777344,362600
2010-07-14,31.372149861514465,31.504942536802375,31.18624163579716,31.385429382324219,293400
2010-07-15,31.372144445228599,31.518216616107434,30.973769020952542,31.438539505004883,204000
2010-07-16,31.259277801979131,31.259277801979131,30.442603733661816,30.495721817016602,285200
2010-07-19,30.588659307131863,30.774567432225407,30.37619215479403,30.694892883300781,186200
2010-07-20,30.263316642674717,30.953833542751727,30.216837083884883,30.947195053100586,252200
2010-07-21,31.146394654838925,31.153033147044681,30.442595439008944,30.542190551757812,203500
2010-07-22,30.927284452850166,31.338939295553065,30.867527900457119,31.226064682006836,179900
2010-07-23,31.21943724400786,31.538138125337294,31.073365056928324,31.491661071777344,313600
2010-07-26,31.584616392934432,31.936514821360042,31.485021255586648,31.929876327514648,241000
2010-07-27,32.142333430883184,32.175530955236738,31.83691215433651,31.943145751953125,248300
2010-07-28,31.89003932412599,31.976354945190721,31.617815472592319,31.697492599487305,170100
2010-07-29,31.963072038102119,31.996269571053482,31.352229326806942,31.611173629760742,201700
2010-07-30,31.245976487008694,31.743946773481248,31.226055953240451,31.604513168334961,376400
2010-08-02,32.089215761802656,32.348159980450681,31.96970265584071,32.328239440917969,388600
2010-08-03,32.248566105895648,32.334881692992475,32.075937464510694,32.162250518798828,684800
2010-08-04,32.288405574157906,32.368080139160156,32.135694935899949,32.368080139160156,493800
2010-08-05,32.148973936473411,32.341523135717736,32.082578883607262,32.334884643554688,201700
2010-08-06,32.042721660032043,32.228632258778127,31.797057068212059,32.175514221191406,205500
2010-08-09,32.361454010009766,32.401290041324515,32.148984200822284,32.361454010009766,254100
2010-08-10,32.102489967600903,32.354795673119725,31.896663828432292,32.182167053222656,405100
2010-08-11,31.717412344139177,31.717412344139177,31.246000715284552,31.265918731689453,305700
2010-08-12,30.814413297382977,31.265906736618607,30.761297763077586,31.172952651977539,323300
2010-08-13,31.046791878487021,31.252620545383685,31.046791878487021,31.07335090637207,214000
2010-08-16,30.840971544482539,31.113195299479067,30.741376437587483,31.040159225463867,814600
2010-08-17,31.325658926374938,31.597882650343173,31.199507333787679,31.39869499206543,318700
2010-08-18,31.39206245659965,31.591252701546853,31.199515770124755,31.438539505004883,459600
2010-08-19,31.305738934240583,31.338936453045957,30.734732492678187,30.867525100708008,324000
2010-08-20,30.794495987385076,30.794495987385076,30.495713185109857,30.701541900634766,246400
2010-08-23,30.801133438705492,31.000321122555164,30.621863763398142,30.635143280029297,270300
2010-08-24,30.343007144637696,30.442599738643839,30.077421828336075,30.243412017822266,310800
2010-08-25,30.024318697997224,30.409414779758244,29.851687411185807,30.323099136352539,320000
2010-08-26,30.435957978376528,30.515632551590695,30.044221071927435,30.123895645141602,338000
2010-08-27,30.349629029256239,30.661691225216401,29.918056292451492,30.641773223876953,315000
2010-08-30,30.588673176795986,30.615232216082806,30.183656692504883,30.183656692504883,279400
2010-08-31,30.044214634795061,30.409392427661814,29.964540078651591,30.263322830200195,923100
2010-09-01,30.661699088524909,31.186228542649744,30.615222051608384,31.15302848815918,445800
2010-09-02,31.239348485655867,31.425259192404202,31.146394398686155,31.411979675292969,547800
2010-09-03,31.684184613318632,31.836895170124592,31.551392053937285,31.816974639892578,278700
2010-09-07,31.631080171254716,31.684198230959979,31.372135962212795,31.39869499206543,294200
2010-09-08,31.465088706286906,31.73731241876925,31.411973181631232,31.597881317138672,255500
2010-09-09,31.96305326633329,32.002891802163568,31.743947651286593,31.843540191650391,294800
2010-09-10,31.929873732732297,32.022827835871212,31.843558122899296,31.976350784301758,744100
2010-09-13,32.314967356847042,32.401282960515573,32.18881573056931,32.348167419433594,793400
2010-09-14,32.301674439901809,32.447744005442189,32.129043317706916,32.288394927978516,474900
2010-09-15,32.188822405950837,32.388010158732264,32.062670753511533,32.354812622070312,285300
2010-09-16,32.255208483978485,32.31496250892792,32.135695368462024,32.281764984130859,228500
2010-09-17,32.480946468415183,32.487587491792773,32.215363787902589,32.2618408203125,300500
2010-09-20,32.387999600338489,32.839493043622682,32.308325031761534,32.773097991943359,422500
2010-09-21,32.806293050802466,32.932444652630316,32.587187370490014,32.680141448974609,308500
2010-09-22,32.633671709319614,32.812938882033905,32.401283928318328,32.461040496826172,305300
2010-09-23,32.208723971759973,32.4477501661462,32.022815835152194,32.095851898193359,278200
2010-09-24,32.468201627049929,32.75564936631001,32.414724341870254,32.735595703125,224600
2010-09-27,32.789070836340692,32.789070836340692,32.528363031810279,32.561786651611328,255300
2010-09-28,32.64869514359706,32.789075898469328,32.307770088898806,32.728912353515625,293600
2010-09-29,32.635329452086644,32.755656557732046,32.501632384696251,32.601905822753906,358100
2010-09-30,32.842558722284096,33.009679412332268,32.441467536132855,32.555110931396484,364500
2010-10-01,32.802446611867119,32.835870237595927,32.541738761099531,32.762336730957031,287000
2010-10-04,32.742277055708222,32.862604126293334,32.408035759651511,32.541732788085938,327100
2010-10-05,32.815811478481841,33.263693603857604,32.769017899712999,33.190162658691406,376000
2010-10-06,33.156737243469493,33.283750574500374,33.109943663634596,33.223587036132812,313100
2010-10-07,33.390706575449556,33.390706575449556,33.016355399237312,33.196846008300781,289800
2010-10-08,33.257009668922976,33.410760362390342,33.12331263762912,33.337226867675781,337100
2010-10-11,33.437505215777016,33.437505215777016,33.257014579389306,33.363971710205078,415700
2010-10-12,33.297124011833752,33.571201815241203,33.109947122879532,33.490982055664062,282200
2010-10-13,33.704886981709883,33.851953950153451,33.551136310181796,33.664779663085938,307200
2010-10-14,33.658102729694441,33.658102729694441,33.250330427109972,33.490982055664062,418000
2010-10-15,33.698212101108858,33.698212101108858,33.109946623380004,33.310493469238281,310000
2010-10-18,33.290431210318204,33.671466068172712,33.290431210318204,33.638042449951172,323900
2010-10-19,33.257008582683831,33.504346424960723,32.962877163491271,33.143367767333984,389200
2010-10-20,33.236968939431698,33.624687675982663,33.176805379442435,33.497676849365234,345000
2010-10-21,33.65142760265784,33.791808392612857,33.290446242722282,33.497676849365234,275200
2010-10-22,33.55115379512764,33.577893721517867,33.417459263295974,33.504360198974609,255600
2010-10-25,33.73831341302909,33.885377832572523,33.53108291495905,33.564506530761719,269900
2010-10-26,33.404097809926839,33.564532309020059,33.357304201852955,33.511054992675781,199300
2010-10-27,33.330554099204043,33.430824993028672,33.130009761495181,33.417457580566406,260800
2010-10-28,33.564522816889223,33.638056337369981,33.303814917046303,33.450881958007812,237500
2010-10-29,33.424137312635303,33.484300861800421,33.31049646980081,33.444190979003906,178100
2010-11-01,33.644718234874709,33.765042713020854,33.210203683020659,33.404064178466797,305300
2010-11-02,33.624684288408531,33.698217804327129,33.531097104533785,33.631370544433594,218000
2010-11-03,33.704893425364041,33.771743219281554,33.357284697228557,33.758373260498047,415300
2010-11-04,34.152784282156098,34.487025661879663,34.092620731803478,34.473655700683594,367800
2010-11-05,34.533829691473798,34.741060327574765,34.460296157694103,34.680896759033203,456400
2010-11-08,34.56723876347889,34.614032347064274,34.400118093514216,34.573925018310547,280800
2010-11-09,34.67419784856326,34.67419784856326,34.146098439694079,34.253055572509766,330700
2010-11-10,34.266416589904154,34.426853534225408,34.005708786683492,34.420169830322266,364900
2010-11-11,34.192890826875086,34.400118830030301,34.119357322506808,34.346641540527344,218500
2010-11-12,34.132719545192124,34.266414013673199,33.845271847852473,33.992336273193359,385900
2010-11-15,34.14610171349252,34.273112523994975,33.965611056425182,33.978981018066406,226000
2010-11-16,33.771756711735705,33.771756711735705,33.263708275223259,33.437515258789062,364900
2010-11-17,33.45755656876144,33.551143733000323,33.337229486151742,33.430816650390625,367700
2010-11-18,33.75836937650174,33.972283592308543,33.751685672908408,33.878696441650391,351900
2010-11-19,33.851957840335743,33.925491333007812,33.617989954614345,33.925491333007812,371200
2010-11-22,33.778427124023438,33.818537000611883,33.41744843496307,33.778427124023438,215800
2010-11-23,33.424136662374238,33.430820367680639,33.216906097046184,33.290439605712891,434000
2010-11-24,33.50435561893282,33.731639862060547,33.490985657565375,33.731639862060547,465600
2010-11-26,33.464242823383628,33.591253610556542,33.384023068271183,33.430816650390625,119300
2010-11-29,33.243643424280627,33.524407476366449,33.043099129967359,33.457557678222656,210900
2010-11-30,33.163424051919868,33.424131872516071,33.109944216895578,33.236957550048828,403800
2010-12-01,33.724962973165049,33.985670897378057,33.724962973165049,33.958930969238281,247100
2010-12-02,34.039132056012974,34.433536883765996,34.005708436723808,34.426853179931641,281900
2010-12-03,34.306533417251444,34.560557568058314,34.266423535526393,34.527133941650391,433000
2010-12-06,34.413489249946771,34.560556260649257,34.380065624803244,34.480339050292969,344400
2010-12-07,34.767785581823006,34.814581718865185,34.513763981075371,34.527133941650391,549200
2010-12-08,34.587290731476834,34.720985210987052,34.460277405859884,34.700931549072266,260400
2010-12-09,34.894794464111328,34.92821808623949,34.707617590087594,34.894794464111328,215100
2010-12-10,35.008427724286932,35.182234601889192,34.934894241459695,35.155494689941406,317500
2010-12-13,35.335997528144908,35.342681233421175,35.175560550862834,35.188930511474609,293200
2010-12-14,35.249098628302953,35.362742033204263,35.115401554914172,35.222358703613281,303100
2010-12-15,35.148818699170334,35.289199442610354,34.995065446763931,35.035175323486328,405400
2010-12-16,35.068590434793329,35.269134669616633,34.954949636748161,35.242397308349609,438100
2010-12-17,35.188941078930036,35.295898245884899,35.095353876602026,35.275844573974609,282800
2010-12-20,35.335999836345451,35.463010645364996,35.242412656009002,35.382793426513672,458200
2010-12-21,35.509793168543155,35.676913809933211,35.496423211224915,35.636806488037109,400500
2010-12-22,35.696976016261544,35.857410430908203,35.663549842322702,35.857410430908203,233600
2010-12-23,35.783879235480178,35.870782703217941,35.717031983410642,35.790565490722656,1052300
2010-12-27,35.705107816198712,35.853148353277881,35.64454496153504,35.846420288085938,246900
2010-12-28,35.893536222759806,35.954099097295355,35.799327877256708,35.913722991943359,251100
2010-12-29,36.014650048947331,36.014650048947331,35.913711102476277,35.927169799804688,233600
2010-12-30,35.900232531278974,35.947336662360193,35.819482958994392,35.873317718505859,256500
2010-12-31,35.832952638528653,35.94734768710056,35.772389798995469,35.886787414550781,326500
2011-01-03,36.196326250226065,36.418388262843592,36.142491479298684,36.303993225097656,360300
2011-01-04,36.418387561794674,36.418387561794674,36.129032091087971,36.364555358886719,475500
2011-01-05,36.256895808112667,36.552979402174451,36.216519722429119,36.52606201171875,389100
2011-01-06,36.573161803270821,36.579892433574507,36.344369145628804,36.425121307373047,1395000
2011-01-07,36.452041546710667,36.526063089155492,36.048290945899986,36.337646484375,360500
2011-01-10,36.196336072558331,36.290544380262688,36.021375586549773,36.236709594726562,290900
2011-01-11,36.384750366210938,36.472230603632987,36.256896609196929,36.384750366210938,331800
2011-01-12,36.566443128494171,36.775049082751998,36.559715063446369,36.721214294433594,279100
2011-01-13,36.734657357004977,36.741385419189271,36.55969950340134,36.653907775878906,273600
2011-01-14,36.600088905309441,36.95000733146361,36.58663020811305,36.943279266357422,379200
2011-01-18,36.950005638815306,36.990381728554887,36.849066697958293,36.956733703613281,631600
2011-01-19,36.943262032247688,36.943262032247688,36.492404870938401,36.573154449462891,319500
2011-01-20,36.519325622297949,36.674096731659652,36.344365191205213,36.586616516113281,451100
2011-01-21,36.808681047844608,36.936534772753475,36.741387587116478,36.822139739990234,323200
2011-01-24,36.835612869267997,37.010570801767003,36.815423539645145,36.963466644287109,438300
2011-01-25,36.909628661602056,37.037484992544549,36.701025287089713,36.983650207519531,450100
2011-01-26,37.064404150011505,37.198985985014971,37.017297427379546,37.084590911865234,367800
2011-01-27,37.098051534715204,37.23936400899548,37.037488679025927,37.21917724609375,483100
2011-01-28,37.246095082972005,37.340305973753125,36.613551646775967,36.627010345458984,879600
2011-01-31,36.795234750479175,36.956733976662932,36.707754505555691,36.909629821777344,432400
2011-02-01,37.151888066059904,37.629660334684182,37.151888066059904,37.589286804199219,496500
2011-02-02,37.468143463134766,37.595997194534064,37.454684770305917,37.468143463134766,247100
2011-02-03,37.427789226415534,37.616208468992227,37.192268381925516,37.575832366943359,286400
2011-02-04,37.589257351783282,37.609444101208787,37.360464779358864,37.595985412597656,375300
2011-02-07,37.696933162586554,37.959371234790986,37.696933162586554,37.871891021728516,509200
2011-02-08,37.939198055957732,38.053593126524945,37.811341721813321,38.040134429931641,475000
2011-02-09,37.898821278733877,38.006488282543422,37.723863360162312,37.905551910400391,321300
2011-02-10,37.7440346758749,38.006472729831323,37.683471850578584,37.952640533447266,252200
2011-02-11,37.824787653087391,38.221810084156793,37.764224822348567,38.161247253417969,284600
2011-02-14,38.14107661233502,38.316034548949055,38.087241821386634,38.289119720458984,327400
2011-02-15,38.181446962958951,38.221820483113845,38.060321268526806,38.154529571533203,333800
2011-02-16,38.30929937625546,38.437153130561697,38.221819140686122,38.390048980712891,293500
2011-02-17,38.316017305003072,38.6255620796789,38.316017305003072,38.585186004638672,1130100
2011-02-18,38.618830501333733,38.699580082446893,38.538080920220565,38.692852020263672,304600
2011-02-22,38.322761751101254,38.558282522959082,37.898821794773262,38.006488800048828,425600
2011-02-23,38.013209024429685,38.093958614532504,37.622914632796871,37.818061828613281,979300
2011-02-24,37.723869323730469,37.86518180726037,37.400868261240291,37.723869323730469,473300
2011-02-25,37.905543236543892,38.1208771948885,37.865167156735552,38.093959808349609,299300
2011-02-28,38.255470697014282,38.423700563873595,38.181451711862785,38.396785736083984,359000
2011-03-01,38.517899803393078,38.538086559879773,37.777687072753906,37.777687072753906,302200
2011-03-02,37.737321353964568,37.979570182788265,37.670027873471476,37.81134033203125,460700
2011-03-03,38.167996528248018,38.49772566013629,38.154537829622164,38.443893432617188,488200
2011-03-04,38.43042391216229,38.443882606998237,37.871899627896731,38.114151000976562,431400
2011-03-07,38.181435798645794,38.342934966010219,37.72385054614162,37.871891021728516,343400
2011-03-08,37.92572561473181,38.403497619217475,37.851704093786687,38.268913269042969,385200
2011-03-09,38.188180770922806,38.376597405273941,38.040137662798848,38.289119720458984,286700
2011-03-10,37.89881217727492,37.89881217727492,37.481602958579359,37.521976470947266,390500
2011-03-11,37.353762747151201,37.905559134697029,37.353762747151201,37.764244079589844,479000
2011-03-14,37.508531339851665,37.609467717342596,37.266279926699063,37.535446166992188,308900
2011-03-15,36.519342398623614,37.313387631933168,36.492425001938891,37.118240356445312,459500
2011-03-16,37.030742793015996,37.118223007862078,36.209783113712021,36.438575744628906,997600
2011-03-17,36.976933871350781,37.044224806991778,36.687578227522124,36.936557769775391,873700
2011-03-18,37.46142699960258,37.46142699960258,37.104780489210128,37.1922607421875,604900
2011-03-21,37.670025047478411,37.770963977153734,37.602734139017272,37.703670501708984,985700
2011-03-22,37.73058335516199,37.744042048632664,37.542166780539112,37.569084167480469,359600
2011-03-23,37.414326282149737,37.676767065223963,37.266285725397545,37.589286804199219,272100
2011-03-24,37.791141438046303,37.93245385123592,37.575807503571745,37.871891021728516,353000
2011-03-25,37.951085169468179,38.16087017953221,37.896945436855177,38.005222320556641,410800
2011-03-28,38.059353751955982,38.194697890919187,37.937541961669922,37.937541961669922,430000
2011-03-29,37.924014019468245,38.160868887821451,37.761597408651433,38.140567779541016,277600
2011-03-30,38.363877475183067,38.573665003674407,38.316506514156593,38.458621978759766,378500
2011-03-31,38.445103150724059,38.512775242953715,38.370662300356521,38.384197235107422,436400
2011-04-01,38.654868025239821,38.729308836783005,38.505988983676943,38.600730895996094,367200
2011-04-04,38.702250782403944,38.736089402713205,38.553371695445186,38.634578704833984,288900
2011-04-05,38.546594562537855,38.803753048166449,38.546594562537855,38.661640167236328,361500
2011-04-06,38.837615264191044,38.864685140197118,38.675201171205529,38.817314147949219,273800
2011-04-07,38.776702247489823,38.871444214671499,38.533078571008367,38.709030151367188,379400
2011-04-08,38.891725387561188,38.912026488337148,38.458618027517367,38.600730895996094,290900
2011-04-11,38.634568166312171,38.763146111232025,38.384178449774105,38.465385437011719,282100
2011-04-12,38.221775893692488,38.282681801810277,37.998455951610261,38.147335052490234,406100
2011-04-13,38.343590187412282,38.357125121371269,37.951087428700454,38.059364318847656,324300
2011-04-14,37.829276308605984,38.160873161435816,37.720999416443732,38.079666137695312,299800
2011-04-15,38.194697840984347,38.390950456357977,38.140560701774639,38.302974700927734,370700
2011-04-18,37.896949908504631,37.896949908504631,37.558584284321554,37.802207946777344,393900
2011-04-19,37.849569894422011,38.045822529176291,37.808965099861879,38.03228759765625,386500
2011-04-20,38.512782346798005,38.587223210896468,38.411271608204594,38.492481231689453,381400
2011-04-21,38.668402952931629,38.668402952931629,38.485685301377487,38.600730895996094,314100
2011-04-25,38.533068452365114,38.627812976192217,38.478931305988226,38.573673248291016,287600
2011-04-26,38.742861270012668,39.02708713539446,38.688721534782999,38.972949981689453,342000
2011-04-27,39.06769315091568,39.311316803970925,38.912045279580333,39.243644714355469,331600
2011-04-28,39.236864679665636,39.453418402026493,39.175958783906395,39.419582366943359,470800
2011-04-29,39.392522325772219,39.534635257460742,39.345151348542707,39.521102905273438,465000
2011-05-02,39.757954405765894,39.757954405765894,39.385752795718929,39.460193634033203,398800
2011-05-03,39.40606587609841,39.466971800357683,39.148907242389761,39.3519287109375,480100
2011-05-04,39.338385315150212,39.358686425029461,38.912043937013422,39.067691802978516,515100
2011-05-05,38.87820608831229,39.027085189722285,38.485700772039273,38.681953430175781,358100
2011-05-06,39.074472806955981,39.209817023935422,38.675201171205529,38.817314147949219,326900
2011-05-09,38.824061459192016,39.040615198952914,38.715784589311575,38.945873260498047,335700
2011-05-10,39.054148630615778,39.351911947495417,39.027078768804152,39.270702362060547,333600
2011-05-11,39.223334127504188,39.223334127504188,38.695484693020624,38.857898712158203,424400
2011-05-12,38.776696157107111,39.081225704878612,38.546607452293593,39.013553619384766,572000
2011-05-13,39.047377663513934,39.081213695863603,38.553364362942148,38.715778350830078,323900
2011-05-16,38.614279142903442,38.932341018037675,38.512768440962581,38.580440521240234,404500
2011-05-17,38.445096360684929,38.634580250681864,38.302980861662839,38.580440521240234,420000
2011-05-18,38.627808386445636,38.952638970683623,38.539832629821603,38.918800354003906,525600
2011-05-19,39.060925760675339,39.074460694482759,38.763162379961464,38.972949981689453,365900
2011-05-20,38.898509998854635,38.905278756670732,38.580445501140773,38.627819061279297,333500
2011-05-23,38.174409055420412,38.316521995920461,38.079667095087046,38.181175231933594,513700
2011-05-24,38.28945470834293,38.384196668676296,38.106736964189381,38.181175231933594,366000
2011-05-25,38.018762267146407,38.431568747420378,37.971391285625614,38.275920867919922,364800
2011-05-26,38.160870506384811,38.465400051129926,38.032292512614454,38.397727966308594,256100
2011-05-27,38.519530423324639,38.688713187126716,38.499229317756104,38.593971252441406,207800
2011-05-31,38.972939636201602,39.013544426845186,38.702246194958981,38.979705810546875,397500
2011-06-01,38.864658287262273,38.871424460826077,38.059349393938312,38.093185424804688,566400
2011-06-02,38.160863621687611,38.201468414169533,37.802196990098295,38.011981964111328,458300
2011-06-03,37.565347959989005,37.944318363192714,37.524745739966065,37.666858673095703,419300
2011-06-06,37.585662566258215,37.592428744385359,37.172855999316376,37.240528106689453,456300
2011-06-07,37.450298993147314,37.524739826825225,37.199909210205078,37.199909210205078,330600
2011-06-08,37.19313479641135,37.321715337397315,37.017185873909327,37.084857940673828,484400
2011-06-09,37.199905943005646,37.517967775070687,37.098395254810477,37.362319946289062,254100
2011-06-10,37.220217126557387,37.220217126557387,36.766808447965744,36.915687561035156,467000
2011-06-13,36.96982186862099,37.186375620851635,36.854776235641012,37.017192840576172,311300
2011-06-14,37.375854437304412,37.585641985729588,37.348784576567482,37.423225402832031,268800
2011-06-15,37.138999140064428,37.206671209527066,36.644985804720051,36.760028839111328,500000
2011-06-16,36.773563607023746,37.051023221034463,36.631450712864982,36.902141571044922,375900
2011-06-17,37.28789479879412,37.28789479879412,36.935996783198114,37.078109741210938,474100
2011-06-20,36.963055888264599,37.314956407453764,36.908918736902564,37.233749389648438,234400
2011-06-21,37.436773049262065,37.727767697215491,37.355566020991887,37.646560668945312,296400
2011-06-22,37.56533829941489,37.768359673417841,37.423225402832031,37.423225402832031,351900
2011-06-23,37.003660687929539,37.254050498718627,36.719432253324065,37.233749389648438,794100
2011-06-24,37.288191964566344,37.288191964566344,36.79809700130609,36.845745086669922,277200
2011-06-27,36.872978241365367,37.233745728476279,36.825330146268414,37.111221313476562,340100
2011-06-28,37.281385233810347,37.478785923231015,37.186089065573015,37.465171813964844,241500
2011-06-29,37.64896940855806,37.880404140538879,37.567284729063701,37.832756042480469,1008600
2011-06-30,37.989307677353096,38.207128257252847,37.880397387403221,38.152671813964844,346700
2011-07-01,38.200324598812109,38.765298582549718,38.139062390896299,38.710842132568359,328100
2011-07-05,38.690426378933488,38.690426378933488,38.458991635140144,38.56109619140625,330500
2011-07-06,38.506635047400664,38.595125478949029,38.350076651046741,38.554283142089844,354800
2011-07-07,38.915039607700912,39.017144129438748,38.792517816891696,38.928653717041016,487900
2011-07-08,38.499827311927831,38.635963234545983,38.363688792683405,38.615543365478516,318700
2011-07-11,38.179913470892743,38.2071417021182,37.846374129948536,37.948478698730469,268700
2011-07-12,37.785111551746112,38.179913110911663,37.785111551746112,37.812339782714844,893500
2011-07-13,38.009727824617968,38.295616364102678,37.825941222109449,37.907623291015625,486400
2011-07-14,38.070983700362774,38.179893973018778,37.642148365756015,37.689796447753906,327600
2011-07-15,37.887211010683188,37.887211010683188,37.533251845700185,37.764686584472656,276300
2011-07-18,37.614933883991277,37.614933883991277,37.138452890019451,37.383499145507812,272600
2011-07-19,37.546853166162215,37.88039234534024,37.49920508294047,37.839550018310547,312600
2011-07-20,37.941668044048903,38.050578358272197,37.819143615969359,37.921245574951172,240500
2011-07-21,38.173093119861022,38.601925912920301,38.098216810925763,38.486209869384766,297600
2011-07-22,38.486208235253883,38.547470431179157,38.275193427816617,38.445365905761719,292200
2011-07-25,38.098226665486742,38.343275522977457,38.009736223253597,38.179908752441406,259400
2011-07-26,38.166293518083449,38.207135858675159,37.94847289484764,38.009735107421875,402900
2011-07-27,37.819133201131145,37.825938957871706,37.254159316502523,37.301807403564453,521900
2011-07-28,37.274595882118184,37.540067253197478,37.029549580288865,37.084003448486328,361900
2011-07-29,36.723231024152447,37.165678026475582,36.553058500960475,36.818527221679688,458100
2011-08-01,37.335855693907959,37.3494698092343,36.389696750056395,36.723236083984375,609700
2011-08-02,36.45775544831794,36.580279849708148,35.7974853515625,35.7974853515625,733900
2011-08-03,35.817908006092729,35.920012547403331,35.218902660058035,35.913204193115234,857400
2011-08-04,35.402690457168447,35.457146910778121,34.177448813843675,34.191062927246094,868200
2011-08-05,34.592667577071616,34.687963767079154,33.231287498960562,34.09576416015625,895300
2011-08-08,33.149609521029532,33.558022556321802,31.679318958699923,31.747386932373047,856100
2011-08-09,32.332784231586814,33.306171417236328,31.175610381867777,33.306171417236328,1005200
2011-08-10,32.686754127826418,32.918188973414118,31.692946742443652,31.740594863891602,758700
2011-08-11,31.965198476969345,33.694151521675884,31.951584366779606,33.238090515136719,714500
2011-08-12,33.639708903603271,33.837109687528198,33.197261825450632,33.340206146240234,475600
2011-08-15,33.700955231680794,34.238700866699219,33.700955231680794,34.238700866699219,419100
2011-08-16,33.898369174556478,34.211486022434016,33.598866441364081,33.891563415527344,449100
2011-08-17,34.109374803563711,34.3952633445111,33.748609950475007,33.993656158447266,405400
2011-08-18,33.122368340996481,33.122368340996481,32.319154101927815,32.632270812988281,639200
2011-08-19,32.162599085832149,32.965813408298352,32.080917021558328,32.087722778320312,663000
2011-08-22,32.856907375681025,32.856907375681025,31.992430743982506,32.080921173095703,347800
2011-08-23,32.210270770924666,33.054328042213818,31.999255803945406,33.047519683837891,337200
2011-08-24,32.993046692109431,33.592052050882678,32.897750503060337,33.551212310791016,381100
2011-08-25,33.816686290228198,34.082155028797175,32.938595388325552,33.09515380859375,633600
2011-08-26,32.884128167762277,33.598852003531846,32.3055402270911,33.421871185302734,284600
2011-08-29,33.925584224000055,34.483749726111689,33.898356005207809,34.476943969726562,358800
2011-08-30,34.347626092190261,34.701585299782288,34.027703471130287,34.4837646484375,394200
2011-08-31,34.783265009120676,34.994279886661886,34.429308422433259,34.647129058837891,674900
2011-09-01,34.715192386201188,34.987469443567079,34.231903076171875,34.231903076171875,446800
2011-09-02,33.558026805527369,33.694165366738595,33.272138163948163,33.340206146240234,408800
2011-09-06,32.38722750012569,33.013460977441014,32.339576817035557,32.986232757568359,752900
2011-09-07,33.51035971315882,34.007262972924103,33.394643689496291,33.986843109130859,244900
2011-09-08,33.816674287699939,34.109371151114132,33.53078318073976,33.605659484863281,276400
2011-09-09,33.224468991615893,33.312956793166009,32.571004831445109,32.727565765380859,456500
2011-09-12,32.30553387615538,32.92496142493269,32.18981786874518,32.918155670166016,386600
2011-09-13,33.033901542575535,33.299370361107776,32.788852603429589,33.170040130615234,349700
2011-09-14,33.374224608873568,33.959618332068217,32.897743761274093,33.585239410400391,450000
2011-09-15,33.946006298674689,34.177440980216652,33.687345993194754,34.170635223388672,383400
2011-09-16,34.293160442520914,34.504172665392296,34.00046355599666,34.347614288330078,246400
2011-09-19,33.769033762247737,34.048116578604059,33.523984929032139,33.871135711669922,349400
2011-09-20,34.034495476393474,34.320383992014726,33.830289022860299,33.857517242431641,430300
2011-09-21,33.898350417576587,33.898350417576587,32.727565765380859,32.727565765380859,385700
2011-09-22,31.842699508920486,32.114976736882035,31.332181653963641,31.774631500244141,889400
2011-09-23,31.588030108973797,32.11621247698104,31.512575111159286,31.95158576965332,587500
2011-09-26,32.246551508285506,32.809033668482634,31.903576049238161,32.767875671386719,514100
2011-09-27,33.446951773271614,33.748771727013029,32.987366104356653,33.172573089599609,481400
2011-09-28,33.261751169412989,33.433238847377872,32.479765159869935,32.514064788818359,376900
2011-09-29,33.083417970118326,33.268625062822032,32.424905607191043,33.014823913574219,658700
2011-09-30,32.596376846115071,32.870755549937876,32.246540531621179,32.273979187011719,707500
2011-10-03,32.129924923025371,32.48661953475591,31.217609405517575,31.217609405517578,764800
2011-10-04,30.81976950581782,31.985886383575171,30.504232767334837,31.917289733886719,710000
2011-10-05,32.006450029446988,32.568929226669034,31.718352077223081,32.472896575927734,547600
2011-10-06,32.445466389520682,33.083400726318359,32.164226717565356,33.083400726318359,573400
2011-10-07,33.309768073743307,33.309768073743307,32.616956377689142,32.761005401611328,606700
2011-10-10,33.337198716839019,33.872241973876953,33.337198716839019,33.872241973876953,447500
2011-10-11,33.666463525318406,33.920264566067829,33.591008525359129,33.789932250976562,415400
2011-10-12,34.11232989467446,34.592495934725072,33.995719525200641,34.208362579345703,373000
2011-10-13,34.002586364746094,34.126057737755993,33.611594555779767,34.002586364746094,364500
2011-10-14,34.393573919984448,34.503325947230998,34.146631204506029,34.496467590332031,325600
2011-10-17,34.311257028087361,34.338695686253239,33.741916646270546,33.762496948242188,285100
2011-10-18,33.796793592071879,34.908033068662128,33.645883590508532,34.654232025146484,453100
2011-10-19,34.626783733122139,34.908023356253942,34.249511450876113,34.324966430664062,331800
2011-10-20,34.469031983463786,34.654239036482814,33.98886584045465,34.544486999511719,378300
2011-10-21,34.983479414619516,35.196125035424025,34.866869072583803,35.175544738769531,331200
2011-10-24,35.264732557511039,35.669443657523814,35.223574565126846,35.607707977294922,361900
2011-10-25,35.470512067749709,35.470512067749709,34.798280657872915,34.887454986572266,319700
2011-10-26,35.292154283736679,35.491080559760917,34.811988403113645,35.381328582763672,322500
2011-10-27,36.375966861124219,36.869852230672649,36.067291121850857,36.622909545898438,1160000
2011-10-28,36.492581519541723,36.650349882777597,36.362249198442214,36.60919189453125,2859000
2011-10-31,36.190758616775618,36.190758616775618,35.580262898342312,35.587123870849609,349300
2011-11-01,34.53076766780346,35.024653142520854,34.393576967415861,34.544486999511719,853300
2011-11-02,35.100090957687392,35.257861898430598,34.818851316261402,35.15496826171875,289200
2011-11-03,35.573412487158713,35.840932907413681,35.024652315264568,35.7723388671875,402500
2011-11-04,35.456799930345831,35.573412940249497,35.120685465583669,35.518535614013672,336400
2011-11-07,35.525391612558963,35.799770355224609,35.223571593923815,35.799770355224609,288900
2011-11-08,36.005550960033091,36.273071296275127,35.63513697906992,36.252490997314453,444600
2011-11-09,35.42936275365787,35.539114785933286,34.818864293887586,34.880599975585938,387000
2011-11-10,35.326465900807477,35.41564023672673,34.908035497680174,35.251010894775391,336500
2011-11-11,35.717445773596609,36.005546372088602,35.696868093952091,35.902652740478516,253600
2011-11-14,35.751746557235073,35.751746557235073,35.326457893905108,35.484226226806641,206900
2011-11-15,35.360765256379359,35.786054044236828,35.264732557511039,35.607707977294922,435500
2011-11-16,35.202990656766644,35.607701685265283,34.962908952019284,35.01092529296875,373500
2011-11-17,34.928619046936838,35.065809752141327,34.297545466369272,34.523910522460938,563600
2011-11-18,34.667951182803918,34.743406183212805,34.400430811677417,34.551338195800781,403300
2011-11-21,34.057452324048455,34.091749334725101,33.632161018236701,33.844806671142578,1032100
2011-11-22,33.803651686753483,33.913403700670429,33.501834302655475,33.632164001464844,417100
2011-11-23,33.30289520211398,33.30289520211398,32.857028961181641,32.857028961181641,465000
2011-11-25,32.802160956840019,33.220591285828256,32.802160956840019,32.843318939208984,178100
2011-11-28,33.776217027657196,33.899685758757542,33.474397014516626,33.714481353759766,338400
2011-11-29,33.810508456403774,34.057451111192151,33.707614811343916,33.865383148193359,366500
2011-11-30,34.825719453941794,35.422495866269259,34.770842138617951,35.388198852539062,516600
2011-12-01,35.285300738014541,35.484227055896845,35.141251728524914,35.2784423828125,500500
2011-12-02,35.62828946771829,35.779199505872036,35.305894318064922,35.367630004882812,358200
2011-12-05,35.847790808786385,36.053578160237187,35.532254041047636,35.744899749755859,310500
2011-12-06,35.779205003508807,36.067305791825312,35.614575607800028,35.854660034179688,276600
2011-12-07,35.717457322271223,36.183904067452623,35.497953279444047,36.005558013916016,332900
2011-12-08,35.813496231267841,35.813496231267841,35.058951280144633,35.161842346191406,313300
2011-12-09,35.312742902045635,35.854644601161034,35.237287903853073,35.751750946044922,252300
2011-12-12,35.463655187787936,35.463655187787936,34.914895097363605,35.189273834228516,307500
2011-12-13,35.395055843209825,35.593982178543349,34.729685429089265,34.908031463623047,423800
2011-12-14,34.729687025928158,34.956049411578746,34.578777024364811,34.654232025146484,549300
2011-12-15,35.058943885655189,35.093240900436989,34.770843204760133,34.866878509521484,443800
2011-12-16,35.134400755430782,35.264730465205886,34.853161032562127,34.935474395751953,400000
2011-12-19,35.086380141711338,35.120677154144744,34.407287782074867,34.489601135253906,418300
2011-12-20,35.052079168389881,35.580261513031196,35.010923801725767,35.504806518554688,394000
2011-12-21,35.539110476311386,35.840927874295417,35.415639127887339,35.792911529541016,382800
2011-12-22,35.909533638255155,36.273089445936861,35.875236611751895,36.238792419433594,311800
2011-12-23,36.39638120745348,36.527725219726562,36.265034558121101,36.527725219726562,270200
2011-12-27,36.486257817327953,36.638342346398645,36.382565977828911,36.500083923339844,301700
2011-12-28,36.534654003845951,36.534654003845951,36.009275072485806,36.071491241455078,382800
2011-12-29,36.195914327691284,36.465516778627389,36.140609908494213,36.451690673828125,595400
2011-12-30,36.444781937728898,36.472431512541903,36.27195956911229,36.285785675048828,318400
2012-01-03,36.880286138922337,37.046196744898658,36.797332154463987,36.845722198486328,423900
2012-01-04,36.769683257582976,36.873377725286005,36.576123064067836,36.838813781738281,283700
2012-01-05,36.665998796447283,37.018555310790262,36.437871976473296,36.970165252685547,256000
2012-01-06,37.018562045714184,37.018562045714184,36.728221644263193,36.859565734863281,378100
2012-01-09,36.928684791767587,37.011641432624423,36.79042899779332,36.977077484130859,622600
2012-01-10,37.357286189816598,37.433328458734792,37.281243920898405,37.343460083007812,505900
2012-01-11,37.21210834369748,37.454058570264429,37.14989219442888,37.41949462890625,382700
2012-01-12,37.516272964673597,37.550836904415021,37.198280499757246,37.488620758056641,266200
2012-01-13,37.205198961339192,37.301979064941406,36.921770384906978,37.301979064941406,316500
2012-01-17,37.592325887080477,37.682191628509806,37.253592852502798,37.322723388671875,793500
2012-01-18,37.308900914997203,37.758237577086213,37.225944263515061,37.744411468505859,565600
2012-01-19,37.855015326077357,37.924145864643741,37.696019042965283,37.882667541503906,547100
2012-01-20,37.855004877376345,38.014003753662109,37.765139157635311,38.014003753662109,471500
2012-01-23,38.014005395265563,38.207565584063069,37.861920882890502,38.000179290771484,561500
2012-01-24,37.765146304483416,37.917228202011827,37.640713982921874,37.910316467285156,533400
2012-01-25,37.813539317622691,38.14535798873122,37.571586390293703,38.090053558349609,335100
2012-01-26,38.290519199671429,38.290519199671429,37.709836001895397,37.820442199707031,350600
2012-01-27,37.689097136967476,37.882657318598937,37.613054883595197,37.785877227783203,525800
2012-01-30,37.412596308851029,37.640723166391609,37.27433784704408,37.606159210205078,496100
2012-01-31,37.820455773039775,37.827370146230614,37.384945196202771,37.543941497802734,494700
2012-02-01,37.855004954817382,38.145347863129174,37.84809322138458,37.937961578369141,448500
2012-02-02,38.007091024488631,38.083133280676165,37.861920882890502,38.000179290771484,452000
2012-02-03,38.394215457664494,38.56703781463591,38.352737142649794,38.560123443603516,280100
2012-02-06,38.428791460368551,38.546309434196793,38.352749177509935,38.532485961914062,513600
2012-02-07,38.456433163372452,38.691471683819771,38.304348639241837,38.622341156005859,328700
2012-02-08,38.636168198995001,38.774426620917389,38.518650254450009,38.732948303222656,344200
2012-02-09,38.850479867067783,38.857391603440682,38.539398989071188,38.726047515869141,339000
2012-02-10,38.401134520004646,38.428786735291524,38.262876080630676,38.421875,471100
2012-02-13,38.705292856079339,38.739856797050841,38.532470514162149,38.663814544677734,327200
2012-02-14,38.573955009334547,38.573955009334547,38.283614674309248,38.546302795410156,509500
2012-02-15,38.712218638579792,38.71913037445858,38.325095502852172,38.373485565185547,561800
2012-02-16,38.421873744358827,38.912688682889055,38.359657580526807,38.885036468505859,378600
2012-02-17,39.057860832095585,39.099339155772313,38.954166341433989,39.050949096679688,369700
2012-02-21,39.196106105103176,39.223758311597251,38.954153253869343,39.044021606445312,299500
2012-02-22,39.002541872143361,39.037108447528198,38.788243872290366,38.829719543457031,538900
2012-02-23,38.815893806912641,39.009453959858384,38.670721055144035,38.988716125488281,309400
2012-02-24,39.099333129929818,39.133897075803333,38.947248603614284,39.016376495361328,414800
2012-02-27,38.802075629174901,39.21684822363796,38.705295532937512,39.147720336914062,355100
2012-02-28,39.161546326085841,39.244500317321645,39.037114020702219,39.203022003173828,642800
2012-02-29,39.272153309518231,39.389671246356308,38.967984273824584,39.002548217773438,320200
2012-03-01,39.106235328586756,39.320535960043415,39.078583123806666,39.237579345703125,258500
2012-03-02,39.23067379592846,39.272152109635734,39.030199235266366,39.120067596435547,291000
2012-03-05,39.023290866772051,39.06476654699626,38.84355412893369,39.016376495361328,294800
2012-03-06,38.629264622731242,38.63617635861003,38.283619813458202,38.373485565185547,484500
2012-03-07,38.470264116207623,38.726040508697068,38.387307472378346,38.677650451660156,305500
2012-03-08,38.933411717755611,39.057843998094818,38.788241603046309,38.988716125488281,327200
2012-03-09,39.092415387297372,39.258326005066642,39.002547026128184,39.120067596435547,298800
2012-03-12,39.133901207486709,39.203029106532142,39.037121093998977,39.175376892089844,240100
2012-03-13,39.396582827707967,39.963439906921636,39.334366678181603,39.942699432373047,375800
2012-03-14,39.921963965182094,40.025658432902617,39.72148940068768,39.825183868408203,336600
2012-03-15,39.880490221696697,40.115528756684263,39.76988400741196,40.087879180908203,327700
2012-03-16,40.212318060223204,40.226144169803042,40.087888348126185,40.150104522705078,327100
2012-03-19,40.115523597400092,40.42660435914889,40.080959654330186,40.239955902099609,457100
2012-03-20,40.039483705395263,40.20539433381429,39.908139659147679,40.122440338134766,367900
2012-03-21,40.191574292000965,40.19848866430241,39.949624002658005,40.03948974609375,329000
2012-03-22,39.762964057745933,39.804442368430891,39.569403882002021,39.673095703125,309900
2012-03-23,39.693853410387213,39.901242430569795,39.534857095425252,39.859764099121094,245100
2012-03-26,40.1949385108299,40.375747680664062,40.139306756661753,40.375747680664062,369200
2012-03-27,40.431366632762582,40.493953994380846,40.194925783626218,40.201881408691406,298900
2012-03-28,40.181027759809709,40.222753562799802,39.770733315187456,40.000221252441406,399300
2012-03-29,39.798557977926855,39.965458568380491,39.534299815039802,39.923732757568359,559800
2012-03-30,40.160163301183978,40.181024874783951,39.902860833205516,40.111484527587891,304100
2012-04-02,40.104526559291713,40.493959378113665,39.993260418598872,40.361831665039062,305100
2012-04-03,40.306206853776672,40.327071083914348,39.868097812805715,40.139308929443359,436500
2012-04-04,39.833330499924621,39.854194732953474,39.610798134780524,39.763790130615234,450400
2012-04-05,39.603841309084153,39.770739240320587,39.492575137328274,39.596885681152344,267900
2012-04-09,39.103141351601735,39.263086304190878,39.012736760035786,39.130958557128906,484600
2012-04-10,39.061415705182114,39.144867322109455,38.407727289353033,38.4285888671875,566400
2012-04-11,38.866698075839707,38.90146825426298,38.706753132857003,38.769340515136719,446400
2012-04-12,38.797150429661784,39.304802367087092,38.797150429661784,39.276985168457031,489700
2012-04-13,39.200496563733338,39.200496563733338,38.748478938641675,38.769340515136719,1767300
2012-04-16,39.012729280778224,39.117042455109541,38.776288384715571,38.950141906738281,335300
2012-04-17,39.200490505906643,39.527335968724564,39.117041560027616,39.450839996337891,315400
2012-04-18,39.276985168457031,39.409112882758713,39.200489198621398,39.276985168457031,371000
2012-04-19,39.346543199991643,39.416083570345243,38.943201624114529,39.124008178710938,374600
2012-04-20,39.318717025571949,39.416074582986283,39.207450866699219,39.207450866699219,234700
2012-04-23,38.838882367170626,38.964057136548931,38.678937418030493,38.929286956787109,334600
2012-04-24,38.991864514491098,39.276984161151816,38.991864514491098,39.256122589111328,321200
2012-04-25,39.576026916503906,39.617752728676798,39.388264740918359,39.576026916503906,305400
2012-04-26,39.506480920826789,39.909819769857599,39.464755114598255,39.875049591064453,241700
2012-04-27,40.014134181542943,40.021087156396156,39.715105859755667,39.882003784179688,324500
2012-04-30,39.812456454714571,39.847226628482993,39.645555906714264,39.742916107177734,299500
2012-05-01,39.777694296428557,40.292299338603769,39.701198307047036,40.069766998291016,377900
2012-05-02,39.847223543673486,39.923719511718531,39.687278634485672,39.868087768554688,300400
2012-05-03,39.916778246145945,39.916778246145945,39.520392343465943,39.596885681152344,407000
2012-05-04,39.416066595020375,39.443883792299808,38.991863621287777,39.054450988769531,509100
2012-05-07,38.873652676204188,39.200495528101612,38.873652676204188,39.103137969970703,273300
2012-05-08,38.831922785104069,38.984914733378197,38.581573288944291,38.950141906738281,393100
2012-05-09,38.567667625241313,38.901466094603741,38.386861115801238,38.651119232177734,475900
2012-05-10,39.005795073494518,39.082291084435148,38.811079884042364,38.8875732421875,293400
2012-05-11,38.609406413547489,39.068379794878759,38.581589201880057,38.720672607421875,293000
2012-05-14,38.35904701396155,38.50508335871244,38.199102066930394,38.268642425537109,374600
2012-05-15,38.247782035483667,38.393818384766597,37.941800734205898,38.011341094970703,402200
2012-05-16,38.219959257515477,38.365995585506028,37.858343598114345,37.865299224853516,321700
2012-05-17,37.851391995568633,37.87920919794449,37.336784362792969,37.336784362792969,520600
2012-05-18,37.448048054004921,37.496726828560561,36.961260308448573,37.065570831298828,857500
2012-05-21,37.176842503164906,37.475870821451508,37.07253196481971,37.468917846679688,483300
2012-05-22,37.56628821523352,37.844452398431407,37.343755807556995,37.552379608154297,414000
2012-05-23,37.322863439662939,37.503672542618439,36.877798959762558,37.482810974121094,440000
2012-05-24,37.621886998379587,37.698382943834716,37.322858840396727,37.635795593261719,337600
2012-05-25,37.635801413072308,37.767931758487954,37.482812151297772,37.580169677734375,342500
2012-05-29,37.879204163793233,38.011331878327127,37.726212223853089,37.941791534423828,475600
2012-05-30,37.663626163595701,37.670579137110302,37.336780699731804,37.413276672363281,323500
2012-05-31,37.413271848968776,37.663621307925638,37.051656258563732,37.392410278320312,393600
2012-06-01,36.83608466324263,36.926486583622832,36.488377623273323,36.509239196777344,518800
2012-06-04,36.578775188358108,36.620500983192201,36.14066628017256,36.370151519775391,736600
2012-06-05,36.300620572537213,36.724823644984475,36.272803368784544,36.683097839355469,442800
2012-06-06,36.940398374244197,37.517593383789062,36.919536798938282,37.517593383789062,1405300
2012-06-07,37.941804719269207,37.983527878992433,37.524554552472019,37.566280364990234,397500
2012-06-08,37.489774964768387,37.87920782553752,37.392417412774684,37.865299224853516,555000
2012-06-11,38.226915977477631,38.240824578559398,37.399371456276185,37.441097259521484,438100
2012-06-12,37.524542780001909,37.879205443151946,37.37850646119621,37.858341217041016,718900
2012-06-13,37.726214356994866,38.011334027590337,37.566269434738302,37.705352783203125,2403100
2012-06-14,37.767941528906135,38.28950211499388,37.712307126382171,38.143463134765625,358100
2012-06-15,38.310376019102549,38.532908395228127,38.233880017410286,38.512046813964844,259400
2012-06-18,38.310371877987251,38.560721437266075,38.261693091771356,38.449455261230469,364500
2012-06-19,38.685895278693032,39.01273817067387,38.581582080591701,38.859748840332031,334600
2012-06-20,38.866693822136199,38.984915599190217,38.54680397118063,38.797153472900391,454500
2012-06-21,38.887547265701066,38.964043225543179,37.990465275827084,38.032188415527344,254500
2012-06-22,38.233878652594889,38.359053441296624,38.087842283374563,38.261695861816406,339400
2012-06-25,37.86107702578721,37.86107702578721,37.510900591602983,37.643966674804688,321700
2012-06-26,37.728014830482238,37.97313998001006,37.552926582948636,37.83306884765625,516700
2012-06-27,37.973154587921577,38.302318803199533,37.931132430559522,38.232284545898438,811100
2012-06-28,37.99416469338891,38.281309425680895,37.784059247844773,38.260299682617188,438700
2012-06-29,38.974649274658546,39.177749633789062,38.834578126832888,39.177749633789062,473700
2012-07-02,39.275809691429536,39.39486845593354,38.946642824518818,39.233787536621094,367400
2012-07-03,39.240786744642911,39.499919337715937,39.21277464865377,39.457897186279297,395000
2012-07-05,39.268794660560573,39.387856066372649,39.058689283307594,39.15673828125,390200
2012-07-06,38.806555075101876,38.918611435103756,38.701501068760074,38.869586944580078,315400
2012-07-09,38.806566346593499,38.869598234379517,38.596460944518469,38.771549224853516,268600
2012-07-10,38.981637347128363,39.016654453345943,38.344316396086171,38.463375091552734,2851500
2012-07-11,38.477386851146662,38.687494855652474,38.400350277346689,38.589443206787109,468800
2012-07-12,38.35834356660466,38.575454011801497,38.211270041617446,38.435382843017578,466200
2012-07-13,38.533425750580555,39.107715047074905,38.491403605116979,39.065692901611328,348600
2012-07-16,38.974650565506451,39.107716690948784,38.841581768429094,39.002662658691406,359400
2012-07-17,39.177755759807226,39.387863850216668,38.792562046782173,39.338836669921875,341800
2012-07-18,39.233799492930004,39.604985956130925,39.177769936110678,39.541954040527344,1114400
2012-07-19,39.562933539817656,39.576938245732855,39.352825548212465,39.464881896972656,309500
2012-07-20,39.226776151951007,39.27580332710081,39.093710024073154,39.142734527587891,344100
2012-07-23,38.62447133025875,38.87659618117484,38.470392806114333,38.813564300537109,379900
2012-07-24,38.813571525608225,38.813571525608225,38.155240505449747,38.435382843017578,430000
2012-07-25,38.582448313811888,38.659487574142652,38.330320796960223,38.491401672363281,428100
2012-07-26,39.030685973447618,39.170757156595997,38.869605047899441,39.072708129882812,411500
2012-07-27,39.345845366973215,39.899125069594412,39.247796340510853,39.780063629150391,619200
2012-07-30,39.7170225006546,39.927127890195607,39.653990616628803,39.759044647216797,1123300
2012-07-31,39.682002459630652,39.857090716630722,39.611968225484532,39.639980316162109,396700
2012-08-01,39.808069703058322,39.829079440814319,39.506917660925644,39.527927398681641,546100
2012-08-02,39.247775842930999,39.40885668394089,38.855577270275916,39.149726867675781,483100
2012-08-03,39.815076212264024,40.011176914440533,39.696017457045521,39.913127899169922,330300
2012-08-06,40.025182647703446,40.158248781278203,39.976158142089844,39.976158142089844,646600
2012-08-07,40.158229444204501,40.298300537782552,40.130214691162109,40.130214691162109,332500
2012-08-08,40.025185108704676,40.263305295598386,40.011177724577358,40.23529052734375,347200
2012-08-09,40.158235448156084,40.361338430627946,40.158235448156084,40.277294158935547,313100
2012-08-10,40.102226197370832,40.396375953659685,40.025189583510929,40.3753662109375,237500
2012-08-13,40.333333888960638,40.361348653286974,40.137235881946225,40.284309387207031,261000
2012-08-14,40.438387919366917,40.480407394221444,40.179255356800759,40.284309387207031,481600
2012-08-15,40.207267740321797,40.375353644691927,40.207267740321797,40.291309356689453,236800
2012-08-16,40.375345319689281,40.585450653104154,40.228269181828026,40.508411407470703,247200
2012-08-17,40.564461351646777,40.613488539945038,40.445402574505273,40.522441864013672,250300
2012-08-20,40.487422713230906,40.557456970214844,40.403378398887398,40.557456970214844,299400
2012-08-21,40.627483616189089,40.823584307951471,40.389363446762381,40.473407745361328,291500
2012-08-22,40.333331853221146,40.459395614691893,40.193260710294233,40.403366088867188,505500
2012-08-23,40.326336299459761,40.326336299459761,40.032186582540575,40.081211090087891,269900
2012-08-24,39.997162734647738,40.396363755641104,39.948138235342228,40.319324493408203,403700
2012-08-27,40.38235294484921,40.41036770539754,40.2212720791482,40.263294219970703,386100
2012-08-28,40.165251409157065,40.389364199661635,40.137239314070392,40.256298065185547,387000
2012-08-29,40.291301537550943,40.403357894839857,40.200257584002287,40.277294158935547,263400
2012-08-30,40.116220015054751,40.14423477696635,39.913119670282533,40.039180755615234,291900
2012-08-31,40.27029744079897,40.382353813768852,40.067194429905229,40.228275299072266,393200
2012-09-04,40.193269657897844,40.277311293708941,39.948147106934037,40.144245147705078,415600
2012-09-05,40.193256189695191,40.291305177225858,40.109214582045269,40.179248809814453,447600
2012-09-06,40.424373078138814,40.991657257080078,40.424373078138814,40.991657257080078,619700
2012-09-07,41.068701228280368,41.229782104492188,40.99866699397429,41.229782104492188,451200
2012-09-10,41.145736328698639,41.26479504930775,41.019672582386335,41.033679962158203,270000
2012-09-11,41.089712970068817,41.292815999759775,41.054695851206397,41.194766998291016,286400
2012-09-12,41.341854511559575,41.3698692847979,41.208788346131264,41.28582763671875,233400
2012-09-13,41.292805550346081,42.042182925233831,41.187754220342725,41.958141326904297,398100
2012-09-14,42.035200006377472,42.357361841950365,41.937150984388815,42.070217132568359,331300
2012-09-17,41.958156062741672,42.042197690586889,41.748050657311033,41.83209228515625,266400
2012-09-18,41.790055274258229,41.83207740905474,41.670996566452793,41.776050567626953,290100
2012-09-19,41.846078964104592,41.951132950659655,41.734022625208333,41.811061859130859,268600
2012-09-20,41.586973915042293,41.895128362372311,41.474917509500884,41.860111236572266,316100
2012-09-21,42.077221691149262,42.077221691149262,41.846103851925164,41.860111236572266,274400
2012-09-24,41.696552424116078,41.964423514385288,41.66835461805907,41.851634979248047,366300
2012-09-25,41.992631505723224,42.041976333746142,41.449835708379659,41.470985412597656,1027400
2012-09-26,41.435745160652623,41.46394297923726,41.181970171574868,41.280662536621094,698600
2012-09-27,41.456884525957861,41.675410842738167,41.322946265643417,41.57672119140625,309700
2012-09-28,41.442781252350059,41.548519000879544,41.252450078087762,41.393436431884766,411100
2012-10-01,41.576726515443795,41.872798196443838,41.449839036314017,41.513282775878906,320100
2012-10-02,41.710672491930701,41.774116247296362,41.435750448376936,41.604934692382812,305800
2012-10-03,41.724750518798828,41.865736870054675,41.49917343242587,41.724750518798828,346100
2012-10-04,41.915079134724607,42.119509197130128,41.865734318156491,42.112461090087891,442000
2012-10-05,42.33804815555149,42.422638905477967,42.049027294968859,42.175914764404297,271800
2012-10-08,42.01377997147604,42.147718242812601,41.971485939762637,42.098373413085938,232000
2012-10-09,42.098365627818715,42.168857460366006,41.767048098846161,41.781147003173828,377600
2012-10-10,41.74591309435602,41.752961204001593,41.39344845205742,41.506237030029297,551200
2012-10-11,41.760010268586086,41.823454009128902,41.555580139160156,41.555580139160156,229200
2012-10-12,41.527374516158119,41.611965257947716,41.203107765055336,41.308845520019531,305100
2012-10-15,41.407536977947181,41.689507007630034,41.294748428255815,41.647212982177734,484800
2012-10-16,41.872789965517967,42.063118457708136,41.851640263759286,42.020824432373047,640800
2012-10-17,42.112468201104875,42.408537150507115,42.098369295548871,42.38739013671875,487400
2012-10-18,42.295738813380964,42.577711481106434,42.288690706778624,42.479019165039062,362800
2012-10-19,42.373289888786083,42.373289888786083,41.731804496312073,41.844593048095703,263400
2012-10-22,41.795247360675205,41.872789992627915,41.463929820183111,41.788196563720703,869700
2012-10-23,41.322957247883679,41.322957247883679,40.956393667594014,41.160823822021484,439400
2012-10-24,41.287697079403692,41.33704190116589,41.019823269058115,41.069168090820312,388600
2012-10-25,41.414582397232138,41.4639272164505,41.005722250461758,41.252449035644531,257200
2012-10-26,41.21015316658697,41.322941711262729,40.942282053663945,41.146709442138672,711000
2012-10-31,41.34408889180407,41.407532612384841,41.012771385538841,41.231300354003906,905400
2012-11-01,41.294741871642785,41.647206369601804,41.266544066424288,41.626056671142578,279800
2012-11-02,41.865748397283085,41.865748397283085,41.224262877080136,41.266559600830078,265600
2012-11-05,41.203110121589155,41.379342412366618,41.040976736764854,41.301799774169922,444900
2012-11-06,41.40753863641509,41.809348028852185,41.386388933750709,41.668361663818359,326600
2012-11-07,41.259499427396889,41.259499427396889,40.434733669863171,40.625064849853516,732800
2012-11-08,40.646207243776736,40.850637305250949,40.195053100585938,40.195053100585938,556200
2012-11-09,40.047026467290614,40.547525524504088,40.004729749702626,40.209159851074219,612100
2012-11-12,40.300798273798513,40.343094990933373,40.1316167834417,40.180961608886719,562000
2012-11-13,39.990623256214953,40.427678498667397,39.89898173004093,39.976524353027344,984900
2012-11-14,40.096380379612675,40.14572521676849,39.320956515993423,39.4407958984375,728600
2012-11-15,39.433744527144903,39.581781725556141,39.187020344946013,39.328006744384766,520600
2012-11-16,39.342093748472756,39.58881785601389,39.05307292717125,39.532424926757812,568100
2012-11-19,39.962430684486819,40.216205596923828,39.821447012325081,40.216205596923828,575800
2012-11-20,40.152782775608991,40.307868122646319,39.934256356521018,40.251472473144531,632300
2012-11-21,40.31490749752205,40.357204225482135,40.20211891205382,40.343105316162109,421500
2012-11-23,40.526376192896549,40.836544036865234,40.505226490766262,40.836544036865234,275500
2012-11-26,40.646217507121541,40.730808258056641,40.512281927383341,40.730808258056641,892800
2012-11-27,40.695572436783571,40.808361029055604,40.455896342068989,40.491142272949219,871000
2012-11-28,40.321953425681187,40.836551452782842,40.110475189612124,40.822452545166016,749500
2012-11-29,40.970488050842469,41.076228516027825,40.751961700127275,40.96343994140625,959600
2012-11-30,40.963430426454991,41.062120070188847,40.829492176452376,40.928184509277344,616200
2012-12-03,41.167872477819174,41.203118405242385,40.751964080404676,40.794258117675781,611600
2012-12-04,40.815393032306794,40.949328583608285,40.660307780943342,40.751949310302734,482800
2012-12-05,40.822453915019864,41.224263383761851,40.709665339392146,41.062129974365234,907400
2012-12-06,41.08326636663881,41.203105709863472,40.998675629068565,41.189006805419922,729600
2012-12-07,41.337048647571216,41.421639400241872,41.146717437243581,41.407543182373047,453000
2012-12-10,41.386387951417341,41.520326205111424,41.358190141261616,41.456882476806641,414300
2012-12-11,41.569680051249257,41.851650146735956,41.569680051249257,41.696567535400391,706300
2012-12-12,41.872784932151724,42.091311207691177,41.731798590102869,41.795242309570312,531200
2012-12-13,41.774109895526138,41.837553641245151,41.428696038127434,41.527385711669922,723400
2012-12-14,41.492137056644857,41.5626289076585,41.38639659103265,41.435741424560547,738500
2012-12-17,41.619022033417153,41.908042907714844,41.569677202860831,41.908042907714844,1299300
2012-12-18,42.020835239641059,42.415593919448597,41.865749935949907,42.366249084472656,1190700
2012-12-19,42.450833955237599,42.450833955237599,42.063120774371406,42.084270477294922,1097800
2012-12-20,42.105426001158129,42.37329988323598,42.03493414807587,42.366249084472656,480800
2012-12-21,41.795258081719673,42.077228183132767,41.724763539547531,41.978538513183594,989200
2012-12-24,41.886136357961163,41.886136357961163,41.736873669318413,41.815059661865234,323000
2012-12-26,41.893234758539684,41.942988978367033,41.630247780680584,41.701324462890625,556700
2012-12-27,41.743963990856841,41.800827494701203,41.146910757496507,41.608917236328125,511800
2012-12-28,41.331730431531227,41.559179112143227,41.132710802444116,41.139820098876953,624400
2012-12-31,41.061623969536846,41.815049232690342,41.03319221362883,41.793724060058594,1039000
2013-01-02,42.739059905169924,42.831459045410156,42.468963644971829,42.831459045410156,919700
2013-01-03,42.859893742626156,42.938079721580436,42.689308617091072,42.781707763671875,1946200
2013-01-04,42.902546415720501,43.129995084066898,42.810144546891649,43.073131561279297,591600
2013-01-07,42.987830235894975,42.987830235894975,42.774597491661062,42.938076019287109,1060200
2013-01-08,42.888322980626512,42.909645442215101,42.653765057545954,42.788814544677734,458100
2013-01-09,42.902535984331834,43.03047616809436,42.803027555050164,42.916751861572266,3434900
2013-01-10,43.151323803264134,43.307695802190779,42.994954515739877,43.293479919433594,4039200
2013-01-11,43.279249402142533,43.279249402142533,43.101554994867257,43.257926940917969,2220800
2013-01-14,43.272142397428354,43.321896614068741,43.122877036105734,43.300571441650391,1179800
2013-01-15,43.144205250667426,43.435623987852857,43.122880076745417,43.407192230224609,755600
2013-01-16,43.314787184730669,43.421404912286405,43.257926385061999,43.371650695800781,453700
2013-01-17,43.53513130226645,43.755473351084525,43.471161204958079,43.634639739990234,1154100
2013-01-18,43.634640674226034,43.791012629083724,43.499593893195424,43.762580871582031,609000
2013-01-22,43.755476341036726,44.046895090599207,43.684396943947242,44.025569915771484,485400
2013-01-23,44.046893394668274,44.046893394668274,43.833657923011756,44.004245758056641,532000
2013-01-24,44.089541618986772,44.388069674802999,44.089541618986772,44.196159362792969,750600
2013-01-25,44.38095229452577,44.46624755859375,44.210367189192546,44.46624755859375,483300
2013-01-28,44.55865961757862,44.55865961757862,44.238811774463024,44.402290344238281,467800
2013-01-29,44.380956668749455,44.757670677008853,44.359634206331584,44.715023040771484,531400
2013-01-30,44.750577894031217,44.764793778022394,44.501806702692193,44.565776824951172,530500
2013-01-31,44.47336027453602,44.572868718269724,44.388067710107386,44.452037811279297,466200
2013-02-01,44.736349617656529,44.921153346946852,44.629734584359994,44.878505706787109,426600
2013-02-04,44.636838819441635,44.6581639941001,44.416499468717511,44.452037811279297,821000
2013-02-05,44.693712915524515,44.978022434715733,44.693712915524515,44.842975616455078,479200
2013-02-06,44.672377879960798,44.935367584228516,44.629732952761977,44.935367584228516,761200
2013-02-07,44.935367674623372,44.970906017827808,44.501792837884587,44.786102294921875,969300
2013-02-08,44.821637539164705,44.970900188115053,44.821637539164705,44.963790893554688,714200
2013-02-11,44.949585832085091,45.034878402378453,44.871399846232045,44.999340057373047,1028300
2013-02-12,45.013550317722519,45.248105534595567,44.963793387244785,45.184135437011719,1082900
2013-02-13,45.276539471429821,45.347616155988682,45.105951632526164,45.241001129150391,3332800
2013-02-14,45.105935203708142,45.340493057843055,45.034858545037352,45.312061309814453,418400
2013-02-15,45.376043205534167,45.383149788691888,45.056192735407933,45.191242218017578,1836800
2013-02-19,45.304979898255539,45.617721166115352,45.304979898255539,45.603507995605469,752000
2013-02-20,45.575070573720296,45.603502334014777,45.027768677958228,45.041984558105469,1778100
2013-02-21,44.921151795061242,44.956690138265678,44.615517162979863,44.786102294921875,1081600
2013-02-22,45.01355262619925,45.169921875,44.871396545233523,45.169921875,650600
2013-02-25,45.397369090897286,45.461339189748024,44.281448364257812,44.281448364257812,825500
2013-02-26,44.508902055751143,44.629735683478629,44.196160821083325,44.572872161865234,757100
2013-02-27,44.572868309551474,45.248107657640674,44.508898208966144,45.162815093994141,469200
2013-02-28,45.177033866549422,45.418698405193524,45.034877777099609,45.034877777099609,489700
2013-03-01,44.91403855152295,45.255211496818809,44.693699216182736,45.219673156738281,646700
2013-03-04,45.120165711554087,45.425800323486328,45.034873151206043,45.425800323486328,718700
2013-03-05,45.695897899737552,45.937559709059173,45.68167930930489,45.795406341552734,558100
2013-03-06,45.9730983597576,46.058393629485906,45.809617115145791,45.958885192871094,528200
2013-03-07,46.037060271164293,46.129464824750528,46.001524646771649,46.072601318359375,498600
2013-03-08,46.285844534013172,46.321380164377388,46.0228548398619,46.228981018066406,717500
2013-03-11,46.236092506716616,46.442213271896215,46.129474764959291,46.420890808105469,525500
2013-03-12,46.413784846421471,46.513293288168747,46.243194298166109,46.385353088378906,661000
2013-03-13,46.406668801512666,46.477745474879519,46.257406160601512,46.435100555419922,494000
2013-03-14,46.54172315856497,46.733630739064623,46.54172315856497,46.719417572021484,872600
2013-03-15,46.634122213830587,46.726521356445431,46.477750262633826,46.698089599609375,1176600
2013-03-18,46.257408664539248,46.634119934297445,46.186331987324976,46.427993774414062,771300
2013-03-19,46.527502963772818,46.58436647559018,46.051283253609093,46.321376800537109,508900
2013-03-20,46.591482342057539,46.712313254610564,46.527509526538822,46.627017974853516,2369800
2013-03-21,46.385358155091538,46.548834003188659,46.179231953870158,46.314281463623047,842300
2013-03-22,46.391492913193332,46.555953448873048,46.341440655427675,46.527351379394531,530500
2013-03-25,46.698957858741686,46.76331387822551,46.198435286253726,46.384346008300781,1448500
2013-03-26,46.584564510664869,46.756171505374645,46.513062050809793,46.749019622802734,705700
2013-03-27,46.491611169274293,46.749024415372197,46.41296227407247,46.713275909423828,576700
2013-03-28,46.741863201478864,46.94207222838088,46.656056994826493,46.856266021728516,621200
2013-04-01,46.841990389824417,46.963545149958058,46.641781266006767,46.784786224365234,821600
2013-04-02,46.91346566229992,47.035020351939899,46.77760721194565,46.849109649658203,954200
2013-04-03,46.949250788671961,46.949250788671961,46.277115426166439,46.398670196533203,916700
2013-04-04,46.477310995387647,46.698970271365688,46.398656648049311,46.670368194580078,2944800
2013-04-05,46.091183814694709,46.555957941822079,46.026833243623024,46.534507751464844,761700
2013-04-08,46.570273331538054,46.806236422590061,46.355765894000356,46.784786224365234,616300
2013-04-09,46.89202098190205,47.199486409921889,46.777612703900736,47.027873992919922,1020000
2013-04-10,47.156591009361989,47.585616691483132,47.142292699092422,47.535564422607422,811700
2013-04-11,47.521254171938367,47.807269435891264,47.442599837969134,47.685714721679688,1279000
2013-04-12,47.485510131167175,47.599912974315373,47.285295608903965,47.514106750488281,338500
2013-04-15,47.292449727927213,47.299601610739678,46.448707580566406,46.448707580566406,635400
2013-04-16,46.820523531326884,47.077931273720147,46.648911096014665,47.063632965087891,687100
2013-04-17,46.720400758368399,46.763306583093218,46.17697789452378,46.434391021728516,632200
2013-04-18,46.541658581044061,46.555962346160378,46.105491940180251,46.269947052001953,575500
2013-04-19,46.477305643220355,46.784771114148555,46.370049231447688,46.763320922851562,789800
2013-04-22,46.863406715021924,47.027861752736555,46.520187425636379,46.927757263183594,755400
2013-04-23,47.11367702669007,47.442592620849609,46.927766315108911,47.442592620849609,600500
2013-04-24,47.492657682328876,47.592762218185626,47.371102953829691,47.4569091796875,3376900
2013-04-25,47.649948120117188,47.878759179488171,47.521241558265636,47.649948120117188,657600
2013-04-26,47.592758853946037,47.692863382726586,47.442602060775208,47.599910736083984,359200
2013-04-29,47.714322784534765,47.978882436296743,47.642814868102562,47.893081665039062,356500
2013-04-30,47.878777899637385,47.921678285266225,47.635668440689827,47.893081665039062,416300
2013-05-01,47.81442504773009,47.81442504773009,47.363949198893941,47.41400146484375,475500
2013-05-02,47.54270430097764,47.814421256263131,47.485505612490478,47.800117492675781,441900
2013-05-03,48.207680425159722,48.379292831403681,48.157628170493552,48.214832305908203,337300
2013-05-06,48.221999367136114,48.40075825511596,48.200549173424662,48.329250335693359,538400
2013-05-07,48.436509288070624,48.60812175729756,48.329252858625942,48.586666107177734,487900
2013-05-08,48.565203394943417,48.822616577148438,48.543753205640861,48.822616577148438,404100
2013-05-09,48.801164465395985,48.829766535101719,48.457945084214174,48.572353363037109,445600
2013-05-10,48.622413712977753,48.722518245963798,48.429356529444078,48.715366363525391,331600
2013-05-13,48.636714043211455,48.772572538745941,48.49370912022956,48.736824035644531,925400
2013-05-14,48.743975050448761,49.366057980070067,48.743975050448761,49.316005706787109,463500
2013-05-15,49.258785869368708,49.78791051210591,49.258785869368708,49.673507690429688,951600
2013-05-16,49.58055037808348,49.752162796215892,49.416095296481998,49.480445861816406,1563500
2013-05-17,49.666361227825874,50.00242875896091,49.616308965015598,49.9666748046875,1167400
2013-05-20,49.923768007700652,50.181181170582036,49.902317820008335,50.002422332763672,576500
2013-05-21,50.023880383459947,50.224089440440487,49.873723590724538,50.073932647705078,410400
2013-05-22,50.123988571068402,50.610212940068017,49.530507783631442,49.709266662597656,2698600
2013-05-23,49.215885637258104,49.766460469716279,49.137231310437379,49.652057647705078,811600
2013-05-24,49.4375391772139,49.609146118164062,49.244482050555753,49.609146118164062,1328300
2013-05-28,50.095378549515296,50.3384934230955,49.759311037520796,49.930923461914062,558100
2013-05-29,49.687806142895553,49.802214420193671,49.351738647440975,49.652057647705078,1084900
2013-05-30,49.687812006885608,50.081083687401858,49.659209934185554,49.880874633789062,426500
2013-05-31,49.752152343300857,49.995261701647401,49.087169364789766,49.130069732666016,940200
2013-06-03,49.258794533031804,49.444705288151518,48.908428669961779,49.437553405761719,672800
2013-06-04,49.430384977235583,49.623447550120076,48.944160787955518,49.194427490234375,896400
2013-06-05,49.080031978666412,49.130084241064708,48.486551256452721,48.529457092285156,518800
2013-06-06,48.522301569311232,49.008525848388672,48.250590087436535,49.008525848388672,745600
2013-06-07,49.315984488011125,49.666350250242886,49.18727791847693,49.609146118164062,375100
2013-06-10,49.816503571017442,49.816503571017442,49.494739897008245,49.659194946289062,515700
2013-06-11,49.23017926323022,49.551948421070605,49.080022505019265,49.165828704833984,546800
2013-06-12,49.551967206405259,49.573417400669186,48.786879364357198,48.844078063964844,696600
2013-06-13,48.822609485295331,49.630602866905633,48.693902912888419,49.551948547363281,1503300
2013-06-14,49.458996894321118,49.652059505664283,49.137233149131994,49.223033905029297,2731000
2013-06-17,49.566245889669624,49.802208843710417,49.308832749858993,49.587696075439453,1520400
2013-06-18,49.644906720435408,50.002424410931042,49.616304650561311,49.938068389892578,652300
2013-06-19,49.902310430315282,49.973812863796958,49.251625738474239,49.258777618408203,848800
2013-06-20,48.83692142352735,48.844067849928585,47.935975265824652,48.086132049560547,1218700
2013-06-21,48.472238868146817,48.507987356454507,47.800104006646201,48.272029876708984,3129200
2013-06-24,47.819655398732245,48.049799414762241,47.273066790077365,47.661430358886719,886000
2013-06-25,48.107344494793168,48.294338252472237,47.776512761709903,48.143306732177734,758900
2013-06-26,48.560439756515095,48.711476766056457,48.315914097385509,48.617977142333984,1550700
2013-06-27,48.898465648711799,49.16457194613988,48.876890500527644,48.984771728515625,824200
2013-06-28,48.898469855028068,49.027926242336235,48.625175476074219,48.625175476074219,831700
2013-07-01,48.970385920927448,49.29402961336794,48.862510177181285,48.934429168701172,642200
2013-07-02,48.905655403740468,49.200530371584478,48.653936215987514,48.833736419677734,660400
2013-07-03,48.646742671461212,48.920037005726314,48.546054996360027,48.833736419677734,289300
2013-07-05,49.214902931373324,49.38032150268554,48.833727447513667,49.380321502685547,773900
2013-07-08,49.624858245062846,49.819040058668833,49.588896008029479,49.739933013916016,648500
2013-07-09,50.07075549426915,50.200211841781183,49.876568229468106,50.149868011474609,702500
2013-07-10,50.128314398201475,50.279351457590231,49.948514123477558,50.092357635498047,539800
2013-07-11,50.696477927717332,50.768396931685572,50.415989971293413,50.710865020751953,709100
2013-07-12,50.674876398567186,50.840294959953937,50.624532573286942,50.804332733154297,859700
2013-07-15,50.897853213301509,51.063271860398757,50.811552603571009,51.012928009033203,2024700
2013-07-16,51.063245402328526,51.070438945101536,50.646107714540562,50.804332733154297,1426100
2013-07-17,51.027297692736056,51.099222166797766,50.861884571354885,50.933803558349609,1287000
2013-07-18,51.077623942726063,51.415649100969155,51.063242345106509,51.322154998779297,385200
2013-07-19,51.199901875107116,51.444427490234375,51.127977412242743,51.444427490234375,496100
2013-07-22,51.473204953572036,51.631430019543451,51.394092420586325,51.588279724121094,513900
2013-07-23,51.688959568244883,51.696147625014113,51.494772294150884,51.602653503417969,751800
2013-07-24,51.724920167619636,51.724920167619636,51.171137966480167,51.300594329833984,646300
2013-07-25,51.106413363760204,51.379713213021375,51.027300827086428,51.350944519042969,723700
2013-07-26,51.120788766862646,51.415658210359346,50.933795042287869,51.408470153808594,351200
2013-07-29,51.307791303183791,51.372522239642677,51.135184617739419,51.250259399414062,639400
2013-07-30,51.451627425853843,51.501971263873529,51.106408617242593,51.192714691162109,598900
2013-07-31,51.33654755843321,51.645804100408498,51.207091203953645,51.243053436279297,476400
2013-08-01,51.638619823396105,51.87595191809212,51.638619823396105,51.847183227539062,416700
2013-08-02,51.739309248396744,51.883147218964872,51.631428026937222,51.875953674316406,454700
2013-08-05,51.768085479736328,51.854386079819797,51.67458584688903,51.768085479736328,715400
2013-08-06,51.696156273326515,51.717736908443172,51.358136475439061,51.458824157714844,336000
2013-08-07,51.271816848528687,51.379698047337705,51.142360507371002,51.307773590087891,510200
2013-08-08,51.588299898111025,51.660218914295122,51.279043190157125,51.552337646484375,390100
2013-08-09,51.458837794875883,51.624250965136483,51.199924975532788,51.386913299560547,377500
2013-08-12,51.142354849676813,51.379692363387719,51.077623942726063,51.322154998779297,591600
2013-08-13,51.386895981834392,51.530739436920243,51.127983249746613,51.415664672851562,400500
2013-08-14,51.37251715900139,51.422860999238239,51.113604412906994,51.149566650390625,452800
2013-08-15,50.761207815878151,50.761207815878151,50.336876373279956,50.415988922119141,632300
2013-08-16,50.300911063341083,50.480711282484208,50.121110844197965,50.257755279541016,914400
2013-08-19,50.178633081324598,50.250557544785245,49.833419799804688,49.833419799804688,475100
2013-08-20,49.905328824408116,50.221778841918812,49.819022777705634,50.070747375488281,636900
2013-08-21,49.948498500063906,50.1426858087844,49.610478698450201,49.711166381835938,898700
2013-08-22,49.826236850629428,50.214605990218139,49.797468156541299,50.113918304443359,446700
2013-08-23,50.279344463543595,50.45914471325662,50.099544213830569,50.415988922119141,471600
2013-08-26,50.480712295232806,50.487900353454329,50.085149610355231,50.113918304443359,757500
2013-08-27,49.610488037771205,49.790288290103263,49.27246268545602,49.301231384277344,1066000
2013-08-28,49.286835851813173,49.624861146247369,47.567946172814338,49.430679321289062,367000
2013-08-29,49.33715902102216,49.775871816725633,49.33715902102216,49.509765625,586800
2013-08-30,49.574511826490237,49.574511826490237,49.236486569402544,49.358749389648438,352300
2013-09-03,49.854999092330203,49.883767782695003,49.286829803525428,49.473823547363281,418400
2013-09-04,49.445050742795154,49.905338776199152,49.380325310159989,49.833419799804688,453800
2013-09-05,49.81185100345408,50.006032813171657,49.80465745877806,49.883769989013672,428100
2013-09-06,50.070757360265986,50.135482792901158,49.437857199035854,49.833419799804688,735300
2013-09-09,49.977271053893134,50.322489914358179,49.977271053893134,50.300914764404297,586200
2013-09-10,50.65332155591652,50.761202792481903,50.502290019552042,50.754009246826172,601600
2013-09-11,50.754000324966441,50.955375671386719,50.660506196147509,50.955375671386719,570600
2013-09-12,50.955368329755089,50.976943472753483,50.682074039998959,50.746799468994141,558200
2013-09-13,50.825903489385688,50.948166270651527,50.74679098690428,50.919403076171875,505600
2013-09-16,51.473200985283512,51.516351277379236,51.228675347318898,51.300594329833984,1253900
2013-09-17,51.343747136962627,51.501972198486328,51.343747136962627,51.501972198486328,686000
2013-09-18,51.36533678953711,52.185225533452254,51.293417783189341,52.027000427246094,3798400
2013-09-19,52.106097719465531,52.170828647167987,51.796841144383883,51.875953674316406,485300
2013-09-20,51.947872279704825,51.947872279704825,51.408471720393642,51.451622009277344,389200
2013-09-23,51.283078115774053,51.30477976276665,51.015411591308151,51.174564361572266,361100
2013-09-24,51.138398095351313,51.340954164772363,50.950307951215066,51.029884338378906,491700
2013-09-25,51.044352233856245,51.189039088483682,50.914136824311136,50.972011566162109,540900
2013-09-26,51.029875780483017,51.217965893075863,50.827319745031346,51.000938415527344,502200
2013-09-27,50.776671775006655,50.849012415010009,50.660922335611644,50.7911376953125,565400
2013-09-30,50.342621689179182,50.631989795977773,50.320920047035862,50.487308502197266,1049700
2013-10-01,50.465621170310534,50.856267397376378,50.465621170310534,50.812858581542969,866100
2013-10-02,50.537950874715591,50.798381636265269,50.371562408466318,50.776679992675781,367500
2013-10-03,50.704340506040147,50.704340506040147,50.154547065167939,50.393276214599609,394700
2013-10-04,50.487317022405172,50.776685178037354,50.357101628332622,50.7332763671875,700200
2013-10-07,50.313697982032856,50.610296338017044,50.263058969097095,50.335399627685547,309800
2013-10-08,50.357098105312502,50.393271191950269,49.843472286637322,49.8507080078125,498700
2013-10-09,49.959218589924824,50.154544436217314,49.684321883897979,49.973690032958984,567600
2013-10-10,50.516254080217102,51.044345855712891,50.407740332615433,51.044345855712891,674700
2013-10-11,50.986470266017506,51.369880676269524,50.928595538633637,51.369880676269531,613400
2013-10-14,51.015401015408237,51.543498232784145,50.971997730420895,51.536262512207031,364000
2013-10-15,51.391583275057947,51.565201941200897,51.058811865268169,51.145618438720703,763800
2013-10-16,51.456674696026816,51.890729526286918,51.369868145363938,51.869022369384766,416500
2013-10-17,51.688195072851855,52.332036416892656,51.688195072851855,52.324806213378906,439700
2013-10-18,52.53457794854026,52.54904386928041,52.259675781342551,52.512870788574219,454600
2013-10-21,52.59969568716599,52.59969568716599,52.382673707760944,52.505653381347656,441400
2013-10-22,52.628624380451363,52.917992491201716,52.606922738011676,52.809478759765625,650500
2013-10-23,52.599670818562757,52.657545526736939,52.418816494945403,52.563503265380859,320600
2013-10-24,52.657565901966031,52.693733469142551,52.462240066108109,52.6358642578125,1331100
2013-10-25,52.729888268178769,52.860103607177734,52.635846003049146,52.860103607177734,274100
2013-10-28,52.795001503846926,53.033725038671939,52.751592709048907,52.946918487548828,600500
2013-10-29,53.077152644974035,53.258007049560547,53.05544548026338,53.258007049560547,340000
2013-10-30,53.352037885094674,53.373739525902174,52.802239067943205,53.004795074462891,350000
2013-10-31,52.968638387527051,53.135021347368472,52.766082339421835,52.802249908447266,384300
2013-11-01,52.860110398676497,53.026498832922478,52.650318685599778,52.968624114990234,327800
2013-11-04,53.142274187571743,53.221850591995342,52.983121378724555,53.214614868164062,287600
2013-11-05,53.033747253913049,53.200135745324715,52.918003297519569,53.077156066894531,395200
2013-11-06,53.265233420463552,53.475025177001953,53.236296055502599,53.475025177001953,302000
2013-11-07,53.569054240250424,53.569054240250424,52.802228135319652,52.852867126464844,354800
2013-11-08,52.766096988046279,53.605258780193871,52.758861264537103,53.58355712890625,384200
2013-11-11,53.583570240010971,53.641445003765668,53.503993819658575,53.619743347167969,590200
2013-11-12,53.518433054309476,53.612475349370307,53.279703936957468,53.446086883544922,357100
2013-11-13,53.192889800469395,53.83673095703125,53.192889800469395,53.83673095703125,427700
2013-11-14,53.851205589524319,54.1188665576774,53.764393494339565,54.104400634765625,363900
2013-11-15,54.220149124040326,54.328662872314453,54.082703527515712,54.328662872314453,323200
2013-11-18,54.4516361790415,54.4516361790415,54.075461484138245,54.183975219726562,423900
2013-11-19,54.147819951872549,54.321438674399573,54.010374326190174,54.111652374267578,358800
2013-11-20,54.212914730272544,54.335894393164075,53.807797135985616,53.930782318115234,932900
2013-11-21,54.075461893078632,54.429934947392468,54.068226172187934,54.364830017089844,395600
2013-11-22,54.393757999621762,54.668654634437615,54.285244281929181,54.661418914794922,1549100
2013-11-25,54.769951411956974,54.806124503336477,54.56015962428129,54.618034362792969,826700
2013-11-26,54.668678084056893,54.68314401031035,54.495059372818808,54.509525299072266,378800
2013-11-27,54.581838985070377,54.654185138289684,54.458859355376092,54.603546142578125,457400
2013-11-29,54.610817711910094,54.762734814126738,54.415497300271781,54.480602264404297,261800
2013-12-02,54.487828358091264,54.661447084330874,54.314209631851661,54.401016235351562,550800
2013-12-03,54.227398978118764,54.306975379642573,53.909093372023506,54.140586853027344,562300
2013-12-04,53.923546242559262,54.335894036020257,53.699288562379536,54.104400634765625,598900
2013-12-05,53.923552917957672,54.010365023889221,53.6486561946992,53.720996856689453,873600
2013-12-06,54.263541098839575,54.429924011230469,54.14055594535963,54.429924011230469,312700
2013-12-09,54.581860347334768,54.668672453632539,54.473352113510998,54.589096069335938,381400
2013-12-10,54.451641172040716,54.538453272319266,54.335897224241016,54.3720703125,378000
2013-12-11,54.386520291996334,54.386520291996334,53.626929815150419,53.699275970458984,363600
2013-12-12,53.677579079340497,53.749925248486853,53.39544668123068,53.511196136474609,568800
2013-12-13,53.634190491514488,53.648661937004732,53.395461314079306,53.525676727294922,916800
2013-12-16,53.807785795295139,54.024813229323144,53.757146796586859,53.815021514892578,1119400
2013-12-17,53.88737227384614,53.88737227384614,53.518433293639092,53.605239868164062,786100
2013-12-18,53.68481257025573,54.574618532961658,53.301402174351672,54.5673828125,544800
2013-12-19,54.364834060401421,54.552924182883345,54.270786239541302,54.52398681640625,442100
2013-12-20,54.574624604087482,54.871222945159339,54.523985593697738,54.806118011474609,417700
2013-12-23,54.943559259293728,55.001433986377663,54.856752687905576,54.958030700683594,753800
2013-12-24,54.944946001196449,55.119696462701988,54.843007769050125,55.112419128417969,281700
2013-12-26,55.250740122986265,55.41821318784303,55.214336799471276,55.374526977539062,455400
2013-12-27,55.505597093260562,55.527440200746014,55.359967117998309,55.454627990722656,415900
2013-12-30,55.512873281553986,55.512873281553986,55.330839982639333,55.403652191162109,596000
2013-12-31,55.491021394599173,55.665771778447514,55.425492083861499,55.622085571289062,571900
2014-01-02,55.425516714357947,55.461920051429054,55.003198006770631,55.112419128417969,723700
2014-01-03,55.207062071252153,55.359969385127798,55.075997865756484,55.163375854492188,439500
2014-01-06,55.374547598284792,55.469202940930082,55.025041120056699,55.112419128417969,609600
2014-01-07,55.316286903172468,55.491037337226771,55.294443793317697,55.38909912109375,574900
2014-01-08,55.338115062829331,55.403644374690188,55.177924893549964,55.34539794921875,657000
2014-01-09,55.527444499497392,55.563847829719528,55.207064084333183,55.469192504882812,423300
2014-01-10,55.563839738182978,55.622091724314551,55.294434023950956,55.534713745117188,442200
2014-01-13,55.447345508617332,55.600252817349187,54.850276493714844,54.915805816650391,499900
2014-01-14,55.112410470906426,55.410942230948521,54.966780479847721,55.38909912109375,406500
2014-01-15,55.527450917700961,55.75317047890254,55.483759139081876,55.687641143798828,798600
2014-01-16,55.571113732382884,55.578396618287663,55.359954482858434,55.549270629882812,722100
2014-01-17,55.461893456055108,55.512862547687305,55.207047997894122,55.294425964355469,470500
2014-01-21,55.607541484050884,55.607541484050884,55.039592850173506,55.367256164550781,571200
2014-01-22,55.483751411986098,55.483751411986098,55.228905885602423,55.359970092773438,407800
2014-01-23,55.09055472967168,55.09055472967168,54.551732219122044,54.828426361083984,781400
2014-01-24,54.537150929282532,54.573554238223153,53.758049011230469,53.758049011230469,1523000
2014-01-27,53.816296948885551,53.947355517530085,53.34300952633518,53.554168701171875,960200
2014-01-28,53.765353283672326,54.034764569865793,53.743510176319035,53.940109252929688,661700
2014-01-29,53.583312802464917,53.87456715698643,53.386719307411383,53.525066375732422,848900
2014-01-30,53.845437438514296,54.071162464130197,53.627000854155696,53.954658508300781,619900
2014-01-31,53.335757513740326,53.954669629819122,53.226536421440414,53.568759918212891,1865700
2014-02-03,53.568745260330779,53.656123221304796,52.294512494333176,52.389167785644531,1116700
2014-02-04,52.651305820378042,52.738683797461448,52.389177444342856,52.614902496337891,971900
2014-02-05,52.469274718488514,52.651308011911205,52.163460118790042,52.549369812011719,606000
2014-02-06,52.665868713200695,53.175559663601533,52.614899618160614,53.139156341552734,588400
2014-02-07,53.459531179402077,53.816320400229962,53.241094581261557,53.794471740722656,593800
2014-02-10,53.845440205876805,53.845440205876805,53.554191411763412,53.801753997802734,498400
2014-02-11,53.881862666207979,54.55174394988736,53.787207339780259,54.435245513916016,717500
2014-02-12,54.515329639935636,54.675514262733834,54.32601346999148,54.449794769287109,687600
2014-02-13,54.027470544115062,54.697357177734375,54.02019321330792,54.697357177734375,1004100
2014-02-14,54.60999173187961,55.134248541340156,54.595431511712654,55.054153442382812,661200
2014-02-18,55.141531429031446,55.148808761507112,54.923089240017674,55.054153442382812,631200
2014-02-19,54.908503001691663,55.316255635742188,54.660934934437414,54.675495147705078,676700
2014-02-20,54.78472225955197,55.199757823820782,54.639097889890969,55.1051025390625,506600
2014-02-21,55.214321315009293,55.301693711114254,55.010444983813208,55.046848297119141,472800
2014-02-24,55.163364675985761,55.68762139173112,55.156081789596342,55.34539794921875,801100
2014-02-25,55.323554431233752,55.476461712979379,55.119672500358327,55.185207366943359,472800
2014-02-26,55.330858061563262,55.410953183673399,55.097855585029386,55.250762939453125,540300
2014-02-27,55.177913927573471,55.505577087402351,55.083258644181235,55.505577087402344,428800
2014-02-28,55.505593703934792,55.957032711642803,55.381806843716767,55.694904327392578,450100
2014-03-03,55.214322495903438,55.45460770075794,54.995880390542347,55.323543548583984,581000
2014-03-04,55.86968264434303,56.226466483095933,55.840556639413776,56.109962463378906,929600
2014-03-05,56.131758670005347,56.219136611772996,56.015260302861257,56.102638244628906,858600
2014-03-06,56.291983448941586,56.408487443038922,56.241014340328057,56.284706115722656,445200
2014-03-07,56.524971600410332,56.546820260195481,56.197313921425412,56.437599182128906,576200
2014-03-10,56.35749850601578,56.430310699100801,56.088087280865523,56.393901824951172,572500
2014-03-11,56.488568387306508,56.488568387306508,55.957028769133927,56.066249847412109,1362100
2014-03-12,55.775003707495898,56.095384102921521,55.753160599665172,56.058975219726562,1193100
2014-03-13,56.255561060740092,56.291964380151811,55.425489827238273,55.563831329345703,771200
2014-03-14,55.425499442617458,55.782283143948334,55.367247455195809,55.440059661865234,1030900
2014-03-17,55.738576264945735,56.037107868169187,55.70945028203387,55.949729919433594,671500
2014-03-18,56.015287380481887,56.401197088214225,56.008004493010858,56.342945098876953,657200
2014-03-19,56.364787091024809,56.430316404862836,55.724026394574054,56.066249847412109,760800
2014-03-20,55.986175637716691,56.554118790292634,55.935206522875689,56.517715454101562,637900
2014-03-21,56.656043923221738,56.976424316857724,56.408481295568912,56.452167510986328,1093500
2014-03-24,56.641482377818853,56.728860361824758,56.139068691411985,56.342945098876953,1626900
2014-03-25,56.613854311595595,56.752974469110818,56.401515076640926,56.69439697265625,643300
2014-03-26,56.965300472028261,56.994583627196057,56.408825557484235,56.416149139404297,794200
2014-03-27,56.342957320978115,56.511366285725799,56.167230356302753,56.328315734863281,720100
2014-03-28,56.533321939465971,56.877457810946581,56.496715187212672,56.657794952392578,470800
2014-03-31,57.045864528024161,57.236233039355731,56.979963438518361,57.192302703857422,782400
2014-04-01,57.375346502513302,57.411958835316277,57.14836568065634,57.368022918701172,988600
2014-04-02,57.455883616404542,57.638934090224488,57.272833142584602,57.580356597900391,808200
2014-04-03,57.69018849958546,57.69018849958546,57.448560531346644,57.609645843505859,725200
2014-04-04,57.924488930415663,57.953777674832217,57.067814104694435,57.141033172607422,695900
2014-04-07,57.00922756019925,57.082446616481718,56.518653738225225,56.540618896484375,708900
2014-04-08,56.569920946459874,56.767613003562644,56.277039066162565,56.679752349853516,662700
2014-04-09,56.855489939900338,57.163013458251953,56.613861924227663,57.163013458251953,1654600
2014-04-10,57.163004194274741,57.199616525112852,56.093990051638833,56.137920379638672,1013200
2014-04-11,55.793795696124761,56.218474238923442,55.66199909960995,55.713253021240234,1099100
2014-04-14,56.115944678417421,56.159874998168199,55.661977558052811,56.101303100585938,713300
2014-04-15,56.174532830208719,56.511345046859233,55.779143118595321,56.4893798828125,896300
2014-04-16,56.870118416784514,57.001914978027344,56.628490456796484,57.001914978027344,1251100
2014-04-17,56.972635838074403,57.250876173307205,56.89941675531869,57.11907958984375,608300
2014-04-21,57.155676118085623,57.250865936279297,57.075133465578801,57.250865936279297,644300
2014-04-22,57.28016338708521,57.558398128596259,57.192297138380667,57.404636383056641,759000
2014-04-23,57.448565940335712,57.477854689509314,57.324092946041169,57.419277191162109,882800
2014-04-24,57.565716612700001,57.631612103697265,57.206933651968356,57.389984130859375,2393100
2014-04-25,57.25818666002256,57.316764153046051,56.972628364354527,57.09710693359375,683900
2014-04-28,57.294792041492684,57.47784249529937,56.8115361620399,57.316757202148438,1820500
2014-04-29,57.485168958209194,57.587676770577126,57.389979142255541,57.514457702636719,430000
2014-04-30,57.441244771070792,57.697519940548162,57.404638022758277,57.682872772216797,623600
2014-05-01,57.521786231898851,57.668229980851869,57.411960403006368,57.551074981689453,468300
2014-05-02,57.602313520332082,57.785363967964699,57.375332752869653,57.455875396728516,1161400
2014-05-05,57.206935055352261,57.463210201092387,56.994595824278761,57.382667541503906,465500
2014-05-06,57.287491938948705,57.302139109560159,56.950679636249838,56.972644805908203,522200
2014-05-07,57.23623500242882,57.529116950398866,56.950676639379125,57.521793365478516,1102600
2014-05-08,57.485164138700497,57.778045972163959,57.280148531152975,57.455875396728516,898800
2014-05-09,57.455898143156801,57.529117233945563,57.199628532266871,57.477863311767578,988000
2014-05-12,57.741436973182161,57.931811013834569,57.697506650822625,57.917163848876953,478200
2014-05-13,57.983089160006671,58.092915011821056,57.95380040410317,58.027019500732422,692900
2014-05-14,58.034340567779793,58.041658566743848,57.704846267858606,57.785388946533203,591400
2014-05-15,57.609658004412935,57.646270341725739,57.038541294386739,57.243556976318359,616300
2014-05-16,57.390002859249932,57.390002859249932,57.038548953391405,57.338748931884766,476500
2014-05-19,57.141038880190919,57.521781423123343,57.141038880190919,57.49249267578125,659300
2014-05-20,57.389993950258564,57.441247869667279,56.965321012125614,57.111759185791016,702200
2014-05-21,57.346045383481062,57.594996903073401,57.324080223040419,57.565708160400391,1930800
2014-05-22,57.616973600985986,57.748770176277802,57.470529858296409,57.660903930664062,365300
2014-05-23,57.726786033665483,57.858582578383015,57.69017929617835,57.800010681152344,436600
2014-05-27,58.078266284604986,58.107555036906597,57.953793277016899,58.056301116943359,594200
2014-05-28,58.085581462814446,58.217378035968267,57.990391635045995,58.070934295654297,540400
2014-05-29,58.232026488524525,58.349181494600543,58.04165239678008,58.34185791015625,584800
2014-05-30,58.290602019432754,58.51758285320296,58.253989684708152,58.480976104736328,707300
2014-06-02,58.59078992989685,58.612760677984113,58.349167563505141,58.568824768066406,365600
2014-06-03,58.458990969258153,58.612758268263136,58.407737065008689,58.561504364013672,425000
2014-06-04,58.451695249673413,58.67867611410346,58.451695249673413,58.649387359619141,372100
2014-06-05,58.803118620540928,59.059393692743818,58.539525553207994,59.022781372070312,527100
2014-06-06,59.161926695585457,59.337653619931423,59.117990774805314,59.308364868164062,344100
2014-06-09,59.330327349472576,59.498736267946292,59.257108266497987,59.344974517822266,510800
2014-06-10,59.27906553917294,59.388896942138672,59.169234136207216,59.388896942138672,313100
2014-06-11,59.176547765743081,59.220478085037279,59.008138898021521,59.103328704833984,814400
2014-06-12,59.022812203760068,59.176573975648701,58.60545722684558,58.722606658935547,634000
2014-06-13,58.766537350142862,59.059419283671559,58.766537350142862,58.986194610595703,377900
2014-06-16,58.898342536195621,59.154612170584876,58.869053779942696,59.044780731201172,714000
2014-06-17,58.927632181012086,59.257120917872449,58.861731081884528,59.220508575439453,815700
2014-06-18,59.249787292970005,59.703754565427758,59.13263787230045,59.681789398193359,573700
2014-06-19,59.637833885760941,59.784277596312215,59.586579983632085,59.769630432128906,893300
2014-06-20,59.974688072715701,60.033260006273224,59.908786966356317,59.982006072998047,482200
2014-06-23,60.040530901515879,60.040530901515879,59.85015692231093,59.967311859130859,448700
2014-06-24,59.859845269896994,60.058639324886848,59.513791158065771,59.550601959228516,470900
2014-06-25,59.425439661590637,59.727318588118827,59.351812436246291,59.690502166748047,505600
2014-06-26,59.690499875594199,59.712587480609969,59.241366515616811,59.624237060546875,366800
2014-06-27,59.447531574842273,59.683142083454122,59.373904344163122,59.668418884277344,513200
2014-06-30,59.66105017593852,59.756770624580255,59.535883331065563,59.602146148681641,603400
2014-07-01,59.749388914461626,60.12489495773783,59.661032899162642,59.955547332763672,705500
2014-07-02,59.962917090021264,60.021815488081621,59.896648668283731,59.97027587890625,377800
2014-07-03,60.139634690723582,60.279530349071095,60.139634690723582,60.242713928222656,323900
2014-07-07,60.124894220362386,60.169069418772317,59.977634196670081,60.073348999023438,533800
2014-07-08,59.96293315444526,59.977656353555759,59.653689799148808,59.764133453369141,372800
2014-07-09,59.89664509539903,60.007088713442798,59.793565883197047,59.962913513183594,421300
2014-07-10,59.410729064428828,59.911402167318663,59.322373004837061,59.808322906494141,353900
2014-07-11,59.786203751941407,59.881924179339073,59.59477413193801,59.859836578369141,281700
2014-07-14,60.176462347443795,60.220637566792405,60.051289863625748,60.080741882324219,354800
2014-07-15,60.117542266845696,60.272161110701845,59.881931797532047,60.117542266845703,1426500
2014-07-16,60.3678688147562,60.529852046571378,60.279518410054131,60.522487640380859,512500
2014-07-17,60.389975610475609,60.632950535426303,59.852491753048973,59.918754577636719,567200
2014-07-18,60.095457673305482,60.46359940113593,60.029189241249576,60.412059783935547,447500
2014-07-21,60.213255050867964,60.345786286458143,60.007096599371351,60.294246673583984,443100
2014-07-22,60.470941681172377,60.640289301393153,60.456218487733608,60.551933288574219,404000
2014-07-23,60.588757830641086,60.684472644328778,60.485678610547822,60.618209838867188,315100
2014-07-24,60.684506496594331,60.750774956419335,60.57406280848555,60.640331268310547,541600
2014-07-25,60.485686258752665,60.574036677206394,60.331067409061752,60.441505432128906,430800
2014-07-28,60.441488635079523,60.507757047900327,60.110163423161509,60.426765441894531,482400
2014-07-29,60.574035426640449,60.610851845167346,60.124907701513607,60.154354095458984,370600
2014-07-30,60.331055934442176,60.375231135267171,59.764114642674222,60.014453887939453,518200
2014-07-31,59.653665259929134,59.683117263432315,58.865842422753879,58.887935638427734,686700
2014-08-01,58.748044065561338,59.042558503448163,58.416713216415282,58.703868865966797,672900
2014-08-04,58.843770826772449,59.175101743240653,58.541897539213586,59.108833312988281,960200
2014-08-05,58.895295643576929,58.983651655912702,58.28418481478954,58.482978820800781,805500
2014-08-06,58.122213743461444,58.659697482955018,58.114849336546072,58.446174621582031,712800
2014-08-07,58.748058671790425,58.748058671790425,57.982323189862058,58.12957763671875,655300
2014-08-08,58.210571689268782,58.82168834220095,58.092769250362259,58.792236328125,473200
2014-08-11,59.042569234652092,59.175100474919418,58.880585983503508,58.910037994384766,583100
2014-08-12,58.865871157946877,59.027854447588339,58.718616685944468,58.880599975585938,488900
2014-08-13,59.1162078413386,59.285549914782138,58.96894775856402,59.256103515625,557600
2014-08-14,59.337093039153153,59.521163940429688,59.270830211044689,59.521163940429688,665800
2014-08-15,59.71258470602676,59.71258470602676,59.01311769850912,59.403347015380859,989600
2014-08-18,59.646296765582321,59.874542733844294,59.646296765582321,59.852455139160156,546100
2014-08-19,59.970269791136587,60.124894220362386,59.926094592726656,60.073348999023438,597900
2014-08-20,59.955589881362044,60.323731780273171,59.940866677061415,60.264827728271484,637200
2014-08-21,60.323702984001329,60.625576275957691,60.316338576666709,60.529861450195312,969300
2014-08-22,60.463591267050312,60.574029276624792,60.257427208586776,60.345783233642578,523500
2014-08-25,60.632935571157198,60.787554407766329,60.574031552240449,60.677116394042969,378900
2014-08-26,60.713918818539724,60.890625233520389,60.684466813143672,60.706554412841797,577100
2014-08-27,60.736003374309234,60.816994980740382,60.640288574615774,60.758090972900391,495500
2014-08-28,60.522483592163205,60.736006418237849,60.485672798464876,60.706554412841797,382900
2014-08-29,60.750766938612657,60.912750244140625,60.640323265080085,60.912750244140625,615000
2014-09-02,61.001091817089801,61.001091817089801,60.566687213079398,60.794933319091797,488700
2014-09-03,61.030552709816405,61.082092341811794,60.831758591376641,60.912750244140625,506400
2014-09-04,61.052619934190439,61.199879988859927,60.691842630694424,60.883277893066406,792400
2014-09-05,60.831742058916006,61.148344174386047,60.640306784646505,61.140979766845703,1464500
2014-09-08,61.067377801932722,61.163092669957919,60.824402809177165,60.949569702148438,526000
2014-09-09,60.949512350280578,60.949512350280578,60.507743626580876,60.603458404541016,1684400
2014-09-10,60.632922633900662,60.787541437518762,60.434128634218894,60.743366241455078,589700
2014-09-11,60.596124277405622,60.868545532226562,60.500403843098695,60.868545532226562,1007500
2014-09-12,60.861189809732572,60.861189809732572,60.382604466271403,60.559310913085938,1641700
2014-09-15,60.551975194343655,60.728687342277439,60.389991867437345,60.640331268310547,749800
2014-09-16,60.551950499741089,61.192519135612642,60.544591709627774,61.067352294921875,392600
2014-09-17,61.170431779610013,61.406042264327461,60.898004874587919,61.140979766845703,577300
2014-09-18,61.325049320503091,61.494391368525669,61.266145296235699,61.45758056640625,674000
2014-09-19,61.685823841812997,61.766815467159198,61.361857340428173,61.494388580322266,1444400
2014-09-22,61.391329055348223,61.391329055348223,60.96428880520174,61.045280456542969,539700
2014-09-23,60.853797572320438,61.008416344745633,60.596099618278451,60.603458404541016,475300
2014-09-24,60.615314575655127,61.037436890302708,60.444987591712113,61.000411987304688,1182700
2014-09-25,60.859725841286078,60.867133084734029,60.096943618213743,60.119159698486328,811900
2014-09-26,60.185805382738302,60.600526247138163,60.059910499827197,60.46722412109375,744600
2014-09-29,60.037701928108454,60.41539227414232,59.896992541335266,60.289497375488281,826900
2014-09-30,60.39319017822482,60.489461773007413,59.985876411696424,60.133987426757812,1185600
2014-10-01,59.985845165081912,60.119147269229344,59.245279175389541,59.356365203857422,983900
2014-10-02,59.326758440272471,59.541523315217752,58.800957118884376,59.319351196289062,960100
2014-10-03,59.726660596214586,60.089536424466644,59.556327897198393,60.02288818359375,548800
2014-10-06,60.274681663163243,60.363551639857917,59.763689184794252,59.941429138183594,1319500
2014-10-07,59.711863073965596,59.771109738288175,59.023136138916016,59.023136138916016,753600
2014-10-08,59.052745383163717,60.0821319173833,58.778739513667524,60.030292510986328,624300
2014-10-09,59.919213257087357,59.993268746211641,58.74171007474613,58.800956726074219,1097700
2014-10-10,58.800962212635987,59.104591441397886,58.267753601074219,58.267753601074219,1014100
2014-10-13,58.282540779139381,58.460280683649813,57.342024463902838,57.379055023193359,1103500
2014-10-14,57.66049410961692,58.060400600303645,57.238371533348591,57.453136444091797,2401400
2014-10-15,56.786618707053414,57.016192430187481,55.520251132550356,56.831050872802734,2197500
2014-10-16,55.942376710789105,57.223553193779495,55.912753381982036,56.808837890625,1473900
2014-10-17,57.475327586452075,57.87523390358691,57.253155526909325,57.564197540283203,957900
2014-10-20,57.393892975000981,57.986348323804364,57.393892975000981,57.964126586914062,957400
2014-10-21,58.364012965825623,59.074955749089717,58.282550242215791,59.000900268554688,888700
2014-10-22,59.149027146198243,59.304545377336424,58.630627392332343,58.652843475341797,844300
2014-10-23,59.200861270281386,59.548928273207771,59.030528565631982,59.171237945556641,1335600
2014-10-24,59.348965962379573,59.719249007141151,59.097176203975721,59.697032928466797,849400
2014-10-27,59.497076065184672,59.697032070521914,59.304532952726845,59.593353271484375,949500
2014-10-28,59.837758628894733,60.237659454345703,59.719265310188952,60.237659454345703,756500
2014-10-29,60.348741890846071,60.496858530301189,59.800724450042338,60.222846984863281,1344700
2014-10-30,60.015466955486993,60.711600776106003,59.956220321802405,60.563484191894531,850100
2014-10-31,61.31146625823564,61.31146625823564,60.904152655422877,61.215194702148438,890300
2014-11-03,61.296666152984926,61.4447827933339,61.074499667569633,61.207801818847656,1058200
2014-11-04,61.089295151791099,61.26703508135401,60.830098150433791,61.11151123046875,1329700
2014-11-05,61.585509170097353,61.592910766601555,61.252250874977058,61.592910766601562,966900
2014-11-06,61.615092223079643,61.852073129704159,61.341086404524397,61.815048217773438,663000
2014-11-07,61.837264438569505,61.985375386777399,61.681746247930064,61.896511077880859,867600
2014-11-10,61.903911485616732,62.126083553747478,61.837263255219746,62.111274719238281,820500
2014-11-11,62.155706872836269,62.222355103233255,62.037213596481102,62.111274719238281,1262900
2014-11-12,61.859500222950437,62.074265121320884,61.785444725253939,62.015018463134766,1885900
2014-11-13,62.052034487329749,62.244583256250486,61.77062140203865,62.037220001220703,1086700
2014-11-14,62.066826043829316,62.1631032265214,61.911307883406806,62.052017211914062,1013200
2014-11-17,61.918748717680927,62.244599697297197,61.903934227658844,62.207569122314453,527900
2014-11-18,62.229779555352721,62.622278754202839,62.229779555352721,62.481575012207031,413000
2014-11-19,62.429733682511426,62.466758602920599,62.148314907028428,62.385295867919922,780500
2014-11-20,62.118676853767248,62.533397674560547,62.111275261483229,62.533397674560547,405300
2014-11-21,63.185098748293484,63.185098748293484,62.614865343440854,62.800006866455078,468500
2014-11-24,62.94069162854759,62.9999382540882,62.785173474055377,62.881450653076172,451000
2014-11-25,62.962922655504485,62.962922655504485,62.674102349980153,62.814811706542969,546800
2014-11-26,62.86664959307349,62.970328384869376,62.777779635789699,62.962921142578125,549700
2014-11-28,62.814806842185611,62.948108945956321,62.644474179006885,62.725936889648438,612100
2014-12-01,62.481562488027834,62.644482280309937,62.318637045674905,62.488964080810547,570300
2014-12-02,62.52600541575061,62.999967338747098,62.518598171621093,62.933319091796875,612200
2014-12-03,62.962925953430563,63.244344681296589,62.88887047507086,63.148067474365234,1376100
2014-12-04,63.096245709174106,63.259171197143729,62.770400383307276,63.103652954101562,496800
2014-12-05,63.148066317568542,63.414670554836263,63.140664724917741,63.266559600830078,543700
2014-12-08,63.133248542077105,63.318390033402849,62.725935001132513,62.918483734130859,455800
2014-12-09,62.274219292277529,62.777804617138003,62.089077711815193,62.755588531494141,723300
2014-12-10,62.607463291776632,62.607463291776632,61.674348356393182,61.718780517578125,727500
2014-12-11,61.992787843035522,62.64448398005905,61.926139605757754,62.037220001220703,738600
2014-12-12,61.637340573532981,61.859507091289892,60.948613633347968,60.993045806884766,2065900
2014-12-15,61.289245771399777,61.37811007829729,60.296884360504684,60.504241943359375,2602000
2014-12-16,60.259883055675559,61.489220199927821,60.148796978466159,60.156204223632812,1944500
2014-12-17,60.430203645030382,61.44478142099026,60.370956990214047,61.341102600097656,3448200
2014-12-18,62.289021259224405,62.903692538793955,61.940954253924261,62.874069213867188,4386900
2014-12-19,62.977723760476948,63.385031608621588,62.881452229112433,63.19989013671875,772000
2014-12-22,63.27667501244882,63.485286712646484,63.157465078483007,63.485286712646484,826000
2014-12-23,63.671518178646821,63.86523138857936,63.611913239553751,63.701320648193359,1136200
2014-12-24,63.760958011396106,63.85781182349514,63.671550557290487,63.708805084228516,424100
2014-12-26,63.842878487680714,63.999337183567434,63.798171942970484,63.813076019287109,535000
2014-12-29,63.753466983455432,63.962078564558325,63.716212479298804,63.872676849365234,646700
2014-12-30,63.716211814606027,63.760918355975456,63.589555596577597,63.619358062744141,904900
2014-12-31,63.678983728486195,63.693882124300671,62.911588448616712,62.948837280273438,758800
2015-01-02,63.261768042181451,63.343717755377341,62.5614239856205,62.963748931884766,1549200
2015-01-05,62.650826302114815,62.665730384096392,61.674819249267912,61.801475524902344,1427700
2015-01-06,61.950475501080724,62.114386264559606,60.959564564951613,61.257583618164062,1303900
2015-01-07,61.853612450895866,62.054777715942642,61.510892549074299,61.943019866943359,1463700
2015-01-08,62.472010221011011,63.150003770384778,62.472010221011011,63.08294677734375,799100
2015-01-09,63.231948758598556,63.269197584835538,62.337891665307552,62.509254455566406,802200
2015-01-12,62.650805527296505,62.658257565816221,61.853607932884287,62.084575653076172,1156000
2015-01-13,62.524162123228017,62.889238190486552,61.391696458172575,61.838722229003906,2442400
2015-01-14,61.175642586172238,61.473661709289949,60.669011782144729,61.4215087890625,2158300
2015-01-15,61.689725912507008,61.734426791838551,60.914878460055419,60.981929779052734,1578900
2015-01-16,60.952109818906287,61.853613293768646,60.82545357429332,61.779109954833984,1486500
2015-01-20,61.898327430585319,62.062238206874206,61.294837237499763,61.794021606445312,1361700
2015-01-21,61.712058779485261,62.226135798139175,61.466192644688803,62.121829986572266,742000
2015-01-22,62.501812945294361,63.04569819498397,61.928130903291866,63.038246154785156,832700
2015-01-23,62.956285894340297,62.956285894340297,62.486909714472482,62.516712188720703,1022800
2015-01-26,62.457095039775133,62.680605026614955,62.151624001582519,62.665706634521484,1813000
2015-01-27,61.838731735661014,62.196355817849366,61.50346377705602,61.846183776855469,1181900
2015-01-28,62.18889388831375,62.18889388831375,60.75840915549837,60.818008422851562,3483800
2015-01-29,60.899953246842301,61.451290427095316,60.333723357635513,61.391685485839844,887700
2015-01-30,60.877617694497459,61.242688101496768,60.333738104267667,60.370986938476562,1558500
2015-02-02,60.616861216527745,61.354454169607706,60.110230392820597,61.332103729248047,2556100
2015-02-03,61.637560238910822,62.293197631835938,61.637560238910822,62.293197631835938,1119600
2015-02-04,62.092027880376342,62.464550262238667,61.883416256011913,62.054779052734375,1368600
2015-02-05,62.345336967659264,62.732757687255287,62.293184069170579,62.710407257080078,585500
2015-02-06,62.86687578674389,63.149996437890415,62.486907045848042,62.65826416015625,882600
2015-02-09,62.464571487491462,62.665736825227071,62.211258910185727,62.382621765136719,720400
2015-02-10,62.762562730077505,63.030779271661416,62.375141994589555,62.956275939941406,712800
2015-02-11,62.829633492306343,63.030793100508419,62.54651281171833,62.86688232421875,844100
2015-02-12,63.217034166659758,63.462900252741157,63.105276338055553,63.448001861572266,1247400
2015-02-13,63.522504310882269,63.671510957475803,63.366045626687288,63.619358062744141,1581800
2015-02-17,63.589573862001934,63.798185500850032,63.418216737622785,63.768383026123047,757300
2015-02-18,63.656635159205514,63.693883991954465,63.462921902490812,63.678985595703125,846700
2015-02-19,63.455444167528711,63.671507773251399,63.313889565615781,63.492698669433594,910000
2015-02-20,63.373509758226689,63.857790021869697,63.053140262362007,63.850337982177734,892400
2015-02-23,63.75345218869311,63.775802612304695,63.57464311556248,63.775802612304688,995800
2015-02-24,63.798178192770465,64.155802164287692,63.731126895496089,64.081298828125,841000
2015-02-25,64.066401173412487,64.081305252683364,63.820540707850505,63.947196960449219,708200
2015-02-26,63.92484544206021,63.92484544206021,63.582119835529276,63.790737152099609,665300
2015-02-27,63.760918591234322,63.820523523787344,63.55230701153797,63.574657440185547,639300
2015-03-02,63.567211671956954,63.842880249023438,63.4927083410373,63.842880249023438,1176500
2015-03-03,63.738602644640579,63.738602644640579,63.299023134552208,63.559787750244141,1119300
2015-03-04,63.440560048780426,63.440560048780426,62.963731875173934,63.31390380859375,817200
2015-03-05,63.455467530643375,63.462919570615838,63.202155013989795,63.395862579345703,875600
2015-03-06,63.164911110992946,63.239414470512173,62.352814829021987,62.494369506835938,715200
2015-03-09,62.613555136868335,62.896670066896235,62.546498160348179,62.762561798095703,560500
2015-03-10,62.308106697588805,62.308106697588805,61.712074152195456,61.734424591064453,1134700
2015-03-11,61.943036266164221,61.957940348238104,61.667367590215626,61.734424591064453,773200
2015-03-12,62.054780677117243,62.472003936767578,62.002627769660947,62.472003936767578,1353500
2015-03-13,62.39749306002529,62.39749306002529,61.644996328251544,62.084575653076172,986300
2015-03-16,62.38260561851024,62.911586761474602,62.345351103611534,62.911586761474609,922500
2015-03-17,62.635900641798521,62.710403966553095,62.308079191791222,62.606098175048828,761700
2015-03-18,62.434759805481512,63.597027935803439,62.241046555680853,63.388416290283203,682400
2015-03-19,63.157458654066382,63.202165216877241,62.77748981774667,62.919044494628906,636600
2015-03-20,63.261740591437835,63.641709250053154,63.112728258828547,63.470352172851562,697500
2015-03-23,63.50015463937342,63.790721582662442,63.462900135161284,63.470352172851562,691100
2015-03-24,63.321378562008512,63.47039098574065,62.971206471541436,63.008460998535156,670200
2015-03-25,63.173338619804881,63.248285083187248,62.296452990329009,62.303943634033203,654900
2015-03-26,62.101573927545445,62.431345155423969,61.816775142225957,62.131553649902344,609900
2015-03-27,62.116551809309868,62.333900475949193,62.034109014445072,62.273941040039062,818000
2015-03-30,62.686151365325181,63.203291463365275,62.678655006761154,63.075881958007812,713700
2015-03-31,62.821052575805417,63.000925141694694,62.513770513996469,62.731113433837891,734300
2015-04-01,62.521277052599075,62.521277052599075,62.026625941106452,62.333908081054688,4623700
2015-04-02,62.206503652117888,62.746127249288953,62.206503652117888,62.551261901855469,914000
2015-04-06,62.311422016980927,63.173320392314984,62.243971934812848,62.970958709716797,889800
2015-04-07,63.075895929865311,63.180822100818951,62.828567504882812,62.828567504882812,795500
2015-04-08,62.828563659774801,63.135845793605519,62.656181693445049,62.888523101806641,1032200
2015-04-09,62.888538106658828,63.315739226481014,62.708659737645348,63.218303680419922,830100
2015-04-10,63.405648614811213,63.667963989115037,63.308218823797311,63.652976989746094,893300
2015-04-13,63.623014124820223,63.757920027058539,63.375685684375341,63.390678405761719,835500
2015-04-14,63.360715673410837,63.638023912950487,63.158353906759125,63.570568084716797,1552800
2015-04-15,63.817899614858867,64.117691238662559,63.720464049244129,63.907833099365234,938300
2015-04-16,63.847846984863281,64.042706581220074,63.6454853112009,63.847846984863281,1252300
2015-04-17,63.57053869046473,63.57053869046473,62.92598902917166,63.19580078125,2235000
2015-04-20,63.615512781635104,63.900317285191676,63.51058661233975,63.735431671142578,772300
2015-04-21,64.050212725231034,64.050212725231034,63.368192597698744,63.488105773925781,1115200
2015-04-22,63.652986460753041,63.840355429998397,63.25576516084044,63.772899627685547,876300
2015-04-23,63.705454668663982,64.170131808273737,63.645495221350281,63.960273742675781,591900
2015-04-24,64.132655652747104,64.155139015952798,63.922803305430548,64.080192565917969,511200
2015-04-27,64.252568950995439,64.260059592713176,63.7728991328459,63.810375213623047,1145000
2015-04-28,63.85534834629123,64.245079040527344,63.555562542168296,64.245079040527344,1245600
2015-04-29,63.982759422951226,64.260061845453748,63.79539044859122,64.07269287109375,993300
2015-04-30,63.930304318373452,64.020237777741102,63.338217599328303,63.533077239990234,1177000
2015-05-01,63.795386144746317,64.155131349141442,63.772897066180555,64.140144348144531,876600
2015-05-04,64.267564212740069,64.484912929479506,64.222597484465638,64.394973754882812,1949600
2015-05-05,64.357513963324664,64.432460428780729,63.660500970290499,63.697971343994141,1430600
2015-05-06,63.990245119289369,64.035217557932143,63.083380039641909,63.465614318847656,710600
2015-05-07,63.473107268164512,63.810369090607892,63.285738318352287,63.637992858886719,1025100
2015-05-08,64.282543538285026,64.537368310182288,64.230080455548418,64.514884948730469,530000
2015-05-11,64.529858221666174,64.559837936572805,64.16261672064023,64.192596435546875,522500
2015-05-12,63.975281700901228,64.147658005424489,63.600543643008436,63.990268707275391,572800
2015-05-13,64.177615232845611,64.320017474688328,63.930292547075354,64.042709350585938,1315800
2015-05-14,64.387484876213279,64.634807606546289,64.357505150526379,64.604827880859375,1780200
2015-05-15,64.672286987304688,64.694770353203069,64.484917980753693,64.672286987304688,1087800
2015-05-18,64.612328363941529,64.919616283300769,64.604832002529548,64.837173461914062,432100
2015-05-19,64.912094135970463,64.987040566173192,64.694745485750289,64.852134704589844,420600
2015-05-20,64.912119461702048,65.054521737278336,64.754730181456424,64.814689636230469,469000
2015-05-21,64.76222072706129,65.047019534590135,64.717248280995193,64.964576721191406,398000
2015-05-22,64.829661902513919,64.889621343656785,64.702252378620614,64.717239379882812,475500
2015-05-26,64.544869705010072,64.544869705010072,63.907810584595012,64.080192565917969,676800
2015-05-27,64.29754855911132,64.672286569794068,64.125166558256026,64.58984375,503700
2015-05-28,64.514900620775677,64.627323173391744,64.290055515543557,64.597343444824219,540000
2015-05-29,64.582323178050999,64.582323178050999,64.140135235876357,64.28253173828125,801000
2015-06-01,64.514885041835612,64.582335126288385,64.087684019493167,64.335006713867188,821600
2015-06-02,64.207611543156574,64.439953005887347,63.937799708922974,64.230094909667969,656900
2015-06-03,64.46242814093705,64.664784131748391,64.252575789562997,64.387481689453125,977600
2015-06-04,64.215092870218299,64.327515394502612,63.690462047620997,63.810375213623047,553200
2015-06-05,63.817874992486935,63.982760607864869,63.540566846801553,63.667976379394531,1050100
2015-06-08,63.675462848286877,63.727925925207806,63.360684386761285,63.37567138671875,1092500
2015-06-09,63.413155529779303,63.652987585930923,63.255766278996738,63.458122253417969,758300
2015-06-10,63.795386578545774,64.394963829296998,63.795386578545774,64.222587585449219,630400
2015-06-11,64.335018095495101,64.537379820747972,64.282555003401427,64.424957275390625,741900
2015-06-12,64.155153934056031,64.192630026811628,63.832878977724306,63.93780517578125,2227600
2015-06-15,63.540562111784716,63.772897797205111,63.308226426364328,63.623004913330078,945500
2015-06-16,63.63049255202997,64.020217427519299,63.533057044622979,63.997734069824219,622500
2015-06-17,64.155135180754513,64.305033789910823,63.780397234934625,64.11016845703125,721900
2015-06-18,64.252575121800803,64.867145166458172,64.252575121800803,64.69476318359375,598100
2015-06-19,64.619809777358427,64.672272859009695,64.312521929081683,64.3275146484375,491600
2015-06-22,64.764824690025719,64.915613596444345,64.629112373357742,64.689430236816406,468400
2015-06-23,64.742195129394531,64.870366251712738,64.583865080843736,64.742195129394531,508900
2015-06-24,64.591421764869693,64.696975165323536,64.22198486328125,64.22198486328125,536600
2015-06-25,64.440618939044938,64.448160109516422,63.995781916869511,64.0108642578125,543200
2015-06-26,64.2219591877721,64.229500356855013,63.860057850738301,64.063629150390625,938400
2015-06-29,63.573570352255032,63.716823834460413,62.766837653939163,62.789455413818359,902400
2015-06-30,63.415236565042839,63.415236565042839,62.683898359919837,62.849769592285156,1035400
2015-07-01,63.407700846192597,63.475559879915934,63.045805173761487,63.339847564697266,711200
2015-07-02,63.452934757339719,63.566023546710902,63.106109962510317,63.256904602050781,689200
2015-07-06,62.804524864012897,63.25689722542679,62.638653655974913,62.970390319824219,2390300
2015-07-07,63.10610043050167,63.468001758507221,62.216432324390595,63.430301666259766,1466800
2015-07-08,62.970386009629131,63.023162685644522,62.321989312394209,62.412460327148438,1622000
2015-07-09,63.030715267805355,63.256904350101486,62.555725097656257,62.55572509765625,2770500
2015-07-10,63.173968988360365,63.475552515213955,63.000556590945656,63.256904602050781,709800
2015-07-13,63.746946208083948,63.8826584417601,63.664010634602718,63.860034942626953,1981300
2015-07-14,63.882696703773668,64.176739094148829,63.72436087613044,64.12396240234375,1052300
2015-07-15,64.161655714586843,64.221973576310759,63.91284884914662,64.078720092773438,1264400
2015-07-16,64.47078614128371,64.508480494022606,64.372768169260112,64.485862731933594,470900
2015-07-17,64.402950560898276,64.402950560898276,64.131525812509622,64.28985595703125,1034400
2015-07-20,64.357697199897473,64.357697199897473,64.101349118631774,64.22198486328125,1822100
2015-07-21,64.184247985470861,64.184247985470861,63.701716787760802,63.837429046630859,1034300
2015-07-22,63.79220248350935,63.912832423727721,63.671566791064556,63.79974365234375,1125100
2015-07-23,63.905289909649809,63.942984245182572,63.362440858391146,63.460453033447266,2104600
2015-07-24,63.490646241893707,63.490646241893707,62.653754461270097,62.759307861328125,544700
2015-07-27,62.525562003161539,62.585879854717902,62.171201815551598,62.404926300048828,874300
2015-07-28,62.653737275747247,63.189045301275364,62.397395017984763,63.136268615722656,1289500
2015-07-29,63.121194212199704,63.739437872451163,63.113653041937702,63.664043426513672,1076300
2015-07-30,63.573555285268483,63.724344150211287,63.362448573457975,63.694190979003906,633100
2015-07-31,63.792206484736091,63.7997476540435,63.422769719848027,63.483081817626953,1705700
2015-08-03,63.505707195509665,63.505707195509665,62.970393451229924,63.279518127441406,2784800
2015-08-04,63.309674339285898,63.422768868471735,63.000549676326393,63.151344299316406,812200
2015-08-05,63.55849757627351,63.777139769708441,63.309690698219455,63.400161743164062,1616200
2015-08-06,63.430310971263062,63.528328924594739,62.925161873511826,63.136268615722656,1005600
2015-08-07,63.136259854505646,63.136259854505646,62.661269750444148,62.887458801269531,1051300
2015-08-10,63.30213417576676,63.746971130371101,63.151345302607851,63.746971130371094,546200
2015-08-11,63.279506454586411,63.317206543052421,62.887451994778971,63.189029693603516,827800
2015-08-12,62.759270948780397,63.287043390884349,62.254122009578808,63.211643218994141,659700
2015-08-13,63.256901410056237,63.332295849908341,62.985476824807037,63.121189117431641,3011000
2015-08-14,63.106119342637705,63.422785256628408,63.060883820165401,63.400161743164062,720200
2015-08-17,63.219205933803792,63.671578358200868,62.970399087105783,63.656501770019531,669600
2015-08-18,63.59619218466019,63.671586639828185,63.415244341811352,63.520797729492188,720600
2015-08-19,63.211661047737238,63.400150026174757,62.60849976807345,62.902542114257812,963000
2015-08-20,62.427550984058485,62.533104350156208,61.711289425850168,61.726371765136719,1053700
2015-08-21,61.115672316617399,61.417255870997487,59.954579371202158,59.969661712646484,3046800
2015-08-24,57.851029908559781,59.230764623287463,54.473305461099642,57.496669769287109,5743700
2015-08-25,57.971648014060051,59.615271519917535,56.531595749841891,56.539131164550781,3727200
2015-08-26,57.097082139501744,58.703006116054482,56.893510827744933,58.635147094726562,4795200
2015-08-27,59.215687092476223,60.135514055749312,58.921644801230045,60.06011962890625,2816600
2015-08-28,59.818873048081755,60.248633538852467,59.713319656315477,60.090297698974609,1461900
2015-08-31,59.856548571577825,60.045037515499466,59.472029515354379,59.773612976074219,2360900
2015-09-01,58.439123879432934,58.77840173621162,57.632391290174496,57.956592559814453,1492700
2015-09-02,58.529586296911532,58.944264285065223,58.122449477331429,58.899028778076172,1895800
2015-09-03,59.208153459114754,59.803779285760193,58.921652299759778,59.10260009765625,1890500
2015-09-04,58.514516782103165,58.529593368845759,57.80579640843591,58.107379913330078,1507300
2015-09-08,59.125234127647687,59.59268896579335,58.808573956111125,59.554988861083984,1870500
2015-09-09,60.150605096724561,60.180764025155341,58.604998842182155,58.710552215576172,1783400
2015-09-10,58.612546783716994,59.374044070676042,58.53715232264441,58.989524841308594,2249800
2015-09-11,58.876430159665048,59.170478336067909,58.597470079013377,59.162937164306641,1133600
2015-09-14,59.14782849929906,59.162910836109774,58.778391778601872,58.936721801757812,1236000
2015-09-15,59.079983887936031,59.886716458608838,59.079983887936031,59.735927581787109,1117600
2015-09-16,59.826380029586439,60.354152439031445,59.796221113141712,60.263675689697266,1964600
2015-09-17,60.165668665989109,61.010095389688892,59.939479649440585,60.052574157714844,2031100
2015-09-18,59.253389661640718,59.57005550193648,58.823635041482376,58.997047424316406,1235600
2015-09-21,59.334816318695374,59.638436858815218,59.000838936535651,59.296867370605469,2031600
2015-09-22,58.507473268143563,58.74277650428472,58.211444748133133,58.590969085693359,1747800
2015-09-23,58.590945839871345,58.7958863527682,58.249370596937247,58.439132690429688,1701500
2015-09-24,58.044457292497974,58.431573766186453,57.596615530567732,58.294944763183594,2311700
2015-09-25,58.856606643260307,58.96287294335761,58.12792096070207,58.431541442871094,2082000
2015-09-28,58.059635493494696,58.105182355040213,57.012150335263023,57.110824584960938,2543600
2015-09-29,57.270214712100788,57.573835311157509,56.966599904125324,57.315761566162109,2764400
2015-09-30,57.945760597119943,58.317698537390257,57.664916354113231,58.256973266601562,2010000
2015-10-01,58.408782667679411,58.560595849888919,57.657326236754862,58.325286865234375,1839000
2015-10-02,57.619373490389265,59.107107831593389,57.422019262052686,59.084331512451172,2332400
2015-10-05,59.577716513703315,60.397490302416308,59.570130198106789,60.321586608886719,1938000
2015-10-06,60.359548458092512,60.503769560373158,60.048341510796504,60.222919464111328,1147300
2015-10-07,60.564491228866338,60.898474481121731,60.200145336307592,60.754253387451172,892900
2015-10-08,60.579666010910515,61.422210407652749,60.541717056124263,61.338714599609375,1257900
2015-10-09,61.429783100673788,61.551227825121813,61.035080507368534,61.255199432373047,1196200
2015-10-12,61.126184932033659,61.24763549192631,61.012326479904651,61.224864959716797,824100
2015-10-13,60.921242363742103,61.391848790270792,60.830154446794012,60.898471832275391,860600
2015-10-14,60.837743943167816,61.012321870973921,60.480990189284476,60.5948486328125,807000
2015-10-15,60.716274392176295,61.475322723388672,60.640370717270891,61.475322723388672,1518000
2015-10-16,61.62715143908116,61.771366720524661,61.361479823151271,61.74859619140625,1414500
2015-10-19,61.513293309974443,61.665100698910003,61.384256450271153,61.642330169677734,762900
2015-10-20,61.52846352002377,61.83967615420795,61.437381415251743,61.665092468261719,802100
2015-10-21,61.748603355886203,61.862461805769527,61.217271644539117,61.270404815673828,923100
2015-10-22,61.52846092741531,62.416551949080656,61.52846092741531,62.310279846191406,1392300
2015-10-23,62.818846508584322,63.046557551410253,62.598721780096845,62.932704925537109,1073100
2015-10-26,62.872001952920023,62.894772486166964,62.598743971793311,62.697418212890625,853600
2015-10-27,62.530426630677155,62.629106662934618,62.279944973679974,62.507656097412109,827800
2015-10-28,62.591126455129022,63.342582702636719,62.454497520029499,63.342582702636719,1287000
2015-10-29,63.06176341386562,63.251525576913302,62.925134424828023,63.099712371826172,617200
2015-10-30,63.10728809782109,63.205962312201642,62.712585449218743,62.71258544921875,830400
2015-11-02,62.871998854325824,63.593092729988427,62.811273574605643,63.517189025878906,1643000
2015-11-03,63.342599720577752,63.873937184751846,63.274288130214735,63.653812408447266,823600
2015-11-04,63.790419259400451,63.805597677190676,63.281858292783951,63.456436157226562,816900
2015-11-05,63.441295608982678,63.585510932851335,63.099720198480121,63.372978210449219,1260400
2015-11-06,63.388147799235519,63.471643605349811,62.925127707540256,63.418510437011719,658800
2015-11-09,63.274279383655198,63.274279383655198,62.515230932115266,62.818851470947266,849400
2015-11-10,62.72018346082784,63.054166696523403,62.613917120575834,62.985855102539062,766200
2015-11-11,63.145271723955965,63.145271723955965,62.758155213233977,62.780925750732422,570800
2015-11-12,62.439341737436244,62.46970437747467,61.809329986572266,61.809329986572266,1687400
2015-11-13,61.604396257941097,61.816928970770398,61.308361932406456,61.369087219238281,1052400
2015-11-16,61.293154661708563,62.355823516845703,61.293154661708563,62.355823516845703,1398000
2015-11-17,62.446914153420636,62.735356274037549,62.067389924044825,62.226795196533203,1034300
2015-11-18,62.355845638540139,63.205976391383302,62.355845638540139,63.137664794921875,873800
2015-11-19,63.13007857465827,63.221166502849755,62.940316400904159,63.084537506103516,808100
2015-11-20,63.342606238469962,63.479235224335902,63.016215093961414,63.130073547363281,700200
2015-11-23,63.137663019559398,63.304654638766948,62.902359805811265,63.016212463378906,1707200
2015-11-24,62.750534956576303,63.350183936418034,62.598727580625564,63.190784454345703,1456400
2015-11-25,63.160443566586508,63.228760963041616,63.031406673493969,63.114902496337891,756500
2015-11-27,63.114898957228661,63.289476910780522,63.00104049690944,63.198394775390625,446800
2015-11-30,63.25153061736583,63.319842221787496,63.016221578499646,63.054176330566406,650200
2015-12-01,63.289460117403671,63.752480153049625,63.190785899886457,63.729709625244141,1583400
2015-12-02,63.729712634046287,63.775253691807343,62.887168318983242,62.978256225585938,1075100
2015-12-03,63.160438510725768,63.175622726981295,61.930777592705226,62.128131866455078,1467500
2015-12-04,62.302690165954182,63.456441113732879,62.25714332686811,63.342582702636719,1299900
2015-12-07,63.19077859895576,63.19077859895576,62.591129674678754,62.932704925537109,2609200
2015-12-08,62.363436765659316,62.720184748928411,62.074994586696171,62.302711486816406,1143300
2015-12-09,62.15089447922977,62.985852534425042,61.657517544353801,62.044628143310547,1988700
2015-12-10,62.097755727866748,62.667042100996674,61.961126766672344,62.181251525878906,1332300
2015-12-11,61.444973350164808,61.687868636907147,60.944004354856418,61.027500152587891,2013400
2015-12-14,61.088244111003753,61.369088433765356,60.52654388331613,61.32354736328125,2850200
2015-12-15,61.816918819531082,62.42415421488618,61.816918819531082,62.166080474853516,2951300
2015-12-16,62.59874765894746,63.175626296536336,62.158498019969578,63.076946258544922,3888900
2015-12-17,63.183201928610615,63.183201928610615,62.15848750786656,62.173671722412109,1668200
2015-12-18,61.983916272227866,61.983916272227866,61.080646514892578,61.080646514892578,2174900
2015-12-21,61.514942282551928,61.637286799805139,61.086748139581019,61.545528411865234,2359200
2015-12-22,61.881990359760273,62.325480630149833,61.49967236812298,62.22607421875,1870800
2015-12-23,62.638965091018953,63.143627533339249,62.524268551063585,63.120689392089844,1343500
2015-12-24,63.051846267081167,63.204776876126466,62.898921491742115,63.005970001220703,881900
2015-12-28,62.746014227138026,62.791896343775015,62.417220587496885,62.784248352050781,1458900
2015-12-29,63.243030981597016,63.46477607999384,63.15892057069793,63.365375518798828,1154300
2015-12-30,63.281243217485191,63.311829341205211,62.853043319111507,62.921863555908203,1233000
2015-12-31,62.66954093822914,62.898933980490554,62.333099365234368,62.333099365234375,2106200
2016-01-04,61.446139399934339,61.57612609863282,60.819138215596588,61.576126098632812,2336200
2016-01-05,61.675536106561985,61.851399101282553,61.3161562907733,61.774936676025391,2090400
2016-01-06,60.857369051089783,61.239687004672327,60.551519355190948,60.895603179931641,1664200
2016-01-07,59.802147871577169,60.436796801579099,59.297491423487486,59.473354339599609,2119200
2016-01-08,59.947464318632818,59.947464318632818,58.639937442278331,58.769924163818359,2065700
2016-01-11,59.083398288781353,59.136922554719881,58.112313511408829,58.731666564941406,2621900
2016-01-12,59.297511767553701,59.389264334845357,58.357007116854689,59.091056823730469,2165100
2016-01-13,59.412226314847452,59.57280503945443,57.684152822130457,57.860015869140625,1751200
2016-01-14,58.135263662238295,59.175168901394002,57.714717438307268,58.800498962402344,2322500
2016-01-15,57.347697041236756,57.760601159978791,56.835392347758635,57.531208038330078,2630400
2016-01-19,58.150552192311487,58.150552192311487,57.041826834160361,57.538841247558594,4245300
2016-01-20,56.628933059418557,57.171823850024381,55.420812767363536,56.659519195556641,4773300
2016-01-21,56.781856136871731,57.577078068852757,56.384242254027122,56.919490814208984,4305500
2016-01-22,57.860008914596904,57.997643637923424,57.462400732603712,57.928829193115234,2505800
2016-01-25,57.699416763314659,57.768237018837382,56.881256690728783,56.919490814208984,2000100
2016-01-26,57.194756570658548,57.967034479741152,57.194756570658548,57.898220062255859,2106200
2016-01-27,57.752927078364266,58.586382932397754,57.271208740958564,57.600002288818359,2143600
2016-01-28,58.074102420370046,58.158212847868981,57.317114406589354,57.844715118408203,2075900
2016-01-29,58.288206873254168,59.37398863091164,58.265262892140342,59.366340637207031,1536800
2016-02-01,58.999300636044282,59.519247375347348,58.724031283643754,59.266921997070312,1708000
2016-02-02,58.586377850710306,58.586377850710306,57.928790812028744,58.097011566162109,1469500
2016-02-03,58.456424639712942,58.70110794634391,57.187131809599251,58.571121215820312,4674200
2016-02-04,58.410524874955804,59.129284351654,58.334062466174856,58.762256622314453,1819800
2016-02-05,58.655202955599592,58.716375210759765,57.875277120283023,58.112312316894531,3474300
2016-02-08,57.500615010165937,57.684131818979772,56.804799402966793,57.485324859619141,4209000
2016-02-09,56.881272475337695,57.829419496934875,56.781871893896877,57.416515350341797,2751300
2016-02-10,57.707051791506437,58.127597886776705,57.2253276121859,57.271209716796875,2234500
2016-02-11,56.376608745492184,56.75892670411595,55.826069951680516,56.330726623535156,2486700
2016-02-12,56.934781815108707,57.607659228985746,56.766561003212374,57.592369079589844,1977300
2016-02-16,58.288203492235439,58.494652640605359,57.875299361786013,58.479362487792969,1852400
2016-02-17,58.899897892110438,59.473374772794948,58.892249900262932,59.351036071777344,2777000
2016-02-18,59.43514280506043,59.488667077265639,59.121639329495551,59.266921997070312,1113100
2016-02-19,59.006949962839343,59.19046677587508,58.746976561601997,59.144584655761719,1149600
2016-02-22,59.66453101594859,60.02391077820505,59.66453101594859,59.970386505126953,1352300
2016-02-23,59.733346225436975,59.740988382582309,59.121635298760815,59.205745697021484,1172000
2016-02-24,58.639919544566588,59.450431600565871,58.249953665259682,59.389259338378906,1002000
2016-02-25,59.534550545970966,60.108027460425831,59.312805439003355,60.092731475830078,1418100
2016-02-26,60.444459327881297,60.49033560682107,59.91685878524234,59.947444915771484,1013300
2016-02-29,59.993319044615781,60.268588375804846,59.427490234375,59.427490234375,1121800
2016-03-01,59.916878456609233,60.750328910754767,59.733367446893581,60.735038757324219,1149100
2016-03-02,60.628007598892836,61.232070922851562,60.536249150820488,61.232070922851562,3086100
2016-03-03,61.21676184546191,61.560851576896049,60.94149239379869,61.553203582763672,1355900
2016-03-04,61.591417241609584,62.057845555531046,61.339086022529131,61.790218353271484,1725100
2016-03-07,61.507268454110218,62.126621211090679,61.377276013037623,62.011924743652344,1129900
2016-03-08,61.660223321251927,61.744333716230706,61.239671346358065,61.293201446533203,1002900
2016-03-09,61.652592550354015,61.866695509731301,61.415557280322737,61.637302398681641,1043700
2016-03-10,61.828461379986642,62.08079263539944,61.01794916604036,61.637302398681641,1668600
2016-03-11,62.164884129574176,62.646602515682289,62.157236139211619,62.616016387939453,876500
2016-03-14,62.386631710257781,62.600734633160229,62.218416735682368,62.455451965332031,1078100
2016-03-15,61.996652480747166,62.28721189283106,61.920190091641551,62.279563903808594,921100
2016-03-16,62.126646585216868,62.707771312867337,62.073122323045581,62.593074798583984,1865200
2016-03-17,62.616036888307079,63.265976272936008,62.417229909743305,63.097755432128906,1256200
2016-03-18,63.334784729517629,63.525943679564193,63.158915928643189,63.380661010742188,2005900
2016-03-21,63.231367773591693,63.493033213277535,63.146709926239787,63.423770904541016,2363100
2016-03-22,63.18516217990981,63.554578629586246,63.04663174524056,63.331390380859375,1121700
2016-03-23,63.254441539538071,63.254441539538071,62.83885016190218,62.885025024414062,1310600
2016-03-24,62.469435692674253,62.846549987792969,62.377085964625998,62.846549987792969,811900
2016-03-28,62.992767639700702,63.031250604628944,62.661834105016489,62.869632720947266,913600
2016-03-29,62.715703488930195,63.277523040771484,62.523300417593219,63.277523040771484,795800
2016-03-30,63.608465066951744,63.777780731844985,63.408364201925501,63.516109466552734,781700
2016-03-31,63.516100963093052,63.639241747139124,63.316000124856075,63.408355712890625,960500
2016-04-01,62.923510475904621,63.754687392324556,62.838852643505362,63.693122863769531,904700
2016-04-04,63.63153279039097,63.670015746556949,63.300599331057661,63.416042327880859,782400
2016-04-05,63.062047296967798,63.123611831728255,62.723415933238172,62.823463439941406,1115900
2016-04-06,62.83115435787343,63.385276212038846,62.654146798261785,63.369880676269531,775900
2016-04-07,62.962008136881437,63.108236417273204,62.361711217746667,62.623382568359375,691100
2016-04-08,63.038951612620252,63.254442135273635,62.68492475777385,62.854240417480469,576800
2016-04-11,63.077445516347225,63.385291718603497,62.784994853626628,62.800384521484375,862700
2016-04-12,62.869628878088875,63.539187802175817,62.769575524061572,63.439140319824219,714000
2016-04-13,63.800878545547825,64.17798703310531,63.677737724978641,64.154899597167969,813900
2016-04-14,64.116392576878425,64.301103738458906,63.985559907848739,64.170265197753906,744600
2016-04-15,64.193368487191378,64.247241116451121,63.970180202636413,64.093315124511719,703100
2016-04-18,63.877827737019167,64.593567487493786,63.854740305016193,64.562782287597656,684200
2016-04-19,64.747498031023767,65.101519079264747,64.747498031023767,65.07073974609375,1025900
2016-04-20,65.086149301081164,65.440170457500543,64.970706215542847,65.178504943847656,1302800
2016-04-21,65.178462691459856,65.224637547070316,64.632038703926156,64.732086181640625,706300
2016-04-22,64.709016014147451,64.932204328589734,64.608962638069571,64.909111022949219,795000
2016-04-25,64.709007263183594,64.809054754054486,64.385771488053436,64.709007263183594,860600
2016-04-26,64.832142150770977,65.009155573254532,64.747484323280091,64.970672607421875,838800
2016-04-27,64.993757942096394,65.494007123406121,64.916797884589371,65.363174438476562,617000
2016-04-28,64.924504837997716,65.332398485006181,64.58587349104269,64.739799499511719,705500
2016-04-29,64.493517381515034,64.624350072021372,63.954785212650194,64.370376586914062,1099600
2016-05-02,64.547394628205694,64.855234893374913,64.354991526636596,64.785972595214844,800500
2016-05-03,64.32420087579473,64.32420087579473,63.862434645488236,64.131797790527344,1146400
2016-05-04,63.793181241904001,64.03175924390105,63.516120265278865,63.677738189697266,1245200
2016-05-05,63.847053883376802,64.039457013162178,63.508422496017737,63.677738189697266,608100
2016-05-06,63.408367052256693,63.877831099954363,63.331406984302959,63.8470458984375,2009800
2016-05-09,63.793168590261281,63.947088714892686,63.539195100110724,63.739295959472656,820100
2016-05-10,63.939413842995982,64.53971070923717,63.939413842995982,64.532012939453125,764900
2016-05-11,64.401159463468758,64.616649974574301,64.10101112704659,64.139488220214844,867900
2016-05-12,64.362668253977091,64.431936407488593,63.839331706183017,64.170265197753906,687600
2016-05-13,64.054841661365458,64.239546990486929,63.392974537697278,63.516109466552734,1127200
2016-05-16,63.508407223847527,64.270327662182794,63.508407223847527,64.116401672363281,724000
2016-05-17,63.9778928287677,64.070248453856664,63.38529371489502,63.600784301757812,1322000
2016-05-18,63.469950082372264,64.070246952185528,63.262151398711993,63.654655456542969,2761100
2016-05-19,63.416062853135045,63.608465952888686,63.000471453065984,63.493022918701172,2590100
2016-05-20,63.746984041174862,64.024044920754491,63.670023990552856,63.823944091796875,4359300
2016-05-23,63.754702977619182,63.862454140203234,63.608480580919782,63.654655456542969,845500
2016-05-24,63.9394109934914,64.524312294097953,63.9394109934914,64.378089904785156,1001900
2016-05-25,64.61666798180589,65.124615075259157,64.61666798180589,64.955299377441406,646800
2016-05-26,64.970652929266095,65.078398154952481,64.785947666900057,64.87060546875,604000
2016-05-27,64.970661461331844,65.155372619628906,64.924486607595171,65.155372619628906,497000
2016-05-31,65.27084184293679,65.363197467489925,64.816773233492896,65.055351257324219,674500
2016-06-01,64.816755078389846,65.278521328459121,64.678224616201419,65.209259033203125,743500
2016-06-02,65.016842780317305,65.401648889436501,64.916789434074147,65.386253356933594,721700
2016-06-03,65.163109400880288,65.317035472157784,64.786000801689099,65.178504943847656,854300
2016-06-06,65.309316970978003,65.771083294883695,65.309316970978003,65.624855041503906,934700
2016-06-07,65.709494070473525,65.994252726654167,65.709494070473525,65.809547424316406,601300
2016-06-08,65.855723445299702,66.078911714085066,65.840333783031241,66.0096435546875,504300
2016-06-09,65.717173685844756,65.940361889041711,65.578643279435411,65.87109375,695800
2016-06-10,65.417062645258937,65.586378335103291,65.124612008413408,65.32470703125,717800
2016-06-13,65.101509739654873,65.386268439892802,64.762884278256806,64.809059143066406,1019100
2016-06-14,64.641865709129277,64.827638781616571,64.223871866818243,64.564460754394531,710000
2016-06-15,64.696045302576849,64.928260150753232,64.409640493644972,64.47930908203125,857100
2016-06-16,64.223876084382312,64.7966798737787,63.844587647340639,64.757980346679688,905800
2016-06-17,64.788958939255721,64.85862755996564,64.417412647542278,64.750259399414062,1124400
2016-06-20,65.462380056038427,65.601711360639825,65.044386142234231,65.090827941894531,787100
2016-06-21,65.253350643974187,65.493307686173509,65.044350847669932,65.323013305664062,722600
2016-06-22,65.377225006720508,65.67136621211877,65.20693055415633,65.245635986328125,2173500
2016-06-23,65.833901372050008,66.174484252929688,65.702306491873813,66.174484252929688,683000
2016-06-24,64.007155384354263,64.94376920861491,63.620124585620715,63.728492736816406,1932000
2016-06-27,63.240806247804727,63.240806247804727,62.257750989058444,62.528671264648438,1649700
2016-06-28,63.271777649360757,63.589145660400384,62.938931008679617,63.589145660400391,1770800
2016-06-29,64.115511012438944,64.79668295913909,64.069063309840644,64.727020263671875,980700
2016-06-30,64.928251914957812,65.795202592791313,64.734736613214309,65.787460327148438,903100
2016-07-01,65.702331336321279,65.973257558364622,65.702331336321279,65.810699462890625,2305200
2016-07-05,65.485586988242559,65.485586988242559,65.02115137383899,65.206924438476562,814400
2016-07-06,64.982473999046576,65.655909769314945,64.711553599153035,65.624946594238281,988700
2016-07-07,65.702328968410242,65.973255180689421,65.191451519512469,65.462371826171875,738000
2016-07-08,65.95001914709772,66.507344217427843,65.895835093350016,66.429939270019531,701300
2016-07-11,66.600250136979312,66.840207304860641,66.538323801519482,66.654434204101562,863100
2016-07-12,66.940830408455795,67.327861096533866,66.940830408455795,67.196266174316406,763100
2016-07-13,67.304632582624137,67.382043442766488,67.064675451917353,67.343338012695312,1171900
2016-07-14,67.800029271210974,67.908403290918315,67.57555668175668,67.707145690917969,1363700
2016-07-15,67.877441644023847,67.954846597868851,67.443963272376806,67.668441772460938,1056500
2016-07-18,67.676190051793725,67.807779075582388,67.567821925659544,67.761337280273438,700800
2016-07-19,67.652966123596812,67.70715018423671,67.467193045062857,67.691665649414062,788100
2016-07-20,67.91614689243336,68.03999955351982,67.714895176597764,67.92388916015625,631300
2016-07-21,67.900680994068125,68.01679140920254,67.575576556188594,67.683944702148438,569100
2016-07-22,67.714901005893253,68.047747679191588,67.676195569566772,68.024520874023438,557000
2016-07-25,67.93162864849289,67.93162864849289,67.567818853461418,67.79229736328125,675600
2016-07-26,67.76133566466828,67.954851014668264,67.575562582241844,67.854225158691406,636900
2016-07-27,67.854242245003832,67.885199511853713,67.382064199655574,67.606536865234375,689800
2016-07-28,67.47492057867025,67.676178165695021,67.258184364467695,67.56781005859375,571700
2016-07-29,67.374296053564748,67.745842169275946,67.312369732406538,67.637474060058594,808300
2016-08-01,67.668437695997071,67.691658590189761,67.234965256082603,67.366554260253906,656200
2016-08-02,67.296909149332521,67.366571850099987,66.716363020454551,66.995025634765625,1261800
2016-08-03,66.979537588723616,67.25820018843666,66.878911724346239,67.242721557617188,760300
2016-08-04,67.250447055028403,67.412999227661871,67.196262997483913,67.281410217285156,821400
2016-08-05,67.606527072251552,67.9703369140625,67.606527072251552,67.9703369140625,503500
2016-08-08,68.040011632682578,68.148379777561885,67.931643487803257,68.009048461914062,631100
2016-08-09,68.063232534353716,68.171600679233023,67.86971714626624,68.009048461914062,736800
2016-08-10,68.032252928520549,68.07869472064354,67.660706780297545,67.784553527832031,811200
2016-08-11,67.954857960894429,68.210299666353961,67.900673893580631,68.132888793945312,589900
2016-08-12,67.985818261545873,68.117407290098356,67.900671029983641,68.05548095703125,1146700
2016-08-15,68.194802801492742,68.365097241013572,68.194802801492742,68.256729125976562,809100
2016-08-16,68.094178956284978,68.132878481011133,67.939363140521806,67.947105407714844,626100
2016-08-17,67.900660346293449,68.148359733967979,67.676181853460406,68.086433410644531,587800
2016-08-18,68.078683308352808,68.341867199376836,68.063204682113067,68.295425415039062,819600
2016-08-19,68.163844383448676,68.233512979746749,67.900666344504288,68.179328918457031,517200
2016-08-22,68.094189419980026,68.194815286474125,67.854232250698487,68.125152587890625,661100
2016-08-23,68.303175568992827,68.457991390747651,68.218028343432607,68.233512878417969,613300
2016-08-24,68.210299881646066,68.24899941235212,67.885189571116683,68.024520874023438,517700
2016-08-25,67.90841961423763,68.125155894511167,67.885192807962,67.985824584960938,577300
2016-08-26,68.055492130891651,68.434786553987976,67.536872293949074,67.807792663574219,797600
2016-08-29,67.8851860760183,68.349627665542442,67.861965177666107,68.272216796875,579100
2016-08-30,68.279948607259115,68.37283809206123,68.055470114868442,68.241249084472656,1001300
2016-08-31,68.148361303845135,68.202545361596535,67.73810973721038,68.09417724609375,619100
2016-09-01,68.094195705122232,68.187079311806798,67.575575882396819,68.009048461914062,851500
2016-09-02,68.264434677622617,68.465686265524951,68.132839832466587,68.372802734375,637500
2016-09-06,68.458007654843769,68.488970826550897,68.117418671686565,68.465744018554688,1676100
2016-09-07,68.403813033452977,68.543144331840708,68.279960365721564,68.488960266113281,798500
2016-09-08,68.403808233900122,68.581839049247222,68.310918739619154,68.519912719726562,825800
2016-09-09,68.040007437069022,68.101933774787426,66.933099249240087,66.948577880859375,1338800
2016-09-12,66.646703381161217,67.9548693907076,66.54607749797357,67.823280334472656,1183800
2016-09-13,67.253005233376584,67.284166842599817,66.481768777907362,66.692108154296875,1837000
2016-09-14,66.676528485751149,67.027092153508079,66.271439427830927,66.442825317382812,1278400
2016-09-15,66.38829205604678,67.214053925216092,66.28701533690527,67.073829650878906,1405200
2016-09-16,66.879082208662666,66.879082208662666,66.544102287046584,66.77001953125,746600
2016-09-19,67.050465347258751,67.307544194895783,66.76222488686544,66.886871337890625,1555800
2016-09-20,67.190681546492058,67.245212876385224,66.793378461002291,66.801170349121094,1026200
2016-09-21,67.011519617976973,67.611370332038831,66.87908720600457,67.556838989257812,1084000
2016-09-22,67.852867029364376,68.055414568813973,67.743804341230913,67.899612426757812,1309000
2016-09-23,67.751600000030066,67.829501075391363,67.51789083047511,67.56463623046875,928300
2016-09-26,67.299747339126029,67.39323217049575,66.925819900586077,66.964767456054688,861200
2016-09-27,66.886881448185761,67.432194895173112,66.801188486020493,67.354293823242188,1305900
2016-09-28,67.486694325410284,67.922950820165255,67.104975093034184,67.876205444335938,822500
2016-09-29,67.813919351720827,67.985299330306532,67.003735138753555,67.229652404785156,1177200
2016-09-30,67.525683996353933,68.016466129523025,67.455568866774811,67.774971008300781,1058400
2016-10-03,67.619176598108766,67.658124169249561,67.377675505759612,67.580223083496094,1374400
2016-10-04,67.64252036795834,67.681467924150866,67.011508145555581,67.221847534179688,1708100
2016-10-05,67.416599878385014,67.821688915279424,67.416599878385014,67.64251708984375,1018300
2016-10-06,67.572418513807008,67.736012546236992,67.32313152008453,67.704856872558594,942600
2016-10-07,67.712617755878981,67.80610257272366,67.159512629018792,67.471122741699219,992400
2016-10-10,67.471149491733698,68.008677000632233,67.471149491733698,67.806129455566406,923400
2016-10-11,67.673690638246427,67.673690638246427,66.738860017964655,67.003730773925781,787800
2016-10-12,67.058252703959596,67.214054813740773,66.816751707288418,67.050460815429688,1176100
2016-10-13,66.598629583473738,66.980354874718955,66.224702124603468,66.824546813964844,908800
2016-10-14,67.167325377963806,67.369872905636115,66.847923278808594,66.847923278808594,1732400
2016-10-17,66.855699060167936,67.003715211281019,66.606412141354255,66.676521301269531,852700
2016-10-18,67.245216424390904,67.245216424390904,66.89465870564851,67.050460815429688,738600
2016-10-19,67.104995251778462,67.369865982820031,66.988140692303347,67.214057922363281,817400
2016-10-20,67.058251817494522,67.284169034119401,66.840126489296551,67.073829650878906,1149100
2016-10-21,66.754440235914885,67.034888812690681,66.676533230778261,66.949195861816406,752400
2016-10-24,67.260796866555424,67.362073590963561,67.034885581652077,67.17510986328125,761200
2016-10-25,67.167300519776376,67.385425802633463,67.066023821686883,67.136138916015625,819900
2016-10-26,66.933618240654781,67.439984103273559,66.902456624427558,67.276390075683594,916500
2016-10-27,67.556832000849965,67.556832000849965,67.097205636266807,67.206268310546875,1177800
2016-10-28,67.143988841332458,67.408853787042858,66.69215411144296,66.972602844238281,1341700
2016-10-31,67.089428194638202,67.26860006360819,66.995943343346852,67.034896850585938,1144200
2016-11-01,67.128362873852197,67.206263929907365,66.201330202897438,66.637580871582031,1239300
2016-11-02,66.489551789614538,66.567452830538073,66.068879036465262,66.240264892578125,1422500
2016-11-03,66.32595784056268,66.4739739787898,65.95203046662995,66.045509338378906,942800
2016-11-04,66.084491585055062,66.36494020926672,65.889735926212012,65.944267272949219,2857800
2016-11-07,66.808987056999385,67.401040017655063,66.808987056999385,67.377670288085938,818200
2016-11-08,67.198479961277997,67.829486260395441,67.081625402023349,67.603569030761719,851900
2016-11-09,67.190671431652476,69.068117973216189,67.190671431652476,68.756507873535156,2074800
2016-11-10,69.200570378494945,69.722514029151881,68.842220740276602,69.457649230957031,1774400
2016-11-11,69.278478747476868,69.403119270518346,68.904545291411139,69.325218200683594,2913800
2016-11-14,69.535540372982553,69.932837513598415,69.504378764086752,69.808197021484375,2454300
2016-11-15,69.854956391705599,70.322368771550316,69.683570465619326,70.314582824707031,3323500
2016-11-16,70.104254911772145,70.174370049180865,69.777066786456345,69.932868957519531,1014800
2016-11-17,69.948426536023931,70.267822650090082,69.932842758672635,70.20550537109375,1126300
2016-11-18,70.267826799116392,70.306780301325048,70.002962003201361,70.104232788085938,762600
2016-11-21,70.322351686139442,70.563852679436678,70.25224252075823,70.556060791015625,1403800
2016-11-22,70.688513715991661,70.820952083752985,70.447018595995317,70.758628845214844,1111200
2016-11-23,70.626189206065703,70.88326213769956,70.532704357808498,70.844314575195312,1648200
2016-11-25,71.015693594732156,71.21044921875,70.937786590349049,71.21044921875,744900
2016-11-28,71.062428316516304,71.124751538489946,70.789771649718588,70.852088928222656,1146400
2016-11-29,70.867657365484959,71.046829160538806,70.696271513890295,70.898818969726562,947800
2016-11-30,71.303936342798636,71.389629302732885,71.054649353027344,71.054649353027344,1316200
2016-12-01,71.2727670019231,71.475314516495672,71.124756768189684,71.249397277832031,1185900
2016-12-02,71.288373299126761,71.37406627684301,71.054664097451194,71.163726806640625,983700
2016-12-05,71.490884178030015,71.677853836322782,71.296128574910384,71.553207397460938,1054200
2016-12-06,71.662288715884159,71.864836260030074,71.397423879553315,71.849258422851562,1226300
2016-12-07,71.833663592114817,72.854181159242316,71.747970642137858,72.807441711425781,1721600
2016-12-08,72.830815413515992,73.228118572068041,72.682805172855652,72.947669982910156,1244900
2016-12-09,72.986640677831772,73.399521769263302,72.932109325066691,73.376152038574219,1298800
2016-12-12,73.383915596904131,73.711109557138712,73.29043670266843,73.415077209472656,1690300
2016-12-13,73.640998264521073,73.952608462907179,73.454034522877492,73.796806335449219,1339100
2016-12-14,73.648796860729831,73.937037360592754,72.924305609481507,73.103477478027344,3478500
2016-12-15,73.204732113282915,73.781206995457495,73.134617010285652,73.469596862792969,2057300
2016-12-16,73.672136255211527,73.827938332710431,73.282625117995963,73.383895874023438,1232800
2016-12-19,73.438472870241583,73.625442611687248,73.321624211178019,73.578697204589844,3004200
2016-12-20,73.742274108107949,73.921445958179063,73.672158991167422,73.820175170898438,1142000
2016-12-21,73.83575894505195,73.859128671421828,73.656587080569125,73.672164916992188,2937100
2016-12-22,73.613304637170657,73.723174758534327,73.479885786252595,73.628997802734375,1232400
2016-12-23,73.605459265507037,73.683937072753906,73.534825047753813,73.683937072753906,810800
2016-12-27,73.754556321410007,73.887969165399753,73.715314432014594,73.778099060058594,1518800
2016-12-28,73.911525615070431,73.919375191900002,73.134585158181892,73.165977478027344,1183100
2016-12-29,73.260122879430199,73.33860065791562,72.961904926197292,73.134559631347656,1171100
2016-12-30,73.260150022991141,73.260150022991141,72.718648959581088,72.993324279785156,1410500
2017-01-03,73.479888916015625,73.668242835638168,73.056101578074134,73.479888916015625,1952000
2017-01-04,73.660394327245328,73.935069646338079,73.62115242988655,73.880134582519531,1733400
2017-01-05,73.785944186867852,73.785944186867852,73.33077059273478,73.605445861816406,1528500
2017-01-06,73.613315396272824,73.880141162162303,73.385725543763513,73.676094055175781,1409700
2017-01-09,73.574051128299743,73.589744291386268,73.236591240959072,73.275833129882812,1149200
2017-01-10,73.28369090782445,73.644693603432728,73.111042130555717,73.267997741699219,1189200
2017-01-11,73.283695599643707,73.534828186035156,73.071804912286893,73.534828186035156,1417000
2017-01-12,73.424964135570463,73.51129153061872,72.812828779754597,73.315093994140625,1212700
2017-01-13,73.393565525973926,73.652547688940032,73.26800222686721,73.4171142578125,1284700
2017-01-17,73.213059531656484,73.244451850030188,72.859900440556601,73.024711608886719,2078100
2017-01-18,73.14243423605798,73.150283813476562,72.867758901139894,73.150283813476562,1083300
2017-01-19,73.173809387437302,73.260136756364602,72.655851161345296,72.836349487304688,1395100
2017-01-20,73.063950370741281,73.362174413206432,72.96977939941354,73.173820495605469,1046800
2017-01-23,73.048260629502735,73.189523080590092,72.655865597312626,72.922691345214844,7898300
2017-01-24,72.96191389176748,73.613290909432138,72.883436103638687,73.456329345703125,2207400
2017-01-25,73.817352857315271,74.044942698544972,73.699639135535364,74.005706787109375,1664100
2017-01-26,73.99784694030744,74.092023892134492,73.833041765214332,73.97430419921875,1653700
2017-01-27,74.021395458952654,74.021395458952654,73.793805631544231,73.856590270996094,1190700
2017-01-30,73.558327616030908,73.605413073335271,73.040363635806315,73.393516540527344,1802200
2017-01-31,73.283674881232912,73.370002244724517,72.977607315206839,73.35430908203125,1896000
2017-02-01,73.534835877394613,73.636862430566836,72.985485158289478,73.142440795898438,1456000
2017-02-02,73.016865455629613,73.213062964059134,72.867753433231883,73.165977478027344,1234500
2017-02-03,73.629006487635223,73.887988656028881,73.417115796432498,73.833053588867188,1345400
2017-02-06,73.691786151470723,73.856591341816738,73.542674127478818,73.668243408203125,1202400
2017-02-07,73.817346009145766,73.864437480962096,73.448493748526133,73.5269775390625,1044000
2017-02-08,73.44065015945057,73.550520281234384,73.252296247130388,73.5269775390625,1923700
2017-02-09,73.526968135712195,74.139103303785475,73.526968135712195,73.997840881347656,1654100
2017-02-10,74.170518805312838,74.405952257994713,74.099884578276701,74.288238525390625,1362900
2017-02-13,74.49226516558528,74.900359317488366,74.445179681701291,74.790489196777344,1076000
2017-02-14,74.719858900643885,75.143646240234375,74.625681940466166,75.143646240234375,1372500
2017-02-15,75.08088777139487,75.583153092473893,75.025952689010438,75.481132507324219,2014200
2017-02-16,75.50464523079431,75.590972609848478,75.198577609592306,75.496795654296875,1583700
2017-02-17,75.19075793616372,75.488982086943395,75.073044179250601,75.481132507324219,1303800
2017-02-21,75.57529124488552,76.030464965775778,75.57529124488552,75.944137573242188,1667800
2017-02-22,75.747928234201126,75.959824887377891,75.700842750149633,75.889190673828125,2519200
2017-02-23,76.093244394864811,76.124636716131107,75.740091258696722,76.054008483886719,1022700
2017-02-24,75.700826011275055,76.077527762808728,75.700826011275055,76.06182861328125,1116700
2017-02-27,76.030457326423374,76.226654837472907,75.944129942563748,76.140327453613281,2818100
2017-02-28,75.959832804836751,76.101095259187844,75.802871195850443,75.983375549316406,2719800
2017-03-01,76.619040712715105,77.301810125148009,76.603347548192659,77.097763061523438,1503900
2017-03-02,77.034978250959639,77.09775689149744,76.501320887822402,76.532707214355469,1285700
2017-03-03,76.532725682272698,76.642601801539058,76.399312806162797,76.5562744140625,1591600
2017-03-06,76.250209126606308,76.422857919438073,76.085397936334516,76.297294616699219,1788300
2017-03-07,76.218795166025473,76.273730218029257,75.967662644369355,76.030441284179688,1388100
2017-03-08,76.163876473505297,76.250203857692583,75.779325039408135,75.842109680175781,1489800
2017-03-09,75.897042391052608,76.061847577353788,75.590974761140032,75.904891967773438,1208400
2017-03-10,76.312968001873443,76.344360316288757,75.81855252164371,76.148162841796875,1360500
2017-03-13,76.124645345282246,76.203123163607373,75.967689708631994,76.085403442382812,1725700
2017-03-14,75.912748398073063,75.912748398073063,75.536046518608913,75.795028686523438,1060500
2017-03-15,76.014757919478527,76.587651251725774,75.865645907331142,76.438545227050781,1283700
2017-03-16,76.540580275404167,76.571972599041317,76.187427112564905,76.328689575195312,2285600
2017-03-17,76.438529096375063,76.438529096375063,76.132461547851562,76.132461547851562,799700
2017-03-20,76.116782639454172,76.132481792895845,75.826414162983255,75.904891967773438,857800
2017-03-21,76.148182409123777,76.148182409123777,74.782649312259736,74.829734802246094,1499400
2017-03-22,74.790490483630691,75.07301536674089,74.578593827561733,74.916053771972656,1255500
2017-03-23,74.806174461403359,75.363374582579837,74.71984709175203,74.892501831054688,1688200
2017-03-24,75.009323685280492,75.190889638326567,74.456742128509433,74.740928649902344,1545900
2017-03-27,74.117322489939866,74.677799979060211,73.943652221231432,74.567283630371094,1586800
2017-03-28,74.46465837259916,75.356684852026646,74.409400201708763,75.190910339355469,1578600
2017-03-29,75.119857970055037,75.27773671919573,74.930396243860329,75.159324645996094,2012500
2017-03-30,75.183001646164996,75.609281472200848,75.056699858462466,75.530342102050781,1010400
2017-03-31,75.451411405032758,75.554031995755281,75.269845412397487,75.285636901855469,1315900
2017-04-03,75.333001421271192,75.340897166219904,74.614639198156652,75.127754211425781,1715800
2017-04-04,75.017211429420527,75.246139770726359,74.87511818387506,75.230354309082031,1031700
2017-04-05,75.546125836130457,75.917147492291818,74.898813379430152,74.922500610351562,1863800
2017-04-06,75.017231362694176,75.396148792395351,74.788302960558411,75.159324645996094,1140400
2017-04-07,75.096175039670982,75.3566804110974,74.914615070026088,75.064598083496094,1122200
2017-04-10,75.111967208083513,75.396153793537863,74.890934535549803,75.072494506835938,1008900
2017-04-11,74.954082425781849,75.072494506835938,74.488335869041364,75.072494506835938,1498900
2017-04-12,75.001433718112622,75.017219181388157,74.598835143683175,74.7567138671875,1833100
2017-04-13,74.590953208987017,74.811985871885554,74.12520667254914,74.133102416992188,1158900
2017-04-17,74.26729336089781,74.740935599698588,74.140985551784098,74.733039855957031,1857800
2017-04-18,74.440985530922674,74.60676006223585,74.14100740719347,74.409408569335938,1196100
2017-04-19,74.598856378699324,74.685691508151024,74.054164388991211,74.148895263671875,1093800
2017-04-20,74.409419459596265,74.946215839754956,74.251534628555191,74.780441284179688,1175400
2017-04-21,74.72516646766347,74.780424640556603,74.362034448435296,74.48834228515625,918100
2017-04-24,75.301408840523933,75.467183313919378,75.190892524926966,75.380348205566406,785400
2017-04-25,75.68822743949498,75.925051593275171,75.617183806973969,75.775062561035156,1359700
2017-04-26,75.711929321289062,76.106632305495083,75.640879652333396,75.711929321289062,1100200
2017-04-27,75.759279254958258,75.782960466473867,75.340895124346446,75.561927795410156,1465900
2017-04-28,75.62507194107809,75.640857405820299,75.214577585526968,75.261940002441406,984500
2017-05-01,75.435633847758965,75.483002302192787,75.151447211914842,75.269859313964844,1056200
2017-05-02,75.364566417613446,75.388247626012515,75.072484127753427,75.22247314453125,1457000
2017-05-03,75.104061264268083,75.332989650500863,75.001440686724209,75.261940002441406,1106400
2017-05-04,75.435610228044737,75.467187180216968,74.977759478266989,75.261940002441406,891200
2017-05-05,75.380346334853982,75.57769775390625,75.26193427888515,75.57769775390625,973000
2017-05-08,75.58559983112437,75.632962248405946,75.396144139310181,75.506660461425781,1207700
2017-05-09,75.561941695996225,75.6014083815531,75.151447211914842,75.269859313964844,2470200
2017-05-10,75.246152657304762,75.490866502164366,75.22247144943934,75.45928955078125,846700
2017-05-11,75.317227768398652,75.388271416014845,74.890947814632455,75.269859313964844,1511200
2017-05-12,75.088283598268376,75.088283598268376,74.859355188258874,74.969871520996094,789500
2017-05-15,75.151427866826566,75.435614429516875,75.151427866826566,75.404037475585938,868800
2017-05-16,75.475069425500095,75.498750629722025,75.182987187160691,75.301399230957031,921200
2017-05-17,74.685671460679643,74.827764723214827,73.967309404894181,73.983100891113281,2419900
2017-05-18,73.841018994500203,74.472540018661689,73.722606920379832,74.101524353027344,1536300
2017-05-19,74.298884633237407,74.922516009884916,74.219939225981804,74.685691833496094,1748500
2017-05-22,74.875149377832855,75.05671538716183,74.772528777675078,75.001457214355469,1451200
2017-05-23,75.119876272545213,75.348798707768282,75.001464170495211,75.269859313964844,3712800
2017-05-24,75.372481195908989,75.388266664598902,75.135657006735045,75.340904235839844,814300
2017-05-25,75.50666157250896,75.696117267111006,75.411930713863981,75.538238525390625,1419100
2017-05-26,75.490877460136886,75.609289539339926,75.419833826228185,75.554031372070312,829400
2017-05-30,75.388260315935042,75.514568145574884,75.293529443705168,75.411941528320312,960300
2017-05-31,75.482950556433238,75.482950556433238,75.080352094532074,75.309280395507812,1729200
2017-06-01,75.514554171605297,75.996086120605469,75.38824636533873,75.996086120605469,2407500
2017-06-02,75.964524175072626,76.130298673385752,75.82243088756303,76.011886596679688,1310500
2017-06-05,76.043454559299278,76.161866622002279,75.95661944816294,75.996086120605469,692900
2017-06-06,75.759279987448849,76.01978536201635,75.672444862593025,75.846115112304688,786300
2017-06-07,75.97239641531533,76.027654568704577,75.719786853723491,75.948715209960938,806200
2017-06-08,75.932969830727586,76.303991637633089,75.885601372326974,76.027694702148438,3279500
2017-06-09,76.169753188310267,76.659186883291838,76.122390774265668,76.635505676269531,1994100
2017-06-12,76.674952768832725,76.967034967131326,76.540755281514137,76.785469055175781,1531600
2017-06-13,76.880245302903162,77.061811322128605,76.785514420347795,77.038124084472656,2060000
2017-06-14,77.061787374421414,77.061787374421414,76.698661471504948,76.951271057128906,1167800
2017-06-15,76.580244728115474,76.872320967662787,76.556563521956207,76.840744018554688,1138600
2017-06-16,76.848644460580445,76.951271057128906,76.580249410780809,76.951271057128906,711900
2017-06-19,77.156538647920257,77.417044066256196,77.140753178334592,77.361785888671875,967500
2017-06-20,77.1880864858244,77.227559178929553,76.864433288574219,76.864433288574219,944800
2017-06-21,76.919705546769876,76.951282502505435,76.446057233425066,76.55657958984375,810900
2017-06-22,76.611843178024046,76.746040732380052,76.477639600979117,76.493431091308594,637000
2017-06-23,76.586315618387886,76.681594161950343,76.387823195763772,76.506919860839844,1540800
2017-06-26,76.760983863380176,76.967417662724742,76.618069088065866,76.721282958984375,732500
2017-06-27,76.681600286253044,76.872151331088631,76.308433532714844,76.308433532714844,1102800
2017-06-28,76.72130729702728,77.030955065518896,76.72130729702728,76.903923034667969,4784600
2017-06-29,77.189733423217803,77.229428272797591,76.13375229276663,76.483100891113281,1817000
2017-06-30,76.840384748217829,76.919780504806155,76.5307370572678,76.66571044921875,1522400
2017-07-03,76.959482626477026,77.491440867273241,76.959482626477026,77.165916442871094,705700
2017-07-05,77.292962921315578,77.308845710363613,76.872159874180184,77.157989501953125,1104100
2017-07-06,76.959471329050018,76.999172230896761,76.387812264496972,76.443389892578125,1075300
2017-07-07,76.633965194865311,76.856281835191652,76.475173652141265,76.808639526367188,869300
2017-07-10,76.729226815090087,76.888018322756892,76.649831061256691,76.760986328125,857400
2017-07-11,76.745108904065816,76.7768623593049,76.244904150188987,76.586311340332031,637100
2017-07-12,76.895963800386397,77.134157132048017,76.895963800386397,77.030937194824219,773400
2017-07-13,77.102381404426112,77.197659928557442,76.951525255594873,77.173835754394531,707300
2017-07-14,77.102371088409214,77.586692920639422,76.97533307323134,77.435836791992188,1090800
2017-07-17,77.380311738749114,77.54704470380139,77.308857349802452,77.427947998046875,708400
2017-07-18,77.292947475356399,77.31676559665955,77.030936026005818,77.308830261230469,752900
2017-07-19,77.388225781764632,77.642295837402344,77.340589539303792,77.642295837402344,1094900
2017-07-20,77.761411083713611,77.816988732368642,77.539100489093528,77.705833435058594,744000
2017-07-21,77.483502539419646,77.658176848085517,77.308834288262048,77.562904357910156,895000
2017-07-24,77.547000476543147,77.547000476543147,77.324689983263454,77.44378662109375,727400
2017-07-25,77.856664867876859,77.967820138455494,77.681990569108166,77.809028625488281,990300
2017-07-26,77.975785443955758,77.975785443955758,77.56292374912519,77.650260925292969,1957900
2017-07-27,77.769333691938499,77.832852725007442,77.451750641610587,77.777275085449219,1099000
2017-07-28,77.650255786403562,77.769346421014774,77.507340967360733,77.705833435058594,693600
2017-07-31,77.880477819713818,78.015457260035348,77.777263948886798,77.848724365234375,874500
2017-08-01,78.102802783230274,78.110738118947751,77.864609446526103,78.039283752441406,843400
2017-08-02,77.920178660230278,78.039275315706973,77.753445765565928,78.031333923339844,816700
2017-08-03,78.015455538302987,78.086909895566095,77.928118396643143,77.99957275390625,1011300
2017-08-04,78.206008868473589,78.293346012724271,78.134554509090805,78.190132141113281,815900
2017-08-07,78.213957933740346,78.229834662658178,78.071043143447184,78.206016540527344,716700
2017-08-08,78.10282653104305,78.531571032968984,77.936093567656854,78.063125610351562,1068800
2017-08-09,77.912237267863162,78.047216708074089,77.753445765565928,78.031333923339844,800400
2017-08-10,77.769319687830233,77.769319687830233,77.118264859881592,77.134147644042969,891500
2017-08-11,77.134166385218677,77.277081189858393,76.943615331535312,77.046829223632812,1730800
2017-08-14,77.483516820720766,77.856683629376249,77.435880566853058,77.721710205078125,829200
2017-08-15,77.888411758251436,77.888411758251436,77.610523626843403,77.713737487792969,733000
2017-08-16,77.840793230130885,77.983708024150744,77.634359403767036,77.737579345703125,1322900
2017-08-17,77.554971584826333,77.642308748866839,76.602210232123213,76.610145568847656,1459400
2017-08-18,76.411630382602155,76.903893700968865,76.308416518310636,76.443389892578125,1173000
2017-08-21,76.419582710284587,76.570438889881487,76.236967016166872,76.506919860839844,1178100
2017-08-22,76.745097539570509,77.25323755325735,76.697455248751453,77.173835754394531,1037700
2017-08-23,76.888027528133136,77.197681302919662,76.856274068804296,76.975364685058594,728500
2017-08-24,77.126248129051106,77.205643920445468,76.848359830415504,76.89599609375,990000
2017-08-25,77.110353211362536,77.3961828389929,77.110353211362536,77.142112731933594,886700
2017-08-28,77.285014060896529,77.292955454653381,76.840392930649585,77.007125854492188,702100
2017-08-29,76.562497940897401,77.086514789759917,76.538679819245658,77.015060424804688,1067700
2017-08-30,76.99121935079144,77.292925564283308,76.895940835080509,77.181770324707031,1951000
2017-08-31,77.396166528349312,77.618477067987328,77.285005201022415,77.483497619628906,791100
2017-09-01,77.618465018457059,77.864593640917448,77.547004608948157,77.713737487792969,938700
2017-09-05,77.483519351382654,77.499402141530226,76.713373639493781,76.951560974121094,2769300
2017-09-06,77.261182992472513,77.332643409294334,77.11826821633646,77.213546752929688,1214500
2017-09-07,77.308829689021678,77.308829689021678,76.808624915325979,76.967422485351562,1128500
2017-09-08,76.864210209755768,77.118280289606147,76.792755839254966,76.983306884765625,908300
2017-09-11,77.427917908765394,77.95194078744052,77.427917908765394,77.920181274414062,712800
2017-09-12,78.0392717560389,78.301283174634776,78.0392717560389,78.285400390625,1058500
2017-09-13,78.221866010414701,78.436241149902344,78.126593555092256,78.436241149902344,1633300
2017-09-14,78.380682941405055,78.563292564330553,78.356864821676311,78.523597717285156,1467300
2017-09-15,78.507761329303847,78.738013385269738,78.412488794084268,78.714195251464844,2704500
2017-09-18,78.817364739300444,79.063499450683594,78.793546618926399,79.063499450683594,754200
2017-09-19,79.087316611110595,79.254049509212862,79.039680370940701,79.206413269042969,634900
2017-09-20,79.293757079424523,79.381094232082248,79.071440472426943,79.349334716796875,1299900
2017-09-21,79.26992627925793,79.39696432978927,79.1825951914022,79.2222900390625,1012600
2017-09-22,79.162356858646248,79.338220893356095,79.09041580741038,79.282264709472656,1032900
2017-09-25,79.250261628506095,79.482081767395954,79.074397654261062,79.394149780273438,970700
2017-09-26,79.466091452520672,79.506056653801934,79.314207830865129,79.338188171386719,981500
2017-09-27,79.689945564760208,79.689945564760208,79.226305147343467,79.562042236328125,1104100
2017-09-28,79.506082819053901,79.689942321500638,79.410155326633955,79.649971008300781,1927900
2017-09-29,79.594001794630955,79.817826474857483,79.506069799004081,79.793846130371094,1118600
2017-10-02,79.857800937241407,80.297454833984375,79.77786441953954,80.297454833984375,913100
2017-10-03,80.353419920662617,80.505303590281898,80.257498528284998,80.4813232421875,977000
2017-10-04,80.425379185905868,80.673184285253427,80.409388218921976,80.577262878417969,1183100
2017-10-05,80.633195832186686,81.008898065318064,80.577239661399872,80.95294189453125,758100
2017-10-06,80.865044563483721,80.905009786012585,80.641213702499158,80.8250732421875,1092800
2017-10-09,80.904971304040615,80.936947126115015,80.497287196047608,80.609199523925781,684000
2017-10-10,80.825032912073766,80.952930098622232,80.705125106784095,80.880989074707031,1017400
2017-10-11,80.825057068050199,80.865028381347656,80.721140191749427,80.865028381347656,1360100
2017-10-12,80.769076698261216,80.833028340877092,80.585217250431654,80.681144714355469,1259100
2017-10-13,80.73712249611124,80.87301519898503,80.593234311078433,80.697151184082031,680800
2017-10-16,80.825042849071991,80.936955188097542,80.697139548034187,80.833038330078125,1900100
2017-10-17,80.904982486494276,80.960938658167464,80.609210665498708,80.936958312988281,923300
2017-10-18,81.152787661372187,81.208743833143984,81.064861761815365,81.144798278808594,909700
2017-10-19,80.896979578710329,81.344635009765625,80.888990196894241,81.344635009765625,678000
2017-10-20,81.680365665731074,81.920181274414062,81.536477520274133,81.920181274414062,939400
2017-10-23,82.016131800951968,82.064098599002449,81.712370540875639,81.728355407714844,1113700
2017-10-24,81.904207764496661,81.976154901935885,81.744334723822632,81.864242553710938,1055600
2017-10-25,81.82425796718762,81.82425796718762,81.008889735262883,81.400588989257812,1327700
2017-10-26,81.712383879023534,81.856272099129384,81.600471496582031,81.600471496582031,1618000
2017-10-27,81.720364068328323,81.920208442252004,81.552489427318093,81.800300598144531,1360100
2017-10-30,81.720344098496938,81.720344098496938,81.2327234573807,81.296669006347656,1125100
2017-10-31,81.432585516761421,81.432585516761421,81.224745665752494,81.256721496582031,1004600
2017-11-01,81.584460632930003,81.808285343230438,81.400607234654359,81.496528625488281,1053000
2017-11-02,81.496529904370064,81.704369752381666,81.112832137481305,81.680389404296875,977100
2017-11-03,81.632412302722912,81.736329156461863,81.456548320422527,81.704353332519531,2018300
2017-11-06,81.688364306445735,81.728329510263094,81.552465536926121,81.632408142089844,896800
2017-11-07,81.784288898768736,81.840245065330564,81.360619909262738,81.544479370117188,787300
2017-11-08,81.432580869669764,81.576469050808385,81.24872137758372,81.552482604980469,757800
2017-11-09,81.176783685918537,81.336656738773343,80.737123642418752,81.272705078125,2808000
2017-11-10,81.17677929368358,81.232735469031738,81.00890466887337,81.184768676757812,746800
2017-11-13,81.000913466753701,81.320665646747798,80.936961811001765,81.26470947265625,652200
2017-11-14,81.008893810368406,81.072845458984375,80.689147764818344,81.072845458984375,3562100
2017-11-15,80.697165521689342,80.944976722520764,80.473340771596725,80.737136840820312,1874500
2017-11-16,81.104835753646952,81.448568302828861,81.024899227997523,81.320671081542969,1582100
2017-11-17,81.096830084080821,81.27269407767713,81.064860356849863,81.152786254882812,2921400
2017-11-20,81.216731590827521,81.400591051315828,81.088834395554358,81.336639404296875,811800
2017-11-21,81.616431278404889,81.760319454281756,81.536494758198984,81.656402587890625,723200
2017-11-22,81.696371033558677,81.728346862660302,81.536497986816329,81.568473815917969,1236100
2017-11-24,81.776325453721938,81.808295188670101,81.624441768268113,81.640426635742188,404400
2017-11-27,81.696367798610808,81.816275628302435,81.616431278404889,81.656402587890625,2100400
2017-11-28,81.824271171896143,82.879449096203373,81.80029082569277,82.85546875,899700
2017-11-29,82.999364666859861,83.622878121361254,82.999364666859861,83.463005065917969,1606500
2017-11-30,83.830715755265246,84.582126414494454,83.702812435280535,84.118492126464844,2230200
2017-12-01,84.11849432623778,84.310343212465867,82.863471935206334,84.062538146972656,1439500
2017-12-04,84.789963799644426,85.077740162493313,84.334318908261324,84.358299255371094,2253100
2017-12-05,84.022565555337408,84.574137955962911,83.822721189750311,83.878677368164062,2898400
2017-12-06,83.90264567817303,84.030548981205357,83.742772648147806,83.790733337402344,2096400
2017-12-07,83.694814395811719,84.10249859234878,83.638858219719637,83.950614929199219,941800
2017-12-08,84.254369612629318,84.534150451106967,84.110481453017272,84.518165588378906,855800
2017-12-11,84.566123751488789,84.773963553339954,84.462206899945556,84.749977111816406,1094900
2017-12-12,84.85391248705136,85.213629878635885,84.821936659102533,85.061752319335938,1375400
2017-12-13,85.069747013362161,85.237615546499754,84.87789813245719,84.909873962402344,1085500
2017-12-14,84.997810403232549,85.133703113512652,84.374296933696741,84.398277282714844,1005700
2017-12-15,84.726015495364905,85.285583378061773,84.702035147305864,85.077743530273438,1086500
2017-12-18,85.557380676269531,85.829172222492417,85.493429006715104,85.557380676269531,1604200
2017-12-19,85.757196765919744,85.885100062814914,85.285567080839783,85.309547424316406,2000100
2017-12-20,85.65330184754896,85.717253512374924,85.245617607741536,85.341545104980469,1042200
2017-12-21,85.612556457519531,85.837751996831912,85.435626309129233,85.612556457519531,1128900
2017-12-22,85.749280563137717,85.749280563137717,85.379325680966261,85.604515075683594,1115400
2017-12-26,85.58039141457013,85.773410025726989,85.459752481615453,85.540176391601562,863300
2017-12-27,85.644732081392192,85.676902874537774,85.451713458470039,85.564308166503906,1041600
2017-12-28,85.733222894770989,85.837779534124778,85.580419256870329,85.789520263671875,903200
2017-12-29,85.998627741612481,86.030798543388798,85.411521347112441,85.508033752441406,872600
2018-01-02,85.789512201943154,85.853853799198774,85.516069617535436,85.773429870605469,1926000
2018-01-03,85.837758732071649,86.151416302214713,85.72515788560473,86.103157043457031,1236700
2018-01-04,86.296193262363431,86.778742962337816,86.264022464238153,86.601806640625,1502000
2018-01-05,86.891332002568817,87.076306409745982,86.625927537364788,87.028053283691406,1328400
2018-01-08,87.028047963621347,87.164769236386093,86.794814308695379,87.11651611328125,1421400
2018-01-09,87.253224339481946,87.582970327263794,87.188888896945798,87.31756591796875,1652500
2018-01-10,87.188908962100726,87.430180733025125,86.95567528837401,87.269332885742188,1480200
2018-01-11,87.502573091044411,87.88861040771981,87.373889894850933,87.872528076171875,2853300
2018-01-12,88.15399333872621,88.564163256340009,88.065525196967329,88.507865905761719,2119900
2018-01-16,88.966272293132363,89.159290868143657,87.968996361015982,88.226356506347656,1998600
2018-01-17,88.548092375492857,89.175407588200926,88.282687897515672,89.006515502929688,1822800
2018-01-18,89.046709705385808,89.135177844018372,88.708925613852827,88.853691101074219,1584300
2018-01-19,88.99041974246316,89.143223337914165,88.765230329418472,89.135185241699219,1368000
2018-01-22,89.00651136474481,89.85902212079759,89.00651136474481,89.842933654785156,1177800
2018-01-23,89.802737658627279,89.915332393076795,89.553415487243797,89.810775756835938,1445200
2018-01-24,90.084206169067102,90.413946071175687,89.569485734591566,89.987693786621094,1654100
2018-01-25,90.309387837754358,90.317432069588705,89.834876334744834,90.10028076171875,1876700
2018-01-26,90.405918364467936,91.105613275771006,90.341576768776164,91.089530944824219,2419000
2018-01-29,90.984957108629743,91.250361538694591,90.590875647472075,90.606964111328125,2862300
2018-01-30,89.867029919618616,90.21285819086836,89.440777753277047,89.505119323730469,2137900
2018-01-31,89.850988255404474,89.97966531859187,89.094989800338283,89.537330627441406,3766400
2018-02-01,89.271903213257019,90.003774914586188,89.223650093943377,89.64990234375,2320200
2018-02-02,89.070854633665107,89.384512231340892,87.59907289936973,87.623199462890625,2724200
2018-02-05,86.851122121705828,87.558867404201919,83.320458350552187,83.883438110351562,4751100
2018-02-06,82.395539285934206,85.371272635041279,82.041672903321867,85.210418701171875,5054100
2018-02-07,84.928949325036669,86.376604345648374,84.711804139920631,85.001335144042969,3149700
2018-02-08,85.081746043258761,85.194340734753197,81.856696601581248,81.89691162109375,2811800
2018-02-09,82.902229561420526,83.762778249383814,80.497513638050037,83.143501281738281,3424800
2018-02-12,83.738659458856631,84.727885262230174,83.231977140881142,84.19708251953125,1744400
2018-02-13,83.73060506371715,84.607236053571768,83.529542234563266,84.446388244628906,2613700
2018-02-14,84.052340253792863,85.588457688905692,83.996042884672562,85.508033752441406,1337900
2018-02-15,86.062934610571091,86.400718688964844,85.18629748984381,86.400718688964844,1448000
2018-02-16,86.135317032626901,87.196928552856093,86.054893126054395,86.505271911621094,1225700
2018-02-20,86.054917184209444,86.352492471265947,85.451728512357505,85.73321533203125,3367800
2018-02-21,85.829728785522533,86.650062689525058,85.178286975404291,85.186325073242188,1577700
2018-02-22,85.516045280323667,86.167486893272311,85.03349571014131,85.250640869140625,1146100
2018-02-23,85.668869140180149,86.553550720214844,85.475850493605364,86.553550720214844,1226300
2018-02-26,86.955664541780706,87.655359340535554,86.738513225238563,87.615150451660156,1137000
2018-02-27,87.711643498085948,88.113769142050685,86.641993948462016,86.650032043457031,1701200
2018-02-28,87.068260532315477,87.237152594366293,85.53213737335831,85.564308166503906,1194600
2018-03-01,85.588426087154659,86.159443801953572,83.947752618065181,84.422264099121094,1988100
2018-03-02,83.867338755015183,84.977209663580908,83.6019343085363,84.808311462402344,1853400
2018-03-05,84.37404180674892,86.038842442478341,84.277529401796116,85.789520263671875,1501700
2018-03-06,86.111199066694979,86.239882238812015,85.411498124199156,85.902091979980469,1383500
2018-03-07,85.089812533681041,85.877975580323991,84.96112934633814,85.765380859375,2502000
2018-03-08,85.97447769519782,86.087072402689543,85.483883840004736,86.014686584472656,1030800
2018-03-09,86.569626477615984,87.486472649170935,86.400734407692894,87.470390319824219,1112300
2018-03-12,87.502538416899796,87.727727785051329,87.044115450034155,87.188880920410156,920200
2018-03-13,87.526669137994375,87.727731959976751,86.465057683365458,86.650032043457031,1415900
2018-03-14,87.052162996691223,87.12454880771385,85.861874454092671,86.038810729980469,1481700
2018-03-15,86.199671899005921,86.465076353960114,85.853843525082738,86.022735595703125,1139100
2018-03-16,86.111203095499519,86.65005009805958,86.111203095499519,86.231842041015625,763400
2018-03-19,86.079018756211298,86.079018756211298,84.735920509486022,85.250640869140625,1243300
2018-03-20,85.387354960453123,85.61254433192012,85.065653228664502,85.210418701171875,967400
2018-03-21,85.19434883102798,85.958385186770371,85.041539105499069,85.162178039550781,1059200
2018-03-22,84.493266032953372,84.711661045618726,82.932170583421254,83.04541015625,1736900
2018-03-23,83.223348607719188,83.304233124400966,81.18503040031041,81.265914916992188,2068600
2018-03-26,82.576244387374373,83.603496683756532,81.985781974196357,83.506431579589844,1910600
2018-03-27,83.846169014088844,84.145442331029997,82.001968783115643,82.454933166503906,2461300
2018-03-28,82.697586706908112,83.223345301089793,82.163743981144592,82.454933166503906,2319200
2018-03-29,82.899802615613709,83.878519440266089,82.665233202435275,83.457916259765625,1367900
2018-04-02,83.207178604025344,83.377037949430857,80.715895862557673,81.621818542480469,2128500
2018-04-03,82.050498646694621,82.891711103893911,81.613714899431969,82.762290954589844,1557300
2018-04-04,81.637991947159406,83.878524622841141,81.371067477281954,83.724845886230469,1554500
2018-04-05,84.064567011660486,84.574145056225163,83.87044292388731,84.291046142578125,933900
2018-04-06,83.716755764734444,84.096919797611065,81.904916594930384,82.543914794921875,1646000
2018-04-09,83.061569608627991,84.104996410583766,82.754199842585194,82.851264953613281,945300
2018-04-10,83.943240008501917,84.444733937721821,83.554991819700589,84.145454406738281,1149900
2018-04-11,83.635855402358303,84.113078300574514,83.449815487284013,83.603500366210938,866300
2018-04-12,84.072645756986986,84.727818320082378,84.064555454539757,84.388099670410156,1200000
2018-04-13,84.905769179565723,84.921943613602281,83.716747717364541,84.088821411132812,1284900
2018-04-16,84.663102722372088,85.140331798159835,84.388094168023954,84.832962036132812,1138100
2018-04-17,85.471978181259132,85.593308051319127,85.18078896155258,85.366828918457031,1145100
2018-04-18,85.585198068896645,85.698437609290281,85.334454253895345,85.342544555664062,1053200
2018-04-19,85.221217554847271,85.480051680247044,84.808698546178405,85.196952819824219,1172900
2018-04-20,85.318305514889516,85.399190043658592,84.37193739789997,84.711662292480469,1002900
2018-04-23,84.921959877016789,85.043289754351477,84.436646538771967,84.816810607910156,768500
2018-04-24,85.285934535394702,85.455793865403535,83.56306415613264,84.105003356933594,2061900
2018-04-25,84.007966417434389,84.355775496814402,83.336613003801716,84.194000244140625,1478900
2018-04-26,84.339566639672796,84.921945012063162,84.121177835572823,84.606491088867188,1343700
2018-04-27,84.703571867400015,84.889605666194015,84.412382627371699,84.727836608886719,674100
2018-04-30,84.970481858910333,85.116076454067098,83.78146036031228,83.80572509765625,913100
2018-05-01,83.603524350410709,83.692499182568028,82.83511207751809,83.652053833007812,1053900
2018-05-02,83.457909946198001,83.603504530567236,82.689497855472496,82.810821533203125,1014000
2018-05-03,82.551973462474749,82.754187786003129,81.4276623173443,82.495353698730469,1187200
2018-05-04,82.15567092823845,83.652056340410326,81.985811562963235,83.3851318359375,912200
2018-05-07,83.660122173120655,83.910865995501013,83.344668276870408,83.546882629394531,819100
2018-05-08,83.490281369465336,83.68440546302493,82.9968777462189,83.522636413574219,896500
2018-05-09,83.797644569343191,84.388113321657215,83.554990996506433,84.234428405761719,1215000
2018-05-10,84.525628508735736,85.156536518842103,84.428563364452287,85.027122497558594,759000
2018-05-11,85.124169884783598,85.431539714298921,84.946220230031287,85.294029235839844,716100
2018-05-14,85.544780892176973,85.746995290730951,85.294030841626338,85.447715759277344,833600
2018-05-15,85.16460827149443,85.205047444482503,84.776353950031861,85.051368713378906,2052100
2018-05-16,85.107968675512012,85.54475237129482,85.027084177276308,85.391067504882812,994700
2018-05-17,85.310204653822083,85.70654311551074,85.099899968171826,85.358734130859375,816500
2018-05-18,85.285956711220038,85.334486197814542,84.986677144666871,85.027122497558594,641500
2018-05-21,85.512423244246222,85.900671421836222,85.512423244246222,85.730812072753906,867300
2018-05-22,85.884482630697235,86.070522555888331,85.536673687064521,85.625648498535156,816400
2018-05-23,85.221218562360448,85.609466669503945,85.0028236023864,85.593292236328125,2847900
2018-05-24,85.415326517770325,85.528566041936031,84.71970877155735,85.350616455078125,1368600
2018-05-25,85.11606037960037,85.229299913215172,84.841045675756021,85.059440612792969,1326100
2018-05-29,84.452830038108715,84.614599099363588,83.39322232227866,83.854270935058594,2073600
2018-05-30,84.323377473204985,85.237384043407843,84.323377473204985,85.059440612792969,2929100
2018-05-31,84.970494104757506,84.970494104757506,84.145455889601365,84.315315246582031,1314900
2018-06-01,84.841074071298181,85.213147830718242,84.727834499783114,85.1160888671875,968800
2018-06-04,85.415326517770325,85.641805566101752,85.245467231521744,85.350616455078125,747000
2018-06-05,85.358718988109388,85.44769379428898,85.002819763391059,85.342544555664062,1039000
2018-06-06,85.528598728237853,86.119067476552758,85.366829680775638,86.110977172851562,1813000
2018-06-07,86.272741185547204,86.491129988364293,86.054346211637309,86.329360961914062,884900
2018-06-08,86.280825773595225,86.63672503898006,86.143321483275741,86.62054443359375,1726000
2018-06-11,86.677158795551009,86.960257641042389,86.644803760195998,86.717597961425781,3246300
2018-06-12,86.838951672830774,86.871306717080031,86.369812787857114,86.612472534179688,3956400
2018-06-13,86.693352847582048,86.733798193702157,86.199949246165048,86.240394592285156,1153800
2018-06-14,86.547743624266829,86.612453698692931,86.05434010617941,86.167579650878906,4413500
2018-06-15,85.989651778866161,86.2161309255426,85.423453912175034,86.119071960449219,1609500
2018-06-18,85.577109797358986,85.844028031890119,85.382979590855854,85.8035888671875,1398000
2018-06-19,85.099893173904022,85.698445970251285,85.067538134764618,85.601387023925781,1011800
2018-06-20,85.827872552514066,85.924937677199296,85.415353486468291,85.569038391113281,3330800
2018-06-21,85.488138290080357,85.488138290080357,84.92193442259655,85.099884033203125,1685000
2018-06-22,85.553941629036515,85.708549369913541,85.326102563417081,85.366790771484375,1216900
2018-06-25,85.081992361537715,85.171501459741847,84.089259605564166,84.642585754394531,3494800
2018-06-26,84.805319172146682,84.894828256398554,84.439143952530316,84.601890563964844,1064300
2018-06-27,84.780933985769408,85.293571996151286,84.056728421578228,84.089271545410156,1303600
2018-06-28,84.007904714077284,84.675150526298864,83.771926703783606,84.447311401367188,1057400
2018-06-29,84.805339541342732,85.317977522156824,84.463580887466662,84.487991333007812,1032500
2018-07-02,83.967203539752234,84.650720758548303,83.893966004510304,84.610038757324219,1005300
2018-07-03,84.943662127895138,85.081992112660743,84.365925537271679,84.496116638183594,561600
2018-07-05,84.894843905420615,85.106405227060833,84.5205359423461,85.090133666992188,990500
2018-07-06,85.073880946333801,85.781808816855815,84.935544718443012,85.594657897949219,720000
2018-07-09,85.903842839050469,86.49785717860982,85.855021953769963,86.408348083496094,1252400
2018-07-10,86.611768569774824,86.847746506683492,86.562941480937724,86.790786743164062,965200
2018-07-11,86.367681042500351,86.44091859652093,85.952684791452299,86.0584716796875,3427600
2018-07-12,86.530387235761395,86.758232485027492,86.245588434364109,86.571075439453125,1272400
2018-07-13,86.465317266970715,86.758255026848076,86.343258832330164,86.619918823242188,2878400
2018-07-16,86.619948006946586,86.725734916413046,86.440935945064837,86.701324462890625,1014400
2018-07-17,86.611787639677232,87.09187629388127,86.522278533274786,86.961685180664062,1993300
2018-07-18,86.945396279620766,87.335981985564857,86.920985837027231,87.279022216796875,4684500
2018-07-19,87.083735094279618,87.108151747499363,86.668745111790997,86.85589599609375,1497700
2018-07-20,86.872170538687129,86.94540187117731,86.693152337289433,86.782661437988281,771600
2018-07-23,86.750101644070355,87.132548444890233,86.741962760947914,87.059310913085938,4205700
2018-07-24,87.287156432086221,87.620782375147925,87.230196662313404,87.482452392578125,910300
2018-07-25,87.433629882962364,88.133424924378886,87.262750564683856,88.092742919921875,1850900
2018-07-26,88.239208922978023,88.629788435435543,88.239208922978023,88.369400024414062,1268300
2018-07-27,88.263620162321885,88.442638360541295,87.807941990962988,88.1334228515625,2375300
2018-07-30,88.157839642395004,88.37754606808231,87.970688754890929,88.076469421386719,4134000
2018-07-31,88.369431554401544,88.572860267099585,88.206691067503755,88.418258666992188,1286500
2018-08-01,88.336837615354526,88.434485583083088,87.848610193008753,87.995079040527344,1128900
2018-08-02,87.482448631872799,88.255474932437124,87.441760423148764,88.190376281738281,875400
2018-08-03,88.214805125650372,88.800674438476562,88.206666241150728,88.800674438476562,900800
2018-08-06,88.808815862487236,89.207534300272457,88.662346978054899,89.052932739257812,1279000
2018-08-07,89.240084094060208,89.500472533496449,89.183124316938233,89.345870971679688,924900
2018-08-08,89.321430398132961,89.410939482233772,89.142418438079787,89.297019958496094,816400
2018-08-09,89.36214932348031,89.386559771508885,89.061072645443133,89.101760864257812,824600
2018-08-10,88.629811600396039,88.760008944010849,88.247364663716311,88.515892028808594,1793700
2018-08-13,88.589089018446757,88.621638339444928,87.913704576067957,88.0113525390625,835600
2018-08-14,88.22293603079153,88.694891991897023,88.22293603079153,88.589111328125,1730100
2018-08-15,88.182246715783819,88.198518274957749,87.596371255134628,88.060188293457031,2297200
2018-08-16,88.55654058425381,89.191236829703683,88.55654058425381,88.987808227539062,1384300
2018-08-17,88.882034319459009,89.614372376185344,88.882034319459009,89.419082641601562,1468700
2018-08-20,89.533012636251968,89.77712948912793,89.492330632872282,89.679481506347656,746900
2018-08-21,89.817798806909266,90.086326065516928,89.565549313874016,89.793388366699219,784900
2018-08-22,89.671332404325284,89.768980375978529,89.492320435184141,89.5655517578125,966100
2018-08-23,89.524871576496821,89.663207767444106,89.272622053965307,89.378402709960938,891300
2018-08-24,89.54929865036236,89.850369094064362,89.500471550401201,89.777137756347656,895500
2018-08-27,90.102598584692814,90.493178021608458,90.045638824803092,90.43621826171875,1326400
2018-08-28,90.590858236286735,90.639679131244932,90.338602459985054,90.444389343261719,947800
2018-08-29,90.468806827527231,90.794293971583045,90.273517024354121,90.688507080078125,839900
2018-08-30,90.517595181326129,90.615243151879511,90.045645510689823,90.192108154296875,839200
2018-08-31,90.045646281465679,90.265346456905533,89.752708575446718,90.094467163085938,809000
2018-09-04,90.021217085325119,90.102593487548248,89.687597427172193,90.013084411621094,1452400
2018-09-05,89.899167118050514,90.224647902388242,89.752698281839329,90.175827026367188,1193900
2018-09-06,90.183987903306544,90.379277663167812,89.7364424034687,90.070068359375,1041400
2018-09-07,89.79341654813588,90.013122995277755,89.549305861273311,89.825965881347656,1358800
2018-09-10,90.175824799771618,90.387392270885599,89.97239621050953,90.013084411621094,775600
2018-09-11,89.82595871698372,90.281636929303474,89.655079387363813,90.118896484375,1208500
2018-09-12,90.127024369514771,90.444372544099565,90.086336159173428,90.240943908691406,862900
2018-09-13,90.541994531558004,90.80238287965706,90.36298258636009,90.647781372070312,831900
2018-09-14,90.786130483170339,90.859368019607587,90.558291406519757,90.818679809570312,903100
2018-09-17,90.843072004829168,90.989540840133472,90.647782293806088,90.753562927246094,921500
2018-09-18,90.802389012345216,91.298755304456137,90.680336816046079,91.119743347167969,893800
2018-09-19,91.087207459918176,91.52661405584827,90.997698363998197,91.306907653808594,820500
2018-09-20,91.681213498414934,92.145030526590006,91.681213498414934,92.022972106933594,1035100
2018-09-21,92.340334120521604,92.348466796528825,92.096217261013237,92.16131591796875,961500
2018-09-24,92.055532367510651,92.06367125196094,91.461524173785648,91.559165954589844,1011200
2018-09-25,91.738161835578026,91.738161835578026,91.07091626049997,91.119743347167969,1346000
2018-09-26,91.21740327082118,91.42083191603183,90.566435331036885,90.704765319824219,862100
2018-09-27,90.769877566127022,91.176734917462156,90.598992015393833,90.696640014648438,777900
2018-09-28,90.468101495859173,90.844886785390827,90.18142247046255,90.656494140625,1068500
2018-10-01,91.098809198533019,91.328152437977622,90.812130149227272,91.041473388671875,1028600
2018-10-02,91.033268206226467,91.3936682465351,90.877639779887076,91.254425048828125,1047200
2018-10-03,91.631194608092017,91.778630404893079,91.205266195496506,91.369087219238281,1219900
2018-10-04,91.246239615051763,91.426439649386765,90.599160514091679,91.18890380859375,1672400
2018-10-05,91.270808101628148,91.451008129824558,90.509057413701328,90.9022216796875,1828200
2018-10-08,90.730211107795355,91.303575421509791,90.550017322594584,91.18890380859375,1657300
2018-10-09,91.016900901782876,91.295387332919248,90.664693430611578,90.910415649414062,2028100
2018-10-10,90.762961882377368,90.951354503784515,88.477710079047043,88.559623718261719,3651500
2018-10-11,88.272939346343719,88.502288789611001,85.864829558804132,86.380851745605469,6457000
2018-10-12,87.421105349460987,87.527584345326716,85.954939756936596,86.986984252929688,3564600
2018-10-15,86.913264119282275,87.519386345383097,86.741256713867188,86.741256713867188,2037500
2018-10-16,87.363742781467693,88.428551161338177,87.175350193579959,88.297500610351562,1655700
2018-10-17,88.240180961730104,88.731631553797683,87.53576615508436,88.436759948730469,2179500
2018-10-18,88.166481156237893,88.567831840626567,87.13443029010358,87.584930419921875,2124600
2018-10-19,87.658635341454897,88.322099662383295,87.437484733901513,87.625877380371094,1838600
2018-10-22,87.822455986791624,87.896170772590807,86.83136206653117,86.986984252929688,1604500
2018-10-23,85.873041776368382,86.905092709812834,85.193204603123974,86.470977783203125,2685600
2018-10-24,86.405440371307378,86.438204583947325,84.03828068799919,84.259437561035156,3008700
2018-10-25,84.791823002359124,85.897594662844099,84.406857636258039,85.35699462890625,2198700
2018-10-26,84.472388803059857,85.103088909872682,83.44853067432976,84.210281372070312,3563600
2018-10-29,85.135866697316843,85.840281702153661,83.284729155596722,84.324966430664062,3381400
2018-10-30,84.456017210978075,85.692839688440955,84.365917187836999,85.561782836914062,3229800
2018-10-31,86.24981868905958,86.946041026706496,86.004090217356136,86.143333435058594,1750100
2018-11-01,86.389060464743025,86.823175341589462,86.184288824786449,86.708503723144531,2435800
2018-11-02,87.380143142816365,87.437478944617979,85.864834453087667,86.552864074707031,1850600
2018-11-05,86.798596468933241,87.75692616380762,86.798596468933241,87.552154541015625,1812600
2018-11-06,87.519405896143141,88.060006076040025,87.445691098412709,88.010856628417969,1378200
2018-11-07,88.748016325773833,89.567102782401435,88.387622534268615,89.517959594726562,1435100
2018-11-08,89.255865600322309,89.73093731639679,89.075665552905448,89.444252014160156,1088700
2018-11-09,89.132983028510466,89.214890419814537,88.363039802158781,88.7725830078125,1204300
2018-11-12,88.748017804396582,88.854503044977889,87.42928808732421,87.593109130859375,1478700
2018-11-13,87.781486054369779,88.379421862815818,87.273656497002648,87.519378662109375,1683900
2018-11-14,88.100932422246515,88.182846062704186,86.257987996349982,86.831352233886719,1748400
2018-11-15,86.438198194224043,87.756927972108699,85.946747539223324,87.625877380371094,1915800
2018-11-16,87.429293844687493,88.379437212358468,87.396529633822894,88.092758178710938,1196900
2018-11-19,87.978068582379365,88.24017596658679,87.02792540891933,87.494804382324219,1355600
2018-11-20,86.642985891729467,86.839564940364312,85.488076950722586,85.766563415527344,1851100
2018-11-21,86.036852702964339,86.528303387370499,85.856652660550694,85.864845275878906,1361500
2018-11-23,85.340632677335648,85.832083374975525,85.185004227581388,85.438919067382812,721900
2018-11-26,86.094173198901501,86.69210277968601,86.020452172328959,86.642959594726562,1329100
2018-11-27,86.364483009067413,86.986984252929688,86.192475593068565,86.986984252929688,1441200
2018-11-28,87.232711217991508,88.5186767578125,86.872311162532327,88.5186767578125,2494100
2018-11-29,88.174673164276953,88.780795494562796,87.896180472544671,88.289344787597656,1440800
2018-11-30,88.215604012973671,89.100218837126292,88.215604012973671,88.960975646972656,1347400
2018-12-03,90.058574590730643,90.222395670071492,89.042908895358195,89.632652282714844,1920200
2018-12-04,89.50978739652858,89.616272659623789,86.962427435463312,87.10986328125,1847600
2018-12-06,85.954912644112042,86.70847049054521,84.455983314329544,86.692085266113281,2947400
2018-12-07,86.593820544413987,87.118035372789322,84.603440219786677,84.931076049804688,3079300
2018-12-10,84.881939622901967,85.10309649794182,83.038994826864837,84.791839599609375,3070200
2018-12-11,85.782930335435609,86.061416740789525,84.267615338670609,84.709922790527344,3054000
2018-12-12,85.709216508541033,86.053231361420373,84.988422590726998,85.029373168945312,2039400
2018-12-13,85.283278970171551,85.569957962874355,84.660771550921623,85.021171569824219,2343100
2018-12-14,84.341352305505225,84.718131409941307,83.383022436669876,83.620552062988281,2617600
2018-12-17,83.260142720185101,83.587778565074785,81.499105521895231,81.998748779296875,4204300
2018-12-18,82.604856085393962,82.858777100038978,81.114119197529817,81.679290771484375,4012800
2018-12-19,81.753008178402155,83.104501931924844,80.155792264596371,80.737342834472656,4589600
2018-12-20,80.368754139279559,80.868397307908211,78.861632020215097,79.623382568359375,5518700
2018-12-21,79.656170842641586,81.015857581031256,78.181812481632889,78.402969360351562,5551200
2018-12-24,77.823674215208513,78.153751505436901,76.132038333301622,76.165046691894531,3926800
2018-12-26,76.486879723631048,79.342036988140009,75.603926483727136,79.309028625488281,7220800
2018-12-27,78.343567485660671,80.117721557617188,77.287324930692364,80.117721557617188,7524200
2018-12-28,80.522059880596842,81.083189459042515,79.746379090942128,80.035194396972656,6286900
2018-12-31,80.49729108045041,80.827362060546875,79.927907937093366,80.827362060546875,5322900
2019-01-02,79.622605670756087,81.083195942720721,79.531834239359327,80.868644714355469,4261900
2019-01-03,80.497304929737098,80.645839414615509,79.234758660419843,79.375045776367188,2676600
2019-01-04,80.414766038375802,81.883609582596264,80.249730550382651,81.660804748535156,2507400
2019-01-07,81.743324220528322,82.717048729952538,81.322481828539367,82.13116455078125,2865000
2019-01-08,82.832569795978131,82.931594862265698,82.048641815560117,82.733551025390625,2012100
2019-01-09,83.038900105708379,83.212189318406075,82.469523062759578,82.882118225097656,1683500
2019-01-10,82.444757541633919,83.410228583843818,82.213698992654784,83.179176330566406,3097900
2019-01-11,82.849087333213888,83.360701166175772,82.667544503827088,83.344200134277344,3021100
2019-01-14,82.725302709781786,83.212161818506615,82.642784963725092,82.972862243652344,2412600
2019-01-15,83.00586019488469,83.789794482852358,82.997612827677784,83.723777770996094,2922200
2019-01-16,83.864061663075645,84.326172367457389,83.82280593841503,84.004348754882812,6466700
2019-01-17,83.70727487217151,84.895544180555959,83.70727487217151,84.614982604980469,2789400
2019-01-18,85.25864486720512,85.8857911353292,85.03584629989453,85.786766052246094,3178600
2019-01-22,85.291635879714534,85.374153617648915,84.301410433102149,84.862533569335938,5162200
2019-01-23,85.225647471635824,85.440198698070319,84.317939461538771,85.10186767578125,2149900
2019-01-24,84.961578795724705,85.217385732740482,84.565491041358442,85.027595520019531,2497800
2019-01-25,85.530947077992437,85.852770683061479,85.341150602738793,85.48968505859375,2010300
2019-01-28,84.862555966974014,85.01109045273833,84.408705140700832,84.986335754394531,3270000
2019-01-29,85.002823764023617,85.341148390662482,84.854289312018736,85.143104553222656,1539100
2019-01-30,85.407146294513964,86.281845488317288,85.068815446677618,85.951774597167969,2496600
2019-01-31,85.704227212901387,86.603681220746807,85.40715833243695,86.4468994140625,2067300
2019-02-01,86.686200316527774,86.950260829054301,86.356123101944817,86.669692993164062,1690800
2019-02-04,86.67797170836333,87.02455005078626,86.224114620165892,87.01629638671875,2307500
2019-02-05,87.156581663098606,87.288608806901479,86.83475802393427,87.123573303222656,1853200
2019-02-06,86.983288911167435,87.2721041785545,86.966781584059234,87.164825439453125,1820300
2019-02-07,86.710972555761785,86.801743965536289,85.811512121369205,86.430404663085938,1787000
2019-02-08,86.125098219498867,86.389158815663293,85.588723362873893,86.380905151367188,1385300
2019-02-11,86.562461011408402,86.620224078766768,86.24063730816863,86.42218017578125,1596100
2019-02-12,87.008027036219701,87.709437207925376,86.983272345972367,87.544395446777344,1264600
2019-02-13,87.800239562988281,88.105555911299589,87.626950374451738,87.800239562988281,1885000
2019-02-14,87.453629445214361,87.849717076482975,87.049281856349282,87.40411376953125,2050500
2019-02-15,88.08905770444963,88.674942016601562,88.072556669836317,88.674942016601562,1456000
2019-02-19,88.427369883765195,89.104025481383786,88.386107862469942,88.897727966308594,1396400
2019-02-20,88.864735227979281,89.293831364648767,88.716200739189532,89.170051574707031,1196400
2019-02-21,88.971987116663684,89.079259552102769,88.575893139572898,88.93072509765625,1102300
2019-02-22,89.153545107867842,89.401098376964271,88.98025593078998,89.310333251953125,2052000
2019-02-25,89.722921541339474,89.995229487173475,89.409345276893077,89.450607299804688,2408400
2019-02-26,89.335087949292642,89.681666303448381,89.236062864233318,89.310333251953125,1336800
2019-02-27,89.161780418436024,89.3680779147344,88.889466212354179,89.227790832519531,1505600
2019-02-28,89.186545927021072,89.21955428591599,88.856468633772664,88.9224853515625,1388400
2019-03-01,89.500122554581324,89.6899190584287,88.955500331530132,89.3763427734375,1388100
2019-03-04,89.673393745885235,89.739410455349116,88.163294569323796,88.963729858398438,1811000
2019-03-05,89.013244201679541,89.013244201679541,88.567640863039699,88.757431030273438,1502000
2019-03-06,88.773932054205588,88.773932054205588,88.072521889644477,88.179794311523438,1305500
2019-03-07,88.072532254254497,88.089033284293393,87.313352662763151,87.618675231933594,2458800
2019-03-08,87.098827030757676,87.519669494549532,86.884275818664761,87.461906433105469,1339400
2019-03-11,87.758963485467731,88.608908258004675,87.758963485467731,88.5924072265625,1005300
2019-03-12,88.72443702015876,89.071021647822135,88.683181292468475,88.815208435058594,1007100
2019-03-13,89.104027635782671,89.714666532373386,88.848214429827905,89.442352294921875,1148000
2019-03-14,89.425858463315748,89.673411729902213,89.260816656556898,89.3763427734375,949200
2019-03-15,89.508379698925481,89.978737848998591,89.450616638239367,89.722930908203125,1268400
2019-03-18,89.797196647273367,90.226292777987453,89.788942982538032,90.193290710449219,991700
2019-03-19,90.54808985930238,90.762634698887666,89.73940099289095,90.052970886230469,1466800
2019-03-20,89.945709738999071,90.003472787003446,89.153528096781798,89.236045837402344,1290700
2019-03-21,88.963755085922841,90.160284675381661,88.947254051727626,89.953987121582031,1159300
2019-03-22,89.467114888856955,89.698167124414624,88.32010107969478,88.468635559082031,2128700
2019-03-25,88.369608270280338,88.724440279094594,87.940512171475262,88.320098876953125,1755500
2019-03-26,88.881240765526073,89.269081189001,88.575918107626208,89.071037292480469,1235700
2019-03-27,89.079283469497597,89.252578959297765,88.245845863934605,88.674942016601562,1449800
2019-03-28,88.85354841456973,89.14435265671834,88.355019611964053,88.920013427734375,1396200
2019-03-29,89.40193181935571,89.4933283547293,88.986495327314969,89.426856994628906,1468800
2019-04-01,90.000165145041848,90.565159051401906,89.950314792411206,90.473762512207031,2016000
2019-04-02,90.531913920179733,90.548534928693741,90.083241776162552,90.249420166015625,1625600
2019-04-03,90.639973246013867,90.664904772022666,90.050053911687669,90.266082763671875,1848800
2019-04-04,90.357453502959643,90.689804025035201,90.315907310553087,90.664878845214844,1371500
2019-04-05,90.831046732579651,91.072000691455315,90.681489321520914,91.063690185546875,1083000
2019-04-08,90.947364383261132,91.138467976239141,90.764571295819124,91.130157470703125,1402400
2019-04-09,90.781176072957521,90.797790742000061,90.33250394012228,90.54022216796875,1034000
2019-04-10,90.689781422266392,90.83102829875115,90.482063190121522,90.789482116699219,802500
2019-04-11,90.980604416420434,91.072000964511403,90.57347837250714,90.806121826171875,1191500
2019-04-12,91.354485904054641,91.620365016574155,91.030445933767069,91.379417419433594,860400
2019-04-15,91.396015297679028,91.462486648360098,91.088590055071805,91.279693603515625,1046400
2019-04-16,91.587128258495312,91.678518451252771,91.288013488747538,91.479110717773438,1439400
2019-04-17,91.786541846270751,91.811467022163242,91.113536740941683,91.254783630371094,1225800
2019-04-18,91.47079081290255,91.47079081290255,90.997193532649575,91.279693603515625,1526100
2019-04-22,91.080285890529353,91.362779622338508,91.022125043447645,91.279693603515625,1012700
2019-04-23,91.379439735304274,91.969358962176173,91.238186469893563,91.919502258300781,1091900
2019-04-24,91.819778912520476,91.886243936217298,91.495738942913079,91.661911010742188,2286500
2019-04-25,91.312944711202036,91.578823819804271,90.855962021858517,91.354484558105469,1160800
2019-04-26,91.28800713186989,91.819765276823929,91.263075620245729,91.811454772949219,1041000
2019-04-29,91.861320078509053,92.2601419217048,91.82808439665456,92.044113159179688,1071800
2019-04-30,92.243520133973234,92.5260202578269,91.769922764889188,92.434623718261719,1205300
2019-05-01,92.550963864916312,92.559274371729401,91.728401184082031,91.728401184082031,2066900
2019-05-02,91.678529599250695,91.919483545239302,91.038760137807941,91.520668029785156,1558200
2019-05-03,91.919472917320775,92.318294725720648,91.819772219514007,92.226898193359375,1150500
2019-05-06,90.964003124347201,92.044134509399825,90.92245692762765,91.919502258300781,1333900
2019-05-07,91.146753736172613,91.23815026143663,89.975226254513004,90.548530578613281,2049600
2019-05-08,90.457151702651004,90.880892396217078,90.166341062402708,90.307594299316406,1554900
2019-05-09,89.676136962966012,90.274366629404554,89.086217802744372,90.099884033203125,2162400
2019-05-10,89.767515765384374,90.831032144748747,88.878481947722818,90.623313903808594,1636900
2019-05-13,89.244084548293515,89.418567142193226,88.413211431213682,88.812026977539062,1371300
2019-05-14,89.052966574505419,89.925385742307952,88.920023854473186,89.377006530761719,1752300
2019-05-15,88.87017859236019,89.792448163451581,88.68738551137875,89.568115234375,1188900
2019-05-16,89.892154347639391,90.789492394403638,89.8339934896171,90.290969848632812,1614100
2019-05-17,89.651214362007138,90.606719754548564,89.559817808169143,89.933708190917969,905100
2019-05-20,89.617950053730439,90.199558538714186,89.518243025280199,89.800743103027344,942300
2019-05-21,90.266042168022693,90.615007306475391,90.174645630943473,90.482070922851562,720800
2019-05-22,90.216194097266907,90.390676670904284,89.942004479097562,90.191268920898438,759400
2019-05-23,89.468426483077565,89.468426483077565,88.654167957404368,89.219161987304688,1280300
2019-05-24,89.626269033673267,89.717665566965266,89.127740183332236,89.460090637207031,1031200
2019-05-28,89.51824728230622,89.63456898483463,88.238702215436376,88.263633728027344,936700
2019-05-29,87.889736313293227,87.981132841461772,87.191806104432345,87.773414611816406,1575500
2019-05-30,87.989458587486411,88.205487358675043,87.416154145856709,87.748504638671875,1030200
2019-05-31,86.901026169245,87.075515122074975,86.535446266656265,86.585296630859375,1496300
2019-06-03,86.718239850535625,87.623888613379037,86.701618836339478,87.407859802246094,1679400
2019-06-04,88.21378885415578,89.202529797101803,88.17224900572316,89.152679443359375,1174100
2019-06-05,89.485021046174026,89.742595990998637,89.036355197115469,89.7010498046875,1226500
2019-06-06,89.867223605016463,90.523607673873798,89.684430537108767,90.257728576660156,1039000
2019-06-07,90.556840626383888,91.096909309195468,90.473754599579991,90.706398010253906,798100
2019-06-10,91.146780318161561,91.412659467636686,90.98060822688673,90.997222900390625,1361100
2019-06-11,91.487431459258033,91.661914037958454,90.831040993256494,90.955673217773438,1187000
2019-06-12,90.955671651081119,91.071993368211125,90.689792534918539,90.831039428710938,863200
2019-06-13,91.113548490116514,91.346191947189951,90.905830212149681,91.213249206542969,1211000
2019-06-14,91.163375854492188,91.869616553634884,90.8974967793188,91.163375854492188,1389400
2019-06-17,91.204916086313148,91.229847598296786,90.897497168144099,90.980583190917969,892500
2019-06-18,91.346177542156127,92.118889667900547,91.296320852746376,91.753303527832031,1181000
2019-06-19,91.828093993519587,92.193680193067905,91.695157591266707,91.9859619140625,1094900
2019-06-20,92.758667046802728,92.93314962708962,92.052426220196281,92.783592224121094,1060400
2019-06-21,92.750328001680046,93.174074902878544,92.634006317281447,92.72540283203125,873100
2019-06-24,92.750365950504175,92.916544381248642,92.575883352516712,92.625740051269531,932600
2019-06-25,92.708819262145482,92.708819262145482,92.177061001085065,92.235221862792969,975700
2019-06-26,92.401402423270284,92.459563290316467,91.844718933105469,91.844718933105469,945100
2019-06-27,92.086336147457757,92.378997370610577,92.027805178706629,92.211761474609375,978900
2019-06-28,92.579695798145153,92.914161289261301,92.496081020215769,92.746925354003906,1612600
2019-07-01,93.700137611551881,93.767031978340356,92.981039117070608,93.390762329101562,1953000
2019-07-02,93.424216293337466,93.56636204853163,93.039576846085097,93.557998657226562,1199400
2019-07-03,93.808862557439554,94.293830871582031,93.775415366912611,94.293830871582031,859900
2019-07-05,93.967732832296619,94.235303988770767,93.549652501593286,94.143325805664062,749000
2019-07-08,93.867391614604074,94.051347969017556,93.566373285454588,93.741966247558594,851400
2019-07-09,93.390770995709943,93.733593493368218,93.357323809211834,93.683425903320312,1591100
2019-07-10,93.942650872345538,94.268753026326522,93.725247309891643,93.842315673828125,861400
2019-07-11,94.093130445070912,94.226919173533204,93.700134029460017,94.101493835449219,835000
2019-07-12,94.293825357152343,94.536312689742246,94.059701416554901,94.51959228515625,711200
2019-07-15,94.619925973604978,94.619925973604978,94.268733712547217,94.419242858886719,1176400
2019-07-16,94.44431653936104,94.477763721565566,94.109857476111188,94.201835632324219,779900
2019-07-17,94.210205438794787,94.243652625542055,93.449302673339844,93.449302673339844,1409800
2019-07-18,93.323887886496564,94.026259749534631,93.273720290393655,93.900840759277344,2097100
2019-07-19,94.134955718858905,94.193486701852663,93.415857139564821,93.474388122558594,946200
2019-07-22,93.557989120936199,93.583072912896242,93.173356092287577,93.432563781738281,893400
2019-07-23,93.800477310149688,94.193473733026977,93.633247775877493,94.160026550292969,1307600
2019-07-24,93.976089843922992,94.53631591796875,93.934279261931877,94.53631591796875,871200
2019-07-25,94.511206321511423,94.511206321511423,93.884086039226531,94.151657104492188,803200
2019-07-26,94.268723775200272,94.686803984360424,94.109857633709865,94.628273010253906,682800
2019-07-29,94.661732226299918,94.787157580872091,94.544670263205504,94.611564636230469,729100
2019-07-30,94.243654466613933,94.46942138671875,94.017893925907828,94.46942138671875,953300
2019-07-31,94.435971251505947,94.502859244820669,92.972690340246231,93.516189575195312,1049500
2019-08-01,93.49110063789665,94.193478753954949,92.245223316783864,92.479347229003906,1552600
2019-08-02,92.261952659657055,92.37065761472013,91.400708307935432,91.9776611328125,1430300
2019-08-05,90.77357957835946,90.924088719787761,88.87549809755636,89.494255065917969,1617300
2019-08-06,90.021040582226746,90.597986976995386,89.343746253605332,90.522735595703125,1201700
2019-08-07,89.552814587271939,90.6063789130705,88.607955241228922,90.3304443359375,1453300
2019-08-08,90.781932530371435,91.785322438248244,90.656507197037485,91.760238647460938,1467800
2019-08-09,91.501033779839517,91.684990090458385,90.648152969894667,91.25018310546875,1113200
2019-08-12,90.790319174306163,90.890654363153942,89.845453616662297,90.138114929199219,951500
2019-08-13,90.054480915344328,91.751892044124403,89.929061947181665,91.216743469238281,1126700
2019-08-14,90.004315058409247,90.037762243695042,88.566117988111799,88.591201782226562,1212500
2019-08-15,88.783529303863915,89.026016633943669,87.972452532762404,88.658103942871094,1330300
2019-08-16,89.151443154236219,90.104665703138892,89.134716370206945,89.945793151855469,1224000
2019-08-19,90.890647888183594,91.133135209622964,90.706697928600732,90.890647888183594,1111800
2019-08-20,90.773581130368981,90.865559295003223,89.937420636892782,89.987594604492188,799200
2019-08-21,90.706716509205847,90.715073523126961,90.397334750326152,90.547843933105469,789900
2019-08-22,90.832112712752163,91.082963414219691,90.221719120925314,90.614715576171875,1123200
2019-08-23,90.255162217596578,90.639795264196351,88.005888535704216,88.474136352539062,1209400
2019-08-26,89.15980120275205,89.310310363769531,88.658106125826819,89.310310363769531,1172600
2019-08-27,89.770206979805295,89.887268959260751,88.641391389685168,88.758453369140625,1104400
2019-08-28,88.591207924223269,89.602967805918027,88.474145957306291,89.5611572265625,824600
2019-08-29,90.330419021033777,90.706695078782829,89.970869745974966,90.506011962890625,992400
2019-08-30,91.024433081849494,91.208389413647581,90.522738054744622,90.740135192871094,1030700
2019-09-03,90.19663005347995,90.472558153684602,89.703292070608796,90.405670166015625,1552400
2019-09-04,91.116408456375908,91.33381196724055,90.932452130213363,91.283638000488281,798100
2019-09-05,92.119804853975481,92.738568244681971,92.069637263150113,92.320487976074219,1048900
2019-09-06,92.462640506949768,92.663317264344485,92.245236965122672,92.487724304199219,901500
2019-09-09,92.847268257111239,93.206817548863015,92.738569682171857,93.173370361328125,947800
2019-09-10,92.989411137131071,93.683425903320312,92.989411137131071,93.683425903320312,1517700
2019-09-11,93.767037040813193,94.419241203718428,93.407487774160529,94.394157409667969,1645500
2019-09-12,94.494494807795704,94.77042290960911,94.068051189505169,94.511215209960938,1586900
2019-09-13,94.728640298762187,95.012931856134074,94.511236744689924,94.619941711425781,1658700
2019-09-16,94.382760895622255,94.710770330145735,94.130442984429877,94.365936279296875,1046800
2019-09-17,94.239783740411724,94.374348587459565,94.037926844773395,94.365936279296875,1290300
2019-09-18,94.206149649351119,94.424818348144697,93.709926089171418,94.391181945800781,943900
2019-09-19,94.52572597723092,94.794862053661376,94.189304277515291,94.29864501953125,1006900
2019-09-20,94.508904219095527,94.719166971407276,93.928576969367953,94.138839721679688,884000
2019-09-23,93.911761584237112,94.374335803146352,93.777190338707783,94.1724853515625,1440500
2019-09-24,94.391176298000516,94.466867823812848,93.247346185398541,93.550125122070312,1774900
2019-09-25,93.550108025486963,94.012682237684913,93.323020656128463,93.894935607910156,764000
2019-09-26,93.91177235118073,93.937002858432606,93.213698372561282,93.634223937988281,945200
2019-09-27,93.89492960493358,94.096780040683981,93.154807062709025,93.600563049316406,873700
2019-09-30,93.69309577922148,94.155670043851501,93.69309577922148,93.878128051757812,1126100
2019-10-01,94.180904273644998,94.307056804301723,92.431516459151425,92.524032592773438,1675300
2019-10-02,92.078269506210816,92.162373325794306,90.505501771487971,90.88397216796875,1181600
2019-10-03,90.841918786257096,91.388603210449219,89.891527065469475,91.388603210449219,1237600
2019-10-04,91.506371566433074,92.675432201162806,91.506371566433074,92.633377075195312,1010400
2019-10-07,92.372623687911641,92.894071149383961,92.095075345490358,92.212821960449219,866700
2019-10-08,91.598883622300832,91.834376917102034,90.715777350085304,90.749420166015625,1289400
2019-10-09,91.338150839709471,91.758676401970291,91.069014736530974,91.439079284667969,880100
2019-10-10,91.363358089105319,92.381028920710591,91.354952200031732,92.061431884765625,2404900
2019-10-11,92.97820462077442,93.819255747450953,92.961380004882812,92.961380004882812,1274100
2019-10-14,92.885662977022506,93.003409589087028,92.709043058925715,92.877250671386719,700800
2019-10-15,93.272566607380895,94.037919758021218,92.927732582518928,93.743553161621094,945300
2019-10-16,93.667871369734087,93.979056196792129,93.583761119134508,93.651046752929688,1460100
2019-10-17,94.021081906575972,94.206114133267747,93.751945872308639,93.979026794433594,949800
2019-10-18,93.777204117563869,94.138856372174487,93.693100285105587,93.920181274414062,883800
2019-10-21,94.349109278474842,94.584602551374232,94.273411345494083,94.534141540527344,1042400
2019-10-22,94.727575024626844,95.324720484823146,94.559367385620334,94.845321655273438,1026800
2019-10-23,94.744404095116394,95.106056311030812,94.567784140838711,95.080825805664062,1236800
2019-10-24,95.240607388088776,95.291074808242882,94.550945868604657,94.811676025390625,901600
2019-10-25,94.811684635672691,95.408830091931549,94.811684635672691,95.190155029296875,818500
2019-10-28,95.568603515625,95.938667934221087,95.46768152270505,95.568603515625,1321000
2019-10-29,95.543403069134285,96.073269365459893,95.425656429219842,95.863006591796875,2950300
2019-10-30,95.980732583386825,96.115297392892728,95.492921513420811,96.048011779785156,1030500
2019-10-31,95.846180335618385,95.846180335618385,95.080827189277684,95.661148071289062,816800
2019-11-01,96.11530008970567,96.678802677696581,96.11530008970567,96.628341674804688,881200
2019-11-04,97.191845933075896,97.334829471575873,97.015226003209563,97.158203125,1106200
2019-11-05,97.317998061702625,97.469387479115156,97.107735338446844,97.259124755859375,1476100
2019-11-06,97.343214059969483,97.519833951187039,97.099308567323874,97.385269165039062,1118900
2019-11-07,97.847880515304865,98.175896343056948,97.671260556798714,97.831062316894531,3093400
2019-11-08,97.780584343787709,98.150642395019531,97.435750377440698,98.150642395019531,822800
2019-11-11,97.71331286396088,97.839471806892334,97.578741613711216,97.797416687011719,868900
2019-11-12,97.923586186881494,98.209540499424577,97.603989058149054,97.805839538574219,785700
2019-11-13,97.469401665807425,97.898339480359752,97.292781722570581,97.730125427246094,2269400
2019-11-14,97.620776139847251,97.738522750621087,97.267536307525759,97.6544189453125,1397800
2019-11-15,98.066543066050656,98.394552435186114,97.864692627361862,98.386146545410156,1110600
2019-11-18,98.276805716322585,98.487068461294044,98.159059092475331,98.411376953125,1121300
2019-11-19,98.663684823813497,98.663684823813497,98.066539419726197,98.251571655273438,1306300
2019-11-20,98.066538215828302,98.167466638535814,97.452574623641894,97.923561096191406,1328300
2019-11-21,98.032908590757813,98.125424719836332,97.578740252566092,98.016090393066406,1694800
2019-11-22,98.251584724617842,98.445029292069833,98.058140157165852,98.369331359863281,888100
2019-11-25,98.672097735319397,98.95805839656748,98.604812118942249,98.924415588378906,1058800
2019-11-26,99.000102005552421,99.067387618471002,98.76460877704659,99.033744812011719,1327800
2019-11-27,99.201966351728245,99.344949903426922,98.949654892932585,99.252433776855469,874500
2019-11-29,99.126281212408557,99.210385037414554,98.840320507335534,98.949661254882812,494500
2019-12-02,99.084218633345245,99.084218633345245,98.327277848556733,98.402969360351562,2330600
2019-12-03,97.603972271897518,97.72171889995434,97.00682040812508,97.5787353515625,1395600
2019-12-04,97.940386211245311,98.50389525695482,97.7889967748429,98.293632507324219,1396800
2019-12-05,98.478674041215584,98.579602487148748,97.990869260982606,98.495498657226562,1803200
2019-12-06,99.168319139699463,99.54678949496342,99.050566105054173,99.3197021484375,1120100
2019-12-09,99.210385760499804,99.387005719312839,99.050584000126349,99.075820922851562,999700
2019-12-10,99.016934435092153,99.210372566619611,98.680512760646025,98.983291625976562,1188300
2019-12-11,99.126269110066943,99.344944161752878,98.974879676855096,99.210372924804688,1129000
2019-12-12,99.26925338341249,100.50559944086497,99.210380067186676,100.3289794921875,1618400
2019-12-13,100.27011255773402,100.71586861134436,99.782301382695678,100.02620697021484,1739500
2019-12-16,100.68220501369655,101.00180205375894,100.59810120491268,100.732666015625,1188200
2019-12-17,100.89248093500794,100.99340936876986,100.76632199698308,100.8251953125,1716800
2019-12-18,100.94294223373424,100.99340965911536,100.68221846665409,100.74950408935547,1213900
2019-12-19,100.85884176523082,101.05228633274787,100.78315024970918,100.95977020263672,1539400
2019-12-20,101.43074110129029,101.78398095266931,101.33822498544684,101.55690002441406,1818200
2019-12-23,101.69988176821704,101.69988176821704,101.50644363844435,101.57372283935547,1464300
2019-12-24,101.6322037998614,101.64067990379888,101.42882256297247,101.53050994873047,893300
2019-12-26,101.68304263323805,101.81015832473354,101.52203545835822,101.77626037597656,780300
2019-12-27,101.98811770667817,101.98811770667817,101.6237228392565,101.77626037597656,1150900
2019-12-30,101.86101990713018,101.92881581655251,101.18308020902813,101.31019592285156,1475200
2019-12-31,101.18308192485868,101.63221851799388,101.03054435875862,101.56442260742188,1184500
2020-01-02,102.00508754439838,102.06440734863281,101.51357690052805,102.06440734863281,1634700
2020-01-03,101.0390123963854,101.54746875432953,100.92036632967084,101.25086975097656,1401600
2020-01-06,100.78478506255455,101.42035715204379,100.64919324675084,101.37798309326172,1546300
2020-01-07,101.14068144715674,101.15763365305888,100.81866065411019,100.98814392089844,1422200
2020-01-08,101.02206734388778,101.6576394526857,100.93732568912283,101.22544860839844,1401700
2020-01-09,101.64914663781431,101.71694253663105,101.36949986959759,101.69152069091797,1239100
2020-01-10,101.85255636025965,101.91187616820925,101.22545385865068,101.35256958007812,1736200
2020-01-13,101.52203545835822,101.77626037597656,101.25932797183484,101.77626037597656,2077300
2020-01-14,101.65761859807169,102.14065304305076,101.5644008573413,101.91184997558594,4584700
2020-01-15,101.78473023966677,102.31860835277163,101.716934346309,102.07285308837891,1222700
2020-01-16,102.49660000488686,102.74235534667969,102.33559278916859,102.74235534667969,1506800
2020-01-17,102.88639886483767,102.98808624739591,102.7423309639256,102.85250091552734,1295300
2020-01-21,102.57286324070719,102.75929875750563,102.32710791996139,102.4542236328125,1717100
2020-01-22,102.71689909659322,102.8355386749178,102.46267419962864,102.56436157226562,1300800
2020-01-23,102.25930298950952,102.54743234424416,101.73390090529196,102.50505828857422,1161500
2020-01-24,102.64064011942691,102.64064011942691,101.08984293399274,101.52203369140625,1706500
2020-01-27,100.14920846849724,100.55597743223886,99.996670915265796,100.10683441162109,1661100
2020-01-28,100.428848003241,101.1491616140902,100.36952821094454,100.82714080810547,1232200
2020-01-29,101.08985001204863,101.1830677596916,100.37800598144531,100.37800598144531,1032300
2020-01-30,99.750909374295986,100.92035956572524,99.471256133289117,100.81867218017578,1718900
2020-01-31,100.33563568490996,100.35258142703644,98.674674945484441,99.022117614746094,1895400
2020-02-03,99.505152193919173,100.13225456463869,99.2424511657414,99.378036499023438,1509300
2020-02-04,100.52205603497198,100.95424028051794,100.45426014593158,100.55595397949219,1308600
2020-02-05,101.35255893166656,102.34404981695809,101.3101913392248,102.27626037597656,1624500
2020-02-06,102.65759977162067,102.7508175253684,102.20846321194891,102.33557891845703,1120800
2020-02-07,102.01354111527307,102.11523496310247,101.61525475836328,101.73389434814453,1047000
2020-02-10,101.53049887226126,102.07285308837891,101.50507702859515,102.07285308837891,984300
2020-02-11,102.46269155585483,102.77623629509328,102.3694738048993,102.48811340332031,1246400
2020-02-12,102.95420200499593,103.14063751833764,102.63218114173436,102.89488220214844,1214700
2020-02-13,102.47961869501235,102.85248963114395,102.1660675473224,102.62368011474609,1016300
2020-02-14,102.75928259411046,102.86944607972072,102.09828874970344,102.47115325927734,871200
2020-02-18,102.31862718563036,102.3948991960396,101.56441551297799,101.94576263427734,1241500
2020-02-19,102.19150433083917,102.43725962327672,102.04744289004327,102.25930023193359,1302000
2020-02-20,102.0643902889572,102.38641110592332,101.35254629175225,102.15760803222656,1494900
2020-02-21,101.70847335861818,101.82711942231288,101.32713271620953,101.71694946289062,1363300
2020-02-24,99.157718233395784,99.683120335897954,98.395030462406552,98.606887817382812,3389200
2020-02-25,98.886495505675853,99.013604687784479,95.19170442040901,95.5052490234375,2987500
2020-02-26,95.928996616632844,96.784902041732323,94.683280944824219,94.683280944824219,2482300
2020-02-27,93.217245953323157,94.293478584565122,90.666481321932039,90.683433532714844,4622700
2020-02-28,88.081813180152665,89.488542610583551,86.675077284348617,89.403800964355469,5049600
2020-03-02,89.82752173122131,93.242661381448528,88.81907861645125,93.225715637207031,3401800
2020-03-03,93.352822321321497,94.666333963047322,89.844458788190309,90.632568359375,2684500
2020-03-04,92.657934094684961,94.65786813841413,91.759660935600621,94.6324462890625,1994300
2020-03-05,92.361323492075172,92.988425869170996,90.657995145420699,91.505424499511719,1773900
2020-03-06,88.683468063564604,90.395272221919896,88.090263737716185,89.9715576171875,4032500
2020-03-09,83.310755684333444,85.539498433614924,82.166727652141773,82.802299499511719,5845500
2020-03-10,85.912382113738602,86.454736361180466,82.073528329506516,86.412368774414062,5428200
2020-03-11,84.048021177389103,84.437837800441883,81.039645186706977,82.03961181640625,3663800
2020-03-12,76.268658246211587,79.04822609005808,73.726369638004527,73.802635192871094,7160300
2020-03-13,78.056712552504962,80.776959802208353,74.23480463777021,80.54815673828125,6004700
2020-03-16,72.760284025253014,76.794049514781605,71.395922263579706,71.624725341796875,5495100
2020-03-17,73.107720673243179,76.768614880813402,71.217957011538502,76.438117980957031,6685800
2020-03-18,71.616264012240421,73.683987455955887,68.15875033436572,72.014556884765625,5848200
2020-03-19,70.93830317876575,72.768753499226705,68.811253907870537,71.209480285644531,5526800
2020-03-20,71.58235152263596,72.10775353257408,67.735021858235342,67.836715698242188,9696800
2020-03-23,67.319786342725806,67.497745721683458,64.023286849569061,65.048675537109375,8550600
2020-03-24,68.285854946172577,71.539980373878606,68.235004791421076,71.412864685058594,7071000
2020-03-25,71.607795557473423,75.531391968768304,70.243433491751972,72.726402282714844,5507800
2020-03-26,73.394154408349763,77.985566658701089,73.377057055466764,77.378509521484375,5332300
2020-03-27,74.916075983661159,77.498206671749841,74.385966745849814,75.335029602050781,4791900
2020-03-30,75.771092289016892,77.942821445186809,75.198229847053781,77.643562316894531,4864100
2020-03-31,77.523846068579005,77.934254220192557,75.796726712909248,76.14727783203125,4430900
2020-04-01,73.223140223055537,74.180754874476193,72.162928428307893,72.872589111328125,4298200
2020-04-02,72.487836342341765,75.155473187568091,72.470738991423332,74.762168884277344,3386800
2020-04-03,74.522779631794435,75.292284496407262,72.829854578567051,73.625015258789062,3728600
2020-04-06,76.480745075557579,78.695227355319261,76.061791436820073,78.019767761230469,3541400
2020-04-07,80.832757467482111,81.20041253457137,78.293373227728082,78.310470581054688,3491200
2020-04-08,79.139816718859592,81.901505141627837,78.472909177127946,81.482551574707031,2650100
2020-04-09,82.594048864755834,84.415226195522706,82.328997582075885,83.252410888671875,3640500
2020-04-13,82.867687199850593,83.355043342102746,80.807113518825844,81.679222106933594,3440000
2020-04-14,83.312279588200752,83.876583494470736,82.474365881052364,83.568778991699219,4067100
2020-04-15,81.627923029258852,81.704870908679823,80.516405822912816,81.2431640625,2985000
2020-04-16,81.448360121900933,81.499658701044254,80.225693974320748,81.114906311035156,4153900
2020-04-17,83.337927988320544,84.269886900570654,82.559864802599876,83.953536987304688,3101600
2020-04-20,82.508576214546068,83.748339776358492,82.209323615820722,82.320472717285156,2699100
2020-04-21,80.618997838936792,81.345755973234176,79.917888994063759,80.037590026855469,1916200
2020-04-22,81.585162812838078,81.824564892430303,80.926807093959482,81.251708984375,2056500
2020-04-23,81.576614656467044,82.782176951960437,81.371407289526587,81.397056579589844,1903100
2020-04-24,81.824552814419505,82.696667716450818,81.191846479859066,82.397415161132812,2010300
2020-04-27,82.978814704188053,84.475083855822035,82.867659106637106,84.098876953125,3223600
2020-04-28,85.398519595204533,85.706324160911421,84.184405210037383,84.483657836914062,3380300
2020-04-29,86.150923334939364,86.766532392608823,85.441262531058342,86.116722106933594,2346200
2020-04-30,85.304444730953279,85.355749826819221,81.961355107885225,84.269882202148438,1905600
2020-05-01,83.047242175925703,83.081443409458032,81.602277567690251,81.987030029296875,2000400
2020-05-04,81.285919058762701,81.841677674417156,80.653212561959151,81.713424682617188,2998300
2020-05-05,82.67956323522175,83.209672417329358,82.149460576330569,82.17510986328125,2970000
2020-05-06,82.628251902886589,82.73940097024942,80.909678187171309,80.960983276367188,1421900
2020-05-07,81.892940725212625,82.54275081799382,81.465435286869933,81.568038940429688,2415300
2020-05-08,82.747956844277624,83.551669206708851,82.448704323122072,83.440513610839844,2283500
2020-05-11,82.747984319366267,83.372145376346438,82.286277480617485,82.910438537597656,2355700
2020-05-12,83.21823448846358,83.406337979964576,81.183303833007812,81.183303833007812,2938400
2020-05-13,80.90970834314011,80.926812220318681,78.840582783345951,79.439094543457031,4709400
2020-05-14,78.524222747791029,80.687406488113751,77.788919142706447,80.6446533203125,3475700
2020-05-15,80.165849033115109,80.875503345750175,79.678492927706671,80.627555847167969,2676500
2020-05-18,83.030124234547898,84.252790306506824,82.893319334337576,83.765434265136719,2329000
2020-05-19,83.560243546684987,83.594438252657582,82.346122741699219,82.346122741699219,2537800
2020-05-20,83.457633943875464,84.064691041733127,83.226777294009423,83.67138671875,2515800
2020-05-21,83.491844400571338,83.868044890151523,82.807832836069281,83.081436157226562,1944000
2020-05-22,83.038689511456255,83.141286679879158,82.457281638594822,83.081436157226562,2205300
2020-05-26,85.253139243689844,85.851650809996514,85.0308345748779,85.150535583496094,3805400
2020-05-27,86.757978202251223,87.151282529280167,85.603714510698481,87.125633239746094,4314300
2020-05-28,87.878010420614729,87.997711412719468,86.50999442283576,86.706649780273438,2331900
2020-05-29,86.296271481686716,86.894776648626276,85.261708822709977,86.698127746582031,4240300
2020-06-01,86.535673517953498,87.228230428484693,86.304823388848789,86.911880493164062,1695700
2020-06-02,87.313744836013541,87.783997075316492,87.040141516879089,87.77545166015625,5505800
2020-06-03,88.775813629779236,89.784727097254844,88.579158185406001,89.528221130371094,4610900
2020-06-04,89.092147651921124,90.02411307647661,88.989550502102702,89.930061340332031,1675300
2020-06-05,92.674647925509774,93.563860207375598,92.247142397106018,92.554946899414062,2669100
2020-06-08,93.230396538914576,94.239309739977401,93.050845018795258,94.188011169433594,5465500
2020-06-09,92.982441916958194,93.332999541765773,92.161632177994406,92.469436645507812,3808200
2020-06-10,92.332645981789739,92.418145786330811,90.673928899398888,90.742324829101562,4952800
2020-06-11,87.82672892287124,88.331182270005371,84.586236525385118,84.851287841796875,3211000
2020-06-12,87.313729265592926,87.433430288667182,84.415242378035572,86.073959350585938,1955000
2020-06-15,83.987738728053401,87.185478244404351,83.602979839716127,86.757972717285156,2762100
2020-06-16,89.596608272721156,89.707757360317871,86.946075335368107,88.442344665527344,3123100
2020-06-17,88.630451822608237,88.630451822608237,87.296630099933978,87.484733581542969,2051000
2020-06-18,86.826360817987592,87.689917143338235,86.612608089753465,87.441963195800781,1859000
2020-06-19,88.707414600785583,88.861316882226518,86.415984256675131,86.817840576171875,1922400
2020-06-22,86.484384040675593,86.928986993719661,85.911528103201476,86.749435424804688,1462200
2020-06-23,87.672844958686795,87.707046187806384,86.783632571229973,86.860580444335938,1503500
2020-06-24,86.07395505487834,86.07395505487834,83.850927778880163,84.440887451171875,2601100
2020-06-25,84.022076939551894,85.40089945130336,83.642898283291103,85.340576171875,2756300
2020-06-26,84.875211862009024,84.883831350790089,83.09997850823531,83.530860900878906,2150600
2020-06-29,84.142727606627929,84.866613569855986,83.642902367106743,84.857994079589844,1874800
2020-06-30,84.780431121224581,86.288519742938675,84.65978455746702,85.823165893554688,2074300
2020-07-01,86.167876027911461,86.6677012798569,85.573262679661056,85.788703918457031,1540200
2020-07-02,86.883139484919027,87.443288001178615,86.029994050005129,86.185111999511719,2045900
2020-07-06,87.434670774994601,87.632879605786016,86.693552394244577,87.029640197753906,1711500
2020-07-07,86.400556305302146,86.572906666555966,85.831788278623833,85.978286743164062,2861500
2020-07-08,86.081677333210052,86.50394020497599,85.478444659258713,86.245414733886719,1960800
2020-07-09,86.142015423319123,86.176486807011216,84.134101702777158,84.771812438964844,3652400
2020-07-10,84.728722531164152,86.400548498189096,84.728722531164152,86.340225219726562,2314300
2020-07-13,86.883142346111271,87.831082479982086,86.443640378911724,86.615997314453125,2552200
2020-07-14,86.331586559421496,88.04649644468536,86.004118345448049,87.925849914550781,2646300
2020-07-15,89.158213722992571,89.356422582802708,88.580832701636993,89.037567138671875,2680600
2020-07-16,88.675611585456764,89.511524609839526,88.451550865321948,89.218521118164062,2128600
2020-07-17,89.537379411811145,89.752820648810342,89.132348834293509,89.373641967773438,2065800
2020-07-20,89.192653965987532,89.3305394854833,88.537710897869502,88.666976928710938,2121400
2020-07-21,89.244357131738582,90.131973789442881,89.106478187939018,89.718330383300781,1981500
2020-07-22,89.520148946252476,90.252654481522299,89.330566162445479,90.157859802246094,1842000
2020-07-23,90.131976097278724,90.700744013716701,89.761423549879112,90.097511291503906,2069800
2020-07-24,89.813133284434159,90.028574495891831,88.908277566414327,89.261604309082031,2013900
2020-07-27,89.313306368313263,89.313306368313263,88.623891875086557,89.252983093261719,1565600
2020-07-28,89.097862766178935,89.726953967444871,89.037539492748806,89.235748291015625,1453100
2020-07-29,89.365021705252275,90.356052701834997,89.192671347039933,90.14923095703125,2619600
2020-07-30,89.270208491174998,89.494269170101347,88.486005977047853,89.304679870605469,2264600
2020-07-31,89.028938293457031,89.115120051556602,87.848324474535517,89.028938293457031,1987700
2020-08-03,89.321918847692388,89.597683308392732,88.813474219522234,89.304679870605469,1744300
2020-08-04,89.123727462201842,89.778670649779997,89.072023670332001,89.726966857910156,1289600
2020-08-05,90.390518188476562,90.562868535439279,90.166457477629592,90.390518188476562,1721700
2020-08-06,90.226788429475974,90.459468649881629,89.925172009269446,90.347434997558594,1434300
2020-08-07,90.157843869721731,91.398780822753906,90.088901101568766,91.398780822753906,2226200
2020-08-10,91.579756312139565,92.329494168916597,91.579756312139565,92.303642272949219,1576100
2020-08-11,93.260205475254509,93.647997079236447,91.950319047847472,92.234703063964844,2670800
2020-08-12,93.053367092883803,93.165394151295558,92.588013306433552,92.915481567382812,2527000
2020-08-13,92.31226471594286,92.536318871323246,91.924466539793983,92.182998657226562,1452700
2020-08-14,91.907235848298953,92.674206149648768,91.786589277844712,92.424293518066406,1382900
2020-08-17,92.493236416319192,92.493236416319192,92.019263049804138,92.105438232421875,2092100
2020-08-18,92.157135085260265,92.329485425217413,91.71763317120228,91.838279724121094,1132600
2020-08-19,91.950312739720317,92.312258996650186,91.303989060927307,91.553901672363281,1448500
2020-08-20,90.959269690131762,91.312589809822384,90.838623154164893,91.028205871582031,1221900
2020-08-21,90.864480838460324,91.22642046944172,90.70074342574533,91.10577392578125,1170200
2020-08-24,91.579755100389619,92.432907104492188,91.252286797894769,92.432907104492188,1225200
2020-08-25,92.837940632414686,92.906876831368066,91.967556195023491,92.312263488769531,1389300
2020-08-26,92.208845869664543,92.295021046182612,91.640077870105131,92.062347412109375,1545700
2020-08-27,92.312242391679732,93.174007141724289,92.312242391679732,92.829299926757812,1584200
2020-08-28,93.251580965011158,93.570436351501229,92.665580557924642,93.535964965820312,1188100
2020-08-31,93.501484907188697,93.501484907188697,92.751747131347656,92.751747131347656,1319900
2020-09-01,92.66558481336277,92.743147078392823,92.208850437919168,92.734527587890625,1395700
2020-09-02,92.975814619689345,94.647640631130017,92.760373394493158,94.354637145996094,2844000
2020-09-03,94.518384423478267,95.268122332140933,91.993412738258058,92.66558837890625,2561100
2020-09-04,93.294662614209173,93.682454158965001,91.502190184539401,92.656951904296875,1872700
2020-09-08,92.26054273064014,92.26054273064014,90.830016498606923,91.010986328125,1819200
2020-09-09,91.700393196903079,92.855154843723085,91.596979056619588,92.070945739746094,2396500
2020-09-10,92.277781733556765,92.501835860783842,90.580103926773589,90.735221862792969,3793700
2020-09-11,91.148867602602863,91.691783679704145,90.649048973735916,91.347076416015625,1877700
2020-09-14,91.984799071697552,92.915506898330833,91.872771982744581,92.467391967773438,1265600
2020-09-15,92.889640952239816,93.079230285448773,92.157142089632544,92.295021057128906,2051700
2020-09-16,92.708667519823408,93.794486536581758,92.51045870421207,92.872398376464844,2188400
2020-09-17,91.924475781531257,92.820712217391588,91.450508951580517,92.467391967773438,1759200
2020-09-18,92.579386215288849,92.665561374278866,91.381533753520984,91.769325256347656,1883100
2020-09-21,90.459449238064323,90.511153020506015,88.692828824214232,89.770034790039062,2224400
2020-09-22,89.847610473632812,90.433610869657684,89.321933357724717,89.847610473632812,1829500
2020-09-23,90.063042390566736,90.373278249029923,88.080980692023473,88.184394836425781,1603400
2020-09-24,87.977580547652934,89.123729508544912,87.227849249347258,88.313674926757812,2782000
2020-09-25,87.884948616486056,89.481755760550072,87.746099563656074,89.29083251953125,4190100
2020-09-28,90.271471731529985,91.095912359702922,90.245437949135521,90.644638061523438,2986400
2020-09-29,90.644644922851654,90.722752896950055,89.55985976761886,89.880958557128906,1909000
2020-09-30,90.202062145724398,91.495124265676736,90.158668088805101,90.696723937988281,2935600
2020-10-01,91.078561354105332,91.382306502274133,90.193379557651156,90.757469177246094,1823000
2020-10-02,89.481763571386054,91.417016692088865,89.481763571386054,90.844253540039062,1755000
2020-10-05,91.503794733513047,92.3716228121814,91.451720546511041,92.276161193847656,1741600
2020-10-06,92.545193209710973,93.265492161877191,91.260811257923905,91.408340454101562,1906900
2020-10-07,92.154686967816033,93.178724600788158,92.13732669449206,92.848945617675781,1327700
2020-10-08,93.352272209350971,94.029177095234189,93.317558289433464,94.003143310546875,1266900
2020-10-09,94.532516001213082,94.697405460335332,93.898998569587917,94.16802978515625,1108300
2020-10-12,94.428389457673504,95.070587127714674,94.246146320284765,94.853630065917969,1207300
2020-10-13,94.489138340262087,94.706095404745525,93.656024007166224,93.959762573242188,1609200
2020-10-14,93.933709991980379,94.411018086752762,93.430374735041951,93.543190002441406,1571800
2020-10-15,92.597257201467883,93.820898021426729,92.432374361936709,93.777503967285156,1591600
2020-10-16,94.011830898307522,94.523846360422041,93.846941420879034,94.037864685058594,1989100
2020-10-19,94.194071446611318,94.463096063675593,92.545196580500047,92.762153625488281,2270300
2020-10-20,93.187379980702417,93.881645116451466,92.831573898858224,92.979103088378906,1895200
2020-10-21,92.918346909748024,93.343580790578727,92.631962070799773,92.684036254882812,1408900
2020-10-22,92.71875962723071,94.020501897990428,92.71875962723071,93.88165283203125,2199500
2020-10-23,94.211430153723029,94.393673286774529,93.439063561788785,93.977119445800781,1089900
2020-10-26,92.944391983024161,92.987786038198209,91.312877471930022,92.163345336914062,1702200
2020-10-27,92.119957193417179,92.119957193417179,90.904996488934842,90.9310302734375,1554900
2020-10-28,89.247443170966335,90.011136175300337,88.171338126045043,88.301513671875,2325700
2020-10-29,88.127943812488169,89.62928267699516,87.372931002410624,88.848236083984375,1960300
2020-10-30,88.509788115082557,89.047843933105469,87.720067968713494,89.047843933105469,2007500
2020-11-02,90.210722758905888,90.844240145906838,89.386288763372889,90.670677185058594,2114000
2020-11-03,91.885647850761856,92.857617822748239,91.746798781051666,92.232780456542969,1933600
2020-11-04,92.467097465723256,94.202753867737741,91.903007810867805,92.5191650390625,2208100
2020-11-05,93.786193711458594,94.818911392609664,93.734126137956437,94.037864685058594,1362900
2020-11-06,94.211416911904649,94.411020289193914,93.569225968413875,93.768829345703125,1222300
2020-11-09,98.845624343453252,99.982477063671851,97.483134457808504,97.535202026367188,4467400
2020-11-10,98.168734279888412,99.175411609594804,97.630678379922031,98.975814819335938,5029100
2020-11-11,99.583285117932235,99.583285117932235,98.151367275695875,98.585281372070312,3302800
2020-11-12,97.89969031430067,98.064579779553711,96.632662024943642,97.326927185058594,2943300
2020-11-13,97.960443401164909,99.383681098690062,97.960443401164909,99.158050537109375,2866800
2020-11-16,100.94576968216188,100.94576968216188,99.869664634957161,100.83295440673828,4239000
2020-11-17,99.991167710205545,100.67675279264623,99.487825757881424,100.36433410644531,3227800
2020-11-18,100.65938959341163,100.97180827052726,99.158050537109375,99.158050537109375,1926600
2020-11-19,98.871679131070266,99.383694653339845,98.307589408176739,99.296913146972656,2643500
2020-11-20,99.175410208092316,99.427081192213436,98.663394724572939,98.828277587890625,1868100
2020-11-23,99.513852447827546,100.2428315373087,99.314255680936242,100.04322814941406,2383900
2020-11-24,101.16272059058032,102.3256136787473,101.06725897061874,102.14336395263672,3292200
2020-11-25,101.81360335051575,101.88303119500522,101.07595071057523,101.50986480712891,3537800
2020-11-27,101.6573995336327,101.89171686626344,101.15405756524461,101.50119018554688,1053500
2020-11-30,101.09329988043808,101.27554299839262,100.11265644925312,100.40771484375,2280900
2020-12-01,101.58796170275997,102.33429444571954,101.2321556021416,101.31025695800781,2644500
2020-12-02,101.04123141061501,102.08262253851645,101.04123141061501,101.95245361328125,1873800
2020-12-03,101.96979547894691,102.58595259753342,101.75283846728956,102.15203857421875,1525000
2020-12-04,102.42975585398177,103.41040590445516,102.42975585398177,103.40172576904297,1731700
2020-12-07,103.07196197736747,103.10667590311324,102.38638346215235,102.75086975097656,1959300
2020-12-08,102.18677990935555,103.37570703581153,102.15206598365563,103.21949768066406,1604400
2020-12-09,103.58398396900671,103.79226090220189,102.73350934186954,103.21949768066406,2074400
2020-12-10,102.87236997277139,103.08932705303597,102.55127111041816,102.88105010986328,1472500
2020-12-11,102.48182057039232,102.84631341651647,101.98715880172723,102.62935638427734,2891000
2020-12-14,103.54057960091838,103.54057960091838,101.49250453550471,101.50986480712891,1952100
2020-12-15,102.23016673087697,103.08931481283334,101.7875724858069,102.93310546875,1782800
2020-12-16,102.98517605499011,103.02857011556164,102.49051422109346,102.76821899414062,1853700
2020-12-17,103.15006982926423,103.28891891105957,102.8202974666215,103.21949768066406,2168400
2020-12-18,103.26285936118059,103.34096732977099,102.05657888330609,102.6640625,2293100
2020-12-21,101.55324689443597,102.49918301801372,100.73749293817083,102.16941070556641,1869800
2020-12-22,102.0826229559782,102.11733687651731,101.38836440820587,101.41439819335938,1596400
2020-12-23,101.97849353130235,102.72482631221727,101.96981339543021,102.27355194091797,3787000
2020-12-24,102.44742057104965,102.63963067827216,101.94068604575938,102.48236846923828,885400
2020-12-28,103.10266907689443,103.53076912504369,102.69203964339988,102.81435394287109,1998600
2020-12-29,103.29488368456744,103.34730219645388,102.38625837330088,102.70078277587891,2380200
2020-12-30,102.81434891604508,103.3909724902699,102.78813966252973,103.03276824951172,2419600
2020-12-31,103.05897799642334,104.06370826830587,102.72698300759106,103.93265533447266,2052300
2021-01-04,104.2209926380348,104.29088843970625,101.65237858446812,102.60469055175781,3921600
2021-01-05,102.55225335867365,103.81035097891279,102.28141549095041,103.37351226806641,2105800
2021-01-06,103.75792073223137,106.49252835323585,103.75792073223137,105.86347961425781,3288000
2021-01-07,106.58864600840539,107.13032841233712,106.26538296104826,106.64980316162109,3806400
2021-01-08,106.90318743667318,106.95560595759584,105.67129886994395,106.72845458984375,2767800
2021-01-11,105.99453190224202,107.09536718876956,105.92463611708462,106.91189575195312,2298300
2021-01-12,107.0691668079477,107.60211054908409,106.77211302922812,107.35747528076172,8483600
2021-01-13,107.39243254003006,107.76811411710194,107.02548960399615,107.43611907958984,2383700
2021-01-14,107.87293549978104,108.45829768127497,107.50599263964712,107.92535400390625,3060800
2021-01-15,107.09537246515623,107.32252377966564,106.11685142162976,106.876953125,2660900
2021-01-19,107.59335890332036,107.68946393785139,107.11283373066526,107.33125305175781,2422900
2021-01-20,107.54969426543948,107.80306152935721,107.04295973760405,107.60211944580078,2132600
2021-01-21,107.58463059149274,107.80304993355207,106.86821541616332,107.07789611816406,2450100
2021-01-22,106.28285766646596,106.71095772860045,105.85475760433147,106.43138122558594,1977300
2021-01-25,105.97707190779846,106.53622491382748,105.42665087656736,106.43138122558594,2747700
2021-01-26,106.79832976560296,106.92938271640563,106.00328675115871,106.10812377929688,1937200
2021-01-27,104.88495951403721,105.04222169013842,103.13760496430316,103.52201843261719,2299200
2021-01-28,104.24717034480899,105.81979207827949,104.02875102991746,104.85874176025391,2359300
2021-01-29,104.44812871960039,104.84128085656084,102.63087825166902,103.11139678955078,2299400
2021-02-01,103.93267746027841,104.27341116140472,103.13763437952716,103.85404968261719,2516200
2021-02-02,104.8500422915846,105.82855685964681,104.69278006948453,105.18203735351562,1930200
2021-02-03,105.07718879586143,105.75866283723261,104.89371732282582,105.58392333984375,1849100
2021-02-04,105.71498377113966,106.77213280897536,105.58393080523936,106.71097564697266,1560300
2021-02-05,107.57588919250475,107.63704634008774,107.03421350409239,107.27010345458984,1663900
2021-02-08,107.66324999634146,108.26608276367188,107.64577271866325,108.26608276367188,1975200
2021-02-09,108.01273998238878,108.37968957468057,107.65453569654167,108.22242736816406,1719600
2021-02-10,108.72043473850776,108.7641146159397,107.75065214006838,108.35348510742188,1684800
2021-02-11,108.59810893564072,108.65926609008437,107.47106423321074,108.22242736816406,1970600
2021-02-12,107.91664541474294,108.79032294346396,107.91664541474294,108.74664306640625,1920400
2021-02-16,109.22714590628732,109.36693749016216,108.66799290204716,108.91262817382812,2348700
2021-02-17,108.79032125816929,109.3756902592235,108.30106398266648,109.32326507568359,1957100
2021-02-18,108.79032294346396,108.98253306628348,108.27485640102122,108.74664306640625,1426100
2021-02-19,109.14851205246333,109.41061792479644,109.00872047638455,109.06987762451172,1722300
2021-02-22,108.72915281264899,110.14451263996409,108.72915281264899,109.84746551513672,1683900
2021-02-23,110.1445153657389,110.52019693419574,109.288308535664,110.18820190429688,3285600
2021-02-24,110.3542174636722,111.97052638460126,110.15327534489187,111.66473388671875,2850600
2021-02-25,111.90934644639664,111.91809175329961,109.37568705899213,109.74263000488281,4779300
2021-02-26,109.86491372418014,109.90860025274729,108.01271556236496,108.26608276367188,6604500
2021-03-01,109.78630104582804,111.28902051669527,109.78630104582804,110.62503051757812,2911200
2021-03-02,110.69492232193844,111.09681978591313,110.26682226847086,110.37166595458984,3604500
2021-03-03,110.3891365694616,111.42007615326172,110.26682226847086,110.37166595458984,5761900
2021-03-04,110.3716820932859,111.06188813015905,107.9690689265225,109.32326507568359,9681800
2021-03-05,110.58134405758501,112.0753315550501,109.09609520016481,111.7520751953125,4466000
2021-03-08,112.43355795427493,114.24206342041902,112.04913772692746,113.06260681152344,6346400
2021-03-09,113.25481713933719,113.91880723157252,112.58208174020712,112.6519775390625,6142000
2021-03-10,112.95776522706593,114.53913279997181,112.95776522706593,114.16344451904297,6059500
2021-03-11,114.28572917772864,114.88856866723481,113.80520398092965,114.10226440429688,5593200
2021-03-12,114.62649358145622,115.17691471206403,114.46049271151026,115.14196014404297,3838500
2021-03-15,115.25551952887716,115.50889343713008,114.33815560440023,115.41278839111328,4114300
2021-03-16,115.30791984193867,115.32539711970873,114.42551061777519,114.67887115478516,3179900
2021-03-17,114.87985195786854,115.19437637108776,114.11974351602051,115.16816711425781,2996500
2021-03-18,115.31670287207511,116.08553003913872,114.4604892875729,114.72259521484375,6661500
2021-03-19,114.60900099428324,114.83616566230307,113.42954444066122,114.22459411621094,3482200
2021-03-22,114.04108569430865,114.60023857810366,113.67414286412345,114.34687805175781,2762600
2021-03-23,113.8401788333418,114.18091251885703,112.65197692183165,112.95775604248047,2789600
2021-03-24,113.43828006584302,114.39933062009607,113.03639589316288,113.04512786865234,3911400
2021-03-25,112.89225510865431,114.60528354964029,112.18069604764067,114.38566589355469,3783800
2021-03-26,115.24657818412609,116.35344648766539,114.75463671588639,116.23046112060547,3329800
2021-03-29,115.56282235054567,116.49399914046627,115.28170529466072,116.05476379394531,4047000
2021-03-30,116.05476758659631,116.30951819796812,115.72094442292341,116.01084136962891,3321700
2021-03-31,115.97570609798498,116.15139755790919,115.39591221627582,115.4837646484375,3251500
2021-04-01,115.49255222255893,116.09869919341067,115.17630221187106,116.06355285644531,3429900
2021-04-05,116.95958330754033,117.34611254321025,116.6872595472452,117.00350952148438,3393500
2021-04-06,116.90689354244715,117.32855576553214,116.74876183104003,116.88932037353516,2759300
2021-04-07,117.02986320526257,117.30218696703831,116.45886263408106,116.85417175292969,2201100
2021-04-08,116.79270354936843,116.79270354936843,116.19534977109659,116.70486450195312,2584600
2021-04-09,116.89808512559119,117.40758626006709,116.65210103406876,117.38123321533203,2133600
2021-04-12,117.27585001470416,117.66237930552411,117.13529147178774,117.46033477783203,1898500
2021-04-13,117.03863146840017,117.26704239771824,116.43248462428262,117.08255767822266,2381600
2021-04-14,117.03864060203733,117.96981734359484,116.95958146082546,117.53937530517578,2426300
2021-04-15,117.96104105174581,118.2685111494558,117.52180571467366,118.21580505371094,3309300
2021-04-16,118.75165679862344,119.09427322255512,118.5584055864238,118.90100860595703,2444400
2021-04-19,118.6462321677712,118.92734918221637,118.29484930411175,118.61109924316406,2385200
2021-04-20,118.16308630100789,118.18065946783358,117.35489488421075,117.70629119873047,2734900
2021-04-21,117.71507583919114,119.03278191201791,117.52181120949128,118.93614959716797,2161000
2021-04-22,119.03279346859755,119.03279346859755,117.73266043708047,117.95227813720703,3915800
2021-04-23,117.97860792496327,119.22603460717711,117.78534331460921,118.85707855224609,5335400
2021-04-26,119.0327672117611,119.30509095514343,118.58475202791254,118.69894409179688,1857200
2021-04-27,118.81318554937049,119.08550937524149,118.40030316679133,118.92739105224609,2807700
2021-04-28,119.15578305655933,119.3578275945857,118.90981229607475,119.14700317382812,1795400
2021-04-29,119.57741975010973,120.22749285213477,119.28752282911469,120.19235992431641,2674600
2021-04-30,119.75311982078679,119.90245821574891,119.21725221326498,119.45442962646484,3212300
2021-05-03,120.32411832010671,121.0796035670446,120.15720676256035,120.62279510498047,2853500
2021-05-04,120.36804711323674,120.96540069580078,119.84095938382325,120.96540069580078,3076900
2021-05-05,121.31682226797004,121.7999704821644,121.31682226797004,121.58035278320312,2633000
2021-05-06,121.6857487592025,122.66963152153292,121.20258725827334,122.63449859619141,3270900
2021-05-07,122.36216377955998,123.64473675143519,122.1161930843068,123.52175140380859,2598200
2021-05-10,124.18064855954465,124.98884018942539,123.65356065099523,123.69748687744141,3721500
2021-05-11,122.67840280693856,123.13521123075832,121.42219639692968,122.02834320068359,4112600
2021-05-12,121.95806163886201,122.18645914424452,119.96392984220489,120.06056213378906,6327100
2021-05-13,120.05181778566664,122.32705384661955,119.97275863398876,121.77361297607422,4056500
2021-05-14,122.40608963271715,123.43389862153576,122.37973658718829,123.12644195556641,4060500
2021-05-17,123.09129878377897,123.53932737806123,122.7662689443176,123.23185729980469,3873400
2021-05-18,123.10888014918901,123.29336488931033,121.99321863607143,122.05471801757812,2720400
2021-05-19,120.89513389912122,121.34316253662109,119.74433942249844,121.34316253662109,3394000
2021-05-20,121.43979988886373,122.37975661011023,121.06205050048264,121.94052124023438,2609300
2021-05-21,122.38856165864047,123.09132759446234,122.08987139107506,122.37976837158203,2600200
2021-05-24,123.03860382620802,123.20551540354413,122.55544226139274,122.88048553466797,3195300
2021-05-25,123.13519403953984,123.18790011869977,121.9404737624682,122.11616516113281,2856200
2021-05-26,122.27434048552455,122.47638499594954,121.70332648037666,122.34461975097656,2287100
2021-05-27,123.08252346912592,123.33727406002481,122.51152290763626,122.76627349853516,2578900
2021-05-28,123.26702939578283,123.27580927822036,122.71358850100223,122.94198608398438,2267400
2021-06-01,123.86434517910915,123.93462443029156,122.89802223084685,123.06493377685547,3055000
2021-06-02,123.44270052576523,123.48662673951303,122.79262741373377,123.37242126464844,3188900
2021-06-03,122.93316413726353,123.82920780211663,122.67840018534051,123.61837005615234,3876900
2021-06-04,124.13670302364471,124.15427619237015,123.62718836580919,124.01371765136719,4316400
2021-06-07,124.2245495919976,124.23332947374524,123.6359758093141,123.83802032470703,2136000
2021-06-08,123.83800836964723,123.83800836964723,123.04739014789541,123.67109680175781,2091000
2021-06-09,123.78526973203972,123.78526973203972,123.22304920108337,123.26697540283203,2020100
2021-06-10,123.89070870281303,124.12789952006831,123.13522344419054,123.22307586669922,2877500
2021-06-11,123.53931637584232,123.60959562759622,122.82775738287948,123.31090545654297,1824300
2021-06-14,123.2670146931719,123.2670146931719,122.08985377131363,122.70478057861328,1931900
2021-06-15,122.71357507592968,123.10888421278233,122.36217875086128,122.85413360595703,2540700
2021-06-16,122.81019790943185,122.81019790943185,121.52762487963909,122.00200653076172,2524700
2021-06-17,122.10744297865983,122.20407530424345,119.77950068651047,120.49983978271484,2963300
2021-06-18,119.19966865532636,119.31387411391582,118.10158049010947,118.17185974121094,4127800
2021-06-21,118.97131414738583,120.45593219538154,118.9186080351687,120.42079925537109,2147100
2021-06-22,120.47348673068304,120.8512361504738,119.88491289463774,120.49983978271484,2192100
2021-06-23,120.59647028680965,120.78973493505779,120.09574890136719,120.09574890136719,2231400
2021-06-24,120.75109248139027,121.13088973696539,120.45961358691464,120.99840545654297,1932600
2021-06-25,121.2280841962843,121.89936053918719,120.9895989454628,121.76687622070312,1913000
2021-06-28,121.7756928898842,121.7756928898842,120.85710358470577,121.22807312011719,2521900
2021-06-29,121.5460621917653,121.82869990205583,120.78645397138074,120.93660736083984,2495000
2021-06-30,120.79528572387616,121.57256303835008,120.79528572387616,121.41358184814453,2967500
2021-07-01,121.8287081285708,122.37634147260415,121.68739600265862,122.23501586914062,2086800
2021-07-02,122.36748062363453,122.72079457577328,122.03184921603922,122.61480712890625,1741700
2021-07-06,122.42930719610106,122.42930719610106,120.53029369012486,121.3428955078125,2848300
2021-07-07,121.13974537435381,121.85520108572466,120.82176955070545,121.81103515625,2431900
2021-07-08,120.31832265833194,121.06910307022346,118.79910624377628,120.59213256835938,3471100
2021-07-09,121.51957361767499,122.46465995169741,121.42241394992021,122.34100341796875,2232700
2021-07-12,121.98767712749134,122.91510767339427,121.59021074426109,122.86211395263672,1804800
2021-07-13,122.49113940630636,122.78261836813873,121.91702275507711,121.97001647949219,2276100
2021-07-14,122.18201303784929,122.64131447612409,121.38706668573325,121.908203125,2230300
2021-07-15,121.26340899565822,122.13784593131527,121.12209688162848,121.92585754394531,2374500
2021-07-16,122.30563310771392,122.30563310771392,120.83941084248976,120.99840545654297,1838100
2021-07-19,119.36439165511415,119.74420248646442,117.92466587362443,118.79910278320312,4329300
2021-07-20,119.0640514271719,121.1838807316727,118.89622902403593,120.71575164794922,2666300
2021-07-21,121.40473454045942,122.08485215681951,121.34291301763589,121.87286376953125,2815800
2021-07-22,121.89053835245018,121.89053835245018,121.06026731161231,121.47540283203125,1722000
2021-07-23,121.88169174861625,122.14666035688822,121.4665562922585,122.05834197998047,1596200
2021-07-26,121.88170090182655,122.65896467371073,121.84636276637059,122.43814849853516,1717300
2021-07-27,121.93471808328422,122.61483580736893,121.45774750572527,122.53533172607422,1901900
2021-07-28,122.57064492016497,122.77379202534193,121.81103674694936,122.24382781982422,2360200
2021-07-29,122.97692369929274,123.54221249138901,122.80910127268561,123.20658111572266,1835500
2021-07-30,122.968107629054,123.42740902815524,122.49113716295486,122.64130401611328,2091800
2021-08-02,123.11825141915523,123.94852229527569,122.4558029725759,122.50879669189453,2381100
2021-08-03,122.70310983651851,123.84252865500349,121.92583271864022,123.79836273193359,2565900
2021-08-04,123.04759685900082,123.46273232480966,122.47348022460938,122.47348022460938,1975200
2021-08-05,122.87979258569864,123.09178098603309,122.63247952408398,123.04761505126953,1576300
2021-08-06,123.51574088447302,124.01920826722622,123.38325656140674,123.81604766845703,1612100
2021-08-09,123.72769869575235,123.92201797325124,123.33906014075457,123.73652648925781,1609100
2021-08-10,123.85139245840959,124.8053200683746,123.6394040525669,124.70816040039062,1756200
2021-08-11,124.95545602520043,125.48542022705078,124.68164612934591,125.48542022705078,1891900
2021-08-12,125.51193304562959,125.61792050845396,124.95547191069916,125.60909271240234,1435500
2021-08-13,125.6885662335916,125.77688461476265,125.36174913836545,125.58256530761719,1514200
2021-08-16,125.14976108830955,125.90052789833038,124.57563102206635,125.8475341796875,1984200
2021-08-17,125.33524386364329,125.75922058398446,124.35481959887063,125.37940979003906,2265000
2021-08-18,124.9466099916075,125.32640728137265,123.76302524391814,123.842529296875,1990600
2021-08-19,122.75612358532351,123.93086724743821,122.74729579028794,123.46273803710938,2104700
2021-08-20,123.38325094713944,124.28418473564726,123.10944104022776,124.05452728271484,1918500
2021-08-23,124.61097783603621,125.09677608669415,124.57563970277987,124.681640625,1507400
2021-08-24,124.86709723670663,125.18507299373188,124.77877887381143,124.95542907714844,1525300
2021-08-25,125.03494661221313,125.85638977732623,124.68164612934591,125.48542022705078,2089100
2021-08-26,125.51188030654279,125.56487401568745,124.64627146536154,124.74343109130859,1657400
2021-08-27,124.97314859090763,125.8475721675614,124.93781044944669,125.63559722900391,1445400
2021-08-30,125.7857486089023,125.83874234268751,125.23811524550081,125.31761932373047,1746600
2021-08-31,125.16744176193504,125.64439875150273,125.03494397549179,125.20276641845703,2510400
2021-09-01,125.40591144883295,125.40591144883295,124.60215085888868,124.91128540039062,1798400
2021-09-02,125.26457515883898,125.82102261711164,125.14974646349944,125.81219482421875,1980200
2021-09-03,125.60025706310222,125.72391360111833,125.15862464482299,125.31761932373047,1414300
2021-09-07,125.00843944917587,125.07027444123466,124.07218111693086,124.08100891113281,1925700
2021-09-08,123.89553843183766,124.33717076468903,123.53339668428772,124.00152587890625,2426500
2021-09-09,123.72774243065761,124.40786014230966,123.29493780005137,123.39209747314453,2016800
2021-09-10,123.98384052707031,124.04567551477135,122.55295626938886,122.59712219238281,2186200
2021-09-13,123.42739806933537,123.85136129679812,122.75610835850902,123.40972900390625,3678600
2021-09-14,123.71003477237899,123.83369127433113,121.80218004721931,122.03183746337891,2321600
2021-09-15,122.13784719852367,123.60406990189023,121.99652160547743,123.26842498779297,2561500
2021-09-16,123.33906960696828,123.66587319986783,122.12900140402813,122.74728393554688,1770400
2021-09-17,122.48230389642001,122.84444562717812,121.81985542785944,121.91701507568359,2326800
2021-09-20,120.11516509950124,120.63628801053308,118.78142684688368,120.09749603271484,4587000
2021-09-21,120.83058152591322,121.13971600218261,119.76182559298012,119.78832244873047,2780400
2021-09-22,120.79526519775391,121.61670830688492,120.54795218109155,120.79526519775391,2006600
2021-09-23,121.45772414165363,123.07410016124477,121.28991516966198,122.43814849853516,1987700
2021-09-24,122.21247322136027,123.03872047213471,122.20359379841227,122.59450531005859,1291800
2021-09-27,122.89657526781794,123.7050501617242,122.85215103784157,123.11868286132812,2104800
2021-09-28,122.8876803176491,123.10978788309623,121.51061070060285,121.76824951171875,3266000
2021-09-29,122.0614500245667,122.79884887071017,121.67053848623793,122.26578521728516,2706300
2021-09-30,122.55007997565821,122.71888390474177,120.22239688544259,120.26680755615234,2583300
2021-10-01,120.91537744854155,122.31020606477438,119.87590199747683,121.67942810058594,2412900
2021-10-04,121.6260975487275,122.60337626030692,120.71990844130292,121.20853424072266,2264400
2021-10-05,121.63500025646488,122.8254936502511,121.26186114302611,122.1947021484375,2267400
2021-10-06,121.28851232466002,122.46123330976049,120.49780987401492,122.41680908203125,2399000
2021-10-07,123.25192258852051,124.22032184659017,123.22527076600544,123.4029541015625,2310300
2021-10-08,123.43850885324498,123.86495160423269,123.22528069956583,123.52734375,1477500
2021-10-11,123.68727081298198,124.22033443002167,122.56785348484371,122.59450531005859,1320200
2021-10-12,122.63005374697971,122.92323742180929,121.94595850571066,122.23026275634766,2515800
2021-10-13,122.23025099990009,122.65669377846631,121.04863699004008,122.36351013183594,2312300
2021-10-14,123.36742443397235,124.37135494943857,123.17196869545026,124.30915832519531,2240600
2021-10-15,125.04657856759748,125.68624953891839,124.92219885408352,125.16207885742188,2162200
2021-10-18,124.72674441401877,125.29533933277972,124.22034613086507,124.71786499023438,3871700
2021-10-19,125.18871351582099,125.82838439941406,124.93995412290927,125.82838439941406,4317300
2021-10-20,125.91724753479984,127.13440650493565,125.88171628057334,127.09886169433594,3048000
2021-10-21,126.96557620051151,127.11660772328864,126.31701232718744,126.81454467773438,1723800
2021-10-22,126.90338475145244,127.48975202124643,126.70792899485444,127.29429626464844,2306000
2021-10-25,127.49863433837891,127.70298307896967,126.99223608942255,127.49863433837891,2620000
2021-10-26,127.60524930187286,127.99616080587849,127.40979354987005,127.54305267333984,1798100
2021-10-27,127.53417425469966,127.53417425469966,125.8372691018468,125.85504150390625,2495100
2021-10-28,126.05939034913651,127.01001739501953,126.05939034913651,127.01001739501953,1598300
2021-10-29,126.82342410035524,127.24986684445362,126.50358865318884,126.81454467773438,2145600
2021-11-01,127.2587838149845,127.54307451252269,126.86787224404313,127.27654266357422,1886400
2021-11-02,127.56970497964448,128.06722378430425,127.19656587614968,127.88066101074219,1690300
2021-11-03,127.50752404496892,128.60028954897948,127.46309981744292,128.56475830078125,2032600
2021-11-04,128.61809452147344,128.67139818545445,127.42758728160868,128.04949951171875,1495800
2021-11-05,128.67136556740775,129.34656773396148,128.31598530366557,128.71578979492188,2353000
2021-11-08,129.12443133446334,129.46203912057757,128.60914023431931,128.95562744140625,1629300
2021-11-09,128.8845989702389,129.0445099281518,128.34265590780385,128.89347839355469,2103800
2021-11-10,128.76913107376464,129.37325736410517,128.50259918716591,128.68028259277344,1916300
2021-11-11,128.84021059690539,129.0001215993212,128.53813388727229,128.76913452148438,2020500
2021-11-12,129.17776721016577,129.2843880702859,128.56476165723862,129.10670471191406,1320800
2021-11-15,129.43541728051034,129.45318968294004,128.94677788647601,129.17776489257812,1745700
2021-11-16,129.23998036594242,129.53316404510886,128.89349302808625,128.96456909179688,1617200
2021-11-17,128.76910181595869,128.81352604636061,128.1383102795439,128.38706970214844,4282000
2021-11-18,128.30710906002616,128.4492611690454,127.40979929003828,127.90731811523438,2732000
2021-11-19,127.41867319675727,127.48974924818972,126.61019836263003,126.6812744140625,1931900
2021-11-22,127.08106046342461,128.43147827606302,126.8856182749509,127.44532012939453,3114300
2021-11-23,127.66742806203906,128.64470678904536,127.4986241404316,128.5380859375,2962400
2021-11-24,128.28934528068388,128.59142192174764,128.17385854616779,128.47592163085938,2368600
2021-11-26,125.88173092764852,126.14826281266608,124.99330034850652,125.77512359619141,3275400
2021-11-29,126.65466340668844,126.7523913143568,125.41086599670484,126.050537109375,2889900
2021-11-30,124.96661676800989,125.20648320285055,122.89657241773656,122.95875549316406,5130200
2021-12-01,124.62901326232272,125.71289941600223,122.1947091283197,122.22137451171875,4430600
2021-12-02,122.69222111186866,125.20646675214597,122.4345687516565,124.60234069824219,4657000
2021-12-03,125.22425630456098,125.51743994959605,123.55401644911016,124.5401611328125,5961200
2021-12-06,125.65069850491722,126.98334403640249,125.5085599510677,126.21930694580078,4034800
2021-12-07,127.1077678852629,128.02285028589691,127.03669181304987,127.61416625976562,2562400
2021-12-08,127.78294682427251,128.02282682949374,126.93004767035936,127.42756652832031,2682900
2021-12-09,127.01000975871959,127.68521194951833,126.73458496079043,127.20545196533203,2231200
2021-12-10,127.93396806286307,128.3337590017853,127.41867684251201,128.27157592773438,2919600
2021-12-13,128.06724030975511,128.2626960877169,127.37426566293506,127.738525390625,2519500
2021-12-14,127.22323584174289,128.42262235400267,127.20546343722211,127.78295135498047,3054700
2021-12-15,127.86291279999112,129.09783062247487,127.33874207136544,128.98233032226562,4284400
2021-12-16,129.63975867487488,130.75029664346761,129.47095473462934,129.879638671875,3822700
2021-12-17,129.39100584285393,129.399885266761,127.94285992003223,127.96063232421875,4185000
2021-12-20,126.82343943784059,126.84121184160205,125.55299047452361,126.70793914794922,4162900
2021-12-21,127.427583151018,128.40486214690569,127.32097582651168,128.18275451660156,3041300
2021-12-22,128.10278115927278,129.00009098027681,127.76517327025032,128.92013549804688,2556600
2021-12-23,129.39094428170532,130.09279801486454,129.36429246629206,129.68412780761719,2283100
2021-12-27,129.9550076966583,131.03670568864663,129.72258292351501,131.02777099609375,2303300
2021-12-28,131.04567463327029,131.70721035539748,130.99203918242995,131.35856628417969,2223900
2021-12-29,131.37649259023243,131.90392621824029,131.2334555803713,131.62680053710938,2329600
2021-12-30,131.84130569077232,132.31510371831027,131.36750766323433,131.4569091796875,2288700
2021-12-31,131.35852643534417,131.99323059875221,131.30489100077463,131.510498046875,1963100
2022-01-03,131.72508614546371,132.08266489191485,131.10825121319388,132.05584716796875,2859700
2022-01-04,132.66374149597405,133.93317749358715,132.47601741741187,133.566650390625,3145900
2022-01-05,133.96891454588811,134.8807580308555,132.73524475097656,132.73524475097656,6116700
2022-01-06,133.13753818985316,133.5487660448656,132.52071686846767,132.96769714355469,3951400
2022-01-07,132.90515195126801,133.90638369316477,132.79788101913891,133.57562255859375,4447400
2022-01-10,133.59346811302345,133.72755674056472,132.2078265184893,133.45936584472656,5227000
2022-01-11,133.63820557141722,134.40701240889479,132.64590853282124,134.37124633789062,4536200
2022-01-12,134.53213609139274,134.74667790608493,133.79908184917764,134.38909912109375,4453700
2022-01-13,134.5231679133625,135.13106812709088,133.73649197426386,134.11195373535156,4510500
2022-01-14,133.20011900653782,133.99574333282587,132.71738632213768,133.92422485351562,3875400
2022-01-18,133.16437767704383,133.28058327993969,131.52842813356438,132.1094970703125,4762700
2022-01-19,132.42236962950292,132.7531306404681,130.85793879703951,130.94732666015625,4150500
2022-01-20,130.96520612449135,132.36873058069114,129.66896619816765,129.80305480957031,4332000
2022-01-21,129.75834609149675,130.25897537175325,127.99724301918819,128.29225158691406,6466700
2022-01-24,126.80833292713695,128.61412375077592,124.30524019603621,128.39958190917969,9886000
2022-01-25,126.94242981169697,129.14157931600252,125.1813259969923,128.28337097167969,5758200
2022-01-26,129.00741429383001,129.99077612268988,126.48645323191545,127.63965606689453,5951500
2022-01-27,128.57834181905187,129.92821727878314,126.78148610422029,127.42512512207031,4952300
2022-01-28,127.13015206923365,129.06109673710361,125.98586986945824,128.98957824707031,5122100
2022-01-31,128.32804534833056,130.20535440178969,128.05985444333467,130.09808349609375,5193800
2022-02-01,130.20534501417296,131.1887070480069,129.61534143462768,130.97415161132812,4624200
2022-02-02,130.89371063574998,132.38662321478131,130.6076503342756,132.145263671875,4422000
2022-02-03,131.81449258493808,132.11843592632397,130.86689649664277,131.00993347167969,4437800
2022-02-04,130.54505571559628,131.78766031248151,129.78518380523798,130.8489990234375,3097700
2022-02-07,131.00994682885278,131.85920678849143,130.41992947723759,131.09933471679688,3520200
2022-02-08,131.14400389177803,132.23463680359953,130.87581301103009,131.96644592285156,3814300
2022-02-09,132.7799791547248,133.45938436313207,132.66375990089242,133.24484252929688,4396600
2022-02-10,132.14523196183248,133.47722421854027,130.79534303708436,131.34959411621094,5989600
2022-02-11,131.38535052624547,132.20779239129567,129.63318228105015,130.0533447265625,5710100
2022-02-14,129.97291804997741,130.18747348312627,128.05984310352011,128.98062133789062,3683000
2022-02-15,129.80306605355503,130.63445643853134,129.68686046052457,130.28581237792969,3021300
2022-02-16,129.88352267746839,131.00097336815082,129.70473329511032,130.59869384765625,2660300
2022-02-17,129.8209488325044,129.86564958700896,128.54257818560026,128.81971740722656,3071100
2022-02-18,128.62304205132656,129.41866635654983,127.79165168701756,128.32803344726562,3371300
2022-02-22,128.18502948256025,128.61412681673974,126.49544423592278,127.38047027587891,5069900
2022-02-23,127.91682271299238,128.27441514788111,125.68192114777514,125.94117736816406,4340800
2022-02-24,123.67052125439987,125.77133437761952,122.83019600511201,125.56572723388672,6623000
2022-02-25,126.0841880270021,129.60639472224275,126.0841880270021,129.31138610839844,3866800
2022-02-28,127.21061062512879,128.93594823245729,127.09439136882413,128.59625244140625,5512400
2022-03-01,128.05985959631246,128.80184855233026,125.86965879210103,126.665283203125,5013200
2022-03-02,127.47878717184196,129.82989427699636,127.33575020188594,129.26670837402344,3328400
2022-03-03,129.73153123308091,130.40200154522665,128.65878146179838,129.59744262695312,3043800
2022-03-04,128.12239776722382,129.65106225361652,127.88995935728565,129.56166076660156,2931100
2022-03-07,129.17733035433366,129.17733035433366,126.86197525013843,126.98712921142578,4647400
2022-03-08,127.44299470670423,128.48892675640468,125.69083993038248,125.73552703857422,5250100
2022-03-09,127.58604390950687,128.50682213511024,127.20163380053634,127.61286163330078,3658300
2022-03-10,126.38816251379501,127.75592123274517,126.21830780582286,127.59500122070312,2278000
2022-03-11,127.86318743881671,128.62305942836809,126.58483028926733,126.68316650390625,2296400
2022-03-14,127.38042954552391,128.29225938399966,126.32554912038488,126.86193084716797,2784200
2022-03-15,127.38937245642578,128.52470612158913,126.88875675420552,128.34591674804688,5261500
2022-03-16,129.03424854646164,129.9192743058378,127.61285469959562,129.82093811035156,3060200
2022-03-17,129.33822012089075,131.46585083007812,129.30246769687179,131.46585083007812,2975600
2022-03-18,131.14405348078279,131.85029018849085,130.47358284576777,131.69831848144531,2949900
2022-03-21,132.18098477051092,132.91402520244037,131.58203294175357,132.19886779785156,2516900
2022-03-22,132.84256621951144,133.33423369465595,132.42240359690015,132.92301940917969,3613300
2022-03-23,132.64617102153434,132.84389661453133,131.64856051643196,131.67552185058594,3088700
2022-03-24,132.18781461175797,132.96972072973597,131.90020876241334,132.93377685546875,1523000
2022-03-25,133.21243014832839,134.32688260940819,133.06862717648465,134.31788635253906,4142600
2022-03-28,133.95835012669988,134.14707946777344,133.04162361436559,134.14707946777344,3101400
2022-03-29,134.73129725087438,135.09978717098747,133.84153191753393,134.99192810058594,4094300
2022-03-30,134.87509755642702,135.34243656838393,134.19204040789867,134.78521728515625,3862700
2022-03-31,134.27290726224859,134.92000673404081,132.7899789724427,132.81694030761719,2378200
2022-04-01,133.37418545977113,133.41912559840318,132.17886279774936,133.33824157714844,3106400
2022-04-04,133.19440955204723,133.23934968087198,132.07997115448393,132.98770141601562,4141700
2022-04-05,132.66413528217106,134.03921802859008,131.98109203542833,132.30464172363281,3991400
2022-04-06,131.72043966100392,133.01463833632198,131.60359809026568,132.77197265625,3694300
2022-04-07,132.62823265290143,133.92241809434924,131.97213681954432,133.48204040527344,3775500
2022-04-08,133.66174872570247,134.83012338829298,133.49098448167302,134.42568969726562,2961200
2022-04-11,134.12012778146976,134.56051913199136,133.02365438939785,133.20341491699219,2530600
2022-04-12,133.51800147533095,134.40776693756268,132.41254526865973,132.87989807128906,3168600
2022-04-13,132.69109911324691,133.66174819614722,132.4843909988831,133.54490661621094,3567700
2022-04-14,133.57189520968058,134.36279767134701,133.02365849671693,133.05961608886719,1629600
2022-04-18,132.79896966089598,133.77861518295097,132.47541990514819,133.00569152832031,2262600
2022-04-19,133.05962840556327,134.65939855925114,133.02367081008461,134.41673278808594,2245800
2022-04-20,135.04581179627701,136.13330244533134,135.03682925708824,135.53114318847656,2836600
2022-04-21,136.14229857850026,136.51078842903848,133.91340810890114,134.09315490722656,3378400
2022-04-22,133.57189404538858,133.58089030024934,130.47121686891469,130.58805847167969,2631700
2022-04-25,129.76121605685356,130.86667204765885,127.66713196773227,130.57008361816406,3043400
2022-04-26,129.90500192935767,130.76780585775023,128.26030551145854,128.29624938964844,2516600
2022-04-27,128.4849597219345,129.7342183061898,127.8198815775728,128.49394226074219,2923200
2022-04-28,129.14104984063505,130.78575965800076,127.97267517261669,130.37232971191406,3184500
2022-04-29,129.64436905122756,129.97690134599227,126.26508228883708,126.45381164550781,3629400
2022-05-02,126.69645635701244,127.46039733924069,124.22490033825137,126.50771331787109,5083900
2022-05-03,126.99307343525673,128.52992457282431,126.57066085035714,127.58625030517578,3082900
2022-05-04,127.81090170143437,131.19917026548416,127.53227842699475,130.99246215820312,2647100
2022-05-05,130.03080484627966,130.25549176124528,126.96608574863733,128.13446044921875,3062000
2022-05-06,127.52331181117415,128.44902085382981,126.27405304490475,128.07154846191406,3968200
2022-05-09,126.66051020494922,126.84027072085358,124.63832782524268,125.0517578125,3761600
2022-05-10,126.20219289752227,126.72346838476172,123.52392768925615,124.67432403564453,4226300
2022-05-11,124.69228202469324,126.93915165651758,123.9283408643514,124.03618621826172,6435800
2022-05-12,123.63171591343288,124.44957950917893,122.27461199359261,124.25185394287109,5034900
2022-05-13,125.1506413206363,126.23813228108695,124.73721126496464,125.90558624267578,3282200
2022-05-16,125.81569609441638,127.22672285935491,125.27644198617647,126.31899261474609,3999200
2022-05-17,127.74796804685505,128.37708854890178,127.09188621713476,128.32316589355469,3947100
2022-05-18,127.31658091171012,127.4064474382099,123.6317104802379,124.05412292480469,2664100
2022-05-19,122.71502162603726,124.09910095214605,121.93311540903252,122.95768737792969,3169500
2022-05-20,123.68565801032329,124.09908799951477,120.82764681625888,123.20034027099609,2913500
2022-05-23,124.43164583694357,125.95053200442574,124.11709229561365,125.41127777099609,2548300
2022-05-24,124.85401598972382,126.17517606986848,123.60475736383601,125.93251037597656,2291900
2022-05-25,125.70782520749256,127.18177075558235,125.42921563953051,126.80429840087891,3090200
2022-05-26,127.48734936229179,129.00622124877509,127.2536662152946,128.49394226074219,2807400
2022-05-27,128.88040225033404,130.5880309437336,128.70965172341431,130.5430908203125,2299400
2022-05-31,129.80613552966383,130.42627369325177,128.87144387075929,129.50056457519531,3880500
2022-06-01,130.04881311613252,130.12969713254105,127.37054832255259,128.48500061035156,3097100
2022-06-02,128.59283221403749,129.59044278447178,127.10090762873888,129.57246398925781,2534800
2022-06-03,128.63775005754195,129.29383197425207,128.34116170000993,128.5029296875,3142700
2022-06-06,129.47357355201873,129.85104588813022,128.51192077726327,128.74559020996094,2180300
2022-06-07,127.9637257088024,130.28249685162558,127.91878557268562,130.20159912109375,2326700
2022-06-08,129.55446274758614,129.7791496505225,128.24229891416593,128.5029296875,1830100
2022-06-09,128.06257305107218,128.48498559468931,125.73480593396846,125.75278472900391,1911200
2022-06-10,124.03616154695827,124.32376738525167,122.96666333453275,123.07450866699219,2622800
2022-06-13,120.43221011470654,120.9534855056356,118.39204868558492,119.00320434570312,4276800
2022-06-14,119.39862909871759,120.03673224146098,117.19668641633096,118.16733551025391,5357500
2022-06-15,119.02117836633833,120.1356307044763,116.9900130398884,118.77852630615234,3363700
2022-06-16,116.47770825100704,116.53163091919021,114.86894217660048,115.56098175048828,5583700
2022-06-17,115.77671100231125,116.4956983509054,114.2847861977496,115.04871368408203,4732800
2022-06-21,116.81923030696036,118.30217234307587,116.54960323550277,117.85279846191406,3435700
2022-06-22,116.29795434847759,118.71558801064158,116.18112646537469,117.57418823242188,2628400
2022-06-23,117.92242431640625,118.51037137699181,116.53850798586063,117.92242431640625,3346100
2022-06-24,118.86313450381526,120.97067056135093,118.6279501580081,120.96161651611328,3414900
2022-06-27,121.34150490816721,121.86612882342415,120.70834287316649,121.26010131835938,3083400
2022-06-28,122.15558349837467,122.98774129626734,120.00281875480394,120.15658569335938,3897600
2022-06-29,120.38272900647672,120.63599385055009,119.29730627446249,119.70433807373047,3680600
2022-06-30,118.3927653040824,119.93044840171721,117.96763928624442,119.28824615478516,3205900
2022-07-01,119.0349998638624,120.73549039775847,118.10334409739579,120.49127960205078,2198100
2022-07-05,119.08019607674642,119.17065370658024,116.88221645112931,119.16161346435547,2760100
2022-07-06,119.12544540724055,120.00283212052375,118.27519322720124,119.27017211914062,2860300
2022-07-07,120.1204225838149,120.80785375267513,119.87619798620851,120.49127960205078,3554300
2022-07-08,120.51839212988281,121.04301600581537,120.01184873795414,120.38270568847656,2027900
2022-07-11,119.65908578131551,120.23797871163937,119.44200955862917,119.69527435302734,2376400
2022-07-12,119.13449391493549,120.33749497122382,118.62795044683199,119.10734558105469,2946100
2022-07-13,117.83198772466102,119.1073522044569,117.38876734113541,118.28424835205078,2197800
2022-07-14,116.31237371040814,117.43398492769813,115.7968038215031,117.27116394042969,3471900
2022-07-15,118.80886185739668,119.68624850130138,118.15760550724274,119.63196563720703,2282500
2022-07-18,120.491282033122,120.73549283375696,118.40182634772998,118.71841430664062,2823900
2022-07-19,119.73145316319986,121.6399932294662,119.62291504819405,121.39578247070312,2165500
2022-07-20,121.25106166267368,121.60382435544594,120.51840174706186,121.19679260253906,2314700
2022-07-21,120.71740357762098,121.68523406982422,120.00282411149247,121.68523406982422,2962500
2022-07-22,122.01083928995833,122.41787098675854,120.7173808620539,121.44098663330078,2123400
2022-07-25,121.8028264423402,122.53548639603865,121.46814421761648,122.37266540527344,2285200
2022-07-26,122.10134838317106,122.44505712883242,121.62195314678179,121.84808349609375,1386200
2022-07-27,122.01084867638997,123.72039297598437,121.57668241986187,123.25003814697266,2234900
2022-07-28,123.43095221101655,124.661101427521,122.39979873555666,124.35355377197266,1863500
2022-07-29,124.18169050293054,125.59275495294537,124.18169050293054,125.32139587402344,2477100
2022-08-01,124.50732974951609,125.34854158906249,124.32642828138808,124.91437530517578,2306100
2022-08-02,124.80580958358233,125.33948748811508,123.8651137721866,123.93747711181641,1834700
2022-08-03,124.56163839110262,125.16766602579928,123.95559695450578,124.81490325927734,1967000
2022-08-04,124.74252921345864,124.80583852413029,123.92845180527333,124.05508422851562,1732600
2022-08-05,123.34050476461141,124.44402167353948,123.19577806792306,124.37165832519531,3598900
2022-08-08,124.82393712217427,125.40283019153446,124.29027287736868,124.51640319824219,1864900
2022-08-09,124.77870296531238,125.18573476511064,124.39880569870739,124.72443389892578,1986000
2022-08-10,126.11738550588379,126.59679444424792,125.94553806982299,126.47920227050781,1759800
2022-08-11,127.13046323527377,128.08925354282471,126.96764223483935,127.13950347900391,2833000
2022-08-12,127.60987051346571,129.02092157576908,127.32947111030288,128.97569274902344,1597900
2022-08-15,128.10736371887066,129.29228448370759,127.83600455242771,129.18374633789062,1845200
2022-08-16,128.91238496342027,130.21489789851634,128.8942906721272,129.73548889160156,2065800
2022-08-17,128.65006654535057,129.68122032265137,128.47820528215036,129.05709838867188,1877100
2022-08-18,129.21086555395436,129.61789735440721,128.84904877429716,129.50030517578125,1744500
2022-08-19,129.0027761790638,129.13846260554732,128.33343949523251,128.62287902832031,1696600
2022-08-22,127.51936922362052,127.51936922362052,126.27113960435805,126.51535034179688,2617200
2022-08-23,126.51536826255303,127.08522100108677,126.13547103749632,126.28923797607422,1548500
2022-08-24,126.25307866849091,126.92242936714359,125.98171953109664,126.66011047363281,1641800
2022-08-25,127.0128734584364,128.21588838843229,126.74151432051494,128.20684814453125,1496500
2022-08-26,128.21587469218022,128.38773592123525,124.74251674313319,124.76059722900391,2096600
2022-08-29,124.09127597030208,125.24906209856765,123.74755346907035,124.32644653320312,2742000
2022-08-30,124.36259478203391,124.48017312440368,122.5264182927525,122.95153045654297,2326600
2022-08-31,123.00584488447265,123.47618597847729,121.92946243129951,121.96563720703125,2030000
2022-09-01,121.41388560088789,122.57167171655074,120.68122558415273,122.51740264892578,3807800
2022-09-02,123.79277040951668,124.14553312095384,121.01588373592564,121.49529266357422,2826200
2022-09-06,121.82996203164672,122.13749592566482,120.69931053725827,121.14251708984375,2688300
2022-09-07,120.80782965407705,123.11436110005874,120.69023750055727,122.96059417724609,1820700
2022-09-08,122.44503782752847,123.95558666659281,122.01087148982052,123.86514282226562,2083700
2022-09-09,124.50736150152986,125.62897297299396,124.3897831083052,125.3033447265625,1536800
2022-09-12,126.00886055224825,126.8138839600954,125.8189188076224,126.39781188964844,2169700
2022-09-13,124.3987927839437,124.70632666280623,121.64000051321236,122.07418060302734,2282200
2022-09-14,122.30030236213548,122.75256290606455,121.29628340253707,122.25507354736328,1799000
2022-09-15,122.01087345433764,122.77066800803489,121.31438821249887,121.59478759765625,2713500
2022-09-16,120.7535558888745,120.95255161696286,119.89426368225411,120.76259613037109,2695600
2022-09-19,119.75860359451592,121.55860578479601,119.7043345298067,121.53147125244141,1825500
2022-09-20,120.63598877543953,120.69931188474331,119.15257455031701,119.96665191650391,2001800
2022-09-21,120.69930169710605,121.2872349103679,118.06714189849654,118.09427642822266,1855700
2022-09-22,118.28422932300828,118.40180768192279,117.34351964031131,117.515380859375,2903700
2022-09-23,116.4081289655101,116.4081289655101,113.99510612370376,115.41560363769531,4578800
2022-09-26,114.75998424326664,115.37006898543846,113.26663896088981,113.78566741943359,3508700
2022-09-27,114.54146576386471,115.21529070512702,112.62014800479564,113.27576446533203,5388000
2022-09-28,114.04973556099392,116.18048177696295,113.55802329258205,115.61592864990234,4114000
2022-09-29,114.88747684674237,114.98764085370361,113.08453861573999,113.81299591064453,3678100
2022-09-30,113.76746000423275,114.45949332398911,112.24679157012922,112.43801879882812,5167900
2022-10-03,113.60353991416736,115.96193000162359,113.34857957467459,115.44290161132812,3079900
2022-10-04,116.62667015220354,118.83026418861533,116.62667015220354,118.80294799804688,2745700
2022-10-05,117.67382030955125,119.15806474215316,117.08195102605711,118.45691680908203,2459700
2022-10-06,117.9105807507229,118.61171479908404,116.78146065163712,116.98178863525391,2816900
2022-10-07,116.17138007953314,116.35349264541753,114.0497346459494,114.69624328613281,2537100
2022-10-10,115.09690418520849,115.42471237552537,113.53981875477795,114.11347961425781,2645600
2022-10-11,113.53982876604297,115.38829864561453,113.30307684168332,113.9951171875,3914700
2022-10-12,114.10436328468286,114.68713181298224,113.49427856711146,113.53981018066406,2249500
2022-10-13,111.89166238893034,117.22764935356044,111.58206964557867,116.81787872314453,2815000
2022-10-14,117.42797489573054,118.26570377493827,114.76908570736664,115.01493835449219,2209100
2022-10-17,116.58113622515214,117.5372445589874,116.53561155749034,117.00000762939453,3248300
2022-10-18,118.88488722627193,119.33107479432024,117.41885823902433,118.57529449462891,3194400
2022-10-19,117.96521935082849,118.59351952401009,116.85431461737954,117.673828125,2637200
2022-10-20,117.72846375495313,118.67547137072975,116.41723793828797,116.69040679931641,2013400
2022-10-21,116.68129882002496,119.77725406984216,116.45365464300022,119.56782531738281,3818800
2022-10-24,120.26897639713316,121.51646207345809,120.05043297956527,121.15223693847656,3060900
2022-10-25,121.1522486996425,122.50899926931228,120.74249190943551,122.39973449707031,3464200
2022-10-26,122.90055827340011,124.19357573011044,122.70023025531681,123.16461944580078,2489200
2022-10-27,124.19356732460038,124.84008295634894,123.41957149854497,123.63811492919922,3513500
2022-10-28,123.8748290745212,126.269649872831,123.73824814827738,126.16038513183594,2237300
2022-10-31,125.55943825822075,126.38806650633977,125.3500094781829,125.63228607177734,3308100
2022-11-01,126.70675107822576,126.70675107822576,125.08592555080465,125.88723754882812,2135400
2022-11-02,125.61408328382309,127.39882015978648,123.91130889029509,123.95684051513672,5056800
2022-11-03,122.88233867800449,124.42121572185641,122.40883484275015,123.70186614990234,5104500
2022-11-04,125.35911203366938,126.06026009164624,123.61990693272024,125.34089660644531,6170000
2022-11-07,125.87814648930406,126.62481226788238,125.33179483137859,126.42448425292969,2577400
2022-11-08,126.67943858946445,127.8267742373141,125.97830446499985,127.17115783691406,5176900
2022-11-09,126.63393887126456,127.09832809828731,124.84920199545149,125.04953002929688,3103700
2022-11-10,128.44595126180945,129.58417217387611,127.38057815543087,129.4384765625,3494000
2022-11-11,129.90289253809692,129.91199330435342,128.45507872823487,129.51133728027344,2492500
2022-11-14,129.12892820181733,130.46747756612663,128.73738674272295,128.7738037109375,5054200
2022-11-15,130.10318593793946,130.34903161015765,128.10902100861637,129.26545715332031,7610600
2022-11-16,129.10159803420586,129.32014150275745,128.34581750322079,128.51882934570312,3005500
2022-11-17,127.1802434678708,128.57342467935152,127.1802434678708,128.52789306640625,2374300
2022-11-18,129.41112939820013,129.87553231152151,128.83747564394272,129.64788818359375,3798900
2022-11-21,129.37472816211059,129.9848128317285,128.93765527381501,129.78448486328125,2452000
2022-11-22,130.62224081943927,131.45086905246399,130.33996423098677,131.37802124023438,2469700
2022-11-23,131.12305782373332,131.88793899307328,131.01379305505594,131.75135803222656,2159500
2022-11-25,132.00635104904302,132.32505856219018,131.78780756337332,132.11561584472656,1201100
2022-11-28,131.10481929220862,131.64207006355451,130.09407867717366,130.3126220703125,2293200
2022-11-29,130.41281931087084,130.90452470294801,129.97574630743551,130.722412109375,1962700
2022-11-30,130.7133115173441,133.2629295136737,129.65703902118892,133.16276550292969,3095300
2022-12-01,133.70908551062257,133.94584435598208,132.4342836290655,132.98062133789062,3688500
2022-12-02,131.56921768814567,133.12629589040714,131.50547065700354,132.94418334960938,2268300
2022-12-05,132.26128922952253,132.27950465716992,130.3217560669342,130.722412109375,2281400
2022-12-06,130.56758318125455,131.0866185326434,128.85569466069774,129.57505798339844,2272500
2022-12-07,129.44760177639327,130.49475954315315,129.14710976379186,129.58418273925781,2636800
2022-12-08,130.00306866429261,130.59493809503641,129.79362597217019,130.230712890625,2240600
2022-12-09,129.88465665552255,130.51295678575954,129.12887634627347,129.17440795898438,3011500
2022-12-12,129.5568468931622,131.03197664552252,129.16530559614696,130.99555969238281,2239800
2022-12-13,133.81837431987759,133.81837431987759,130.68598786550248,131.37802124023438,2955500
2022-12-14,131.45085334534394,132.47069480609798,130.14872143556892,130.89540100097656,3524600
2022-12-15,129.41116968460861,129.71166169433346,127.77214256872649,128.48239135742188,2940000
2022-12-16,127.298638031753,127.5809146135893,126.22415019442549,127.17115783691406,2841600
2022-12-19,127.22576967495175,127.76300655970505,125.99648564914966,126.75226593017578,2736900
2022-12-20,126.72497845808996,127.59913834696742,126.47001805181323,127.04368591308594,3072100
2022-12-21,128.10903726866437,129.04693015169687,127.74479825458037,128.75553894042969,2700500
2022-12-22,128.29780253609835,128.29780253609835,125.90357015039368,127.77491760253906,2956300
2022-12-23,127.71071209511538,128.67391160859228,127.30708456586045,128.64639282226562,2441800
2022-12-27,128.88492260862429,129.29771849366566,128.25196238613029,128.94914245605469,2904200
2022-12-28,129.27016993563529,129.49033422239327,127.5455846827343,127.61897277832031,2920100
2022-12-29,128.16935876248036,129.32518961400115,128.10513893872283,129.04998779296875,2724800
2022-12-30,128.50877368512107,128.84819534912648,127.66483165089788,128.765625,2922100
2023-01-03,129.09587617626104,129.58206006642575,127.57311866986588,128.54548645019531,2782400
2023-01-04,129.21514545199432,130.33428952768432,128.6555734141493,129.66464233398438,2436100
2023-01-05,129.0958783081432,129.31604260061414,128.27945496991742,128.81150817871094,1852100
2023-01-06,130.10494955931657,131.8937407270279,129.5270270292296,131.54515075683594,2200200
2023-01-09,132.12308793105271,132.37077104244941,130.4810727790418,130.56362915039062,3034900
2023-01-10,130.66448819546287,131.24241057795649,130.02235999121717,131.22406005859375,1649900
2023-01-11,131.88456989600505,132.07720140405124,131.0131089848403,132.0496826171875,2463600
2023-01-12,132.56340852333742,132.89364802089983,131.40757728054436,132.33407592773438,2342000
2023-01-13,131.29748456818959,132.80190563441192,131.13235784279928,132.58174133300781,2615300
2023-01-17,132.69180743625583,132.7560272687918,131.66440209446409,131.82952880859375,2918200
2023-01-18,131.9946531058352,132.04969068292445,129.27934932485576,129.35273742675781,4896500
2023-01-19,128.65555490728855,129.14173877217715,128.09598294993694,128.47209167480469,3456700
2023-01-20,128.76562978311298,129.94899352529868,128.03177685468319,129.91229248046875,2815500
2023-01-23,130.05906414483792,131.51761568581853,129.84808213511448,130.82044982910156,3527500
2023-01-24,130.44435142694238,131.24243821783227,129.85726065979759,130.85714721679688,2349500
2023-01-25,130.0590607835494,131.27911149928289,129.67378382026723,131.26994323730469,1909300
2023-01-26,131.83866067805104,132.1138624607336,130.9304989944018,132.0679931640625,2078000
2023-01-27,131.93959056720161,132.36155457662093,131.37085038174664,131.6827392578125,2716700
2023-01-30,131.16905329393325,131.9854766304436,130.59113077575401,130.71038818359375,4166400
2023-01-31,130.84796566179176,132.37073699597266,130.60028261410051,132.35238647460938,1914900
2023-02-01,131.9762749047764,133.6274718579335,130.82044403623956,132.70097351074219,1954000
2023-02-02,132.84776950255147,133.05875153440758,131.88456996973684,132.71932983398438,5365800
2023-02-03,132.42577289978686,132.79269933836534,131.61851793809859,131.98545837402344,2576300
2023-02-06,131.46257410939813,131.79281350458353,131.03142784353534,131.62770080566406,1922300
2023-02-07,131.28829656427689,132.90280670925139,130.71955630721453,132.56338500976562,1926300
2023-02-08,131.85703421718651,132.42577440264148,131.50844429843846,131.6827392578125,1349300
2023-02-09,132.61841355114734,132.61841355114734,130.31590614123513,130.58193969726562,1826200
2023-02-10,130.78376806383548,131.97628607791404,130.59112257076347,131.8662109375,1675200
2023-02-13,131.87538881527121,132.9761962890625,131.82953350165366,132.9761962890625,1453100
2023-02-14,132.63677854871844,133.30643971466429,131.54515330291386,132.42579650878906,2194600
2023-02-15,131.63689331218609,132.39827911346458,131.38004195721854,132.37992858886719,1634200
2023-02-16,131.17820916482648,132.31570357005592,130.9213578470887,131.28828430175781,1562100
2023-02-17,130.77459671495239,131.72862800263084,130.52691363100817,131.54515075683594,1391500
2023-02-21,130.55446214003186,130.97642626254574,129.21515367010227,129.43531799316406,1881700
2023-02-22,129.49034906947492,129.9123131707909,128.66474339748126,129.10507202148438,1437200
2023-02-23,129.61877104582143,129.98569755798255,128.25194389292531,129.35273742675781,2171200
2023-02-24,128.25193669351179,129.01332246098747,127.76575279338309,128.71060180664062,1873800
2023-02-27,129.55457237093307,129.93984947084363,128.44461039205183,128.70146179199219,1941700
2023-02-28,128.77481433995101,128.80233312539059,128.00424635559929,128.06846618652344,1655700
2023-03-01,127.71986289870281,128.30695358899567,127.43549281396902,127.92167663574219,2159700
2023-03-02,127.63731736833363,128.88488694060635,127.14196524283958,128.572998046875,1886900
2023-03-03,129.14171072157009,130.25168613262525,128.63717644381776,130.12326049804688,2238100
2023-03-06,130.24253669169863,130.68286526178278,129.93064778589996,130.13246154785156,1818800
2023-03-07,130.09578260865851,130.09578260865851,127.71988662618803,127.97673797607422,1784600
2023-03-08,127.90333336153768,128.23357276837191,127.13277941137343,127.76573944091797,1836600
2023-03-09,127.94923370416809,128.27947319110854,124.95874179273839,125.32566833496094,2290100
2023-03-10,125.0137587696077,125.91273844802862,123.16993010321065,123.73867034912109,3735900
2023-03-13,122.07830196960558,124.38997794124201,121.7388942823361,122.70207977294922,4898900
2023-03-14,124.42666412262295,124.86697868646506,122.81216805697015,124.16064453125,3122300
2023-03-15,121.93152541000944,122.67456061357743,121.05089627887244,122.54613494873047,3459500
2023-03-16,121.72055190347446,124.11478439209533,121.2618867830287,123.85793304443359,5154800
2023-03-17,123.28917828171028,123.30752880571204,121.33527439465595,121.77558898925781,2657700
2023-03-20,122.39018416011741,123.79369813802785,122.39018416011741,123.47264099121094,2795200
2023-03-21,124.89450748489224,125.05046594449267,124.16065448543694,124.83946990966797,2421300
2023-03-22,124.92201629787046,125.33482607378841,122.50026519993048,122.51861572265625,2653200
2023-03-23,123.00965978295633,123.91420647139853,121.20979144431142,121.95742797851562,2254400
2023-03-24,121.28363400708821,123.09274167815381,120.81290348969227,123.00967407226562,3009500
2023-03-27,124.08959953626101,124.64339767889338,123.58194067582552,124.08036041259766,2171200
2023-03-28,123.96959077576639,124.61569558401055,123.74807717524183,124.16342926025391,2272800
2023-03-29,125.12337485792227,125.68641215806377,124.45880577959029,125.6402587890625,2324700
2023-03-30,126.36944201969045,126.48942387504657,125.56641285584034,126.11100006103516,2225600
2023-03-31,126.58170625001796,127.53240629011637,126.51710281480224,127.47702789306641,2012100
2023-04-03,127.81852987343736,128.76000481994947,127.68930892658487,128.51078796386719,1923200
2023-04-04,128.66772530895656,128.7138786748811,126.84016750738962,127.41242980957031,1928700
2023-04-05,127.34782681030966,128.18777018737518,127.25552007813742,128.14161682128906,1893700
2023-04-06,128.16931275819229,128.48313312961821,127.8924066311568,128.25238037109375,1756800
2023-04-10,127.8739281174375,128.66771808104693,127.68010370908434,128.65849304199219,1760400
2023-04-11,128.99999069682812,129.66455963231036,128.75078790904314,129.23074340820312,1954000
2023-04-12,129.76611506135339,129.8953360399355,128.79695067997233,129.01847839355469,2519500
2023-04-13,129.07382263817843,129.99683340776042,128.51078550537235,129.80300903320312,1913200
2023-04-14,129.94147638960058,130.48604945306647,129.01846546818899,129.60919189453125,2714600
2023-04-17,129.5999487408578,130.27374267578125,129.41534939918347,130.27374267578125,5161500
2023-04-18,130.52298481159755,130.52298481159755,129.82148745973859,130.34761047363281,1694600
2023-04-19,129.9691374563165,130.33835019537563,129.7014705440213,130.19989013671875,1340300
2023-04-20,129.39692261529532,129.75689636494585,129.03694886564477,129.45230102539062,2323700
2023-04-21,129.78459004702145,129.78459004702145,128.9446465741853,129.49845886230469,1347300
2023-04-24,129.47072584732817,129.97838459232267,129.45226168823015,129.88607788085938,1508400
2023-04-25,129.4245933677316,129.5538143342074,128.36313643482515,128.45542907714844,1830600
2023-04-26,127.86470247592007,127.99392344222302,126.5263394497761,126.80324554443359,1945500
2023-04-27,127.23705152091689,128.74154963181789,127.00629880802734,128.60310363769531,1825700
2023-04-28,128.28929869230251,129.80303610678263,128.28929869230251,129.73841857910156,1687000
2023-05-01,129.65532071141664,130.50448890826962,129.54456392870469,129.83992004394531,1441300
2023-05-02,129.44305754579935,129.44305754579935,126.86784917095943,127.93854522705078,2012000
2023-05-03,128.0677595620227,128.50157580221631,126.79400004111136,126.88630676269531,1958400
2023-05-04,126.38790121099952,126.70173568401741,125.2341373538158,125.76948547363281,2435000
2023-05-05,127.03398176114888,128.10466359245453,126.89552168980588,127.74468994140625,1938800
2023-05-08,128.04006978961559,128.13237651078666,127.35703667142323,127.62471771240234,1552200
2023-05-09,127.16320250308203,127.54162622913658,126.85860724745727,127.13551330566406,2804300
2023-05-10,127.92005691757424,127.92005691757424,125.88021103986962,126.91397857666016,2179200
2023-05-11,126.38788714895476,126.43404051491333,125.66793970889671,126.378662109375,1977800
2023-05-12,126.80324783948738,126.86785128179363,125.6125558361182,126.35096740722656,2188600
2023-05-15,126.60016882704116,126.9970567236207,126.00020333710532,126.76630401611328,1823600
2023-05-16,126.49867764901937,126.50790269002884,125.14185016692757,125.18800354003906,2687700
2023-05-17,125.83407003366723,126.89552687049638,125.33563629092669,126.6370849609375,2915400
2023-05-18,126.26789473925908,127.15397732183425,125.87099272604182,127.04322052001953,3755200
2023-05-19,127.52319013459784,127.93854222543175,126.62786842918563,127.04322052001953,1676700
2023-05-22,127.11704080623535,127.60623537389418,126.32325100293544,126.83090972900391,1728600
2023-05-23,126.5355608281902,127.30166156483382,126.06483033971075,126.12020874023438,1663100
2023-05-24,125.80639351283459,125.93561448063589,124.78185080954245,124.91107177734375,1430900
2023-05-25,124.59723830559895,124.76337349639064,123.57269571030038,124.36648559570312,2397800
2023-05-26,124.67109479037778,125.52026316757522,124.52340965937928,125.30796051025391,2362000
2023-05-30,125.23410847683211,125.52947871649859,124.56031448313175,124.92952728271484,2676100
2023-05-31,124.36648347046491,124.76337136437022,123.8218963805559,124.39417266845703,2906400
2023-06-01,124.60648471522889,125.53872075284754,123.98806903672582,125.21567535400391,2747900
2023-06-02,126.03717133690905,127.96626119882863,125.89871121839747,127.68013000488281,2501200
2023-06-05,127.91087881822796,128.07701405445124,127.16324208716011,127.32015228271484,1865300
2023-06-06,127.20934956508978,127.84621515821442,127.10781781823921,127.73545837402344,1425300
2023-06-07,127.8001097464072,128.99078774399385,127.47705026155793,128.83387756347656,2234000
2023-06-08,128.76001696318227,129.22152240032631,128.25235816551819,129.07383728027344,1816900
2023-06-09,129.07382422062648,129.54456873266167,128.80615729113782,129.05537414550781,1381300
2023-06-12,129.0461075682671,129.54454117096114,128.81535492213717,129.42454528808594,1498500
2023-06-13,129.66457728472531,130.66143082365934,129.53535631212441,130.34761047363281,2719500
2023-06-14,130.47682831429429,130.67989184979709,129.25844710127745,129.87687683105469,1823000
2023-06-15,129.83993124924143,131.76902049609686,129.83993124924143,131.4552001953125,2612300
2023-06-16,131.9905514040486,132.21207907805368,131.30751830555386,131.41828918457031,2820700
2023-06-20,130.78142882059967,130.89218563199691,129.99686384912278,130.31068420410156,2222800
2023-06-21,129.92299955689117,130.8183211900664,129.47995830134934,130.30143737792969,2702000
2023-06-22,130.14451528042949,130.30142541728017,129.5168747330267,129.83992004394531,3023200
2023-06-23,129.30201522708072,129.61790379672573,128.66093807425122,128.90251159667969,1449400
2023-06-26,128.88391497413701,129.69222218091906,128.60518395139704,129.40420532226562,1487700
2023-06-27,129.38560875883988,130.3611601692175,129.15333528859983,130.2218017578125,1721200
2023-06-28,130.1381554840244,130.1381554840244,129.34842020396806,129.92445373535156,1916200
2023-06-29,129.90592328201942,130.91863228810152,129.61789224810602,130.90933227539062,1375700
2023-06-30,131.57825573817917,132.28437607960532,131.39243981874711,132.02423095703125,1560300
2023-07-03,131.86631419875829,132.65604982689365,131.58759731998148,132.53526306152344,1359600
2023-07-05,131.93130257361554,132.35869190427121,131.64328580108094,131.96846008300781,1961600
2023-07-06,130.88144951595461,131.08585130241701,129.98952733579813,130.67704772949219,1562400
2023-07-07,130.23106646622432,131.60612121745973,130.0824080669434,130.47262573242188,2510200
2023-07-10,130.53768346382952,131.60613570044598,130.44476840984251,131.24378967285156,1976500
2023-07-11,131.61544777323192,132.61887090548893,131.41104597720653,132.50736999511719,1700600
2023-07-12,133.26923208575047,133.42717634847858,132.58169749195056,132.84184265136719,2065800
2023-07-13,133.09269477852072,133.29709656084492,132.78609210503441,133.12985229492188,2070600
2023-07-14,133.43644673469183,133.43644673469183,132.47019542256592,132.70246887207031,1917700
2023-07-17,132.36801522439174,133.10199320172049,132.06141252190804,132.74894714355469,1968900
2023-07-18,132.97190219710558,134.25405619773016,132.77680043509105,133.69659423828125,2169100
2023-07-19,134.02178357848163,134.84867651147604,133.82666763840584,134.44917297363281,4047900
2023-07-20,134.71861184526512,135.7870641305403,134.56995342285455,135.62911987304688,2824000
2023-07-21,135.89855120413608,136.33522641499306,135.50833351765991,136.04719543457031,2192000
2023-07-24,136.14941428273997,137.01347898433178,136.12154259980292,136.74403381347656,2269000
2023-07-25,136.23302271124368,136.89267134251631,136.1493934983514,136.55819702148438,2214700
2023-07-26,136.3166828788286,137.14357603280672,136.19589611331875,136.7161865234375,1667000
2023-07-27,137.09710107439443,137.25504534476556,135.68487430004564,135.86140441894531,2051800
2023-07-28,136.69757548330031,136.71614715199172,135.82422504202924,136.30735778808594,2002300
2023-07-31,136.53964673404499,136.87412110745154,136.11225729925133,136.58609008789062,1837100
2023-08-01,136.36313296803175,136.78122244069024,135.85212842284932,136.27021789550781,1518800
2023-08-02,135.64772217636246,136.01006826441716,135.26679023903984,135.45260620117188,2677700
2023-08-03,135.06238577813949,135.50836109072674,134.53280958760936,135.07168579101562,2005200
2023-08-04,135.44330962359925,135.96359994704684,134.28194223131507,134.46775817871094,1781300
2023-08-07,135.03450528280305,135.96359919146718,134.91373271493333,135.83352661132812,1461600
2023-08-08,134.83008869887124,135.34109312795263,133.98462410913262,135.22030639648438,1483400
2023-08-09,135.2388907948185,135.66628017916173,134.62568548648329,134.80221557617188,2667700
2023-08-10,135.34111056506021,136.1865894405752,134.36555910691581,134.58854675292969,2117100
2023-08-11,134.40275526476748,135.27610598288101,134.23551095560597,135.15531921386719,1946000
2023-08-14,134.96949466321067,135.12743894820696,134.60714855601924,135.02523803710938,1424100
2023-08-15,134.27267924482459,134.34700847180105,133.10201164100866,133.287841796875,1818800
2023-08-16,133.20417380662516,133.89170832351425,132.45161009558038,132.54452514648438,1770000
2023-08-17,132.87902754019052,133.27853115437284,131.85701847182989,131.98709106445312,1820500
2023-08-18,131.40171074655905,132.5352061564102,131.31809571882681,132.30293273925781,2434500
2023-08-21,132.32156793738292,132.52596975486534,131.28098717699936,132.08929443359375,2194400
2023-08-22,132.24722614492796,132.43304209492769,131.17877379979348,131.299560546875,1712200
2023-08-23,131.52253742092066,132.17290035118,131.32743563026716,132.11715698242188,2165900
2023-08-24,131.93134322744481,133.01838146689977,131.14160768527339,131.16947937011719,1941900
2023-08-25,131.68977914157909,132.34014205918345,130.85358609593203,131.87559509277344,1932100
2023-08-28,132.41448134420176,132.98122925339305,132.12646447142168,132.56312561035156,1830600
2023-08-29,132.6746376200644,133.71521845433253,132.5259791646402,133.7059326171875,2911600
2023-08-30,133.8080933342861,134.29121190399937,133.5851057181402,133.89170837402344,1966100
2023-08-31,134.15185084053383,134.20759419925179,133.32495794024308,133.33424377441406,2170800
2023-09-01,134.05895061071004,134.33768161195769,133.36213019601468,133.80810546875,1703600
2023-09-05,133.72448075891054,133.9753400861868,132.48879832409531,132.50736999511719,2156500
2023-09-06,132.19149232510642,132.43305165986777,131.47608598024686,132.14503479003906,2214300
2023-09-07,131.94060670598554,132.54452618791393,131.79196247095609,132.2286376953125,1663700
2023-09-08,132.26580328440704,132.73963605223568,132.09855901662516,132.51666259765625,1471800
2023-09-11,133.00905809296719,133.24133151901239,132.60954042821012,132.8232421875,1872600
2023-09-12,132.55382088651953,133.56652980355915,132.55382088651953,132.95333862304688,1795900
2023-09-13,133.04623152954952,133.41787756181645,132.46091206610478,132.80467224121094,1691900
2023-09-14,133.66873128544611,134.43059506797988,133.61298792123097,134.28193664550781,1726800
2023-09-15,133.78951949857023,134.33768148851678,133.25992917900152,133.35284423828125,2326300
2023-09-18,133.42714841058225,133.78020855737063,132.93472987787476,133.39927673339844,1782200
2023-09-19,133.3992562996612,133.5572005051244,132.45157689003929,133.05549621582031,1704900
2023-09-20,133.50153550681887,134.04969763162583,132.70251400171762,132.72109985351562,1655000
2023-09-21,132.12924959196155,132.3442875293668,130.9979357593935,131.05403137207031,2739200
2023-09-22,131.1101299187751,131.36257444790252,130.49306389908887,130.60525512695312,2624300
2023-09-25,130.20320805023985,131.02598173515796,130.1003613396251,131.00727844238281,2488300
2023-09-26,130.17515282118461,130.4836929354347,129.2214989405187,129.38978576660156,2940900
2023-09-27,129.67963337516571,129.87598228835841,128.34264036864326,129.24955749511719,2452400
2023-09-28,129.27758472313377,130.19384621717114,129.23083363063148,129.80116271972656,2375900
2023-09-29,130.40888455306535,130.40888455306535,128.56700278055717,128.95968627929688,5163800
2023-10-02,128.54828919579725,128.69787269071549,126.88405333349964,127.71617126464844,3350400
2023-10-03,127.12713464924721,127.61332022378453,126.18282556258978,126.62224578857422,3440300
2023-10-04,126.67837030668929,126.83731259116797,125.52835347230933,126.77185821533203,2463800
2023-10-05,126.48204137331039,126.84667708725327,125.73406665417777,126.36985015869141,3308100
2023-10-06,125.79951205095139,127.84708717001936,124.98608300379622,127.2113037109375,2972000
2023-10-09,127.15522274163251,128.45482334458458,126.96823262029883,128.32392883300781,1922500
2023-10-10,128.73532457205314,129.73572963698319,128.52028663095408,129.09996032714844,1530600
2023-10-11,129.23083074767658,129.38977304549431,128.23977038103075,129.01579284667969,1982400
2023-10-12,129.24954311667511,129.24954311667511,127.40766126194846,128.0621337890625,2449100
2023-10-13,128.68854495589829,129.46456739430866,127.9125225174879,128.3800048828125,1985300
2023-10-16,129.19345196592272,130.08168009547626,128.97841401865705,129.66093444824219,2937200
2023-10-17,128.88489847961156,130.61457473390018,128.88489847961156,129.97880554199219,2575000
2023-10-18,129.74508116909766,129.80117677960445,128.38938493826632,128.64181518554688,2523300
2023-10-19,128.54832303156573,129.15604448065662,127.28611477092282,127.46376037597656,2771200
2023-10-20,127.40765679559507,127.68814908779143,126.16415190445467,126.19219970703125,3072300
2023-10-23,125.76210702729911,126.44464158638748,125.15438562877802,125.21982574462891,2943200
2023-10-24,125.85560879347287,126.53812908386352,125.59381979807837,126.06130218505859,2999400
2023-10-25,125.88365673331178,126.16414901909332,125.17308864023815,125.40682983398438,3487500
2023-10-26,125.17309449462822,125.83691152671351,124.85519561377808,124.97674560546875,3388900
2023-10-27,124.85518896048231,124.89259554043886,122.87306821569094,123.24706268310547,5854600
2023-10-30,123.9389481688726,124.78042516118802,123.55560912569888,124.50927734375,5051000
2023-10-31,124.73365245291538,125.57511503302406,124.34096896443599,125.55641174316406,2636900
2023-11-01,125.73405666604428,126.46332803599775,125.34137317964087,126.08934783935547,4182300
2023-11-02,126.85601651605234,128.54831477851508,126.77187310846004,128.46415710449219,3523200
2023-11-03,129.4645910036827,130.12840809429781,129.43654319796275,129.5767822265625,2398200
2023-11-06,129.71702496284234,129.84791946769158,128.8194524535682,129.17474365234375,2967900
2023-11-07,128.81007015481228,128.97835692606679,128.43607577464633,128.71656799316406,2427600
2023-11-08,128.79139164692688,128.89423833795547,127.85642691627768,128.3800048828125,1948800
2023-11-09,128.67922220584774,128.69791123179195,127.25807158032548,127.33287048339844,2108700
2023-11-10,127.94059944177701,128.81946877127689,127.29547134814696,128.67922973632812,1644400
2023-11-13,128.4454735835937,128.89425270974419,128.18368457113667,128.60441589355469,2233400
2023-11-14,130.0442327610069,131.33448857319217,129.875945967989,130.91375732421875,2305400
2023-11-15,131.08209544229976,131.9329170506162,131.0727509278384,131.52153015136719,1766300
2023-11-16,131.26905339929723,131.61500007959532,130.75483416779636,131.20361328125,2579600
2023-11-17,131.67108606879,131.90482725383015,131.32515368018809,131.81132507324219,1831600
2023-11-20,131.56824082733294,132.55930118020146,131.3438441513056,132.20401000976562,2175400
2023-11-21,132.0076919453075,132.31623206360186,131.70849633977414,132.12924194335938,2959100
2023-11-22,132.22272300754659,132.66215761384603,132.11987630678649,132.55931091308594,2719900
2023-11-24,132.66215145349096,133.1857294452544,132.66215145349096,133.06419372558594,952400
2023-11-27,132.75565765064016,132.88655215253777,132.39102194775177,132.58735656738281,3961000
2023-11-28,132.45645110989796,133.12028234303523,132.26946101785757,132.53125,5291100
2023-11-29,132.92394814660142,133.45688494749805,132.52192011765649,132.68086242675781,2156700
2023-11-30,132.99874487241934,134.036556387248,132.73695586565452,133.94305419921875,2473800
2023-12-01,133.84956542395227,135.2146060553155,133.7093121428029,135.13046264648438,2535200
2023-12-04,134.37314739588092,135.45771002978333,134.37314739588092,135.149169921875,2835900
2023-12-05,134.75647803116266,134.92476484333204,134.09264676149044,134.22354125976562,1977800
2023-12-06,134.59754098256167,134.92477010780223,133.81215969583636,133.94305419921875,2017900
2023-12-07,134.31707182782512,134.53210977762649,133.9337327638589,134.25161743164062,2046800
2023-12-08,134.37315905220692,135.03697615427063,134.14876233614501,134.7845458984375,1939300
2023-12-11,135.26136546584121,136.07478033408483,135.15851875991362,136.05609130859375,2958300
2023-12-12,135.88778775142009,136.30851908025102,135.35486520594932,136.158935546875,1860200
2023-12-13,135.99998635437129,138.34674287110045,135.7475418632711,138.31869506835938,2808400
2023-12-14,139.2443065811747,140.19797471125952,139.07601975809393,139.69309997558594,3021100
2023-12-15,138.83293120499576,139.39390153692415,138.56178341809738,138.90773010253906,2377300
2023-12-18,139.50609131808363,139.68372263002561,139.20689576157832,139.25364685058594,2565100
2023-12-19,139.47804064576943,140.24471862212368,139.30975383130954,140.19796752929688,2267500
2023-12-20,139.85202692640738,140.19795931347869,137.94469087571827,137.96339416503906,2639100
2023-12-21,138.82114425101426,139.31075078196321,138.17147708561879,139.29191589355469,3323100
2023-12-22,139.61204707422516,140.40294004180817,139.36725097477654,139.82859802246094,2113900
2023-12-26,140.02632137235005,140.9396195269149,139.85683610682543,140.57241821289062,2242300
2023-12-27,140.57243297762082,140.93020970142106,140.26172193053299,140.84547424316406,2183300
2023-12-28,140.73249629223903,141.19385774060126,140.73249629223903,141.06204223632812,2425200
2023-12-29,141.01497822157557,141.05263364130013,140.25233026253008,140.76075744628906,2533600
2024-01-02,140.15811755365121,141.9093884331798,140.10162726186135,141.62692260742188,3190300
2024-01-03,141.28796382042822,141.44802443307822,140.54415104790081,140.74186706542969,2862600
2024-01-04,140.86432377999711,141.57989166880941,140.52536754491473,140.60069274902344,2678200
2024-01-05,140.58182688057875,141.5045352856776,140.28054049734283,140.87370300292969,2608400
2024-01-08,140.69480776160808,141.85291635926814,140.30878592919859,141.81524658203125,3187300
2024-01-09,141.13733362492502,141.26914911104001,140.76072205511377,141.02435302734375,2727400
2024-01-10,141.01494050585734,141.27857147386101,140.53474424021405,141.08084106445312,2336900
2024-01-11,140.98669287374398,140.996103134289,139.79092891126726,140.61949157714844,2835600
2024-01-12,141.0525922980363,141.45746336717937,140.23345426609066,140.64773559570312,1779000
2024-01-16,140.1016570466083,140.32761826180564,139.34841947338981,139.74386596679688,3003100
2024-01-17,138.78350691824477,139.67798474162601,138.37865010708376,138.84001159667969,3062300
2024-01-18,138.70817356789357,139.43315160511779,138.09616176876327,139.28250122070312,2360200
2024-01-19,139.68737848160225,140.81722768082219,138.96238604565454,140.478271484375,2051500
2024-01-22,140.72307556767277,141.35390788885147,140.55359029374384,140.92079162597656,2346100
2024-01-23,141.04320874063635,141.50455582675053,140.87372345242977,141.42924499511719,1928000
2024-01-24,141.95646852546065,142.04120396318132,140.87368525406436,140.95843505859375,2780100
2024-01-25,141.76817242937301,142.19186401367188,141.19383047876042,142.19186401367188,2132300
2024-01-26,142.14479143037516,142.49315784978049,141.92824049670244,142.26719665527344,1769600
2024-01-29,142.22008754947905,142.79442941281357,141.81521654738708,142.75675964355469,2220300
2024-01-30,142.5873181039108,143.51002650519436,142.45550261801316,143.33113098144531,2195800
2024-01-31,143.40649733213399,143.54773748622986,141.98477172851562,141.98477172851562,2632700
2024-02-01,142.22013932086074,143.4159035109852,141.64579724845254,143.40647888183594,2434600
2024-02-02,143.19934157882463,143.99023463826902,142.46493882836725,143.32174682617188,2582900
2024-02-05,142.76621674078703,142.89803222955902,141.91881914141501,142.30485534667969,2560200
2024-02-06,142.62498365910469,143.19932568139996,142.40843270975739,143.07693481445312,1798900
2024-02-07,143.51942556706663,143.7736462581787,143.11456888011898,143.49118041992188,1805900
2024-02-08,143.49119984973959,143.60419482042832,142.93569272492709,143.52886962890625,1982600
2024-02-09,143.43469012563239,143.51942556706663,142.86977281592803,143.49118041992188,2089300
2024-02-12,143.5665060632561,144.6304544984967,143.39703517984222,144.31033325195312,1793700
2024-02-13,143.24640387643981,143.58536005517695,141.45747726837851,142.43667602539062,8312600
2024-02-14,143.02985768628974,143.35938924777986,142.42727050036393,143.26524353027344,5013700
2024-02-15,143.69834182914167,145.19540667805967,143.60419611399951,144.98826599121094,2609500
2024-02-16,144.72464240294178,145.37429528112278,144.43275188068336,144.639892578125,2154800
2024-02-20,144.41393248934224,145.14833519809957,144.3009375109711,144.61164855957031,2091200
2024-02-21,144.55512855184307,145.30836599669553,142.88859303971356,145.28012084960938,1899500
2024-02-22,145.63790406044663,146.79601261037158,145.37427309789703,146.4476318359375,3554500
2024-02-23,146.65476064176755,147.34209750772459,146.54178005747161,146.90898132324219,1940300
2024-02-26,146.95609867094382,147.32330002995468,146.2311062150666,146.31584167480469,2737700
2024-02-27,146.5700445161354,146.59828966593105,146.18400831318041,146.52296447753906,1704800
2024-02-28,146.2593431985365,146.89017553048151,146.07103739847719,146.54180908203125,1745400
2024-02-29,147.0690542748807,147.22911490499413,146.33465168174388,146.72068786621094,1815000
2024-03-01,146.99371861144996,147.73754577891637,146.56061678832558,147.671630859375,2178800
2024-03-04,147.49277503005456,148.32133785969489,147.35154925991714,147.96354675292969,2105500
2024-03-05,147.85053678391481,148.53785934015013,146.89015863720672,147.38917541503906,2128700
2024-03-06,148.09535924443691,148.94275694844109,147.90705343248459,148.32133483886719,1835300
2024-03-07,149.02746243266401,149.44174375571598,148.81091151081762,149.11219787597656,2184200
2024-03-08,149.25344590414565,149.62064721146771,148.82032967065305,148.91448974609375,1895300
2024-03-11,148.60379713784701,149.50767076003197,148.31192098137453,149.49826049804688,1914600
2024-03-12,149.84662723175535,150.18558343239235,149.225219502931,149.89370727539062,2508800
2024-03-13,150.10084837103784,150.63753500963801,149.69599160169011,150.16676330566406,1596500
2024-03-14,150.22325229747599,150.34564317000635,148.41549069404562,149.25346374511719,2419000
2024-03-15,148.5378893462246,149.54534773275216,148.25543780496722,149.17814636230469,1922800
2024-03-18,149.62068542243571,149.93139651056862,149.03691866587653,149.5076904296875,2057300
2024-03-19,149.49822517030782,150.38327805937681,149.37581995936586,150.30795288085938,1637200
2024-03-20,150.2138305450043,151.59790051842859,149.95019953738179,151.47550964355469,1780600
2024-03-21,152.24862136057482,153.23398162961652,152.04964673753068,152.75077819824219,1779100
2024-03-22,152.94973948979555,153.10133782682942,151.98333261993403,152.02122497558594,2145800
2024-03-25,151.9738950855693,152.42869023551941,151.6896661883724,151.7559814453125,2073100
2024-03-26,152.03068140911608,152.20121866452374,151.59483988327904,151.67063903808594,3174500
2024-03-27,152.50444376038519,153.84036254882812,152.46653694729824,153.84036254882812,2749000
2024-03-28,154.02986712844233,154.72151466397406,153.89720774034342,154.30462646484375,3574000
2024-04-01,154.49412708273053,154.61730254689911,153.50876674102406,153.69825744628906,2411300
2024-04-02,152.79820427007718,153.03507132567037,152.21076414129797,152.71292114257812,2332500
2024-04-03,152.53287363912256,153.1202991539993,152.29600664670915,152.74131774902344,2862600
2024-04-04,153.66983927381312,153.96355204455918,150.86532759539631,151.17799377441406,1947000
2024-04-05,151.20641489413228,152.59919401295568,151.00745470985143,152.17283630371094,2928100
2024-04-08,152.22968431930798,152.55181997485451,152.02124019931563,152.22021484375,1726300
2024-04-09,152.62760357356632,152.81709426588841,151.13060252695942,152.35284423828125,2350300
2024-04-10,150.78954771326164,151.2348588927305,149.77576432783556,150.42951965332031,2850200
2024-04-11,150.7705671386596,150.97901122713327,149.3493653302732,150.25892639160156,3314900
2024-04-12,149.51045264298469,149.7378357093813,147.61551665120342,148.07029724121094,2510900
2024-04-15,149.5578080478968,149.86099024648979,146.8859417331588,147.26492309570312,2341500
2024-04-16,147.59655760523165,147.59655760523165,146.38379977339486,146.68699645996094,2322100
2024-04-17,147.31231916148849,147.53024720856664,146.0237621157126,146.45013427734375,1964900
2024-04-18,146.97123352277387,147.69131846513656,146.35538509732484,146.67752075195312,2407400
2024-04-19,146.94279817042224,148.06081784843741,146.87648293290326,147.76710510253906,2495400
2024-04-22,148.25033051208845,149.64310973572393,147.64395152376667,148.81881713867188,2512200
2024-04-23,149.26411820913179,150.21158630974313,149.13147325333486,149.82313537597656,3211000
2024-04-24,149.49148080215232,150.07890626086407,149.0840765536168,149.92732238769531,1817900
2024-04-25,149.33042399133583,149.98417918917374,148.59140014783569,149.69993591308594,1930300
2024-04-26,149.26409682190337,149.99365120286069,149.06513664532378,149.61466979980469,1692200
2024-04-29,149.81364631032292,150.35371004863453,149.55784034111622,150.19264221191406,1784500
2024-04-30,149.69992791346183,149.78519655456753,148.24083371142831,148.26925659179688,1912200
2024-05-01,147.94708981496186,149.47251353710257,147.62495423568026,147.82392883300781,2223800
2024-05-02,148.724058358988,148.92301854996117,147.54919279297772,148.61036682128906,2730500
2024-05-03,149.59572490722692,149.77574614394987,148.58194164488162,149.47254943847656,1830800
2024-05-06,150.18315569443553,150.49582188641244,149.88944291151589,150.47688293457031,1685700
2024-05-07,150.85584569793281,151.27273390229533,150.78004652830205,150.96006774902344,1224400
2024-05-08,150.60003572405967,151.41485878243211,150.58108231603768,151.19694519042969,1347600
2024-05-09,151.19692299752154,152.49494934082031,151.17796959228156,152.49494934082031,1993200
2024-05-10,152.8834333256932,153.13925372746746,152.71288157210569,152.92132568359375,1308700
2024-05-13,153.34766749591682,153.80244798680567,152.70338188138075,152.78865051269531,1344200
2024-05-14,153.06346440815895,153.55615183586772,152.71289140324362,153.42349243164062,1335900
2024-05-15,154.04881171369783,154.87311866748638,153.93512018512578,154.77836608886719,1428200
2024-05-16,154.78784488114408,155.17631023676682,154.58888469416675,154.63626098632812,1277200
2024-05-17,154.80677939565268,155.0720692507208,154.51306666019957,155.05311584472656,1314000
2024-05-20,155.03419359520117,155.20473089588006,154.2383094870566,154.38990783691406,2009000
2024-05-21,154.24778889782479,154.60781689666393,154.09619055241149,154.49412536621094,1202700
2024-05-22,154.10566090870665,154.49412624959422,153.48981250561297,153.897216796875,1130000
2024-05-23,154.13404398253599,154.13404398253599,151.73695177279458,151.95487976074219,2683900
2024-05-24,152.46653801586737,152.80762704997409,152.13493291370546,152.40022277832031,1737300
2024-05-28,152.35286610454011,152.35286610454011,150.87481825219436,151.32012939453125,2249100
2024-05-29,150.25891842108081,150.25891842108081,149.57674043266462,149.73780822753906,1979200
2024-05-30,149.73780969389534,150.53369365964926,149.60516477580501,150.38209533691406,1370600
2024-05-31,150.64744735727001,152.78872033523407,150.42004977930216,152.71292114257812,1539000
2024-06-03,152.90237366661708,152.90237366661708,150.71372514024259,151.86015319824219,2676900
2024-06-04,151.35797068878421,151.86012743183215,150.77054531930406,151.62326049804688,2197600
2024-06-05,152.03071682253162,152.36232193769271,151.06429544514251,152.34336853027344,1450000
2024-06-06,152.11597952471203,152.65602872873603,151.70856079579758,152.20124816894531,1278300
2024-06-07,151.86016393212395,152.93080735647473,151.49065200489346,151.96438598632812,1131000
2024-06-10,151.75593876941286,152.513916015625,151.43380313836707,152.513916015625,1060700
2024-06-11,151.86963850767643,151.86963850767643,150.74216373805538,151.59487915039062,1163200
2024-06-12,153.19608211933451,153.21503552474232,151.44326077802646,151.83172607421875,1564300
2024-06-13,152.4191707844999,152.4191707844999,151.19694343970073,152.19178771972656,1582600
2024-06-14,151.53803534201677,151.82227863553956,150.68530546144839,151.77490234375,1935400
2024-06-17,151.74648583119932,153.0824192467955,151.38644334713976,152.95924377441406,1550100
2024-06-18,153.13924384418505,153.90669054276441,152.98764550793865,153.52769470214844,2399300
2024-06-20,153.38558054540957,154.07722807698283,153.13924409152111,153.79299926757812,1772400
2024-06-21,153.93512501621964,153.93512501621964,152.96870362138588,153.43296813964844,1306200
2024-06-24,153.81195177814499,155.12893172095133,153.59403818598383,154.38990783691406,1630800
2024-06-25,154.2003930282859,154.2003930282859,152.64654632813267,153.15817260742188,1589000
2024-06-26,152.8265923763141,152.91186102718797,152.22968290576824,152.68446350097656,1269200
2024-06-27,152.67971270369407,152.67971270369407,151.82157784409415,152.49855041503906,1533700
2024-06-28,153.04199387395963,153.75709884769122,152.27922687439093,152.9466552734375,2850500
2024-07-01,153.43294499709572,154.00503488353721,152.10761749072813,152.3173828125,2241100
2024-07-02,152.31736027146275,152.88945007324219,152.05038891032513,152.88945007324219,1471400
2024-07-03,153.14689092107855,153.44246534353525,152.77503688172186,153.00387573242188,1078500
2024-07-05,153.24224588945199,153.24224588945199,152.10761021654275,152.87039184570312,1198700
2024-07-08,153.07061761988507,153.73806065808651,152.75598419185857,153.08969116210938,1185000
2024-07-09,153.06107281328147,153.77617781224049,152.6796893000427,153.10874938964844,1620800
2024-07-10,153.34715152374415,154.59619953609467,153.10878313821613,154.54852294921875,1274100
2024-07-11,154.83453635016352,155.90242184394984,154.67244762691729,155.76893615722656,1509200
2024-07-12,156.17896392834777,157.49474747960784,156.04547821883295,156.65570068359375,1800000
2024-07-15,157.10381822618919,157.90473240083725,156.9893915234897,157.25636291503906,1812400
2024-07-16,157.65684380786547,159.51611416133841,157.54241709844754,159.45890808105469,2989800
2024-07-17,158.83912903572067,160.43142785604417,158.83912903572067,159.83074951171875,2297200
2024-07-18,159.43029442799292,160.82235745173151,158.25751166484446,158.53402709960938,2290600
2024-07-19,158.70563008082718,158.99167498457206,157.22774353551878,157.38984680175781,1582800
2024-07-22,157.82847141902678,158.20032551179841,156.94174802428341,158.15264892578125,1457200
2024-07-23,157.83797051716368,158.20982453831638,157.41845446802489,157.57099914550781,1525400
2024-07-24,157.3040412463362,157.8475280808716,156.50312706277339,156.59848022460938,1517300
2024-07-25,156.59848815740841,158.84868613153716,156.47453195051236,157.15150451660156,2330900
2024-07-26,158.04775339801438,159.72587597664491,157.90473820044937,159.14425659179688,2210100
2024-07-29,159.31585507836692,159.33492861862777,158.23844010962799,158.90586853027344,1925400
2024-07-30,159.16331371688352,159.8593598004617,158.7914596587301,159.29681396484375,2707200
2024-07-31,160.32653988785077,161.28001324917929,159.70678802252681,160.19305419921875,1843200
2024-08-01,160.25981252072768,160.8509613793772,157.828452415123,158.47682189941406,2196600
2024-08-02,157.47565790937475,157.89518850035208,154.66291450931109,156.05497741699219,2308900
2024-08-05,152.77505126518548,153.86201044785921,151.98366653279618,152.51762390136719,3435500
2024-08-06,152.9943818191675,155.5973607000584,152.5557775571954,153.76669311523438,3254600
2024-08-07,155.11103747564405,155.94056918272526,152.77503067970457,152.87991333007812,1736100
2024-08-08,153.39481543597762,155.62593984844301,153.39481543597762,155.50198364257812,1341400
2024-08-09,155.40662617831973,156.19801080276804,154.51988839956249,155.76893615722656,1123000
2024-08-12,155.97869505581724,156.0549746663639,154.76779442911501,155.1396484375,1296800
2024-08-13,155.67359385894548,156.77008236324431,155.11103354002549,156.6365966796875,1623600
2024-08-14,156.82729110320238,157.99052974349519,156.77961452636771,157.57099914550781,1350500
2024-08-15,159.12514896494616,159.63048861990026,158.52445616613966,159.41119384765625,1428900
2024-08-16,159.46842409350839,159.99283736651549,159.04889347510269,159.88795471191406,1451800
2024-08-19,160.00238289700354,160.99400346694392,159.99285339975728,160.93678283691406,1387300
2024-08-20,160.87003105136915,160.93676662307115,160.25980866551862,160.46957397460938,1279100
2024-08-21,161.01303809083484,161.2132738935052,160.44096281678117,161.07978820800781,1250000
2024-08-22,161.47072748160858,161.70909583363408,160.38376837832632,160.78422546386719,1848800
2024-08-23,161.5660649844134,162.6720976219458,161.270490557746,162.56721496582031,1279200
2024-08-26,162.98673559112547,163.58742845288717,162.50045487489987,162.76744079589844,1196000
2024-08-27,162.6339534752077,162.90092484467436,162.36696755689258,162.84370422363281,1007300
2024-08-28,162.64349283205308,163.39673040967818,161.86163766774786,162.68162536621094,1426700
2024-08-29,163.10114953065224,163.97834327005748,162.16674971784971,163.19650268554688,1487600
2024-08-30,163.66371206527842,164.9318335011306,162.95815102271348,164.80789184570312,1808600
2024-09-03,164.12137569472608,164.48368568180189,162.43372375757775,163.00581359863281,2203500
2024-09-04,162.83418180992342,163.85440530456668,162.45279827948335,162.91046142578125,1548100
2024-09-05,163.18693985830717,163.29182249708001,161.03209556488463,161.69952392578125,2455500
2024-09-06,161.442101106899,162.08092645212349,159.40165434161071,159.6304931640625,2549000
2024-09-09,160.45051193327168,161.95700173887667,160.14540799290313,161.31817626953125,1402400
2024-09-10,161.7758294968726,161.89978569409433,160.29794282199259,161.49932861328125,1562200
2024-09-11,161.06073436285911,161.52794159365666,158.23846108183611,161.31817626953125,1790400
2024-09-12,161.5565318727694,162.3193134867175,160.68886760504284,162.29071044921875,1731800
2024-09-13,162.89141832876319,163.66372957900003,162.73885906853445,163.45396423339844,1264400
2024-09-16,163.96881553502263,164.81740624684252,163.84485934209815,164.75065612792969,1783600
2024-09-17,164.94137133915083,165.53252020096485,164.14044261322735,164.68392944335938,1344300
2024-09-18,164.76021368186971,166.23810042669041,164.15952075779774,164.32160949707031,1356300
2024-09-19,166.11411774192987,166.30480949015367,165.00808523384487,165.76133728027344,1323200
2024-09-20,165.32275023971366,165.69460427925142,164.74113089081109,165.60879516601562,1632700
2024-09-23,166.04738469120949,166.39063569282393,165.74228077246849,166.19041442871094,1460700
2024-09-24,166.35250222794551,166.63854715249846,165.89483907797029,166.26669311523438,1350300
2024-09-25,166.40969046312421,166.66713232250771,164.98901003775313,165.27505493164062,1458100
2024-09-26,165.88278082285035,166.40997391757895,165.72941289966198,166.1990966796875,1310000
2024-09-27,166.77421965524289,167.66564328816301,166.56334241662239,166.73587036132812,2262500
2024-09-30,166.71669797454319,167.4739429669383,165.82527432953808,167.33016967773438,3446300
2024-10-01,167.16721369586259,167.40684560461582,166.13201672090312,166.92758178710938,1328000
2024-10-02,166.87964972429475,167.19595094004924,166.07447547901126,166.81254577636719,1353700
2024-10-03,166.39079714422104,166.5249904188033,165.51853354645121,166.08407592773438,1152200
2024-10-04,166.87006382522702,167.42601157985271,166.08407881073572,167.37808227539062,1013900
2024-10-07,167.02343957727228,167.15763286047346,165.62398280162805,166.12242126464844,1649200
2024-10-08,166.29497015958125,166.54418208757119,165.71984770917803,166.30455017089844,1170400
2024-10-09,166.31410395905181,167.94361243627509,166.01696276938401,167.76148986816406,2245500
2024-10-10,167.7135802875743,167.76150959418172,166.89882595316084,167.243896484375,1536600
2024-10-11,167.66563316318326,169.08424980698732,167.5314398945257,168.99798583984375,1502400
2024-10-14,169.02675188005617,170.17698206401684,168.67210135171064,170.05238342285156,1474500
2024-10-15,169.59229447800962,170.58917145032285,169.00760663732777,169.14179992675781,1723200
2024-10-16,169.50601701474841,170.58915788140382,169.38141837259872,170.37828063964844,1582200
2024-10-17,170.60832934046405,170.79043729496752,170.07154160950014,170.20574951171875,1599200
2024-10-18,170.17698760384582,170.53165276970722,169.61145981700113,170.44538879394531,3218900
2024-10-21,170.18657423309025,170.44538077416945,168.6145895917424,168.81587219238281,1633000
2024-10-22,168.23115990796188,168.83503692636779,167.62729751552521,168.566650390625,1975700
2024-10-23,168.18327331542969,168.69129181619661,167.3301842645219,168.18327331542969,1167800
2024-10-24,168.17365150939713,168.28868475817484,167.11928000639196,167.60812377929688,1145000
2024-10-25,168.28869934412552,168.43247263509713,166.3045401728937,166.42915344238281,1187500
2024-10-28,166.81255908566308,167.52187478363476,166.802979074896,167.33975219726562,1100000
2024-10-29,166.67835335217671,167.05217850775276,166.15116027996186,166.22784423828125,1295500
2024-10-30,165.8732068411646,166.89882378457685,165.7773482291953,166.11283874511719,1034300
2024-10-31,165.81569072761272,166.19909590783283,165.02011108398438,165.02011108398438,1674400
2024-11-01,165.87321076399405,166.51542252665848,164.91468312551501,165.05845642089844,1268000
2024-11-04,165.17348874296877,165.48978999101189,164.09034783734222,164.62712097167969,1635300
2024-11-05,164.68462512457378,166.40997773509767,164.40665855514212,166.37164306640625,1910000
2024-11-06,171.03008465554089,171.1259432726593,169.50602917477002,170.84797668457031,2753200
2024-11-07,171.17388024790108,171.21221492088253,169.994895259591,170.3399658203125,2115800
2024-11-08,170.69460509190208,171.82566069462442,170.40704387267689,171.31764221191406,3111100
2024-11-11,171.844818498661,172.59246881977938,171.63394126696403,171.7393798828125,1613000
2024-11-12,171.79690308722547,171.82565774605743,170.10031971225573,170.3974609375,1502900
2024-11-13,170.675413976188,171.12592309678047,170.14822089613619,170.61790466308594,1692000
2024-11-14,170.81920823605725,170.87671755129753,169.35264756757849,169.41017150878906,3231500
2024-11-15,169.05550974506656,169.61145751348869,168.49956197664443,168.83505249023438,1782400
2024-11-18,169.07467709750509,169.86067672355878,168.77753589164527,169.6114501953125,1603800
2024-11-19,168.55707280994886,169.31430312685697,167.88609183495271,168.95005798339844,1516100
2024-11-20,169.24722082010638,169.41974876302035,168.21200928471239,169.29513549804688,1405800
2024-11-21,169.73605840852267,171.7489574654017,169.35263861723413,171.35597229003906,1742000
2024-11-22,171.53810234904898,172.77459649324086,171.43266373008919,172.61164855957031,1578900
2024-11-25,173.55099053871206,174.38490480131924,173.26342935733982,173.69477844238281,1475100
2024-11-26,173.56058980709702,174.01108429790906,172.78417020887753,173.81938171386719,1559900
2024-11-27,174.12612611173611,174.76833784414035,173.68519698338451,173.74270629882812,1434500
2024-11-29,174.08777593979357,174.81626626766086,174.03026662463989,174.32740783691406,625400
2024-12-02,174.25072879899622,174.40409672772034,172.73626803725026,173.1676025390625,1866000
2024-12-03,173.6085037535413,173.62767839965574,172.26657104492188,172.26657104492188,1646700
2024-12-04,172.45828980744872,172.52539376215989,171.16428627973281,171.681884765625,2726100
2024-12-05,171.84481606971622,172.18988656889113,171.28886834182501,171.35597229003906,1672100
2024-12-06,171.76812544443757,171.81605474473449,170.74250862273436,170.90545654296875,1532500
2024-12-09,171.26013762553188,171.35599624324612,169.81276610426511,169.88945007324219,1716400
2024-12-10,169.65938973335864,169.74565370943071,168.32703691879649,168.73919677734375,1648300
2024-12-11,169.26637000721465,169.26637000721465,168.1832438632043,168.24075317382812,2423400
2024-12-12,168.36537126661585,168.51873919665368,167.44519293833045,167.45477294921875,1697100
2024-12-13,168.0778163928116,168.19283502168332,167.40683538847296,167.79983520507812,1367700
2024-12-16,168.08739159530836,168.50914605706774,167.00425078451445,167.19595336914062,2305500
2024-12-17,166.33327757566738,166.67834806417224,165.68148588958553,166.10322570800781,1964300
2024-12-18,166.25660060899844,166.457897829909,161.83778801881334,161.90489196777344,2398100
2024-12-19,162.79633752803886,163.49607326456712,161.30103668861531,161.33938598632812,2554800
2024-12-20,161.18600725839886,164.39706599326101,160.86011137951209,163.2276611328125,3038500
2024-12-23,163.03483353486951,163.92178136636991,162.19609242792794,163.77717590332031,2698800
2024-12-24,164.01821233506743,165.20402139061699,163.68077993773966,165.14617919921875,2055000
2024-12-26,164.73159804234572,165.65711711898794,164.47130821413134,165.51249694824219,2724400
2024-12-27,164.7990923837753,165.60891239145619,163.78681001886079,164.53878784179688,2653200
2024-12-30,163.33370865300728,163.52652085716693,161.81046723207797,162.87095642089844,2514800
2024-12-31,163.34333741484315,163.81573979969238,162.57208862983788,163.218017578125,3187000
2025-01-02,164.18210781927024,164.58701788046804,162.27324189915799,162.98664855957031,2533300
2025-01-03,163.69041422241884,164.50988448967763,162.98664304775312,164.23994445800781,1721700
2025-01-06,164.8087294769004,165.5992785712485,163.70004836330457,164.008544921875,2368200
2025-01-07,164.71235360153676,165.15582022428075,163.38192431204678,163.89288330078125,2218500
2025-01-08,163.5554311353138,164.13388242016441,162.62027656082745,164.047119140625,2055400
2025-01-10,163.16020119564914,163.58438221023926,161.50198956649612,161.70443725585938,2659300
2025-01-13,161.37662563698211,163.22764915608931,161.34770454376383,163.16017150878906,3199700
2025-01-14,163.75791964240887,164.50989760639277,163.07341933640836,164.43276977539062,2790200
2025-01-15,166.60192013695868,166.8043825075751,165.74389334839933,166.25485229492188,2367900
2025-01-16,166.38020076553929,167.53708876558707,166.00421179775805,167.4599609375,2827900
2025-01-17,168.05768624356296,168.88677723894219,167.7106183966151,168.40473937988281,2807200
2025-01-21,169.1856615910946,170.53536178019985,169.1856615910946,170.52572631835938,2943300
2025-01-22,170.74745272358902,170.75708818504,169.61948588744076,169.64840698242188,2017400
2025-01-23,169.97617808229478,170.93061828613281,169.68695244077171,170.93061828613281,1723700
2025-01-24,170.85350993388872,171.37410437944249,170.57391972133132,170.88243103027344,1804100
2025-01-27,169.88942750188249,171.2294921875,169.84122077292076,171.2294921875,3837600
2025-01-28,171.15236484955716,171.15236484955716,169.60020232060077,169.79301452636719,1905400
2025-01-29,169.83158076883899,170.85349866872951,169.29170072441593,169.60983276367188,2279200
2025-01-30,170.6510211373199,171.79827348511904,170.3232389552706,171.38372802734375,2605200
2025-01-31,171.32591406710662,171.84650851784997,170.14009026099674,170.35218811035156,2599500
2025-02-03,168.12515635157871,170.42929662608503,167.60456195982673,169.85084533691406,3780000
2025-02-04,169.31096531268909,170.12080005965393,169.13743875231421,169.85084533691406,2285500
2025-02-05,170.5932043405046,171.25841897465176,169.60984293739017,171.20057678222656,4200000
2025-02-06,171.83686951910198,171.83686951910198,170.13045129737012,170.96919250488281,1716400
2025-02-07,171.43196045545935,171.45123137920356,169.76409878196969,169.87014770507812,2652100
2025-02-10,170.59319439917826,170.59319439917826,169.53271994171533,170.49679565429688,2249600
2025-02-11,170.12081843211445,171.13308623154401,169.76410039066283,171.11381530761719,2638600
2025-02-12,169.73516712692322,170.51606609822164,169.43630601056236,170.15936279296875,2700600
2025-02-13,170.52572454408457,171.5283568583265,170.1400854150464,171.39338684082031,2739600
2025-02-14,171.62478127716116,172.05861245323086,170.92099533821278,170.99812316894531,1765000
2025-02-18,171.01738249554589,171.9814581654482,170.66067920508277,171.94290161132812,2529400
2025-02-19,171.68262331045329,172.82022571376774,171.53800311148026,172.77203369140625,1871900
2025-02-20,172.25140869171682,172.25140869171682,171.01739293575827,171.99110412597656,2347700
2025-02-21,171.70189440388569,171.70189440388569,169.80266402780083,170.00511169433594,1991200
2025-02-24,170.52570908972751,171.03666801759596,169.97617889713655,170.16899108886719,2048000
2025-02-25,170.51606476863986,171.15235826274673,169.57127469930489,170.58355712890625,2322500
2025-02-26,170.72817992825674,171.19094690400959,169.50381425364586,169.94728088378906,1994000
2025-02-27,170.11116263467704,171.39338514360307,169.28205690374099,169.36882019042969,1969500
2025-02-28,169.90871710559591,171.84650408585696,168.9253557121875,171.73081970214844,3851700
2025-03-03,172.16463384552736,172.66595730979211,169.11815121668141,170.14971923828125,3933500
2025-03-04,169.12780363356751,169.41702930389482,166.37056108024944,166.72726440429688,3521600
2025-03-05,166.67904621155193,168.53971995121631,165.95598944077292,168.11552429199219,2923600
2025-03-06,166.60193553541345,167.50816913508231,165.66678083878739,166.69834899902344,3818400
2025-03-07,166.32235475449653,168.63613070148344,166.22594129394344,168.18301391601562,2592500
2025-03-10,166.71760243399223,168.29870069181004,164.85694340866817,166.11024475097656,3030400
2025-03-11,165.85955840080251,166.00417856600066,163.29512850575949,164.08566284179688,3935300
2025-03-12,164.74128364317667,164.85696803615136,162.44677844497957,163.35301208496094,2857500
2025-03-13,163.45904179867509,164.26886187555286,161.99364258054291,162.51425170898438,3063200
2025-03-14,163.38191880842973,165.40648377113936,162.87095983690722,165.14617919921875,2152200
2025-03-17,164.84733119263217,167.73955867780916,164.84733119263217,167.34428405761719,1934200
2025-03-18,167.0839684068836,167.26714515585573,165.94636606577265,166.51516723632812,2476800
2025-03-19,166.72725072176868,168.22157097030396,166.19700615478811,167.52743530273438,3914000
2025-03-20,166.75617132809981,167.99982248099531,166.47658114331452,167.19000244140625,2599500
2025-03-21,166.37055433667481,166.73689310765366,165.26185843046423,166.29342651367188,4108700
2025-03-24,167.70098283857121,168.54937425184789,167.37320059639768,168.27943420410156,1780800
2025-03-25,168.501148199357,168.68432493445965,167.15144811538121,167.77809143066406,2302000
2025-03-26,168.2215792349642,169.0988769682034,167.5467144562181,167.98056030273438,2425100
2025-03-27,167.77011788141181,168.49740296554657,167.0719230169102,167.61497497558594,1550100
2025-03-28,167.45013496253068,167.79923244542869,165.44283553335842,165.65617370605469,3299500
2025-03-31,164.89009276169801,168.24530830234804,164.89009276169801,167.50833129882812,3605900
2025-04-01,167.0331516987865,167.80892546426549,165.68525051497016,167.12042236328125,4784100
2025-04-02,166.17979559226129,168.2937786889444,166.0634347087084,168.03195190429688,3737000
2025-04-03,164.41493275280308,165.21979676212959,161.69973189655852,161.78700256347656,5798400
2025-04-04,158.53847045734207,158.89725972876357,151.96381390307755,152.18684387207031,6873800
2025-04-07,148.31767240057815,155.72628272567641,145.87399031108194,150.94560241699219,10121200
2025-04-08,155.64870581241877,155.82326193359941,146.9891715125747,149.015869140625,5902600
2025-04-09,147.34795421866028,159.67301854907737,146.65946596252607,158.90693664550781,5819100
2025-04-10,156.88025150656273,156.88025150656273,150.68378272835233,154.75657653808594,7993500
2025-04-11,154.41718697766575,157.79178590006998,153.22442868886648,156.92874145507812,3828600
2025-04-14,158.8681646876409,159.65363025619993,157.50086509966206,158.99423217773438,3975600
2025-04-15,159.24634835394426,160.11908456445835,158.24754465650909,158.30572509765625,2834600
2025-04-16,158.32512854313117,159.01361684746283,155.55174731928,156.49237060546875,2828200
2025-04-17,155.96870525957522,158.21844753009208,155.85234438235977,156.86083984375,2984500
2025-04-21,156.13357923909524,156.32753379372366,152.33230375552799,153.94203186035156,3837100
2025-04-22,155.28989955626628,157.74327321563877,155.20262890355781,157.41357421875,2782000
2025-04-23,159.85728024599052,161.28276030907483,157.85965795866159,158.4027099609375,3442100
2025-04-24,158.24754907624609,160.32273538282217,157.57844439105943,160.08030700683594,1916700
2025-04-25,159.78937464241892,159.97362255792899,158.39298496345037,159.76028442382812,2109100
2025-04-28,160.0899805687321,161.00151352601247,159.07177854630925,160.28392028808594,1711500
2025-04-29,159.87666240530501,161.57366105572905,159.72151948843756,161.22456359863281,2516100
2025-04-30,160.45849143613563,161.94215188343119,158.39299697957952,161.43789672851562,3442600
2025-05-01,160.98213126380435,162.23306995292944,160.36151522162447,161.05001831054688,2155300
2025-05-02,162.92156734690903,163.90098749708713,162.41732695716752,163.44522094726562,2183000
2025-05-05,162.64035731252605,163.445221332263,161.8839819294777,162.61126708984375,2326400
2025-05-06,161.70942540506562,162.73733419174977,161.16638818743891,161.52519226074219,3458900
2025-05-07,162.13607485002424,163.2221639018581,161.72879700433103,162.53366088867188,2875500
2025-05-08,163.2609672725668,164.79311639525193,162.74702029556752,163.21247863769531,2676800
2025-05-09,163.71673753074737,163.73613594446806,162.74702399787319,162.94096374511719,1991300
2025-05-12,166.33494320227587,166.57737155939415,165.33613955468067,166.34463500976562,2356600
2025-05-13,166.13132275954743,166.31555589406875,165.52039852389444,165.53009033203125,2491700
2025-05-14,165.49128982132135,165.49128982132135,164.12399039739032,164.32763671875,2810700
2025-05-15,164.10462243403717,166.31556817812958,163.9785697323338,166.24769592285156,2744900
2025-05-16,166.29618246343591,167.857421875,165.89859635566981,167.857421875,1621500
2025-05-19,166.7907109088188,168.27437128142665,166.63555320793949,168.07073974609375,1769000
2025-05-20,167.78953172688659,168.2840803027924,167.20769768739976,167.74104309082031,2636900
2025-05-21,166.7810202715695,166.97496000070311,164.67674387733146,164.73492431640625,2366800
2025-05-22,164.29853491835482,164.93854931611747,163.29003948883829,164.05610656738281,2346500
2025-05-23,162.80519976775889,164.28886024672374,162.55307958324624,163.92036437988281,2619400
2025-05-27,165.39434517196111,166.48041964226226,164.68645840447229,166.43194580078125,1767500
2025-05-28,166.45131509467191,166.67435985157198,164.95796282651887,165.2100830078125,2832500
2025-05-29,165.65619797659542,165.99558890349689,164.47314604436895,165.93740844726562,3177100
2025-05-30,165.61736944693013,166.69375207119154,164.93857292637216,166.19920349121094,2773800
2025-06-02,165.8501023221805,166.52889882758768,164.47311089788192,166.47071838378906,2538200
2025-06-03,166.1216243327811,167.47923216810455,165.77252686617271,167.35316467285156,2694100
2025-06-04,167.61498350995379,167.72165258625756,166.47071389172672,166.4901123046875,2570800
2025-06-05,166.89739959101365,167.0913393415766,165.77252832243227,166.13133239746094,1958700
2025-06-06,167.42101165610893,168.14829670204625,167.19798171841742,167.77981567382812,2317900
2025-06-09,168.07076004030597,168.55561681660967,167.33376827046547,167.857421875,2204100
2025-06-10,167.85739444448254,168.97255892908393,167.85739444448254,168.73982238769531,1780700
2025-06-11,168.9725779185915,169.09864540892627,168.00286441547189,168.46832275390625,2154000
2025-06-12,168.303466587907,169.48651819872816,167.78951963528095,169.45742797851562,2322900
2025-06-13,168.55561308875352,169.38955252076371,167.74104247712128,168.12893676757812,2202400
2025-06-16,168.91440648118939,169.76775914435859,168.58470742374843,168.94349670410156,2448000
2025-06-17,168.31318586284485,168.82713285416028,167.41134457840647,167.54710388183594,1874300
2025-06-18,167.87678844665655,168.78832146101735,167.35314969194556,167.79920959472656,1792800
2025-06-20,168.43924640752695,168.82714071871942,167.82833691196325,168.09014892578125,1656100
2025-06-23,168.23559371382694,169.4283371280645,167.37254932520742,169.33135986328125,2518000
2025-06-24,169.88410853522643,170.98958132101453,169.68046219197308,170.59199523925781,2362700
2025-06-25,170.18469274082105,170.44651948810011,169.44771592241315,169.67074584960938,2307700
2025-06-26,170.11681589685892,170.98956684119776,170.01985343414506,170.84410095214844,3271100
2025-06-27,171.08656882167665,172.17265815016535,170.65990725321066,171.31930541992188,2701300
2025-06-30,171.94722153302163,172.51272806081272,171.44019977662614,172.32748413085938,2730600
2025-07-01,172.10319814372528,174.52129250360082,171.99594383842569,174.10202026367188,3812000
2025-07-02,174.11179098933204,174.26778508854852,173.39026062884543,174.22879028320312,3793700
2025-07-03,174.73581229999061,175.45732778379963,174.38479953997933,175.14532470703125,1670100
2025-07-07,174.84307032533593,174.99906442811553,172.94174248949227,173.75102233886719,2666700
2025-07-08,173.66328430175781,174.18979604870839,173.39027600662251,173.66328430175781,2341400
2025-07-09,174.06303746068556,174.21903156092048,173.01974415740713,173.79977416992188,1849000
2025-07-10,173.90702245873041,175.28182363441013,173.63401419548211,174.92105102539062,1960200
2025-07-11,174.04353801048703,174.16053730874637,173.29275779837334,173.80952453613281,2222300
2025-07-14,173.48773916015369,174.00452070894082,173.10747661213441,173.98501586914062,1907500
2025-07-15,173.86803111383821,174.09228471786093,171.66444524513184,171.69369506835938,3112800
2025-07-16,172.24946920697707,172.67848644580246,170.80640851677629,172.55172729492188,2487300
2025-07-17,172.39571007638659,173.62426208841927,172.15195164578759,173.50724792480469,2118800
2025-07-18,173.63401496015248,174.05327233847501,172.93198945789817,173.22450256347656,3294000
2025-07-21,173.65351457837406,174.18977123166533,172.912479416152,173.00022888183594,2097300
2025-07-22,172.88324647660863,174.57005084120055,172.88324647660863,174.404296875,2699600
2025-07-23,175.17457480861202,176.10085393632923,175.05756063653257,176.06185913085938,2745900
2025-07-24,175.72058188940653,176.26659840359039,175.34031932575459,175.39881896972656,3140500
2025-07-25,175.53532115738682,176.22760165168026,175.028299452179,176.14959716796875,2172200
2025-07-28,175.97407889638245,175.97407889638245,174.95029053066011,175.2525634765625,2580400
2025-07-29,175.47683645609669,175.67184024306326,174.83331056905533,175.23307800292969,3051000
2025-07-30,175.23306976409827,175.47682820580462,173.41950636268953,174.248291015625,3240700
2025-07-31,173.50726419968569,174.5115478377281,172.29823179232179,172.61997985839844,5324400
2025-08-01,171.7814446771269,171.80094951857265,169.99714594746334,171.128173828125,3839900
2025-08-04,171.63518688438924,172.7662295857094,171.42067827283424,172.7564697265625,3035600
2025-08-05,172.89298462112657,173.25374233296685,171.96669069423868,172.77597045898438,3237400
2025-08-06,172.98074709080191,173.22450553666195,172.22996691175922,172.6102294921875,3329800
2025-08-07,173.50725237225555,173.7705156498441,171.83019313652019,172.46397399902344,4809600
2025-08-08,172.91248377645857,173.81927291156137,172.87348897222711,173.5462646484375,2917200
2025-08-11,173.78026279385642,174.26777967361755,172.85398369787717,173.19525146484375,2799000
2025-08-12,173.69249995849933,175.03805120399107,173.65350515736671,174.95028686523438,2227200
2025-08-13,175.49633271034335,176.36411216604029,175.22332444638261,176.29585266113281,2957300
2025-08-14,175.50607316203335,176.09109935704046,174.97956148879427,175.96434020996094,2316300
2025-08-15,176.54936696383868,176.58836176730665,175.5255785582525,175.74983215332031,1890100
2025-08-18,175.74984868593117,176.14961612879608,175.50609022728216,175.77909851074219,1912300
2025-08-19,175.90583890364238,177.2416303536227,175.79858459816583,176.60786437988281,2601400
2025-08-20,176.78337012780193,177.47565064945513,176.49085702178175,177.10513305664062,3871900
2025-08-21,176.5883667620389,176.99787916028941,175.95460076237762,176.43235778808594,2543000
2025-08-22,177.33913606266194,179.3379432673259,177.33913606266194,178.91868591308594,2696300
2025-08-25,178.76268920701614,178.84069369456103,177.48539733886719,177.48539733886719,2104500
2025-08-26,177.36839946340524,178.10941978424944,177.17339568190252,177.97291564941406,1922900
2025-08-27,177.83638953744233,178.75292356285755,177.70963040010488,178.49942016601562,1902400
2025-08-28,178.78220200313768,178.81145182753914,177.8851726732108,178.57743835449219,1938200
2025-08-29,178.55792619688188,179.09418282947979,178.08015432798226,178.64567565917969,2207400
2025-09-02,177.60240634551067,178.04118347167969,176.54938290064459,178.04118347167969,5509900
2025-09-03,177.45613691832213,177.83639947374803,176.32509423321753,177.25137329101562,3782600
2025-09-04,177.4951448664487,178.56768798828125,177.02713281230129,178.56768798828125,2728500
2025-09-05,178.69444188130683,179.32820787601841,177.17339159173142,177.99241638183594,3457800
2025-09-08,177.86566190461687,177.86566190461687,176.69562433403789,177.75840759277344,2812600
2025-09-09,177.57313045151469,178.28491575560977,177.40737650993776,177.91439819335938,2997600
2025-09-10,178.88943936859573,179.80597345389285,178.53842663120184,179.220947265625,3547200
2025-09-11,179.59147128618034,181.59029347699641,179.37696266797562,181.41477966308594,2607200
2025-09-12,181.16126244908602,181.4440156727388,180.23498341980965,180.31297302246094,1910200
2025-09-15,180.771239966932,180.9370087865347,179.75721147674508,179.96197509765625,4148000
2025-09-16,180.30323931164412,180.54699774920763,179.36721524298741,179.7669677734375,2514600
2025-09-17,180.1862545732819,181.71704994832481,179.51347885082376,180.54701232910156,4373900
2025-09-18,180.68349416082219,181.63902302945999,180.38123609160857,181.18077087402344,2988800
2025-09-19,181.48304285183599,181.49278783364875,180.38124991576768,181.04426574707031,2665200
2025-09-22,180.53725451514686,181.48303845227431,180.28373621581301,181.1710205078125,2671800
2025-09-23,181.22952440721195,182.51657614157807,181.22952440721195,181.60978698730469,2667200
2025-09-24,181.60980184806479,181.98031947667099,181.05404028299154,181.2587890625,2400900
2025-09-25,180.98576368168293,181.1515176372933,179.88398563817449,180.42024230957031,2839400
2025-09-26,181.03450906486324,182.10705210833925,180.88825995795011,181.91204833984375,2483200
2025-09-29,182.44417190262755,182.47357031537257,181.36619521067695,182.04237365722656,3944900
2025-09-30,181.934581533461,182.86558115113016,181.41518961697977,182.75778198242188,4248600
2025-10-01,182.41478637978855,183.36537500148668,182.03259203368216,183.13017272949219,2818400
2025-10-02,182.83618966712979,183.31637374769073,182.17958518975587,182.79698181152344,2323000
2025-10-03,183.13997670690284,184.65894460546579,183.11057829295743,183.77696228027344,2008000
2025-10-06,184.32574785786568,184.38454468424007,183.26736012288268,183.58096313476562,2135200
2025-10-07,183.90436116821277,184.11995950115579,182.89497577007702,183.41436767578125,2726900
2025-10-08,183.71816068637989,183.91415509206982,182.71856977792217,183.326171875,2192300
2025-10-09,183.58098138650777,183.9141734046986,182.02280551901293,182.32659912109375,2215000
2025-10-10,182.97339741178018,183.16939184044486,179.17104269133674,179.21023559570312,4942300
2025-10-13,180.12162091849581,181.30739686282388,180.02361623314277,180.8468017578125,2681600
2025-10-14,179.88640977460986,183.16937217763612,179.60222012656567,182.40498352050781,3945400
2025-10-15,183.17918199564613,184.22777534199628,181.4936030328476,182.91458129882812,3002600
2025-10-16,183.23797396237853,183.34577313574474,180.51361116648604,181.02320861816406,5628500
2025-10-17,181.18979916518941,182.28737984028868,180.92519848336542,181.92478942871094,3981200
2025-10-20,182.61077695672245,183.4829648027499,182.61077695672245,183.27717590332031,2164200
2025-10-21,183.47315979003906,184.22775393595884,183.11056940004514,183.47315979003906,2139300
2025-10-22,183.65938104492088,183.66917553242672,182.20898940959077,182.91458129882812,3543300
2025-10-23,183.13997943365777,183.71816818774616,182.62058750833563,183.45356750488281,2512600
2025-10-24,184.60995646762305,184.86474770525285,184.25716054829675,184.36495971679688,2224100
2025-10-27,184.90392957226979,185.07054051189473,184.38453768778476,184.98233032226562,2383800
2025-10-28,184.81576984311334,184.81576984311334,183.64958276217382,183.73779296875,4464800
2025-10-29,183.32618119215132,183.7377739510429,181.69939913075939,182.277587890625,5397800
2025-10-30,181.61119444128607,183.57116840268955,181.61119444128607,181.88558959960938,4441800
2025-10-31,181.29758894532898,182.50296872811757,181.03298827720951,182.04237365722656,3812200
2025-11-03,181.8365821399542,182.03257653989306,179.79820748307895,181.17999267578125,4206900
2025-11-04,180.10200897525903,180.96440231705517,179.8080098856999,180.63121032714844,3065400
2025-11-05,180.76841244432816,182.10119539081219,180.55281410346933,181.50340270996094,2485800
2025-11-06,181.29758688897405,182.05218103217064,180.83699182330733,181.2681884765625,3909300
2025-11-07,181.10160426187718,182.46378562135399,180.66061309362064,182.43438720703125,4826100
2025-11-10,182.81657359285995,183.53195989928147,181.87577951521715,183.23796081542969,4209800
2025-11-11,183.57118040220473,184.98234918579095,183.38498047115371,184.74716186523438,3207800
2025-11-12,184.92354494735454,186.168132631297,184.83534970567905,185.63893127441406,3236200
2025-11-13,185.49193954302584,185.80554256299689,183.58096786949901,183.77696228027344,4890500
2025-11-14,183.18897318462848,184.13956182513968,182.36578764647933,183.40457153320312,5027100
2025-11-17,183.21836847187581,183.69855251169955,180.88599472388287,181.35638427734375,6068000
2025-11-18,180.86640240852981,182.37559079649554,180.49400255503417,181.3367919921875,8845200
2025-11-19,181.19959493116914,181.60139320021673,180.2098134192031,180.9154052734375,4889500
2025-11-20,182.27758815185769,182.99297449904577,179.15142712380356,179.22982788085938,8354600
2025-11-21,179.97461508367925,182.59119365648121,179.6414230767347,181.69940185546875,10862300
2025-11-24,181.96398341148412,182.50297926528663,180.93500899917015,181.59159851074219,6141000
2025-11-25,182.39517213594476,184.51194760392525,182.27757848330629,184.25715637207031,4515200
2025-11-26,184.44337135181817,186.06034402129035,184.2767603924228,185.44294738769531,2752000
2025-11-28,185.6389336142044,186.912919728096,185.56054781178156,186.66792297363281,1434100
2025-12-01,185.95253064382814,186.73652322352328,185.25673330407736,185.36453247070312,3074900
2025-12-02,185.49194388598525,185.61934698500829,184.50216236868076,185.070556640625,3097800
2025-12-03,185.44294334615401,186.91292390578866,185.2665528566373,186.77572631835938,3254200
2025-12-04,186.68752776399697,187.11872444639204,186.21713818020933,186.75613403320312,3497100
2025-12-05,186.80512999940694,187.54992974080406,186.41314115382022,186.55033874511719,3212000
2025-12-08,186.67774737647363,186.73654420971101,185.37436274385161,185.64875793457031,2576400
2025-12-09,185.74671841402861,186.68751245788548,185.09012895727406,185.14892578125,2601700
2025-12-10,185.37434033490899,188.07909901077895,185.19793490310519,187.72630310058594,4802500
2025-12-11,187.58912500609597,189.39229764396575,187.54993210241017,189.27470397949219,4244700
2025-12-12,189.77448583754483,189.90188893886017,188.19670609234677,188.64750671386719,5090600
2025-12-15,189.37270922128559,189.85289332156421,188.65730788454144,189.36289978027344,3627000
2025-12-16,189.32369727848391,189.42168700972465,187.05992962503154,187.53031921386719,4391900
2025-12-17,187.77532345212225,188.36332167665128,186.84433872446462,187.14813232421875,6098400
2025-12-18,187.85370470033621,188.52008866239834,186.68751781331304,187.04031372070312,3957100
2025-12-19,187.03055113729161,188.26532954707415,187.00115271944563,187.47154235839844,3546000
2025-12-22,188.03891232341562,189.07323278242399,187.81235175668212,188.91561889648438,2932900
2025-12-23,188.74816670862526,189.30964553042799,188.74816670862526,189.03382873535156,3045900
2025-12-24,189.25055112999127,190.245475706554,189.09295226328138,189.98934936523438,2062800
2025-12-26,189.91052577314608,190.11739587447553,189.30963599323997,189.90068054199219,2264900
2025-12-29,189.78247794620006,190.14694690100706,189.40814872933626,189.71351623535156,3819100
2025-12-30,189.74307698331904,189.88098538141406,189.32935178903398,189.49681091308594,2172300
2025-12-31,189.48695382484732,189.60515672127886,188.12756039233616,188.13742065429688,1976300
2026-01-02,188.64963512137234,190.1469368790226,187.62517499090833,189.93022155761719,4845900
2026-01-05,190.35382289294975,192.22543897340915,190.19620900403652,191.74275207519531,5374000
2026-01-06,191.59500265895815,193.6439381671924,191.59500265895815,193.35826110839844,3128400
2026-01-07,193.40751845322328,193.58483784090024,190.92516727285093,191.12217712402344,3568800
2026-01-08,190.90545250688831,193.0824360575819,190.7281331278231,192.63916015625,3561900
2026-01-09,193.10214664838264,194.24482480309456,193.06275069137678,193.88035583496094,3306400
2026-01-12,193.15140732188624,194.11676611511339,192.62932445191424,193.95915222167969,4079300
2026-01-13,194.35316499616744,194.55017482525625,193.08242379140478,193.65376281738281,10943400
2026-01-14,193.36811484520129,194.73735354837865,193.1513995082189,194.72749328613281,5011700
2026-01-15,195.26929010870793,196.00808832662662,194.91466636287146,195.44660949707031,3806400
2026-01-16,195.49586325342946,195.99824062416161,195.09198329197858,195.40719604492188,3215600
2026-01-20,193.53556302068125,194.45166550449122,192.44214116623556,192.80661010742188,4003800
2026-01-21,193.53558152735269,196.04749846353718,193.38782789676637,195.49586486816406,5389600
2026-01-22,195.93912883311299,196.68777223387599,195.436736458003,195.81106567382812,3128800
2026-01-23,195.28900103774285,195.36780798688716,193.91976223699876,194.63885498046875,3054600
2026-01-26,194.97375512656481,195.604210661145,194.8260015049521,195.298828125,2590200
2026-01-27,194.89494905691117,195.43672231739055,194.48120888467847,195.24957275390625,2576800
2026-01-28,195.3875161440333,196.10660889730087,194.83586749250694,195.32839965820312,4272100
2026-01-29,196.56958231342753,197.643298783413,195.54510703329103,196.60897827148438,6508200
2026-01-30,196.13613056746522,196.97344113745785,194.95405655109482,196.76657104492188,3422000
2026-02-02,196.343015969334,198.60865174783152,196.12630062916483,198.44119262695312,3497600
2026-02-03,198.30327526914442,200.13549531538413,197.94865154952103,199.44595336914062,4159900
2026-02-04,199.85967981857607,201.17966227140536,199.83997432544641,200.55908203125,5395100
2026-02-05,199.90894116575649,200.54922691547165,199.0026838600713,199.42625427246094,6084400
2026-02-06,200.67729896473958,203.59308085461041,200.48028911232478,203.30741882324219,4101000
2026-02-09,202.72623204339632,203.39606853967456,202.03669005284871,202.94294738769531,3665000
2026-02-10,202.8739707173919,203.59306338088825,202.55875798675953,202.75576782226562,3566400
2026-02-11,203.70143373847324,204.2333768614628,203.0118917557904,203.7408447265625,3929000
2026-02-12,204.14472469407215,205.09037797582741,201.43579795199477,201.55400085449219,6175700
2026-02-13,201.43579526903289,203.89845591084804,200.88414665932061,203.05130004882812,5513500
2026-02-17,203.20888253103271,204.21365220057345,201.66233958866113,202.77546691894531,5306300
2026-02-18,203.30740080045433,204.01664823098486,202.6079986008609,203.45515441894531,4134000
2026-02-19,203.06113310490625,203.53395971113594,202.17458133936475,203.04142761230469,4193700
2026-02-20,202.6671274359951,203.908302999656,202.10563358972061,203.79010009765625,5302000
2026-02-23,203.22858665225255,204.5190183109282,201.57368606030138,202.17457580566406,4214400
2026-02-24,202.145048259959,203.43548006658915,201.95788364112474,203.08085632324219,2972400
2026-02-25,203.61276329532691,203.95754177118192,202.28293566892884,203.56350708007812,3938700
2026-02-26,203.65219062641211,204.69635633759762,202.79517449877542,203.83934020996094,4142800
2026-02-27,202.82472545511033,204.3515780667982,202.24354114816788,204.16441345214844,4492300
2026-03-02,203.01189813088317,204.3417409492296,202.61787842294487,203.72114562988281,6601600
2026-03-03,200.28326244101879,202.01697003992356,198.39192593017557,201.21907043457031,7609900
2026-03-04,201.68206340106693,202.3420546561338,200.32266990296299,201.92832946777344,4336700
2026-03-05,200.62802687434004,201.21907141572137,197.98806199284743,199.30804443359375,7300200
2026-03-06,197.28867024161624,197.44628413178876,195.39734865220993,197.04240417480469,7044800
2026-03-09,195.32838221143786,197.92895121279489,193.48631688615214,197.475830078125,7184100
2026-03-10,197.2000078018456,199.05193333777063,196.40210819184429,196.93403625488281,5178400
2026-03-11,196.48091849823493,196.98329584586997,195.50569949659209,196.41195678710938,5402300
2026-03-12,194.8752527960699,195.69285788706168,193.9985462579271,194.05764770507812,5883300
2026-03-13,195.1412287667693,196.23465065653281,194.09704806349097,194.32362365722656,4442200
2026-03-16,195.89972116063277,196.84538944733484,195.4071890392205,195.80122375488281,4327600
2026-03-17,197.01285074335405,197.47583214507193,196.25434705934359,196.35285949707031,3295600
2026-03-18,195.80123546534944,195.96869459293848,193.73259441934175,193.8114013671875,3862000
2026-03-19,192.58989997382662,194.53047768700469,192.34363391916835,193.53556823730469,4146100
2026-03-20,193.5552780741115,194.08720615052059,190.81680068732544,191.61470031738281,5144900
2026-03-23,194.09703591386813,194.92450123362195,192.62929993190008,192.96421813964844,7200900
2026-03-24,191.75259886812421,194.98360820944825,191.61469048273426,194.01824951171875,8978500
2026-03-25,195.27914296952807,195.66331742704853,193.7916863273972,194.67825317382812,6667900
2026-03-26,193.91974630415706,195.07226965778278,193.18094812638,193.33856201171875,3757500
2026-03-27,192.99087948203874,193.60500568813964,191.13863143709793,191.51502990722656,5907600
2026-03-30,193.1493641235773,193.4068911680439,190.58394799154669,191.19805908203125,6393900
2026-03-31,192.85221776488629,194.694566241377,191.8617081563209,194.33798217773438,8335900
2026-04-01,194.81342748733562,195.54641005725259,194.57571484821042,194.80352783203125,6731300
2026-04-02,193.25833570487757,195.91289427492796,193.10976530505295,195.12049865722656,4437800
2026-04-06,195.00160688780633,195.97231711202275,194.66483727400524,195.96240234375,3373800
2026-04-07,195.56620902755154,195.96240680410301,194.67474135934609,195.70487976074219,3540400
2026-04-08,198.44860523312337,200.13246853734969,198.07220674708114,200.06312561035156,2777000
2026-04-09,199.27070438379664,201.53897972132938,199.27070438379664,201.02391052246094,1948700
2026-04-10,201.09325307835164,201.10315273282043,199.13203328723566,199.39947509765625,4634600
2026-04-13,198.83490094720875,200.72676278138334,198.52783027793564,200.68714904785156,2845600
2026-04-14,200.20178921093094,201.26164170426389,199.38957922377648,201.03382873535156,2026700
2026-04-15,200.98431224762666,201.10316856651551,199.42920487693587,200.12255859375,2166700
2026-04-16,199.80560130968851,200.93478166940986,199.80560130968851,200.65744018554688,2380300
2026-04-17,201.08334385635362,203.10399185797019,200.97438719828628,202.30168151855469,2224100
2026-04-20,202.21252746771535,203.00493816531184,201.98471449312356,202.31158447265625,2603000
2026-04-21,202.93560862427881,203.25256383223117,200.73667613631974,201.04373168945312,2520300
2026-04-22,201.98470970216212,202.47006483249714,200.59800234974287,200.94467163085938,2108000
2026-04-23,201.06354341433251,202.42053669118292,200.6475312078669,202.16300964355469,2671200
2026-04-24,202.51958565511114,202.7969271150794,201.32106247069581,201.59840393066406,1956500
2026-04-27,201.50926882868987,202.83654802177398,201.35078367053686,201.52908325195312,2003700
2026-04-28,202.25214908166768,202.54930497188559,201.03382655714825,201.56869506835938,1975200
2026-04-29,201.54888025832435,202.00452130431387,200.95458359300591,201.6578369140625,1829700
2026-04-30,201.61822426623533,205.0552936537604,201.5984098430919,204.81756591796875,2816400
2026-05-01,205.11471824358128,205.59015859292327,203.96572354485994,203.99543762207031,2903300
2026-05-04,203.45066111357241,204.50061396115663,202.46015153636128,202.70777893066406,2761600
2026-05-05,203.74781822210517,205.05529812651392,203.3417056656773,204.56004333496094,1955600
2026-05-06,205.64959766745397,206.37268055523876,205.13454355914055,205.96656799316406,2654600
2026-05-07,205.38216198106005,205.66940310144957,203.54971326134066,203.95582580566406,2620400
2026-05-08,204.9166337082045,205.51093040800762,204.50062148414912,205.07510375976562,2107300
2026-05-11,206.26372095067299,206.57077650308591,205.65950950064294,206.27362060546875,2627200
2026-05-12,206.06560248554104,206.88772723510854,204.7680373784564,206.53114318847656,2439300
2026-05-13,206.35285758139267,206.6995268575501,205.64958914659812,206.39247131347656,1928700
2026-05-14,207.00659839594016,207.72966614286346,206.80848439274897,207.02639770507812,2162700
2026-05-15,206.04581217583106,206.38258181403242,204.60957627199116,204.7086181640625,2480100
2026-05-18,205.11472459787856,205.68922196503672,204.31241426039142,205.41188049316406,2523300
2026-05-19,204.63929045643309,206.15476894309705,204.00536491373688,205.11473083496094,2317300
2026-05-20,205.64959257842301,206.65991657415108,204.99586774728283,206.40238952636719,2472400
2026-05-21,205.67930752062011,207.12545815250195,204.58975605482442,207.03631591796875,1959000
2026-05-22,207.92777284417207,209.48288016658694,207.85844503163156,208.89846801757812,1829600
2026-05-26,209.92860678826477,210.63186013958685,209.63145088582888,210.11680603027344,2675000
2026-05-27,210.79033432229568,210.79033432229568,209.41352665624086,209.8592529296875,2234900
2026-05-28,209.81963844050998,210.41393509830138,208.96779962843038,209.63143920898438,2082200
2026-05-29,210.24555972476369,210.52290120030784,209.66116269515112,209.83946228027344,2211800
2026-06-01,208.88855958700506,209.82954064207971,208.60131846601544,209.41352844238281,3162800
2026-06-02,209.46306663302622,211.4639002599192,209.39372370621399,211.24598693847656,2321500
2026-06-03,210.97853990488045,211.93933540370625,210.69129877769493,211.27569580078125,2306700
2026-06-04,212.15724904169502,213.20718677669126,211.75113648714694,212.90013122558594,3147300
2026-06-05,212.26620362541743,212.40487436049611,209.79982935797182,210.00784301757812,4028600
2026-06-08,211.38464852095774,212.05818776607404,210.35451011622214,210.54270935058594,2319100
2026-06-09,211.73133037742735,212.34545661772873,208.73008744578053,211.66200256347656,4498500
2026-06-10,211.5827411304802,212.42468027586474,209.45315168835592,209.53237915039062,2549600
2026-06-11,210.90919842699782,213.85101310004623,210.59224321944501,213.03880310058594,3420700
2026-06-12,213.71234454747625,215.55469299676383,213.24680382920624,215.02972412109375,2952400
2026-06-15,216.46596403471332,216.96121884089266,215.86175256661542,216.1688232421875,3129600
2026-06-16,216.98102381809099,217.8427623068518,215.84194385906292,215.96080017089844,2462800
2026-06-17,216.04004870480486,216.89188756238403,213.5340606346895,214.03921508789062,5301400
2026-06-18,215.96080623313949,216.33720471648667,214.26704328603114,214.44532775878906,2165800
2026-06-22,215.37641248740442,216.84236248149506,215.21792732210346,216.57492065429688,2185600
2026-06-23,214.86133116296509,216.07965368543705,213.80149379687322,215.36648559570312,2421900
2026-06-24,215.71317787853542,216.34710341327332,214.59389720236655,215.52497863769531,2621400
2026-06-25,218.1894472772625,220.05161010880673,217.78333472545097,218.3974609375,3180300
2026-06-26,217.67279765140921,218.68810399418996,217.09548237788766,217.38414001464844,2367500
2026-06-29,217.82212268467899,217.82212268467899,215.99060093401519,217.623046875,3764300
2026-06-30,217.66285146040258,217.78229390603784,216.71722999259921,216.92625427246094,4504900
2026-07-01,216.15981149597283,217.67279976789459,215.6919749995794,216.37879943847656,3459500
2026-07-02,217.92165289390556,218.58858039821155,216.41861306474098,218.16055297851562,4787800
2026-07-06,218.6781545806746,219.12607893369463,217.76239373781959,218.42930603027344,2619100
2026-07-07,219.21566446117578,219.68350095889548,218.03114291114119,218.5587158203125,2162100
2026-07-08,217.53345250852308,217.95153145902151,216.42856428451643,216.63760375976562,3329200
2026-07-09,217.10543562056932,218.47908451517807,217.10543562056932,217.55335998535156,3110800
2026-07-10,217.86193250680171,218.46912360090468,217.13529896419018,218.19041442871094,3070200
2026-07-13,218.28000078020008,219.05642227709805,217.74249456228262,218.34968566894531,3796500
2026-07-14,218.41934927236457,219.23557983396819,217.41400656482631,217.59318542480469,3256700
2026-07-15,217.73253929604897,218.04110907712774,215.90100236993433,216.48829650878906,3224300
2026-07-16,216.68736509984035,217.90174723483943,216.49823777231441,217.85197448730469,2308000
2026-07-17,217.26469959269741,219.42470321694296,216.8764964563309,216.91630554199219,2970700
2026-07-20,217.47372710320258,217.83206963351927,215.61234475354934,215.95077514648438,4635900
2026-07-21,216.56793141404174,217.92165299526314,215.87114329739924,217.623046875,2744000
2026-07-22,218.24019111122306,219.18581261881462,217.90176070867633,218.32977294921875,1936000
2026-07-23,217.95153283737397,219.34507871947872,217.79226611127314,218.84738159179688,2376300
2026-07-24,218.78764728493084,220.63908109674716,218.78764728493084,220.00202941894531,2673300
2026-07-27,220.75852798548718,221.63447975579561,219.82285499238685,220.69880676269531,4116200
2026-07-28,221.34581216230978,222.550245874968,221.10692726549283,221.96296691894531,3608600
2026-07-29,221.72406868454314,222.27153855850344,218.73788594131696,218.78765869140625,4348700
2026-07-30,218.55871255306525,219.68349767483377,217.14523941820573,219.52423095703125,2545500
2026-07-31,219.77307816417942,220.14138434540962,217.72256854766738,218.93695068359375,2280200
