date,Open,High,Low,Close,Volume
2004-01-02,14.537142896419851,14.666109696564993,14.433969214057973,14.490714073181152,2712016
2004-01-05,14.54745437572609,14.629992319907709,14.506185403635282,14.609357833862305,2381123
2004-01-06,14.588727355396793,14.629996338824352,14.444284702171666,14.604203224182129,1532595
2004-01-07,14.624835666699257,14.629993077249246,14.531979263459757,14.614517211914062,3991764
2004-01-08,14.666103363037108,14.728006818984056,14.588722831875124,14.666103363037109,1365918
2004-01-09,14.537137885238151,14.748642589380717,14.47007459089062,14.614517211914062,7660144
2004-01-12,14.676427841186525,14.676427841186525,14.60420589574797,14.676427841186523,1009420
2004-01-13,14.599044601253684,14.702218271051255,14.495870931456112,14.604203224182129,2653051
2004-01-14,14.728015345860065,14.738332594491125,14.614524399689405,14.717698097229004,2687150
2004-01-15,14.960154611221295,14.960154611221295,14.75380844463028,14.84150505065918,10516187
2004-01-16,15.01174313561466,15.01174313561466,14.856981985559706,14.887933731079102,1943380
2004-01-20,15.10975126638043,15.114908677035411,14.831182050990924,14.867292404174805,4649118
2004-01-21,14.898247752113438,15.11491111742672,14.841501691005497,15.089118003845215,4060207
2004-01-22,15.11491111742672,15.197450292116168,15.089118003845213,15.089118003845215,2896051
2004-01-23,15.192295443388769,15.192295443388769,14.975630813024191,15.016901016235352,5280128
2004-01-26,15.027221424726163,15.238727475576495,14.985951212835134,15.223250389099121,2827607
2004-01-27,15.156181771244942,15.233561114342363,15.089118462665182,15.120071411132812,1514746
2004-01-28,15.114915103458404,15.223247420298229,14.805395236398002,14.851822853088379,4766555
2004-01-29,14.882773633038155,14.985946099489359,14.789917202003306,14.975628852844238,9104968
2004-01-30,14.95499110737172,15.058164762615066,14.893087640962815,14.985942840576172,6237969
2004-02-02,14.996261226906599,15.187132685325462,14.991103815541637,15.073641777038574,1322833
2004-02-03,15.037531776682201,15.109753705939045,15.016897285816995,15.089118003845215,2215431
2004-02-04,14.980783101165869,15.068480883266822,14.954989992085711,14.965307235717773,2571682
2004-02-05,15.037534143866182,15.037534143866182,14.908567344428281,14.960153579711914,5514265
2004-02-06,14.99110110724949,15.218081671588362,14.980782652697908,15.212923049926758,4890024
2004-02-09,15.166494960855122,15.228398418777562,15.151019096374512,15.151019096374512,1441870
2004-02-10,15.130382844183872,15.223238020228258,15.120065602401162,15.197444915771484,5063103
2004-02-11,15.218082397203808,15.460540049316521,15.140703068590243,15.429588317871094,8243638
2004-02-12,15.476016202257608,15.476016202257608,15.357366694239117,15.403794288635254,2115966
2004-02-13,15.476023413264366,15.491498074045086,15.347055390726107,15.372848510742188,4069317
2004-02-17,15.476022579195952,15.558560558799089,15.434752378165522,15.48633861541748,3369863
2004-02-18,15.517283963825809,15.522443796653745,15.388317212608179,15.403794288635254,2637541
2004-02-19,15.527602876838371,15.527602876838371,15.372841801823881,15.398634910583496,2057617
2004-02-20,15.398634323102206,15.434745885216355,15.279984816106234,15.357366561889648,2356134
2004-02-23,15.476016068885619,15.476016068885619,15.316096378220385,15.357366561889648,1797999
2004-02-24,15.347045955632323,15.367681650187652,15.192286119450534,15.295459747314453,3772153
2004-02-25,15.223241928884644,15.37284318437313,15.223241928884644,15.362525939941406,3568423
2004-02-26,15.347046625708659,15.383158184336036,15.269666098625116,15.377998352050781,779469
2004-02-27,15.424428380325262,15.470855973533325,15.352206468551053,15.414111137390137,933344
2004-03-01,15.429594955247895,15.563720393770161,15.429594955247895,15.522451400756836,1465506
2004-03-02,15.527600832044563,15.553393937407543,15.445061683654783,15.445061683654785,2629047
2004-03-03,15.445070231961394,15.579195665310875,15.424435736250537,15.53792667388916,1877398
2004-03-04,15.558548146378048,15.604975722865454,15.537913667939199,15.579182624816895,1431530
2004-03-05,15.54308021853255,15.790696508602746,15.54308021853255,15.713315963745117,3446185
2004-03-08,15.759744120932158,15.759744120932158,15.615300281696937,15.630777359008789,1069616
2004-03-09,15.646255545904095,15.646255545904095,15.450225457313735,15.527606010437012,3392759
2004-03-10,15.527604844358473,15.527604844358473,15.259354056811318,15.279987335205078,7620629
2004-03-11,15.192284236139486,15.331568192559581,15.016889938373298,15.032365798950195,5814629
2004-03-12,15.037530906862779,15.264512715707928,15.037530906862779,15.254194259643555,3145451
2004-03-15,15.218077337100977,15.218077337100977,14.980778385799175,15.032365798950195,5031220
2004-03-16,15.218086124469524,15.223244747640562,15.053008971767554,15.171658515930176,4394301
2004-03-17,15.316099884067878,15.388320602370756,15.233560709064529,15.347051620483398,3327147
2004-03-18,15.347048562129977,15.393477368729574,15.223240429911701,15.352207183837891,3013734
2004-03-19,15.338734124523219,15.421646615210014,15.157364495985282,15.183274269104004,5646597
2004-03-22,14.975995686438182,15.064088919859381,14.898265146124288,14.986359596252441,5933543
2004-03-23,15.131458125630024,15.131458125630024,14.975998235250977,14.981180191040039,7117027
2004-03-24,14.92417086869029,14.996719434399839,14.815348628479276,14.867169380187988,7128475
2004-03-25,15.027820277568605,15.069277147441992,14.893088188071651,15.022638320922852,5957178
2004-03-26,15.00191368765184,15.100372101586407,14.960458025661545,15.012277603149414,1677730
2004-03-29,15.131460447206344,15.250646665348349,15.090004794533419,15.204009056091309,3786433
2004-03-30,15.235104799174266,15.307653427124022,15.19883109355322,15.307653427124023,2434056
2004-03-31,15.312834887364042,15.312834887364042,15.188467890823762,15.235105514526367,2710293
2004-04-01,15.36464782213697,15.437196416361875,15.271371405764121,15.395739555358887,3297480
2004-04-02,15.675564363846624,15.675564363846624,15.261004356027154,15.338733673095703,13601073
2004-04-05,15.302464109310701,15.406104443329326,15.286918241713986,15.380194664001465,3416517
2004-04-06,15.359465267186931,15.411284820534499,15.333555490513147,15.369829177856445,1717122
2004-04-07,15.416470029301257,15.416470029301257,15.28173794545719,15.328376770019531,2321543
2004-04-08,15.52011293923573,15.52011293923573,15.255830684303939,15.302468299865723,2650466
2004-04-12,15.359465866599983,15.44237715519176,15.302463138986036,15.395739555358887,3341303
2004-04-13,15.416471306237709,15.437200350375338,15.02782089179885,15.069277763366699,6383720
2004-04-14,14.820542537557266,15.069278919213353,14.773903705554559,14.887907981872559,13816252
2004-04-15,14.898268793593385,15.323192850130896,14.665078332267797,14.799810409545898,13422209
2004-04-16,14.825721633694393,15.017456464278764,14.825721633694393,14.960454940795898,9027908
2004-04-19,15.022634250739021,15.022634250739021,14.846446555811761,14.934539794921875,4930401
2004-04-20,15.001904739763637,15.001904739763637,14.649528172898336,14.659892082214355,8380648
2004-04-21,14.639165857660798,14.711714447479732,14.592528260660284,14.654711723327637,8799804
2004-04-22,14.613254612357538,14.955266056056766,14.613254612357538,14.908628463745117,7986728
2004-04-23,14.934543134971909,14.934543134971909,14.753173444240282,14.830904006958008,4552607
2004-04-26,14.846449231835365,14.908632705944989,14.753172803963679,14.799810409545898,1432022
2004-04-27,14.82053087691645,14.981172642138366,14.82053087691645,14.836076736450195,2971142
2004-04-28,14.799810623518917,14.799810623518917,14.58734798382479,14.623622894287109,8115860
2004-04-29,14.592527672567613,14.799807089812251,14.514797130659014,14.576980590820312,14606554
2004-04-30,14.665083102835098,14.685810934281092,14.514805108143998,14.571807861328125,5468594
2004-05-03,14.58734886135009,14.675443339619092,14.540711252288034,14.670261383056641,5359651
2004-05-04,14.768712737038028,14.851625219236102,14.61843485162826,14.716893196105957,8101334
2004-05-05,14.768717544586448,14.830902230654202,14.690988207885701,14.701352119445801,5486321
2004-05-06,14.639170755438606,14.654716626306573,14.468163742476102,14.540712356567383,5726735
2004-05-07,14.390427727175563,14.556251489719068,14.229785919189453,14.229785919189453,11324092
2004-05-10,14.069154341635961,14.141701758192585,13.898147283479837,14.110610008239746,13951292
2004-05-11,14.172779709162276,14.240146318511316,14.115778223080184,14.183143615722656,4216298
2004-05-12,14.136510379687252,14.348972962867968,14.006960291171266,14.343791007995605,9999044
2004-05-13,14.240150346467983,14.535524200401152,14.136510034842003,14.36970043182373,10664645
2004-05-14,14.354155189442194,14.452613550587674,14.276424648178507,14.380064964294434,6485647
2004-05-17,14.183149959043686,14.291972243304302,14.095056713881327,14.193513870239258,6915512
2004-05-18,14.35415751500968,14.35415751500968,14.229789358862638,14.307519912719727,3620863
2004-05-19,14.535519101816405,14.566610819386167,14.276419021988744,14.317875862121582,8265426
2004-05-20,14.302333803419424,14.405974115045405,14.302333803419424,14.36970043182373,2846441
2004-05-21,14.509620698063609,14.54589561367105,14.390434470684735,14.457799911499023,3536786
2004-05-24,14.509619762676019,14.545894675944934,14.416343326238943,14.478528022766113,1587744
2004-05-25,14.437068067528411,14.706532189242331,14.354156778820807,14.68580436706543,3633543
2004-05-26,14.665082473287487,14.804996546249312,14.64953660037035,14.773904800415039,5393873
2004-05-27,14.898262701972101,14.898262701972101,14.716893093270427,14.810168266296387,6701441
2004-05-28,14.820535659790037,14.846445434041199,14.763532939730544,14.820535659790039,4512477
2004-06-01,14.742804819571731,14.804988276505956,14.654710372207997,14.763532638549805,3648807
2004-06-02,14.846440642806026,14.872350408695603,14.72725450300743,14.836076736450195,2101440
2004-06-03,14.789440553410856,14.820533494676859,14.716893196105955,14.716893196105957,2813574
2004-06-04,14.950087963093127,14.950087963093127,14.804990772371893,14.841265678405762,4605910
2004-06-07,14.975992122806717,15.074449242613685,14.929353323033595,15.05372142791748,6020575
2004-06-08,15.043358178125823,15.053722085926939,14.965628869617452,15.032994270324707,2272795
2004-06-09,14.981175164044492,15.043358612647333,14.877534866333006,14.877534866333008,4848909
2004-06-10,14.950095176696777,14.955275918107537,14.89827437880442,14.950095176696777,1010405
2004-06-14,14.830901851018661,14.950088047616081,14.732443477010856,14.742807388305664,1945719
2004-06-15,14.872359012714375,14.924178574472394,14.768718672491085,14.799810409545898,4864297
2004-06-16,14.846454604331614,14.862000478484614,14.779087932960916,14.825725555419922,2513702
2004-06-17,14.768710128430753,14.851622595983942,14.732436456185345,14.836076736450195,3297849
2004-06-18,14.844416569738677,14.97463070726468,14.807956953655589,14.854833602905273,2829084
2004-06-21,14.94859075199216,14.94859075199216,14.787125486584213,14.80795955657959,4023154
2004-06-22,14.807958256231528,14.880877494812012,14.745454828790312,14.880877494812012,2394418
2004-06-23,14.844422654647722,14.938177214521771,14.781919207083671,14.917343139648438,4756338
2004-06-24,14.896502254232061,15.01108961364711,14.896502254232061,14.948587417602539,2836224
2004-06-25,14.922546987600965,15.026718552305921,14.886086145040846,14.896504402160645,2157820
2004-06-28,15.047549086929921,15.047549086929921,14.854831554041498,14.886082649230957,3467727
2004-06-29,14.818377945953328,14.88608867962696,14.787126838103958,14.823586463928223,3497763
2004-06-30,14.82878897471695,14.948586062553254,14.78191110898938,14.886082649230957,8074129
2004-07-01,14.844415266431051,14.927752747390521,14.703784108085562,14.781911849975586,5238767
2004-07-02,14.818377945953328,14.88608867962696,14.755874507310713,14.823586463928223,5676264
2004-07-06,14.688159796912934,14.781913095077943,14.667325730654044,14.71941089630127,1824834
2004-07-07,14.636065951179887,14.766281244839762,14.636065951179887,14.688152313232422,1870258
2004-07-08,14.610027451729895,14.703781951188525,14.578776359558105,14.578776359558105,1283194
2004-07-09,14.688156405102632,14.688156405102632,14.537108236662387,14.578776359558105,2438242
2004-07-12,14.531903137636535,14.693369611291802,14.521486103586989,14.646492958068848,3093995
2004-07-13,14.682950384977794,14.682950384977794,14.604821418327735,14.662115097045898,3818070
2004-07-14,14.583991953172863,14.703789087584136,14.537115292163874,14.594408988952637,1995205
2004-07-15,14.58919564105847,14.63607228654814,14.443355965480494,14.458981513977051,6291026
2004-07-16,14.604826461642716,14.636077569916933,14.432944143190626,14.464195251464844,4974471
2004-07-19,14.427731722877276,14.542319088890302,14.427731722877276,14.485025405883789,2046291
2004-07-20,14.479817230798345,14.573571755418604,14.365228639138826,14.55794620513916,5204791
2004-07-21,14.688158678698889,14.688158678698889,14.401686620617706,14.412103652954102,4900242
2004-07-22,14.349595903040495,14.474601465620854,14.224590340460136,14.427724838256836,4180845
2004-07-23,14.401683535496296,14.427727333701643,14.313138779604964,14.354806900024414,4901842
2004-07-26,14.427730664420032,14.427730664420032,14.292306795907114,14.360018730163574,1773009
2004-07-27,14.427729371537895,14.526692394455255,14.37564299071348,14.479814529418945,3324439
2004-07-28,14.479816426612125,14.55794539661378,14.354810808375591,14.526694297790527,1931316
2004-07-29,14.58398578210457,14.630862423278176,14.526692109559054,14.589194297790527,1825081
2004-07-30,14.557944250227854,14.578778314469414,14.511066382740916,14.568361282348633,2404882
2004-08-02,14.568354451431805,14.67252594673834,14.469391469743455,14.656900405883789,4006782
2004-08-03,14.625654959012925,14.646490246197914,14.547527218107074,14.568361282348633,4295698
2004-08-04,14.521483723458484,14.65169785067885,14.464190045576641,14.60482120513916,1936486
2004-08-05,14.557945252671384,14.604821900442769,14.339185117184572,14.365227699279785,2914393
2004-08-06,14.276683770957852,14.380855328490195,14.198554797072701,14.240222930908203,3781386
2004-08-09,14.193341119848125,14.287095609833804,14.193341119848125,14.224592208862305,3709003
2004-08-10,14.323562351744771,14.427733923315119,14.271477177431471,14.422525405883789,4293359
2004-08-11,14.32356404128697,14.469403769510546,14.32356404128697,14.464195251464844,3563991
2004-08-12,14.349605260348252,14.448568316704151,14.313145637512207,14.313145637512207,2020194
2004-08-13,14.427726007963528,14.427726007963528,14.261052318657885,14.328763008117676,3357306
2004-08-16,14.297520781235232,14.557949117207382,14.297520781235232,14.547532081604004,4307761
2004-08-17,14.620452145700023,14.688162875232113,14.604825369787276,14.630867958068848,6881782
2004-08-18,14.610033445735963,14.80795955657959,14.583990858241741,14.80795955657959,5658415
2004-08-19,14.76628912423832,14.807957257760426,14.693368667631059,14.745453834533691,2035335
2004-08-20,14.766290252015366,14.906921436336772,14.750663477807503,14.896504402160645,3160962
2004-08-23,14.922546548989711,14.927755065924684,14.823583504281592,14.844417572021484,2005668
2004-08-24,14.870461463928223,14.927756378193235,14.823584807392635,14.870461463928223,2055155
2004-08-25,14.870456320319956,15.02150449540942,14.844413742363724,15.000670433044434,5790624
2004-08-26,14.995469569965739,15.052764493651607,14.95380142397161,15.037138938903809,1099529
2004-08-27,15.078809395163145,15.078809395163145,14.99547186746258,15.052766799926758,1822865
2004-08-30,15.052759374344626,15.740289664144623,14.964213371276857,14.964213371276855,1135844
2004-08-31,14.974628350754674,15.068382857443741,14.92775170888182,15.042340278625488,2365120
2004-09-01,15.052763109046351,15.089222733437531,14.92775745961848,14.985051155090332,2914762
2004-09-02,15.000665248393858,15.172548649383902,14.948580110483478,15.151713371276855,3807483
2004-09-03,15.057965091275385,15.240264357052576,15.057965091275385,15.146511077880859,1966153
2004-09-07,15.281935001940802,15.365271257171043,15.250682683286058,15.328811645507812,2387525
2004-09-08,15.318395409085149,15.328812441529884,15.193389796804867,15.214223861694336,5874086
2004-09-09,15.214225365580299,15.245476466003591,15.125679358104049,15.198599815368652,2029673
2004-09-10,15.235059090932372,15.292353996700676,15.156931341625901,15.271518707275391,1418604
2004-09-13,15.339234684508376,15.339234684508376,15.209020511773707,15.229854583740234,3666903
2004-09-14,15.235052519317723,15.281930371624481,15.214218461822734,15.250678062438965,1549460
2004-09-15,15.261096772197915,15.261096772197915,15.172552018090997,15.193386077880859,688375
2004-09-16,15.193390957968921,15.302771029941539,15.193390957968921,15.271518707275391,2137632
2004-09-17,15.338551509094273,15.349024982294418,15.27570944032388,15.307129859924316,1670467
2004-09-20,15.170970402541069,15.228575723030783,15.113365082051358,15.150023460388184,2917962
2004-09-21,15.150022463309471,15.286178807911559,15.139548992922325,15.275705337524414,3182504
2004-09-22,15.186684114705942,15.186684114705942,14.971975448938991,14.998160362243652,3718974
2004-09-23,15.003396778021092,15.019106987926062,14.841055483197334,14.846293449401855,7266101
2004-09-24,14.84629413349654,14.951028871022361,14.799162272040332,14.903898239135742,4492288
2004-09-27,14.903890497071599,14.924837433695542,14.80439131853892,14.830574989318848,5585539
2004-09-28,14.872470529796779,14.914364404277501,14.783444816956258,14.888180732727051,4892610
2004-09-29,14.977211092600562,14.977211092600562,14.814869819479583,14.940552711486816,2366967
2004-09-30,14.977213784973404,14.977213784973404,14.84629413349654,14.903898239135742,1899556
2004-10-01,14.930080818922811,15.160499683571372,14.924844082433957,15.15526294708252,4089382
2004-10-04,15.265234237779094,15.322838333854126,15.150024816059645,15.17620849609375,3421441
2004-10-05,15.134310917037796,15.160494590686147,15.060995401253324,15.092415809631348,1900418
2004-10-06,15.076713464228451,15.207633130281602,15.050529776931768,15.202396392822266,2878324
2004-10-07,15.186678478399752,15.212862152417179,15.150021334775355,15.160494804382324,2554817
2004-10-08,15.160504512305245,15.212871893873185,15.061005257756271,15.108137130737305,1988065
2004-10-11,15.10812957608241,15.186680609155735,15.081944668822027,15.150023460388184,2353549
2004-10-12,15.003393853506216,15.186680829573454,14.966735474637334,15.13955020904541,5070612
2004-10-13,15.197151872132462,15.239046979920278,14.992917986247102,15.040048599243164,1306091
2004-10-14,15.003389384948218,15.04004652332997,14.615867376205765,14.673471450805664,9264629
2004-10-15,14.647294953315042,14.783451334977704,14.537322254747215,14.694425582885742,11955718
2004-10-18,14.610634976116685,14.793923196957005,14.610634976116685,14.757266044616699,2062541
2004-10-19,14.741550749383318,14.793919325735235,14.500659724613158,14.511133193969727,12337821
2004-10-20,14.401166138584681,14.448297998593834,14.244062807549794,14.437823295593262,11745587
2004-10-21,14.34879804382669,14.521611576245036,14.139326126689101,14.427349090576172,11411616
2004-10-22,14.427345966875992,14.50066149087127,14.333083501616127,14.348794937133789,3744210
2004-10-25,14.37497900009877,14.37497900009877,14.254532855020704,14.343557357788086,2012808
2004-10-26,14.50589494593539,14.699656567955499,14.322606792179185,14.662998199462891,4685063
2004-10-27,14.636826388380191,14.882955551147461,14.579222266254632,14.882955551147461,5124530
2004-10-28,14.767732171457595,15.034808036236086,14.767732171457595,14.961492538452148,4268985
2004-10-29,14.924842574973049,15.024341787781001,14.914369103053197,14.982446670532227,2393680
2004-11-01,15.029586791992186,15.076717441559575,15.003403097788082,15.029586791992188,2198812
2004-11-02,15.081942340172006,15.212861937982852,15.029574992875302,15.092415809631348,9541850
2004-11-03,15.537548808437183,15.537548808437183,15.14478987272695,15.18144702911377,5676018
2004-11-04,15.212869065735298,15.443287960938145,15.155264956719416,15.438051223754883,5615945
2004-11-05,15.364732815035753,15.579440211991132,15.32283769914719,15.40662670135498,6225536
2004-11-08,15.385680198669435,15.438047558067687,15.359496518970309,15.385680198669434,5472411
2004-11-09,15.396146359526279,15.474697361322884,15.35948922535453,15.369962692260742,1863242
2004-11-10,15.422343478788189,15.479948826586883,15.35950262253855,15.411870002746582,1787043
2004-11-11,15.448516195931187,15.574199048728769,15.443279461629995,15.558488845825195,2934458
2004-11-12,15.605625774010965,15.65275763137665,15.47994409988776,15.621335983276367,3727837
2004-11-15,15.652761123594308,15.699891761905617,15.605629255713245,15.668471336364746,3444215
2004-11-16,15.678946951029051,15.678946951029051,15.521843572317257,15.537553787231445,4068209
2004-11-17,15.579444042985823,15.710364929065605,15.542786883442481,15.574207305908203,5505648
2004-11-18,15.605631385192922,15.621341600107108,15.521843572317257,15.537553787231445,2839178
2004-11-19,15.616105875119816,15.616105875119816,15.301897892477472,15.338556289672852,11335540
2004-11-22,15.265234113258238,15.458994573499471,15.265234113258238,15.427574157714844,1874074
2004-11-23,15.39614252904402,15.506115133767425,15.380432332593317,15.46422004699707,1855117
2004-11-24,15.574203528762334,15.574203528762334,15.506125963263834,15.527072906494141,2208537
2004-11-26,15.558500740450361,15.579447693669277,15.527080310621987,15.537553787231445,697238
2004-11-29,15.527062062368364,15.574192651720475,15.375195600443083,15.46422004699707,6650847
2004-11-30,15.46423086784406,15.474704339473172,15.375206358996603,15.448520660400391,6280316
2004-12-01,15.527072666593671,15.75225353240967,15.516599195140337,15.752253532409668,6023160
2004-12-02,15.710352851397266,15.804614046329132,15.689404689621494,15.726061820983887,5328014
2004-12-03,15.762732720386962,15.767969457604298,15.637049797601254,15.720837593078613,5131424
2004-12-06,15.60561672447934,15.747010985013878,15.60561672447934,15.710353851318359,1969846
2004-12-07,15.788912972835211,15.788912972835211,15.568967598399652,15.579441070556641,3782863
2004-12-08,15.605625774010965,15.65799436779845,15.579442091901964,15.621335983276367,4392331
2004-12-09,15.537546174477301,15.877937686216709,15.532309438738356,15.705122947692871,1574326
2004-12-10,15.579448960041457,15.778447490936557,15.579448960041457,15.731315612792969,2434795
2004-12-13,15.762729053859879,15.935542571403904,15.736545373863722,15.836043357849121,3188044
2004-12-14,15.83604008215943,15.909355600552717,15.788909467915326,15.888408660888672,1869643
2004-12-15,15.867462827034577,15.977434267934772,15.867462827034577,15.972197532653809,2497576
2004-12-16,15.919845209691223,15.925081949916164,15.809872435397063,15.862239837646484,4048020
2004-12-17,15.834300234333369,15.876454365670222,15.78160633295488,15.81322193145752,3846013
2004-12-20,15.813218236023804,15.923874042131013,15.781602644909498,15.786871910095215,3572362
2004-12-21,15.623524039036866,15.992376327514648,15.623524039036866,15.992376327514648,2867984
2004-12-22,16.018719967360258,16.118837230062741,15.955488793363093,16.081951141357422,2557279
2004-12-23,16.124117332469776,16.161002208760479,16.092500487012799,16.113578796386719,1587251
2004-12-27,16.150464581098984,16.150464581098984,16.002923830429584,16.029270172119141,969659
2004-12-28,16.055609670966373,16.124111367371924,16.029263340505526,16.103033065795898,879426
2004-12-29,16.103033621853434,16.124111924157322,16.039802426563952,16.06614875793457,2946399
2004-12-30,16.071421642783786,16.145192624438881,16.071421642783786,16.087230682373047,1163787
2004-12-31,16.124115554596759,16.182077496662593,16.071421642783786,16.087230682373047,701424
2005-01-03,16.203157264478097,16.224234337829742,16.008193098767496,16.029270172119141,5011647
2005-01-04,16.097762149221182,16.124108474955907,15.844834947753585,15.876450538635254,7426746
2005-01-05,15.860644100373108,15.981838446330435,15.844836303579616,15.850104331970215,2943321
2005-01-06,15.892259999420199,15.976569487813201,15.876452202322872,15.929144859313965,3211925
2005-01-07,15.992382683681976,15.992382683681976,15.844841957092285,15.844841957092285,1519670
2005-01-10,15.807958337280986,15.934420766771463,15.781610760596033,15.860651016235352,3742117
2005-01-11,15.807957630274917,15.87118884219216,15.76053298412927,15.792148590087891,7431178
2005-01-12,15.834299095313574,15.834299095313574,15.655141575604565,15.771066665649414,4748336
2005-01-13,15.78687335380457,15.78687335380457,15.59717731535676,15.618255615234375,8480851
2005-01-14,15.623526539869156,15.702565533275706,15.607717503980465,15.670949935913086,6409202
2005-01-18,15.607717296895681,15.929146244106372,15.607717296895681,15.918607711791992,7196426
2005-01-19,15.939680993792315,15.939680993792315,15.755255484849112,15.760524749755859,4413504
2005-01-20,15.597189554236531,15.728922536502466,15.597189554236531,15.644614219665527,4996998
2005-01-21,15.676225466285064,15.702571807948454,15.549761789092923,15.565570831298828,5053132
2005-01-24,15.66568699581954,15.697303843157085,15.570838928222656,15.570838928222656,6601238
2005-01-25,15.644603739851609,15.844838332625102,15.576103278307839,15.581371307373047,3229529
2005-01-26,15.62352908894638,15.670952492727739,15.576105685165023,15.655144691467285,2403035
2005-01-27,15.623532346163378,15.676225028017001,15.528684281619018,15.576108932495117,1782365
2005-01-28,15.544488474134734,15.623528715756592,15.48125727060329,15.555027008056641,3086609
2005-01-31,15.570831473664509,15.749988986376465,15.570831473664509,15.739450454711914,4741320
2005-02-01,15.807957341585682,15.971304636055464,15.755263428742577,15.908073425292969,4151671
2005-02-02,15.939689030674216,15.939689030674216,15.844842214530471,15.908073425292969,10027111
2005-02-03,15.886997488966642,15.886997488966642,15.792149428845464,15.834304809570312,6478630
2005-02-04,15.886990395980574,16.05560813197469,15.876451864806393,16.023992538452148,5067412
2005-02-07,16.113575433009199,16.113575433009199,15.966034721434674,16.039804458618164,3950525
2005-02-08,16.018732862395463,16.050348474844522,15.976578712463379,15.976578712463379,4563933
2005-02-09,16.018728190768194,16.039805259587418,15.923880143874081,15.934418678283691,2699214
2005-02-10,16.045075157306687,16.045075157306687,15.939688571861645,15.981843948364258,8895206
2005-02-11,15.939691635459292,16.134657041585985,15.939691635459292,16.108310699462891,2650959
2005-02-14,16.124106494562504,16.150452817061321,16.039797025359313,16.081951141357422,6321185
2005-02-15,16.108306451891565,16.150460588172965,16.066151078402594,16.118844985961914,6984202
2005-02-16,16.018724872558632,16.076686799804932,15.981840009765531,16.008186340332031,3653854
2005-02-17,15.939684067708301,16.023993559682125,15.865914344787598,15.865914344787598,2258023
2005-02-18,15.913341143554797,15.913341143554797,15.697299957275391,15.697299957275391,10973257
2005-02-22,15.597175235266661,15.681484711911596,15.454905081215287,15.46544361114502,8719296
2005-02-23,15.465448270795832,15.634066037682183,15.465448270795832,15.607718467712402,10591524
2005-02-24,15.597179741323169,15.665681442863784,15.549756342938661,15.628796577453613,19070406
2005-02-25,15.607714419366541,15.80795020804522,15.607714419366541,15.786871910095215,13521920
2005-02-28,15.755263837059063,15.755263837059063,15.602453836548419,15.634069442749023,9929738
2005-03-01,15.728908755845184,15.844835064345245,15.676216103988006,15.786871910095215,6158693
2005-03-02,15.786873847202397,15.865914071893823,15.697296328053705,15.739450454711914,7729449
2005-03-03,15.755265068663126,15.834305327551014,15.634070664879202,15.71311092376709,6592990
2005-03-04,15.813226104015515,15.950228304217806,15.802687568400549,15.91334342956543,9135497
2005-03-07,15.913343429565428,16.013460755115343,15.913343429565428,15.91334342956543,3544418
2005-03-08,15.96602789368902,15.96602789368902,15.834295039274043,15.886987686157227,14748857
2005-03-09,15.939687986684083,15.939687986684083,15.692029953002931,15.69202995300293,8946046
2005-03-10,15.718372338907955,15.823758893999333,15.686757980750034,15.781604766845703,11290117
2005-03-11,15.755270122722228,15.802693550943008,15.581381744829603,15.644614219665527,15419629
2005-03-14,15.597179456534311,15.739452123504954,15.597179456534311,15.728912353515625,10302855
2005-03-15,15.765792224671506,15.807947576346381,15.607711821002844,15.623520851135254,11003540
2005-03-16,15.597175235266661,15.618253532333208,15.444366551285555,15.46544361114502,10547824
2005-03-17,15.465439877388267,15.497055459544644,15.381130421097813,15.423284530639648,9455680
2005-03-18,15.494808451537493,15.494808451537493,15.272319811503046,15.346482276916504,14370694
2005-03-21,15.309405828616775,15.775573773996269,15.1822688900961,15.208755493164062,11070629
2005-03-22,15.282916981109882,15.293511620781144,14.927992820739746,14.927992820739746,24746424
2005-03-23,14.864422929042204,15.049831600776022,14.864422929042204,14.959775924682617,15802470
2005-03-24,14.938590756328638,15.060430383224048,14.885616302490234,14.885616302490234,5773267
2005-03-28,14.943883155288951,15.071020061313858,14.938585836029336,14.991559028625488,3886390
2005-03-29,14.970359638715742,15.12398303726208,14.922683797585488,14.938575744628906,6737263
2005-03-30,14.93858644811869,15.123993873596191,14.922694489688693,15.123993873596191,6679406
2005-03-31,15.150483898587735,15.182267820029114,15.039238929748535,15.039238929748535,9881483
2005-04-01,15.15048163893098,15.235238750133345,14.790258941144179,14.832638740539551,14815085
2005-04-04,14.832628187212819,15.002143532802576,14.679004788666481,14.938575744628906,14883898
2005-04-05,14.970366209934488,15.081611131862497,14.954474255915322,14.980960845947266,10589554
2005-04-06,15.071017949940122,15.150478971496403,15.044531357352685,15.081612586975098,8935460
2005-04-07,15.081609687867745,15.214043869141346,15.049825782872576,15.139880180358887,13217616
2005-04-08,15.145177443998207,15.187557227634784,15.002148628234863,15.002148628234863,6165340
2005-04-11,15.097498866935455,15.118688133039738,14.991551292620533,15.033929824829102,7842209
2005-04-12,15.044535559742357,15.282917447204435,14.943885236001474,15.240537643432617,14569254
2005-04-13,15.240532121125312,15.245829439203051,14.986258365806105,15.018043518066406,3904486
2005-04-14,14.991550010368915,15.018037834527226,14.837926600459015,14.84852123260498,5226087
2005-04-15,14.885604821653827,14.949173868472034,14.652521633436651,14.689602851867676,13627662
2005-04-18,14.753176344855429,14.853826648923185,14.705500474199475,14.811448097229004,10240566
2005-04-19,14.965072970587432,14.965072970587432,14.816746782189107,14.832638740539551,8712403
2005-04-20,14.885614919985034,14.885614919985034,14.626044971083235,14.647233009338379,13415930
2005-04-21,14.726689680574935,14.774366794800052,14.509497116578691,14.731986999511719,14294003
2005-04-22,14.779662381252928,14.806150218855091,14.583660343278696,14.694905281066895,15870175
2005-04-25,14.827338780873525,14.896205165257008,14.753175077983157,14.880311965942383,3569038
2005-04-26,14.859129642282845,14.949185342817486,14.779668583717626,14.795561790466309,12282179
2005-04-27,14.673712456865323,15.033932533117,14.673712456865323,15.002148628234863,7104717
2005-04-28,14.991559912750089,15.018047754404424,14.837936401367189,14.837936401367188,9885792
2005-04-29,14.917396285174373,15.081614423002275,14.769068861039489,15.065722465515137,13999424
2005-05-02,15.198157175734648,15.2034544950669,14.99155923418852,15.102804183959961,9578534
2005-05-03,15.123994486134084,15.22994212375259,15.044534690765889,15.118697166442871,17944656
2005-05-04,15.123985187714217,15.431233272287249,15.108093238411152,15.410042762756348,15000843
2005-05-05,15.468321512044266,15.468321512044266,15.219345038973524,15.341184616088867,13850473
2005-05-06,15.468319355562924,15.468319355562924,15.22464023530422,15.229937553405762,13104241
2005-05-09,15.298810276842659,15.378270081317291,15.224646548871945,15.362378120422363,4848170
2005-05-10,15.214048784146325,15.282915177677358,15.129290432983698,15.161075592041016,14970191
2005-05-11,15.203450962898049,15.28291197821506,15.086908720870239,15.229937553405762,11012034
2005-05-12,15.309401085911619,15.335887680774288,15.076316563531982,15.086911201477051,16620716
2005-05-13,15.08691537966182,15.129293943178448,14.853830792731515,14.95448112487793,12172005
2005-05-16,14.991559773059139,15.21934700012207,14.965073175445822,15.21934700012207,10449713
2005-05-17,15.187562267462356,15.33588844992649,15.102803915856791,15.314699172973633,10526650
2005-05-18,15.452439156712774,15.53189898868504,15.388870047340145,15.494817733764648,23050967
2005-05-19,15.510697364807129,15.526590562356853,15.415345642271758,15.510697364807129,4378421
2005-05-20,15.468331123107228,15.510709700159103,15.415357901792385,15.494817733764648,5941914
2005-05-23,15.415353274622433,15.55838217303487,15.415353274622433,15.516003608703613,5491368
2005-05-24,15.547786319951328,15.547786319951328,15.388864228508723,15.463027954101562,11176865
2005-05-25,15.494801069499509,15.494801069499509,15.357069598412798,15.410042762756348,4678416
2005-05-26,15.463021503539442,15.563671787787275,15.415345642271758,15.510697364807129,7317803
2005-05-27,15.510708307289176,15.563682767641703,15.505410985633395,15.537196159362793,4881777
2005-05-31,15.568969105705907,15.568969105705907,15.473616139376707,15.510697364807129,4031279
2005-06-01,15.521291968269502,15.738484490068034,15.484210742916424,15.632536888122559,18682764
2005-06-02,15.574265555979547,15.621941414591202,15.542481650238443,15.590157508850098,4226639
2005-06-03,15.606050331136331,15.616644966973594,15.463021503539442,15.510697364807129,4204604
2005-06-06,15.478920305442728,15.558381353171002,15.43654174334465,15.547786712646484,3995580
2005-06-07,15.600764019232177,15.680223844068907,15.52130295060074,15.537196159362793,5202452
2005-06-08,15.526597431597445,15.632543836842638,15.526597431597445,15.547786712646484,6171249
2005-06-09,15.515998250022198,15.637836580395877,15.500105050092486,15.595458030700684,4126435
2005-06-10,15.568975993695522,15.62194919631812,15.484217625704987,15.547786712646484,8842765
2005-06-13,15.521298867540805,15.648437041423797,15.494812266229507,15.547786712646484,6442931
2005-06-14,15.521291135950614,15.632536049838237,15.521291135950614,15.590157508850098,3297972
2005-06-15,15.669620925940642,15.680214319022475,15.553078676513065,15.627241134643555,7133276
2005-06-16,15.574269918233796,15.717298777923999,15.574269918233796,15.706704139709473,5908677
2005-06-17,15.783969943537089,15.799957505282729,15.714695931080463,15.789299964904785,7549108
2005-06-20,15.773314641317311,15.805288518166805,15.666739222415345,15.75200080871582,2831177
2005-06-21,15.778648627892832,15.83193635073258,15.709373337021944,15.81062126159668,3163178
2005-06-22,15.869231517739353,15.890547849673963,15.783969943537089,15.789299964904785,3711465
2005-06-23,15.794627836114758,15.826600455428808,15.624104697415854,15.645421028137207,4814195
2005-06-24,15.666741943968438,15.677399487710012,15.592137886598289,15.618782997131348,4695034
2005-06-27,15.640096111199387,15.640096111199387,15.560163292044109,15.61345100402832,2754978
2005-06-28,15.650754614858464,15.752002525026027,15.634768300281328,15.730686187744141,5373931
2005-06-29,15.773308727910933,15.83725520645751,15.757322421068897,15.805282592773438,3537032
2005-06-30,15.906532175339946,15.906532175339946,15.688051356491288,15.704037666320801,4857526
2005-07-01,15.805279926795167,15.805279926795167,15.688045778549775,15.72001838684082,4179122
2005-07-05,15.746668717258006,15.863904165001587,15.672065933830483,15.847916603088379,3199123
2005-07-06,15.826605326385993,15.863907978245015,15.730686187744141,15.730686187744141,5527929
2005-07-07,15.66673520093511,15.773310592480335,15.544172249479518,15.762654304504395,7762071
2005-07-08,15.730679579790621,15.93317531506379,15.725350810503354,15.922517776489258,2798679
2005-07-11,15.986470880563543,16.066402452979467,15.885221719811979,15.991798400878906,3586765
2005-07-12,16.013114738035519,16.06107368148507,15.938510685934958,15.991798400878906,6681376
2005-07-13,15.99712299610772,16.087713339041628,15.986466707079929,16.061069488525391,2753008
2005-07-14,16.172972707772729,16.199616554657865,16.098368685315815,16.140998840332031,3672319
2005-07-15,16.188962574869787,16.194291345418286,16.071728371624001,16.183633804321289,11394136
2005-07-18,16.125022973272873,16.162325634244347,16.007788719889692,16.013118743896484,6636937
2005-07-19,16.055742168862423,16.087714792370242,16.002453211837238,16.007781982421875,4621174
2005-07-20,15.98647655655304,16.114367117825989,15.949173891668954,16.066408157348633,10014308
2005-07-21,16.03975500017393,16.08771393287342,15.954493424196082,15.981137275695801,7327404
2005-07-22,16.013120423484903,16.077065704121377,15.954502665055326,16.066408157348633,5558581
2005-07-25,16.039749759386087,16.119681287768611,15.997118359737064,16.002447128295898,2830438
2005-07-26,16.002453045366497,16.055742001837324,15.986467984957693,16.023769378662109,5911754
2005-07-27,16.061064583014957,16.061064583014957,15.975803036225621,16.045078277587891,5182141
2005-07-28,16.061065945393754,16.125011172526165,16.029092080649121,16.093038558959961,8298540
2005-07-29,16.066394743668688,16.119682433043032,15.943831806929266,15.949160575866699,5599327
2005-08-01,16.050408436856383,16.050408436856383,15.927845500116963,15.949160575866699,5210946
2005-08-02,15.938516344896207,16.066408157348633,15.938516344896207,16.066408157348633,2315019
2005-08-03,16.066400066114824,16.093043919628521,15.981138483692149,16.087715148925781,4249043
2005-08-04,15.986466935152986,16.034425866766423,15.954493062898639,15.975808143615723,6744526
2005-08-05,15.938505221839137,15.938505221839137,15.77864088063353,15.79462718963623,6716582
2005-08-08,15.794632697231723,15.858577955540264,15.709371101641294,15.730686187744141,6635582
2005-08-09,15.773309586708764,15.858571145686897,15.746665740521381,15.831927299499512,7031718
2005-08-10,15.847923983710158,15.997130871231882,15.767992392812443,15.815951347351074,5165522
2005-08-11,15.863899957454217,15.895871319264723,15.736007003141756,15.874557495117188,4689864
2005-08-12,15.847913607211943,15.879886222636804,15.751995760937358,15.831927299499512,3932676
2005-08-15,15.815946990896673,15.938509981026222,15.762659278309467,15.906536102294922,5816721
2005-08-16,15.906530757405093,15.975806011669665,15.799955368041994,15.799955368041992,14594121
2005-08-17,15.815945163704471,15.895876723350908,15.773313747380874,15.837260246276855,11855392
2005-08-18,15.794628407970743,15.869231189071238,15.751998247341888,15.826601028442383,13065219
2005-08-19,15.831930653702667,15.906533438832927,15.831930653702667,15.853245735168457,6882644
2005-08-22,15.853250523350479,15.965155986023616,15.826606663470956,15.895880699157715,6522577
2005-08-23,15.89587381332,15.89587381332,15.77331085978736,15.79462718963623,8087916
2005-08-24,15.746671535167811,15.847919439116774,15.61345100402832,15.61345100402832,13036906
2005-08-25,15.613452298424622,15.720028982407495,15.58680844022367,15.693385124206543,8257302
2005-08-26,15.69338184292962,15.69338184292962,15.528188705444336,15.528188705444336,16319983
2005-08-29,15.528194768479519,15.672072880038426,15.442933155593787,15.650757789611816,11118884
2005-08-30,15.560154500848103,15.613442182725773,15.464235422290045,15.512195587158203,20823227
2005-08-31,15.293722216572261,15.688055038452147,15.293722216572261,15.688055038452148,14215465
2005-09-01,15.741347484985349,15.783976412790373,15.565495494316789,15.725359916687012,19850860
2005-09-02,15.746670462842827,15.799959422377102,15.682725212816351,15.71469783782959,7385877
2005-09-06,15.773315569647933,15.906536102294922,15.762659278309467,15.906536102294922,10429032
2005-09-07,15.922521133019078,15.933178673840263,15.821273244039041,15.869232177734375,10585738
2005-09-08,15.7999529606723,15.858569415890873,15.778637886047365,15.778637886047363,7680578
2005-09-09,15.799950684981814,15.943828669155533,15.794621917093091,15.917184829711914,8127062
2005-09-12,15.959821109517881,15.965149879455565,15.906532158962376,15.965149879455566,8269119
2005-09-13,15.933175166190075,15.938503935427551,15.831927299499512,15.831927299499512,5414307
2005-09-14,15.831937665530615,15.917199280334167,15.799965029171529,15.815951347351074,8381264
2005-09-15,15.879888729228451,15.879888729228451,15.762655787499101,15.826601028442383,5711101
2005-09-16,15.924151076037461,16.058147591022443,15.865191904702639,16.052787780761719,12791813
2005-09-19,16.079595673501167,16.079595673501167,15.881280083397082,15.908079147338867,6953919
2005-09-20,15.854475339740972,16.06886903293821,15.816955405196198,15.822315216064453,23278456
2005-09-21,15.827677861763908,15.827677861763908,15.554324941589739,15.559684753417969,17675437
2005-09-22,15.554322991857621,15.677599906921385,15.436405887950235,15.677599906921387,15650934
2005-09-23,15.650795145975259,15.747272970088192,15.586477435544364,15.731193542480469,4365865
2005-09-26,15.75799642708845,15.89199294826051,15.629359716424599,15.645439147949219,7957430
2005-09-27,15.597202742445845,15.763358146791218,15.591841672821431,15.699040412902832,7322973
2005-09-28,15.699033396887137,15.741911866983351,15.570395469665527,15.570395469665527,7652019
2005-09-29,15.597201429483803,15.865193223259746,15.565041306779783,15.859834671020508,8617862
2005-09-30,15.891994015818767,15.99383168078262,15.774076918250147,15.822315216064453,6617856
2005-10-03,15.89199515195279,16.090309426722936,15.731199555942686,15.784797668457031,4219006
2005-10-04,16.052795255286977,16.052795255286977,15.586487770080566,15.586487770080566,11310428
2005-10-05,15.650794341785987,15.709753498451382,15.522157669067383,15.522157669067383,12952828
2005-10-06,15.597202620888137,15.693679220968816,15.48464532899364,15.565042495727539,12219645
2005-10-07,15.565037731743098,15.688314608137482,15.55967792226798,15.618637084960938,6118439
2005-10-10,15.677595487081605,15.677595487081605,15.452482223510744,15.452482223510742,5314473
2005-10-11,15.522157663033763,15.565036134434456,15.382801372514987,15.404240608215332,10020586
2005-10-12,15.436409532863523,15.511448165238331,15.264894276893406,15.334571838378906,12442948
2005-10-13,15.356000268462193,15.420317966937443,15.23808322945788,15.409598350524902,21803841
2005-10-14,15.447118294201346,15.586475836100957,15.447118294201346,15.581114768981934,11216133
2005-10-17,15.597202301025391,15.666879844099178,15.495364633450537,15.597202301025391,9411611
2005-10-18,15.581118931178898,15.672236961079397,15.473922729492186,15.473922729492188,6495987
2005-10-19,15.506084966448299,15.822316347217072,15.425686539209712,15.784797668457031,19473189
2005-10-20,15.838393584711548,15.870553706227684,15.581120163383844,15.645439147949219,16381902
2005-10-21,15.891991805186372,15.891991805186372,15.650797832731811,15.736556053161621,8709325
2005-10-24,15.811597718973877,16.047431945800781,15.774079037854598,16.047431945800781,9280263
2005-10-25,16.025990675088359,16.047429918734089,15.865193830811421,15.956313133239746,12154279
2005-10-26,15.972389049000942,16.122464991767192,15.902711517004773,16.063507080078125,15936157
2005-10-27,15.999184451150366,16.101022079310557,15.972385406494141,15.972385406494141,17731940
2005-10-28,16.079596225107142,16.245750427246094,16.009917398000752,16.245750427246094,20482363
2005-10-31,16.251098948413237,16.369014742739079,16.251098948413237,16.304697036743164,11654000
2005-11-01,16.310069441380261,16.310069441380261,16.186792484551628,16.245750427246094,10145533
2005-11-02,16.213582486275708,16.42797740225625,16.208222676299535,16.379737854003906,12949258
2005-11-03,16.535177115579788,16.535177115579788,16.320782170356619,16.390460968017578,10983844
2005-11-04,16.454777889418978,16.454777889418978,16.331500990732266,16.417259216308594,8035845
2005-11-07,16.508377534643774,16.567335450539773,16.44941836028087,16.556615829467773,9374188
2005-11-08,16.422615055658607,16.615569443464125,16.422615055658607,16.508373260498047,7569419
2005-11-09,16.535171031558306,16.626287780055367,16.470852068270375,16.551250457763672,10027726
2005-11-10,16.615578504265592,16.899652319436466,16.561980383554442,16.883571624755859,18624907
2005-11-11,16.899651184655024,16.98004836032322,16.856771432498142,16.942529678344727,10650120
2005-11-14,16.958608789269881,16.97468822409612,16.883570168280279,16.953248977661133,6888922
2005-11-15,16.963966909955062,17.097963445284449,16.733492516817751,16.797811508178711,16973767
2005-11-16,16.792453803054549,16.87821204946847,16.663817062667256,16.706695556640625,21732197
2005-11-17,16.754932353453771,16.937167181208459,16.706692797234162,16.905008316040039,11009325
2005-11-18,17.017571310610379,17.473159162043338,16.872853851877576,16.990772247314453,9416658
2005-11-21,17.017563169191764,17.114041009368272,16.963963809775123,17.071161270141602,7275456
2005-11-22,17.097964079560903,17.253399864954403,17.001487476641049,17.221240997314453,15687372
2005-11-23,17.231953464854048,17.446348343700716,17.194434801519176,17.355230331420898,11811322
2005-11-25,17.392755508422852,17.424915633220554,17.344517208926835,17.392755508422852,2176654
2005-11-28,17.446347706575736,17.446347706575736,17.28019111522751,17.312351226806641,19170609
2005-11-29,17.36595346377722,17.403472134704561,17.178358850673725,17.3016357421875,18621953
2005-11-30,17.312352983063381,17.312352983063381,17.039000186942726,17.081878662109375,25968807
2005-12-01,17.178354422398275,17.264111362411285,17.151555378644208,17.172994613647461,12589068
2005-12-02,17.215881509372036,17.22660113212001,17.146202703043098,17.210521697998047,7858335
2005-12-05,17.151557124172871,17.189075789246868,17.022919184128796,17.178356170654297,15691188
2005-12-06,17.258749152151623,17.301628874658011,17.114034336016346,17.124753952026367,8581793
2005-12-07,17.108683794026224,17.156922095745315,16.910368258913568,16.985406875610352,9688955
2005-12-08,16.990764450662596,17.087241034257158,16.910364780733484,16.97468376159668,9374557
2005-12-09,17.258755072204902,17.258755072204902,16.958603204034404,17.097959518432617,9121833
2005-12-12,17.103320929515679,17.14084086039972,16.96396460207071,17.022922515869141,6234400
2005-12-13,17.017560625099236,17.290912157544692,16.996120129457815,17.242673873901367,19211602
2005-12-14,17.226600779113578,17.339158074127898,17.194441911528649,17.306999206542969,11667664
2005-12-15,17.317719183944895,17.317719183944895,17.189082452502099,17.210521697998047,11066936
2005-12-16,17.317332965031987,17.344306741508124,17.220226103046073,17.252595901489258,7611765
2005-12-19,17.220233818228873,17.263393146599192,17.090758366462698,17.10154914855957,7940196
2005-12-20,17.106939421286967,17.214835821905726,17.101545931261789,17.177072525024414,5430680
2005-12-21,17.204034269369593,17.333509606172658,17.177060504758803,17.225614547729492,7313863
2005-12-22,17.263387513868963,17.344308853149414,17.209438687676688,17.344308853149414,6719783
2005-12-23,17.36048811913745,17.387463157797587,17.317330083955817,17.365882873535156,3939692
2005-12-27,17.457598421972918,17.457598421972918,17.21483189265965,17.231016159057617,8312820
2005-12-28,17.225628095184589,17.295759938329297,17.182468771192504,17.193258285522461,5012386
2005-12-29,17.24180960539238,17.25799387548437,17.150098741537761,17.177072525024414,4117326
2005-12-30,17.085357666015625,17.155490758553022,17.036804863493391,17.085357666015625,6315399
2006-01-03,17.08535422771606,17.403647291318283,17.031406680214562,17.371278762817383,17719999
2006-01-04,17.371284901683701,17.43602324823518,17.290363551834531,17.355100631713867,19258380
2006-01-05,17.365884187755224,17.425227757292607,17.349699923337315,17.414438247680664,6362054
2006-01-06,17.430628777333073,17.533130422161225,17.376679943210387,17.516944885253906,9402870
2006-01-09,17.52233839692823,17.592470224560845,17.49536335039755,17.565496444702148,8239329
2006-01-10,17.608655987348811,17.614050743778535,17.457601540644472,17.581682205200195,8345072
2006-01-11,17.468387334783422,17.684180079377949,17.468387334783422,17.67878532409668,9195078
2006-01-12,17.60865030567939,17.635625345796235,17.527727718672221,17.554702758789062,7183747
2006-01-13,17.770504773094398,17.770504773094398,17.495368340051215,17.543922424316406,7528550
2006-01-17,17.441424891515041,17.441424891515041,17.328133690321831,17.360502243041992,7335529
2006-01-18,17.263390242955467,17.452207997797785,17.247204705868707,17.311943054199219,10850896
2006-01-19,17.382070525431679,17.382070525431679,17.231016106175684,17.257989883422852,7725879
2006-01-20,17.252593472790267,17.252593472790267,16.885746364341504,16.896535873413086,26976750
2006-01-23,16.831806572461833,17.052994160306806,16.810227542754482,16.939702987670898,13649574
2006-01-24,16.993642263596897,17.101539892789674,16.988248775476134,17.015222549438477,16959733
2006-01-25,17.047582626342773,17.096135395403497,16.9828443342574,17.047582626342773,8817284
2006-01-26,17.204037129672876,17.39825080050262,17.155484345301179,17.338907241821289,14626496
2006-01-27,17.317337335117589,17.511551108099884,17.25799374522272,17.355100631713867,12404418
2006-01-30,17.33891456832507,17.355098836620911,17.301151275634766,17.301151275634766,7284073
2006-01-31,17.311940539987816,17.349703832137486,17.214833664930957,17.236413955688477,16142719
2006-02-01,17.209429022291751,17.306535841561868,17.144690720554589,17.225614547729492,13474526
2006-02-02,17.214828038234881,17.236408321938846,17.079957915110885,17.106931686401367,17747327
2006-02-03,17.155488169014685,17.166277679057668,16.928905924768532,17.036802291870117,15270063
2006-02-06,17.02061932931403,17.096147177687232,17.02061932931403,17.085357666015625,9126634
2006-02-07,17.058380407011697,17.123118730506992,16.966668309839896,16.972063064575195,9067177
2006-02-08,16.950488271484193,17.10154397507501,16.950488271484193,17.079963684082031,11276452
2006-02-09,17.085354803053608,17.247198717679776,17.079960048121794,17.123119354248047,7923701
2006-02-10,17.101545458478903,17.231019615635439,17.020621576911829,17.220230102539062,6550151
2006-02-13,17.182460833911474,17.204039852603156,17.079959228454317,17.155487060546875,18027749
2006-02-14,17.182473936408456,17.430635373941655,17.166289660048374,17.360502243041992,18669346
2006-02-15,17.38207861514551,17.479185525101251,17.317341519623312,17.463001251220703,16644351
2006-02-16,17.457600058595371,17.565496444702148,17.430626278736671,17.565496444702148,9676768
2006-02-17,17.560095830161973,17.597859109365203,17.436015217536948,17.495357513427734,9473161
2006-02-21,17.462992900916792,17.543915498297114,17.419834857872271,17.441413879394531,14553744
2006-02-22,17.635628120638469,17.792077297908275,17.484572432234643,17.770498275756836,22394968
2006-02-23,17.77589086691232,17.824444930972881,17.624836452808861,17.705759048461914,9125895
2006-02-24,17.711154111887289,17.797471464307613,17.662601313653767,17.743522644042969,9338858
2006-02-27,17.748922288161641,17.824450150666781,17.748922288161641,17.775896072387695,11734508
2006-02-28,17.72194786059011,17.738132130538215,17.554709137787512,17.603261947631836,15690203
2006-03-01,17.657209697714151,17.694972991943359,17.608655624175963,17.694972991943359,6728277
2006-03-02,17.619446635145746,17.619446635145746,17.511551499601335,17.587078094482422,17965706
2006-03-03,17.53852766680609,17.646424083684771,17.489973582540898,17.543922424316406,13546047
2006-03-06,17.543916168730533,17.592468969011048,17.43601979032417,17.489967346191406,17043687
2006-03-07,17.430621007349686,17.560096378187339,17.419831498669179,17.549306869506836,26680694
2006-03-08,17.565502942781897,17.597871490586567,17.446817000825657,17.560108184814453,10367236
2006-03-09,17.560102046262585,17.614049607078382,17.441416145795827,17.452205657958984,7940196
2006-03-10,17.506156187310737,17.641026378892306,17.452208617347001,17.608657836914062,9605493
2006-03-13,17.657209227569584,17.700367276968112,17.565497105925679,17.614049911499023,12916268
2006-03-14,17.624839889137728,17.819053649902344,17.619445132820495,17.819053649902344,17439577
2006-03-15,17.786685826993029,17.87300193153856,17.721947481911766,17.840633392333984,23877830
2006-03-16,17.894587053726372,17.975508423576812,17.883796271073859,17.899980545043945,14009888
2006-03-17,17.914623203616753,17.95258903503418,17.887504752604304,17.95258903503418,8742685
2006-03-20,17.93089208212378,17.99055394052299,17.865807807650636,17.963434219360352,9054374
2006-03-21,17.94716633421336,17.958013715216325,17.762759583697193,17.784454345703125,10612574
2006-03-22,17.757338463521226,17.941745240729762,17.751914772234677,17.925474166870117,8927212
2006-03-23,17.871226211962711,17.88207486207174,17.784447198812146,17.83868408203125,10013077
2006-03-24,17.80071364633212,17.892917597352408,17.751900464096906,17.833255767822266,12086450
2006-03-27,17.822416305541992,17.854958441477919,17.768179412315451,17.822416305541992,8242530
2006-03-28,17.822416687879191,17.876654855734728,17.643433662926508,17.675975799560547,13887403
2006-03-29,17.773602915942497,17.795297673006452,17.638009410827358,17.757331848144531,6550767
2006-03-30,17.692238983480575,17.806137684407187,17.616307365172769,17.648849487304688,10008276
2006-03-31,17.659707213761013,17.735638876581216,17.627165072552355,17.65428352355957,9100291
2006-04-03,17.654278041788242,17.822413659291392,17.638006976236188,17.681396484375,17761607
2006-04-04,17.681393114315981,17.898343160590045,17.638003614447172,17.871223449707031,5489768
2006-04-05,17.882083312631909,17.952591294136795,17.838692512086169,17.903778076171875,10001506
2006-04-06,18.033939408550438,18.033939408550438,17.768176133846417,17.83868408203125,14073654
2006-04-07,17.909192305140202,17.925463369198727,17.64342904525402,17.670547485351562,15008229
2006-04-10,17.71393995292695,17.795296560295107,17.659703063658412,17.703092575073242,8589795
2006-04-11,17.779015385180333,17.779015385180333,17.518675917777749,17.551218032836914,11979107
2006-04-12,17.55664169236266,17.643421939188315,17.545794320692533,17.589183807373047,8625986
2006-04-13,17.567499459460393,17.638008690504126,17.53495732519346,17.616313934326172,6869965
2006-04-17,17.648856820083953,17.686822645011965,17.551229139660773,17.600042343139648,7458260
2006-04-18,17.670558129470553,17.941745240729762,17.632592290464714,17.925474166870117,16304226
2006-04-19,17.963426060006935,17.990545768851248,17.876647066792859,17.947154998779297,11333325
2006-04-20,17.952586266513443,18.066485016666711,17.909196751584751,17.985128402709961,5373561
2006-04-21,18.093604041772135,18.093604041772135,17.746484090852217,17.963434219360352,6024760
2006-04-24,18.136997574300302,18.136997574300302,17.757335428729832,17.968860626220703,6810631
2006-04-25,17.968853301822755,17.968853301822755,17.806141383892495,17.860378265380859,8725328
2006-04-26,17.795298570172569,17.968857908899782,17.795298570172569,17.963434219360352,6675959
2006-04-27,17.914618666802632,18.27800963873889,17.887500222657835,18.245466232299805,21775528
2006-04-28,18.169534463267393,18.489534648897642,18.169534463267393,18.419025421142578,16492446
2006-05-01,18.435303205815931,18.456997967389515,18.088183200241502,18.131572723388672,16759696
2006-05-02,18.22377147698397,18.256313609957726,18.164110899865417,18.245466232299805,4896426
2006-05-03,18.250896398126123,18.278014850002688,18.158691114814413,18.22920036315918,5726120
2006-05-04,18.234626532251234,18.337677936856128,18.234626532251234,18.267169952392578,10429278
2006-05-05,18.337674177676782,18.549200634636737,18.337674177676782,18.527505874633789,14808930
2006-05-08,18.554623798771871,18.560047488618892,18.429877658824804,18.451572418212891,10281189
2006-05-09,18.424458811285987,18.505814180373097,18.424458811285987,18.484119415283203,12726324
2006-05-10,18.467842337366246,18.527504195432634,18.364790963226483,18.494960784912109,10461900
2006-05-11,18.484108664527604,18.484108664527604,18.131565116466014,18.191226959228516,10598048
2006-05-12,17.898350698055022,18.191232492439706,17.898350698055022,18.006824493408203,10406628
2006-05-15,17.974284428514494,18.147845068034552,17.974284428514494,18.131572723388672,6753635
2006-05-16,18.147843736123406,18.196656946081458,18.03394497275568,18.10987663269043,9561546
2006-05-17,17.990558482456152,18.017676936999678,17.692251662079947,17.746488571166992,13422578
2006-05-18,17.762744301024352,17.827828531045121,17.583760121537981,17.589183807373047,8360460
2006-05-19,17.692243861409704,17.762753085600526,17.572921440562716,17.681396484375,12222599
2006-05-22,17.643439438284698,17.719371115286066,17.491574810816068,17.638015747070312,12672653
2006-05-23,17.703082509910985,17.768168013493941,17.540370661150526,17.551218032836914,9384775
2006-05-24,17.518679443730502,17.681391325239687,17.410204431569422,17.562068939208984,13323113
2006-05-25,17.654274196182858,17.730207092350678,17.60003604935871,17.719358444213867,6981001
2006-05-26,17.811568414458289,17.871228995291052,17.741060455292299,17.865806579589844,4869713
2006-05-30,17.887501695133757,17.887501695133757,17.594618653864217,17.600042343139648,9413457
2006-05-31,17.659694892022376,17.746473874696967,17.556643576631537,17.72477912902832,6483062
2006-06-01,17.713940921124525,17.958009483103798,17.713940921124525,17.930891036987305,4518016
2006-06-02,17.844113385683112,18.071910913818932,17.844113385683112,18.033945083618164,12643847
2006-06-05,17.947165575464059,18.001403751651598,17.724791727373045,17.741064071655273,8061819
2006-06-06,17.789875891131935,17.83326540991197,17.524112541673077,17.697671890258789,23200411
2006-06-07,17.675975235689275,17.909196421057636,17.665127857157298,17.757331848144531,10925987
2006-06-08,17.708516514649254,17.844110013205164,17.540380882071616,17.789873123168945,28709259
2006-06-09,17.762755300445004,17.865806668589446,17.703093445849625,17.730213165283203,11772669
2006-06-12,17.735633731091653,17.773600824952332,17.52953228976564,17.534955978393555,9561177
2006-06-13,17.491573361267545,17.600047176565859,17.144453331915603,17.193267822265625,24357797
2006-06-14,17.220381685408672,17.280042267918176,16.911227573826736,17.090211868286133,18993099
2006-06-15,17.24750088311432,17.507840528696917,17.176991645430679,17.469873428344727,15685648
2006-06-16,17.484603544392264,17.484603544392264,17.304575338346385,17.359128952026367,10174461
2006-06-19,17.359124424303062,17.468232904106561,17.200917704993714,17.239105224609375,7099054
2006-06-20,17.250020478160369,17.408227239049715,17.244565116781491,17.2882080078125,22578140
2006-06-21,17.320937597376069,17.495510403502113,17.288204155494835,17.430046081542969,15107817
2006-06-22,17.370043146271762,17.42459677085462,17.310032878328421,17.364587783813477,3410732
2006-06-23,17.293663241865321,17.359127573081054,17.206376186009173,17.250019073486328,5009308
2006-06-26,17.277296409833863,17.40277099609375,17.239108882116206,17.40277099609375,5158506
2006-06-27,17.375496618956344,17.424594875740947,17.222745205835519,17.23365592956543,4800038
2006-06-28,17.320939047723112,17.331849768963231,17.211829273518383,17.326393127441406,5785946
2006-06-29,17.413683779080664,17.708277156185467,17.375496246843795,17.691909790039062,11568569
2006-06-30,17.746463971461989,17.773740779100621,17.610078652366845,17.642810821533203,7769333
2006-07-03,17.66462748506417,17.855567648642786,17.66462748506417,17.85011100769043,4077195
2006-07-05,17.70281738429734,17.741006190685798,17.610076250972611,17.680995941162109,5988692
2006-07-06,17.664634658442573,17.790109271464473,17.664634658442573,17.735555648803711,4241411
2006-07-07,17.648260116577148,17.806466827400591,17.631894037619713,17.648260116577148,3649669
2006-07-10,17.686455944552073,17.795564469770472,17.686455944552073,17.768287658691406,3758735
2006-07-11,17.691899571828607,17.790097307481364,17.582792399882536,17.773731231689453,5804534
2006-07-12,17.828290754610414,17.828290754610414,17.560975532522079,17.599163055419922,6619579
2006-07-13,17.511882787745602,17.539159598380746,17.315488470270431,17.320943832397461,11400168
2006-07-14,17.304573963734612,17.370038294950341,17.179099381335952,17.250019073486328,9368033
2006-07-17,17.200914975138524,17.320934155784677,17.151815462523356,17.282745361328125,6106622
2006-07-18,17.353676005159635,17.375497453667752,17.17910313619258,17.320943832397461,8530461
2006-07-19,17.370039836409141,17.790106508359994,17.364584474990377,17.779195785522461,40039875
2006-07-20,17.784647980223415,17.839201584697314,17.691905571716067,17.708272933959961,15552085
2006-07-21,17.708268928996976,17.762822521132847,17.550060950000084,17.610071182250977,16533069
2006-07-24,17.686455278365351,17.855574062489719,17.637357020272393,17.839206695556641,11416417
2006-07-25,17.83920647053845,17.931948904446301,17.746465317532675,17.882850646972656,8844489
2006-07-26,17.882846299027893,17.93194454456404,17.795559248284089,17.861024856567383,5503678
2006-07-27,17.948310806816263,17.98104425173781,17.751916541795858,17.75737190246582,9565486
2006-07-28,17.893755706528118,18.139249477988635,17.888300346313514,18.073783874511719,14383373
2006-07-31,18.111971203593626,18.117427844651932,18.002864000460697,18.046506881713867,8948878
2006-08-01,17.97558553509592,18.041051136480004,17.888299774452644,17.991952896118164,7718493
2006-08-02,18.019231452782517,18.068329697930313,17.937399763301098,18.024686813354492,7259699
2006-08-03,17.948313281286833,18.139253492863304,17.948313281286833,18.101064682006836,7380461
2006-08-04,18.286545810959829,18.439297180595855,18.073784196990765,18.139249801635742,19989840
2006-08-07,18.139253492863304,18.150164215707452,18.046511067786103,18.101064682006836,4076580
2006-08-08,18.155612510115109,18.199255384503843,17.94285093566711,17.970129013061523,10953069
2006-08-09,18.095608106708788,18.139250992068483,17.741005820455936,17.75737190246582,10111680
2006-08-10,17.735549410105801,17.882845420378818,17.68099452573324,17.844657897949219,12115379
2006-08-11,17.801018450635738,17.833751902292658,17.713731381054028,17.790107727050781,6336819
2006-08-14,17.882852604010559,17.975593767165609,17.779199434876226,17.811931610107422,6748958
2006-08-15,18.030134804310944,18.335637433274425,17.997402654257979,18.111965179443359,10760910
2006-08-16,18.221086565113435,18.242908012442452,18.128344133063067,18.210174560546875,5888119
2006-08-17,18.193805322564099,18.286547738544758,18.150162435468179,18.270181655883789,6555814
2006-08-18,18.286544114372767,18.297454833984375,18.210167796189943,18.297454833984375,7479802
2006-08-21,18.27563340896247,18.27563340896247,18.182891011290167,18.226533889770508,4727532
2006-08-22,18.221075057983398,18.27017328346675,18.155609476437689,18.221075057983398,6325617
2006-08-23,18.210171589319351,18.242905035874038,18.128341175187245,18.166528701782227,4746121
2006-08-24,18.226533889770508,18.259267329532342,18.188346371100209,18.226533889770508,4821458
2006-08-25,18.171976915782775,18.188342992172505,18.111966688119089,18.128334045410156,4463729
2006-08-28,18.111976202366975,18.29746106068874,18.106522121606698,18.259273529052734,11596882
2006-08-29,18.221088292445728,18.221088292445728,18.079246309556613,18.182899475097656,17294196
2006-08-30,18.215633915928898,18.286554916198792,18.210178552900622,18.237455368041992,4856418
2006-08-31,18.237450801501577,18.270184252377309,18.204718631527857,18.259273529052734,4162627
2006-09-01,18.324738053871851,18.324738053871851,18.226540262058002,18.286550521850586,3034169
2006-09-05,18.302921993765768,18.412030541126182,18.275645177151262,18.352020263671875,9705573
2006-09-06,18.275641359738906,18.493858408878605,18.248364548821979,18.292007446289062,6858886
2006-09-07,18.221073138884041,18.264714720482647,18.133786132983506,18.150152206420898,8959341
2006-09-08,18.155618822198161,18.270182688199956,18.062876400977295,18.253816604614258,6832419
2006-09-11,18.22109073709149,18.292010457148873,18.1992680038638,18.264732360839844,4257044
2006-09-12,18.286551053085095,18.526588256522579,18.275640329333484,18.499311447143555,7997561
2006-09-13,18.526582829079505,18.673880118378982,18.439297064637366,18.635692596435547,8542032
2006-09-14,18.570228055151897,18.679336547851562,18.553861973382212,18.679336547851562,3825456
2006-09-15,19.197257594310766,19.202744039239395,18.714446575990632,18.736391067504883,7382923
2006-09-18,18.692509478606247,18.774807484633463,18.648617895765575,18.714456558227539,9313623
2006-09-19,18.955859243083712,18.955859243083712,18.643129177034918,18.747371673583984,7713815
2006-09-20,18.813212839368632,18.906483742195476,18.785780599772785,18.873563766479492,9690678
2006-09-21,18.873557027261469,18.922936329102996,18.708962360257566,18.74188232421875,6461027
2006-09-22,18.741882578065919,18.807719930479006,18.697989721590005,18.774801254272461,7961369
2006-09-25,18.87904805659181,19.010722782617179,18.7912636177075,18.966831207275391,7118627
2006-09-26,18.977812143519312,19.071083068847656,18.901001854120551,19.071083068847656,7658913
2006-09-27,19.016211597552964,19.065589622616361,18.933913600913165,18.983291625976562,6000140
2006-09-28,18.933912810876119,19.071075274085338,18.933912810876119,19.049129486083984,3996811
2006-09-29,18.82967618311352,19.175326340050532,18.82967618311352,18.994272232055664,6330171
2006-10-02,18.966828219385878,19.021693968120715,18.879045082530986,18.950368881225586,4536481
2006-10-03,18.961340031730241,19.180800430111059,18.944880695081743,19.136907577514648,8250778
2006-10-04,19.328940681288248,19.367345809936523,19.087534439097634,19.367345809936523,14697525
2006-10-05,19.405757880432475,19.553891991232998,19.285054724171673,19.356378555297852,10687542
2006-10-06,19.296023327820574,19.317969117130211,19.241157566345649,19.290536880493164,6333126
2006-10-09,19.285054644831725,19.372837821241259,19.219215974323465,19.345405578613281,4485395
2006-10-10,19.378324269766857,19.405757800595946,19.290541093357319,19.345405578613281,6821710
2006-10-11,19.071077394088544,19.345402351001834,19.071077394088544,19.296024322509766,7388216
2006-10-12,19.334427375750369,19.433184710310922,19.334427375750369,19.400264739990234,6476045
2006-10-13,19.345406156103387,19.471595764160156,19.345406156103387,19.471595764160156,4953544
2006-10-16,19.405752226785534,19.422211567634793,19.339913575187754,19.367345809936523,6320200
2006-10-17,19.350886469087264,19.41672512068504,19.268589764840964,19.367345809936523,6891754
2006-10-18,19.449648657001106,19.526458933469439,19.306999712501717,19.422216415405273,7018177
2006-10-19,19.389293931883675,19.389293931883675,19.208239872545189,19.296024322509766,8025012
2006-10-20,19.296025449063769,19.301511896994313,19.19178165018247,19.274078369140625,8718681
2006-10-23,19.213724253109866,19.427698263290935,19.202751359069886,19.400264739990234,4841769
2006-10-24,19.361857331528359,19.400262456147139,19.30150642141313,19.394777297973633,3734362
2006-10-25,19.416728464638556,19.477079391479492,19.33443045801814,19.477079391479492,5660261
2006-10-26,19.509987368645838,19.619717554501932,19.422204250521165,19.614231109619141,11989201
2006-10-27,19.586805717825154,19.586805717825154,19.411238132130929,19.466102600097656,5312134
2006-10-30,19.438677072023907,19.531947987944427,19.405758379887658,19.471595764160156,9933801
2006-10-31,19.526452348213898,19.575831654634385,19.438669204711914,19.438669204711914,9728224
2006-11-01,19.526446935359889,19.559366893248139,19.279555624499768,19.317960739135742,11319784
2006-11-02,19.301511816009686,19.334430503454829,19.202754465473294,19.263105392456055,4528357
2006-11-03,19.323457607639781,19.367349190899972,19.169835778028151,19.263105392456055,4709191
2006-11-06,19.312486636771492,19.515486517784584,19.274080209389751,19.488054275512695,9460727
2006-11-07,19.504506939130117,19.603264265678284,19.493534045980393,19.531940460205078,4722239
2006-11-08,19.449636474935126,19.647151067116148,19.449636474935126,19.614231109619141,3910518
2006-11-09,19.614240957647365,19.614240957647365,19.449646240322711,19.482564926147461,4959084
2006-11-10,19.537431532146893,19.641674041748047,19.50451155670347,19.641674041748047,6402431
2006-11-13,19.55388752528815,19.702024178657727,19.55388752528815,19.619726181030273,4200541
2006-11-14,19.575835125881053,19.75688917965957,19.499023573495734,19.734943389892578,7786321
2006-11-15,19.702025454205156,19.756889930708276,19.669106768303283,19.707511901855469,4036203
2006-11-16,19.839189637321414,19.899541854858398,19.762378075420077,19.899541854858398,11170217
2006-11-17,19.855638016792582,19.855638016792582,19.751394271850586,19.751394271850586,12754637
2006-11-20,19.806261281141047,19.91599148534856,19.78431678614011,19.877586364746094,13273750
2006-11-21,19.888564735232315,19.888564735232315,19.800781578244248,19.844673156738281,4275632
2006-11-22,19.84467332067911,19.915997136321131,19.789807558907487,19.866619110107422,2484035
2006-11-24,19.751401071656204,19.833699064564222,19.72396883675378,19.767860412597656,2504100
2006-11-27,19.773346474100357,19.773346474100357,19.45512871156496,19.460615158081055,9614110
2006-11-28,19.499020534721492,19.531940502442502,19.367344528439407,19.493534088134766,8988270
2006-11-29,19.55936666079122,19.674583291530109,19.504500923763047,19.614231109619141,5148781
2006-11-30,19.553889102489137,19.67459352911909,19.482565281899799,19.575836181640625,4428276
2006-12-01,19.564858930087489,19.62520984176453,19.328939153494147,19.460615158081055,10386439
2006-12-04,19.531943546347073,19.767862074543064,19.520970651463578,19.734943389892578,8233544
2006-12-05,19.751401191642959,19.839185632064737,19.68007609226262,19.828212738037109,10037943
2006-12-06,19.817232099243888,19.883070730159819,19.806259208791289,19.85563850402832,3267566
2006-12-07,19.894047398461961,19.976345380685053,19.773345580562278,19.806262969970703,5468471
2006-12-08,19.762375322122093,19.910510688964052,19.734943085336699,19.866619110107422,6413387
2006-12-11,19.910504518824421,20.014748274505273,19.899532915711131,19.976343154907227,10900874
2006-12-12,19.915997742117938,20.025727980798077,19.888565504498121,19.992809295654297,7699043
2006-12-13,20.025724327372242,20.097049420372329,19.981832755187966,20.014751434326172,4945666
2006-12-14,20.020236943080807,20.184831619262695,19.987318265484546,20.184831619262695,7145586
2006-12-15,20.307017724477607,20.31807507291807,20.196442941957404,20.235143661499023,8292755
2006-12-18,20.29596837835858,20.378899822475947,20.268324996358153,20.33466911315918,6471367
2006-12-19,20.268319014486874,20.367836458433512,20.218560941571408,20.318077087402344,13315481
2006-12-20,20.340191606374947,20.389950976965526,20.25726148558347,20.384422302246094,5199498
2006-12-21,20.401009410721635,20.423124110774761,20.27937726231367,20.295963287353516,6326109
2006-12-22,20.29043998536411,20.295968661841417,20.14116442236072,20.196451187133789,4097137
2006-12-26,20.235144764764932,20.37889289855957,20.224087415721598,20.37889289855957,5110497
2006-12-27,20.439710709975547,20.533699485957285,20.428653359638375,20.522642135620117,5211439
2006-12-28,20.478409882434445,20.53369792804132,20.395479761197674,20.428651809692383,8430380
2006-12-29,20.406536449521273,20.456294520651166,20.301490334575842,20.31254768371582,4283265
2007-01-03,20.434176385844982,20.561337177685044,20.257257531243113,20.41206169128418,9365079
2007-01-04,20.401007034831853,20.412064383570684,20.257260203111436,20.345720291137695,6646292
2007-01-05,20.29043660610218,20.334666010554468,20.146689743516355,20.185390472412109,7977372
2007-01-08,20.19092185940119,20.290439330898895,20.0582323301096,20.273853302001953,4427415
2007-01-09,20.273852751473186,20.351254217557102,20.130105873487029,20.240680694580078,5997309
2007-01-10,20.141156750769198,20.323604303143746,20.135628076397715,20.307018280029297,3614216
2007-01-11,20.312554754429769,20.434186935424805,20.295968724946277,20.434186935424805,4623513
2007-01-12,20.356784562979868,20.478415440472247,20.356784562979868,20.456300735473633,8028582
2007-01-16,20.4562952823728,20.51158332824707,20.428651908493517,20.51158332824707,5315827
2007-01-17,20.483945414837947,20.544760853584137,20.412071325476404,20.456300735473633,4927693
2007-01-18,20.495005221791143,20.511591252526426,20.362314379676487,20.373373031616211,5029004
2007-01-19,20.401014876457825,20.450772964908296,20.356785464501851,20.434186935424805,4202880
2007-01-22,20.456293722799817,20.478408420217239,20.362304960660186,20.417593002319336,5728582
2007-01-23,20.35124805942014,20.445236823626331,20.318076012564646,20.406536102294922,7704706
2007-01-24,20.401005252468416,20.61662483215332,20.378890556922837,20.61662483215332,5148904
2007-01-25,20.622158094010633,20.633215443547403,20.290433713560418,20.318077087402344,15347739
2007-01-26,20.329132521808781,20.412063933637608,20.207500390247105,20.356777191162109,9816486
2007-01-29,20.345715621924448,20.384416333628792,20.229612188696116,20.257255554199219,13643419
2007-01-30,20.268324996358153,20.367842469675775,20.246210290757812,20.33466911315918,7687718
2007-01-31,20.33466736891241,20.550288326252591,20.273851933728032,20.500530242919922,15289143
2007-02-01,20.555814107731269,20.644274208204884,20.539228082289178,20.633216857910156,18404066
2007-02-02,20.638746816072217,20.699562246473832,20.616630815992121,20.671918869018555,7704460
2007-02-05,20.688502257127379,20.705088281485363,20.583456138077771,20.666387557983398,5309672
2007-02-06,20.688503808188941,20.776963909512606,20.660860432186482,20.760377883911133,9894778
2007-02-07,20.77696266785965,20.870950140651217,20.760376643249373,20.837778091430664,5616561
2007-02-08,20.782485110889422,20.79354375612003,20.660854292622332,20.771429061889648,6929176
2007-02-09,20.738259040153586,20.843303847977754,20.428649396430469,20.550281524658203,21979751
2007-02-12,20.583460381807704,20.605575085511113,20.445242185545425,20.500530242919922,11936268
2007-02-13,20.528169112510323,20.69403065196208,20.511583088376714,20.649801254272461,12937195
2007-02-14,20.688496447523203,20.90411729985922,20.677439101056262,20.84882926940918,12212751
2007-02-15,20.870952155417985,20.915182856764236,20.815665401379984,20.882009506225586,12006928
2007-02-16,20.821182544265195,20.881997940022327,20.79353918255741,20.876470565795898,6764837
2007-02-20,20.843302288923525,21.003636421946062,20.38441847893213,20.987049102783203,6508666
2007-02-21,20.898593902587891,20.953881950429913,20.854364502806874,20.898593902587891,5231258
2007-02-22,20.948349953099139,20.981521997673894,20.799074454397189,20.81566047668457,11642552
2007-02-23,20.826724167189127,20.837781518747981,20.566873809324164,20.622161865234375,20234563
2007-02-26,20.716150080128049,20.743793459994809,20.389955601468305,20.47288703918457,21959686
2007-02-27,20.224091618757338,20.340195105956997,19.306323668733199,19.516414642333984,37054454
2007-02-28,19.743084923219673,20.002935170444758,19.649096176872298,19.875774383544922,26681186
2007-03-01,19.62697670990552,19.931056270581987,19.461115249365179,19.853654861450195,32203945
2007-03-02,19.831553588852039,19.897899001161587,19.626991271972656,19.626991271972656,15158657
2007-03-05,19.444543662839997,19.676749360669355,19.090704492738258,19.3173828125,21501508
2007-03-06,19.521939091224379,19.781789387715648,19.472181020961823,19.720973968505859,23815665
2007-03-07,19.704384062653801,19.781786793248369,19.582753240186634,19.604867935180664,14010257
2007-03-08,20.00294128789254,20.00294128789254,19.726504935849405,19.781791687011719,24346841
2007-03-09,19.908945691974768,19.936590356200615,19.737555523974265,19.83154296875,11761343
2007-03-12,19.765198890084775,19.903417018752666,19.693326138197449,19.83154296875,17742649
2007-03-13,19.671222646985658,19.693337352467172,19.12940587210819,19.239980697631836,55831266
2007-03-14,19.239973181997719,19.372662661170914,18.897192784701048,19.284202575683594,49895631
2007-03-15,19.306323668733199,19.610403426851025,19.295265019275977,19.516414642333984,38821062
2007-03-16,19.576367160396224,19.604126912009399,19.309870937748304,19.443119049072266,23623136
2007-03-19,19.570827484130859,19.654108094781446,19.45423515065265,19.570827484130859,19648360
2007-03-20,19.5819275871754,19.781800492470971,19.565271728997651,19.74848747253418,17005896
2007-03-21,19.765142149556908,20.309237359040715,19.731829133807999,20.198198318481445,41179658
2007-03-22,20.242615403236773,20.264823212959726,20.037191859718231,20.076055526733398,20898072
2007-03-23,20.042740058415212,20.175989507626117,20.020533554988148,20.098260879516602,15015984
2007-03-26,20.070502027518735,20.153781307561683,19.853973292244827,19.998325347900391,20591183
2007-03-27,19.970568967101553,19.98167287298617,19.848424698789437,19.876184463500977,7700028
2007-03-28,19.765135199516738,19.865070300879772,19.559710439553609,19.626335144042969,21499784
2007-03-29,19.770687580814428,19.87617463455398,19.620782318338929,19.72627067565918,17217135
2007-03-30,19.798455173593776,19.881735763112626,19.554166661014282,19.78179931640625,14556206
2007-04-02,19.765140561355647,19.765140561355647,19.498644278265093,19.598579406738281,14561130
2007-04-03,19.770687729783273,19.90393583909162,19.731822774532002,19.842863082885742,16612222
2007-04-04,19.837311132647091,19.915038435988215,19.781791630260575,19.842863082885742,14399623
2007-04-05,19.837317532582389,19.898389004910499,19.770694108224454,19.853973388671875,6649862
2007-04-09,19.903936181678709,19.909488132012921,19.803999772082161,19.848415374755859,7637370
2007-04-10,19.848411921808907,19.942796364651564,19.848411921808907,19.937244415283203,11994372
2007-04-11,19.931708418842366,19.931708418842366,19.709627659198024,19.770700454711914,13683427
2007-04-12,19.737380981445312,19.781797901015228,19.615238037476129,19.737380981445312,12340406
2007-04-13,19.765142024870407,19.881734320303259,19.74848486531047,19.820661544799805,19034461
2007-04-16,19.998313606262226,20.309225343038758,19.998313606262226,20.303674697875977,39918991
2007-04-17,20.30368519794439,20.398068375388107,20.231508523376988,20.298131942749023,15461483
2007-04-18,20.375860806606376,20.603493432611462,20.325893241494498,20.531316757202148,31112540
2007-04-19,20.459139688103459,20.553522858818177,20.348099360152261,20.503555297851562,17748558
2007-04-20,20.625700883436423,20.675668447686121,20.5313164029393,20.609045028686523,20996552
2007-04-23,20.609042923728612,20.692322188972163,20.531314305920404,20.553522109985352,11672834
2007-04-24,20.570183161333791,20.586839017536089,20.353654423541638,20.492454528808594,15632223
2007-04-25,20.55351758500591,20.781150133718743,20.520205886242259,20.770046234130859,19044801
2007-04-26,20.73674201965332,20.781157634035299,20.62014972831955,20.73674201965332,9484363
2007-04-27,20.659013597391123,20.731190275064325,20.581286271445773,20.708982467651367,11863393
2007-04-30,20.703423825793323,20.764496583870702,20.525760109131465,20.547967910766602,18614690
2007-05-01,20.542426560829171,20.653466929885575,20.414730331951521,20.586843490600586,14056789
2007-05-02,20.625703054270563,20.747847305539739,20.547974420342481,20.675670623779297,10986183
2007-05-03,20.797817821434638,20.869993209838867,20.703433317632378,20.869993209838867,12545244
2007-05-04,20.914401806345111,20.958817412286681,20.853330348175454,20.942161560058594,10915031
2007-05-07,20.95881339800464,21.019886148057743,20.914397800570079,20.969917297363281,5842449
2007-05-08,20.919960361347371,20.94216817132898,20.831127817839704,20.925512313842773,7468477
2007-05-09,20.942156541518877,21.058748782756371,20.875533148572028,21.036540985107422,14572824
2007-05-10,20.936613587953303,21.014342216702843,20.73674201965332,20.73674201965332,15886547
2007-05-11,20.825581087450832,20.958827972412109,20.825581087450832,20.958827972412109,16812136
2007-05-14,20.975469422582925,20.986572017763901,20.747836890811488,20.858877182006836,37213869
2007-05-15,20.881088936429077,20.992129248666206,20.76449667375913,20.80891227722168,20241333
2007-05-16,20.908856894067494,21.047657012939453,20.842232159146693,21.047657012939453,19635558
2007-05-17,20.975474568095596,20.992130420323686,20.897745954117024,20.942161560058594,7514024
2007-05-18,21.042105218264702,21.042105218264702,20.942168766924038,20.997688293457031,12362071
2007-05-21,21.008789742920627,21.064309259518666,20.942165019421942,21.019893646240234,16396428
2007-05-22,21.042092934519658,21.09761242864203,20.953261743923864,21.036540985107422,15239165
2007-05-23,21.003237791260826,21.153141789656566,20.992133887941218,21.019893646240234,20107400
2007-05-24,21.058759819107177,21.09762348536028,20.758951786563713,20.831127166748047,24805266
2007-05-25,20.820025633251323,20.897754278191069,20.770058056663782,20.869993209838867,11255895
2007-05-29,20.914412344091684,20.969931879492215,20.847788901611047,20.958827972412109,9929985
2007-05-30,20.831127837252662,21.103176116943359,20.831127837252662,21.103176116943359,16626748
2007-05-31,21.158695109697916,21.180902917773359,20.986581989950967,21.042102813720703,13721342
2007-06-01,21.075411583073414,21.147588252821706,21.030995973124277,21.108724594116211,8891390
2007-06-04,21.04210769478027,21.080972671508789,21.014347928246632,21.080972671508789,12312831
2007-06-05,20.925506992149298,21.030995366315778,20.897747236732041,20.953268051147461,17915974
2007-06-06,20.875534927518018,20.875534927518018,20.725630977032768,20.775598526000977,18752069
2007-06-07,20.697880416972335,20.797815559277577,20.370311317561541,20.425830841064453,31728533
2007-06-08,20.448037305457877,20.670117992024164,20.386965833621762,20.664566040039062,22664803
2007-06-11,20.653460894826807,20.808916844648092,20.547972509868462,20.758949279785156,24159975
2007-06-12,20.620145861755475,20.792257638793366,20.431378232447539,20.475793838500977,25845214
2007-06-13,20.547975713749818,20.875544823002969,20.547975713749818,20.86444091796875,15413228
2007-06-14,20.80891935746056,20.942167516766677,20.792263500494943,20.831127166748047,23017607
2007-06-15,21.051070765736636,21.051070765736636,20.889182655091297,20.905929565429688,11822770
2007-06-18,20.967341446806717,21.02316449519963,20.850111734473721,20.900352478027344,9990181
2007-06-19,20.822197458700042,20.989667892456055,20.794284627484291,20.989667892456055,10070934
2007-06-20,20.984081511949139,21.034323552949441,20.543076924630835,20.62122917175293,25588058
2007-06-21,20.598895377802339,20.682631220377846,20.375600671405802,20.654718399047852,47156286
2007-06-22,20.593320535911023,20.593320535911023,20.263960659125313,20.392354965209961,47396331
2007-06-25,20.286287369626894,20.487251591809535,20.09090413983332,20.230463027954102,40562066
2007-06-26,20.247208667820249,20.342107808368173,20.040660858154297,20.040660858154297,36617449
2007-06-27,20.040664581307734,20.342111587524414,19.984840236377671,20.342111587524414,36680599
2007-06-28,20.342106635866806,20.453753987842283,20.185800867384025,20.308612823486328,32559827
2007-06-29,20.330946576137652,20.431428035738818,19.984839838722198,20.196969985961914,37310133
2007-07-02,20.481663438772038,20.498410343278412,20.20254574225164,20.370016098022461,18315064
2007-07-03,20.442594604678543,20.565406592146577,20.442594604678543,20.54865837097168,18100132
2007-07-05,20.375608444213867,20.515167361273285,20.330950010181329,20.375608444213867,24871247
2007-07-06,20.375602902888026,20.48166796557771,20.291867051141988,20.476085662841797,16083138
2007-07-09,20.459343925679551,20.48725544641367,20.353278836182199,20.392354965209961,19663255
2007-07-10,20.252789592406717,20.27512011258073,19.873190410057937,19.962507247924805,52127187
2007-07-11,19.884363541521161,20.102074737886955,19.839703792729622,20.029504776000977,55021761
2007-07-12,20.124400361501202,20.470507126937818,20.107653450211828,20.39793586730957,40793370
2007-07-13,20.459338754634068,20.543074606380106,20.364438297416207,20.476085662841797,26303516
2007-07-16,20.42585302194362,20.615652700786981,20.381193271674434,20.403522491455078,29971649
2007-07-17,20.403517713727258,20.570989444282368,20.403517713727258,20.47050666809082,34954984
2007-07-18,20.263960553383967,20.649143469627951,19.968095813730791,20.208137512207031,62410223
2007-07-19,20.26953999344952,20.375605067406589,20.057411156242903,20.141145706176758,40433180
2007-07-20,20.163474253261846,20.185804776547226,19.69455685700342,19.789457321166992,86443405
2007-07-23,19.761546699428109,19.973675539222075,19.694557747956434,19.778293609619141,44589774
2007-07-24,19.482431713198615,19.633156558174239,19.13632620805263,19.281467437744141,94807681
2007-07-25,19.393104429096425,19.527080977712153,19.11956903028544,19.37077522277832,91805026
2007-07-26,19.035833632561925,19.15306327912829,18.611574770664259,18.913022994995117,105488206
2007-07-27,18.857198576102412,19.09724016978295,18.611574680741263,18.617156982421875,95817101
2007-07-30,18.818126281613917,18.991180302284743,18.421780132871032,18.968851089477539,103138720
2007-07-31,19.141903343600319,19.242386109547361,18.365955352783203,18.365955352783203,121875278
2007-08-01,18.472007993796581,18.68971897771344,18.148232012224543,18.572490692138672,123089167
2007-08-02,18.784632563533584,18.924191445299659,18.527844011370824,18.695314407348633,81025282
2007-08-03,18.533435158395317,18.706489262743148,17.874717819242605,17.89704704284668,165871095
2007-08-06,17.969612439882013,18.840461113456104,17.84121812617262,18.812549591064453,141115193
2007-08-07,18.717644118331769,19.208892024400356,18.628325959762723,18.94651985168457,122980347
2007-08-08,19.086082038357095,19.644318987583528,18.991182871090118,19.39869499206543,134714239
2007-08-09,18.840454180761014,19.225636980154025,18.499929800761755,18.700895309448242,124364360
2007-08-10,18.399445906170914,18.924187506976878,18.33803927697706,18.617156982421875,94954662
2007-08-13,19.052593643829606,19.052593643829606,18.248735091433439,18.449699401855469,70957671
2007-08-14,18.57250310637766,18.589250015510888,18.042179074328981,18.125913619995117,87599807
2007-08-15,17.975193920578789,18.483188847657232,17.841217308531057,17.964029312133789,100465603
2007-08-16,17.830050761235427,18.695316996587493,17.590010395062325,18.505516052246094,201536366
2007-08-17,19.750380281985084,19.755962584870328,18.773468102115388,19.259132385253906,217975263
2007-08-20,19.314946025765256,19.331692926280891,18.745546165406644,19.002334594726562,108917403
2007-08-21,18.885113866782838,19.298208206003256,18.885113866782838,19.136320114135742,58665521
2007-08-22,19.253544789341056,19.421015140566222,19.013503209850988,19.186555862426758,86213085
2007-08-23,19.398688500008912,19.426600010452319,19.091659263716977,19.214469909667969,63120017
2007-08-24,19.169820035510405,19.376367926248989,19.035843414971485,19.281467437744141,43523236
2007-08-27,19.236800889084819,19.253547795751633,19.030253085446262,19.058164596557617,24216232
2007-08-28,18.868370117229382,18.885117028428937,18.427364190184971,18.48876953125,76694378
2007-08-29,18.589248957649154,18.812543688133353,18.343625016258013,18.712060928344727,61839654
2007-08-30,18.488764506513611,18.751135332083351,18.472017599865406,18.594829559326172,58436186
2007-08-31,18.974436432623872,18.980018736720027,18.661823471115969,18.840459823608398,68156531
2007-09-04,18.890697147278001,19.20330874159513,18.790214380994829,18.985597610473633,45012131
2007-09-05,18.952102808574288,18.963267414170065,18.645073533275628,18.756719589233398,55575588
2007-09-06,18.751133533463673,18.935350799630964,18.499927336421912,18.617156982421875,39227662
2007-09-07,18.421782045583829,18.611581684859249,18.315716963029491,18.427364349365234,92815307
2007-09-10,18.472020421799115,18.583667793883894,18.170573434665439,18.365955352783203,73733576
2007-09-11,18.460849462967158,18.695308732592999,18.444102559523458,18.555749893188477,62354089
2007-09-12,18.589247257110106,18.695312309922667,18.466435297649337,18.594829559326172,40071266
2007-09-13,18.712059692565578,18.924189803586838,18.695312785491367,18.901859283447266,67115967
2007-09-14,18.695315611174287,18.968851089477539,18.67298639836708,18.968851089477539,37334014
2007-09-17,18.812545061819112,18.812545061819112,18.628326436970482,18.790214538574219,50504853
2007-09-18,18.913030769664278,19.594078411486482,18.728812116172151,19.499177932739258,170892836
2007-09-19,19.716883623494379,19.912266830726654,19.566160146584881,19.621984481811523,92064397
2007-09-20,19.677803525844844,19.700132731135756,19.287038501132749,19.381938934326172,79679183
2007-09-21,19.592832620093521,19.592832620093521,19.238542816151689,19.457864761352539,66584544
2007-09-24,19.485977090517611,19.485977090517611,19.109192973729296,19.187923431396484,60979432
2007-09-25,19.086708106113068,19.159816321698759,18.940494315752826,19.148569107055664,44182190
2007-09-26,19.199180827651141,19.322901504328016,19.047342115458051,19.154191970825195,65135164
2007-09-27,19.238537980622155,19.390376618491079,19.18230193711695,19.379129409790039,44072139
2007-09-28,19.244167534080781,19.424124249333808,19.210425897546827,19.300403594970703,37877378
2007-10-01,19.193554923980134,19.710931997194848,19.176684104689048,19.665943145751953,61713354
2007-10-02,19.767163772648495,19.924626028421496,19.710926403897787,19.890884399414062,36303175
2007-10-03,19.778412504005104,19.963992798228919,19.750294477668934,19.845895767211914,52086564
2007-10-04,19.913380624409307,19.992111099232243,19.829025223836766,19.963993072509766,37413783
2007-10-05,20.020230719881134,20.228305440875346,19.992111372369379,20.183315277099609,48745754
2007-10-08,20.155200620438745,20.155200620438745,19.823405204285862,19.907760620117188,25838567
2007-10-09,20.003357420058173,20.149573793320734,19.862765972294987,20.076465606689453,39621212
2007-10-10,20.037101262393314,20.098960921182766,19.857143250559243,19.963993072509766,40195843
2007-10-11,20.188942020391153,20.188942020391153,19.800909250172449,19.857145309448242,77485418
2007-10-12,19.784040996941126,19.992115763638974,19.784040996941126,19.986492156982422,41217081
2007-10-15,19.907752200623683,19.91337580460705,19.373504540584648,19.581579208374023,94871077
2007-10-16,19.452239441726547,19.474733862800612,19.120444090073889,19.216045379638672,83487897
2007-10-17,19.373508539888803,19.446615406764145,18.856131584996923,19.204797744750977,91551809
2007-10-18,18.811147296384707,19.019222057484068,18.783029263858491,18.962985992431641,88868475
2007-10-19,18.861757939751406,18.968607773473597,18.305015667689517,18.333133697509766,110383770
2007-10-22,18.147551609339587,18.670550874174399,18.147551609339587,18.558078765869141,80609696
2007-10-23,18.766151570195863,18.766151570195863,18.451227058291725,18.6593017578125,60804137
2007-10-24,18.614311779588263,18.636806197575112,18.051946048297459,18.518709182739258,128715083
2007-10-25,18.541207148040712,18.681798597749289,18.096937057821364,18.501840591430664,96815442
2007-10-26,18.850508327975593,18.95173454284668,18.423110367903885,18.95173454284668,97460117
2007-10-29,18.957353237187363,19.007966995239258,18.777396582926318,19.007966995239258,46984685
2007-10-30,18.917991035645436,18.917991035645436,18.698669117001856,18.715539932250977,35125231
2007-10-31,18.788645146509104,19.058580807573431,18.614312083856493,18.968603134155273,104572465
2007-11-01,18.417490536211577,18.811146945450798,17.995716094970703,17.995716094970703,112372574
2007-11-02,18.035081189754834,18.074446434229703,17.427726421949746,17.905736923217773,196502191
2007-11-05,17.41084723578517,17.748267441650167,17.270255813442621,17.585180282592773,124899599
2007-11-06,17.658294769110498,17.883241653442383,17.405229854338444,17.883241653442383,101354877
2007-11-07,17.545819856063535,17.618928049484524,16.904722213745117,16.904722213745117,125349037
2007-11-08,17.152164571055188,17.163411782989609,16.471702967401654,17.079057693481445,146019004
2007-11-09,16.730393253932355,17.433350731760523,16.561683723334696,16.949716567993164,165222358
2007-11-12,17.073427122919618,17.534566585338602,16.972200936396767,17.011566162109375,134098862
2007-11-13,17.393984042462847,17.911361125834393,17.304005017405288,17.810134887695312,161815812
2007-11-14,18.186925111726048,18.271279231287085,17.731408904879288,17.742654800415039,118725765
2007-11-15,17.568315766002577,17.73140165084007,17.084680396754997,17.292755126953125,134429139
2007-11-16,17.292753257546014,17.377108653883276,16.932839892758444,17.157785415649414,100659855
2007-11-19,16.932833985671532,16.983446413574519,16.499812585732244,16.696640014648438,168176266
2007-11-20,16.392974815132263,16.786629961337621,15.99931834852136,16.331113815307617,179939948
2007-11-21,16.106164240939876,16.35360553850996,15.886840972547022,16.078044891357422,134808533
2007-11-23,16.22425276261151,16.572918782093783,16.22425276261151,16.460445404052734,88425684
2007-11-26,16.533564949272844,16.533564949272844,15.802488148685379,15.909337997436523,127731884
2007-11-27,16.083671972227787,16.291746736419007,15.88121949421997,16.196144104003906,122877928
2007-11-28,16.589798993441619,17.163412094116211,16.527939326680947,17.163412094116211,205239337
2007-11-29,17.039685500880239,17.152157574344834,16.747254148658147,17.011566162109375,107091214
2007-11-30,17.635796300886703,17.815752974845147,17.332119000955277,17.433343887329102,144984226
2007-12-03,17.343368898389027,17.422099377770142,17.157787270466031,17.292755126953125,72568927
2007-12-04,17.011571353448161,17.095926754693654,16.899099245660999,16.972206115722656,75393703
2007-12-05,17.236518435901818,17.377109892884846,17.034065998419383,17.225271224975586,107066841
2007-12-06,17.253394311342049,17.782018661499023,17.208405454445462,17.782018661499023,122098951
2007-12-07,17.815755952461615,17.855122513035898,17.545820236206055,17.545820236206055,100382387
2007-12-10,17.737029718337464,18.046330748808234,17.596438220813884,17.916986465454102,97746201
2007-12-11,17.95071721837175,18.074437819587519,17.005942558436146,17.011566162109375,168317584
2007-12-12,17.585186199558276,17.630176367721202,16.561680670234431,16.882228851318359,175881956
2007-12-13,16.696645494177918,16.893472987689247,16.404215396181371,16.876602172851562,167576892
2007-12-14,16.651647093954207,16.938453422333058,16.499808527189185,16.50543212890625,86534622
2007-12-17,16.421092851231855,16.646038460434124,16.319866600867783,16.331113815307617,85712684
2007-12-18,16.572926785402661,16.59542120779285,16.066797000002722,16.342357635498047,103492386
2007-12-19,16.432334158473566,16.696646243604249,16.263624682119215,16.437957763671875,135631334
2007-12-20,16.584170600799546,16.685396801233345,16.083665843886383,16.319858551025391,120949197
2007-12-21,16.542325553512452,16.655823725253693,16.366402787717636,16.621774673461914,76997942
2007-12-24,16.695536838371776,16.950907226783027,16.684187161769895,16.92253303527832,53981935
2007-12-26,16.894164482955112,16.899837990715394,16.689867571059121,16.803365707397461,29007653
2007-12-27,16.757965911069764,16.757965911069764,16.451521870948817,16.462871551513672,44473322
2007-12-28,16.627442778318748,16.627442778318748,16.303974226568165,16.423147201538086,39842546
2007-12-31,16.372076019142412,16.644471049382684,16.252903026857908,16.417474746704102,61056985
2008-01-02,16.502599482040559,16.553673052988465,16.076981061067496,16.094005584716797,80446096
2008-01-03,16.162100232575078,16.247224158085356,15.980504034912517,15.991853713989258,55290488
2008-01-04,15.838629998181332,15.849979676028534,15.509485343308734,15.537860870361328,93318540
2008-01-07,15.651357170414368,15.793229471602322,15.361937729288321,15.577584266662598,112017799
2008-01-08,15.685411479338679,15.787558602525323,15.010097503662109,15.010097503662109,148535168
2008-01-09,15.095220260116236,15.356265552747209,14.703653653604556,15.293842315673828,164102394
2008-01-10,15.140620993491058,15.901057613676713,14.998748648821788,15.554889678955078,275365714
2008-01-11,15.475436310911579,15.95212677783304,15.322214327528446,15.605958938598633,224602351
2008-01-14,15.798912418444162,15.832960133112424,15.549216741482438,15.821610450744629,108263988
2008-01-15,15.526512837253067,15.549212195352036,15.168993949890137,15.168993949890137,141844191
2008-01-16,15.259788251619346,15.71945548855798,15.112241121811792,15.424361228942871,176283632
2008-01-17,15.452742755908947,15.458417596963203,14.629882808431036,14.641232490539551,208394513
2008-01-18,14.754723313488025,14.868220078184715,14.170209645562355,14.470978736877441,220297790
2008-01-22,13.738914616616082,15.129263106770981,13.682166242501285,14.783095359802246,314363301
2008-01-23,14.391527608740788,15.832949638366697,14.306403714970909,15.832949638366699,301912352
2008-01-24,15.832958317998502,15.986181677268219,15.628662726363828,15.838634490966797,197313666
2008-01-25,16.11102333273611,16.122373009457117,15.322212806019346,15.424361228942871,166188693
2008-01-28,15.509486003885437,16.451518632368096,15.282489772404064,15.974826812744141,113301609
2008-01-29,16.09399759025133,16.230196376661183,15.815927843903019,16.218845367431641,124376916
2008-01-30,16.059953144595195,16.638792156126541,15.889706611633301,15.889706611633301,263688448
2008-01-31,15.645684828912085,16.984960312054923,15.583261592697054,16.536643981933594,223878523
2008-02-01,16.457198779709547,16.84309196472168,16.394775528756959,16.84309196472168,162903277
2008-02-04,16.661484806903921,16.73525769152555,16.275591874657405,16.355039596557617,93362610
2008-02-05,15.991852470176923,16.071300217534819,15.583260057889564,15.691082000732422,154453447
2008-02-06,15.770531468172843,15.855655389154753,15.407339092168598,15.509486198425293,129122052
2008-02-07,15.361941944905675,15.855658381391175,15.322218062753713,15.651361465454102,159071913
2008-02-08,15.59461582264227,15.640014553137277,15.174673568257999,15.390318870544434,128474177
2008-02-11,15.361943630689973,15.361943630689973,14.913627199901567,15.049824714660645,134895811
2008-02-12,15.225744390365138,15.492464548725168,15.061172689606479,15.464090347290039,189322753
2008-02-13,15.413011648847098,15.452736853488314,15.072518650778216,15.40733814239502,106347813
2008-02-14,15.34491024118425,15.447058651338136,14.987391471862791,14.987391471862793,128028801
2008-02-15,15.01577194530735,15.225742340087892,14.851198934274954,15.225742340087891,125203287
2008-02-19,15.413010478280365,15.464085356815939,14.964694242978446,15.20304012298584,117432107
2008-02-20,14.913621733762415,15.378962516784668,14.862548184110382,15.378962516784668,145489059
2008-02-21,15.356263923152401,15.475436877353458,15.044145106037741,15.106568336486816,93068155
2008-02-22,15.146298972046557,15.435718536376953,14.805804504788071,15.435718536376953,137697075
2008-02-25,15.259795795364267,15.571914724358207,15.049825339791385,15.435718536376953,184562476
2008-02-26,15.373290134226865,15.804581953058113,15.327891416171404,15.571910858154297,127558805
2008-02-27,15.40166019474891,15.838628068363247,15.322212459498616,15.640006065368652,121404790
2008-02-28,15.498133894625957,15.509483571176331,15.151966094970703,15.151966094970703,109396139
2008-02-29,14.953346056364317,14.970370573428065,14.533403971488042,14.658251762390137,172356126
2008-03-03,14.567449063716774,14.590149746093662,14.255330337137037,14.459627151489258,136199687
2008-03-04,14.209934817455611,14.419905183850906,13.948889569824502,14.380181312561035,200666418
2008-03-05,14.425584257428799,14.590157294525685,14.085091167261671,14.266687393188477,225038495
2008-03-06,14.034013566188236,14.130487167196904,13.676496023662347,13.772968292236328,172225394
2008-03-07,13.54596786526726,14.102107222452569,13.506244006163778,13.801338195800781,245347286
2008-03-10,13.83539169129971,13.909165928779528,13.336001875228195,13.409774780273438,208597874
2008-03-11,14.016984260309499,14.374503013149491,13.636767490345813,14.289379119873047,280335753
2008-03-12,14.323438542408118,14.703656885458425,13.931870517395268,14.051043510437012,210871654
2008-03-13,13.682167783396292,14.618525388783331,13.301949636704014,14.016985893249512,258767525
2008-03-14,14.153184449181833,14.243983197548507,13.347350720611239,13.619744300842285,313442513
2008-03-17,12.649343269422802,13.506253593998522,12.649343269422802,13.307631492614746,261292799
2008-03-18,13.988610668803576,14.493676547703021,13.738915148169372,14.425577163696289,343693354
2008-03-19,14.612857997324689,14.811478762745013,14.045367240905762,14.045367240905762,266921300
2008-03-20,14.267326447623143,15.176911995798736,14.255885238240579,15.056777954101562,274151455
2008-03-24,15.222673951867451,15.657443855649138,15.188350330216791,15.251276969909668,182639531
2008-03-25,15.216950390784259,15.359966796379533,14.908035169607222,15.205509185791016,156227318
2008-03-26,14.976688574239891,15.033895965971626,14.599125967439766,14.656332015991211,158215752
2008-03-27,14.799354317485561,14.822238089111897,14.370304754589666,14.427512168884277,151309473
2008-03-28,14.461817089102276,14.541906835595764,14.044210585462244,14.10141658782959,109083465
2008-03-31,14.055661152118031,14.473269277216163,13.964130144158132,14.227280616760254,108253278
2008-04-01,14.736419492882236,15.285602844706172,14.696373922059188,15.228395462036133,206127626
2008-04-02,15.331368614095021,15.543033659515265,15.102541755778025,15.216955184936523,157608254
2008-04-03,15.04533452168668,15.359970419578477,14.976685932354258,15.285602569580078,121409591
2008-04-04,15.256997988383519,15.291321607945754,14.970963795825158,15.079656600952148,109628675
2008-04-07,15.308489956611645,15.434344625277449,15.113988019499306,15.171194076538086,121394696
2008-04-08,15.033898686102249,15.154032752976812,14.856557217145237,14.999573707580566,110939936
2008-04-09,15.045331112764037,15.045331112764037,14.63916430218366,14.747857093811035,120887401
2008-04-10,14.6162877820052,14.862276477136998,14.484712527156583,14.656332015991211,135427111
2008-04-11,14.370296013189733,14.702093710180003,14.335972391400395,14.376016616821289,113534638
2008-04-14,14.284493353158499,14.301655171735641,13.958414770650963,14.038504600524902,122993519
2008-04-15,14.170074485640255,14.318811533136197,13.941247638794149,14.181515693664551,115135922
2008-04-16,14.461830877853959,14.639172340638819,14.364580581105377,14.564803123474121,138142820
2008-04-17,14.456105688659699,14.896596175823969,14.433221932096675,14.816506385803223,155159918
2008-04-18,15.29132664604645,15.382856328369094,15.033896728153298,15.142589569091797,155040388
2008-04-21,14.982413080384188,14.988132343035554,14.765027372411508,14.90804386138916,80684295
2008-04-22,14.799356245223542,14.839400500219289,14.616295450633414,14.702104568481445,103538795
2008-04-23,14.736420288104258,14.833670560485112,14.501872827178369,14.60484504699707,100855461
2008-04-24,14.662056494084474,15.234122503441315,14.656335887718132,15.131150245666504,151581647
2008-04-25,15.297045073539195,15.457223337981567,14.970966597143489,15.417179107666016,102556949
2008-04-28,15.428621821441942,15.537313314330234,15.274164146262493,15.45722484588623,94327960
2008-04-29,15.388576188860391,15.474385254395786,15.21695537142925,15.268442153930664,79175827
2008-04-30,15.285601396795952,15.474382652410824,15.113981951402438,15.222673416137695,106284786
2008-05-01,15.182624602380823,15.800454956291217,15.131137844101929,15.74324893951416,125902987
2008-05-02,16.05217316014997,16.115101157237461,15.680331155246858,15.851950645446777,121243775
2008-05-05,15.731816877755287,15.771861112768519,15.520153149505022,15.577359199523926,78741654
2008-05-06,15.359964597569245,15.75469014286957,14.827943268824436,15.74324893951416,124571291
2008-05-07,15.760416399943452,15.760416399943452,15.113982805681237,15.176909446716309,118989199
2008-05-08,15.239839173628006,15.239839173628006,14.81078977742621,14.867997169494629,166583229
2008-05-09,14.776466148093338,15.113985866074142,14.742142518760465,14.867997169494629,142069218
2008-05-12,14.885161279582661,15.091104430518421,14.827953878692364,15.045339584350586,83396557
2008-05-13,15.096825197021893,15.108266408685664,14.81079221906659,14.90804386138916,92714119
2008-05-14,14.982401440998419,15.085372265977357,14.902311678390879,15.011004447937012,80104494
2008-05-15,14.999569425508477,15.216955073637651,14.873716131852813,15.159749031066895,90097013
2008-05-16,15.205512693312702,15.205512693312702,14.885156193244399,15.096819877624512,64561765
2008-05-19,15.011014271631268,15.188354373887137,14.833672826195043,14.95380687713623,85711945
2008-05-20,14.799346934938928,14.805067539196626,14.519034639951462,14.60484504699707,97189420
2008-05-21,14.564801393364098,14.656332416729372,14.15291514617118,14.233003616333008,133429075
2008-05-22,14.13575268859026,14.456110614656996,14.13575268859026,14.313094139099121,81729044
2008-05-23,14.250153537163893,14.255874137400626,14.032769384988775,14.10141658782959,89026043
2008-05-27,14.032780050987915,14.244443763807105,14.027058103222851,14.175796508789062,83667623
2008-05-28,14.290209808883583,14.30165236220108,13.895484029610662,14.095707893371582,139054252
2008-05-29,14.061379271127928,14.410338742790216,14.061379271127928,14.347412109375,96678678
2008-05-30,14.427510631836821,14.444672451342608,14.044225966665525,14.164360046386719,79018259
2008-06-02,14.13002537932995,14.13002537932995,13.815389551017111,13.952685356140137,104662574
2008-06-03,14.067101541287219,14.107145767297171,13.695258270226159,13.906923294067383,151496831
2008-06-04,13.826832282289519,14.072820906781251,13.655212842738504,13.821111679077148,169059385
2008-06-05,13.878323557585267,14.095707893371582,13.843998583993457,14.095707893371582,138013073
2008-06-06,13.918366334247535,13.924086938716522,13.340579910158967,13.346299171447754,192620233
2008-06-09,13.420669385965367,13.500759197758057,12.934413939849239,13.163239479064941,210144379
2008-06-10,13.003064174592497,13.37490760779248,12.951578718701366,13.203288078308105,217348930
2008-06-11,13.254773613638539,13.277656038616181,12.774238659566199,12.820003509521484,214532033
2008-06-12,12.922969611136988,13.260489283451921,12.86004296587393,13.168959617614746,245193165
2008-06-13,13.243330320116122,13.374905586242676,12.974459182517528,13.374905586242676,157429513
2008-06-16,13.249049824117378,13.586569540985435,13.163239407887803,13.500759124755859,152712567
2008-06-17,13.638047010342698,13.643767611867686,13.054538938896382,13.106025695800781,150943989
2008-06-18,12.865760853143261,13.214721659998254,12.739906246013579,12.888643264770508,185416667
2008-06-19,12.917257936136352,13.054552515521273,12.631224876055956,13.025949478149414,204997568
2008-06-20,12.812400134456025,12.98554034719894,12.616173385609446,12.800857543945312,222510144
2008-06-23,12.731602782197317,12.754689322174965,12.310294092612846,12.396864891052246,150520894
2008-06-24,12.368009831383345,12.679662573451353,12.200640866575167,12.541150093078613,249743926
2008-06-25,12.616173314929949,12.962455093558047,12.506518705692505,12.512290000915527,270571830
2008-06-26,12.25258124560108,12.362237229966892,12.010184091757175,12.062127113342285,177928986
2008-06-27,12.039042946698094,12.154468882024197,11.744702746368754,11.871672630310059,179566216
2008-06-30,11.883212667581732,11.906299204763279,11.577331294602141,11.692758560180664,180520980
2008-07-01,11.502307913117987,11.77933292444955,11.294539832160748,11.727391242980957,292065583
2008-07-02,11.790871423432431,11.964011636685624,11.542703016556247,11.548474311828613,180299400
2008-07-03,11.686988198431903,11.762016401331412,11.421505872914276,11.508076667785645,102694575
2008-07-07,11.623502961599621,11.744701536287275,11.011740147072123,11.127166748046875,234991745
2008-07-08,11.213736285592805,11.8543554702843,11.069451873608527,11.848584175109863,305913840
2008-07-09,11.848585361138941,11.906299673742673,11.156023095470637,11.173336982727051,277344669
2008-07-10,11.069458683223431,11.334941134729242,10.936717457470525,11.092544555664062,287294227
2008-07-11,10.780887603759766,11.13294010157138,10.555804315002764,10.780887603759766,383739753
2008-07-14,11.080999928392986,11.196426559286143,10.226839065551758,10.226839065551758,291271342
2008-07-15,10.134495264439964,10.515404912479784,9.678558759183522,9.9094133377075195,577518234
2008-07-16,10.24415168219736,11.207967758178711,10.099867225860399,11.207967758178711,448019742
2008-07-17,11.663902082556609,12.056352888408368,11.259906653031775,11.692758560180664,649620981
2008-07-18,12.044812066364695,12.171783296723243,11.658132499246619,11.929386138916016,316816931
2008-07-21,12.229499042948563,12.39686803091206,11.894759711938757,11.975559234619141,260827481
2008-07-22,11.652360391435337,12.979770660400391,11.484990098124966,12.979770660400391,407857505
2008-07-23,12.673892925812472,13.326056334332289,12.616178594348627,12.962460517883301,438753143
2008-07-24,13.04902804238688,13.04902804238688,12.056354258641255,12.090983390808105,335380780
2008-07-25,12.137160066452612,12.368014743793781,11.819735901420874,12.044817924499512,241407348
2008-07-28,11.98709992632247,12.23526839755479,11.427278719398796,11.479220390319824,209227038
2008-07-29,11.560022108400055,12.408411026000977,11.398424412916478,12.408411026000977,307696205
2008-07-30,12.621952056148288,12.766235861432428,12.160242795172733,12.598865509033203,334457776
2008-07-31,12.350690674649451,12.696972443468455,12.298749019113588,12.483431816101074,208456555
2008-08-01,12.489204466242807,12.593087777314535,12.142922697423804,12.483431816101074,233089604
2008-08-04,12.368008341454207,12.558462470867422,12.142925079807489,12.379550933837891,173696931
2008-08-05,12.575775681563009,13.008626937866211,12.483433592388666,13.008626937866211,222832666
2008-08-06,12.800854924368949,12.968223807606018,12.645028629280509,12.875883102416992,174735772
2008-08-07,12.616177246357791,12.743148490995294,12.125612934285442,12.241040229797363,232640658
2008-08-08,12.154466452004623,12.772001857949547,12.13715256516724,12.662345886230469,217414542
2008-08-11,12.621943452983253,13.135592690843085,12.523830098637953,12.875883102416992,198637484
2008-08-12,12.691204403893451,12.70274699697338,12.119840626106788,12.223725318908691,235358583
2008-08-13,12.07944202406223,12.108298507893755,11.681218481939396,11.871672630310059,282142492
2008-08-14,11.808188887939648,12.26989671490468,11.762018511767941,12.241040229797363,159833779
2008-08-15,12.281439238553741,12.489208640300852,12.171784595774447,12.327610969543457,164707308
2008-08-18,12.281440672704454,12.281440672704454,11.802418901483453,11.854360580444336,199085937
2008-08-19,11.686988198431903,11.733158566319348,11.381106801012761,11.508076667785645,214356492
2008-08-20,11.525393586306235,11.744704246520996,11.317624166015657,11.744704246520996,210530790
2008-08-21,11.46190345669245,11.663901500139007,11.409961799562772,11.531160354614258,162472673
2008-08-22,11.808186148761612,12.015954148420423,11.686987584342999,11.969783782958984,181439675
2008-08-25,11.808185309249525,11.813956604521891,11.542703016556247,11.548474311828613,118690804
2008-08-26,11.5600181446337,11.733158376492856,11.433048279915017,11.640817642211914,130458179
2008-08-27,11.64659088444607,11.883216793281393,11.55425012398957,11.865902900695801,109374842
2008-08-28,11.992867110942235,12.379547927126978,11.946696752621238,12.34492015838623,190652725
2008-08-29,12.217954690094396,12.431495407592033,12.183328260204387,12.362239837646484,171501320
2008-09-02,12.673888040094253,12.766230121789331,12.310292363809515,12.535375595092773,200156538
2008-09-03,12.47766428209526,12.743146616189412,12.350693056138105,12.731602668762207,178467795
2008-09-04,12.546917949050881,12.656573914915706,12.102524145369483,12.108295440673828,226208068
2008-09-05,11.923618041606659,12.546923637390137,11.906304147844104,12.546923637390137,294009947
2008-09-08,13.54536838808832,13.562683637860278,12.61040994438361,13.089431762695312,518173693
2008-09-09,12.82394536459068,13.100970304033822,12.212182521271455,12.252581596374512,407839902
2008-09-10,12.339154476275301,12.639264652036381,11.912073047212134,12.10252857208252,310143310
2008-09-11,11.715845096363875,12.414178710988937,11.640818245869941,12.379550933837891,411572786
2008-09-12,12.067898890419674,12.419950687573069,11.99287068073307,12.206411361694336,313952147
2008-09-15,11.392648695489051,11.96978367907764,11.017510414123535,11.017510414123535,555804994
2008-09-16,10.498090632036842,11.842816352844238,10.38843531402496,11.842816352844238,594428727
2008-09-17,11.254137763666135,11.352250480199036,10.45192010954535,10.705859184265137,625337783
2008-09-18,10.867454694278324,11.813956604521891,9.9036388982176611,11.548474311828613,1050592272
2008-09-19,14.100568732368828,14.275368843314478,12.387524635339902,13.04011344909668,519107037
2008-09-22,12.958533195946021,12.970186439950741,11.332889924450408,11.973824501037598,231788560
2008-09-23,11.968003553818324,12.21272453010064,11.653363080354453,11.938870429992676,213533692
2008-09-24,12.049570454399175,12.061223696952515,11.624221628911776,11.804849624633789,168258373
2008-09-25,11.868942867323357,12.224370881655435,11.764063680732315,12.131143569946289,196826560
2008-09-26,11.56595434188533,12.463263511657715,11.490208272324002,12.463263511657715,252887038
2008-09-29,11.973823828552893,12.049571278402171,10.715261234072484,10.820141792297363,422434145
2008-09-30,11.012422837052455,11.740758831691288,10.878409156318487,11.589263916015625,212701043
2008-10-01,11.571784114165904,12.043745994567871,11.414463943389537,12.043745994567871,235842858
2008-10-02,11.938862496749325,12.061222903583333,11.414461144052868,11.443594932556152,213501932
2008-10-03,11.764065922422622,12.032093297596534,10.942503929138184,10.942503929138184,322736194
2008-10-06,10.499673010428728,10.785180860888778,10.03936584514955,10.371486663818359,420354002
2008-10-07,10.552117884538971,10.575423693257871,9.2760744094848633,9.2760744094848633,436457082
2008-10-08,8.8915116201427491,9.7130728073218897,8.7924576827987799,8.9031648635864258,486205977
2008-10-09,9.3692971154868285,9.4217373861200855,7.9708944588415935,7.9767217636108398,485969133
2008-10-10,7.6970427363645326,8.7982845306396484,7.4523218816124768,8.7982845306396484,648326092
2008-10-13,9.3110324521039516,9.5207929007931078,8.6584453015640097,9.4858331680297852,274509061
2008-10-14,10.155902182006763,10.412276324895753,9.6781150015849136,10.097635269165039,410632918
2008-10-15,9.6606323274423218,9.8062992252259136,9.0022172927856445,9.0022172927856445,256192889
2008-10-16,9.2527675407281293,9.3693013764579067,8.5011262839770723,9.2061538696289062,383211531
2008-10-17,9.0138714774130193,9.5382721876488343,8.9322974103654698,8.9439506530761719,292251095
2008-10-20,9.1770165268332207,9.3867769241333008,8.8856827557002589,9.3867769241333008,170736746
2008-10-21,9.1070966124621968,9.4508706621606393,9.0954433707836486,9.1012706756591797,162976768
2008-10-22,8.9206449963276633,9.0196982526063838,8.2505766378539001,8.5302572250366211,218857767
2008-10-23,8.5652152754016662,8.6526152637540434,7.9242808874239055,8.4428548812866211,248715672
2008-10-24,7.6912154137845068,8.3321506586332283,7.6737355482076453,7.8951492309570312,252223775
2008-10-27,8.0233357000025247,8.2913630222869887,7.6504285078011955,7.6795616149902344,183470456
2008-10-28,8.1165650611197062,8.9556070392323708,7.5746842966160299,8.8856868743896484,241738610
2008-10-29,8.6817522367755036,9.0196990736883098,8.337977409362793,8.337977409362793,214718037
2008-10-30,8.7400216572793816,8.8215957691622435,8.4486876932416273,8.6293144226074219,197687644
2008-10-31,8.5127763620446526,9.066310849664946,8.5127763620446526,9.0488309860229492,173640182
2008-11-03,9.025523920712363,9.1770167465697394,8.9905635116404614,9.1012706756591797,82914744
2008-11-04,9.2702498957413386,9.6315040358366009,9.2294628401017036,9.6140241622924805,138595705
2008-11-05,9.4566985393794454,9.5207913724905175,8.7108835024149549,8.7341899871826172,147492634
2008-11-06,8.6293096580478927,8.8215908984371634,8.1282154344911213,8.1340427398681641,201705259
2008-11-07,8.2855386734008789,8.407898441191918,8.081604815033792,8.2855386734008789,140329076
2008-11-10,8.4894730012500617,8.5652197889425885,7.8718447689569961,8.0408182144165039,140162645
2008-11-11,7.8834955211956483,8.0175091841019483,7.6329487439629018,7.7611351013183594,214783280
2008-11-12,7.6271194940095572,7.7727863628096134,7.2658663160601336,7.2833461761474609,233086157
2008-11-13,7.3940535180291302,7.8776678260783868,6.8172125944167767,7.8135743141174316,322958390
2008-11-14,7.6446051909338033,7.8485383974849201,7.3183108291860952,7.4173641204833984,235483653
2008-11-17,7.2891780319247896,7.3532715823189498,6.9046167295598275,6.9454030990600586,227032345
2008-11-18,6.9745329292208291,7.0561063057673934,6.5608387415581495,6.8463459014892578,265910772
2008-11-19,6.8055622017650341,6.8521758710770548,6.0830540896296306,6.1296677589416504,254938500
2008-11-20,6.0247865826796172,6.1646268928541401,5.3838519417191311,5.4712519645690918,493582622
2008-11-21,5.7276239756860745,5.7392775592641829,5.0517291248445542,5.6402239799499512,442404166
2008-11-24,5.949037340897207,6.7531184493298824,5.873290594596889,6.4967451095581055,378163323
2008-11-25,6.9046151969719842,7.0036684706656267,6.537534532765954,6.8754820823669434,288533475
2008-11-26,6.6832001438329458,7.2250807559019554,6.6424137915028263,7.1959476470947266,168369286
2008-11-28,7.2075987980500216,7.4406656308319414,7.1260247567420523,7.3765721321105957,67060941
2008-12-01,7.0910675427319561,7.1085474074527308,6.1354920281540855,6.1471452713012695,205318859
2008-12-02,6.3452520950490836,6.6948527897089356,6.0830520870814233,6.6482391357421875,241340997
2008-12-03,6.3802122952341263,7.0735870403494241,6.3452518849078032,6.9920129776000977,257054343
2008-12-04,6.8230402879607484,7.3124812936878918,6.7531201442854423,6.916266918182373,219393375
2008-12-05,6.747294931863081,7.5105900500737679,6.73564168615607,7.4639763832092285,275159275
2008-12-08,7.7727910491631285,8.0524723993660281,7.6853910119952955,7.9650716781616211,248535576
2008-12-09,7.8252250362938955,8.0349860508435214,7.5746783738681049,7.6445984840393066,237956855
2008-12-10,7.7028675541366391,7.7436545853433234,7.3474402514702852,7.5105876922607422,191223909
2008-12-11,7.3940547143722117,7.4523216150402058,6.8987877687851533,6.9337468147277832,190928716
2008-12-12,6.6832009200989626,7.0910685949929322,6.6016275219274583,7.0677614212036133,164449290
2008-12-15,7.0502795439410404,7.0735867110857731,6.677371709987816,6.7764263153076172,136861718
2008-12-16,7.5338993072509757,7.5455525561779506,6.8929637759005322,7.5338993072509766,274174721
2008-12-17,7.3940562249306652,7.6795634808984232,7.3124828209450907,7.4639763832092285,185359425
2008-12-18,7.4989367614938836,7.6038166562938629,7.1668158405603855,7.2483892440795898,182620327
2008-12-19,7.2501600696995627,7.4216562285342329,7.1259728130267463,7.2324185371398926,162598605
2008-12-22,7.2501632385983736,7.2856449307280897,6.8716876903857322,6.9781341552734375,148061603
2008-12-23,7.0136172168346507,7.0786669920012981,6.7948106506403638,6.8125514984130859,73468296
2008-12-24,6.8657741609946079,6.9722192279530661,6.8007230093548943,6.9603919982910156,22234938
2008-12-26,7.0313581099108005,7.0431853418354846,6.8835156281041892,6.9663076400756836,37218054
2008-12-29,6.9840475098715267,6.9899611250056886,6.7770682031788629,6.9071698188781738,47453450
2008-12-30,6.9426514593322342,7.208766915436537,6.91899699896714,7.1732845306396484,72357934
2008-12-31,7.1910246517439802,7.4689665889579562,7.1378014321714698,7.4039168357849121,109208165
2009-01-02,7.4098283784692462,7.5754116203407529,7.2205913795432117,7.4867067337036133,117919090
2009-01-05,7.4512262903040609,7.5340175778214791,7.3211247038494092,7.362520694732666,127885266
2009-01-06,7.4512292101908626,7.5813294591292451,7.3980059708414423,7.480797290802002,153337176
2009-01-07,7.3092988185063765,7.362522046773214,7.0786657550157148,7.0904936790466309,131015946
2009-01-08,7.0490970826738506,7.1673707706060252,6.9840473179853113,7.0609250068664551,132274643
2009-01-09,7.1200627683748179,7.1614580785111119,6.8243785104403907,6.8362064361572266,125745788
2009-01-12,6.8125513264256661,6.8302928679998365,6.3808539036078598,6.4754724502563477,179488048
2009-01-13,6.3808526413539175,6.6410544609760533,6.315801492199193,6.564176082611084,253377222
2009-01-14,6.3453723120742893,6.3571995451104053,6.1383936511940105,6.1857032775878906,201367472
2009-01-15,6.1679602157347526,6.1738745250466049,5.6712116907310035,5.9018454551696777,326492960
2009-01-16,6.0615140108493408,6.1265644660705805,5.4642333788397375,5.7244348526000977,250760855
2009-01-20,5.4050982558364247,5.4701483846041183,4.7723350407008205,4.7782483100891113,300320300
2009-01-21,5.0621043017272749,5.4938027875627888,4.8551256564790091,5.4819755554199219,389759343
2009-01-22,5.2631693946614915,5.4169251500047508,5.0029675073689059,5.1448960304260254,289483314
2009-01-23,4.9142616129314121,5.3755280947872848,4.8965211150854202,5.3163919448852539,284052758
2009-01-26,5.4228378094702006,5.5588523539708774,5.1448954521151418,5.2217731475830078,248432049
2009-01-27,5.3282179064197619,5.4287503786941125,5.2395123141856699,5.4050955772399902,166844939
2009-01-28,5.8781920906173593,6.2152717230751344,5.7894874905425011,6.0969986915588379,385065663
2009-01-29,5.8663628391298452,5.9195860668430198,5.5884205122791375,5.6179885864257812,203495871
2009-01-30,5.6948666025700874,5.7480894862344742,5.3696149911634246,5.4642338752746582,282654711
2009-02-02,5.3223053755454934,5.5174567589390451,5.2690824918811066,5.4642338752746582,148428194
2009-02-03,5.5529387634891334,5.5647663408843613,5.2454276523318564,5.363701343536377,226112665
2009-02-04,5.4169246914308369,5.5351976985291254,5.2631689491038873,5.3045649528503418,261722787
2009-02-05,5.2395144917779959,5.5233708387027338,5.0502770428697303,5.3873562812805176,474387516
2009-02-06,5.535197350631786,5.8486224312287902,5.493802043736415,5.7894859313964844,326797509
2009-02-09,5.8427078742090597,5.9668944691275909,5.7540026180714854,5.8545351028442383,208984531
2009-02-10,5.7835706544974785,5.8427078386875744,5.2040315951530136,5.2572541236877441,399645012
2009-02-11,5.3459601837863717,5.5233700274317474,5.3223053759754944,5.511542797088623,225005627
2009-02-12,5.3341334135101146,5.4701479715370551,5.1153271891789132,5.440579891204834,282216229
2009-02-13,5.3223055410286459,5.4110104656022147,5.2158597703902201,5.2336006164550781,209027739
2009-02-17,4.9024336652231986,4.9674844619656966,4.7131962776184082,4.7131962776184082,274266185
2009-02-18,4.8551240579785757,4.8669512862274482,4.565354536009238,4.7131962776184082,269314979
2009-02-19,4.8019019523323001,4.8255567597408282,4.4352546938101574,4.4648227691650391,257146298
2009-02-20,4.2460142690096188,4.5121299263811787,4.0508636894606678,4.3997702598571777,503483309
2009-02-23,4.5594444738380231,4.5949265306495066,4.2460188865661621,4.2460188865661621,262755965
2009-02-24,4.3051516864432413,4.7605047225952148,4.2519288251930059,4.7605047225952148,327940739
2009-02-25,4.689543249767234,4.9497447996439021,4.452996512470154,4.7309389114379883,400245986
2009-02-26,4.9556576530000225,5.0621030633704631,4.7605062876350637,4.8078155517578125,388346771
2009-02-27,4.4648228883637859,4.719111120201565,4.4589096202595639,4.4943909645080566,308811984
2009-03-02,4.322895261681051,4.3997729571097759,4.1632259082236152,4.2105355262756348,230782341
2009-03-03,4.3169806463943754,4.3465487193006664,4.0449515986597451,4.1277432441711426,234076127
2009-03-04,4.2755847298995562,4.281497996986535,3.9621597054416666,4.0745201110839844,285063778
2009-03-05,3.9621605345132496,3.9739877654111671,3.6014265208803216,3.6901321411132812,346455471
2009-03-06,3.7433546515778979,3.832059568658726,3.4772392060861947,3.6546497344970703,265816601
2009-03-09,3.5777709152096042,3.8143186046118638,3.5304623492779412,3.7019588947296143,300571670
2009-03-10,3.9385054420032115,4.2755845630267926,3.9030234109941735,4.251929759979248,435885036
2009-03-11,4.4175131197736111,4.5298728466166294,4.2637580877577443,4.3642902374267578,511086088
2009-03-12,4.3465492900241749,4.8669523012507137,4.293326404679827,4.8137297630310059,476439962
2009-03-13,4.9024355529001689,4.9674863746904085,4.6363203849612473,4.843299388885498,341559661
2009-03-16,4.9615703940475795,5.1330669355920469,4.7309370182810042,4.7486782073974609,353656206
2009-03-17,4.7427662958487362,5.0739322940555276,4.6540613533065418,5.0561914443969727,276164140
2009-03-18,4.9970517333965629,5.5884189523789338,4.9438288676641413,5.5647644996643066,509248328
2009-03-19,5.7244347186623123,5.7362622947778172,5.1094125628920635,5.1212401390075684,508014866
2009-03-20,5.118852689072579,5.1427447668778701,4.8321491578349693,4.8620138168334961,375016395
2009-03-23,5.28609586023481,5.746016138710381,5.1726091111265937,5.6623940467834473,457828227
2009-03-24,5.5070955869472344,5.7758795471044122,5.345824720004007,5.3876352310180664,368470429
2009-03-25,5.5130696075744741,5.7101784575165304,5.1905277893772066,5.566826343536377,440502517
2009-03-26,5.6683662373770707,5.7042034684876715,5.4473653625443665,5.6325283050537109,306281294
2009-03-27,5.4832035566545452,5.6683661455581573,5.4473652743053309,5.4593114852905273,245167807
2009-03-30,5.154688033729137,5.2383093874060238,4.9396597924115575,4.9874439239501953,273044294
2009-03-31,5.1188527534128898,5.3517988495617104,5.0412032366148454,5.2622041702270508,300060805
2009-04-01,5.1128784031953112,5.4473660473326975,5.1009325411212698,5.4115281105041504,214623004
2009-04-02,5.7280950088677249,5.7460144992766597,5.4832031368207028,5.5608515739440918,293319479
2009-04-03,5.5070957553787432,5.8057443753942541,5.4772300519218753,5.7878255844116211,224946170
2009-04-06,5.5966903727303503,5.710177099986594,5.5429336495485,5.6325283050537109,222197593
2009-04-07,5.459311291326185,5.6205821537423466,5.453338010742625,5.4652838706970215,212819958
2009-04-08,5.5489058551474271,5.6086358551951081,5.3816624159840911,5.4951491355895996,154755288
2009-04-09,5.9909067856091385,6.3791507283845794,5.9072850672584822,6.3492860794067383,384778225
2009-04-13,6.2238541438158812,6.725585235145469,6.1820436285792235,6.6180710792541504,307171184
2009-04-14,6.5165314802953729,6.6479380790440397,6.1402332836887439,6.182044506072998,393041928
2009-04-15,6.09842359069716,6.5284782300693358,6.0088289033784985,6.4806947708129883,237804457
2009-04-16,6.6001542275814762,6.6598842474911679,6.3253965567246597,6.5523700714111328,267621000
2009-04-17,6.522505639477302,6.7673979583112471,6.4030455954928085,6.6359920501708984,281153137
2009-04-20,6.3253967085483245,6.3612343006265544,5.877422249686191,5.8953413963317871,325535488
2009-04-21,5.6444745078163692,6.3373411245368496,5.6205827852233048,6.3313674926757812,356329199
2009-04-22,6.1223134520111522,6.4866657237183842,6.086475868505258,6.1043939590454102,299510302
2009-04-23,6.1939882670660023,6.4329089829265689,6.1043936121794502,6.3910970687866211,208109536
2009-04-24,6.426933084239443,6.6598800864656109,6.3074738202699407,6.534447193145752,288261916
2009-04-27,6.3492864034054115,6.5225034799541142,6.2895564011890572,6.4269351959228516,157074123
2009-04-28,6.1760691335561519,6.3612313422748024,6.1581503458503413,6.229825496673584,166197310
2009-04-29,6.3134496667444857,6.5583419372331484,6.3015031037340847,6.4986119270324707,192158977
2009-04-30,6.61209539101307,6.6598795132153485,6.355256698342937,6.4090137481689453,215537513
2009-05-01,6.4149893529919142,6.5105576372804563,6.3015022783540475,6.3612322807312012,137526705
2009-05-04,6.4448557541452889,7.0122891160865191,6.4388821218434744,7.0063161849975586,260737864
2009-05-05,6.8749066912441226,7.0302035034436443,6.833095498612102,6.9047713279724121,200012388
2009-05-06,7.1138286852733801,7.5020726214284421,7.0779904058983876,7.4542884826660156,330286040
2009-05-07,7.8066925287355433,7.8066925287355433,7.1257724343895612,7.2392587661743164,350441326
2009-05-08,7.3527515872981519,7.8126723080516065,7.2930215598172978,7.7768340110778809,368943749
2009-05-11,7.5319385364920146,7.621533198176988,7.293019204927818,7.3228845596313477,254006756
2009-05-12,7.3766375714636396,7.3945563553853964,6.940609622092631,7.1675829887390137,254245447
2009-05-13,6.9645024068582853,7.0182587614922385,6.7673936695628791,6.8032312393188477,237690343
2009-05-14,6.7435014037354426,7.0959076868284212,6.7375291765237417,7.0302047729492188,214387267
2009-05-15,7.0541009982564278,7.1138310159756157,6.8271274918938483,6.8868575096130371,188082520
2009-05-18,7.0839622689666593,7.388584412177015,7.0302045127133415,7.3408002853393555,168822171
2009-05-19,7.3408029133732615,7.4602629226282673,7.1795316905151747,7.1914782524108887,194454423
2009-05-20,7.3587247026747864,7.3885900677634213,6.9525610666885553,7.0003452301025391,338297881
2009-05-21,6.8988017182121757,7.0899368876136242,6.8808822263454292,7.0122880935668945,267674180
2009-05-22,7.0779940028695325,7.0959128010568522,6.9346429161579346,6.9645075798034668,118089215
2009-05-26,6.8808823685904281,7.2213436053310227,6.8749101394617202,7.1914782524108887,185271163
2009-05-27,7.2571802643758199,7.2810726862242898,6.9525580214193523,6.9764504432678223,211276284
2009-05-28,7.0302090989970152,7.1974533014273367,6.9107497557901825,7.1735615730285645,228614303
2009-05-29,7.2332886779391954,7.3766404068386358,7.0959098793095032,7.304964542388916,231964224
2009-06-01,7.4005317177244185,7.5199910063918116,7.3109370759207097,7.3826122283935547,236336489
2009-06-02,7.2810756887351422,7.3766433119001862,7.2213463625151366,7.2631568908691406,237238566
2009-06-03,7.215367113742853,7.281070022668449,7.0959071518394987,7.1675829887390137,172765434
2009-06-04,7.2332887734898641,7.4363705089822094,7.215369982443919,7.4244246482849121,200735723
2009-06-05,7.5498576084040572,7.5677763994983529,7.3049646585976049,7.3587217330932617,188049530
2009-06-08,7.2870492631228325,7.48415745943411,7.2810763299747991,7.4124822616577148,114387228
2009-06-09,7.4542890761135867,7.4901273583417209,7.3766402827008326,7.4662356376647949,114763791
2009-06-10,7.5080459772893855,7.514018907322134,7.2631537423084866,7.3527483940124512,193137006
2009-06-11,7.3527522289642899,7.5199957595354032,7.3408063626682241,7.4124822616577148,192736070
2009-06-12,7.4065073679887341,7.466238091739406,7.3885892728042952,7.4602651596069336,101101415
2009-06-15,7.3885873834550528,7.4065054740576244,7.23926201468859,7.269127368927002,117569979
2009-06-16,7.2870466236800251,7.3049654166337543,7.1138302227016306,7.1436948776245117,139644394
2009-06-17,7.0959112099747248,7.1078570727543742,6.8749113461254376,6.9346413612365723,255798230
2009-06-18,6.9585326189384826,7.1377219510111916,6.9525589867374062,7.1018843650817871,149106352
2009-06-19,7.1925387910068981,7.2705879909679503,7.0904746694666434,7.2285618782043457,218644804
2009-06-22,7.1325019477360492,7.1805325035716621,6.8022939027488993,6.8082976341247559,163965753
2009-06-23,6.8623309412686337,6.9583913343919006,6.7842817397006066,6.8863458633422852,172708561
2009-06-24,6.9824077958765765,7.0844719317176184,6.9163653426228962,6.970400333404541,133115662
2009-06-25,6.9463863873451102,7.1204967498779297,6.9043595536774882,7.1204967498779297,156577784
2009-06-26,7.0844713066585374,7.1865354334945168,7.0484482175919858,7.1565160751342773,90023153
2009-06-29,7.1745308074275878,7.2645875084409903,7.0964815725721113,7.2465763092041016,137113950
2009-06-30,7.2525758815158063,7.2705870704197633,7.120493124724895,7.1745266914367676,124690329
2009-07-01,7.1865363672159823,7.2225594609628878,7.126498347523655,7.1325020790100098,71842391
2009-07-02,7.0604561628622386,7.0664591885519927,6.8683346717870464,6.8863458633422852,125072185
2009-07-06,6.8203056631914558,6.9043586142614322,6.7542639077445852,6.8923511505126953,107628053
2009-07-07,6.8983542848877049,6.9163654789507749,6.7602670540799883,6.7842826843261719,119638920
2009-07-08,6.796291586800665,6.8143027846793318,6.5021051639712484,6.6702117919921875,248119375
2009-07-09,6.766271341564277,6.8263093648712152,6.7002295864095265,6.7542638778686523,160788419
2009-07-10,6.7062342879192585,6.7242454841739683,6.6161768969880246,6.6642074584960938,117735302
2009-07-13,6.8143015653670203,7.0964797676237259,6.7722754445033804,7.0904760360717773,278149374
2009-07-14,7.0964810559772262,7.1084892260899659,6.9764049934810979,7.0604586601257324,195259127
2009-07-15,7.1745303277219428,7.4447004126979541,7.1625228623668633,7.3606481552124023,222874027
2009-07-16,7.2946028224888426,7.4086751082390192,7.216553623491377,7.3366303443908691,147851963
2009-07-17,7.3546405218753419,7.3846598770475644,7.2345652156722684,7.2885994911193848,173246139
2009-07-20,7.3426331459054248,7.3966674219719284,7.2946025999764643,7.348637580871582,135604252
2009-07-21,7.3546420689430025,7.3786576990982509,7.2105518121552841,7.2825965881347656,156874455
2009-07-22,7.1505122898815348,7.3486374966352246,7.1385048297440878,7.2885994911193848,123101477
2009-07-23,7.300613848618168,7.5407653927395923,7.2585876984322866,7.4987392425537109,156626901
2009-07-24,7.432691370288941,7.4987338253869407,7.3606465934447884,7.4567070007324219,89317544
2009-07-27,7.4807220663229685,7.5947943747848718,7.4507034087428758,7.5767831802368164,113482936
2009-07-28,7.5107422298460378,7.5887914527079765,7.4867273012204727,7.558772087097168,73711911
2009-07-29,7.5107422298460378,7.5947951848643678,7.4867273012204727,7.558772087097168,124764312
2009-07-30,7.6308157603390496,7.8229372580717351,7.6308157603390496,7.7328805923461914,161803625
2009-07-31,7.7328798527474385,7.8169327797074191,7.6848493067009001,7.8109283447265625,161635840
2009-08-03,7.9550243973025054,8.021066170453949,7.9009907959477843,8.0090579986572266,141779933
2009-08-04,7.9670279310767347,8.2131829968791354,7.9370085736485123,8.1711568832397461,123182969
2009-08-05,8.2191906770020289,8.4953652092609104,8.1771631371136788,8.4533376693725586,205272204
2009-08-06,8.585418690414059,8.6154373436161649,8.3212517229208451,8.3932971954345703,290627775
2009-08-07,8.5133783294001883,8.7655380078877112,8.4653477466337179,8.615443229675293,233042703
2009-08-10,8.6034302468967905,8.6754764331943939,8.4773511829478885,8.5794153213500977,117157348
2009-08-11,8.5253802570245991,8.5313839873677306,8.2492058419260434,8.2612133026123047,157646661
2009-08-12,8.2371978912372494,8.4953618268679669,8.2311948655661986,8.4293193817138672,128570318
2009-08-13,8.561403676815603,8.6094342302110931,8.4053052593161617,8.6034297943115234,166225254
2009-08-14,8.5974299470708893,8.6034329755327033,8.4053083672784226,8.5493993759155273,133410610
2009-08-17,8.2972394328748482,8.3092468979653713,8.1771626674829232,8.1891708374023438,141513667
2009-08-18,8.2672166943650929,8.3932964360644142,8.2552092341706071,8.357274055480957,99642556
2009-08-19,8.2251927965841212,8.4053068778792319,8.2071815999032669,8.3512725830078125,96251028
2009-08-20,8.3752860947907788,8.5854195064942704,8.3692830684084196,8.5674076080322266,111257534
2009-08-21,8.6634703445701664,8.7775426779484871,8.6154404819510262,8.7355165481567383,134382361
2009-08-24,8.8615925334554948,8.9216312503239461,8.6454568178382214,8.6694717407226562,152575803
2009-08-25,8.7355112416239447,8.8615902592393052,8.7355112416239447,8.7775373458862305,116332824
2009-08-26,8.7295101033311475,8.8135637532461164,8.6514608896919079,8.7535257339477539,113992570
2009-08-27,8.7475255213949268,8.8615971696038773,8.6514643699432234,8.8435859680175781,100287847
2009-08-28,8.9276343873426338,8.945646284558844,8.7535247846059008,8.8555889129638672,99309571
2009-08-31,8.6934896744000039,8.8315769496617502,8.6814829126547473,8.8255739212036133,101467637
2009-09-01,8.7595306034136442,8.8555910238737212,8.33326138632696,8.3512725830078125,234730773
2009-09-02,8.2792291641235352,8.4053082665483174,8.2492097932003201,8.2792291641235352,129933281
2009-09-03,8.3692842179516198,8.4713483673878542,8.3092461927654906,8.4413290023803711,97488183
2009-09-04,8.4953636328171331,8.5373897552490234,8.4173144149005292,8.5373897552490234,89279383
2009-09-08,8.6634695845419678,8.675477753972233,8.5253830367970558,8.5734128952026367,99369767
2009-09-09,8.5974288971587445,8.7355161556419301,8.5734132620993435,8.7054967880249023,111341365
2009-09-10,8.6754732449921761,8.7955492382557114,8.5734084392696204,8.7775373458862305,114235569
2009-09-11,8.8075608340018228,8.8135645660024249,8.7175034443351151,8.7235078811645508,80452005
2009-09-14,8.6094367196991861,8.8615956120746624,8.6034322820633857,8.837580680847168,88924363
2009-09-15,8.8615926437597068,8.945646284558844,8.7475210538100612,8.8555889129638672,129108388
2009-09-16,8.909625546440811,9.1617851257324219,8.8856106169192781,9.1617851257324219,153591131
2009-09-17,9.1557793379052317,9.2638479144681138,9.0657226606553465,9.1317644119262695,137935027
2009-09-18,9.1721143144917026,9.1841589963443511,9.0637114708043764,9.1179132461547852,112413566
2009-09-21,9.0336008071899414,9.0817802509369034,9.0034890967316095,9.0336008071899414,103587296
2009-09-22,9.1660887710656027,9.2504022215897237,9.1118870146525079,9.2383575439453125,105834240
2009-09-23,9.2564243275735443,9.2985814052817997,9.03961872140124,9.0516633987426758,134086798
2009-09-24,9.1058699462692445,9.1299600225145454,8.8167946874348679,8.8709964752197266,163284149
2009-09-25,8.8228159286879269,8.9011070696601511,8.7204340093936956,8.7866811752319336,143733037
2009-09-28,8.8348622818877782,9.0938251180804475,8.8228175974621159,9.0817804336547852,96599401
2009-09-29,9.117912485675248,9.1841582303395874,9.0215536248638877,9.0396213531494141,127167716
2009-09-30,9.0938220835973222,9.1239337846136177,8.8950827358495452,8.9974632263183594,180006914
2009-10-01,8.9492890615092726,8.9673553828774111,8.5939665945839803,8.5999889373779297,157511128
2009-10-02,8.4554495308964039,8.7083907034859624,8.4132931401405191,8.6060094833374023,158977372
2009-10-05,8.714411461537459,8.8950830888316119,8.6903213927550524,8.8770160675048828,121768797
2009-10-06,8.9974652685898633,9.0878018061704235,8.8589499984474784,8.9914436340332031,157014296
2009-10-07,8.949285489945062,9.0938223663304392,8.9312177617601378,9.0878000259399414,120700289
2009-10-08,9.1540488712685608,9.2082506559716357,9.0697353767380093,9.0998477935791016,112612372
2009-10-09,9.0757556217757589,9.1841584591221235,9.057687893040157,9.1781368255615234,73837719
2009-10-12,9.2202945579849054,9.2624509481683432,9.1660927778783581,9.2504062652587891,91643272
2009-10-13,9.1901828335427087,9.2202945407603423,9.0817792735321259,9.1600704193115234,91537160
2009-10-14,9.3588108764799411,9.4913038173912927,9.2925644060242654,9.473236083984375,164466893
2009-10-15,9.3708547129122319,9.4069894694431344,9.3046082484502186,9.3889217376708984,103035685
2009-10-16,9.2142684770210472,9.2383578330637555,9.1419997018796533,9.1660890579223633,138771615
2009-10-19,9.2022267511593512,9.2564278196436511,9.1239349048772631,9.2082490921020508,114214273
2009-10-20,9.1901830946378507,9.2443841691694537,9.0817795315474985,9.1359806060791016,131393863
2009-10-21,9.1118906043754162,9.2624505482716781,8.9553083192843825,8.9613313674926758,105829686
2009-10-22,9.0034839853977608,9.2443796533473428,8.9673492463480464,9.2263126373291016,148468694
2009-10-23,9.244381435443227,9.2744931346117809,9.0335974202232592,9.0938215255737305,108821016
2009-10-26,9.0877995036463286,9.1179119108816291,8.8107697405645808,8.85894775390625,149608600
2009-10-27,8.8649724293609911,8.901107183278226,8.7385018511709465,8.7927036285400391,125341405
2009-10-28,8.756566847888811,8.7927015934425494,8.4976041173093328,8.5216941833496094,145026326
2009-10-29,8.6722550784417596,8.8890607483893689,8.606007919550219,8.8770160675048828,147296659
2009-10-30,8.7987262061842504,8.7987262061842504,8.413292827117278,8.4614715576171875,168815032
2009-11-02,8.5277189020391084,8.6782788644675772,8.2988677874283816,8.5337419509887695,209353831
2009-11-03,8.3892012555448918,8.5939629446153383,8.3831796223221193,8.5578289031982422,135013126
2009-11-04,8.6842995715573501,8.7083889328054696,8.4253361100863895,8.4373807907104492,156933912
2009-11-05,8.5096505580254149,8.6662328381342224,8.4494264409804511,8.6541881561279297,128854925
2009-11-06,8.5096477657564051,8.6602076554588798,8.4976030877023305,8.6180505752563477,91056947
2009-11-09,8.7385038162987279,8.937243240002541,8.6843027337543326,8.9251985549926758,123283911
2009-11-10,8.8830368413203011,8.9553056208952082,8.8107687687587024,8.8950815200805664,86729120
2009-11-11,8.9854200804190842,9.1118906603126675,8.9553083742603867,9.0155324935913086,123428800
2009-11-12,8.9974627585712419,9.0576868644863975,8.8288358276195034,8.8469028472900391,112801454
2009-11-13,8.8589510133638463,8.8950857739385238,8.7565704879272808,8.8288393020629883,92111052
2009-11-16,8.937243240002541,9.0456461121050076,8.8830414504444679,8.9251985549926758,150075519
2009-11-17,8.9071296087241123,8.9673537325941322,8.8709955586102502,8.9492874145507812,70430557
2009-11-18,8.9613296392177322,9.0275753795840856,8.9251948920045159,9.0215530395507812,90591013
2009-11-19,8.9673510591203502,8.9733741060238987,8.8107695149623382,8.8469028472900391,95800113
2009-11-20,8.7746366050881814,8.8469046988956137,8.7565688746228041,8.7927036285400391,65219734
2009-11-23,8.8890624862377621,8.9793990245594379,8.8709954613788558,8.9191741943359375,91208237
2009-11-24,8.8950845516495107,8.9251969658262187,8.804748723146492,8.8529281616210938,75278974
2009-11-25,8.901110144428408,8.9071317805687382,8.816795926243719,8.8348636627197266,54272328
2009-11-27,8.581922616009793,8.7324818928722436,8.5518101950263343,8.5999889373779297,93325557
2009-11-30,8.6421452779703731,8.8469063288435024,8.6361229357102012,8.8288393020629883,124414954
2009-12-01,8.8890647511064866,8.9131548307365769,8.7866842104732985,8.8348636627197266,106757244
2009-12-02,8.8167946175426444,8.8709964048978378,8.7806605639816162,8.8288393020629883,76497910
2009-12-03,8.9011068497212857,8.9974643045203297,8.6300979730315106,8.6481657028198242,205411431
2009-12-04,8.8107709884643555,8.8469043268349488,8.6602103449902135,8.8107709884643555,240718603
2009-12-07,8.7746356520337923,8.8288367165023338,8.6361204065873007,8.6662321090698242,99919162
2009-12-08,8.6120302829333326,8.6541866626804573,8.563850856208953,8.5879402160644531,133715775
2009-12-09,8.606005897202273,8.6662299944859171,8.5397594608915917,8.6180505752563477,90631636
2009-12-10,8.6421442395702943,8.6843013373397433,8.5638530925815175,8.6060094833374023,86215178
2009-12-11,8.6120310446012809,8.6722551565797694,8.5397615446163417,8.6662321090698242,81270989
2009-12-14,8.6903207149568402,8.7204324148195038,8.6060072483280035,8.7144107818603516,72967894
2009-12-15,8.660210699827827,8.696345453705959,8.539762462918743,8.575897216796875,105373600
2009-12-16,8.6300954818725586,8.6842979485779495,8.5939614467533492,8.6300954818725586,112051283
2009-12-17,8.5578305458345412,8.5819206184166621,8.467494010925293,8.467494010925293,113375592
2009-12-18,8.5291497192506469,8.6077314827446791,8.4687020451080084,8.59564208984375,116291955
2009-12-21,8.6379601213137231,8.7225866317749023,8.6319154212549538,8.7225866317749023,71633860
2009-12-22,8.7165371954012301,8.7467606768119239,8.6984023969168387,8.7407159805297852,32138456
2009-12-23,8.7528094014436615,8.7648995101904177,8.6863177063474826,8.7044525146484375,47493211
2009-12-24,8.7346722248461521,8.7830305099487305,8.7286275279130869,8.7830305099487305,22487785
2009-12-28,8.7951190498636613,8.8192978352483156,8.7165372877255543,8.7528047561645508,36303913
2009-12-29,8.7769854006381394,8.7830308074140042,8.7165384292602539,8.7165384292602539,32447806
2009-12-30,8.6802737313635223,8.728632041472089,8.6440055310109116,8.7225866317749023,35503394
2009-12-31,8.7346760124194276,8.7769889092988151,8.6923624059016813,8.7044525146484375,40923487
2010-01-04,8.7769858705900958,8.903925936556643,8.7588517782057647,8.8797464370727539,92942347
2010-01-05,8.8676614936292655,9.0429592132568359,8.8555720936050761,9.0429592132568359,96770018
2010-01-06,9.0369116769007789,9.0973593676879005,8.9704192879987641,9.0610904693603516,75492798
2010-01-07,9.0792239609987622,9.3089246030310484,9.0610898678578788,9.2545223236083984,117869112
2010-01-08,9.2061598988570879,9.2545181684922397,9.1275781542236061,9.2001152038574219,111866140
2010-01-11,9.2907908406884427,9.296835538617291,9.1517620786867457,9.2061643600463867,72747299
2010-01-12,9.1336250068640652,9.1759378785698136,9.0127296684289053,9.0731773376464844,137613736
2010-01-13,9.0731808861721124,9.2061649588953998,9.0006430870310954,9.1759414672851562,100839458
2010-01-14,9.1457188942872172,9.2484802033335018,9.1215400966943712,9.2182559967041016,70844542
2010-01-15,9.1638511478588249,9.1698951359340413,9.0187762738237698,9.0308656692504883,118059301
2010-01-19,8.994596633548289,9.1517601661302947,8.9462383505853555,9.1457147598266602,100437782
2010-01-20,9.08526617400417,9.1819820130554231,9.0248185084829267,9.1215343475341797,99359426
2010-01-21,9.1154914701739962,9.1759391477524801,8.7648955079292197,8.8616113662719727,310007531
2010-01-22,8.8313844704822699,8.8736980413316626,8.5231015048944414,8.5714597702026367,260932239
2010-01-25,8.692357659467703,8.7286265466267423,8.5351941376004703,8.6198205947875977,179396215
2010-01-26,8.5654208109960113,8.704450284397204,8.4566148276219568,8.4687042236328125,151799780
2010-01-27,8.4928827439148584,8.6923599006260019,8.4566145570427356,8.6742258071899414,254674696
2010-01-28,8.740717245876704,8.7830308356151647,8.5231053096652882,8.6319112777709961,275452007
2010-01-29,8.6923550786542467,8.8072056926470523,8.5472809923674209,8.5714597702026367,222839929
2010-02-01,8.6258665529172731,8.7407172178114081,8.6258665529172731,8.7165384292602539,155187738
2010-02-02,8.722585686214293,8.8253469953504897,8.6863174897932875,8.8011674880981445,135155306
2010-02-03,8.7528094014436615,8.8132578162623627,8.6802730067932856,8.7044525146484375,131388692
2010-02-04,8.6258677605350016,8.6379571565030879,8.323630022780117,8.3296747207641602,266891017
2010-02-05,8.3780323581647487,8.4505694379308416,8.1664658163771318,8.4263906478881836,315216015
2010-02-08,8.4445240820449889,8.4445240820449889,8.2450469508308863,8.257136344909668,132199183
2010-02-09,8.3598966332550173,8.402210220797345,8.2208678962171788,8.3417625427246094,190172389
2010-02-10,8.3538523537255447,8.498925782530339,8.2994493743999875,8.4082546234130859,155220729
2010-02-11,8.4082558457180703,8.468703530462836,8.2087794085899031,8.4263906478881836,92212240
2010-02-12,8.3296735214597728,8.43243408203125,8.2752712474362067,8.43243408203125,125390768
2010-02-16,8.4928830447288064,8.6198231225537061,8.4384807624937181,8.6077337265014648,134800901
2010-02-17,8.6742226415136177,8.6742226415136177,8.5956408889977762,8.6379537582397461,81067751
2010-02-18,8.6016859160715917,8.7165365562870996,8.5956412202326629,8.692357063293457,73617370
2010-02-19,8.6379547244574741,8.770939461940479,8.6319100281753354,8.7407159805297852,72633555
2010-02-22,8.770934140526915,8.9039187973267975,8.7588447552973889,8.8555612564086914,86110666
2010-02-23,8.8132523993478937,8.8797440535761165,8.6621328744608856,8.692357063293457,144519031
2010-02-24,8.6984024092544772,8.8555666417269325,8.6984024092544772,8.8434772491455078,87297473
2010-02-25,8.7225802869873181,8.8313862281767648,8.6681780260304979,8.8192968368530273,130407585
2010-02-26,8.8192990649165495,8.9039255352002247,8.7709407777667003,8.8737020492553711,129857821
2010-03-01,8.9039252511953837,8.9220593421838821,8.8434782812337271,8.8978805541992188,65465319
2010-03-02,8.9220587503652418,9.0127306185693943,8.9160140537700325,8.9281034469604492,71151554
2010-03-03,8.940190866726585,9.0006385289736919,8.9099673904219596,8.9341468811035156,69710915
2010-03-04,8.9583298465411065,9.030866223553609,8.9462404503723558,9.0248222351074219,65092695
2010-03-05,9.073175899226614,9.2182492888564198,9.0610857995894563,9.2001152038574219,99635663
2010-03-08,9.2182559967041016,9.2545249027317151,9.200121898509467,9.2182559967041016,66161942
2010-03-09,9.169892606891036,9.3089220352304753,9.1396691266598324,9.2484750747680664,110608058
2010-03-10,9.3089201529914085,9.4056366894513328,9.2907860685193491,9.3512344360351562,123834045
2010-03-11,9.3270576024796661,9.43586284992627,9.3149682093898214,9.4298181533813477,75285990
2010-03-12,9.5084017931164624,9.5084017931164624,9.351238942318691,9.3935518264770508,125183468
2010-03-15,9.3391488372067251,9.4116859196877769,9.2907905456733086,9.3935518264770508,86475904
2010-03-16,9.4237782276412503,9.5144501409939171,9.3995987195826363,9.5084047317504883,92828356
2010-03-17,9.5628013884016489,9.6534732415507403,9.550711287580647,9.6232490539550781,113668817
2010-03-18,9.6051155881075179,9.6172049800721489,9.5083990331145873,9.5688467025756836,91978843
2010-03-19,9.5058422088623047,9.6148962097173847,9.4694906381586925,9.5058422088623047,110142617
2010-03-22,9.408903119857019,9.5603657011687648,9.4028446450547722,9.5543079376220703,78909193
2010-03-23,9.5785439492388331,9.6391294218781027,9.5240176639936287,9.6330709457397461,79992227
2010-03-24,9.5724811888170738,9.6875936149903534,9.5724811888170738,9.6391258239746094,86346279
2010-03-25,9.7057712851011662,9.8875269527080132,9.6694197248264633,9.6815366744995117,150906813
2010-03-26,9.7239483469958632,9.8148261961019205,9.6391289737464962,9.6936559677124023,218970526
2010-03-29,9.7481798129463488,9.7784728959108751,9.6451850378801574,9.7057704925537109,76076908
2010-03-30,9.7118267708032331,9.7421198491362642,9.6209489583149193,9.6451835632324219,59183033
2010-03-31,9.5846009032498145,9.6997126428534308,9.5785424280736038,9.6633625030517578,72467985
2010-04-01,9.7421236038208008,9.7724159825733423,9.675480370565209,9.7421236038208008,59488321
2010-04-05,9.7966486007506788,9.8511748713954539,9.772413991430815,9.8390579223632812,55300582
2010-04-06,9.8330024245394956,9.966289605857094,9.8148262855480954,9.9420557022094727,63364125
2010-04-07,9.9662921338003034,10.002643709747971,9.8451218735717614,9.9057073593139648,91544300
2010-04-08,9.8693512505447973,10.014756065041835,9.8269412166266861,9.9844636917114258,86447591
2010-04-09,10.020814895629883,10.045049506410519,9.9602294355616383,10.020814895629883,64967625
2010-04-12,10.05111094173302,10.105637946838854,10.03899398754413,10.063228607177734,56718325
2010-04-13,10.051109253275429,10.123812388707227,10.002641444661835,10.06928539276123,85280479
2010-04-14,10.196514380161622,10.335860746523503,10.184397428522445,10.329801559448242,155369926
2010-04-15,10.354037523906245,10.372212242478895,10.257100475643163,10.287393569946289,101626682
2010-04-16,10.244982942149395,10.257099894682037,9.7360659569884014,9.9117631912231445,468533372
2010-04-19,9.7966496978633373,10.026873889023639,9.7845327474742056,10.008698463439941,319699563
2010-04-20,10.087459615077607,10.141985893249512,10.026874150297651,10.141985893249512,151176894
2010-04-21,10.148040725698472,10.238918528248202,9.9662844093436984,10.081396102905273,210131946
2010-04-22,9.9723490618747181,10.166222443877064,9.9299397263232922,10.135930061340332,123733596
2010-04-23,10.154106571696518,10.208632866066582,10.099579566070625,10.166223526000977,109054906
2010-04-26,10.160161765815287,10.160161765815287,9.9844645626616781,10.008698463439941,128910443
2010-04-27,9.8996415030426768,10.008695446180241,9.6451834878140001,9.6694173812866211,289883143
2010-04-28,9.8027114605432235,9.8754131819845981,9.7178913630167134,9.8087692260742188,194917032
2010-04-29,9.9359962080012529,10.087459512787447,9.8875276944176509,10.032933235168457,153177515
2010-04-30,9.9844655528228756,10.014757931799807,9.7724160549616883,9.7905921936035156,206146707
2010-05-03,9.8754111569425564,10.002640565886999,9.8451187792203747,9.9784059524536133,110817944
2010-05-04,9.8329998762426243,9.8632922479516516,9.6451850378801574,9.7057704925537109,195182313
2010-05-05,9.5482474945025739,9.814822464615208,9.511895941927202,9.6512422561645508,227201362
2010-05-06,9.6088335350699925,9.7178874963519846,8.821224042357894,9.2453222274780273,385070710
2010-05-07,9.2513805654575858,9.4149615175451071,9.0090394415859372,9.1423273086547852,434082852
2010-05-10,9.6148914148445837,9.7057692293999054,9.4937205212672193,9.6512422561645508,220172844
2010-05-11,9.5058399384607224,9.7724149778427218,9.4997814633331021,9.614893913269043,149938016
2010-05-12,9.6754768755053533,9.7300031375634788,9.5967152966883589,9.7239446640014648,108045855
2010-05-13,9.6936550273304931,9.7178889284063299,9.5482501983642578,9.5482501983642578,117497842
2010-05-14,9.4391958585391365,9.4452543335754466,9.2029131983563488,9.2998495101928711,185612150
2010-05-17,9.2998506810002741,9.3846707646982086,9.0817434184677346,9.3059091567993164,215164644
2010-05-18,9.4149611225959422,9.4210188858389028,8.9726875054184561,9.0393314361572266,245298293
2010-05-19,8.9545160557503625,9.142330256144179,8.8696959593564966,9.0514516830444336,282446426
2010-05-20,8.8818103019049151,8.9121026765296811,8.6152352714402767,8.6334114074707031,264759910
2010-05-21,8.4516562921684297,9.0514511401197808,8.4516562921684297,8.9363393783569336,256736868
2010-05-24,8.9787459173481157,8.9787459173481157,8.6697601882778006,8.6818771362304688,132667948
2010-05-25,8.4395337402569819,8.766694801973852,8.3850074893502224,8.7606363296508789,202843441
2010-05-26,8.8999852530971015,8.9181613881603479,8.6515856606250683,8.7000541687011719,153920670
2010-05-27,8.8878675293787381,9.0999155275321311,8.8393990294050262,9.0938577651977539,150171413
2010-05-28,9.0696257343247098,9.0756842096344137,8.8636361512835062,8.8939285278320312,156946837
2010-06-01,8.7969935850938512,8.9242230192599603,8.6939987691653418,8.70611572265625,102271849
2010-06-02,8.7969919198090025,8.9787483215332031,8.7121725501733014,8.9787483215332031,97060780
2010-06-03,9.0150978864767755,9.033273309240478,8.8333415250732905,8.9302778244018555,126116689
2010-06-04,8.7485255362595016,8.7969933489219283,8.5304175342555322,8.5728282928466797,146914680
2010-06-07,8.6091770862430774,8.6515864121449653,8.3728944224514965,8.4031867980957031,128171597
2010-06-08,8.4516528436174365,8.5849414025330937,8.3001895743459499,8.5788822174072266,180966602
2010-06-09,8.6394689295215734,8.7061128630878066,8.4516540783339114,8.4880056381225586,153438734
2010-06-10,8.6152364741745178,8.7848752182668388,8.5546510052113547,8.7666997909545898,138725329
2010-06-11,8.68187868183505,8.8212250306089892,8.6576447816154367,8.7909326553344727,66406172
2010-06-14,8.8636363860648917,8.9060457143561731,8.7424647428943345,8.754582405090332,111620925
2010-06-15,8.8091108043676662,8.9787502921259943,8.7545845120134409,8.9605741500854492,124529437
2010-06-16,8.9060426296728163,9.0150965728756169,8.8696910781867544,8.9666280746459961,76874719
2010-06-17,8.9908634423213183,9.0029811023071371,8.8575755837768373,8.9545125961303711,88713985
2010-06-18,8.9976156984091631,9.0219012371516509,8.9369029206782908,9.0036869049072266,82191162
2010-06-21,9.1069019823172734,9.1372587404053132,8.9429779119936885,8.9915475845336914,105541262
2010-06-22,8.9976210593971064,9.0401195302051107,8.8397674581439709,8.8519105911254883,102404305
2010-06-23,8.8579833584504311,8.9004818367295524,8.7547720555932091,8.809412956237793,147406957
2010-06-24,8.7547701565062024,8.8336965975117536,8.6151309040923874,8.6515588760375977,180425454
2010-06-25,8.7608393676727925,8.9065505213149763,8.6394144754300939,8.888336181640625,174342222
2010-06-28,8.8944066423286365,8.9186907614875217,8.7790522652586755,8.8033370971679688,97958795
2010-06-29,8.6819145507115802,8.694056969919119,8.420849686747097,8.4876337051391602,190216582
2010-06-30,8.4754901936423082,8.5726302475341729,8.3479933828932609,8.3844213485717773,152587990
2010-07-01,8.3722828771834692,8.4390662056963048,8.1051467121287502,8.3054981231689453,164533121
2010-07-02,8.3662078201039893,8.378350238923348,8.1415709336941209,8.2083549499511719,82338882
2010-07-06,8.3904926502601551,8.4329911124798773,8.1658550703824186,8.2569246292114258,131649787
2010-07-07,8.3115669825460721,8.6394151435300692,8.2994238509072815,8.6212015151977539,135275082
2010-07-08,8.7244143498357971,8.7365567708970389,8.5544190294770104,8.6879863739013672,99375306
2010-07-09,8.657631251167933,8.8276265897859876,8.6515607527359855,8.809412956237793,99814035
2010-07-12,8.7972695827781369,8.8397680564626455,8.7122719226584113,8.8215551376342773,67070912
2010-07-13,8.936909776101432,9.0886914804838739,8.9308378521954168,9.0401210784912109,103837681
2010-07-14,8.9976210602516211,9.0036922703676261,8.8761954324301868,8.9733362197875977,95201847
2010-07-15,8.98547588702551,9.0036895117931888,8.760838330555714,8.9551191329956055,118284082
2010-07-16,8.8458350780753836,8.8640486995619057,8.5544142832897805,8.5786991119384766,174393677
2010-07-19,8.5908433114251181,8.6272705589454475,8.4329897672524847,8.5726289749145508,87813508
2010-07-20,8.4147755959601795,8.6758396577868453,8.4026331809101507,8.6636972427368164,113625609
2010-07-21,8.8215520718093359,8.8215520718093359,8.4997744619887676,8.5240592956542969,126180578
2010-07-22,8.6333443023533061,8.809410809243877,8.6333443023533061,8.7729835510253906,103468874
2010-07-23,8.7547705144587677,8.8640530092613226,8.6758433574755252,8.8397674560546875,85939803
2010-07-26,8.8519077637709618,8.9794038482225904,8.8033373856105506,8.9611902236938477,97582109
2010-07-27,9.0765482265941166,9.1190467007871181,8.9672650103106815,8.9854793548583984,114958905
2010-07-28,8.9611903279573255,9.0158319149297395,8.8761926997504812,8.9065494537353516,60830850
2010-07-29,8.9854752827578181,9.027973737691072,8.8276217404688371,8.9369049072265625,86025234
2010-07-30,8.8215558331352408,8.991550454026541,8.8215558331352408,8.9308376312255859,72789892
2010-08-02,9.058328206513357,9.1615401475299247,9.0219016784932631,9.1554689407348633,120011913
2010-08-03,9.1069003168049569,9.1311851486336373,9.040116316525685,9.0522594451904297,81845251
2010-08-04,9.0886869430541992,9.1190429836754454,9.0340460699359539,9.0886869430541992,82030516
2010-08-05,9.021903405404581,9.0704723563115337,8.9976178608254962,9.0522594451904297,50578959
2010-08-06,8.9611930868049274,9.0097634804836328,8.8519105919661651,8.9733362197875977,101926554
2010-08-09,9.0158368357594281,9.0461936063129755,8.9308384484101584,9.0219087600708008,49583449
2010-08-10,8.9369086022642712,9.0158350496663484,8.8822677090440774,8.9429798126220703,81174971
2010-08-11,8.8033400759898495,8.809411286021513,8.6151311395069854,8.6272735595703125,117411918
2010-08-12,8.5362049326296123,8.621203308024123,8.50584887909638,8.5665616989135742,88825636
2010-08-13,8.5604902565132921,8.6454886366842896,8.5422773361206055,8.5422773361206055,64041298
2010-08-16,8.5179939270019531,8.5544219152249994,8.4754954389511745,8.5179939270019531,68304497
2010-08-17,8.6090550309559593,8.6697678145043611,8.5361998332479363,8.5847702026367188,79810039
2010-08-18,8.5787023363384378,8.6819143223893853,8.5483455763673319,8.6212015151977539,68372325
2010-08-19,8.5665612282393564,8.6029892032284945,8.4026371226649541,8.4208507537841797,124471211
2010-08-20,8.3904949395226023,8.414779781702606,8.3176389874811747,8.3965654373168945,81137426
2010-08-23,8.4390637855044304,8.4512069181387819,8.3358525037422257,8.341923713684082,66239371
2010-08-24,8.2387130320575981,8.2812122211737247,8.1780002102134528,8.2022857666015625,116123431
2010-08-25,8.1415715250602894,8.2569259377241639,8.0687162941016926,8.2265691757202148,90747843
2010-08-26,8.2690696952015195,8.32371202290871,8.1355023326148466,8.1597871780395508,88256545
2010-08-27,8.1962114914269257,8.3419219242767415,8.1051426490834118,8.335850715637207,107590139
2010-08-30,8.2994264647332017,8.3176400988017303,8.1537159666833752,8.1597871780395508,78521797
2010-08-31,8.1537131208341052,8.2629963126043187,8.0930010284623819,8.232640266418457,131233463
2010-09-01,8.3358499500778542,8.5604860746111839,8.3297780292454746,8.5483436584472656,163002496
2010-09-02,8.5422720138438226,8.6333408355712891,8.5362000938283558,8.6333408355712891,82205072
2010-09-03,8.7486981191889566,8.8154821395874023,8.7122708604719605,8.8154821395874023,108976122
2010-09-07,8.7304841182780564,8.7365553278058439,8.6029880054439367,8.6151304244995117,69632992
2010-09-08,8.6454838712882989,8.7608375303646131,8.6394126635869348,8.7001247406005859,63465559
2010-09-09,8.8336985137195043,8.8822689159321424,8.7547720555932091,8.809412956237793,100214233
2010-09-10,8.8154832143572115,8.851911190266069,8.7851271617254199,8.8215551376342773,48934712
2010-09-13,8.9551192687466283,9.034046402770576,8.9551192687466283,9.009760856628418,93892679
2010-09-14,8.9794080320165026,8.9976223777823243,8.8822686559361976,8.9308376312255859,81324661
2010-09-15,8.8640501801234564,8.9733333527967734,8.8336941392422208,8.9611902236938477,91766372
2010-09-16,8.9308329866285625,8.9429761150741705,8.8761921160000927,8.9369049072265625,65492647
2010-09-17,8.9691527156491517,8.9874072588609746,8.8778792852383415,8.8900489807128906,80925078
2010-09-20,8.9022227576984179,9.0847696875662312,8.8900523432688612,9.060429573059082,64263001
2010-09-21,9.0847703990519229,9.1091098011132789,8.9448174084950818,8.9752416610717773,103705472
2010-09-22,8.9143900508747169,8.9995779284169828,8.8109454850895066,8.8292007446289062,114854147
2010-09-23,8.744018341211186,8.8170372879917736,8.6405751309188012,8.6588296890258789,127349658
2010-09-24,8.7622664638784347,8.8900489807128906,8.756180901789465,8.8900489807128906,94600257
2010-09-27,8.8900514432386917,8.8900514432386917,8.7744385898542632,8.7926931381225586,76726384
2010-09-28,8.8231187870182168,8.8352884877972198,8.7075052009136709,8.810948371887207,101337767
2010-09-29,8.7805238411681223,8.8231185068943088,8.7014207886160317,8.7440147399902344,82229692
2010-09-30,8.7987780065108403,8.9022218756246012,8.7257590989283766,8.7318439483642578,132373000
2010-10-01,8.8170333598474162,8.853543174148081,8.7257598956236944,8.8231182098388672,162650799
2010-10-04,8.8109461428554638,8.8778809089105462,8.7196726957516884,8.76226806640625,105309096
2010-10-05,8.8413750410460139,8.9995818832133327,8.7744409649259438,8.9630727767944336,163731125
2010-10-06,8.9813248712488498,9.0056649832167803,8.9265612266127636,8.9569854736328125,79712666
2010-10-07,8.9995777947524882,9.0300027506317591,8.8717952659851829,8.9204740524291992,88379153
2010-10-08,8.9326497465696946,8.9630740060915048,8.8961399207913399,8.944819450378418,76830034
2010-10-11,8.9509005866440976,8.9630710007241987,8.8961369378673947,8.9326467514038086,50798200
2010-10-12,8.8839681597433522,9.0482605518206931,8.8657136082574279,9.0360908508300781,81038084
2010-10-13,9.0908572117686397,9.1273670399620119,9.0178389840863566,9.0421791076660156,138693077
2010-10-14,8.9569911212087803,8.9752456809307031,8.798783508247439,8.88397216796875,208325454
2010-10-15,8.9143915744963618,8.9569855205475264,8.6709954540054497,8.7318439483642578,163544136
2010-10-18,8.7014188517125817,8.9387293852483793,8.7014188517125817,8.9265604019165039,96393824
2010-10-19,8.8596285409560807,8.9874118372377314,8.7683550640486398,8.8048648834228516,180636325
2010-10-20,8.8109445314249353,8.9387277626110855,8.7318415108403684,8.8900489807128906,118915708
2010-10-21,8.9265587814882323,8.9934928209499443,8.8170300935139032,8.8900489807128906,90587936
2010-10-22,8.9083115809313131,8.9387358471345166,8.859632040653846,8.88397216796875,50796353
2010-10-25,8.9630703316096838,8.975240030429342,8.8413726290612011,8.8535423278808594,56338931
2010-10-26,8.8170326554380498,8.8839667143484817,8.7987781069220876,8.8657121658325195,58349523
2010-10-27,8.8352886977631702,8.9022234823423716,8.8048644450926457,8.8717985153198242,77185177
2010-10-28,8.9204773195926634,8.9448174360811059,8.8170341461608555,8.8717985153198242,71284256
2010-10-29,8.8474618325997465,8.8778868114304643,8.8109520008733462,8.8596315383911133,49026545
2010-11-01,8.8778868114304643,8.9387353403872982,8.7744435978515458,8.8596315383911133,80929756
2010-11-02,8.9143971485242961,8.9204812874125956,8.859632040653846,8.88397216796875,67197828
2010-11-03,8.8900506084899202,8.9752392067615716,8.8231165567725167,8.9691543579101562,133181275
2010-11-04,9.0604297693795353,9.2855720831012114,9.0543456335608745,9.2673168182373047,204934664
2010-11-05,9.2916541420233774,9.5411358006627829,9.2673147467812189,9.4802865982055664,203857416
2010-11-08,9.4681177319702456,9.4742025813150903,9.322079918990223,9.4072685241699219,110754301
2010-11-09,9.4376950743499854,9.4437799247193865,9.1699588006883115,9.2308073043823242,150410720
2010-11-10,9.2308056302372279,9.3403343457257844,9.1517018754296586,9.3342494964599609,149972115
2010-11-11,9.2429771423339844,9.2855718066121522,9.1942983424183176,9.2429771423339844,73585118
2010-11-12,9.1943002123650537,9.2247244685000638,9.0665169078938046,9.090855598449707,109245218
2010-11-15,9.1517014797511056,9.2490604924986499,9.1212772347374003,9.1334476470947266,88027456
2010-11-16,9.0847709506301264,9.0969406523996827,8.9083081319153603,8.9813270568847656,166446464
2010-11-17,8.9752384015304791,8.9995777947524882,8.8961346592071902,8.9204740524291992,111420026
2010-11-18,9.0300086887000699,9.1030276307345837,9.0056692794726434,9.0421791076660156,105170116
2010-11-19,8.9934995748589284,9.0421791076660156,8.9569897466655561,9.0421791076660156,53682925
2010-11-22,8.9813279147933933,8.9874127662594052,8.8474597538368709,8.9083089828491211,119643844
2010-11-23,8.8109493269111674,8.8413750108605456,8.762271232870912,8.7683553695678711,104476201
2010-11-24,8.8292048969159804,8.908308677615862,8.8048654918858968,8.9022245407104492,72325066
2010-11-26,8.8231195728323577,8.8717990946359251,8.7744407653808594,8.7744407653808594,39044858
2010-11-29,8.7561825310000394,8.8839657859620562,8.7379279843917015,8.8474559783935547,101123080
2010-11-30,8.7744353305880924,8.865708752377925,8.7622656362629989,8.7987747192382812,94421024
2010-12-01,8.9265628569490634,8.981326511587115,8.9022234548877073,8.9752416610717773,102218916
2010-12-02,9.0178349098118424,9.2186363739201092,9.0056652106964226,9.2064666748046875,139900073
2010-12-03,9.1456220647233675,9.2551501176467994,9.0969425332283897,9.2368955612182617,111832288
2010-12-06,9.2125503046601516,9.2551442426220856,9.1760405006267334,9.2247200012207031,64905337
2010-12-07,9.3525084662845401,9.3525084662845401,9.2125561526468793,9.2368955612182617,131973540
2010-12-08,9.2429792434541973,9.3890171051025391,9.2308088263567338,9.3890171051025391,119732230
2010-12-09,9.4498666638579554,9.522884882885112,9.40118713682104,9.5046310424804688,95687230
2010-12-10,9.5350536317548187,9.5959028513141913,9.4742044121954461,9.589818000793457,69683833
2010-12-13,9.6324102073202909,9.6506647555715013,9.5533064505464829,9.5837306976318359,62184704
2010-12-14,9.5837304358340027,9.620240245690983,9.4620320221132346,9.4985418319702148,85879730
2010-12-15,9.4559472157115447,9.5350509647070254,9.4011828619910371,9.4194374084472656,101531526
2010-12-16,9.4437776585692923,9.4985412987526985,9.3829277407729546,9.4316072463989258,108179541
2010-12-17,9.4474874717952524,9.4902358653982191,9.398631447878266,9.4841289520263672,76205917
2010-12-20,9.5024501096289473,9.5268777641895799,9.4597017141478439,9.4902362823486328,49879628
2010-12-21,9.5268780402625595,9.6612315781237665,9.5268780402625595,9.6551246643066406,59296901
2010-12-22,9.6917660212806336,9.7833704375131116,9.6734445644804126,9.7650489807128906,87852408
2010-12-23,9.7467270443701342,9.7528346738485538,9.6551226393827907,9.6917648315429688,36235347
2010-12-27,9.6429117612310531,9.7772645950317383,9.6368041298861105,9.7772645950317383,29735790
2010-12-28,9.7772645950317383,9.8077998839872986,9.7528376543634074,9.7772645950317383,42018708
2010-12-29,9.7894781288323749,9.7955857599932639,9.746729729302011,9.7589435577392578,31035357
2010-12-30,9.7589443406937662,9.7589443406937662,9.6917682788994117,9.7284097671508789,45377614
2010-12-31,9.7039831722584964,9.7528392122260037,9.6917693415022192,9.7406253814697266,27080400
2011-01-03,9.8749713540638933,9.9787895600753274,9.8505429926350434,9.9543619155883789,113566767
2011-01-04,9.9910063732404026,10.003220916082341,9.8566535714002406,9.9421510696411133,65761128
2011-01-05,9.9055103434528817,10.076506082226196,9.8932965157424064,10.058184623718262,119644460
2011-01-06,10.064289322646177,10.082610058874799,9.9848987487134622,9.9910049438476562,82408064
2011-01-07,10.027649654852546,10.039863482076314,9.783370959550588,9.9055099487304688,219266212
2011-01-10,9.8505484357728381,9.9116190146199088,9.789478573868065,9.8810844421386719,107038774
2011-01-11,9.9421510707709047,9.9910063743757469,9.8749743113721316,9.9177227020263672,61620659
2011-01-12,10.033756014518676,10.088718950933425,10.015435274694479,10.082612037658691,100785048
2011-01-13,10.100930444227611,10.113144984897746,10.015432961188614,10.052074432373047,74704466
2011-01-14,10.045969307807924,10.235285760101801,10.033755481906793,10.210857391357422,113359713
2011-01-18,10.186431293473637,10.198645121237961,10.100933782181142,10.149789810180664,75478150
2011-01-19,10.070400526718005,10.107042734342809,9.893298554534832,9.9238338470458984,144544020
2011-01-20,9.9238345410066682,10.009332075520115,9.8871923308195218,9.9726905822753906,115484911
2011-01-21,10.039860608644902,10.100930444227611,10.003219137460471,10.052074432373047,93333928
2011-01-24,10.070394328503534,10.088715779510474,10.003218303598494,10.039859771728516,54863208
2011-01-25,9.9910053631800189,10.052075203447272,9.8994009612501639,10.021540641784668,84937892
2011-01-26,10.05207478392831,10.076503149180931,10.003219487307099,10.015433311462402,68221281
2011-01-27,10.015433678440667,10.107038079903955,10.003219853837834,10.100931167602539,88248544
2011-01-28,10.107042734342809,10.180326432650048,9.9116200168184196,9.9238338470458984,139244565
2011-01-31,9.9421496495885702,10.033754047695357,9.9421496495885702,10.015433311462402,77839208
2011-02-01,10.07650729228194,10.253609966178191,10.070399660751034,10.223073959350586,78635911
2011-02-02,10.192538747177508,10.223073318205504,10.131468888179253,10.143683433532715,57381711
2011-02-03,10.143682896298502,10.168110551827152,10.052077754181619,10.149789810180664,63619065
2011-02-04,10.137576519327116,10.149790347738314,10.064292831917662,10.143683433532715,76650431
2011-02-07,10.180323711245139,10.31467724171674,10.174216797763901,10.290248870849609,61790537
2011-02-08,10.296354126198549,10.381851612156241,10.265819565835807,10.363530158996582,59912524
2011-02-09,10.296356501273026,10.345212526065112,10.216965909074748,10.290248870849609,68776339
2011-02-10,10.241393562999701,10.308570328235502,10.223072105613808,10.290248870849609,53665322
2011-02-11,10.253608622071091,10.461245124749727,10.229180249976617,10.430709838867188,90898394
2011-02-14,10.424602625022684,10.455137193084118,10.387961143348965,10.436817169189453,43128085
2011-02-15,10.41849440571165,10.473456617551896,10.387959126636126,10.424600601196289,60650508
2011-02-16,10.461242975473557,10.491777538140514,10.418494587739815,10.47956371307373,44080140
2011-02-17,10.442921638752271,10.491777656512683,10.418494705285179,10.467350006103516,43641043
2011-02-18,10.479567405371093,10.503995064111329,10.442925200318417,10.491781234741211,39684855
2011-02-22,10.326890109777468,10.381853042947219,10.143681288467784,10.168108940124512,125808569
2011-02-23,10.16200220633983,10.24139351510904,9.9971148261752578,10.125361442565918,142391001
2011-02-24,10.100931167602539,10.143680270654496,9.9787914876901258,10.100931167602539,98899648
2011-02-25,10.174216327165825,10.265821459031656,10.16200178382614,10.241393089294434,61174545
2011-02-28,10.308570328235502,10.345212526065112,10.247500476480941,10.290248870849609,68170072
2011-03-01,10.320782708747881,10.320782708747881,10.070396423339844,10.070396423339844,130762113
2011-03-02,10.058182234049085,10.100931337821441,9.9726854603884778,10.009326934814453,82293212
2011-03-03,10.119250794344099,10.235283549225374,10.113144599654621,10.216962814331055,103454963
2011-03-04,10.19864260028157,10.19864260028157,10.01543379521881,10.088717460632324,129134485
2011-03-07,10.113145760656568,10.162000342374691,9.9787915385149777,10.021540641784668,85241580
2011-03-08,10.064291172645831,10.259713828890741,10.064291172645831,10.241393089294434,98070200
2011-03-09,10.235286176095665,10.290248394884587,10.16200178382614,10.241393089294434,87131903
2011-03-10,10.119257608152719,10.125365240838699,10.009332407826641,10.033760070800781,114185344
2011-03-11,9.9726852923307501,10.131465729109621,9.9726852923307501,10.100931167602539,107898504
2011-03-14,10.021540759623111,10.052075321644756,9.923829444211794,10.009326934814453,86120391
2011-03-15,9.7528365100374241,9.9421522681913714,9.7161943109785351,9.8932962417602539,127169809
2011-03-16,9.9055124013850477,9.9177262316330221,9.6429129002264844,9.7100896835327148,214034093
2011-03-17,9.8444447026274062,9.8566585346774502,9.7100911161919683,9.8261232376098633,120224753
2011-03-18,9.9559258690337966,10.041647856279059,9.9191884906302992,9.9620494842529297,207386693
2011-03-21,10.072262979746093,10.07838587653662,9.9559265030888859,10.01103401184082,95996704
2011-03-22,10.011033447110561,10.017155624737136,9.9498037638407091,9.9559259414672852,56765349
2011-03-23,9.9253117347325777,9.9620498332416272,9.8089759802274958,9.9314346313476562,79906795
2011-03-24,9.9559249494283293,9.9865401474219411,9.8640807930844634,9.9804172515869141,76789780
2011-03-25,9.9926646753849866,10.041648568884341,9.9559265755558197,10.004910469055176,55517238
2011-03-28,10.011031800247007,10.041646277436424,9.9681708133633862,9.9742937088012695,39245265
2011-03-29,9.9559243382362776,9.9987860440871508,9.8946953836448532,9.9926624298095703,46897284
2011-03-30,10.041646379128965,10.108998948446207,10.011031901629512,10.072260856628418,75779991
2011-03-31,10.011030881433804,10.060014040441196,9.9987850916819578,10.0355224609375,60843037
2011-04-01,10.1028814562641,10.164111162828895,10.078389142346886,10.121250152587891,80709407
2011-04-04,10.12124695334637,10.164107950039371,10.066140162974966,10.109001159667969,47174874
2011-04-05,10.084507256780293,10.133491142556721,10.060015673301324,10.102876663208008,47211312
2011-04-06,10.145739902316592,10.231461907206956,10.11512541401196,10.219215393066406,81798227
2011-04-07,10.213090185737929,10.255951178490193,10.139615430422964,10.170229911804199,60873442
2011-04-08,10.219211475592866,10.237580161534121,10.053891864484742,10.078383445739746,73274290
2011-04-11,10.090629955185671,10.151859627141604,10.053891864484742,10.078383445739746,49493463
2011-04-12,10.017153703820782,10.102875675251431,9.9742934369238725,10.041646003723145,78789416
2011-04-13,10.12124301133956,10.12124301133956,9.9314311267962019,9.9681692123413086,94654914
2011-04-14,9.8885721165763076,9.9069415210818565,9.827342445467437,9.8763256072998047,72457522
2011-04-15,9.9191893928534327,9.9498045964595754,9.8579604232783762,9.8824520111083984,64317165
2011-04-18,9.7722370984131803,9.7844828906617636,9.6865158338545854,9.7477455139160156,102992477
2011-04-19,9.7967280990773986,9.8028502755691207,9.7110061270985675,9.7783594131469727,72236188
2011-04-20,9.8518374821224608,9.8579610983179045,9.7661169188475299,9.8028535842895508,78296032
2011-04-21,9.8518351788763248,9.8763267626575946,9.7906055006046504,9.8579587936401367,54159938
2011-04-25,9.8395878593997868,9.8824488431813844,9.8334649644050423,9.8457107543945312,37023310
2011-04-26,9.882450065726438,9.9253103359918384,9.8518348681469643,9.9069423675537109,61796200
2011-04-27,9.9314311267962019,9.9926607901591673,9.8579563933426293,9.9681692123413086,69756092
2011-04-28,9.9559246738883367,10.066138233505495,9.9498024970412313,10.047769546508789,53786206
2011-04-29,10.041645661951355,10.041645661951355,9.9865388875696386,10.029399871826172,30507750
2011-05-02,10.066140125478576,10.07838591911136,9.9742959544140906,9.986541748046875,51127862
2011-05-03,9.9620473073192741,10.053891452076538,9.9559236934382902,10.029399871826172,85342891
2011-05-04,10.035521803304318,10.041644697779006,9.9191853706486146,9.9436769485473633,112329858
2011-05-05,9.8946997838646702,9.9191913765927673,9.7844861789507185,9.8151006698608398,103157800
2011-05-06,9.9191862493751692,9.9620472333132977,9.8334650003173021,9.864079475402832,102177678
2011-05-09,9.8334643170172438,9.8640787899754585,9.7906033360574067,9.8395872116088867,47858203
2011-05-10,9.8579598719667043,9.9498040400114682,9.8518362565330513,9.9314346313476562,69163243
2011-05-11,9.9069445809788643,9.9191896564006043,9.784484482119213,9.7967309951782227,97156183
2011-05-12,9.7722386878788381,9.8089767894185975,9.686517409377581,9.7967309951782227,78830655
2011-05-13,9.7967299654740874,9.8150979360854151,9.6436553971026964,9.6559019088745117,82158787
2011-05-16,9.6130403427416464,9.753868390961923,9.594671654404701,9.6436548233032227,89906208
2011-05-17,9.6069180402165397,9.7232537923571325,9.6007951437259056,9.7171316146850586,98470152
2011-05-18,9.7110087051834704,9.7661162152415688,9.6742706047509408,9.7599925994873047,60153554
2011-05-19,9.7967306999198325,9.8028528780368731,9.7232544990547751,9.7599925994873047,64194311
2011-05-20,9.729376046896018,9.7722363163359276,9.613039592207917,9.6252861022949219,89394728
2011-05-23,9.5089480540711051,9.5579312109365553,9.4905786514282227,9.4905786514282227,93564986
2011-05-24,9.5211946962124543,9.5334412062687903,9.4232283663094325,9.4783344268798828,79566054
2011-05-25,9.4293485756081061,9.5395621113890687,9.4293485756081061,9.4844560623168945,85723147
2011-05-26,9.4599651284094595,9.5701779612432425,9.4415957239218198,9.5334405899047852,84613647
2011-05-27,9.5640545645014345,9.6436521922450709,9.557930951241298,9.6007919311523438,61971741
2011-05-31,9.7048846008669916,9.7293761837485793,9.631408414585291,9.698760986328125,80145486
2011-06-01,9.6620249127558857,9.6681485285747168,9.3620008032896127,9.3742465972900391,148857321
2011-06-02,9.3864901746069833,9.4477198489679246,9.3130147091375459,9.3803672790527344,165873188
2011-06-03,9.2762756364005039,9.423227270623606,9.2640298465865047,9.3191366195678711,119706995
2011-06-06,9.2762812553348617,9.2946506700011629,9.1170844536856421,9.1415767669677734,145434772
2011-06-07,9.2089267010748426,9.2395419064877853,9.1109603439731259,9.1232061386108398,97768974
2011-06-08,9.098715540174469,9.1538216220451698,9.0191164287237626,9.0374851226806641,102198851
2011-06-09,9.0558547487085246,9.1783141586627597,9.0313631542452004,9.1415767669677734,73352336
2011-06-10,9.0987136090110834,9.1599425758718294,8.9517619320895463,9.0803442001342773,181570161
2011-06-13,9.1170829154606903,9.1966813028555414,9.0619768372156546,9.1721897125244141,117670798
2011-06-14,9.2579077982162747,9.3007687853028234,9.1966781247291092,9.2211704254150391,104946689
2011-06-15,9.1232042107110409,9.1599415868609046,8.9578845803996394,9.0191135406494141,188730642
2011-06-16,9.0129910478727027,9.129327515189269,8.9701307737802587,9.0680971145629883,165893253
2011-06-17,9.1682607119623221,9.1866960955202153,9.1068118381035372,9.1498260498046875,100420179
2011-06-20,9.1068105320818269,9.1989845510514439,9.0760853781585187,9.1436805725097656,66083650
2011-06-21,9.1989828980574249,9.2911569004640064,9.1436789294534897,9.2727222442626953,95554282
2011-06-22,9.2358530949067674,9.3341719844494762,9.2051279459621469,9.2174177169799805,106150238
2011-06-23,9.1068132902251406,9.1498275087850978,9.0146392433391487,9.1252479553222656,127233698
2011-06-24,9.1313889551025849,9.1498228894929579,9.0207795775602886,9.0699386596679688,91530513
2011-06-27,9.0576477568036875,9.1928366584992514,9.0576477568036875,9.1621122360229492,61283489
2011-06-28,9.2051286697387695,9.2051286697387695,9.1436798098180265,9.2051286697387695,58644594
2011-06-29,9.2911596354089525,9.4079139351850927,9.2665800865719703,9.3956241607666016,111616001
2011-06-30,9.426349275861277,9.4693642108249119,9.3464650149862045,9.4324941635131836,92703779
2011-07-01,9.4140555737340375,9.6229838309508473,9.4140555737340375,9.604548454284668,77715000
2011-07-05,9.5799692079981629,9.5861140932755191,9.4755047154831047,9.5185203552246094,100972036
2011-07-06,9.450925926537538,9.4755054696031547,9.3956219546399051,9.4693613052368164,66252174
2011-07-07,9.5861158002143956,9.6475653853298962,9.5738260274713216,9.62298583984375,55920391
2011-07-08,9.4755027123523874,9.5000829696655273,9.4324885245041425,9.5000829696655273,76580879
2011-07-11,9.3710465986697269,9.3771922090552291,9.1989882642872089,9.2420024871826172,107713485
2011-07-12,9.2051286697387695,9.3341727183725158,9.1928388977546209,9.2051286697387695,79766707
2011-07-13,9.2604339595261127,9.3464630903377479,9.1989843742606219,9.2112741470336914,105923365
2011-07-14,9.291158570021059,9.2973034565256913,9.1375349646049813,9.1436805725097656,150775588
2011-07-15,9.2174220022082594,9.2174220022082594,9.0515085735333969,9.1252479553222656,132402790
2011-07-18,9.0760817866719545,9.0883715548180461,8.8978779843540341,9.0023431777954102,137133277
2011-07-19,9.0330727409029627,9.1375365510183233,9.0023483030455846,9.1129570007324219,134575505
2011-07-20,9.1621137473997276,9.2604326369424363,9.1559688618908108,9.2174177169799805,118538406
2011-07-21,9.3157373936651524,9.4693609752722931,9.3095917867128293,9.4386358261108398,189235844
2011-07-22,9.4570726585094214,9.4632168236065333,9.3710428047474146,9.414057731628418,60323309
2011-07-25,9.3218838873527226,9.3771893139441502,9.2665799035617358,9.3464641571044922,78466525
2011-07-26,9.3280283162038522,9.3833322930010112,9.2850141120282856,9.3341732025146484,113040637
2011-07-27,9.2911601831057684,9.2911601831057684,9.1006665041891921,9.1129570007324219,151973351
2011-07-28,9.1313920204057322,9.223566051699402,9.0945219750481154,9.1191015243530273,80068056
2011-07-29,9.0207764812251874,9.1866897691897424,8.9900520654538845,9.0945158004760742,98119563
2011-08-01,9.2358569816014366,9.2358569816014366,8.9839136841112435,9.0637979507446289,91890703
2011-08-02,9.0023496115984898,9.0330740539218741,8.8118559049923544,8.8180007934570312,142203889
2011-08-03,8.8302892071694732,8.8733041411819649,8.6828104639841772,8.8610143661499023,150485442
2011-08-04,8.7565489621438726,8.7811277863311776,8.3939963363282217,8.4124317169189453,228842654
2011-08-05,8.4984573370663554,8.5476171335058968,8.0928913609898281,8.252659797668457,220311208
2011-08-08,7.9822846547134558,8.1666334116367061,7.3985153946235211,7.472254753112793,320107763
2011-08-09,7.6996153410255257,8.0498781204223633,7.3985138066703264,8.0498781204223633,203780725
2011-08-10,7.8593860634634787,7.8655309497770434,7.4599648460811006,7.4906892776489258,333138883
2011-08-11,7.6013033490462938,8.0621744344093482,7.5214190564393872,7.9085507392883301,342125552
2011-08-12,8.0683188065370626,8.1850724322054571,7.7979407742093612,7.8532447814941406,167083138
2011-08-15,7.9515628090299213,8.1113313508252105,7.9515628090299213,8.1051864624023438,140239829
2011-08-16,7.9822840913686139,8.0806037100155574,7.8778203081313398,7.9454154968261719,128292974
2011-08-17,8.0068645636754034,8.0990385773141575,7.9269803223351358,7.9945740699768066,117996766
2011-08-18,7.7180493499029064,7.7241942339190821,7.5214116185855442,7.6074399948120117,208364107
2011-08-19,7.4783961928099325,7.7180488170962445,7.4353812862663231,7.4538159370422363,155535619
2011-08-22,7.6504607372933506,7.6566056259945965,7.3432134166294167,7.3616480827331543,127443091
2011-08-23,7.3677881876559601,7.6012959480285645,7.2571788308795373,7.6012959480285645,170500517
2011-08-24,7.6012980442271241,7.822515375984997,7.564428008000764,7.8040814399719238,161958977
2011-08-25,8.0867508327478124,8.1912146355601116,7.6750390658400436,7.7795028686523438,234626754
2011-08-26,7.6996179403380456,7.9146918772270789,7.5644297009852917,7.8470973968505859,121201429
2011-08-29,7.988430097854895,8.1850679021724684,7.9822844901573493,8.1727781295776367,119732353
2011-08-30,8.1174736022949219,8.1850673469816346,8.0007193277631679,8.1174736022949219,107048376
2011-08-31,8.1912165513672601,8.2833906014539647,8.1420567213341659,8.2219409942626953,107177384
2011-09-01,8.2157931748797282,8.2465176068148978,8.0252995326812613,8.0375900268554688,123459575
2011-09-02,7.7979373665924143,7.8409515756838175,7.6873286789571651,7.7057633399963379,131594516
2011-09-06,7.4353839233189314,7.589007510402376,7.4292397589476664,7.5705728530883789,138630665
2011-09-07,7.7303411521413512,7.9454150349027328,7.4415286417818507,7.9331245422363281,141058813
2011-09-08,7.8225140988301716,7.9146888136469871,7.7364849902144357,7.7610645294189453,104926993
2011-09-09,7.6688894833614176,7.7180492764226587,7.4845415218315061,7.515265941619873,158558709
2011-09-12,7.3862221185855343,7.6135857162481955,7.3739323503659033,7.6012959480285645,144663304
2011-09-13,7.6504559516906738,7.7364850610945917,7.5644268422867569,7.6504559516906738,121317389
2011-09-14,7.7303418952207759,7.8348064038265335,7.552138751928771,7.7426323890686035,124639242
2011-09-15,7.8286627590728939,7.9454170586412696,7.7856478272844836,7.9392714500427246,128471592
2011-09-16,7.9762845861951339,8.044140943577327,7.8344016632630558,7.9639463424682617,97875333
2011-09-19,7.7973871792788696,7.8158934557139794,7.6801793134510605,7.7480363845825195,127818546
2011-09-20,7.7850445185140238,7.8529008206139128,7.7233562469482422,7.7233562469482422,68153453
2011-09-21,7.7418689104480318,7.7603751899540523,7.3408951759338379,7.3408951759338379,147554800
2011-09-22,7.1681685271115647,7.2236880904131606,6.9954418015097701,7.1311559677124023,251432981
2011-09-23,7.0818058932356669,7.2360263550116777,7.0694676479631271,7.2051825523376465,146697901
2011-09-26,7.3038813201875286,7.5382963016778755,7.2421922904973943,7.5259580612182617,136811863
2011-09-27,7.6986820872416395,7.7727086077079202,7.495110966465357,7.5629687309265137,173008556
2011-09-28,7.5753073349252675,7.6184886331857662,7.3347236434378482,7.3470611572265625,126402158
2011-09-29,7.5382963909150966,7.5999839729301906,7.3470627140603462,7.5506339073181152,126952784
2011-09-30,7.4149231745343087,7.470442753401163,7.2792096944864113,7.2853784561157227,118365943
2011-10-03,7.2298564529968239,7.3655706117412958,6.9460906163861678,6.9584288597106934,197426303
2011-10-04,6.8658977616535912,7.2607013289864293,6.754858624663675,7.2360262870788574,275785977
2011-10-05,7.217519255024186,7.3840772189840651,7.0756363304056675,7.3408951759338379,148534060
2011-10-06,7.3038811900224792,7.5814774734650765,7.2051796133204329,7.5691399574279785,171494180
2011-10-07,7.6123219084594611,7.6123219084594611,7.2853748089674957,7.2977123260498047,189703501
2011-10-10,7.4766082939301386,7.6740107536315918,7.4704395349584756,7.6740107536315918,121636587
2011-10-11,7.5753140432900796,7.7295338264217568,7.5444695073012307,7.6678462028503418,118209237
2011-10-12,7.7542038692976218,7.9947875960318022,7.7418663537013979,7.8652429580688477,156456284
2011-10-13,7.7480357074743145,7.7665419822921429,7.5753090274359263,7.6801786422729492,143400298
2011-10-14,7.7912177831210583,7.8344005436898323,7.6431668457869844,7.772712230682373,149084564
2011-10-17,7.7110230638674588,7.7295286142571058,7.5136206289416361,7.5321269035339355,108158491
2011-10-18,7.593818256116684,7.9886232843519345,7.5382994100673359,7.8899216651916504,226470024
2011-10-19,7.8960884682796566,8.0256331344812644,7.7480368004468785,7.7788805961608887,163000772
2011-10-20,7.7788807260823392,7.9269331205906255,7.6801798539462585,7.8960886001586914,152230261
2011-10-21,8.0071268630197476,8.111996483243388,7.9701135872802462,8.0996589660644531,210757910
2011-10-24,8.1243373015980431,8.2970640606928754,8.1119997794059824,8.2785577774047852,125120194
2011-10-25,8.1736879899028061,8.1798567509047508,7.9762861894346591,8.0318050384521484,169801678
2011-10-26,8.161345651780552,8.2230339495998823,8.0071252693334998,8.1736831665039062,167673895
2011-10-27,8.5684891277923292,8.7412165442056864,8.4389437465329884,8.6610212326049805,286446930
2011-10-28,8.6116717198018424,8.6980343472889086,8.5438139212279136,8.6671905517578125,167421540
2011-10-31,8.4574510406669337,8.5129698709616033,8.3155681370639662,8.3279056549072266,135847497
2011-11-01,7.9207641347859328,8.1428416541968325,7.9145960993553537,7.9331016540527344,263955821
2011-11-02,8.1305041505027251,8.1921924711577105,8.0256337881284026,8.1675167083740234,141886414
2011-11-03,8.2723870470321774,8.3402441271378382,8.019465729694943,8.3093996047973633,137635648
2011-11-04,8.210698685423047,8.2230362035281068,8.0934908150194715,8.1983604431152344,114088957
2011-11-07,8.1736847937971664,8.247710621077605,8.0934902079269175,8.241541862487793,101449664
2011-11-08,8.3217377811101994,8.4204393913495004,8.210700099047461,8.3957643508911133,140400105
2011-11-09,8.1551824329347156,8.1736894434346397,7.9145992626699231,7.9392743110656738,144136559
2011-11-10,8.0749832108982549,8.0811526936930154,7.9145947633019924,7.976283073425293,175243190
2011-11-11,8.1119978715670769,8.2045299904481439,8.1058291119218602,8.1675167083740234,113960564
2011-11-14,8.0996581107534968,8.1119956266296089,7.9454377138968502,8.0009565353393555,77723247
2011-11-15,7.9392706246256735,8.0996598131307938,7.9145955876872778,8.0379714965820312,110939567
2011-11-16,7.9454384081589433,8.0194642340865201,7.8220617902120884,7.8405680656433105,112264861
2011-11-17,7.8343993713361817,7.8652431611230247,7.6308281861351483,7.6863470077514648,178507556
2011-11-18,7.7233618027104329,7.7542055985795324,7.6616734867694651,7.711024284362793,104695565
2011-11-21,7.5629722086719289,7.5814784851971986,7.4642706187983663,7.5197901725769043,120345391
2011-11-22,7.5259596986289479,7.5568034959820043,7.4395963418375857,7.4519338607788086,81508942
2011-11-23,7.3717367528114979,7.3717367528114979,7.2360226422735945,7.2483601570129395,101619666
2011-11-25,7.248362066957581,7.3840762132561855,7.2360245489672979,7.266869068145752,39104069
2011-11-28,7.5506329917276975,7.5568010249786175,7.4025806402363541,7.4827752113342285,84348120
2011-11-29,7.4766107307227605,7.5321303037655287,7.4210918818829725,7.4457669258117676,78328776
2011-11-30,7.7171932147484394,7.9392707225412202,7.6801799346815844,7.9022574424743652,168795212
2011-12-01,7.8590760231018066,7.8899198192462645,7.7665431862628864,7.8590760231018066,84288047
2011-12-02,7.9392713034201918,8.1119980251623574,7.9392713034201918,7.9639463424682617,157736524
2011-12-05,8.1119996743178664,8.2230388210139225,8.0564801009698375,8.1243371963500977,124016480
2011-12-06,8.0811526324432243,8.179853493370798,8.0318018398780904,8.1305027008056641,69770618
2011-12-07,8.0626499737459003,8.2538837642237048,8.0071311169453523,8.2292079925537109,112741751
2011-12-08,8.142838367837518,8.142838367837518,7.8837476709895249,7.9084234237670898,150280849
2011-12-09,7.9886189248172075,8.1243323097461833,7.9701119286974196,8.081151008605957,120871398
2011-12-12,7.963947517460392,7.9701162781325419,7.8220645735950587,7.8899216651916504,120333328
2011-12-13,7.9577767839104414,7.988621303827216,7.6801797256732911,7.7788805961608887,149126787
2011-12-14,7.6925175552771918,7.8405684909607913,7.6801793134510605,7.7480363845825195,117957251
2011-12-15,7.8652428841138704,7.8775803995940876,7.7418662809065015,7.7542037963867188,75845726
2011-12-16,7.8224976792667897,7.8969976571645688,7.7604142428784133,7.7852473258972168,122441784
2011-12-19,7.8038727761758722,7.8162893187004023,7.5803728242100403,7.611414909362793,81936099
2011-12-20,7.7542076433154419,7.9342482628456077,7.7479986423812068,7.8969993591308594,126622630
2011-12-21,7.8969994389668487,7.9590821605216018,7.8287069875735593,7.9404573440551758,98054074
2011-12-22,7.9963312540366145,8.1267056774650719,7.9652898981825571,8.1080808639526367,79959605
2011-12-23,8.1453299242522057,8.1763712751689397,8.0894547637607896,8.1639547348022461,37730396
2011-12-27,8.1329132901014418,8.2012049901720516,8.1142877509248823,8.1204967498779297,33277869
2011-12-28,8.1267050015064903,8.1267050015064903,7.9839133187720446,7.9901223182678223,52844368
2011-12-29,8.0149590403575974,8.1205011470905824,8.0087507668840896,8.1142921447753906,46397867
2011-12-30,8.0894580242335685,8.1142911149759822,8.0646242046495615,8.0708332061767578,34132060
2012-01-03,8.2446641310059121,8.3626220098552828,8.238455859952861,8.2819137573242188,103362023
2012-01-04,8.2198306750214538,8.2881231172544396,8.1639562331168118,8.2570810317993164,69833891
2012-01-05,8.1825803700512374,8.4122885765105906,8.1453307451968744,8.368830680847168,89935260
2012-01-06,8.3750377566200349,8.3750377566200349,8.263288888277426,8.3191633224487305,83878617
2012-01-09,8.350205718568299,8.3998726173259772,8.3067478198915765,8.3626222610473633,69189586
2012-01-10,8.492996887490353,8.5426637831645635,8.4557465335243496,8.511622428894043,86035082
2012-01-11,8.4743727644306777,8.6171644633758309,8.4433314076345312,8.6109561920166016,80938989
2012-01-12,8.648206787902355,8.6916654211214013,8.5364571620900556,8.6419992446899414,94107119
2012-01-13,8.4681656430415959,8.5861235437269823,8.4309160098277491,8.5799160003662109,95008949
2012-01-17,8.5861216791432948,8.6730389287835106,8.480580345782144,8.511622428894043,89019642
2012-01-18,8.492998528871011,8.6544157887978059,8.4557481677058988,8.6419992446899414,118473902
2012-01-19,8.7289141124491199,8.7537471979877886,8.6854562127564492,8.7227058410644531,131377244
2012-01-20,8.691664140795055,8.7909972078672229,8.6668310562373652,8.7785806655883789,114827311
2012-01-23,8.7847896799889504,8.8717054760835321,8.7537468665580622,8.8096227645874023,99325943
2012-01-24,8.7227061616253092,8.8096234218877534,8.6792482603355552,8.7972068786621094,80650073
2012-01-25,8.7475385254618452,8.8406633130436916,8.7164964437069976,8.8158302307128906,103761975
2012-01-26,8.8592906870072596,8.902749322496275,8.6916658751125144,8.7413320541381836,104215475
2012-01-27,8.6916630486021393,8.8034126439107183,8.6792465078835548,8.7723712921142578,103542364
2012-01-30,8.6730379778708269,8.7102875989113997,8.6171628174686674,8.6916627883911133,71714490
2012-01-31,8.7475388484671406,8.7599553900910241,8.6668305990705186,8.7289133071899414,82584343
2012-02-01,8.8034160400752857,8.9275829528446362,8.8034160400752857,8.8654994964599609,87912357
2012-02-02,8.8965392555993965,8.9462061575172438,8.8468738113644889,8.9089565277099609,65660186
2012-02-03,9.0579581720512046,9.1510829925537109,9.0455416264964175,9.1510829925537109,106830735
2012-02-06,9.0952027479325555,9.1138275544089655,9.0517441373131255,9.1076192855834961,55279655
2012-02-07,9.0703742717939999,9.1324569965165487,9.033124636960471,9.1014156341552734,56189611
2012-02-08,9.1138281070896614,9.1697025299072266,9.0827867610799018,9.1697025299072266,66141999
2012-02-09,9.2069594279680285,9.2255849776737335,9.082793226699641,9.1324586868286133,95860801
2012-02-10,9.0331204557369027,9.0579535341312614,8.9958701093041338,9.045536994934082,79561623
2012-02-13,9.1448722192453591,9.1572887614050256,9.1014135928451232,9.1262474060058594,57901562
2012-02-14,9.0827879227888548,9.088995463943581,8.952412795190229,9.0393285751342773,99205059
2012-02-15,9.0641658348237915,9.1076244701824489,8.958623747027719,8.9834575653076172,93529534
2012-02-16,8.9648309002473923,9.1262474060058594,8.9337888160068228,9.1262474060058594,96074380
2012-02-17,9.1510837251806247,9.1945416381015779,9.1324581765156978,9.1821250915527344,75672648
2012-02-21,9.1883332171172558,9.2317911258923964,9.138666306818358,9.1759166717529297,78483021
2012-02-22,9.1324559567415928,9.1634980444101402,9.0517484237912278,9.0579566955566406,91890457
2012-02-23,9.0579559900993907,9.1386642456054688,9.026913904848481,9.1386642456054688,63968915
2012-02-24,9.1572854361872551,9.1697019738381957,9.0827862102816166,9.1076192855834961,63090473
2012-02-27,9.0269159408562381,9.2007497624815819,8.9896655759216664,9.1759166717529297,76146583
2012-02-28,9.1945346778160761,9.225577478372033,9.1324512632274946,9.2007436752319336,64479411
2012-02-29,9.2069565554368218,9.2876648161752353,9.138664838067168,9.1634979248046875,115620690
2012-03-01,9.1883333681906976,9.2938747343643602,9.1821243665648531,9.2628326416015625,81546487
2012-03-02,9.2628309471710857,9.2876647626068465,9.2193730456310785,9.2317895889282227,58846847
2012-03-05,9.2069544321273238,9.2069544321273238,9.1448710007597427,9.1945371627807617,63542127
2012-03-06,9.0517489925712802,9.0765820811933544,8.939999364930415,8.9710407257080078,115379168
2012-03-07,9.0082849277497683,9.095202143209665,8.9896593936705962,9.0827856063842773,82887662
2012-03-08,9.1448694530994192,9.1883280663542664,9.0952032994838046,9.1697025299072266,84296787
2012-03-09,9.2007466272128742,9.2938714145534842,9.1821210866716765,9.2442045211791992,91179308
2012-03-12,9.2442067913679011,9.250415792300668,9.151081981157736,9.2193737030029297,69292990
2012-03-13,9.2938725594345524,9.585664227375803,9.281456016771763,9.573246955871582,226592263
2012-03-14,9.591872066522857,9.6229134217811865,9.4863307298031394,9.5856637954711914,160538280
2012-03-15,9.6229131233188756,9.7719138104616814,9.5422048733090516,9.7532882690429688,162857361
2012-03-16,9.7968882218170776,9.8155732374801428,9.7346065423337826,9.7906608581542969,102174477
2012-03-19,9.7906567976241217,9.9463605661721797,9.7532875129650307,9.8404808044433594,139045389
2012-03-20,9.7782029074734371,9.9152224416719239,9.7595186249468995,9.8903093338012695,108827047
2012-03-21,9.927678063254703,9.9339068882432198,9.8217997371469465,9.8467121124267578,93343529
2012-03-22,9.7532897415008488,9.7844302098584155,9.6723237926026293,9.7159204483032227,130459287
2012-03-23,9.6972343257542839,9.8093407217207229,9.6349534008664879,9.7968845367431641,90967946
2012-03-26,9.890304531329825,9.9525861740112305,9.8529359844219311,9.9525861740112305,95005010
2012-03-27,9.9401330399635022,9.9712735052696573,9.84671091287656,9.8591670989990234,104557816
2012-03-28,9.8591668304317466,9.9089923047328057,9.7719727987812348,9.8840799331665039,129709978
2012-03-29,9.8093400109723259,9.8342531102907405,9.6972336231286995,9.7844276428222656,126585577
2012-03-30,9.8467096278601893,9.8529377201086419,9.7470586895482008,9.8404808044433594,73690122
2012-04-02,9.7968831503933878,9.9588149945236122,9.7781988755710465,9.9152183532714844,110200843
2012-04-03,9.8903075643051785,9.9089925746573471,9.771973064973313,9.8591670989990234,129060871
2012-04-04,9.7470611648674126,9.7719742713564184,9.6598678512458687,9.7034645080566406,104199472
2012-04-05,9.653637617361742,9.7408323805949077,9.6349540697667173,9.6785507202148438,71652078
2012-04-09,9.4917089625680546,9.5789022863594546,9.4667958531732914,9.5290775299072266,109181083
2012-04-10,9.5166126829957189,9.560209305229117,9.3110835561057481,9.3235397338867188,145531651
2012-04-11,9.4543400837870557,9.510392937284287,9.4294277044549517,9.4730243682861328,91447666
2012-04-12,9.4979358448192528,9.6598684885919273,9.466795373614092,9.6474123001098633,107650211
2012-04-13,9.6287211977294618,9.6287211977294618,9.4045077533224077,9.423192024230957,114048334
2012-04-16,9.5103903964834196,9.5539877798357828,9.4107409057774181,9.4917068481445312,138138881
2012-04-17,9.5789017226731712,9.6536395841220912,9.5290769691529622,9.6162710189819336,81803766
2012-04-18,9.553985595703125,9.634952250728972,9.5415294122124781,9.553985595703125,65399829
2012-04-19,9.610040269850245,9.610040269850245,9.4418803108394567,9.5103893280029297,131280980
2012-04-20,9.5539857687078431,9.5539857687078431,9.4543355678098671,9.4605636596679688,68882944
2012-04-23,9.3110942996795814,9.3982883759229434,9.2924092802804967,9.3920602798461914,91121944
2012-04-24,9.3982822308416036,9.4979324340820312,9.3982822308416036,9.4979324340820312,76151999
2012-04-25,9.5664451030749795,9.6038136665307068,9.491707976163525,9.5789012908935547,91385378
2012-04-26,9.5477601419550346,9.6847789293780639,9.5415320484889197,9.6598672866821289,58432862
2012-04-27,9.7034623810835186,9.7096904735484486,9.5975840780113213,9.6660938262939453,59668663
2012-04-30,9.6287278094341833,9.6474128243412185,9.547761848732538,9.6100435256958008,71007527
2012-05-01,9.6100455506029689,9.7844336979100444,9.5975893588194356,9.7096958160400391,103766530
2012-05-02,9.6411818145147326,9.6598668251889332,9.5602158721548189,9.6349544525146484,69602094
2012-05-03,9.6411796113059758,9.6474084342196189,9.5166170452311825,9.553985595703125,104392985
2012-05-04,9.4792454509020505,9.51038590203121,9.3671383645007928,9.4045076370239258,95088718
2012-05-07,9.3422284520273529,9.4917048501268155,9.3422284520273529,9.4605636596679688,101873252
2012-05-08,9.3920587244126992,9.441884215943869,9.3110927576549898,9.3982868194580078,100957018
2012-05-09,9.2799496730593631,9.3609156170507823,9.2176680089501559,9.2924051284790039,116092656
2012-05-10,9.4107415355210744,9.4294258162787568,9.3110905758097022,9.3297748565673828,79928091
2012-05-11,9.1304748334075665,9.3110917639517208,9.1180186446463072,9.2238969802856445,123047067
2012-05-14,9.093104772245967,9.136702156911733,9.0308231075099492,9.0370512008666992,112880977
2012-05-15,9.0432819815912477,9.0993355696278098,8.9685448391008009,8.9872283935546875,122145975
2012-05-16,9.0495088795535672,9.093105536716056,8.8502076818764799,8.8564357757568359,143225373
2012-05-17,8.8439820799795381,8.8564382712500507,8.6695939398548099,8.6758213043212891,190024423
2012-05-18,8.7069594854930212,8.7069594854930212,8.5450268617882017,8.5761680603027344,151363760
2012-05-21,8.6135338237741674,8.7131847492556656,8.5325679038006292,8.6571311950683594,106559053
2012-05-22,8.7131860195755308,8.8688897907765405,8.6633605495705872,8.725642204284668,121446767
2012-05-23,8.64467519844208,8.7754665839745289,8.5637092767239675,8.7567815780639648,137010300
2012-05-24,8.8003814461298031,8.8128383639924568,8.6695907546727575,8.7630128860473633,99869922
2012-05-25,8.7505570634793717,8.8066106417876835,8.7069604045929285,8.7318735122680664,51386864
2012-05-29,8.8190664813061321,8.862663869637192,8.7754698241436433,8.8564357757568359,90323886
2012-05-30,8.7567790988239054,8.7692352784587904,8.6509008407592773,8.6509008407592773,104857811
2012-05-31,8.6695893730935474,8.8003800437078894,8.5823946177927972,8.725642204284668,110352133
2012-06-01,8.5574856463493152,8.5699418360045101,8.3955537184944031,8.4017810821533203,124009217
2012-06-04,8.4391525101173617,8.4391525101173617,8.28344863783121,8.3208179473876953,97012771
2012-06-05,8.3021276236414216,8.4765156583642689,8.2958988006021528,8.4578313827514648,123895103
2012-06-06,8.5450261603399369,8.7131868637099004,8.5076576025922517,8.7069587707519531,120034933
2012-06-07,8.837750794321245,8.8688912612572448,8.6758181727485084,8.7007312774658203,114277300
2012-06-08,8.6695894361084118,8.8066082000732422,8.6073077809416354,8.8066082000732422,74612757
2012-06-11,8.9187191303659183,8.9249464942539767,8.6322238330798253,8.6446800231933594,126832761
2012-06-12,8.6633635698401346,8.781698096999774,8.5886264355300348,8.7754707336425781,105210246
2012-06-13,8.7318720901099613,8.8626627766360411,8.7007308933801486,8.7443275451660156,118488551
2012-06-14,8.7630142310599801,8.8938049425917551,8.7381011226793301,8.8502082824707031,127557943
2012-06-15,8.8990181688668955,8.9803734107168616,8.8364370440552094,8.9741153717041016,104497005
2012-06-18,8.9177949327939494,8.9991494574043376,8.8802459559818381,8.9240522384643555,83680426
2012-06-19,8.9803797883858696,9.1180582138109632,8.9741217449287838,9.0742511749267578,79604585
2012-06-20,9.0930204391479492,9.1556015698566409,9.0054064153452895,9.0930204391479492,108411585
2012-06-21,9.1117960467196983,9.1556038039950902,8.873988279744454,8.8927631378173828,88837454
2012-06-22,8.9553405199817373,9.0054055667679034,8.9240503249179373,8.9741153717041016,55259836
2012-06-25,8.8426981511170712,8.8489561923011131,8.7425687574880815,8.7863750457763672,62777553
2012-06-26,8.8239232996273245,8.880247139695431,8.7550848465502433,8.8301820755004883,65826371
2012-06-27,8.8739890163670321,8.9678603757865432,8.8239239484905774,8.9365701675415039,69296314
2012-06-28,8.8426950613326074,8.936566380977359,8.7738566323614489,8.9303083419799805,85956791
2012-06-29,9.1493424798817315,9.1681173327254388,9.0805033119458081,9.1618585586547852,76394260
2012-07-02,9.2056647967014467,9.2306976888292738,9.1055361669266262,9.2181816101074219,75570598
2012-07-03,9.199408212335582,9.2932795447836973,9.1806340927827961,9.2682466506958008,39736188
2012-07-05,9.224441758239788,9.224441758239788,9.118054330099012,9.1305704116821289,54074506
2012-07-06,9.011665143296149,9.0867616181394695,9.0054063690417241,9.0554714202880859,55147815
2012-07-09,9.0304376323011155,9.0742446396354151,8.9928893986009228,9.0429544448852539,45911499
2012-07-10,9.1117929646689113,9.1368258554040338,8.9365664029434573,8.9741153717041016,79133604
2012-07-11,8.9803713999896875,9.0805007364587311,8.967854590082629,9.0492105484008789,97988216
2012-07-12,8.9678602833032173,9.0116680437632777,8.9177966853118402,8.9553442001342773,66861519
2012-07-13,8.9991497346197775,9.2181833578323289,8.9991497346197775,9.2056665420532227,95969252
2012-07-16,9.2119256261637883,9.2244417076783005,9.1430864431496861,9.1868934631347656,61542737
2012-07-17,9.2494724559903254,9.2494724559903254,9.0930200040469238,9.2369556427001953,77759685
2012-07-18,9.2056666015003756,9.2494743549837484,9.1618603173855355,9.193150520324707,68192230
2012-07-19,9.205665910168582,9.230698805324252,9.0992784934806696,9.1368274688720703,61045906
2012-07-20,9.0679885000632243,9.0742465403240633,8.9866332419880877,8.9991493225097656,69130498
2012-07-23,8.8301808984604371,8.9490851345671754,8.8176648177511474,8.9240522384643555,72823006
2012-07-24,8.9490881303111642,8.9490881303111642,8.8176677695016306,8.8990230560302734,55617072
2012-07-25,8.949083193656195,8.9803733886430859,8.8802440300009557,8.9303083419799805,55276209
2012-07-26,9.067988395690918,9.0930212911303752,9.0116660339916344,9.067988395690918,69291513
2012-07-27,9.1305682398649637,9.2932787311113731,9.0867612300597997,9.2369556427001953,85430785
2012-07-30,9.2181816101074219,9.2745046990398805,9.193148717979593,9.2181816101074219,45241343
2012-07-31,9.1868942586889641,9.2181844651848692,9.1556040521930573,9.17437744140625,57458525
2012-08-01,9.2119256766566711,9.2432158806144606,9.1305704116821289,9.1305704116821289,99654866
2012-08-02,9.0492150380780725,9.1243122613595684,8.9741178147965766,9.0617303848266602,78094271
2012-08-03,9.1994065088960433,9.3245687521068881,9.1868904315117668,9.2745037078857422,98849054
2012-08-06,9.3308306653150144,9.3808949956407321,9.2995404588614416,9.3120565414428711,50850271
2012-08-07,9.3370875709102155,9.4247016145860538,9.3308302645725902,9.3496036529541016,43945346
2012-08-08,9.3120561415067602,9.3871526337700768,9.3057973658004993,9.3496036529541016,32388964
2012-08-09,9.3370830547135846,9.3934068660367895,9.3183089407284925,9.3433418273925781,32552810
2012-08-10,9.3120561415067602,9.3683785107042485,9.2870232427346693,9.3496036529541016,21702038
2012-08-13,9.3308275995315597,9.36837583493881,9.2932786294401986,9.3558597564697266,20176829
2012-08-14,9.4121802453379182,9.4246970560119436,9.324567713407486,9.3433418273925781,28338974
2012-08-15,9.3496056533061918,9.4059295039228275,9.3308322609081049,9.374638557434082,24638834
2012-08-16,9.4059275072403334,9.4622498765319527,9.349603668580075,9.4372177124023438,40100933
2012-08-17,9.468505859375,9.4747646337312386,9.4372156610146067,9.468505859375,29729389
2012-08-20,9.4622496059135468,9.499798585718386,9.4434754833532768,9.4935398101806641,31691726
2012-08-21,9.5310888590750569,9.624960207241168,9.4872825727835473,9.5248308181762695,50864181
2012-08-22,9.4935408907405368,9.5498647342007548,9.4559933760306158,9.5123157501220703,57712973
2012-08-23,9.4935363278068579,9.5060531396066459,9.4059237879965458,9.4184398651123047,50210028
2012-08-24,9.3808925692817393,9.4997967924195539,9.3683764899375817,9.468505859375,33998620
2012-08-27,9.4998006511767947,9.50605869339085,9.4372194943517886,9.4622516632080078,22600791
2012-08-28,9.4309586593739088,9.5060558783886897,9.4184425786521508,9.449732780456543,27816907
2012-08-29,9.468505859375,9.4935380180633153,9.4372156610146067,9.468505859375,22826310
2012-08-30,9.4246979036701841,9.4497300579017018,9.3683748219652383,9.4184398651123047,31546837
2012-08-31,9.4747638137068613,9.5123120484895978,9.4184407268486581,9.4872798919677734,64889457
2012-09-04,9.4685050398923085,9.5123120484895978,9.430956805109572,9.4872798919677734,36182168
2012-09-05,9.4872798919677734,9.5185700876200556,9.455989696315493,9.4872798919677734,32883211
2012-09-06,9.537350204402177,9.7188349087348573,9.537350204402177,9.7125768661499023,64472271
2012-09-07,9.7438658455735592,9.8314791653562263,9.7438658455735592,9.8127050399780273,57754827
2012-09-10,9.8001869993876056,9.8314772021029118,9.7250897781866126,9.7313470840454102,52705757
2012-09-11,9.7313490273036845,9.8189630817707609,9.7125756366098965,9.8127050399780273,70453823
2012-09-12,9.8627672778075528,9.900315517785387,9.8252183031455225,9.8502511978149414,62693107
2012-09-13,9.8439928285405589,10.138123659216934,9.8127026272704043,10.106833457946777,172620053
2012-09-14,10.188190460205078,10.288319856096482,10.156900253577875,10.188190460205078,150418352
2012-09-17,10.150642455607082,10.188191441862015,10.069287175853223,10.094319343566895,60313214
2012-09-18,10.056770385956655,10.081802551912935,10.012964095533167,10.044254302978516,81750341
2012-09-19,10.069281716419631,10.106830682316003,10.019216673452476,10.037991523742676,80701652
2012-09-20,9.9441195090443539,9.9879257756996829,9.8940544696114312,9.9816684722900391,81109728
2012-09-21,10.067135998037969,10.067135998037969,9.9414536501667587,9.9477376937866211,42195603
2012-09-24,9.8786138790167346,9.9980114535691893,9.8786138790167346,9.9540224075317383,46410423
2012-09-25,9.9791582861936536,10.010579243208515,9.7969195389081012,9.8032035827636719,88561833
2012-09-26,9.7717852561168907,9.7906381304954273,9.7089448006458028,9.7403650283813477,64955438
2012-09-27,9.7969195732704399,9.8786136191534109,9.7654993538823849,9.8283405303955078,57130095
2012-09-28,9.7906386378430756,9.8534798343077821,9.7529343626065987,9.7969226837158203,56713893
2012-10-01,9.8660451807079674,9.960307318044082,9.8157728277148841,9.8409090042114258,66024193
2012-10-02,9.9037464534406077,9.9037464534406077,9.8157691310979143,9.8597574234008789,54014310
2012-10-03,9.9037493884475865,9.9854426932427778,9.8409082145119804,9.9477376937866211,68035400
2012-10-04,10.004297013242127,10.111126515893194,9.9854448782573169,10.09855842590332,95948941
2012-10-05,10.167682761774572,10.19910298169817,10.060851800823263,10.092272758483887,76084786
2012-10-08,10.041997102999883,10.104838264527316,10.029429018241762,10.085986137390137,36612525
2012-10-09,10.092269181315865,10.129974169596812,9.9917237754612813,10.023144721984863,90105261
2012-10-10,10.016863822937012,10.060852132279248,9.9603074252112798,10.016863822937012,76931837
2012-10-11,10.117407437223962,10.136258827276823,10.054566273521358,10.073417663574219,75143933
2012-10-12,9.985443263210481,10.048283702996025,9.9037499537522464,9.9351701736450195,91271141
2012-10-15,9.9728722106164227,10.060848800163376,9.9288824403693354,10.048280715942383,68673674
2012-10-16,10.098556904274464,10.155114038444131,10.079704772130253,10.111124992370605,94636818
2012-10-17,10.14883018304174,10.24937562741683,10.136261356974938,10.243091583251953,70444591
2012-10-18,10.217952136065829,10.299646165433307,10.205384050851405,10.261941909790039,63453495
2012-10-19,10.236805810175728,10.236805810175728,10.073418476272527,10.123691558837891,75531821
2012-10-22,10.111123472630782,10.148828468989034,10.029430174547642,10.123691558837891,129434726
2012-10-23,9.9917274095262734,9.9980114535691893,9.916317405537205,9.9540224075317383,79617756
2012-10-24,10.016863585697941,10.035716455563724,9.9414543194459046,9.9540224075317383,64741983
2012-10-25,10.048283622436188,10.067136491957728,9.910033918279348,9.9791584014892578,65027206
2012-10-26,9.9665885471745721,9.9854414133546676,9.8597590815928431,9.9288835525512695,69489581
2012-10-31,9.9665880601902774,9.9980090104638961,9.9225997626388018,9.991724967956543,53059793
2012-11-01,10.004292609500835,10.117406845092773,9.9854404828144521,10.117406845092773,72143001
2012-11-02,10.173962966738779,10.180247008807962,10.03571330347995,10.0545654296875,65960673
2012-11-05,10.023146064277261,10.054566277271853,9.9288832120828996,10.035714149475098,54580447
2012-11-06,10.067136154082572,10.18024967873038,10.060851372628312,10.148829460144043,49350790
2012-11-07,10.004292964705611,10.016861049609433,9.7906333081301078,9.8094854354858398,143868817
2012-11-08,9.8534779700415722,9.93517128866824,9.721512293944409,9.7277956008911133,114104714
2012-11-09,9.683808618457368,9.8471952781566152,9.6712405273631514,9.7403650283813477,95030861
2012-11-12,9.7843515305455622,9.7843515305455622,9.7215110914802416,9.7592153549194336,41658271
2012-11-13,9.683803060542429,9.8220527209691202,9.664950196984293,9.6900863647460938,63960298
2012-11-14,9.7089397411476348,9.7403599525095572,9.4889960484037026,9.520416259765625,84265766
2012-11-15,9.5204175339238386,9.61467965609876,9.4952820992071434,9.5392704010009766,85757861
2012-11-16,9.5644049191618503,9.6146779931106074,9.4638595090011339,9.6021099090576172,77888940
2012-11-19,9.7403632539977014,9.7969203913559824,9.73407994733242,9.7843523025512695,64199481
2012-11-20,9.759214814092525,9.8660442923204119,9.7277938585641053,9.8346233367919922,49879012
2012-11-21,9.8409081180872562,9.8534762052038349,9.7780669447673922,9.8346233367919922,32286422
2012-11-23,9.9100340992313196,9.9603071893116883,9.88489718532262,9.9540224075317383,25337304
2012-11-26,9.9037496362667738,9.922601767598092,9.853476548312921,9.9163169860839844,37321089
2012-11-27,9.8974650130492314,9.935170014051911,9.8157724426402861,9.8283405303955078,61359564
2012-11-28,9.7717809734513956,9.8786119141432174,9.6963724599352794,9.8660430908203125,58569995
2012-11-29,9.9163169860839844,9.9540219864836246,9.8660446358671336,9.9163169860839844,48775790
2012-11-30,9.9100306467731141,9.9477348978952023,9.8660416160605688,9.9037466049194336,36530910
2012-12-03,9.9351682992803045,9.9665885132453518,9.8597590480273016,9.8660430908203125,62742593
2012-12-04,9.8660451807079674,9.8911820949415503,9.7906359134813012,9.8409090042114258,48549409
2012-12-05,9.872327139301623,10.010577556301266,9.8471909681151022,9.9603052139282227,57255164
2012-12-06,9.9665880601902774,9.9980090104638961,9.9351678476535099,9.991724967956543,42609219
2012-12-07,10.048281493187922,10.073417663574219,10.004293195011902,10.073417663574219,44538688
2012-12-10,10.041996673831886,10.079701664231671,10.010576463279403,10.048280715942383,59304164
2012-12-11,10.092274380908384,10.142547478605021,10.060853418196556,10.09855842590332,58723378
2012-12-12,10.142546653747559,10.230524014258927,10.117410475812049,10.142546653747559,68531370
2012-12-13,10.142545848098669,10.161397980052826,10.060851800823263,10.092272758483887,50848055
2012-12-14,10.079701597964231,10.098553724171781,10.041996607812333,10.0545654296875,43026404
2012-12-17,10.117407454350444,10.268225214660387,10.111122674006369,10.261941909790039,85069486
2012-12-18,10.31849745799469,10.425326911406536,10.280792467666695,10.412758827209473,86535115
2012-12-19,10.437897398037142,10.450465484238638,10.343635276052083,10.349919319152832,90697864
2012-12-20,10.362486112377987,10.494452476501465,10.356202807798159,10.494452476501465,76288517
2012-12-21,10.313600473972048,10.41477595826094,10.300953631230922,10.370512008666992,72313987
2012-12-24,10.319924621402189,10.376836160101151,10.313601199586738,10.351542472839355,29586100
2012-12-26,10.370512738285703,10.38948300373205,10.313601199586738,10.351542472839355,36545928
2012-12-27,10.370516869905275,10.389487142909388,10.174488488448777,10.313605308532715,54714996
2012-12-28,10.24404468603645,10.313603081055566,10.218750994160429,10.231398582458496,39480386
2012-12-31,10.218748963838896,10.376835991374479,10.193455276988374,10.364189147949219,73574162
2013-01-02,10.623454921771964,10.674043053340259,10.585513637505711,10.667718887329102,86126792
2013-01-03,10.667717150113132,10.686688160336939,10.610806346521764,10.655070304870605,59026942
2013-01-04,10.674040049145828,10.800509228931773,10.648746361660624,10.781538963317871,54822954
2013-01-07,10.762570943637652,10.768894366828524,10.693012546177965,10.756247520446777,44491664
2013-01-08,10.737275292561486,10.743598714599065,10.67404032982575,10.724628448486328,51457154
2013-01-09,10.749925177356735,10.806836734152876,10.674043349081934,10.711984634399414,59736737
2013-01-10,10.800508599661464,10.857420877907147,10.749921227638431,10.844773292541504,75427432
2013-01-11,10.81948184967041,10.825804530124248,10.749923456357715,10.81948184967041,52621188
2013-01-14,10.806833998060014,10.819480842510504,10.724628766771854,10.787863731384277,47142130
2013-01-15,10.737278332352055,10.844777279784466,10.718307318508558,10.832130432128906,51769213
2013-01-16,10.825802845803695,10.85742143967382,10.775216213523178,10.83845043182373,71678176
2013-01-17,10.844777279784466,10.870071717455742,10.80051257062985,10.832130432128906,69721255
2013-01-18,10.825802285672982,10.857420877907147,10.76889149214707,10.844773292541504,70050794
2013-01-22,10.825809655101992,10.945956230163574,10.825809655101992,10.945956230163574,52164733
2013-01-23,10.93962574005127,10.952273325859254,10.882714944534937,10.93962574005127,46065374
2013-01-24,10.971248488344585,11.059777922708696,10.945954788446434,10.996542930603027,82546675
2013-01-25,11.047127723693848,11.053451146751366,10.977569327701081,11.047127723693848,56354565
2013-01-28,11.059773521104828,11.066096201202752,10.958597277058084,11.002861976623535,38270928
2013-01-29,10.977569327701081,11.059774569808884,10.964922481586045,11.047127723693848,46096888
2013-01-30,11.021836630501179,11.040807647785083,10.971248488344585,10.996542930603027,39875044
2013-01-31,10.977568456402425,11.00918556918054,10.93962717870868,10.990215301513672,43701239
2013-02-01,11.047127691900982,11.167273472008121,11.047127691900982,11.135656356811523,71294104
2013-02-04,11.05976912455732,11.085062804334108,10.983887342867254,11.009181022644043,61435148
2013-02-05,11.066096788925137,11.154626192757849,11.047127262903894,11.116684913635254,58311731
2013-02-06,11.053451114940302,11.141979779850843,11.040804268861663,11.135656356811523,36912889
2013-02-07,11.160951487825313,11.173598334693175,11.015511264124667,11.104039192199707,62169070
2013-02-08,11.123009119602472,11.141979388053358,11.097715428334622,11.129332542419434,54945808
2013-02-11,11.129331863409567,11.198889510152382,11.110361596116071,11.179919242858887,34986990
2013-02-12,11.192566069598403,11.281094719979597,11.154624795229353,11.268447875976562,68228421
2013-02-13,11.293745522885006,11.300068947103131,11.198892674892692,11.243157386779785,49634536
2013-02-14,11.19888858157754,11.287417972993273,11.186242480123777,11.281094551086426,38606376
2013-02-15,11.306391367942739,11.312714048824422,11.192568264870653,11.230508804321289,78615969
2013-02-19,11.268447636692708,11.344328699099599,11.255800792958226,11.338006019592285,54735061
2013-02-20,11.331684748253368,11.33800817132067,11.160950840716108,11.16727352142334,67902699
2013-02-21,11.148305203932122,11.148305203932122,11.03448208407379,11.078746795654297,64595863
2013-02-22,11.154626205169116,11.217861175537109,11.135655936766728,11.217861175537109,53303285
2013-02-25,11.28741700858407,11.28741700858407,10.908008014790658,10.914331436157227,88097007
2013-02-26,10.977568023003352,11.002861712227238,10.851098092163966,10.971243858337402,91502446
2013-02-27,10.952274113766718,11.167271952570758,10.945949949227808,11.14197826385498,77002374
2013-02-28,11.141977085208788,11.217858885688983,11.097713134638608,11.123006820678711,76742387
2013-03-01,11.040800711224939,11.186240878984773,10.977565758847645,11.154623031616211,63689232
2013-03-04,11.12300914120403,11.25580250533821,11.110362295545544,11.249478340148926,44648986
2013-03-05,11.319035934797002,11.413888006680679,11.300064926532315,11.344328880310059,81640166
2013-03-06,11.426537865337545,11.464479149517217,11.369626310248105,11.42021369934082,81642628
2013-03-07,11.445503911645936,11.515062288334159,11.445503911645936,11.502414703369141,58971794
2013-03-08,11.571977919962578,11.584624767045883,11.458154811492587,11.534036636352539,75238474
2013-03-11,11.540359074414146,11.641535327160964,11.508741959405805,11.622564315795898,60897570
2013-03-12,11.60991353875983,11.622560380481039,11.527708325212171,11.559326171875,40250869
2013-03-13,11.57197973860073,11.603596861277898,11.534038449027884,11.590950012207031,29836732
2013-03-14,11.635210300489721,11.685798423118287,11.616240032889012,11.666828155517578,82792382
2013-03-15,11.668096109183928,11.718854800278619,11.610993419673306,11.706165313720703,61508885
2013-03-18,11.553888637053692,11.642715777456717,11.528508922036441,11.591957092285156,50767302
2013-03-19,11.642717923838051,11.655407411254563,11.458718121709385,11.528511047363281,80060793
2013-03-20,11.591959102809854,11.630028309507033,11.572924871892798,11.604648590087891,77461167
2013-03-21,11.541201936185507,11.585616637262573,11.465065002441406,11.465065002441406,70564736
2013-03-22,11.528513213849475,11.553892938315043,11.471410509744192,11.534858703613281,54333878
2013-03-25,11.579271664619569,11.610996133291746,11.439686534996875,11.503134727478027,61043567
2013-03-26,11.547547593673011,11.585616805962562,11.503134381675578,11.57927131652832,59791763
2013-03-27,11.496786534194307,11.534855738675679,11.458717329712934,11.52216625213623,39216336
2013-03-28,11.515821022934135,11.560234971683869,11.490442794147642,11.553890228271484,31685325
2013-04-01,11.547544806735049,11.591958008013595,11.458716914451957,11.496786117553711,27318475
2013-04-02,11.528512514118116,11.579271215105196,11.522168514465802,11.566581726074219,49287270
2013-04-03,11.572923527934096,11.572923527934096,11.331821063061321,11.376235008239746,109156340
2013-04-04,11.382580989380916,11.484098383228794,11.382580989380916,11.477753639221191,68118247
2013-04-05,11.293754269878079,11.458718354507266,11.274719293503512,11.439684867858887,73523198
2013-04-08,11.426993870297711,11.560234971683869,11.382579921547975,11.553890228271484,51458508
2013-04-09,11.585615158081055,11.661752082104453,11.54120046267459,11.585615158081055,62398898
2013-04-10,11.630027220548117,11.756923571172885,11.630027220548117,11.744234085083008,82560708
2013-04-11,11.750581148051641,11.833063574011907,11.712512679852992,11.76961612701416,60166233
2013-04-12,11.693473076007004,11.75057575208292,11.655403880426874,11.718852043151855,56836255
2013-04-15,11.699822089637575,11.756926279924613,11.458719563791798,11.471409797668457,88256176
2013-04-16,11.585617567817355,11.661754507676763,11.509479138231489,11.649065017700195,55160987
2013-04-17,11.541198581255131,11.553888811386706,11.338165327231264,11.433337211608887,97644397
2013-04-18,11.426993175309196,11.433337918335694,11.262028366894258,11.312787055969238,75975843
2013-04-19,11.350858162313983,11.477754542175202,11.338168673300496,11.471409797668457,66982034
2013-04-22,11.496786967791953,11.503132456164023,11.369891352748615,11.484097480773926,53919154
2013-04-23,11.572928831524425,11.699824492584705,11.560239339904729,11.693480491638184,92145028
2013-04-24,11.706163139647151,11.782300789717358,11.693473655445931,11.763266563415527,46441322
2013-04-25,11.807684147772964,11.902856804389506,11.782305169935574,11.833063125610352,44356254
2013-04-26,11.814028484997149,11.839408206822855,11.731546809868817,11.782304763793945,29434318
2013-04-29,11.833063125610352,11.852098103851562,11.782305169935574,11.833063125610352,36910920
2013-04-30,11.826715784721701,11.871128983389482,11.775957098524138,11.864784240722656,50558770
2013-05-01,11.84575372025477,11.858443955221183,11.725202819411345,11.731548309326172,49923082
2013-05-02,11.76961568101688,11.852098103851562,11.750580702775672,11.833063125610352,54011356
2013-05-03,11.953611426438494,12.017059598200694,11.940921196195687,11.959956169128418,50393078
2013-05-06,11.991681132214202,12.099543258908989,11.985337133726137,12.08685302734375,29340516
2013-05-07,12.131263894541066,12.188366566691798,12.061470249964566,12.150298118591309,48645304
2013-05-08,12.150302017878461,12.264508143693872,12.112232812697963,12.251818656921387,77939657
2013-05-09,12.258162458412205,12.258162458412205,12.13126685557474,12.162990570068359,46510750
2013-05-10,12.175679730646287,12.213748931884766,12.13761052940781,12.213748931884766,65637289
2013-05-13,12.194715966445202,12.2771983753294,12.162991504650947,12.251818656921387,38763821
2013-05-14,12.277199738407052,12.537336480713844,12.264509505362591,12.461198806762695,42067209
2013-05-15,12.461196145719796,12.607125973505521,12.429471687177971,12.57540225982666,58081658
2013-05-16,12.550027183779211,12.619819375532682,12.461200013047961,12.492923736572266,46165208
2013-05-17,12.550024911003273,12.664231784734605,12.543680167447429,12.657885551452637,59018818
2013-05-20,12.645199539209703,12.74671695372607,12.632510048610971,12.683269500732422,40420254
2013-05-21,12.708645871848434,12.778438055807641,12.676922151866977,12.714990615844727,44609840
2013-05-22,12.74036711383571,12.911676658142195,12.530989112955771,12.581747055053711,118123067
2013-05-23,12.404095927248559,12.569060770808552,12.366026716116089,12.505613327026367,73706248
2013-05-24,12.44216354672308,12.524646707752556,12.385060851205438,12.518301963806152,62105304
2013-05-28,12.689614483348514,12.759406682946757,12.588097066933601,12.645199775695801,58804501
2013-05-29,12.575407576097557,12.70864871960258,12.55002859442547,12.645199775695801,59443390
2013-05-30,12.664235623704764,12.841889986847757,12.638856641788133,12.797476768493652,68429074
2013-05-31,12.765745170956507,12.816504599146402,12.581746154298436,12.588090896606445,73854091
2013-06-03,12.638853300620966,12.651542788224729,12.404094800498989,12.600783348083496,123404549
2013-06-04,12.61981739677003,12.689611067306382,12.454853315446494,12.486577033996582,77242788
2013-06-05,12.461197686209392,12.511956379233471,12.239129428415746,12.283542633056641,108448023
2013-06-06,12.270854199072332,12.461198755600263,12.194717270296906,12.454854011535645,87829880
2013-06-07,12.52464833712588,12.689613190919445,12.486579123631794,12.670578956604004,65529331
2013-06-10,12.734021665154129,12.746711149975162,12.632504296859997,12.676918983459473,81226304
2013-06-11,12.550026980353479,12.600784937169621,12.448510321858009,12.467544555664062,86971873
2013-06-12,12.550024503353834,12.556369246703589,12.308922021474027,12.334300994873047,79029954
2013-06-13,12.327956687302013,12.581747904655288,12.296231481622572,12.569058418273926,85934756
2013-06-14,12.550027221773545,12.581750945393891,12.385062369221346,12.404096603393555,54618855
2013-06-17,12.4992653416757,12.581748496762312,12.454852882113867,12.524645805358887,56877616
2013-06-18,12.537337857994848,12.638855264323924,12.524648368419514,12.60713005065918,42143039
2013-06-19,12.613473202334278,12.626162690306899,12.423130137881872,12.435819625854492,75429279
2013-06-20,12.321613582068569,12.366026792992203,12.118579526113901,12.169338226318359,126575852
2013-06-21,12.269351652169638,12.27572271817715,12.033648385183401,12.180167198181152,105462601
2013-06-24,12.027272798590078,12.090976703932073,11.836161830429292,11.963569641113281,96897057
2013-06-25,12.084610752798536,12.243870189884968,12.052758416661998,12.186535835266113,80205190
2013-06-26,12.301202047671337,12.352165332623031,12.231128559177629,12.307572364807129,82233016
2013-06-27,12.39039044865333,12.485946726201654,12.371279492289887,12.466835021972656,52961682
2013-06-28,12.422240825535827,12.447722096656515,12.320314245322205,12.390388488769531,63374219
2013-07-01,12.479574093469394,12.740760122455409,12.422241231573842,12.428610801696777,73513720
2013-07-02,12.434979666354588,12.56875781616086,12.384016383603312,12.441349983215332,74272877
2013-07-03,12.358539252037026,12.434983827814021,12.320316590215739,12.403131484985352,30829533
2013-07-05,12.543278029000634,12.626092910766602,12.460463147234668,12.626092910766602,46578332
2013-07-08,12.708909896370052,12.766244266897129,12.677058299261262,12.721652030944824,58673522
2013-07-09,12.798092069256878,12.836315470185102,12.708906128065443,12.829943656921387,93151001
2013-07-10,12.791726673015113,12.817207952949994,12.683429737560484,12.753504753112793,71055905
2013-07-11,12.925501923484878,12.925501923484878,12.778983101737188,12.874539375305176,74407918
2013-07-12,12.906390318859309,12.970093500880324,12.874538727848801,12.963723182678223,53045513
2013-07-15,13.046539356446404,13.052909674912863,12.944612765252023,13.021058082580566,32258971
2013-07-16,13.02105872677018,13.059280639459885,12.912761811751576,12.970094680786133,44604916
2013-07-17,12.995577985471998,13.065651494948249,12.963724894524354,13.027429580688477,46074484
2013-07-18,13.065650374184649,13.205798876846464,13.059280055687795,13.199428558349609,57946248
2013-07-19,13.193057512817283,13.205798149108887,13.122982517482509,13.205798149108887,40687012
2013-07-22,13.212169720082397,13.294983863830566,13.19305876383282,13.294983863830566,32787439
2013-07-23,13.3332044943364,13.3332044943364,13.231277919842054,13.2440185546875,37173861
2013-07-24,13.29498398486693,13.29498398486693,13.12298388132376,13.148465156555176,45179670
2013-07-25,13.116610620689233,13.167574655452833,13.040166812139995,13.16120433807373,46240669
2013-07-26,13.097502606092345,13.148465156555176,13.014688461590243,13.148465156555176,37870484
2013-07-29,13.122988149121184,13.122988149121184,13.001950556677562,13.052914619445801,35602736
2013-07-30,13.091129621867781,13.129351526932741,13.008315494227032,13.046537399291992,29564312
2013-07-31,13.052914619445801,13.173952211889425,13.033803656807061,13.052914619445801,56247221
2013-08-01,13.17394763401391,13.275872732668773,13.161206996682051,13.263132095336914,41956665
2013-08-02,13.250392185561925,13.269503142609063,13.212170271467651,13.256762504577637,38756558
2013-08-05,13.244020009413823,13.275871600026022,13.205798100679186,13.231279373168945,25892854
2013-08-06,13.205800079186137,13.218540717339831,13.097503159148552,13.110243797302246,31125712
2013-08-07,13.052909674912863,13.059279993379322,12.957353402184941,13.021058082580566,47522016
2013-08-08,13.091136544723284,13.129358470000765,12.957358310520499,13.052914619445801,53167013
2013-08-09,13.021057630203662,13.084760812655082,12.98283572073281,13.008316993713379,25617110
2013-08-12,12.950978507331932,12.995572216570448,12.912756610039352,12.957348823547363,33403185
2013-08-13,12.989204994517237,13.059279993379322,12.893650217520348,13.021058082580566,37451082
2013-08-14,13.001946274694221,13.065650958241502,12.963724362004516,12.970094680786133,37419446
2013-08-15,12.874541311436706,12.874541311436706,12.734392787135313,12.778985023498535,76359915
2013-08-16,12.753504753112793,12.842689232884874,12.728023473177913,12.753504753112793,40227972
2013-08-19,12.728018120600931,12.740758755210488,12.581499326860261,12.587869644165039,47041926
2013-08-20,12.613353303377174,12.740761169344902,12.562390755282502,12.708908081054688,52458696
2013-08-21,12.651572043560522,12.759868926850091,12.562387606747309,12.619720458984375,57591843
2013-08-22,12.670686703524764,12.785353937297264,12.657946065964609,12.766242980957031,39774718
2013-08-23,12.791725662459454,12.804466301420375,12.715281828693932,12.778985023498535,31125096
2013-08-26,12.798096464472065,12.82994806307528,12.696169853210449,12.696169853210449,36845430
2013-08-27,12.54327761122453,12.587870583551169,12.364907217648843,12.390388488769531,89691891
2013-08-28,12.358538731757914,12.492316172836606,12.326687138135737,12.409502029418945,63150423
2013-08-29,12.384016383603312,12.524164102404999,12.371275749881825,12.441349983215332,33458334
2013-08-30,12.447722827417236,12.473204847899316,12.345796241219873,12.384018898010254,32457777
2013-09-03,12.530537929454564,12.600612178235751,12.415870704952441,12.485945701599121,52539203
2013-09-04,12.498687070589879,12.638834828499842,12.466834729532428,12.581501960754395,38645768
2013-09-05,12.606980550943126,12.689796171339507,12.58149928181524,12.613350868225098,37273449
2013-09-06,12.683424358326782,12.689796171339507,12.47320314015635,12.613350868225098,48118067
2013-09-09,12.664315214248616,12.759871482849121,12.632463623292104,12.759871482849121,40325837
2013-09-10,12.861798188556506,12.931871689308707,12.855426374575323,12.912760734558105,45371583
2013-09-11,12.887278010877976,12.931870233609773,12.855424927481593,12.92549991607666,39921576
2013-09-12,12.912759280579921,12.931870233178627,12.817203021855583,12.829943656921387,42265400
2013-09-13,12.849056923381719,12.887278831012811,12.810833520019719,12.868167877197266,36197555
2013-09-16,13.021057630203662,13.065649857919656,12.98283572073281,13.008316993713379,48338416
2013-09-17,13.02742830177527,13.072020530700684,13.001945532372584,13.072020530700684,42906382
2013-09-18,13.046538028084493,13.263130329622323,13.008316121177385,13.186686515808105,62847843
2013-09-19,13.244022902505982,13.256763541533992,13.110244696980603,13.135725975036621,49697070
2013-09-20,13.168344234675812,13.17473967741312,13.046830822666985,13.066017150878906,54032652
2013-09-23,12.989263868126987,13.002054747232116,12.86135357544631,12.880539894104004,62269273
2013-09-24,12.867751275660227,12.912520862022877,12.78461054687037,12.797401428222656,49559198
2013-09-25,12.816588546607136,12.906124721636447,12.752634135871913,12.867752075195312,48181217
2013-09-26,12.886939900045622,12.950894310780845,12.810193105533614,12.867752075195312,35533800
2013-09-27,12.791006537005904,12.854960946514604,12.765424773202426,12.822983741760254,60591420
2013-09-30,12.66949360920278,12.79740394955607,12.656702725330446,12.733448028564453,49069260
2013-10-01,12.752633891300686,12.848565505563734,12.739843009398946,12.822983741760254,50421391
2013-10-02,12.733447114636068,12.829380238423033,12.70146990725036,12.81658935546875,46893960
2013-10-03,12.784608478304159,12.803794797228218,12.618325545999591,12.72065258026123,57469112
2013-10-04,12.727050625867493,12.829379182711124,12.714259743965753,12.822983741760254,36588767
2013-10-07,12.714256883899484,12.759024960485014,12.663093367801736,12.675884246826172,35878480
2013-10-08,12.675886356375713,12.695072678105399,12.496812518602344,12.515998840332031,90449818
2013-10-09,12.54798105664042,12.611936234946743,12.458444107337595,12.560771942138672,96983596
2013-10-10,12.727049533281907,12.925311188998029,12.72065409288007,12.918915748596191,94071174
2013-10-11,12.886936504332756,13.00205441332254,12.84856236637348,12.989263534545898,47829520
2013-10-14,12.906121280774643,13.07240570761312,12.886936464298625,13.053217887878418,45458737
2013-10-15,13.05322227216214,13.091596422891218,12.931708883347909,12.957290649414062,57169733
2013-10-16,13.046827647785564,13.245087826026564,13.04043070497479,13.232296943664551,92827371
2013-10-17,13.14276122776865,13.366604705784194,13.14276122776865,13.347416877746582,65763713
2013-10-18,13.385788165467975,13.404974487766619,13.289855052345089,13.372997283935547,51511564
2013-10-21,13.379395590055941,13.404977358599433,13.334625993474836,13.347416877746582,35925381
2013-10-22,13.404974487766619,13.456138013896334,13.353810961636905,13.372997283935547,38892953
2013-10-23,13.309042686945705,13.328229011136164,13.232297390183872,13.264274597167969,44094297
2013-10-24,13.309043337577625,13.309043337577625,13.219507153645047,13.283461570739746,34263777
2013-10-25,13.296252896369936,13.341022491455078,13.264275686759076,13.341022491455078,34527334
2013-10-28,13.334624696658647,13.341021639802399,13.283461164547408,13.309042930603027,26414798
2013-10-29,13.334625993474836,13.360207762018328,13.302648782795471,13.347416877746582,27109328
2013-10-30,13.366600733867971,13.38578705457433,13.251481308000264,13.296249389648438,43636119
2013-10-31,13.277066810749469,13.289857694825164,13.149156468362541,13.155551910400391,60161063
2013-11-01,13.155551401277778,13.206716437230433,13.117178750535722,13.187528610229492,41068991
2013-11-04,13.206715786820384,13.219506669771139,13.155550753387528,13.193924903869629,23064878
2013-11-05,13.149152202050962,13.174733961902216,13.104384122311266,13.123570442199707,31916014
2013-11-06,13.187528610229492,13.219507320811118,13.155551401277778,13.187528610229492,35278244
2013-11-07,13.225903759147306,13.245090085963986,13.034038989350474,13.040432929992676,55046504
2013-11-08,13.053223100067527,13.341022491455078,13.040432216223184,13.341022491455078,78709894
2013-11-11,13.341022937240702,13.373000147920067,13.289857898523724,13.347416877746582,28828050
2013-11-12,13.315433079942212,13.32822395788633,13.181127359899724,13.219501495361328,35299294
2013-11-13,13.161946814545656,13.385790279982402,13.142760489216206,13.334625244140625,52414257
2013-11-14,13.334623829480345,13.45613871197202,13.302646623990363,13.449743270874023,43016187
2013-11-15,13.462538300077815,13.526494232388547,13.436956527805608,13.513703346252441,45884171
2013-11-18,13.564864671414417,13.60323732354448,13.47532698148097,13.507304191589355,52683107
2013-11-19,13.513702187470464,13.596842940225931,13.488120417391858,13.526493072509766,35699492
2013-11-20,13.558469944991955,13.59684259914728,13.443350480895937,13.488120079040527,39271362
2013-11-21,13.526491040000309,13.699169463714076,13.520095598441646,13.679983139038086,45735589
2013-11-22,13.692776810505478,13.750335796254562,13.667195039061442,13.743940353393555,34106702
2013-11-25,13.788706233267439,13.820683442423757,13.737542698617329,13.763124465942383,34048598
2013-11-26,13.769520111788806,13.820683647196978,13.743938344084722,13.750333786010742,34307478
2013-11-27,13.782304664771475,13.807887922353894,13.750327469830019,13.788700103759766,19686029
2013-11-29,13.839872640822422,13.839872640822422,13.731148617288484,13.737544059753418,14792804
2013-12-02,13.756726668034068,13.833471956865274,13.692772260674728,13.731144905090332,37823829
2013-12-03,13.660796877594443,13.692774085535774,13.520095661022724,13.590445518493652,34143508
2013-12-04,13.532882249802318,13.686372799213467,13.507298989937739,13.622418403625488,53872745
2013-12-05,13.564861042005687,13.596838243558267,13.481718816339418,13.494509696960449,45227309
2013-12-06,13.654399871173576,13.718355788390065,13.590445455586943,13.679983139038086,37371314
2013-12-09,13.724753174823549,13.769521272078086,13.711962289893682,13.737544059753418,27234152
2013-12-10,13.705567262283891,13.769521688869068,13.686379432678223,13.686379432678223,37960839
2013-12-11,13.692770692332475,13.699166132335888,13.475322728957442,13.500905990600586,79264090
2013-12-12,13.494509048967682,13.564860390634719,13.468927288954029,13.500905990600586,48718056
2013-12-13,13.545680561592702,13.577657776932963,13.481724629281972,13.513703346252441,89187304
2013-12-16,13.571256236657526,13.628815198410271,13.571256236657526,13.596837997436523,84071637
2013-12-17,13.596841881522803,13.596841881522803,13.494513307546002,13.507304191589355,33255096
2013-12-18,13.552072484909901,13.833473408448816,13.430557596546608,13.820682525634766,122031246
2013-12-19,13.801491737365723,13.839865875025701,13.756723661996638,13.801491737365723,56205614
2013-12-20,13.827841033283987,13.924225256378632,13.821415518990401,13.88567066192627,81181865
2013-12-23,13.94992733001709,13.982054901522941,13.930650787113578,13.94992733001709,36429968
2013-12-24,13.975631713867188,13.98205722923807,13.937078621641893,13.975631713867188,9107923
2013-12-26,14.020602887429956,14.020602887429956,13.975624303682419,14.007753372192383,18352240
2013-12-27,14.014182357842419,14.020607872090777,13.975629272352274,14.001331329345703,14700479
2013-12-30,14.001333775350716,14.027035836834244,13.956355167754539,13.975631713867188,19989840
2013-12-31,14.001324218514855,14.052729815085264,13.994898707529812,14.046302795410156,22770053
2014-01-02,14.020609020847502,14.033460050397146,13.930651813999994,13.969204902648926,43679450
2014-01-03,13.988476523887606,14.110562770333308,13.982051011374171,14.065584182739258,30349074
2014-01-06,14.13627030124111,14.174823391269362,14.052738606179895,14.07844066619873,42798546
2014-01-07,14.155544315133271,14.155544315133271,14.03988506572929,14.084863662719727,58506229
2014-01-08,14.110562406438259,14.149115480524634,14.072009332351884,14.129838943481445,44270453
2014-01-09,14.17482124347622,14.200524808291416,14.09128956107187,14.181246757507324,35872817
2014-01-10,14.174821777499714,14.194098320319251,14.091290091948382,14.155545234680176,44795967
2014-01-13,14.136270339171279,14.161972399259078,13.917801319733979,13.943503379821777,52459804
2014-01-14,14.02061000221944,14.078441147931681,13.949929334749109,14.059163093566895,38581263
2014-01-15,14.123422754563673,14.239083561865456,14.116997237974207,14.226232528686523,75928326
2014-01-16,14.187671366895183,14.194095371142778,14.104138190009111,14.136265754699707,57911287
2014-01-17,14.155540828296653,14.181242877388751,14.059156635510917,14.091285705566406,70660016
2014-01-21,14.168391588511456,14.181242612817751,14.02060330029872,14.10413646697998,51099056
2014-01-22,14.129843636340897,14.142694665304491,14.07201400600473,14.110567092895508,22301904
2014-01-23,14.046310645728434,14.05273766899553,13.814990612294762,13.879245758056641,64648058
2014-01-24,13.808561175730292,13.808561175730292,13.564390182495117,13.564390182495117,86803719
2014-01-27,13.583669490139512,13.647924630751387,13.403753587735476,13.480859756469727,79350014
2014-01-28,13.551540503334694,13.673625257736131,13.538687967864966,13.660774230957031,43538500
2014-01-29,13.512984539876292,13.63507079055074,13.468005950724304,13.500133514404297,79334380
2014-01-30,13.622225708764148,13.718608441858093,13.577247099986973,13.692906379699707,56607904
2014-01-31,13.487286108250643,13.660776507369293,13.461584050409492,13.532264709472656,65974214
2014-02-03,13.519414752957987,13.551543836498896,13.172433927196989,13.191710472106934,129496030
2014-02-04,13.255966753069622,13.390902563597296,13.210986640869439,13.320221900939941,67895066
2014-02-05,13.300946577823686,13.352350700839683,13.210987853854594,13.307372093200684,58062823
2014-02-06,13.333068414035189,13.519409788428309,13.326642901424751,13.512984275817871,49232368
2014-02-07,13.57081655903168,13.692902831337861,13.525837961910204,13.680051803588867,63056129
2014-02-10,13.686480864160112,13.705757410778901,13.615800193224551,13.692906379699707,53244320
2014-02-11,13.737880159272072,13.872817432042158,13.673623524829422,13.834262847900391,46243500
2014-02-12,13.853539385626055,13.898517973652604,13.782858747298622,13.834262847900391,47764154
2014-02-13,13.712181775999422,13.892097684910699,13.712181775999422,13.88567066192627,39783458
2014-02-14,13.866391739373631,13.917797353591226,13.840689686610125,13.904946327209473,37421046
2014-02-18,13.917796824143734,13.956349901822396,13.866391211881663,13.930647850036621,26168844
2014-02-19,13.885666537973579,13.969199707672242,13.731454240727542,13.737879753112793,78908823
2014-02-20,13.750732288176147,13.808563421030671,13.673626122624414,13.776435852050781,39164019
2014-02-21,13.802142143249512,13.853546269393771,13.750736508414063,13.802142143249512,53100785
2014-02-24,13.80856212065574,13.975626972309115,13.802136607464863,13.904946327209473,51914224
2014-02-25,13.898523992828535,13.904951016877611,13.789290231742791,13.821417808532715,49380703
2014-02-26,13.853546269393771,13.866397300929837,13.731461469801154,13.802142143249512,52231699
2014-02-27,13.782867832193606,13.879250584352041,13.73788921451967,13.87282657623291,47711837
2014-02-28,13.879246720911269,14.020609560085173,13.85354466082347,13.943503379821777,69264062
2014-03-03,13.814986310174728,13.853539385626055,13.744305671847293,13.834262847900391,61089483
2014-03-04,13.994902881920492,14.116989135742186,13.969200830313929,14.116989135742188,61500268
2014-03-05,14.123415337782747,14.264778137207031,14.091287771706908,14.264778137207031,58700112
2014-03-06,14.264776737225519,14.341882888240141,14.258351224640968,14.309755325317383,53457898
2014-03-07,14.399720731463423,14.451124856133434,14.31618752018351,14.374018669128418,81544764
2014-03-10,14.341883265739584,14.457544003996317,14.290479163710138,14.380437850952148,29071542
2014-03-11,14.399716464766769,14.412567492126458,14.251928141439643,14.284055709838867,55578050
2014-03-12,14.194100387255025,14.264782563243527,14.155547296001872,14.258357048034668,39319248
2014-03-13,14.303336242660265,14.322612789079505,14.065590661465164,14.097718238830566,70116160
2014-03-14,14.046304935285692,14.161965659326793,13.994900839574221,14.007753372192383,54433958
2014-03-17,14.123417663314278,14.20694934886561,14.11056663476792,14.155545234680176,46338656
2014-03-18,14.194103437047808,14.239083561865456,14.168401370689942,14.226232528686523,44158186
2014-03-19,14.239084175415906,14.322615894678288,14.116997846264058,14.219807624816895,69971394
2014-03-20,14.194097414670921,14.476823042033296,14.194097414670921,14.444695472717285,112214267
2014-03-21,14.543374204194288,14.60786899287088,14.42728631028419,14.446634292602539,82702027
2014-03-24,14.491776340141913,14.530472296115047,14.356338979954188,14.440181732177734,68496287
2014-03-25,14.485331051884867,14.511128363057871,14.356342981737663,14.427287101745605,42096507
2014-03-26,14.511128969438747,14.517578297501499,14.278951644897461,14.278951644897461,62505872
2014-03-27,14.246698625750916,14.31119339863886,14.124161434399099,14.201553344726562,81009033
2014-03-28,14.240255123862394,14.349893696674137,14.208006970517934,14.259601593017578,48922771
2014-03-31,14.362794609107855,14.453086726951907,14.349895951456194,14.407939910888672,41048557
2014-04-01,14.446627820853539,14.478874443605061,14.395031710169688,14.43372917175293,51651775
2014-04-02,14.446631597402099,14.498226207292076,14.42083429245711,14.46597957611084,44565278
2014-04-03,14.478877688150869,14.498225666137435,14.395034935927322,14.440181732177734,46626833
2014-04-04,14.517570713904618,14.549818851655036,14.285393510646593,14.29829216003418,60202301
2014-04-07,14.285401074548966,14.29185040265758,14.066120890291559,14.079019546508789,72897112
2014-04-08,14.091909391520662,14.130605331818888,13.982269379727885,14.098357200622559,56290676
2014-04-09,14.143506732568882,14.233797277512528,14.072562647260295,14.220898628234863,44907126
2014-04-10,14.233799363056457,14.233799363056457,13.885532752968455,13.891982078552246,94458692
2014-04-11,13.730752573546646,13.891987287884188,13.66625929352452,13.724303245544434,98050873
2014-04-14,13.885536076676019,13.904884058058613,13.69205474856804,13.833941459655762,69247689
2014-04-15,13.866186965592602,13.9887256853143,13.762997739959086,13.962926864624023,103855038
2014-04-16,14.02742265030796,14.079017266822635,13.943581398471613,14.072567939758301,49363100
2014-04-17,14.091909391520662,14.130605331818888,14.027414643409147,14.098357200622559,58956037
2014-04-21,14.104816835059996,14.117715489870596,14.053220701535514,14.085467338562012,37683618
2014-04-22,14.104810445368461,14.220898286074314,14.053214335217794,14.182202339172363,33032777
2014-04-23,14.169311262714913,14.227355214088288,14.149963278923789,14.214456558227539,32197667
2014-04-24,14.278948103178418,14.278948103178418,14.149960059635065,14.208003997802734,36918798
2014-04-25,14.175757328088325,14.188655980980444,14.06611726422345,14.091916084289551,35205738
2014-04-28,14.091921364631395,14.130617337807404,13.872641154735813,14.008078575134277,54068967
2014-04-29,14.040314399869994,14.149954420328315,14.027415752084458,14.143505096435547,34182162
2014-04-30,14.10481407405274,14.195104640052621,14.091915421767045,14.162858009338379,46774307
2014-05-01,14.162855691898301,14.208000967511209,14.117710416285393,14.188652992248535,33615533
2014-05-02,14.19510098813968,14.311190343126933,14.149955716754071,14.182202339172363,34600209
2014-05-05,14.053218568975502,14.137061326803439,14.001623957562529,14.124162673950195,23206197
2014-05-06,14.085470472285255,14.085470472285255,13.924237251281738,13.924237251281738,73906286
2014-05-07,13.995175393146532,14.124163442983974,13.956479432479881,14.111263275146484,50411420
2014-05-08,14.091919427122741,14.227355314617595,14.091919427122741,14.14996337890625,35858291
2014-05-09,14.143505096435547,14.162853068113852,14.053213047655531,14.143505096435547,29373014
2014-05-12,14.214455321606305,14.291848764319983,14.182208684759805,14.285399436950684,25643084
2014-05-13,14.291851839114727,14.330547811655702,14.253155866573751,14.272503852844238,28989311
2014-05-14,14.259594438113096,14.272494601547393,14.143506595737218,14.169303894042969,31432723
2014-05-15,14.104820022356732,14.124168008944736,13.904887799049154,14.008078575134277,49008449
2014-05-16,14.014524250605424,14.027422904968262,13.917782828602112,14.027422904968262,41206002
2014-05-19,13.988718703110923,14.111255847388634,13.982269379727885,14.098357200622559,24674780
2014-05-20,14.072567447714066,14.104815596190196,13.962927377171916,14.014523506164551,24000561
2014-05-21,14.06611420385719,14.162855593781908,14.059666393095842,14.104811668395996,39055814
2014-05-22,14.124158622007904,14.195101192348719,14.085461160267856,14.169303894042969,22555244
2014-05-23,14.188659246506038,14.220905886157913,14.156412606854163,14.214456558227539,20383390
2014-05-27,14.246698282291641,14.395034287791589,14.246698282291641,14.336990356445312,28444963
2014-05-28,14.304746046784548,14.349891334038798,14.27894873978212,14.311195373535156,40448075
2014-05-29,14.343441963195801,14.356340616657365,14.278948695887985,14.343441963195801,18361350
2014-05-30,14.311193386954249,14.388586811500248,14.304744061098893,14.375686645507812,33521607
2014-06-02,14.38858753719642,14.427283494280209,14.317643434927673,14.414384841918945,24982776
2014-06-03,14.375683736518774,14.43372917175293,14.349886438317556,14.43372917175293,19306758
2014-06-04,14.388592773027266,14.485332700939203,14.388592773027266,14.472434043884277,24081684
2014-06-05,14.498229066335414,14.614318475762447,14.433735791254902,14.607869148254395,38203470
2014-06-06,14.646562120501311,14.72395554906587,14.620764815740392,14.704606056213379,36753598
2014-06-09,14.711059105803569,14.788451031708053,14.698160451486155,14.769103050231934,39739634
2014-06-10,14.730401006302635,14.76264762878418,14.704602194035997,14.76264762878418,26550947
2014-06-11,14.7046047672259,14.71105560713246,14.620763534102332,14.665908813476562,25320439
2014-06-12,14.659459020673825,14.665908346093184,14.549820488544734,14.575617790222168,36993766
2014-06-13,14.614314117547837,14.646560745471648,14.536920696249027,14.582067489624023,34428485
2014-06-16,14.556266067215276,14.556266067215276,14.472424849622188,14.511120796203613,41736316
2014-06-17,14.491775137821392,14.672357764995606,14.485325812360943,14.659459114074707,30098442
2014-06-18,14.653015010740717,14.769104424683054,14.594971060910632,14.743307113647461,38125793
2014-06-19,14.749751503143203,14.762650154342492,14.672358081665816,14.723954200744629,28443117
2014-06-20,14.788707136871084,14.801656841521453,14.736906797994349,14.782232284545898,30669011
2014-06-23,14.782224791953858,14.827548735257031,14.730424479332887,14.81459903717041,23893956
2014-06-24,14.782224948833731,14.846973439953993,14.698050390102887,14.717474937438965,27761266
2014-06-25,14.646259426921713,14.74985706809619,14.633309721774902,14.730432510375977,31616881
2014-06-26,14.711005085414559,14.73042963934884,14.56855683628814,14.678630828857422,32902784
2014-06-27,14.633306525739211,14.736904144287109,14.633306525739211,14.736904144287109,22087464
2014-06-30,14.704526790336583,14.749850738901809,14.685102240951487,14.72395133972168,45984497
2014-07-01,14.756325395780616,14.879347527603514,14.756325395780616,14.81459903717041,34924332
2014-07-02,14.808131575295809,14.859930393482594,14.795181870749113,14.801656723022461,21714471
2014-07-03,14.905248887038764,14.937623133217487,14.87287312058551,14.918198585510254,27225904
2014-07-07,14.898771856763615,14.898771856763615,14.808123971483454,14.853447914123535,30418995
2014-07-08,14.82755045671686,14.840500156306925,14.69157709074652,14.72395133972168,42234379
2014-07-09,14.743379477259545,14.775753734113753,14.711005220405337,14.76280403137207,23890756
2014-07-10,14.600932751916877,14.711006756993626,14.542659083492525,14.665682792663574,31814580
2014-07-11,14.646255861744464,14.704529520720191,14.575030980499184,14.691579818725586,26102370
2014-07-14,14.834031103147376,14.84050595547256,14.762806207295087,14.782232284545898,26266093
2014-07-15,14.859928612199687,14.918203795949529,14.808129800222105,14.885828018188477,36321394
2014-07-16,14.898771501823596,14.918197568481014,14.814598467497309,14.859922409057617,32831509
2014-07-17,14.788706501834623,14.853455022306125,14.652733088569272,14.665682792663574,42034342
2014-07-18,14.711004553276528,14.846977946172982,14.711004553276528,14.834028244018555,25827980
2014-07-21,14.756326455318847,14.814600100892822,14.730425537011373,14.795175552368164,18265332
2014-07-22,14.834025028256109,14.866399276623996,14.8081256295618,14.840499877929688,15999553
2014-07-23,14.846981525116901,14.898780346220992,14.821082114564854,14.872880935668945,17625827
2014-07-24,14.911729603530519,14.931155681136302,14.879355341313023,14.905256271362305,25123971
2014-07-25,14.846975793681443,14.892299744650943,14.808126692850442,14.821076393127441,44700318
2014-07-28,14.808132052661193,14.866405724999879,14.730432302600985,14.827556610107422,51911024
2014-07-29,14.846979337035668,14.88582844713833,14.74338018982013,14.749855041503906,34997453
2014-07-30,14.808124188127099,14.872872678560203,14.723949630289576,14.81459903717041,49021005
2014-07-31,14.711006352039648,14.749855463253141,14.503809571959209,14.510284423828125,61818850
2014-08-01,14.47143598919247,14.529709658737154,14.322512868969719,14.387261390686035,61016238
2014-08-04,14.439060837753042,14.523235439930369,14.374312313213013,14.503810882568359,32232135
2014-08-05,14.43257948105334,14.477904948080088,14.296607640796909,14.354881286621094,49123055
2014-08-06,14.309563639586299,14.49086102668479,14.309563639586299,14.413161277770996,45635509
2014-08-07,14.477907230445416,14.510281483229148,14.309559595695166,14.348408699035645,49004387
2014-08-08,14.341930263774023,14.497328158569733,14.309556019082097,14.490853309631348,62985100
2014-08-11,14.516760587476366,14.568559407108388,14.490861177660355,14.503810882568359,28040580
2014-08-12,14.458486085922514,14.575033423408371,14.458486085922514,14.536184310913086,27079046
2014-08-13,14.568554056200368,14.633304077233543,14.555604356048677,14.60092830657959,27864301
2014-08-14,14.620356457755252,14.691579818725586,14.613880086483002,14.691579818725586,26959269
2014-08-15,14.756328989376586,14.756328989376586,14.536181027742618,14.620355606079102,48988876
2014-08-18,14.691582831718057,14.795181989196269,14.685107979392873,14.782232284545898,30915826
2014-08-19,14.814602253708404,14.846976505954034,14.795177702361025,14.808127403259277,24872847
2014-08-20,14.782227776705612,14.898775083017833,14.762801705378781,14.846976280212402,32671479
2014-08-21,14.879353690320954,15.047701355447597,14.853454283420721,15.021801948547363,46030414
2014-08-22,15.021803855777453,15.060652971060248,14.950580477758994,14.970005035400391,30347351
2014-08-25,15.041225474315581,15.144824615101411,15.041225474315581,15.09950065612793,33893123
2014-08-26,15.086550127979447,15.177198040965866,15.080075277051845,15.131874084472656,17016729
2014-08-27,15.170724020229116,15.170724020229116,15.073599730725212,15.09950065612793,21784145
2014-08-28,15.028271211252271,15.073595156471688,14.995896964666972,15.054170608520508,25850015
2014-08-29,15.099497329094611,15.144821278081384,15.060646709688413,15.125396728515625,28003280
2014-09-02,15.170723203101909,15.196622606834616,15.099499842836963,15.183672904968262,36352415
2014-09-03,15.241949515545942,15.25489769835378,15.12540066752465,15.157774925231934,24151728
2014-09-04,15.170728683471678,15.267851482554585,15.118929857294129,15.17072868347168,31148855
2014-09-05,15.15130210015486,15.196626067007069,15.060652646175162,15.190151214599609,30005256
2014-09-08,15.177201152768244,15.254899379830034,15.144826891492498,15.196625709533691,26755908
2014-09-09,15.164252973544212,15.164252973544212,15.015329836421204,15.041229248046875,38428619
2014-09-10,15.047704956679695,15.138354422799956,15.047704956679695,15.118929862976074,38567107
2014-09-11,15.067127003651541,15.170724628314845,15.054175780293553,15.157774925231934,36650440
2014-09-12,15.157771821097469,15.216046993311577,15.086548468727157,15.144822120666504,42971009
2014-09-15,15.14482629242872,15.17720055242388,15.093027476436461,15.138351440429688,25694294
2014-09-16,15.099500676468764,15.235472553572382,15.093025825178115,15.203098297119141,39350392
2014-09-17,15.235469949215101,15.352018772798887,15.183671147744422,15.267844200134277,54889305
2014-09-18,15.345547566125765,15.45562156566071,15.326123010962265,15.416770935058594,63655749
2014-09-19,15.499991253277498,15.525997696438621,15.337449456962418,15.376459121704102,62190612
2014-09-22,15.343947742324335,15.382957398611623,15.252923684429598,15.272428512573242,39775087
2014-09-23,15.239923824677145,15.317943154447851,15.161904494906441,15.168404579162598,39927485
2014-09-24,15.200919643246438,15.259434161682513,15.135901985092181,15.252932548522949,44279193
2014-09-25,15.200917310149771,15.226923758796454,14.99936580657959,14.99936580657959,66656804
2014-09-26,15.044875045855592,15.181410409242501,15.018868600745359,15.142400741577148,49182020
2014-09-29,14.992862221096848,15.122894447215765,14.986359083232717,15.090386390686035,47184969
2014-09-30,15.122890363332253,15.15539993764107,15.031867829629327,15.064375877380371,40730589
2014-10-01,15.031868493613862,15.064376542800845,14.85632350144631,14.882329940795898,63257889
2014-10-02,14.888825277497967,14.979849303428045,14.784798037371763,14.921333312988281,69509769
2014-10-03,15.057884942224078,15.161912295329213,15.005872028950938,15.135904312133789,62092379
2014-10-06,15.239924977280975,15.239924977280975,15.070881556768198,15.090386390686035,40801003
2014-10-07,15.051376830159253,15.051376830159253,14.830320517622887,14.836820602416992,63099706
2014-10-08,14.84331920107566,15.116388320922852,14.79780640896969,15.116388320922852,72327897
2014-10-09,15.103388359967949,15.103388359967949,14.784806379297237,14.797809600830078,110277904
2014-10-10,14.76530230876496,14.934345723971184,14.674278226780933,14.680781364440918,76225243
2014-10-13,14.687276893821116,14.778300947574625,14.537739884856508,14.550743103027344,70603882
2014-10-14,14.589760489860133,14.726295879572959,14.544249202142016,14.609265327453613,78074944
2014-10-15,14.401214021371832,14.472731768260195,14.011112640486592,14.329694747924805,134405258
2014-10-16,14.082631913933618,14.440223701492757,14.069628687226643,14.329694747924805,101397347
2014-10-17,14.518241915875743,14.583258037442899,14.414214594809909,14.511738777160645,65796704
2014-10-20,14.479227642914601,14.609261385005425,14.479227642914601,14.596258163452148,60934746
2014-10-21,14.726289649758115,14.888831420833849,14.687278464515991,14.869326591491699,62988547
2014-10-22,14.895337535566986,14.908340759061119,14.732795715332031,14.732795715332031,56880817
2014-10-23,14.901835183050856,14.973352893243078,14.849822302911058,14.875828742980957,99572513
2014-10-24,14.901841702971202,15.025373873909452,14.875835251522846,15.018872261047363,32770205
2014-10-27,14.966856220652812,15.044875558642714,14.940848248097948,15.038373947143555,27325984
2014-10-28,15.077385086865309,15.207418856090881,15.077385086865309,15.20091724395752,44604546
2014-10-29,15.226920255840902,15.265929919836747,15.122892958627281,15.239923477172852,55631844
2014-10-30,15.226923829746699,15.395967273296188,15.181412544402942,15.32444953918457,41918628
2014-10-31,15.499992370605469,15.519497204382331,15.434974731457757,15.499992370605469,46879927
2014-11-03,15.538999274306635,15.597513765229507,15.493488003588842,15.558504104614258,60885014
2014-11-04,15.499989203125937,15.571506912359526,15.441474713753001,15.565005302429199,36701526
2014-11-05,15.701547790718738,15.701547790718738,15.578017145765363,15.669039726257324,30312760
2014-11-06,15.643029718853304,15.701544221582852,15.597516912394337,15.695042610168457,33192561
2014-11-07,15.701542854309082,15.740552519398525,15.623523524130192,15.701542854309082,35459694
2014-11-10,15.701539789513381,15.786062240600586,15.682034960775823,15.786062240600586,37733474
2014-11-11,15.792564290558664,15.805569037894536,15.734049797058105,15.734049797058105,47698542
2014-11-12,15.68203802176436,15.721047686853804,15.643028356674915,15.701542854309082,23048629
2014-11-13,15.71454744441164,15.747055501483612,15.630024969466307,15.695042610168457,36133543
2014-11-14,15.688545273625081,15.721053339554967,15.62352914176531,15.643033981323242,14073777
2014-11-17,15.597521162462778,15.662538820881172,15.584517936090823,15.643033981323242,19907978
2014-11-18,15.636528107438911,15.747055501483612,15.630024969466307,15.695042610168457,15630130
2014-11-19,15.669038233366582,15.688543070185078,15.597518971807018,15.66253662109375,27164231
2014-11-20,15.584515747261353,15.682041457912247,15.558509298170025,15.66253662109375,19798912
2014-11-21,15.838079553458387,15.838079553458387,15.72104902169516,15.740553855895996,25110061
2014-11-24,15.792566234258242,15.883590317464483,15.786066149627249,15.84458065032959,23038411
2014-11-25,15.877087622568697,15.877087622568697,15.779561934830022,15.831576347351074,28864242
2014-11-26,15.831576062584928,15.857582505098643,15.81207123069964,15.851080894470215,10769280
2014-11-28,15.864090919494629,15.935610193638452,15.844586079244134,15.864090919494629,9621496
2014-12-01,15.779558874766794,15.825071667716367,15.714542779921343,15.753552436828613,33654309
2014-12-02,15.740554382037367,15.916099422270847,15.740554382037367,15.903096199035645,26767603
2014-12-03,15.916090515606014,15.987609729935636,15.883582475709551,15.974606513977051,17814417
2014-12-04,15.955109024682031,16.013623523395069,15.890091388442771,15.994118690490723,20925400
2014-12-05,16.078643308885429,16.195673859624478,16.059138471521994,16.13715934753418,37209929
2014-12-08,16.117651460299012,16.299698101134961,16.111149849074806,16.215175628662109,52915889
2014-12-09,16.007117447797597,16.17616081237793,15.961606183714574,16.17616081237793,55516992
2014-12-10,16.130657643577958,16.182670542918736,15.942107830350757,15.96811580657959,63708559
2014-12-11,16.01361983456809,16.150155160004942,15.981111787215923,16.007118225097656,71819494
2014-12-12,15.883590867744099,15.981116565518221,15.675537775925276,15.695042610168457,48320689
2014-12-15,15.786065865866279,15.812072310155399,15.473985481280593,15.552004814147949,45935750
2014-12-16,15.467482886993507,15.714547169535296,15.395965162686148,15.402466773986816,45497391
2014-12-17,15.473981702435415,15.76005404631316,15.441473655012688,15.753552436828613,53873361
2014-12-18,15.994122634996961,16.130658025558155,15.90960014500823,16.117654800415039,46183796
2014-12-19,16.167321385247664,16.213065178063005,16.075832265259727,16.128110885620117,49107421
2014-12-22,16.173850797912372,16.239200592041016,16.134641842049316,16.239200592041016,19475282
2014-12-23,16.298014718280097,16.389503820204489,16.265340587006008,16.330690383911133,22928360
2014-12-24,16.382969998111349,16.382969998111349,16.298015717234669,16.30455207824707,9773278
2014-12-26,16.356830691489922,16.36336551814528,16.298015717234669,16.30455207824707,18149002
2014-12-29,16.291474850379792,16.428707693619106,16.25880072921721,16.363359451293945,22126486
2014-12-30,16.337224710688137,16.382968493073331,16.291479393946034,16.343759536743164,20298451
2014-12-31,16.402577372680685,16.41564702829783,16.141181191623108,16.160785675048828,29869969
2015-01-02,16.245739970917601,16.271879282151897,16.036623946685928,16.160785675048828,40511471
2015-01-05,16.056226422004375,16.08890055696078,15.781760619656318,15.820969581604004,50770502
2015-01-06,15.8209708701962,15.873249490384458,15.507297614709408,15.579180717468262,57454463
2015-01-07,15.709878037362232,15.781762677999032,15.618390447551992,15.7425537109375,36287049
2015-01-08,15.925522725463237,16.017011805398923,15.892848602042129,15.977801322937012,37995923
2015-01-09,16.010480483317924,16.017016844415092,15.755620706096812,15.762155532836914,36300590
2015-01-12,15.762154435179557,15.801363392889716,15.585712591126885,15.63145637512207,38356360
2015-01-13,15.736018112390282,15.840575352766797,15.468087115210967,15.579180717468262,45785445
2015-01-14,15.330850929014201,15.415805203035703,15.154409089200072,15.356991767883301,71356023
2015-01-15,15.30471432972714,15.383133791481836,15.141342113291815,15.167481422424316,58038203
2015-01-16,15.128268723321948,15.356990690470726,15.069455292295766,15.350454330444336,89499855
2015-01-20,15.396199660177082,15.455014631481403,15.232829001989995,15.285107612609863,39330942
2015-01-21,15.278570340462002,15.402733555164891,15.18054642688462,15.324314117431641,49251571
2015-01-22,15.415804177501633,15.722944053801141,15.311245432051752,15.703339576721191,97345387
2015-01-23,15.690272828558232,15.722946963070617,15.53343391418457,15.53343391418457,34069402
2015-01-26,15.507296367580535,15.618388426546328,15.468085871235482,15.61185359954834,27588310
2015-01-27,15.396198806202436,15.546501337754757,15.383130688629281,15.441944122314453,35186781
2015-01-28,15.520365979316024,15.520365979316024,15.134806584413209,15.160945892333984,85405918
2015-01-29,15.141339899048257,15.317781744247281,15.082526462100907,15.285107612609863,50409450
2015-01-30,15.108666894029028,15.285108752384911,15.030247437894701,15.036782264709473,64531113
2015-02-02,15.075996587518217,15.298182289987016,14.958368140631219,15.27857780456543,62984977
2015-02-03,15.337387572753149,15.546503567989525,15.337387572753149,15.53343391418457,66155787
2015-02-04,15.500762237301361,15.624925502491484,15.468088097608526,15.494227409362793,37523958
2015-02-05,15.539965222130158,15.677196542457052,15.526894038218613,15.651057243347168,30264135
2015-02-06,15.794829165267082,15.932062056811056,15.736015726472672,15.775224685668945,83237512
2015-02-09,15.703339452955163,15.775222535015097,15.657595673462479,15.696803092956543,37354080
2015-02-10,15.814434754612725,15.853645250917534,15.703342695760945,15.820969581604004,39742220
2015-02-11,15.801365100630161,15.866714904900096,15.716412349743507,15.820969581604004,36080733
2015-02-12,15.847103294895994,15.997405796989677,15.814429171474885,15.977801322937012,40635310
2015-02-13,15.984338554458215,16.030083868492436,15.905920646439803,15.964734077453613,23270085
2015-02-17,15.938599804727531,16.056228238233466,15.925530149266571,16.017019271850586,17869196
2015-02-18,15.997410917526912,15.997410917526912,15.879784035560276,15.91899299621582,36387868
2015-02-19,15.879781767053649,15.918990722107997,15.814431974272878,15.853642463684082,21550255
2015-02-20,15.827502847235426,15.997409866604782,15.729480452035974,15.971270561218262,40206183
2015-02-23,15.951669493302937,15.951669493302937,15.847110715040905,15.932065010070801,23616735
2015-02-24,15.971270016645798,16.062759116736089,15.938595886026738,16.010478973388672,33958612
2015-02-25,15.997409321141047,16.075828768983712,15.990874495017234,16.010478973388672,32659415
2015-02-26,16.030085532694905,16.036620359041535,15.91899195044522,15.971270561218262,33480738
2015-02-27,15.95165973287857,15.984333851606316,15.899381142914175,15.912450790405273,28937856
2015-03-02,15.918991034130336,16.043154261926308,15.886316904277944,16.030084609985352,27137641
2015-03-03,15.984336853027344,16.030082162192269,15.905918953356016,15.984336853027344,31729394
2015-03-04,15.918996161861564,15.938600646087878,15.827507034448058,15.886322021484375,47685247
2015-03-05,15.91245406672666,15.98433714272819,15.860173931641597,15.951663017272949,25112031
2015-03-06,16.010472877562933,16.115031590091171,15.807891810498528,15.834031105041504,74347599
2015-03-09,15.847106015748089,15.9385951113919,15.840571189941876,15.90592098236084,26666907
2015-03-10,15.768685030073582,15.775219854605046,15.566103935241699,15.566103935241699,49650662
2015-03-11,15.611850651091592,15.722944223433361,15.592246173800135,15.664129257202148,36531648
2015-03-12,15.794832556360941,16.017019774889988,15.775228072553793,16.003950119018555,50418806
2015-03-13,15.964738747604185,15.997412885503328,15.801366523751215,15.892855644226074,40917578
2015-03-16,15.958195870354031,16.101963538947896,15.958195870354031,16.088893890380859,39676730
2015-03-17,16.036626311083825,16.088904941260239,15.93860234514551,16.04969596862793,22247248
2015-03-18,16.010476281547348,16.193454450963809,15.951662856321338,16.14117431640625,58915168
2015-03-19,16.141177786386436,16.141177786386436,15.918992153411189,15.990875244140625,42486734
2015-03-20,16.070245478308301,16.221109087121295,16.017771715272342,16.207990646362305,47450742
2015-03-23,16.175188586059306,16.2539007417029,16.116155624389648,16.116155624389648,26417014
2015-03-24,16.10304140178615,16.10304140178615,15.978414687791204,15.984973907470703,22615686
2015-03-25,16.004650598890024,16.044005914587654,15.729160308837891,15.729160308837891,40570806
2015-03-26,15.663568177735378,15.788194884686694,15.597975984647508,15.716043472290039,40238682
2015-03-27,15.716045510682774,15.735721631076789,15.637333328683885,15.696366310119629,30154207
2015-03-30,15.814432241892801,15.965295830658004,15.807873022384941,15.92594051361084,43422048
2015-03-31,15.847228241501671,15.89314277777296,15.781636046828405,15.814432144165039,26132160
2015-04-01,15.775074618723988,15.860344459860773,15.689803237503016,15.801311492919922,32823015
2015-04-02,15.761961795066558,15.90626465453599,15.761961795066558,15.880027770996094,26472163
2015-04-06,15.74883734191763,15.945615433440798,15.716041250011127,15.906258583068848,19432443
2015-04-07,15.939056125373549,15.952174562062334,15.820988655090332,15.820988655090332,22346466
2015-04-08,15.834113224801273,15.945621519930571,15.834113224801273,15.880027770996094,22778055
2015-04-09,15.853784836018441,15.919377019831449,15.794751870586735,15.906258583068848,25595691
2015-04-10,15.912821096763157,15.939057973182361,15.873464242050035,15.899701118469238,18165005
2015-04-13,15.873462181278409,16.011207304680791,15.860343744771907,15.958733558654785,38112499
2015-04-14,15.945615122148283,15.998088868174289,15.866902963025158,15.958733558654785,32499016
2015-04-15,15.991535791471268,16.083364882283746,15.952180466837349,16.017772674560547,45762179
2015-04-16,16.011208346906553,16.09647972983354,15.92593850406378,16.044004440307617,27839065
2015-04-17,15.965293153691766,15.965293153691766,15.768513521281976,15.827548027038574,49064829
2015-04-20,15.886581574198546,15.952175300764083,15.880022355550413,15.89314079284668,19100196
2015-04-21,15.952177293063302,15.971854951465282,15.801313705230385,15.814432144165039,26714793
2015-04-22,15.827550680908521,15.965295830658004,15.775076924845637,15.92594051361084,26511555
2015-04-23,15.899700802176342,15.991531407901086,15.873463926279069,15.952176094055176,26294652
2015-04-24,15.919379754018568,15.945618172134422,15.866905997955685,15.92594051361084,23031271
2015-04-27,15.945619299494691,16.011211499210685,15.840670239864579,15.866907119750977,29486759
2015-04-28,15.840666090012155,15.958733558654785,15.775073907479648,15.958733558654785,31748721
2015-04-29,15.86690470730475,16.024327502772678,15.801312517561566,15.952176094055176,49893538
2015-04-30,15.906258647935168,15.991530027323963,15.768513521281976,15.827548027038574,42838185
2015-05-01,15.912821085151542,15.984972495251704,15.893141887767182,15.96529483795166,22565584
2015-05-04,16.030884403890649,16.129274214363832,16.004647531786887,16.122714996337891,27367961
2015-05-05,16.07680245076833,16.168631514444563,15.965294190505796,15.978412628173828,37717594
2015-05-06,16.044005478859177,16.070242355278381,15.788194393687622,15.899701118469238,36626312
2015-05-07,15.834114689598517,16.050570538911504,15.834114689598517,16.011215209960938,39290812
2015-05-08,16.096475563015446,16.240779876708984,16.096475563015446,16.240779876708984,40714217
2015-05-11,16.240778108322324,16.273574189662604,16.155506756753947,16.181743621826172,38354636
2015-05-12,16.109596560286008,16.162070304493536,15.991529095735002,16.122714996337891,48760649
2015-05-13,16.122715150197596,16.188307331082957,16.096478277843453,16.129274368286133,29430379
2015-05-14,16.207984923081383,16.280137861862165,16.1751888327647,16.273578643798828,26445450
2015-05-15,16.280141541701045,16.28670076124698,16.148955610697968,16.20142936706543,28494942
2015-05-18,16.207985382320015,16.306375196141929,16.188307727572454,16.293256759643555,19841750
2015-05-19,16.326054994923705,16.43756325988792,16.312936556702542,16.385087966918945,32513049
2015-05-20,16.417884527538604,16.424443746219698,16.312935488556871,16.33917236328125,37350263
2015-05-21,16.306379166135173,16.339175265365729,16.286701506596842,16.299819946289062,23172098
2015-05-22,16.26702399879354,16.345734637681069,16.26702399879354,16.306379318237305,16231966
2015-05-26,16.28013776904454,16.28013776904454,16.109596560286008,16.122714996337891,54832187
2015-05-27,16.168634009282346,16.319497605827397,16.148956349744012,16.299819946289062,31773341
2015-05-28,16.260462266414297,16.293258360883307,16.181750099604407,16.280139923095703,21900598
2015-05-29,16.280140004048466,16.280140004048466,16.096480334024502,16.135835647583008,31521478
2015-06-01,16.221103885167029,16.240783080079201,16.103037956198751,16.148952484130859,23062170
2015-06-02,16.135832758064229,16.234221024341647,16.070239040461953,16.175188064575195,26426862
2015-06-03,16.234224612334483,16.358851317247471,16.201428516326942,16.312936782836914,40898498
2015-06-04,16.267024254915906,16.306379574979314,16.142397534630579,16.168634414672852,37471271
2015-06-05,16.286700592511519,16.365412766331652,16.214549178253769,16.260463714599609,52402931
2015-06-08,16.286695995669405,16.30637364854941,16.155510103052041,16.162069320678711,28272131
2015-06-09,16.175192488881699,16.273582322155114,16.109600293422368,16.20142936706543,31163011
2015-06-10,16.293256541733214,16.490034626661167,16.267019669087365,16.431001663208008,53968148
2015-06-11,16.50316223389142,16.529400661202217,16.437570015826807,16.496603012084961,60034147
2015-06-12,16.457236470602798,16.490032557294462,16.371965105120569,16.424440383911133,42206558
2015-06-15,16.319500723727263,16.411331359201885,16.247349291635246,16.352296829223633,40678641
2015-06-16,16.35884713186843,16.457236934802548,16.306373391681674,16.444118499755859,36228207
2015-06-17,16.496591774632794,16.516269426647792,16.385083539797236,16.424440383911133,55448179
2015-06-18,16.496593781003572,16.601542811265052,16.424442381506619,16.575305938720703,70136594
2015-06-19,16.529188546836963,16.548952230788149,16.298610687255859,16.298610687255859,47071470
2015-06-22,16.535780125122468,16.614836425355641,16.529192229004501,16.548955917358398,40678518
2015-06-23,16.595069711960722,16.634598631965023,16.555542338773872,16.581893920898438,33542288
2015-06-24,16.555545904834005,16.581897492634695,16.443550109863281,16.443550109863281,26541099
2015-06-25,16.489665645582651,16.496253542017545,16.331554584327474,16.344730377197266,43711579
2015-06-26,16.417197924750592,16.443549511592526,16.351318957645759,16.397434234619141,30737208
2015-06-29,16.21956284893561,16.292029727817997,15.995572767390177,16.002159118652344,52912442
2015-06-30,16.160267133245405,16.19979451039465,16.008743974022362,16.061447143554688,77383245
2015-07-01,16.311788111561725,16.344727588115379,16.206380239772631,16.305198669433594,52375111
2015-07-02,16.298607531345976,16.338134891594645,16.166848117033471,16.23272705078125,24081438
2015-07-06,16.048271181387662,16.206382235129499,16.028507493022133,16.166854858398438,33223951
2015-07-07,16.140500255430489,16.212968652980816,15.896746574329727,16.199792861938477,63077548
2015-07-08,15.982390127706653,16.087796451856036,15.890158047258554,15.916509628295898,56789354
2015-07-09,16.140497800109344,16.166850925002596,16.008739909729176,16.041679382324219,31236625
2015-07-10,16.265666517655141,16.27225441102992,16.160260223658693,16.23272705078125,36120618
2015-07-13,16.37108117310564,16.43037223815918,16.338141692520342,16.43037223815918,41191230
2015-07-14,16.377666147872333,16.502837698586706,16.34472667316258,16.469898223876953,27691961
2015-07-15,16.548954788591796,16.634598979101341,16.489663727574218,16.608245849609375,62160945
2015-07-16,16.733412320028311,16.772939682006836,16.71364863903905,16.772939682006836,39781365
2015-07-17,16.759770918276768,16.779536154366156,16.654363028676574,16.726831436157227,22286763
2015-07-20,16.772945058440936,16.799298188357586,16.700478204918301,16.746593475341797,25354045
2015-07-21,16.753184568670523,16.819063532909603,16.68730405761378,16.726831436157227,24390172
2015-07-22,16.733423202359717,16.871770606073731,16.713659508517434,16.852006912231445,36459143
2015-07-23,16.865176622781576,16.878352413922304,16.674126104423571,16.707065582275391,36561685
2015-07-24,16.687303282653261,16.700479074889191,16.522604332886537,16.548955917358398,32149658
2015-07-27,16.43696168109383,16.47648905779619,16.37108117310564,16.43037223815918,34805048
2015-07-28,16.562127188435159,16.562127188435159,16.390840389308647,16.496248245239258,29677194
2015-07-29,16.548959623174873,16.667543326670344,16.509432237615695,16.660955429077148,33091373
2015-07-30,16.634603838704365,16.67413122426354,16.568723315954461,16.660955429077148,20597954
2015-07-31,16.641186874769961,16.68071424878168,16.562130579929036,16.608245849609375,24137571
2015-08-03,16.608247499393894,16.628012735180626,16.476489572933289,16.588483810424805,42025601
2015-08-04,16.601660805650049,16.647776078955051,16.535780296968149,16.562131881713867,30678613
2015-08-05,16.674128887529566,16.726832060889247,16.581896787332404,16.628013610839844,24771536
2015-08-06,16.641194016209067,16.667545610192128,16.50943449947561,16.5687255859375,23921408
2015-08-07,16.555548663672209,16.621427644152096,16.463318091000367,16.601665496826172,30673812
2015-08-10,16.713650364597338,16.766355066160411,16.667535104194673,16.759765625,30165778
2015-08-11,16.601659500758242,16.66095056177582,16.542366892923177,16.608245849609375,65448208
2015-08-12,16.469901506197473,16.483077298707205,16.20638256236759,16.456724166870117,77509300
2015-08-13,16.496250413564514,16.575305155790829,16.390842543778721,16.516014099121094,27547564
2015-08-14,16.49625232393403,16.634599685668945,16.489664427985584,16.634599685668945,33603346
2015-08-17,16.562131711838298,16.674127492676476,16.502840646768576,16.667539596557617,28771055
2015-08-18,16.647777282357225,16.693892558995721,16.614837799044015,16.654363632202148,20245642
2015-08-19,16.608246376153961,16.647775298236382,16.443547432399392,16.502840042114258,57382080
2015-08-20,16.331555198105505,16.35131888815296,16.153678894042969,16.153678894042969,67731590
2015-08-21,15.949453504098337,16.068037198293972,15.573940277099609,15.573940277099609,127715881
2015-08-24,14.618680753567707,15.435587436437736,12.200899405290269,14.908551216125488,143651668
2015-08-25,15.455353997899662,15.46852978984902,14.658210850875735,14.710915565490723,84936661
2015-08-26,15.053488052483621,15.264302253723145,14.776793349919759,15.264302253723145,146056427
2015-08-27,15.46194437848569,15.672758630369144,15.336772788035157,15.639819145202637,96219884
2015-08-28,15.580525225558494,15.620052600537203,15.468529449634628,15.567349433898926,40348364
2015-08-31,15.468528313399288,15.534407266858022,15.422413045978175,15.435588836669922,58845124
2015-09-01,15.106191888343027,15.185246637269394,14.822909277721866,14.934905052185059,86294454
2015-09-02,15.132544603458086,15.178661423932862,14.941494065775101,15.139132499694824,52533664
2015-09-03,15.185248296080925,15.382888283621719,15.158896710226864,15.224777221679688,60273576
2015-09-04,15.007371731507655,15.053488547997944,14.822909105998953,14.92172908782959,54210039
2015-09-08,15.211601503197601,15.317007847129696,15.106193612447829,15.303832054138184,49726245
2015-09-09,15.442183083398874,15.508063610771732,15.060081902544859,15.093021392822266,43741739
2015-09-10,15.079839289015961,15.277477694828944,15.033722475099593,15.165483474731445,43653476
2015-09-11,15.093020665563499,15.231368064880371,15.060081176873284,15.231368064880371,26809949
2015-09-14,15.198421478271484,15.24453674090118,15.13912887950177,15.198421478271484,31837353
2015-09-15,15.257711969904019,15.461938243724259,15.198420920128939,15.415822982788086,41048311
2015-09-16,15.429004232915084,15.541000024505284,15.349949471899228,15.5146484375,28008328
2015-09-17,15.501473308221787,15.606881218095452,15.264307444528491,15.297246932983398,75221486
2015-09-18,15.087384813819934,15.160206054988365,14.974841341268565,15.001321792602539,85290820
2015-09-21,15.100618768625388,15.233020970312358,15.074136773906664,15.173439979553223,47097445
2015-09-22,14.948353348101467,15.034414771516659,14.86891047979856,14.981453895568848,65335941
2015-09-23,14.988081932067871,15.041042836026028,14.902018908753851,14.988081932067871,34891095
2015-09-24,14.815957150762831,14.908638730881391,14.749754467724733,14.882158279418945,51271027
2015-09-25,15.093996698139199,15.199920011020824,15.027795599076487,15.100618362426758,55416173
2015-09-28,14.994700258741956,15.021180707566415,14.703412212909246,14.749752998352051,58422891
2015-09-29,14.762994401300816,14.822576970294181,14.643832372077989,14.77623462677002,48264309
2015-09-30,14.974841341268565,15.001321792602539,14.822577191716233,15.001321792602539,49086741
2015-10-01,14.994703879446375,15.067525131297462,14.849059821361998,15.007944107055664,48512971
2015-10-02,14.68355534977891,15.027804374694824,14.551151519953821,15.027804374694824,75346063
2015-10-05,15.133722580511897,15.365428037780211,15.12710246900085,15.34556770324707,47975517
2015-10-06,15.312464841862102,15.365425725982274,15.246262182330456,15.272744178771973,36684908
2015-10-07,15.372047358444181,15.477970691553153,15.279365802057718,15.391907691955566,38597020
2015-10-08,15.332332087550675,15.497836479442155,15.299231520048805,15.484596252441406,37237011
2015-10-09,15.517693945739662,15.530934170288042,15.319089023132126,15.385290145874023,58339183
2015-10-12,15.378666812722681,15.425009143318007,15.338946147396559,15.398527145385742,25312191
2015-10-13,15.345573354762227,15.444875063999074,15.279372215270996,15.279372215270996,42452020
2015-10-14,15.28598924057148,15.312469691017398,15.13372509612552,15.153585433959961,44763838
2015-10-15,15.239652013757681,15.517698362800456,15.226410231058228,15.497838020324707,55652525
2015-10-16,15.544180407885216,15.617003225453637,15.511079833709774,15.590522766113281,36542235
2015-10-19,15.491213814851806,15.610375838234958,15.48459370244163,15.577275276184082,32690313
2015-10-20,15.577276884280327,15.689820361253433,15.564036658093142,15.669960021972656,23941473
2015-10-21,15.689815320530807,15.742777762646149,15.53093110294785,15.557413101196289,29215200
2015-10-22,15.5905185183773,15.868564820077982,15.583898405345902,15.80898380279541,61204335
2015-10-23,15.934764069539465,15.987724962373269,15.861942841892985,15.981104850769043,45903498
2015-10-26,15.981104401963174,15.981104401963174,15.855320730633652,15.914901733398438,24485698
2015-10-27,15.835466752504081,15.855327094730661,15.769265611748814,15.822226524353027,28664204
2015-10-28,15.855318641093648,16.219427829878747,15.855318641093648,16.192947387695312,112058299
2015-10-29,16.186328295655311,16.252530959661062,16.093646742181413,16.173088073730469,48479611
2015-10-30,16.133372968651226,16.146613195139579,15.921527790455455,15.941388130187988,62867662
2015-11-02,15.98111026071142,16.226057581750965,15.974490146866145,16.159854888916016,73531446
2015-11-03,16.153226428467981,16.239289418368774,16.080403659416323,16.18632698059082,42479225
2015-11-04,16.186328723518546,16.226050944724612,16.093647167594735,16.139987945556641,40100564
2015-11-05,16.139994692251879,16.232676286917609,16.113514236633097,16.206195831298828,45236788
2015-11-06,16.510716539519699,16.53057842642513,16.312111659898921,16.371692657470703,85556100
2015-11-09,16.391553812833944,16.431274476109095,16.100265840053293,16.192947387695312,59169369
2015-11-10,16.153230314519238,16.272393885210555,16.126749866450453,16.265773773193359,41119339
2015-11-11,16.338594548515609,16.338594548515609,16.199570645660149,16.212812423706055,27576370
2015-11-12,16.173097736458658,16.179717851376314,15.961252504711252,15.967872619628906,66597469
2015-11-13,15.888429209990097,16.000972714599275,15.78912748920178,15.835468292236328,53877793
2015-11-16,15.789124916088381,16.027450561523438,15.756024347886591,16.027450561523438,53560564
2015-11-17,16.093647937497067,16.139988717675863,15.961244154033142,15.994344711303711,46013180
2015-11-18,16.087027892707184,16.298873014498351,16.034065446473146,16.279012680053711,83572836
2015-11-19,16.285632067561291,16.338592957059305,16.226051066876025,16.305492401123047,35613076
2015-11-20,16.351836274210207,16.398178615673388,16.28563514980835,16.331975936889648,44189330
2015-11-23,16.325354781348125,16.378317231867481,16.24591343714177,16.265773773193359,31828859
2015-11-24,16.166471930114263,16.272395285888749,16.080408912100886,16.219432830810547,35916887
2015-11-25,16.226055086574245,16.265775763537803,16.186332855228713,16.232673645019531,24226080
2015-11-27,16.25915205022666,16.292252607033053,16.179709159509688,16.272392272949219,23191055
2015-11-30,16.32535640017398,16.32535640017398,16.232673268360969,16.2591552734375,30361138
2015-12-01,16.318733168781701,16.444516839924084,16.285632611739398,16.437896728515625,38268343
2015-12-02,16.477623817893512,16.477623817893512,16.212817703984996,16.245918273925781,43846620
2015-12-03,16.338593986160593,16.338593986160593,15.928143957935239,15.981104850769043,59308595
2015-12-04,16.080404600069311,16.431275136240458,16.04068393519837,16.404794692993164,52547451
2015-12-07,16.384935194520409,16.39817697245574,16.173090063281027,16.252532958984375,31381144
2015-12-08,16.073791882737147,16.192953920637756,16.007589196188079,16.047309875488281,35697769
2015-12-09,15.97448898682841,16.153233602052904,15.769263918145784,15.861947059631348,66624798
2015-12-10,15.855327531067198,16.02745205615,15.802366617005507,15.875187873840332,58161303
2015-12-11,15.636859309963814,15.736161005437094,15.438254364635235,15.52431583404541,89542078
2015-12-14,15.537551213914575,15.663334876663903,15.385287107298344,15.557413101196289,71948873
2015-12-15,15.716304066430588,16.00759221160062,15.703063837503073,15.921530723571777,93332943
2015-12-16,16.067165038032346,16.232669369503689,15.914900928728184,16.179708480834961,102205375
2015-12-17,16.239295663074735,16.239295663074735,15.92814724470731,15.948007583618164,70913355
2015-12-18,15.834760106056731,15.854746449507752,15.521663665771484,15.521663665771484,113598773
2015-12-21,15.648230799647322,15.728171465070597,15.534983739469244,15.674877166748047,50728156
2015-12-22,15.768140677491036,15.854742932831853,15.628245689091914,15.82143497467041,57087748
2015-12-23,15.92136091396987,16.03460955052687,15.874729766496335,16.007963180541992,40627924
2015-12-24,16.027943535260274,16.081236260524367,15.954664473901305,15.994635581970215,13844688
2015-12-28,15.928020970613311,15.987975297298213,15.848080304245654,15.981313705444336,16747016
2015-12-29,16.114547797968665,16.167840535085986,16.061255060851344,16.147855758666992,38040239
2015-12-30,16.114544113644346,16.141190476110758,16.007958663778709,16.034605026245117,19339133
2015-12-31,15.874726295471191,16.061252408702476,15.841418340272915,15.874726295471191,59154720
2016-01-04,15.548306888841923,15.581614847644611,15.388427122467915,15.568291664123535,93387476
2016-01-05,15.594939299535667,15.674878407163741,15.488352258577009,15.628247261047363,52096536
2016-01-06,15.401755690925862,15.481694820001543,15.308491809549254,15.388432502746582,77248574
2016-01-07,15.068665286119852,15.20856025582601,14.895462362702911,14.955416679382324,92006910
2016-01-08,15.088653074815175,15.101976258963013,14.68895285801656,14.722262382507324,83028242
2016-01-11,14.802205742077486,14.82885211803228,14.595694764306208,14.742251396179199,70986600
2016-01-12,14.895463704031089,14.922110069399206,14.662304878818054,14.85549259185791,80633578
2016-01-13,14.915452409224697,14.982068340202513,14.402505048331264,14.469120979309082,125524947
2016-01-14,14.502428768227672,14.715601308882677,14.362533750756095,14.59569263458252,95264013
2016-01-15,14.102730777320735,14.335889698882786,14.076085965063095,14.26927375793457,94362797
2016-01-19,14.422490603116652,14.475784920665712,14.162686866036443,14.262612342834473,83779398
2016-01-20,13.969494465876277,14.116051053612781,13.67638129040327,13.982817649841309,107682217
2016-01-21,13.996141475433058,14.176006031327693,13.87623125012956,13.922863960266113,91494814
2016-01-22,14.102729133862184,14.235964128475398,14.076084324709591,14.176008224487305,59334200
2016-01-25,14.116053221524094,14.169345965568802,13.856247966063368,13.889555931091309,78982191
2016-01-26,13.94285230180709,14.162686467632705,13.922867519834,14.122716903686523,63973716
2016-01-27,14.076082063535141,14.31590094859874,13.969495023439533,14.069418907165527,77206350
2016-01-28,14.156023255718836,14.222639188015455,13.982820267626179,14.076084136962891,79906672
2016-01-29,14.176007754763861,14.475782572406864,14.129376603079388,14.469120979309082,100518905
2016-02-01,14.402504400034356,14.482443513609454,14.302578943944141,14.409164428710938,84561575
2016-02-02,14.202650662569388,14.222633870665902,13.976153449197446,14.009461402893066,86157444
2016-02-03,14.089403619346356,14.089403619346356,13.623087523499247,14.022786140441895,151930266
2016-02-04,13.936191118728544,14.242627579594538,13.936191118728544,14.142702102661133,97011048
2016-02-05,14.156020355838496,14.229299430474903,13.916199920455325,13.956171035766602,81506726
2016-02-08,13.756323744659307,13.802954894592265,13.416577817069401,13.603105545043945,132312804
2016-02-09,13.336637953096851,13.676382297464569,13.336637953096851,13.583118438720703,168924221
2016-02-10,13.689704560375787,13.842922741057421,13.503178419572311,13.50984001159668,80836939
2016-02-11,13.150111318557091,13.243373609767147,13.010216317620797,13.096817016601562,155436893
2016-02-12,13.4099168756875,13.649737358093262,13.349962537146776,13.649737358093262,119640644
2016-02-16,13.882892963134042,13.92952567367608,13.742999523871632,13.869569778442383,97496185
2016-02-17,14.002802387576319,14.122712607055533,14.002802387576319,14.056095123291016,79846353
2016-02-18,14.10938675190207,14.10938675190207,13.909537466686782,13.976153373718262,79491948
2016-02-19,13.862904767643897,14.036107690046592,13.842919995534453,13.976153373718262,91481888
2016-02-22,14.142698775152461,14.255945849694207,14.142698775152461,14.195991516113281,52408225
2016-02-23,14.122713720580643,14.142698498049382,13.916201225161133,13.942849159240723,71553352
2016-02-24,13.743000696759896,13.949511641226387,13.62309046018007,13.909542083740234,89023089
2016-02-25,13.909539819595755,14.116050730447149,13.909539819595755,14.102725982666016,87713797
2016-02-26,14.195989775289064,14.329223175474288,14.122712265453801,14.202652931213379,100096303
2016-02-29,14.189328088799034,14.262607162266407,14.042771505985383,14.049434661865234,70846020
2016-03-01,14.149358471028666,14.549057102897194,14.149358471028666,14.522412300109863,100224943
2016-03-02,14.535742940876588,14.688961209814183,14.515758153291953,14.682299613952637,89863616
2016-03-03,14.668971233073231,14.788881480284788,14.609016891528206,14.782219886779785,76643660
2016-03-04,14.855493899188573,14.915449790664148,14.72892208843029,14.842170715332031,70707286
2016-03-07,14.742244169087177,14.855491211377943,14.695611469905419,14.835506439208984,48251261
2016-03-08,14.702278122849325,14.762234024120797,14.5757062914111,14.59569263458252,94684581
2016-03-09,14.648984843749817,14.688954400390221,14.56238257357427,14.615676879882812,59913509
2016-03-10,14.708938218865717,14.77555413516883,14.429148242150504,14.602351188659668,94740222
2016-03-11,14.748909804784182,15.002051885804196,14.748909804784182,14.982067108154297,79284278
2016-03-14,14.935432434082031,14.97540197994511,14.842168596280599,14.935432434082031,55347853
2016-03-15,14.835510023231162,14.928773880004883,14.782217284572599,14.928773880004883,75699114
2016-03-16,14.848835992660009,14.988731021996013,14.78222005684359,14.895468711853027,72379969
2016-03-17,14.895458635703273,15.121954228385901,14.788871646377082,15.075323104858398,65859485
2016-03-18,15.169010023108784,15.269377440464995,15.128863056166299,15.20915699005127,65031268
2016-03-21,15.16231577994742,15.282758227356753,15.122168821165502,15.182389259338379,47484348
2016-03-22,15.075323742880585,15.195766147238036,15.041867955854354,15.13554573059082,43482367
2016-03-23,15.108782853925071,15.135547486651349,15.015105068319894,15.021796226501465,55912266
2016-03-24,14.887972091328788,14.928120613098145,14.787604714563564,14.928120613098145,48500785
2016-03-28,14.94819316744281,15.021797484668085,14.901355056248846,14.974959373474121,36121356
2016-03-29,14.914736658949286,15.00841444791107,14.827751599472084,15.001723289489746,44438115
2016-03-30,15.082020578661961,15.202463028365958,15.06863825881303,15.088711738586426,37636102
2016-03-31,15.048562823488991,15.148931780376712,15.021798187269173,15.055253982543945,39946073
2016-04-01,14.981656478643499,15.209157537232979,14.921434454999256,15.189084053039551,45753316
2016-04-04,15.175698619576488,15.20915441970787,15.082020808144986,15.115476608276367,38544826
2016-04-05,14.974959105642727,15.001723740132013,14.874590155244601,14.901354789733887,61644172
2016-04-06,14.874592136545765,14.995034578853833,14.82775401995066,14.98165225982666,38129610
2016-04-07,14.874590442499855,14.887972760002935,14.620324838878007,14.700618743896484,51315220
2016-04-08,14.800990080494426,14.901357477935502,14.727385751307379,14.754150390625,55956828
2016-04-11,14.821069901095502,14.941512400619043,14.800996413018956,14.81437873840332,45423161
2016-04-12,14.834442757893408,15.028487923175039,14.800986965786791,15.001723289489746,48225902
2016-04-13,15.155619724250434,15.356356024377368,15.14223740897951,15.342973709106445,69649488
2016-04-14,15.2693770404225,15.456732690040031,15.2693770404225,15.376437187194824,52055051
2016-04-15,15.416585269863269,15.436658752217093,15.296142804676508,15.322907447814941,53901797
2016-04-18,15.249297248124105,15.450033544906344,15.235913362013109,15.436651229858398,52434076
2016-04-19,15.483494928940241,15.630702018737791,15.483494928940241,15.630702018737793,57169363
2016-04-20,15.62400890773675,15.777905567195189,15.617317748629862,15.751142501831055,74743119
2016-04-21,15.744454831610168,15.81136801524702,15.570484638920561,15.610630035400391,63436754
2016-04-22,15.624015348189396,15.791295965880604,15.624015348189396,15.757840156555176,46728145
2016-04-25,15.690919314394424,15.737758995670424,15.610623840109351,15.724376678466797,38189682
2016-04-26,15.73776011023868,15.844818655449728,15.717685061948195,15.824745178222656,41664795
2016-04-27,15.811366897903177,15.905043148885444,15.757837611627599,15.851513862609863,56916147
2016-04-28,15.717680868850717,15.84481442843609,15.630695824072248,15.684225082397461,74850832
2016-04-29,15.597248077392578,15.657468524049735,15.456732130795409,15.597248077392578,60318138
2016-05-02,15.610630105606644,15.757838796056978,15.57717429916972,15.737765312194824,43564598
2016-05-03,15.557095113467906,15.570479002201271,15.403198460262798,15.537021636962891,44142060
2016-05-04,15.356359151822705,15.496875061847669,15.342976833826365,15.416581153869629,46466680
2016-05-05,15.450038704480299,15.510259142306801,15.369743216314721,15.409890174865723,47043157
2016-05-06,15.296138062342626,15.483492077289219,15.296138062342626,15.476800918579102,38964104
2016-05-09,15.450033544906344,15.523636277670047,15.376429241079592,15.436651229858398,31989258
2016-05-10,15.510258851760399,15.664157094386576,15.503567692127241,15.657465934753418,37549070
2016-05-11,15.610624691663894,15.650773216528171,15.476801512327601,15.49018383026123,31961192
2016-05-12,15.543713878045638,15.610625471054476,15.403199532727079,15.496875762939453,35254978
2016-05-13,15.463420872788367,15.57048099894106,15.282757990011895,15.30952262878418,45538875
2016-05-16,15.309523317922825,15.456730408860281,15.296140997934295,15.389817237854004,33796243
2016-05-17,15.349672637964634,15.416585819259094,15.235921329508765,15.302834510803223,45457629
2016-05-18,15.255987403440084,15.583858847529358,15.255987403440084,15.570476531982422,96899150
2016-05-19,15.496875501329859,15.570479823460499,15.329594950568236,15.423271179199219,66203303
2016-05-20,15.50356602230905,15.61731729488465,15.476801386659114,15.530330657958984,35765351
2016-05-23,15.49687903251063,15.570483371413049,15.450040907522418,15.516952514648438,38575724
2016-05-24,15.62400890773675,15.784598297365498,15.603935430416085,15.751142501831055,47386483
2016-05-25,15.818051514037197,15.998714351532625,15.811360356021188,15.918418884277344,51504178
2016-05-26,15.925114135421428,15.9451876126485,15.804671700995586,15.824745178222656,36198417
2016-05-27,15.851513589973012,15.938500249738523,15.831440107964921,15.931807518005371,37026264
2016-05-31,16.012098688776128,16.012098688776128,15.838126987336214,15.891657829284668,40884834
2016-06-01,15.777906930132485,15.945189064381815,15.710995333283599,15.925115585327148,38452378
2016-06-02,15.884971852570649,15.958576202392578,15.831442558928542,15.958576202392578,28227076
2016-06-03,15.76452345343905,15.77790577182639,15.563787106565526,15.731067657470703,86083215
2016-06-06,15.73776011023868,15.898347928055253,15.724377792087299,15.824745178222656,46925474
2016-06-07,15.838134138421392,15.884972271593762,15.777912110421418,15.791296005249023,26503799
2016-06-08,15.764527519327885,15.844823021424675,15.764527519327885,15.804676055908203,30469958
2016-06-09,15.71099526241138,15.73776147209375,15.610626296527258,15.690921783447266,39571234
2016-06-10,15.51025808154122,15.570480086312639,15.450037647833266,15.496875762939453,47349676
2016-06-13,15.409890717836799,15.590555179809208,15.383126077859739,15.389817237854004,56062079
2016-06-14,15.329595930102906,15.409889845488676,15.082019882203035,15.162315368652344,66888232
2016-06-15,15.202462738729338,15.356360985123601,15.169006939744406,15.182389259338379,58034633
2016-06-16,15.061945738614174,15.235917452002164,14.974960667451914,15.222535133361816,71488109
2016-06-17,15.24338867730415,15.28375030186112,15.142483036447663,15.20975399017334,46524537
2016-06-20,15.45192804625632,15.532652889092764,15.290479940047767,15.297206878662109,70566829
2016-06-21,15.357752962763641,15.418295418402137,15.29048198814521,15.384660720825195,40308110
2016-06-22,15.384656344075379,15.499015862767623,15.337566201399692,15.37120246887207,54005201
2016-06-23,15.552835605454646,15.694101333618164,15.54610866601829,15.694101333618164,73745517
2016-06-24,14.873403989330711,15.196300179642309,14.799407669638743,14.853224754333496,165914672
2016-06-27,14.631234996191443,14.651415813907839,14.341975029458601,14.429425239562988,140642119
2016-06-28,14.691774420216289,14.799407005310059,14.563961021566966,14.799407005310059,109722231
2016-06-29,14.927219847516843,15.135756492614746,14.893585159511391,15.135756492614746,100009025
2016-06-30,15.182843451406679,15.377927780151367,15.108847145614092,15.377927780151367,72707045
2016-07-01,15.317387694505136,15.404839475955924,15.27029912420474,15.297206878662109,45095346
2016-07-05,15.149215212759561,15.189578430738957,14.994494018988261,15.06849193572998,59557011
2016-07-06,14.940674497242123,15.129030339301103,14.907039807493051,15.10884952545166,58561132
2016-07-07,15.155937979261832,15.256843627228626,15.055033910759208,15.129030227661133,65731461
2016-07-08,15.337561517515665,15.438467130189384,15.317380710873644,15.418286323547363,55327418
2016-07-11,15.499018621073271,15.55283413146387,15.451928470017114,15.505743980407715,42557517
2016-07-12,15.620100859917367,15.721006504183562,15.599920046956949,15.700825691223145,55059306
2016-07-13,15.687371815916201,15.734460379490507,15.613373922263893,15.700825691223145,57377156
2016-07-14,16.010273263229326,16.010273263229326,15.80846348759372,15.848823547363281,67039521
2016-07-15,15.909365835244889,15.922819713509353,15.721009960077943,15.821915626525879,62710956
2016-07-18,15.828644166372531,15.895915150674915,15.815190285405009,15.875734329223633,38953149
2016-07-19,15.801729090550898,15.889180855827206,15.781548278440377,15.882453918457031,30777585
2016-07-20,15.942994615126532,15.942994615126532,15.842090565584336,15.909359931945801,31817657
2016-07-21,15.889180182664189,15.916087931004908,15.808456937642033,15.828636169433594,36524509
2016-07-22,15.848818662127801,15.93627043297708,15.821912490396521,15.929543495178223,23484772
2016-07-25,15.902643880022202,15.936278586224521,15.848826770633536,15.895916938781738,37096308
2016-07-26,15.855544438856629,15.92954074185424,15.842090565584336,15.909359931945801,34484126
2016-07-27,15.882454761159529,15.949724138430495,15.848818493059918,15.90263557434082,50709937
2016-07-28,15.862274715742714,15.969907314767379,15.808460785426927,15.936272621154785,33001387
2016-07-29,15.875725248765068,15.983356234943409,15.875725248765068,15.909359931945801,54440606
2016-08-01,15.922817848980289,15.9900872324255,15.835367650501516,15.869002342224121,39409726
2016-08-02,15.821915479079925,15.882457930705808,15.694100477829725,15.734463691711426,39709475
2016-08-03,15.73446876954565,15.902643880022202,15.73446876954565,15.895916938781738,33511513
2016-08-04,15.882458523273298,15.909366280555385,15.821916069388603,15.855550765991211,31363295
2016-08-05,16.023717811662184,16.158256530761719,15.976629259977349,16.158256530761719,51542339
2016-08-08,16.205355481853424,16.225536300701986,16.131357566610784,16.178447723388672,45019886
2016-08-09,16.171714046722194,16.218804188481794,16.151534813773893,16.191896438598633,32239890
2016-08-10,16.178446458058104,16.205354214418374,16.03717915770223,16.0640869140625,33545242
2016-08-11,16.09771728515625,16.138078908854247,16.037174849609254,16.09771728515625,25139605
2016-08-12,15.99008274717848,16.077534500591156,15.983355810720877,16.050626754760742,28861534
2016-08-15,16.111167979076882,16.171710402671675,16.097714107166929,16.158256530761719,26275941
2016-08-16,16.131358871290374,16.158266631931383,16.077543350008355,16.11790657043457,27637427
2016-08-17,16.117897057960199,16.17843948367149,16.077533861355572,16.171710968017578,25676567
2016-08-18,16.144802658851766,16.191892790000317,16.111167979076882,16.158256530761719,26595016
2016-08-19,16.11116992675797,16.16498700036745,16.050627495844196,16.151533126831055,31510153
2016-08-22,16.124623800294362,16.16498700036745,16.084262179685183,16.151533126831055,32517481
2016-08-23,16.212074164622209,16.252435781763069,16.171710968017578,16.171710968017578,29855443
2016-08-24,16.178443347028573,16.218804973807654,16.124626265192322,16.164989471435547,24299201
2016-08-25,16.144806577062077,16.225531407576756,16.124625764299434,16.198623657226562,27249662
2016-08-26,16.245718796398361,16.339895960745753,16.117906930498332,16.21881103515625,64953346
2016-08-29,16.259171229159751,16.420619361700393,16.238990410025245,16.360076904296875,40451522
2016-08-30,16.386977826266858,16.508064270019531,16.366797015552066,16.508064270019531,39359132
2016-08-31,16.514799396429176,16.534980217151411,16.386985952390312,16.521526336669922,56386078
2016-09-01,16.561879086527963,16.575332959786461,16.326433145576473,16.454246520996094,62960480
2016-09-02,16.474436131327113,16.57534022499356,16.45425373312926,16.528251647949219,66918391
2016-09-06,16.521523590805696,16.548431347296628,16.373529350641125,16.5013427734375,60299920
2016-09-07,16.440796235335057,16.514794133867987,16.407161544849277,16.494611740112305,38671003
2016-09-08,16.494614996404028,16.54170515184466,16.447526420427923,16.481161117553711,72066064
2016-09-09,16.386976085029701,16.447518510740991,16.171710968017578,16.171710968017578,66476831
2016-09-12,16.097722822062554,16.413892142039874,16.023726486498084,16.353349685668945,87153077
2016-09-13,16.164992579877968,16.205354214418374,16.003542882787439,16.0640869140625,83230864
2016-09-14,16.064087144763608,16.171718171750413,15.976636935336828,16.023725509643555,82876829
2016-09-15,15.990091548460375,16.164995151556337,15.956456847659114,16.11790657043457,68626527
2016-09-16,16.053015931614599,16.059773443048535,15.917832375613184,15.965146064758301,75235766
2016-09-19,15.958779817456692,16.183434550903186,15.958779817456692,16.066946029663086,50396100
2016-09-20,16.183433677785466,16.208394255478119,16.050305306706761,16.075265884399414,39903200
2016-09-21,16.15015151215664,16.191753534844327,16.01702313513751,16.175113677978516,64029700
2016-09-22,16.258315509547785,16.274955362523581,16.175109896608536,16.208391189575195,38355700
2016-09-23,16.15015099253338,16.233356622247094,16.100228249511304,16.125188827514648,59009500
2016-09-26,16.025342883086058,16.033663604520964,15.825650329694325,15.867252349853516,54189000
2016-09-27,15.809011428710361,16.008704014210092,15.759088679089327,15.992062568664551,47620000
2016-09-28,16.058625307644832,16.091908195717849,15.908857072362622,16.066946029663086,42936400
2016-09-29,16.058625208724727,16.141830841379271,15.759087152989988,15.842292785644531,62580800
2016-09-30,15.925494006402847,16.141827978124937,15.900533431944826,16.058622360229492,47336900
2016-10-03,16.00869533196526,16.066938772770996,15.94213117289946,15.983733177185059,33170500
2016-10-04,16.025340345141718,16.166789413103057,15.967096891336771,16.050302505493164,68471600
2016-10-05,16.116867175613297,16.341520277632448,16.091905014493328,16.308238983154297,58651900
2016-10-06,16.349836168497017,16.35815688641252,16.19174570213184,16.333194732666016,53337300
2016-10-07,16.266635556734116,16.358161894812696,16.216712820970873,16.324880599975586,55532800
2016-10-10,16.408082962036133,16.482967851573527,16.391443109817263,16.408082962036133,37997400
2016-10-11,16.35816342827399,16.408086168717134,16.150150158243022,16.258317947387695,78581200
2016-10-12,16.241676330566406,16.34984253153474,16.21671416710512,16.241676330566406,51378700
2016-10-13,16.108544081880634,16.116864801028019,15.900530864240707,16.083581924438477,73171100
2016-10-14,16.274960914147144,16.324885251149645,16.108551218518969,16.158473968505859,76176500
2016-10-17,16.166787528897427,16.200068818472065,16.041979915716453,16.083581924438477,41236100
2016-10-18,16.249995833780648,16.266635687825726,16.150148774434342,16.216712951660156,45958700
2016-10-19,16.266631794661475,16.399760117250921,16.249991944598886,16.358158111572266,49835900
2016-10-20,16.341516674494887,16.458005147021744,16.291593950277544,16.358158111572266,56238200
2016-10-21,16.225032538980045,16.366481604082523,16.200070379133116,16.34984016418457,39543100
2016-10-24,16.424723357215221,16.482966803816446,16.391442067878049,16.399761199951172,33808700
2016-10-25,16.43304995790562,16.44137067997173,16.341523602193856,16.383127212524414,36177800
2016-10-26,16.308237030832274,16.507929534840635,16.29159559207784,16.482967376708984,40419200
2016-10-27,16.574495105910945,16.599457266155699,16.449687478717347,16.524572372436523,45545800
2016-10-28,16.557856067834656,16.574497510412041,16.324882219812572,16.449689865112305,55749900
2016-10-31,16.532892348032075,16.532892348032075,16.424724578857422,16.424724578857422,38579100
2016-11-01,16.48296571562302,16.524569308316465,16.22502978898282,16.358158111572266,62758900
2016-11-02,16.324879168540321,16.333198301258776,16.175109387367883,16.249994277954102,66529900
2016-11-03,16.266633987426758,16.416403767282759,16.24167341546076,16.266633987426758,53462100
2016-11-04,16.274956408355848,16.349841306111788,16.14182805390422,16.216712951660156,64891400
2016-11-07,16.491295584257955,16.632744703868283,16.474654137947173,16.624423980712891,59001800
2016-11-08,16.57450226408772,16.71595139253337,16.466336030342582,16.632745742797852,63290400
2016-11-09,17.090369625051572,17.423190512386306,16.732586576036049,17.339984893798828,268936600
2016-11-10,17.606242602872076,18.055552016534961,17.539678421627418,17.980667114257812,241635500
2016-11-11,17.864175029381613,18.055548400774391,17.805931580833139,18.030586242675781,134954500
2016-11-14,18.205316525569305,18.579740960683104,18.180355954571677,18.471574783325195,261730900
2016-11-15,18.31348789862059,18.471578423155417,18.130436798169647,18.454936981201172,122754500
2016-11-16,18.288526128644001,18.330129734423526,18.138756321868279,18.188680648803711,117887700
2016-11-17,18.188680085494539,18.454936806176303,18.147076481003488,18.438295364379883,98536400
2016-11-18,18.421653922583463,18.504859544550325,18.355089742413021,18.438295364379883,92344300
2016-11-21,18.538138987033907,18.554778838726342,18.380048493343661,18.504856109619141,71943900
2016-11-22,18.588060848026412,18.596381566991504,18.405009791839039,18.513175964355469,98286500
2016-11-23,18.588066129067151,18.646309591355418,18.446617040503369,18.621347427368164,101948400
2016-11-25,18.662946522864168,18.679587961499816,18.571420197383024,18.646305084228516,33114800
2016-11-28,18.513177303601427,18.621343483942617,18.380048964559201,18.429971694946289,99791400
2016-11-29,18.463254785750937,18.538139675701089,18.396690615463584,18.479894638061523,74645700
2016-11-30,18.737833888753631,18.779435903831828,18.662948992000754,18.729513168334961,98843700
2016-12-01,18.829359505341515,19.095617809939426,18.804398929952647,19.054014205932617,120088300
2016-12-02,19.004093113619135,19.012413835140951,18.76279695053255,18.846002578735352,82108300
2016-12-05,19.012414265147886,19.137221916767199,18.962491521903235,19.070657730102539,95145700
2016-12-06,19.195458859808973,19.253702304974642,19.004087086546104,19.237062454223633,79142600
2016-12-07,19.286986781119744,19.553243459410599,19.220422611547033,19.536602020263672,120172500
2016-12-08,19.644771096465472,19.836142898359604,19.528282601691362,19.719655990600586,116856500
2016-12-09,19.719658966426199,19.761260986328125,19.578209876938185,19.761260986328125,95677300
2016-12-12,19.703021276764137,19.786226919432643,19.519968545490297,19.569892883300781,85143200
2016-12-13,19.619813919067383,19.736300856411429,19.453402648276892,19.619813919067383,113420700
2016-12-14,19.470040614608632,19.827823671982561,19.395155714831986,19.528284072875977,142995800
2016-12-15,19.628132243609734,19.861107676853919,19.553247339603221,19.694696426391602,110426000
2016-12-16,19.792486372909128,19.800844877610093,19.499945085262336,19.525020599365234,83096500
2016-12-19,19.550097833785603,19.583531858257899,19.374573987972131,19.533382415771484,73717600
2016-12-20,19.650399590596631,19.775774002075195,19.650399590596631,19.775774002075195,60793600
2016-12-21,19.775765880228906,19.78412438345762,19.658750023469921,19.725616455078125,37738000
2016-12-22,19.717259369751549,19.717259369751549,19.60860041418594,19.675468444824219,37796100
2016-12-23,19.675471839491681,19.708904266357422,19.616962302588362,19.708904266357422,18276700
2016-12-27,19.750703231347842,19.759061740019252,19.708912282213308,19.733987808227539,38241100
2016-12-28,19.767414210189447,19.784131222425597,19.516665403535335,19.533382415771484,30834400
2016-12-29,19.550097495502271,19.58353151939605,19.307707199160415,19.391290664672852,39251800
2016-12-30,19.466510874256166,19.499943295770208,19.366210421270807,19.433076858520508,44761200
2017-01-03,19.733975974719282,19.78412540245305,19.441434723532787,19.650392532348633,71259900
2017-01-04,19.708897942657543,19.834272293065347,19.650390018748659,19.809198379516602,45092200
2017-01-05,19.750691994583953,19.77576750633197,19.424718312967787,19.608600616455078,62201100
2017-01-06,19.683825354432408,19.759050294678879,19.575167993088392,19.675468444824219,38060800
2017-01-09,19.625325804607204,19.667118341607395,19.499951382051186,19.541742324829102,34022400
2017-01-10,19.575173827053163,19.750697677125018,19.483231851745771,19.583532333374023,46212100
2017-01-11,19.608603797316459,19.708904266357422,19.474870901409755,19.708904266357422,48001200
2017-01-12,19.616967297207168,19.64204281940728,19.374576959495172,19.541742324829102,57418100
2017-01-13,19.675468043326298,19.884425852142144,19.566809089977983,19.650392532348633,72479700
2017-01-17,19.508306757714095,19.51666526377231,19.173974486495492,19.182332992553711,96657800
2017-01-18,19.282627091359068,19.366210536975974,19.098744786379175,19.341135025024414,68289100
2017-01-19,19.38292939119118,19.433078825649467,19.190686969694482,19.25755500793457,56729700
2017-01-20,19.316058701834372,19.41635754870698,19.249192272512158,19.349491119384766,74805200
2017-01-23,19.265915846646354,19.382933343203586,19.157258450795464,19.224124908447266,46651200
2017-01-24,19.316064676337501,19.541737948712846,19.232481215276817,19.466514587402344,45229500
2017-01-25,19.67546652235831,19.800840879111718,19.583524583435803,19.792482376098633,92850100
2017-01-26,19.825915287259029,19.89278171880612,19.733974940270205,19.842632293701172,70704400
2017-01-27,19.842642882626429,19.851001390307975,19.708909948166351,19.767417907714844,43944500
2017-01-30,19.642034632119103,19.65039313603511,19.433076816883794,19.608600616455078,46168800
2017-01-31,19.508304198356594,19.65875409922246,19.374571307414005,19.48322868347168,56477300
2017-02-01,19.633677064876792,19.733977522432337,19.449794752616935,19.508302688598633,72132200
2017-02-02,19.39964284278485,19.525018807571954,19.307702487955023,19.433076858520508,39396500
2017-02-03,19.767410260717064,19.842635206527973,19.591886449972751,19.825918197631836,86346600
2017-02-06,19.708912282213308,19.876079267196481,19.692195264870485,19.733987808227539,34952100
2017-02-07,19.850995267507479,19.859353772610945,19.658754432793277,19.683828353881836,50838500
2017-02-08,19.68382173065957,19.68382173065957,19.458148545687973,19.550088882446289,54341100
2017-02-09,19.550094423686321,19.842635709903185,19.499944989947412,19.817560195922852,76813700
2017-02-10,19.934581787773926,19.94294029416189,19.800848874010697,19.876073837280273,55078700
2017-02-13,20.001441031383013,20.193681826310627,19.968007017888727,20.101739883422852,76687000
2017-02-14,20.08502662416296,20.360850888175207,20.051592607084295,20.335775375366211,75954300
2017-02-15,20.436077097942196,20.536375966946114,20.285627200214538,20.494585037231445,76869400
2017-02-16,20.469506815977518,20.502940830705356,20.319056938145383,20.444431304931641,64048200
2017-02-17,20.293984415784617,20.452791213989258,20.268908903015724,20.452791213989258,54156600
2017-02-21,20.561451461322136,20.603242390996183,20.486226512531424,20.553092956542969,55216100
2017-02-22,20.469508501738773,20.628316896331491,20.436076078479186,20.569808959960938,50438900
2017-02-23,20.578167464331258,20.61995839196117,20.452791492998131,20.569808959960938,53509400
2017-02-24,20.352489463476537,20.46114681494732,20.319055451195403,20.41099739074707,61686800
2017-02-27,20.436080981741906,20.561455388934625,20.427722475366114,20.519662857055664,39655000
2017-02-28,20.444438709022922,20.519663675182215,20.377572249572676,20.511306762695312,48913000
2017-03-01,20.904146991710405,21.138180396662488,20.879071471608423,21.09638786315918,92150000
2017-03-02,21.138172916601217,21.146529826122517,20.762048219279581,20.770406723022461,69446200
2017-03-03,20.787119006191769,20.920851847241025,20.77876050434854,20.870700836181641,57652800
2017-03-06,20.745338866190949,20.778772893498601,20.619964452231599,20.711906433105469,49017200
2017-03-07,20.745334754398726,20.745334754398726,20.603243354948521,20.653392791748047,53726500
2017-03-08,20.879070994741667,20.945937452597619,20.653396101644539,20.661754608154297,104601000
2017-03-09,20.745329404503963,20.845629846458959,20.645030556770404,20.736970901489258,60804100
2017-03-10,20.837274584733624,20.853991593363403,20.58652423795202,20.720258712768555,62148600
2017-03-13,20.745331211793825,20.795480640029517,20.645032355322442,20.770406723022461,49418400
2017-03-14,20.686830912624732,20.728621852537124,20.561456498665379,20.711906433105469,49511100
2017-03-15,20.745337066163543,20.828920532958147,20.586528638675997,20.678470611572266,86455100
2017-03-16,20.762055879844777,20.870713280150301,20.703547926278556,20.711906433105469,89233700
2017-03-17,20.760557427886233,20.768945723885963,20.508914947509766,20.508914947509766,83056800
2017-03-20,20.466969592833397,20.525686053811818,20.341148376464844,20.341148376464844,78676400
2017-03-21,20.433416580697749,20.450191568440026,19.720427604788512,19.770755767822266,192257000
2017-03-22,19.628160952181847,19.821086939683482,19.48556313535375,19.728818893432617,133199500
2017-03-23,19.703651017142775,19.997234901329339,19.661711147931889,19.770755767822266,85238900
2017-03-24,19.804302834007817,19.904959129025507,19.611375335401814,19.745586395263672,97583400
2017-03-27,19.32619283640955,19.67849167674969,19.275863059300466,19.67010498046875,103963000
2017-03-28,19.602996644683262,20.014013483544449,19.602996644683262,19.938520431518555,82301100
2017-03-29,19.904964485521216,19.938517659491698,19.795919869923939,19.81269645690918,76524100
2017-03-30,19.829473375448039,20.123057276672235,19.804310092422583,20.072729110717773,92566000
2017-03-31,19.997232159168288,20.055948607973296,19.904962539672852,19.904962539672852,70540000
2017-04-03,19.938520625391789,19.988848793930547,19.628160119611579,19.863027572631836,93489100
2017-04-04,19.779143651781975,19.879801575667106,19.745592077089213,19.837860107421875,105795900
2017-04-05,20.022395862558668,20.097887292376896,19.686870574951172,19.686870574951172,104651200
2017-04-06,19.670098667341417,19.896576192028597,19.569440745333367,19.81269645690918,80802100
2017-04-07,19.661714132566672,19.863028415164511,19.628160952181847,19.728818893432617,61525700
2017-04-10,19.728815632619973,19.854636838459712,19.611381120586572,19.678485870361328,60429000
2017-04-11,19.577830180044387,19.653323225975171,19.418455794201236,19.619770050048828,83801200
2017-04-12,19.594605306878957,19.611380293687766,19.410066052851754,19.460395812988281,74023000
2017-04-13,19.384906487592591,19.602997356935514,19.208755493164062,19.208755493164062,120159300
2017-04-17,19.259079713156684,19.552663577056716,19.200363260357346,19.544275283813477,86681200
2017-04-18,19.410063642875961,19.502333258433261,19.242302596293705,19.359735488891602,74890400
2017-04-19,19.485565008115014,19.56105807133282,19.275862410266413,19.301027297973633,55583800
2017-04-20,19.443619009916915,19.670098128301042,19.368125970455541,19.628156661987305,85720400
2017-04-21,19.577829731591532,19.653322775793058,19.418455349399032,19.426843643188477,94675300
2017-04-24,19.871415867372235,19.972072204449749,19.787534519871883,19.863027572631836,98770600
2017-04-25,20.039176940917969,20.139834877790861,20.014013656627466,20.039176940917969,71026100
2017-04-26,20.014013515020356,20.206939492766111,19.98046033633225,20.022401809692383,71691200
2017-04-27,20.064335664874758,20.064335664874758,19.81269329980827,19.930126190185547,68871800
2017-04-28,19.938517843998085,19.955294431138572,19.737203598022461,19.737203598022461,64091900
2017-05-01,19.837862688410642,19.963683909709353,19.75398134091029,19.863027572631836,69086600
2017-05-02,19.863024988369013,19.88818826941273,19.728815489791124,19.837860107421875,76511500
2017-05-03,19.770760874522672,19.99724006652832,19.753984282543612,19.99724006652832,78115400
2017-05-04,20.123052314334107,20.190157052359901,19.946902976980088,20.030782699584961,64482800
2017-05-05,20.089509722509259,20.097896418594917,19.930135298515964,19.99724006652832,46881500
2017-05-08,20.022398772907096,20.055950346602838,19.946905732212461,19.980457305908203,45893000
2017-05-09,20.030783729955477,20.097888471433091,19.837857798195238,19.904962539672852,65737900
2017-05-10,19.871414364504812,19.972070693969727,19.837861188080833,19.972070693969727,51192700
2017-05-11,19.89657487708655,19.930128048839538,19.68687235334022,19.846246719360352,77266700
2017-05-12,19.753975141729903,19.770751725945882,19.653318836240285,19.762363433837891,55787200
2017-05-15,19.804310246589775,19.955296345532062,19.795921952214808,19.913354873657227,52192100
2017-05-16,19.95529570566125,19.988847282181716,19.854637776292822,19.972070693969727,51529600
2017-05-17,19.552672521711678,19.703658669354127,19.267476820587955,19.34296989440918,141192800
2017-05-18,19.317796901942025,19.535887716802929,19.29263202333771,19.418453216552734,101656900
2017-05-19,19.452014063256389,19.695268252799767,19.44362576707849,19.586223602294922,69775600
2017-05-22,19.695261634886144,19.695261634886144,19.502335687332351,19.636545181274414,79181900
2017-05-23,19.653323301979071,19.846249264591169,19.561053667728288,19.787532806396484,65577800
2017-05-24,19.81270128395181,19.829476275120609,19.6952667463475,19.779148101806641,59441200
2017-05-25,19.821083150498406,19.904964485521216,19.762366695953457,19.81269645690918,49362400
2017-05-26,19.762374083874192,19.863032043511986,19.762374083874192,19.804315567016602,42601700
2017-05-30,19.745598046228466,19.770761334879101,19.628163499544513,19.67010498046875,46584200
2017-05-31,19.670097252707027,19.678483945693099,19.376513401192852,19.502334594726562,115877900
2017-06-01,19.611375335401814,19.762361377831311,19.477165875442921,19.745586395263672,81187600
2017-06-02,19.603000210893878,19.770761334879101,19.561058729969641,19.67010498046875,83704500
2017-06-05,19.67848273640378,19.829468799327092,19.67848273640378,19.703647613525391,44055800
2017-06-06,19.552665298099633,19.670099813938343,19.510725428095192,19.619770050048828,60397300
2017-06-07,19.653322854109021,19.821083930856016,19.619769678817548,19.770755767822266,83049100
2017-06-08,19.770760874522672,20.139837898542559,19.753984282543612,19.99724006652832,77987000
2017-06-09,20.123054642280362,20.408250211858764,20.106278055857317,20.374698638916016,133216200
2017-06-12,20.416635513305664,20.559233277199212,20.299202625359133,20.416635513305664,86644400
2017-06-13,20.525684356689453,20.592789106531175,20.46696790056588,20.525684356689453,94978600
2017-06-14,20.349535881391446,20.584403316096729,20.240489658173331,20.559238433837891,117605800
2017-06-15,20.408256105194504,20.584407113697296,20.391479513926846,20.475360870361328,59547700
2017-06-16,20.469460602240478,20.51998284714556,20.393678840905007,20.452621459960938,53818800
2017-06-19,20.587351831913736,20.705233901484643,20.562090700138796,20.66313362121582,58041300
2017-06-20,20.595764991958202,20.612605741886668,20.477882954503539,20.486303329467773,45689600
2017-06-21,20.519981645019421,20.519981645019421,20.309477121646733,20.317895889282227,51938200
2017-06-22,20.242117323415993,20.301058337612044,20.166335560586163,20.191595077514648,58380200
2017-06-23,20.275800038591466,20.284220414081112,20.048454718438247,20.115816116333008,85352600
2017-06-26,20.157915557268783,20.309479085717918,20.090554167516078,20.225276947021484,60302300
2017-06-27,20.301061127793201,20.477884194683941,20.25053887494807,20.326320648193359,75943400
2017-06-28,20.461044765089181,20.679969723488817,20.444205619075753,20.646289825439453,90097600
2017-06-29,21.067292705196017,21.067292705196017,20.637863292526415,20.789426803588867,119176700
2017-06-30,20.940996855228274,20.949415625341626,20.730492269898775,20.772592544555664,72754900
2017-07-03,20.890472878333714,21.210440721061662,20.865213358028413,21.075717926025391,61454400
2017-07-05,21.134659014590767,21.159918534975535,20.983095468192538,21.109397888183594,78100200
2017-07-06,21.100974919987166,21.193597432743648,20.949411392211914,20.949411392211914,97648100
2017-07-07,21.058878010021381,21.134659785986461,20.949414730950728,21.092557907104492,59432400
2017-07-10,21.058876606596289,21.11781762708058,20.991515210896765,21.067296981811523,55022500
2017-07-11,21.05044998816367,21.058870360881563,20.823104742846255,20.882045745849609,49857200
2017-07-12,20.882050002758714,20.966252141080766,20.823108987739939,20.949411392211914,47818600
2017-07-13,20.949413900409283,21.075717926025391,20.93257475554655,21.075717926025391,48875900
2017-07-14,20.814692766172534,21.016776974851197,20.705231088730038,20.983097076416016,61742300
2017-07-17,20.924147988226768,20.966248246556482,20.831525492675112,20.915727615356445,43257000
2017-07-18,20.772584112560786,20.915727236721175,20.747322994407114,20.882045745849609,63210700
2017-07-19,20.924150092280289,20.983091102277537,20.814686839980773,20.890468597412109,48259400
2017-07-20,20.907306864003285,20.999929357878205,20.839945488282034,20.882045745849609,40163500
2017-07-21,20.823104742846255,20.949407121570861,20.823104742846255,20.882045745849609,39108400
2017-07-24,20.873632935450424,20.999935350215456,20.873632935450424,20.974674224853516,26364800
2017-07-25,21.210439181479362,21.319900842242543,21.176757682153898,21.235698699951172,75786800
2017-07-26,21.260962210587437,21.294643713693013,21.042037258468593,21.092557907104492,56086500
2017-07-27,21.134658140101138,21.143078515221784,20.882051704548733,20.974674224853516,67826200
2017-07-28,20.940994330393263,21.033615244675708,20.856792185209127,20.974674224853516,43735800
2017-07-31,21.050456098825137,21.202019639700254,21.025194973338504,21.126237869262695,43039300
2017-08-01,21.269381138468692,21.294642264078245,21.168338242052844,21.277801513671875,60987500
2017-08-02,21.303059194005257,21.328320317433825,21.202017912335418,21.311479568481445,43341500
2017-08-03,21.277800574107999,21.311480467411176,21.202018806647995,21.235698699951172,40816800
2017-08-04,21.429363648047861,21.463043540626529,21.336741132917588,21.378841400146484,50792900
2017-08-07,21.378845151173522,21.38726552730115,21.311483748175036,21.345165252685547,39486800
2017-08-08,21.311481978148162,21.54724767207259,21.27780208245747,21.286222457885742,52736500
2017-08-09,21.109397785936821,21.30306160271989,21.109397785936821,21.286222457885742,46567000
2017-08-10,21.151500378144988,21.202021026400168,20.907314300537109,20.907314300537109,71130300
2017-08-11,20.907312725206786,21.016774389182341,20.7725899359958,20.823110580444336,50477800
2017-08-14,20.991515843661595,21.168338910444593,20.983095468192538,21.109397888183594,49472900
2017-08-15,21.286221785300025,21.311481304764314,21.126237869262695,21.126237869262695,48535000
2017-08-16,21.218859749373696,21.252539642983315,21.050455463258707,21.084136962890625,35084100
2017-08-17,21.033614626821823,21.067296126315032,20.713648411747791,20.722068786621094,76613100
2017-08-18,20.621024563220779,20.882049743356635,20.612604188890952,20.730487823486328,71725900
2017-08-21,20.713646899980265,20.738906416734338,20.587344498143384,20.671545028686523,45047200
2017-08-22,20.755750185142023,20.915734107291012,20.730490664712779,20.898893356323242,42644000
2017-08-23,20.747331277234306,20.949415485074866,20.730492131097815,20.831533432006836,36612700
2017-08-24,20.924155962858869,20.924155962858869,20.78943315763183,20.831533432006836,31067200
2017-08-25,20.873629456000089,20.983091102277537,20.865209082283044,20.890468597412109,37177300
2017-08-28,20.907312284955726,20.915732659856896,20.705228105394585,20.755748748779297,36486900
2017-08-29,20.519988024372758,20.722072236912812,20.503147271822112,20.688390731811523,42814200
2017-08-30,20.722071893762894,20.865215076027852,20.705231141491126,20.772592544555664,35176100
2017-08-31,20.839957566513569,20.86521869930786,20.73049586978394,20.797857284545898,44225200
2017-09-01,20.823110949041052,20.974674491091875,20.77259030369823,20.856792449951172,42132600
2017-09-05,20.696810732359644,20.730492236849482,20.351583341451445,20.410524368286133,96579200
2017-09-06,20.486303529313933,20.56208529870899,20.393681009826121,20.461042404174805,77593900
2017-09-07,20.494720515395596,20.511561262703594,20.031611206579989,20.107391357421875,87667800
2017-09-08,20.124236389146272,20.368422459032914,20.082136117935253,20.292640686035156,68639500
2017-09-11,20.528406167210413,20.705230851542719,20.486305893143083,20.646289825439453,73305700
2017-09-12,20.722065941137419,20.907309344846201,20.705225193703328,20.890468597412109,66350600
2017-09-13,20.856790983206857,20.932572748902949,20.781009217510761,20.924152374267578,51049400
2017-09-14,20.932567982156957,20.983088612442423,20.839945488282034,20.882045745849609,47163200
2017-09-15,20.850770173387588,20.960689979159611,20.825403692197,20.943778991699219,59250200
2017-09-18,21.019873187988164,21.197433687458581,21.002962203451865,21.18897819519043,44010400
2017-09-19,21.188977327411312,21.400359787297315,21.155156972444047,21.349628448486328,58443300
2017-09-20,21.366547016659013,21.552563066808204,21.26508269030079,21.476465225219727,70595500
2017-09-21,21.425728474017301,21.57792411887576,21.408817488428507,21.527191162109375,51050100
2017-09-22,21.442642302650945,21.527194016364795,21.383455457963024,21.501829147338867,42306600
2017-09-25,21.476465225219727,21.552563066808204,21.332725036966018,21.476465225219727,39774600
2017-09-26,21.510279779357592,21.54410013465472,21.408815488025819,21.468002319335938,46811000
2017-09-27,21.73857549334214,21.840039802787217,21.645568290131344,21.730121612548828,65919100
2017-09-28,21.806212543306327,21.814666421425347,21.654016933644293,21.763935089111328,37718900
2017-09-29,21.763941728077828,21.865406036376953,21.730121367125101,21.865406036376953,42740800
2017-10-02,21.823130521929812,22.051424026489258,21.823130521929812,22.051424026489258,52774000
2017-10-03,22.03450699515157,22.12751579284668,21.992231148592069,22.12751579284668,48062900
2017-10-04,22.068328025110677,22.135970344364527,22.017596688850311,22.026050567626953,39283800
2017-10-05,22.051419863806185,22.330444668022217,21.992233028475557,22.25434684753418,61260400
2017-10-06,22.313529213124468,22.372716036599073,22.161333602635498,22.279708862304688,66077800
2017-10-09,22.338901979559505,22.338901979559505,22.144430472575255,22.195161819458008,31340200
2017-10-10,22.228979003786723,22.296621322631836,22.169790563667167,22.296621322631836,35822500
2017-10-11,22.245891354955475,22.279713325270297,22.161338041888733,22.25434684753418,33748600
2017-10-12,22.313540869413611,22.321996364715584,22.059882461237624,22.085248947143555,53834800
2017-10-13,21.975321021731339,22.169792503840057,21.890767712595306,22.093694686889648,69561400
2017-10-16,22.110607128850813,22.245891787298699,22.102151636107777,22.237436294555664,42000700
2017-10-17,22.313531775516722,22.321987267372659,22.076784454431245,22.12751579284668,37844200
2017-10-18,22.220524800608864,22.279711631439771,22.127516002034476,22.245889663696289,52201500
2017-10-19,22.085245404027557,22.271261432666172,22.05142342824568,22.262805938720703,34671600
2017-10-20,22.499554641098712,22.541830497560714,22.42345680929067,22.524919509887695,56083800
2017-10-23,22.533368095876391,22.575645552098329,22.457270287396955,22.508003234863281,43555200
2017-10-24,22.584107786545889,22.710938589417946,22.567198410520845,22.668661117553711,61259200
2017-10-25,22.736299873808715,22.761666352926415,22.406543708880623,22.53337287902832,68653500
2017-10-26,22.617929981514376,22.761670161793575,22.617929981514376,22.660205841064453,41832600
2017-10-27,22.617926900829911,22.685569234529183,22.499553220036297,22.643293380737305,56694400
2017-10-30,22.617929588441079,22.65175156566989,22.491100399274323,22.550287246704102,48157500
2017-10-31,22.550287158477509,22.634840488498082,22.465733828456933,22.491100311279297,39890800
2017-11-01,22.584106354022719,22.685570667340293,22.499554641098712,22.524919509887695,40921900
2017-11-02,22.550279725518539,22.770117666021427,22.440361561627149,22.736295700073242,51098300
2017-11-03,22.660202754621789,22.677113741226716,22.575651047038033,22.643293380737305,42387000
2017-11-06,22.58410557708703,22.660203406277166,22.541829722079395,22.617927551269531,33642100
2017-11-07,22.634840141926105,22.702482482362736,22.245895474875017,22.305082321166992,70325500
2017-11-08,22.262804152875155,22.271259646142354,22.119063992773658,22.195161819458008,55844900
2017-11-09,22.051416292055738,22.195156417170978,21.89076518452222,22.119058609008789,94577000
2017-11-10,22.135977355517269,22.178253213670967,22.034513038139533,22.051424026489258,53209600
2017-11-13,21.91614226654568,22.135980306234586,21.899231275941727,22.085248947143555,50579200
2017-11-14,22.00068442025864,22.085237717565153,21.924586613954776,22.0767822265625,54101800
2017-11-15,21.88231681076233,22.212074624295632,21.865407435564151,22.135976791381836,64952300
2017-11-16,22.237443105788781,22.288176077786282,22.127524891902524,22.144435882568359,53648100
2017-11-17,22.03450530963746,22.169789943543567,22.009140448730097,22.119058609008789,41938700
2017-11-20,22.161337295519616,22.254346098032627,22.0936949698884,22.220525741577148,35232400
2017-11-21,22.296629169958685,22.321994040502741,22.237440709007675,22.288173675537109,35972400
2017-11-22,22.288165317975935,22.347352144012554,22.178245544433594,22.178245544433594,30959400
2017-11-24,22.262802890586801,22.305078741805339,22.152884709786399,22.169794082641602,12172500
2017-11-27,22.152885437011719,22.271259114485819,22.135974450881019,22.152885437011719,42346400
2017-11-28,22.178248234713863,22.753208807762498,22.161337250160607,22.727842330932617,86507000
2017-11-29,22.947678442972073,23.268980672714211,22.88849161452487,23.116785049438477,135340600
2017-11-30,23.319715184701668,23.573373516218432,23.150608555210265,23.268983840942383,135241700
2017-12-01,23.302808326087085,23.429637514306652,22.787036078964768,23.319719314575195,148119600
2017-12-04,23.708666722701309,23.843951420779767,23.674844741821289,23.674844741821289,99820400
2017-12-05,23.776309127798374,23.80167400079738,23.488828740523655,23.548015594482422,77706200
2017-12-06,23.463451385498047,23.598736021225655,23.395809067634243,23.463451385498047,60299100
2017-12-07,23.539552688598633,23.624106001658433,23.31971471973128,23.539552688598633,59625500
2017-12-08,23.657935438190535,23.68330192565918,23.48883035989569,23.68330192565918,55001600
2017-12-11,23.68329611169807,23.717116473966179,23.556466930931723,23.624109268188477,43278400
2017-12-12,23.717116839412206,23.953865829819062,23.641019007235737,23.860857009887695,69517100
2017-12-13,23.835487822238207,23.886219163590351,23.548007533375603,23.564918518066406,97335300
2017-12-14,23.649476662630224,23.683298641231275,23.387362779354874,23.412729263305664,76970000
2017-12-15,23.555431825205577,23.78478550283328,23.47048583865347,23.623388290405273,111826100
2017-12-18,23.818766492000528,23.954679433506687,23.776292685148562,23.83575439453125,61275500
2017-12-19,23.971666793697505,23.988656316053916,23.733819961547852,23.733819961547852,57366300
2017-12-20,23.929189804763382,23.971661981919038,23.674353501410042,23.691341400146484,69680300
2017-12-21,23.818762574123472,23.963168633037039,23.793278294204125,23.895212173461914,46123500
2017-12-22,23.963168165522063,23.997147204751606,23.716826611946967,23.827255249023438,43020300
2017-12-26,23.827256694304918,23.90370791699889,23.665861108804187,23.759300231933594,33710100
2017-12-27,23.776297183433599,23.793286709388667,23.708340699823697,23.784791946411133,29421000
2017-12-28,23.844250094416356,23.886723902940101,23.784788382693243,23.878229141235352,28129700
2017-12-29,23.954677164897678,23.954677164897678,23.708333969116211,23.708333969116211,55169800
2018-01-02,23.861231235712964,23.861231235712964,23.606394954931396,23.716823577880859,55436100
2018-01-03,23.759299928712011,23.861235431073005,23.682848706993727,23.844245910644531,56906200
2018-01-04,23.980155652870064,24.243488323952818,23.937683477642331,24.065101623535156,62247000
2018-01-05,24.192522154587316,24.192522154587316,23.980158017092251,24.133060455322266,37989500
2018-01-08,24.10757990250281,24.150053708694013,24.014140769302244,24.099086761474609,44252100
2018-01-09,24.201017078854854,24.413381217792022,24.158544899151337,24.28596305847168,51418700
2018-01-10,24.362419460061822,24.591773167748507,24.319945651114207,24.489837646484375,64670900
2018-01-11,24.591771024503249,24.634243209539139,24.472845990024737,24.608758926391602,42361700
2018-01-12,24.753159616993202,24.84660034187414,24.600257201809679,24.829610824584961,44537500
2018-01-16,25.041980236020603,25.084454038242995,24.625746695500514,24.761659622192383,67563800
2018-01-17,24.82962040921096,25.016501931112064,24.625750983672624,24.948545455932617,54312000
2018-01-18,25.033487548340162,25.041982309488006,24.880586708309089,24.91456413269043,49247400
2018-01-19,24.999510068713114,25.101443961841902,24.94854312214872,25.092950820922852,60727800
2018-01-22,25.10144342551558,25.305314447837215,25.067466001935294,25.296819686889648,46868900
2018-01-23,25.23735777793523,25.364777579096405,25.118434358408884,25.322303771972656,60862000
2018-01-24,25.441230085852222,25.55165874948429,25.288327612969237,25.492197036743164,66371000
2018-01-25,25.594127793110449,25.594127793110449,25.356280971376357,25.441226959228516,45423700
2018-01-26,25.517680318981288,25.63660373978767,25.398755277964813,25.628108978271484,33871900
2018-01-29,25.645091926420058,25.764015316736884,25.509179017426636,25.526166915893555,41037700
2018-01-30,25.339292955774631,25.500690180265185,25.19488525390625,25.19488525390625,67316900
2018-01-31,25.262840270996094,25.390258442912849,25.177894282981601,25.262840270996094,49504500
2018-02-01,25.211878824790595,25.526176942717296,25.203384062115507,25.500694274902344,60824200
2018-02-02,25.449717028255957,25.517675106503674,24.92305488351424,24.940044403076172,73086000
2018-02-05,24.404888336030236,24.812627125319178,23.445003067052951,23.682849884033203,147871500
2018-02-06,23.13920062177759,24.175537226305458,23.079738911219202,24.11607551574707,159006400
2018-02-07,24.073598756057212,24.47284275127241,23.971663257167275,24.133060455322266,102699400
2018-02-08,24.175528326852621,24.21800211890902,23.054246139915723,23.071235656738281,135270500
2018-02-09,23.419521583353344,23.691347475357585,22.731462091691341,23.512962341308594,149504900
2018-02-12,23.750805168497774,24.082094336013622,23.538441023771394,23.844245910644531,83571800
2018-02-13,23.708339482495184,23.997154928060343,23.640383002374577,23.946187973022461,43365500
2018-02-14,23.929192411066584,24.523812677268417,23.844246427293481,24.515317916870117,57379700
2018-02-15,24.719188231267818,24.753165653923219,24.37940590366409,24.65123176574707,66976000
2018-02-16,24.532302562653289,24.829612656308829,24.498325145777901,24.61724853515625,47508200
2018-02-20,24.566278647309627,24.812620155731732,24.464343168514965,24.540794372558594,58236100
2018-02-21,24.549295229416135,24.974023526188766,24.523812568544095,24.574779510498047,44578800
2018-02-22,24.634245596428038,24.77015854596393,24.311452746332833,24.370914459228516,47602700
2018-02-23,24.447360179462585,24.736175537109375,24.438865419507117,24.736175537109375,41187300
2018-02-26,24.914559245701845,25.109933853149414,24.75316205597095,25.109933853149414,55124200
2018-02-27,25.126925713339993,25.288322918109241,24.855099865440121,24.872089385986328,72752100
2018-02-28,24.999516276964677,25.092957052379017,24.523820877075195,24.523820877075195,65254700
2018-03-01,24.532308243154596,24.727684511214044,23.963172201872801,24.099086761474609,82467900
2018-03-02,23.929188995667737,24.226499086333764,23.691340599092989,24.158542633056641,78991200
2018-03-05,23.971667209238184,24.634244010733532,23.963172447912722,24.498331069946289,58952100
2018-03-06,24.634238819024485,24.651228338094832,24.34542347566742,24.600259780883789,49746100
2018-03-07,24.294459657666753,24.608757699770216,24.268975375789477,24.557790756225586,41530200
2018-03-08,24.61724967744647,24.668218235439092,24.370908127987761,24.634239196777344,50803000
2018-03-09,24.897575454640481,25.245852572461505,24.795641557829981,25.228864669799805,54595700
2018-03-12,25.228868813888145,25.322307964611053,25.101448991629951,25.143922805786133,51784500
2018-03-13,25.262834181639874,25.288318457964479,24.804128549264014,24.863590240478516,47049400
2018-03-14,24.974024105705933,24.974024105705933,24.506823616498696,24.583274841308594,57278900
2018-03-15,24.676714539246639,24.727683103775078,24.515318945536432,24.591770172119141,47451600
2018-03-16,24.64718780981304,24.851799344378339,24.613086700439453,24.613086700439453,61278200
2018-03-19,24.578971462087118,24.664226631315238,24.203849693147653,24.434038162231445,52145000
2018-03-20,24.527829463012932,24.596033302237643,24.434048574288532,24.49372673034668,37146500
2018-03-21,24.536354980612206,24.809170335670135,24.399947303083241,24.485200881958008,53291400
2018-03-22,24.161234483933939,24.255015377574381,23.49624579705312,23.581501007080078,85160300
2018-03-23,23.607080455998663,23.641181567808811,22.822735371068699,22.865362167358398,89289500
2018-03-26,23.325735606923939,23.675280483615051,23.104072724564833,23.607076644897461,84145000
2018-03-27,23.683808518831196,23.786113474013913,22.959141644170533,23.146701812744141,78827400
2018-03-28,23.206375070830855,23.419512246218709,22.890932961877084,23.189325332641602,84244500
2018-03-29,23.291625517601844,23.666747325116226,23.189320604893457,23.504762649536133,58290000
2018-04-02,23.504769788279035,23.530346837277893,22.635169635611092,22.984714508056641,74363900
2018-04-03,23.129649037935568,23.351311928825606,22.925037513908116,23.300159454345703,75160400
2018-04-04,22.882416405116999,23.615609101199073,22.865365034020147,23.547405242919922,70327000
2018-04-05,23.760535698001341,23.905469058597404,23.658229126830324,23.734958648681641,45378300
2018-04-06,23.462140151815646,23.615599174968111,22.950610616676624,23.163747787475586,88521000
2018-04-09,23.291631698608398,23.760534488963064,23.249004911352383,23.291631698608398,54633200
2018-04-10,23.666749452587542,23.777580055669052,23.4877134000929,23.641172409057617,67801500
2018-04-11,23.428042329610509,23.538874592253638,23.300160325575121,23.359838485717773,52480800
2018-04-12,23.53886941400803,23.922515341717062,23.521818050258947,23.76905632019043,63289100
2018-04-13,24.058923137879297,24.075974501726453,23.283103970016697,23.410985946655273,70103900
2018-04-16,23.547398860269304,23.683806539853567,23.445092287527206,23.513296127319336,44633600
2018-04-17,23.717907646695728,23.743484696408206,23.428040921052222,23.513296127319336,50750100
2018-04-18,23.572974609091293,23.666755499889721,23.351311720181815,23.4024658203125,66795500
2018-04-19,23.445084888645951,23.8116810216274,23.428033527552095,23.760528564453125,76142000
2018-04-20,23.803159047688592,23.90546560407553,23.666751389911042,23.76905632019043,49800400
2018-04-23,23.837265674561849,23.862842726114234,23.666756875869709,23.743486404418945,45689200
2018-04-24,23.8713582617664,24.016291573399986,23.428032646639288,23.590017318725586,69592900
2018-04-25,23.564449475137518,23.692333102337987,23.334262523613983,23.572975158691406,51819000
2018-04-26,23.555923956239628,23.709383009066574,23.462144688707063,23.581501007080078,33456200
2018-04-27,23.538872970928345,23.675280649318236,23.504770238276972,23.615602493286133,47185200
2018-04-30,23.675281183244834,23.803163181355888,23.393940136957386,23.4024658203125,41731400
2018-05-01,23.351307799297775,23.428037310502432,23.163747675301696,23.410985946655273,46372400
2018-05-02,23.325737923475806,23.419517194708639,23.11260070305255,23.146701812744141,45430300
2018-05-03,23.035868224326244,23.069969329651865,22.558439740905659,22.950613021850586,68947900
2018-05-04,22.814206186263871,23.376888266718833,22.737476663828392,23.249006271362305,40575600
2018-05-07,23.334261979579416,23.496245085003096,23.240481088780989,23.4024658203125,36873600
2018-05-08,23.419515943116171,23.726434044477799,23.410990259621922,23.564449310302734,47718500
2018-05-09,23.675283094020049,23.973675531100263,23.590027879695992,23.913995742797852,43817000
2018-05-10,23.871364580442325,24.161231280436308,23.837261850510014,24.110078811645508,41445500
2018-05-11,24.12713012827145,24.255013747772761,24.041876550080936,24.093029022216797,25894000
2018-05-14,24.161234442669439,24.203861234556175,24.033352440901346,24.075979232788086,31292900
2018-05-15,24.041879489625014,24.161235814571366,23.939572906736732,24.033353805541992,54655800
2018-05-16,24.007775390104577,24.144183075471592,23.956622914618919,24.075979232788086,31984900
2018-05-17,24.050397654982248,24.110077428941178,23.871363211428172,24.024822235107422,45070400
2018-05-18,24.024824996338726,24.033350679312736,23.820213483285755,23.828739166259766,33266100
2018-05-21,23.965141684143312,24.093023649016757,23.956616003004093,23.999242782592773,29647900
2018-05-22,24.016291056718853,24.297631993706961,24.016291056718853,24.161224365234375,52841400
2018-05-23,23.999244856454126,24.075974367230145,23.752006586481706,24.007770538330078,44968500
2018-05-24,23.931043943548069,23.948095309377681,23.581499074579781,23.820213317871094,43245200
2018-05-25,23.709383669015764,23.786113197564998,23.632654140466528,23.743486404418945,39312500
2018-05-29,23.410988513446753,23.445091244880111,22.780102616899271,22.950613021850586,126469700
2018-05-30,23.172272810765087,23.462139484900778,23.112594664814946,23.368358612060547,65843700
2018-05-31,23.317212735927789,23.351313846345359,23.104075510967036,23.172279357910156,66686900
2018-06-01,23.453618508428704,23.555923457408291,23.359837616774211,23.428041458129883,62934300
2018-06-04,23.538865371177106,23.590017827531302,23.462135873592182,23.504762649536133,44196900
2018-06-05,23.428041244270013,23.46214397769047,23.283107879448732,23.4024658203125,44996800
2018-06-06,23.538872449574448,23.845788906100029,23.513295400652417,23.828739166259766,61960000
2018-06-07,23.931049137293741,24.024830043602083,23.743488950785153,23.905473709106445,65166100
2018-06-08,23.879893221946475,23.965148431233789,23.752011221069441,23.939571380615234,47713400
2018-06-11,24.016296359601007,24.101551552747818,23.88841438293457,23.88841438293457,47319600
2018-06-12,23.956621158654404,24.016299313364716,23.709381230731381,23.828739166259766,55517200
2018-06-13,23.837265674561849,24.024827467063503,23.71790935286656,23.743486404418945,61095800
2018-06-14,23.786107795935706,23.828736205509124,23.453614331800832,23.521818161010742,70635500
2018-06-15,23.375406276143192,23.598029395258617,23.212721469720098,23.520967483520508,63387600
2018-06-18,23.315466808637996,23.512402055908023,23.238404906114621,23.478153228759766,49824600
2018-06-19,23.238405053906881,23.478153378076779,23.2298424387774,23.418216705322266,50214700
2018-06-20,23.632277335172258,23.632277335172258,23.332592336332119,23.358280181884766,42833600
2018-06-21,23.281217048354112,23.426778232491589,23.127093249484808,23.289779663085938,75190900
2018-06-22,23.452463929682928,23.47815177331557,23.161341567786572,23.178466796875,61389400
2018-06-25,23.075719803090365,23.118531244727283,22.776034812176501,22.930158615112305,80746100
2018-06-26,22.947275757996973,22.972963595645556,22.707529139215627,22.853090286254883,56387800
2018-06-27,22.844536651142057,23.015784069975282,22.561976858572844,22.570539474487305,78099200
2018-06-28,22.57053796739843,22.861660356443167,22.527724890684858,22.767473220825195,78544800
2018-06-29,23.050032994527218,23.178468958364157,22.733222759454339,22.767473220825195,77149900
2018-07-02,22.579095158401135,22.887341070927256,22.561969931829822,22.878778457641602,66202800
2018-07-03,22.938720688608804,23.007219973502057,22.621910475257653,22.673284530639648,30717800
2018-07-05,22.793152507886493,22.844526547499626,22.647591368023214,22.724653244018555,40668500
2018-07-06,22.664724689855561,22.930160880311874,22.579101798123308,22.835973739624023,41285000
2018-07-09,22.955845433985886,23.383966394285558,22.930159221585097,23.358280181884766,73447400
2018-07-10,23.375407433728846,23.452469349283181,23.204160002726418,23.272659301757812,51260600
2018-07-11,23.144224741949852,23.281223348428359,23.109974273754119,23.161348342895508,46023700
2018-07-12,23.306906909528884,23.324032141674543,23.067160192097766,23.204158782958984,64876800
2018-07-13,23.109966804344875,23.178466085444366,22.861657522791099,23.101404190063477,64146900
2018-07-16,23.169905150489363,23.529526810614556,23.152781553837158,23.512401580810547,55812000
2018-07-17,23.538084030151367,23.63227113933219,23.409648102364795,23.538084030151367,55502200
2018-07-18,23.632275232860906,23.957646415157036,23.598024775170938,23.914834976196289,59109200
2018-07-19,23.79496223862288,23.803523220108822,23.520963469671873,23.555213928222656,61765100
2018-07-20,23.512399858689292,23.666523649333268,23.426776982244135,23.598024368286133,51562300
2018-07-23,23.598026137328162,23.957647798072827,23.589463522411407,23.923398971557617,81516200
2018-07-24,24.017579975102532,24.137454928353957,23.931957108260583,23.991893768310547,63133700
2018-07-25,23.974774635007307,24.086085370082998,23.84633866895015,24.04327392578125,44197200
2018-07-26,24.103205391692004,24.197392508581693,24.009019907953878,24.034706115722656,40056800
2018-07-27,24.02614579045818,24.205957427723643,23.949083893508941,24.086082458496094,63149400
2018-07-30,24.103202819824219,24.283014420777167,24.068954002069756,24.103202819824219,56474100
2018-07-31,24.171709665809935,24.180272281220599,23.880587274454964,23.931962966918945,84500100
2018-08-01,24.086085144855197,24.205960127452588,23.8720246590443,23.931962966918945,64046900
2018-08-02,23.777836465295742,23.983334312443262,23.700774568471456,23.940521240234375,38330700
2018-08-03,23.906271355544956,24.077520370483398,23.906271355544956,24.077520370483398,34894300
2018-08-06,24.11177408677155,24.265897904863376,24.060400025124935,24.205961227416992,38230100
2018-08-07,24.274458836054858,24.45426885591548,24.25733360564379,24.317270278930664,44608600
2018-08-08,24.283019402010719,24.420017967434195,24.265894173044856,24.377204895019531,47522000
2018-08-09,24.317272016476696,24.377208694046235,24.231647491455078,24.231647491455078,29357800
2018-08-10,23.914836409005499,24.034709751798932,23.82921189280227,23.949085235595703,83301400
2018-08-13,23.949085301142492,24.009023605855063,23.709338614899458,23.717901229858398,74413500
2018-08-14,23.80352267546936,23.983334312443262,23.735023393086852,23.940521240234375,43659000
2018-08-15,23.743588873782382,23.872024839610017,23.640840754381038,23.752151489257812,55681100
2018-08-16,23.863464222072054,24.137461388866605,23.863464222072054,24.068962097167969,49534200
2018-08-17,24.000457484936319,24.154579632227787,24.000457484936319,24.120330810546875,43193100
2018-08-20,24.120333426129005,24.240206764738492,24.086082967582435,24.197395324707031,30053700
2018-08-21,24.214524012656064,24.411459277972781,24.163148317497974,24.291585922241211,47940000
2018-08-22,24.188835995817463,24.300146734910463,24.171710764217931,24.205961227416992,27323300
2018-08-23,24.197396200062411,24.223084044901611,24.060397627223633,24.094646453857422,31767800
2018-08-24,24.188833763691253,24.231645205587501,24.137459706785393,24.180271148681641,22064500
2018-08-27,24.274458140138456,24.591266727901413,24.265895525178401,24.505643844604492,52254500
2018-08-28,24.574142803370322,24.591266399910229,24.437144232140319,24.479955673217773,28896800
2018-08-29,24.479952384203227,24.539889046919562,24.351516445075141,24.471389770507812,34015300
2018-08-30,24.360083832087195,24.454269334889108,24.240208850013655,24.283021926879883,43264100
2018-08-31,24.197391373928557,24.274453259924467,24.120329487932647,24.257328033447266,34107800
2018-09-04,24.205957504816052,24.402892738468328,24.146020836587248,24.377204895019531,43145600
2018-09-05,24.360078343072431,24.522763099050934,24.342953116184738,24.394327163696289,32727700
2018-09-06,24.360083832087195,24.428583121921264,24.205960021672567,24.283021926879883,38328900
2018-09-07,24.334389919443176,24.351515145920374,24.154578307735559,24.257328033447266,43644300
2018-09-10,24.317272016476696,24.351522479746134,24.205961277154977,24.231647491455078,29927200
2018-09-11,24.163140920974158,24.325827306204577,24.077518054891133,24.257328033447266,32065200
2018-09-12,24.257329170910925,24.308703219600048,24.017580888442431,24.034706115722656,47963400
2018-09-13,24.094643249251913,24.214518209406243,23.949082080826482,24.000457763671875,44977100
2018-09-14,24.03470858729359,24.197394996882224,24.026145972772952,24.171707153320312,34151000
2018-09-17,24.171710218139957,24.240209509838593,24.043274250349004,24.068962097167969,26907900
2018-09-18,24.128894663462209,24.214519171789341,24.026144926839322,24.188831329345703,36405600
2018-09-19,24.171713404302,24.676896359601447,24.171713404302,24.599834442138672,75551800
2018-09-20,24.779634010717693,24.890944707540445,24.71969735603226,24.813882827758789,78555500
2018-09-21,24.898176828675624,24.941178203902737,24.683166671745429,24.717567443847656,64710000
2018-09-24,24.691765126168562,24.726167537959896,24.425152996374841,24.442354202270508,47985100
2018-09-25,24.536955853683281,24.554155416840011,24.339145293608848,24.347745895385742,32964400
2018-09-26,24.38214655905406,24.416547323304759,23.995127708752829,24.055330276489258,60288100
2018-09-27,24.081130546478292,24.167134912223656,23.943524217444448,23.969326019287109,57492200
2018-09-28,23.874732531448672,23.883333136197901,23.685524148158525,23.719924926757812,66454900
2018-10-01,23.857528890562808,23.986534667858642,23.737123717139688,23.81452751159668,49855000
2018-10-02,23.780125096105813,23.857528890562808,23.625317507191827,23.81452751159668,47629500
2018-10-03,23.969332345887235,24.14133948238165,23.900529163210013,24.038135528564453,79591400
2018-10-04,24.029529083910745,24.382145514457299,24.01232788232387,24.201536178588867,94700800
2018-10-05,24.261742519723029,24.34774690064582,24.020932221615762,24.081134796142578,58148700
2018-10-08,24.012329848962324,24.321944941296412,23.995128645966652,24.244541168212891,56594900
2018-10-09,24.132737378675149,24.253144171170099,23.977929817179614,24.149938583374023,47963500
2018-10-10,24.141340255987593,24.201542837709685,23.401704788208008,23.401704788208008,101604400
2018-10-11,23.264090669573598,23.410297593798507,22.636261611594719,22.70506477355957,178628200
2018-10-12,23.117894269699395,23.152296686541803,22.386860956170942,22.730876922607422,137933000
2018-10-15,22.739470747045338,22.902877257134566,22.627664566040039,22.627664566040039,82196400
2018-10-16,22.782471816108924,23.023283737857128,22.627664269299153,23.006082534790039,75137300
2018-10-17,22.954485071412879,23.384505390110924,22.842678869928882,23.238298416137695,79472100
2018-10-18,23.109291467321988,23.281298601770256,22.782475123194953,22.851278305053711,81706000
2018-10-19,22.834075071088446,23.117888376093713,22.722270525648778,22.937280654907227,73614300
2018-10-22,22.963084311226375,23.014686287095074,22.447059631347656,22.447059631347656,58645800
2018-10-23,21.991234381501009,22.395454449057993,21.862228640100756,22.266447067260742,93698200
2018-10-24,22.232053352371977,22.232053352371977,21.621423576841178,21.707427978515625,98050700
2018-10-25,21.810627456229241,22.223446499719479,21.784825650862203,22.042837142944336,72439400
2018-10-26,21.776224695940645,21.948233448137405,21.518213208042535,21.72462272644043,115308900
2018-10-29,21.991237401714027,22.300852535913879,21.681622267514175,21.913833618164062,97946100
2018-10-30,22.034241957960443,22.309454700788802,21.879434380020154,22.292253494262695,82719100
2018-10-31,22.5072626843634,22.88568100963753,22.472860272794264,22.60186767578125,93781100
2018-11-01,22.662063412480329,22.799669736410035,22.550257249039458,22.70506477355957,62346600
2018-11-02,22.928685836386506,23.05769161840238,22.515866677776707,22.687873840332031,73034200
2018-11-05,22.782473511275899,23.117888794056185,22.782473511275899,23.04908561706543,58705800
2018-11-06,23.031886365708491,23.169492721557617,22.920080176332853,23.169492721557617,51010900
2018-11-07,23.298499800643331,23.496308743380798,23.066288446787745,23.470508575439453,59990800
2018-11-08,23.332901171448096,23.668318126887179,23.255499025236162,23.539312362670898,46730100
2018-11-09,23.479104769228087,23.547907942953998,23.203892074324443,23.324298858642578,47051200
2018-11-12,23.272693740964048,23.375899315068086,22.816873359696668,22.859874725341797,47135500
2018-11-13,22.894278725727553,23.212492790631213,22.877077522111932,22.988882064819336,69820600
2018-11-14,23.169488739460629,23.203889502311938,22.429853473593447,22.679265975952148,104274200
2018-11-15,22.524459972950087,23.031883972568519,22.386853631399021,23.014682769775391,93998000
2018-11-16,22.894278434004427,23.143689321664628,22.76527104892817,23.040485382080078,80518300
2018-11-19,23.023284545259568,23.135089088322488,22.825475624242134,23.031885147094727,65491300
2018-11-20,22.76527204268978,22.8598770251029,22.455658570023672,22.52446174621582,103778300
2018-11-21,22.653464573623708,22.868474676531758,22.472855234174556,22.541658401489258,48618000
2018-11-23,22.421259865557658,22.550265637179109,22.300854697430623,22.361057281494141,24252300
2018-11-26,22.593262838317997,22.902876282424163,22.584662237037691,22.816873550415039,50168800
2018-11-27,22.773873351746978,22.902879106062425,22.722271378100235,22.834075927734375,47174300
2018-11-28,22.902879739834621,23.272697448730469,22.705070801717326,23.272697448730469,61375300
2018-11-29,23.100688127310196,23.229693872959658,22.980281343026586,23.074886322021484,43664100
2018-11-30,23.006083201137873,23.28989649837715,22.971680794007266,23.195291519165039,45435200
2018-12-03,23.530711216818204,23.625314566849095,23.178094703909803,23.341501235961914,65332700
2018-12-04,23.221103446776009,23.229704052307731,22.214855565133139,22.32666015625,110918600
2018-12-06,21.827824593107394,22.025635131472651,21.440807398003642,22.017034530639648,134687100
2018-12-07,21.965433028585114,22.275046463108559,21.492409815190467,21.595615386962891,86740000
2018-12-10,21.509611549916581,21.569814118109402,20.898981985967385,21.294601440429688,101121800
2018-12-11,21.561209671742343,21.690215386348726,21.010784414543558,21.088188171386719,92308200
2018-12-12,21.380607850723727,21.518214202682927,21.105395146805328,21.208599090576172,86748900
2018-12-13,21.199997996757336,21.311804180378836,20.97638726991141,21.053791046142578,67232900
2018-12-14,20.847385406494141,21.139799362195248,20.804384029642897,20.847385406494141,66817000
2018-12-17,20.72697843139925,21.045192529300795,20.546369055500691,20.640974044799805,101180400
2018-12-18,20.761380886887363,20.984991654036282,20.434566159760401,20.563571929931641,90844000
2018-12-19,20.520575091673972,20.976395689781526,20.142156660469542,20.305564880371094,129331700
2018-12-20,20.107747296926068,20.425963021563064,20.013143952085741,20.124948501586914,107016900
2018-12-21,20.103314180612674,20.48409201746605,19.67926684779605,19.722537994384766,118502300
2018-12-24,19.462913153493965,19.687918130199844,19.281179316899916,19.307140350341797,71752700
2018-12-26,19.359066243210769,20.189852348374128,19.082135890864382,20.181198120117188,108133500
2018-12-27,19.843693271655027,20.423513412475586,19.653303533978612,20.423513412475586,98005000
2018-12-28,20.518709139027067,20.683136209677659,20.328321028701804,20.414861679077148,76348400
2018-12-31,20.52735860068481,20.700439861229253,20.3542789907656,20.613899230957031,56435400
2019-01-02,20.311012643822203,20.830254897374189,20.250434683522503,20.786985397338867,62945000
2019-01-03,20.631207703086975,20.683131421040361,20.267738376162825,20.319662094116211,65729700
2019-01-04,20.665824409167431,21.037947990195473,20.613900687585136,20.994678497314453,64638400
2019-01-07,20.951405595754949,21.211027483131996,20.821595477379031,21.020639419555664,48167000
2019-01-08,21.211027963218658,21.245643225277284,20.795634914763703,21.037946701049805,90114700
2019-01-09,21.08987049020104,21.219680601790785,20.942751923565964,21.141794204711914,61037100
2019-01-10,21.020643424397605,21.219685753870468,20.951409587406499,21.150453567504883,48630500
2019-01-11,21.046595020498248,21.245637260674684,20.925439161369081,21.202367782592773,44961600
2019-01-14,20.994677912983242,21.418725203791347,20.968715227602022,21.349493026733398,50610600
2019-01-15,21.262952048811197,21.574497665845151,21.202374101193545,21.539880752563477,59156500
2019-01-16,21.790850056944144,22.128356733637155,21.730272104781339,21.998546600341797,72982400
2019-01-17,21.912004852609016,22.197587791659597,21.782194725881538,22.119701385498047,55771300
2019-01-18,22.275473758986735,22.526441429590985,22.093739915273545,22.500478744506836,58400200
2019-01-22,22.310095992824728,22.422597687100943,22.12836045514694,22.240863800048828,79651700
2019-01-23,22.32740077178094,22.353363460694538,22.0158567579454,22.266822814941406,44072000
2019-01-24,22.188932886032241,22.379322606673092,22.119700710515186,22.318744659423828,25496900
2019-01-25,22.474516059422687,22.647597325399776,22.413938111518291,22.500478744506836,63140000
2019-01-28,22.28412912279256,22.457210397588668,22.249512207583191,22.431247711181641,66894900
2019-01-29,22.422589482506808,22.509130104467239,22.344703087804927,22.353357315063477,29442100
2019-01-30,22.422587805313203,22.621630065496426,22.26681502756113,22.483165740966797,62076800
2019-01-31,22.292784077758853,22.483172165735972,22.258167161421877,22.448556900024414,64021500
2019-02-01,22.483169003797325,22.6475960320228,22.457207970821063,22.543746948242188,42920300
2019-02-04,22.55240208696431,22.64759694672254,22.431246193181295,22.638942718505859,30362500
2019-02-05,22.682214681948246,22.699523140268703,22.49182659229951,22.578367233276367,39094900
2019-02-06,22.509136812472622,22.673563878136267,22.474519893122146,22.552406311035156,51542800
2019-02-07,22.483169194501873,22.543747139460564,22.145662557946192,22.327396392822266,80395700
2019-02-08,22.206241020270902,22.310090107351872,21.929312322221964,22.214895248413086,54911100
2019-02-11,22.284126281738281,22.327395769608099,22.171624622901664,22.284126281738281,53115700
2019-02-12,22.448554505728751,22.699520519902872,22.439900277567542,22.612979888916016,37671300
2019-02-13,22.716830589444964,22.872603406158358,22.66490686741562,22.673561096191406,42969600
2019-02-14,22.500476505524936,22.569708674901548,22.266817314894457,22.396627426147461,47630100
2019-02-15,22.578367181841433,22.872604370117188,22.396631671141499,22.872604370117188,46880800
2019-02-19,22.76009465818537,22.976445374140081,22.690862495104863,22.90721321105957,23868300
2019-02-20,22.898565630401475,23.062992684425176,22.84664190567705,23.054338455200195,27509100
2019-02-21,23.011072000082834,23.088958422773089,22.855299154702326,22.933185577392578,46619900
2019-02-22,22.933182208747276,23.002414390899609,22.812026302637047,22.898565292358398,26343700
2019-02-25,23.002409567858813,23.210106070766951,22.967794309353327,22.993755340576172,33835900
2019-02-26,22.829333251913354,23.097609403716145,22.81202644423691,22.924528121948242,35659700
2019-02-27,22.881258210465063,23.054337838458125,22.855295523484671,23.011068344116211,42542400
2019-02-28,23.019721221446613,23.062990713247846,22.941834815704144,22.950489044189453,39835900
2019-03-01,23.149528465409066,23.313955484908494,23.028372582949014,23.097604751586914,82657300
2019-03-04,23.158185575960928,23.313958387445858,22.760099318763288,22.950489044189453,76611900
2019-03-05,22.993764704922793,23.002418935729917,22.69087322917634,22.863954544067383,39868100
2019-03-06,22.863944040111218,22.941830430967716,22.699517031566938,22.716825485229492,43158900
2019-03-07,22.630284292107646,22.630284292107646,22.353355643048388,22.483165740966797,62622100
2019-03-08,22.232204124857414,22.49182437152847,22.223549896551674,22.474515914916992,55826400
2019-03-11,22.587017864139845,22.7774059234582,22.483168781386539,22.708173751831055,63343500
2019-03-12,22.742790698697007,22.837983903193194,22.708173787516447,22.760097503662109,32521100
2019-03-13,22.846636592082678,23.002409380652285,22.777404425010079,22.915868759155273,42817500
2019-03-14,22.881258795613107,23.088955344891499,22.872604566398326,23.002414703369141,37665700
2019-03-15,23.00676181364231,23.2329137714087,22.989364998721332,23.163328170776367,70020400
2019-03-18,23.206827589487094,23.467773260094571,23.206827589487094,23.398187637329102,43980700
2019-03-19,23.528647530040363,23.572139557252342,23.154626050324548,23.215513229370117,45029300
2019-03-20,23.16332592252267,23.172024329138885,22.711020391839501,22.737113952636719,65860300
2019-03-21,22.580551446235326,22.763214711520931,22.423985066200014,22.667533874511719,104914100
2019-03-22,22.397888108185658,22.519662502925851,21.94558084336251,22.041261672973633,121855900
2019-03-25,22.015163216674225,22.20652484780204,21.815104837814648,21.945577621459961,72835600
2019-03-26,22.119543390091643,22.258714586504091,21.989070600836417,22.206525802612305,51171500
2019-03-27,22.154337854777154,22.267415501504718,22.006468234553836,22.110847473144531,73148100
2019-03-28,22.154342112830815,22.310910171283307,22.04996451323051,22.302211761474609,52089300
2019-03-29,22.49356879083367,22.510963947788834,22.276113567903113,22.363094329833984,50234400
2019-04-01,22.54575836778195,22.92848003805042,22.537059959474515,22.911083221435547,62485300
2019-04-02,22.850194008554389,23.015458774675707,22.815400378390997,22.893684387207031,41002400
2019-04-03,23.050248775341277,23.154627990344277,22.867587222900195,22.963266372680664,52030900
2019-04-04,22.963270581574857,23.198122614088689,22.963270581574857,23.102441787719727,54378900
2019-04-05,23.145934049328726,23.224218060920158,23.067650037737291,23.137235641479492,37088800
2019-04-08,23.076347414274643,23.172026578236856,23.024156969511704,23.163328170776367,34998000
2019-04-09,23.058948196283428,23.058948196283428,22.867588229249844,22.971965789794922,65954800
2019-04-10,22.971971700726083,23.076350947180458,22.858895704531363,23.041557312011719,48232700
2019-04-11,23.128538214747287,23.267709428135362,23.058952608053254,23.180727005004883,62205000
2019-04-12,23.519958550750292,23.772205755675692,23.398182493393303,23.606939315795898,84627600
2019-04-15,23.615636320599666,23.624334728397617,23.406879510603787,23.459068298339844,40030400
2019-04-16,23.511259853216924,23.815695845235084,23.493863036801109,23.789602279663086,56093400
2019-04-17,23.876580067580377,23.885276815048275,23.659124881751964,23.850484848022461,58834000
2019-04-18,23.806998086065462,23.876583689724828,23.746109231193316,23.780902862548828,52495700
2019-04-22,23.711320877075195,23.780906491352852,23.633036853631342,23.711320877075195,39324100
2019-04-23,23.70261815409263,23.885279736183069,23.606937329730055,23.859186172485352,54250300
2019-04-24,23.78090485084342,23.937472886930383,23.72871605849836,23.833093643188477,39505200
2019-04-25,23.720020764764186,23.972268010099366,23.659133555857487,23.876588821411133,44532300
2019-04-26,23.876580908805082,24.111431256894996,23.841787281502004,24.094036102294922,41527900
2019-04-29,24.181025020962618,24.468065906971493,24.12013781166559,24.337593078613281,61643200
2019-04-30,24.37237548828125,24.407167452255692,24.163618727280813,24.37237548828125,38800300
2019-05-01,24.398480972984451,24.476765004007884,24.154932128957832,24.172328948974609,67969500
2019-05-02,24.154929185233083,24.31149722819924,24.02445636911191,24.198419570922852,50972900
2019-05-03,24.302794687503571,24.459362703851411,24.259302650156066,24.415870666503906,34598900
2019-05-06,23.989659037475491,24.337587046547512,23.946168658485842,24.250604629516602,42517000
2019-05-07,24.024449660305756,24.259300000121371,23.685218442258474,23.850484848022461,60090800
2019-05-08,23.754805846168196,23.998356270120148,23.69391865494309,23.798297882080078,44254200
2019-05-09,23.511260524030423,23.798301366874224,23.398182873153058,23.746110916137695,56468300
2019-05-10,23.615640479037676,23.946173397356205,23.40688363228216,23.902681350708008,63453600
2019-05-13,23.424280513009005,23.476469310073185,23.128541231225416,23.206825256347656,54962500
2019-05-14,23.259007803692068,23.589540634071891,23.232912582645817,23.389480590820312,52398400
2019-05-15,23.154632065633635,23.41557766049139,23.067649647663838,23.302501678466797,49061700
2019-05-16,23.380787380003106,23.667828239098448,23.363392221157834,23.537355422973633,44872600
2019-05-17,23.302502633977358,23.606938620777484,23.267709001742087,23.38078498840332,62711500
2019-05-20,23.293805340326518,23.511260575045224,23.293805340326518,23.406881332397461,44357300
2019-05-21,23.502561060310683,23.650430679321289,23.502561060310683,23.650430679321289,36851400
2019-05-22,23.528656144530562,23.580846596293302,23.441675376362948,23.511260986328125,25867600
2019-05-23,23.285106244571804,23.293804652790023,22.980668593140994,23.180727005004883,51832900
2019-05-24,23.267707239176119,23.372086468923339,23.198121639028496,23.363388061523438,30582000
2019-05-28,23.293802422364966,23.363388022396048,23.093742370605469,23.093742370605469,35177700
2019-05-29,22.911085500466726,23.093747115937525,22.806706249446332,23.050256729125977,39700600
2019-05-30,23.102438570001976,23.232911350209029,22.858889822695851,22.971965789794922,40641200
2019-05-31,22.67623130207329,22.789308951655421,22.606645694273421,22.624042510986328,49259200
2019-06-03,22.589246475784577,22.867590536441188,22.545756097678133,22.771909713745117,63329300
2019-06-04,23.050251012476572,23.415575811866564,22.989363822420156,23.389480590820312,45454400
2019-06-05,23.43297783369453,23.554752240870773,23.232917745981151,23.537355422973633,46599700
2019-06-06,23.546050325499756,23.720015160460989,23.415577528804643,23.624334335327148,37297600
2019-06-07,23.624332450352622,23.702616453933771,23.554746853730656,23.589540481567383,33054800
2019-06-10,23.728715081259455,23.963565466666072,23.728715081259455,23.789602279663086,37081400
2019-06-11,23.920072264530287,24.015753084484899,23.728712283672596,23.798297882080078,34273400
2019-06-12,23.772208614475058,23.81569900222793,23.511262969853938,23.563451766967773,36866000
2019-06-13,23.606939535971513,23.72001718606824,23.546052336251012,23.641733169555664,31020000
2019-06-14,23.667824912320309,23.772204145979615,23.485163327231078,23.693920135498047,29724100
2019-06-17,23.685220111896054,23.754805709904375,23.450368096473653,23.476463317871094,40981600
2019-06-18,23.424277430189566,23.885281451846623,23.424277430189566,23.789602279663086,46237400
2019-06-19,23.833093341646801,23.998359784208919,23.720017349821209,23.746110916137695,58118500
2019-06-20,23.876580067580377,23.946165660683413,23.589539288648925,23.850484848022461,50583800
2019-06-21,23.867097435116133,24.024463183908864,23.762188047590744,23.797157287597656,65322300
2019-06-24,23.753443459183131,23.919551921836025,23.674760590953049,23.70098876953125,48377800
2019-06-25,23.700995436138342,23.735964683240891,23.508658740806855,23.622312545776367,47748500
2019-06-26,23.674768281665258,23.788420424081476,23.569857200776774,23.57859992980957,31448000
2019-06-27,23.666022958131219,23.858359640756763,23.666022958131219,23.788417816162109,59459800
2019-06-28,24.068176131520705,24.216799149194635,23.814642061810339,24.129373550415039,76728100
2019-07-01,24.409136377181852,24.522788498793609,24.286741528137693,24.417879104614258,48971100
2019-07-02,24.382910248079998,24.461593134092485,24.225544476055024,24.356683731079102,56626800
2019-07-03,24.435366728164681,24.557761588071617,24.365426570002871,24.549018859863281,23706800
2019-07-05,24.627698339181467,24.715123941665297,24.50530349620691,24.618955612182617,40683100
2019-07-08,24.487818323315825,24.592727713496984,24.426620901126036,24.496561050415039,26286700
2019-07-09,24.330455104015321,24.583989213778331,24.312969647996177,24.540275573730469,25895800
2019-07-10,24.54901293934476,24.680150495833413,24.417875382856103,24.452844619750977,36566700
2019-07-11,24.487820170387167,24.627700479516086,24.444106531593867,24.592729568481445,40907500
2019-07-12,24.627699171808839,24.75883674621582,24.566501748252563,24.75883674621582,31109900
2019-07-15,24.767578636153726,24.785064090151426,24.549015463696488,24.618955612182617,28346100
2019-07-16,24.662665805379614,24.706379437229,24.505301733235488,24.557756423950195,47287700
2019-07-17,24.470335301492035,24.549018185701403,24.3129695330733,24.347940444946289,35062600
2019-07-18,24.312969094845528,24.575245926650979,24.286742578918361,24.531532287597656,46369800
2019-07-19,24.592729213247797,24.636442851409665,24.409136935482323,24.42662239074707,29338500
2019-07-22,24.374167223603763,24.522790265653384,24.330455250797058,24.47907829284668,26683300
2019-07-23,24.540275925902236,24.767581854898541,24.5315331977672,24.732612609863281,45307600
2019-07-24,24.680152437286978,24.986141204833984,24.662666983711805,24.986141204833984,36374200
2019-07-25,24.977403060091152,25.012373973656828,24.758839852820483,24.811294555664062,34180400
2019-07-26,24.863748444789387,25.099795417782165,24.811292079675638,25.082311630249023,33642800
2019-07-29,25.038599543482928,25.108539700461741,24.863749984788335,24.889976501464844,35955100
2019-07-30,24.697641078633556,24.846264118196324,24.64518637864224,24.820035934448242,30726100
2019-07-31,24.820036229952567,24.942432754729339,24.653929400084948,24.697641372680664,64485400
2019-08-01,24.68015841057489,24.846266924732674,24.103151642979466,24.13812255859375,107976300
2019-08-02,24.094402643901361,24.251768388203711,23.80589933518192,24.129373550415039,66036400
2019-08-05,23.596077732819694,23.709731505869339,23.150208701826624,23.32505989074707,85527900
2019-08-06,23.473682891033739,23.718472554412198,23.246377012536232,23.70098876953125,53445000
2019-08-07,23.255121511102967,23.491170133783502,22.940390014195589,23.386259078979492,82354600
2019-08-08,23.613569132036446,23.840875067875778,23.49991533036431,23.832132339477539,66653200
2019-08-09,23.700989979301532,23.875839509567488,23.517396054891982,23.753444671630859,53782700
2019-08-12,23.473690816976326,23.561116440918592,23.228899403439002,23.298839569091797,56837600
2019-08-13,23.255125961890371,23.75344981569792,23.167700344072127,23.58734130859375,72255900
2019-08-14,23.062783990945995,23.185180494881362,22.695597814149064,22.713083267211914,92067300
2019-08-15,22.826738357543945,22.97536138211737,22.660629878901961,22.826738357543945,59504500
2019-08-16,22.940388080666924,23.290088788031383,22.940388080666924,23.228891372680664,48451800
2019-08-19,23.587337778252508,23.631051414371449,23.421230963514681,23.464942932128906,38297700
2019-08-20,23.333803347746876,23.377515312593765,23.123982914973578,23.150209426879883,40579300
2019-08-21,23.298835108277196,23.333806018160576,23.193925713636585,23.255123138427734,44913500
2019-08-22,23.377512313936617,23.473680625269651,23.228889318014815,23.412483215332031,43896700
2019-08-23,23.246382566880516,23.421233797503994,22.660633112048252,22.817998886108398,86245300
2019-08-26,22.966618004456897,23.054043604818332,22.826737710880451,23.036558151245117,34175500
2019-08-27,23.123984829089952,23.193924979137101,22.756798624466249,22.896678924560547,54240800
2019-08-28,22.774281764347297,23.141467958539483,22.756797977960744,23.106498718261719,51870400
2019-08-29,23.316323140706391,23.534886349124147,23.27261116602482,23.456203460693359,49818300
2019-08-30,23.587338195912334,23.65727834743635,23.447457892864303,23.534883499145508,40561000
2019-09-03,23.342548833283765,23.368775348290015,23.089014738191523,23.290092468261719,59997200
2019-09-04,23.464942232605619,23.56111056169566,23.412487538331355,23.517396926879883,43945700
2019-09-05,23.849616477668889,24.199317256739285,23.840873749754021,23.998239517211914,68639200
2019-09-06,24.024467384548963,24.094407544296363,23.902072521867247,23.989498138427734,35660800
2019-09-09,24.155604318211136,24.45285040592389,24.103149616704442,24.356683731079102,67797700
2019-09-10,24.435362181889662,24.549014292442934,24.216799019860254,24.444103240966797,77540100
2019-09-11,24.461587874461721,24.610210886361781,24.243024719756011,24.583984375,53285900
2019-09-12,24.514048302086,24.811292707730946,24.435365419928427,24.715126037597656,72872200
2019-09-13,24.90745735168457,25.003625675061265,24.793805242924943,24.90745735168457,56248700
2019-09-16,24.697641078633556,24.855006846112349,24.662670166969448,24.820035934448242,36693600
2019-09-17,24.732615555911824,24.846267700195312,24.645189931652556,24.846267700195312,40868800
2019-09-18,24.750095170714193,24.994886543835857,24.680155016608687,24.933689117431641,57268900
2019-09-19,24.916204274019695,25.064827313582462,24.811293206532216,24.820035934448242,42335000
2019-09-20,24.858701379750894,24.955358319362688,24.65659684927687,24.674171447753906,82921100
2019-09-23,24.551151665076723,24.788402031357506,24.507215170575915,24.718105316162109,35827300
2019-09-24,24.788404967019726,24.841128766664713,24.410561125600537,24.480857849121094,61659700
2019-09-25,24.533574077123575,24.726889601348145,24.436915477008448,24.682954788208008,53544400
2019-09-26,24.647805776272588,24.674167669951942,24.533574255673468,24.568721771240234,53107500
2019-09-27,24.770830208074791,24.858701524967341,24.533578155266699,24.665384292602539,73386900
2019-09-30,24.726893041253788,24.753254938408645,24.586299608439731,24.603874206542969,30608000
2019-10-01,24.718110244919053,24.735684846223727,24.085439682006836,24.085439682006836,54786200
2019-10-02,23.936047546670039,23.944834843145973,23.540629261285563,23.593351364135742,78141700
2019-10-03,23.558209655881718,23.69001579284668,23.241875262367014,23.69001579284668,81128700
2019-10-04,23.716376742798239,24.146944333545644,23.698802144970372,24.129369735717773,40697200
2019-10-07,24.032711458869681,24.226026996173299,23.979989344333386,24.006349563598633,36922900
2019-10-08,23.769091571980969,23.777878868200464,23.514266685637185,23.531841278076172,60008900
2019-10-09,23.681227262073406,23.865755495967303,23.663652665700916,23.751523971557617,45131000
2019-10-10,23.813030383101331,24.173301183324913,23.813030383101331,23.99755859375,54305400
2019-10-11,24.375405872719028,24.595083288669279,24.287534571137794,24.296321868896484,78702500
2019-10-14,24.217244890898222,24.384200244738516,24.190884665980285,24.331478118896484,35821000
2019-10-15,24.472064668325107,24.832335499292437,24.37540606820998,24.682954788208008,65130200
2019-10-16,24.68295602136855,24.744465433240027,24.559937197625594,24.62144660949707,44595200
2019-10-17,24.753252443947545,24.823549153270559,24.577509832637134,24.639020919799805,32013600
2019-10-18,24.568728897283975,24.797193680753054,24.568728897283975,24.700536727905273,40523700
2019-10-21,24.911418226050987,25.078373524230667,24.902630928672519,25.043224334716797,44145400
2019-10-22,24.999298531883468,25.139891988588104,24.893852601351892,24.972936630249023,50423000
2019-10-23,24.920208748747296,25.078376770019531,24.911421450231526,25.078376770019531,30615400
2019-10-24,25.104733740360466,25.148670227252808,24.946565739559254,25.043224334716797,33469600
2019-10-25,25.0168656913627,25.245330424855315,24.805975554909324,25.16624641418457,28330200
2019-10-28,25.262902643337345,25.412283352094697,25.254115345645069,25.298051834106445,50104600
2019-10-29,25.245328723117037,25.482580739136573,25.218968505340893,25.359561920166016,48458100
2019-10-30,25.359566023258626,25.412288143346881,25.16624878959172,25.341991424560547,51106700
2019-10-31,25.254116861966555,25.262904160186444,25.016864838046899,25.218969345092773,56795500
2019-11-01,25.412287232778542,25.614390082546798,25.359565114579414,25.588029861450195,42302300
2019-11-04,25.807704925537109,25.851639740643986,25.737408215762645,25.807704925537109,37319100
2019-11-05,25.886789034550667,26.027384139756638,25.842854216427842,25.904363632202148,39516100
2019-11-06,25.886792120985067,26.036172866821289,25.851644597497412,26.036172866821289,40179900
2019-11-07,26.194341080432331,26.387658326874856,26.132831656930108,26.229490280151367,61738600
2019-11-08,26.203124712903005,26.229486609002599,26.044956688317132,26.220699310302734,53808800
2019-11-11,26.062532660811421,26.20312609541546,26.027385140163382,26.15040397644043,19702400
2019-11-12,26.159194279882623,26.26463852994253,26.088897554507305,26.185554504394531,44640600
2019-11-13,25.983447454126015,26.106466284767958,25.878003221006026,26.018596649169922,43495400
2019-11-14,25.948304542291062,26.071323394775391,25.895580740363926,26.071323394775391,46158400
2019-11-15,26.159191419712872,26.185551641342631,26.062532804387882,26.141616821289062,30097000
2019-11-18,26.141611920769211,26.203121327716001,26.062527918693156,26.194334030151367,25440500
2019-11-19,26.255850214280848,26.334934236770142,26.176767867797629,26.247064590454102,30770900
2019-11-20,26.14161520097219,26.194337316969822,25.939512359643054,26.124040603637695,46719500
2019-11-21,26.176765059537335,26.220699877981996,26.009809732637009,26.097681045532227,37192700
2019-11-22,26.13282473200578,26.317354629620059,26.13282473200578,26.290992736816406,35195000
2019-11-25,26.326144689157466,26.493100019713882,26.317359066080854,26.457952499389648,50094100
2019-11-26,26.457952931613821,26.457952931613821,26.299784897556073,26.431591033935547,33516200
2019-11-27,26.501889603739926,26.545824426934679,26.414018281344347,26.537038803100586,31012300
2019-11-29,26.484310007115635,26.572181312932042,26.440375192210311,26.493097305297852,19444200
2019-12-02,26.537038924585037,26.589761047861312,26.299786855832675,26.326147079467773,52427800
2019-12-03,26.018599800578695,26.027387100404002,25.790135033138927,25.957090377807617,66912000
2019-12-04,25.983449449472129,26.273423626828876,25.965874850600567,26.203126907348633,41793900
2019-12-05,26.308574155713067,26.370083578869735,26.211915533034826,26.326147079467773,44933500
2019-12-06,26.616118151403597,26.765497194434637,26.607330853106635,26.677627563476562,40811300
2019-12-09,26.62490691544215,26.73035283144258,26.60733399278039,26.616121292114258,21627500
2019-12-10,26.545811112934199,26.67761886842268,26.475514425476117,26.624895095825195,37362100
2019-12-11,26.616122158926323,26.660056981020517,26.537038138351953,26.563398361206055,24490200
2019-12-12,26.598545090888091,27.160918806324847,26.580970493279224,27.08183479309082,68427500
2019-12-13,27.055470651976794,27.213636979518515,26.827005944186794,26.985172271728516,48135700
2019-12-16,27.204853624341141,27.257577417167742,27.055474572683394,27.08183479309082,45914900
2019-12-17,27.099409343023357,27.275151966791096,27.090622044234383,27.187280654907227,30911900
2019-12-18,27.275152159502071,27.275152159502071,27.073047637939453,27.073047637939453,39079700
2019-12-19,27.081833171996319,27.143342583939582,27.037898356609926,27.064258575439453,36946900
2019-12-20,27.202035091333794,27.272689662303318,27.060725949394751,27.096054077148438,97416000
2019-12-23,27.166710210883089,27.175542243329573,26.998904963475784,27.034233093261719,38293100
2019-12-24,27.087222045210016,27.104886109086859,27.025399506178914,27.096054077148438,12315900
2019-12-26,27.122546180052311,27.246192932128906,27.122546180052311,27.246192932128906,15891300
2019-12-27,27.29035971744776,27.29919175132515,27.157882578363388,27.175546646118164,19417400
2019-12-30,27.299185758118583,27.343344233272841,27.069557981333173,27.096054077148438,18819300
2019-12-31,27.078393052321641,27.193207795869107,27.043066605141064,27.184375762939453,15788100
2020-01-02,27.281522227835691,27.44932746887207,27.202035623373085,27.44932746887207,28843300
2020-01-03,27.096058234564367,27.272693846820893,27.016571619460592,27.157880783081055,51363600
2020-01-06,26.910590905647457,27.157882802641861,26.90175887169713,27.140218734741211,27956100
2020-01-07,27.078392233393597,27.122550712168351,26.963579177856445,26.963579177856445,39627500
2020-01-08,26.990077526662148,27.29035994282027,26.990077526662148,27.140218734741211,47966600
2020-01-09,27.334513826470573,27.361008237690413,27.228531127977682,27.308017730712891,27705300
2020-01-10,27.325682760841939,27.334514793073485,27.069558879740807,27.104887008666992,33458200
2020-01-13,27.16670679803395,27.31684796168663,27.096052231876083,27.290351867675781,27542700
2020-01-14,27.290352412500852,27.449325610664225,27.202033781905893,27.237361907958984,37575400
2020-01-15,27.104889026104988,27.193207670456175,26.998906315975962,27.087224960327148,41457300
2020-01-16,27.219700888278911,27.32568359375,27.157878345311595,27.32568359375,34444000
2020-01-17,27.405174255371094,27.466996807482932,27.29919153422351,27.405174255371094,38819400
2020-01-21,27.272695649692988,27.39634243943819,27.175546646118164,27.175546646118164,41276500
2020-01-22,27.263865526992799,27.325688080110211,27.219705357238769,27.255033493041992,27391000
2020-01-23,27.113721184040259,27.246198308908994,26.928251861593598,27.184375762939453,43072300
2020-01-24,27.193204111862528,27.193204111862528,26.67212603137239,26.839929580688477,58924900
2020-01-27,26.31002405630209,26.548482201259169,26.274695925471118,26.424837112426758,50289300
2020-01-28,26.566148211297797,26.848766540481055,26.521989729064707,26.733953475952148,34257900
2020-01-29,26.822269528660055,26.919418517076814,26.645632247749294,26.689790725708008,41167500
2020-01-30,26.451331548123189,27.043064226048489,26.433667483817864,27.025400161743164,51210000
2020-01-31,26.795775547128525,26.831101995377505,26.363016027715442,26.460165023803711,58958800
2020-02-03,26.6456298828125,26.910584096124634,26.627965819381611,26.6456298828125,40168200
2020-02-04,27.007737084439682,27.157878267446105,26.892924031334982,26.901754379272461,79273300
2020-02-05,27.263862744675279,27.466994451199231,27.202038513328887,27.440498352050781,51086900
2020-02-06,27.590641911706609,27.617138013128056,27.3521820525282,27.405174255371094,37044400
2020-02-07,27.255027223735368,27.387504333448099,27.193204684838616,27.308017730712891,27982500
2020-02-10,27.219699338750914,27.387504577636719,27.210867306752938,27.387504577636719,17723700
2020-02-11,27.45816309514456,27.608304291611478,27.45816309514456,27.484659194946289,27997400
2020-02-12,27.625971854836987,27.714288829611718,27.466998604981171,27.502325057983398,26964200
2020-02-13,27.414001483165698,27.555310630230437,27.334514877374545,27.493486404418945,22758700
2020-02-14,27.466989871945891,27.546476471601306,27.396335303867495,27.528812408447266,22080200
2020-02-18,27.449325062665409,27.519979628823275,27.13137867268615,27.290351867675781,37768900
2020-02-19,27.387505386389346,27.564140977951315,27.352177257354207,27.493486404418945,25643300
2020-02-20,27.396339871341418,27.625967677013826,27.255030711625793,27.440498352050781,50344300
2020-02-21,27.308023785202536,27.369846337806027,27.025405439279016,27.175546646118164,51128200
2020-02-24,26.318854719688687,26.548482519226237,26.168713530934831,26.292360305786133,70455400
2020-02-25,26.301191968478886,26.354182480076304,25.276699760059504,25.400344848632812,111826900
2020-02-26,25.568152687434335,25.806610856017013,25.214878082275391,25.214878082275391,95015700
2020-02-27,24.676132279301807,25.073563599052786,24.119726073297514,24.13739013671875,143536200
2020-02-28,23.316035666144685,23.713468771830186,22.936266628387031,23.483840942382812,192063500
2020-03-02,23.527992391133509,24.684963226318359,23.280702252253725,24.684963226318359,127115500
2020-03-03,24.605482250592019,24.949923128176597,23.519165733257839,23.757625579833984,256525000
2020-03-04,24.075571559767692,24.552489558830501,23.66930645693677,24.543659210205078,124408000
2020-03-05,23.73112827769987,23.792950819024391,23.095235430846731,23.360191345214844,130265700
2020-03-06,22.300372444358047,22.821450588712029,22.106072776029009,22.565326690673828,160606600
2020-03-09,20.313211989388083,21.090412402567893,19.889284491290006,20.145406723022461,134165700
2020-03-10,21.081578706936256,21.346532930051225,20.171899621042559,21.328868865966797,149282300
2020-03-11,20.675317744425616,20.887281501743026,19.889285267139613,20.171903610229492,146915400
2020-03-12,18.493854462781123,19.615495712079007,17.928616137051172,17.990440368652344,161437500
2020-03-13,19.341708306600907,20.392696599539811,18.458525263518329,20.357368469238281,160945700
2020-03-16,17.089596871766233,18.847131403697514,16.718659825333503,17.56651496887207,110661600
2020-03-17,17.972775058106784,18.714648940575341,17.257397273061372,18.520347595214844,122295100
2020-03-18,17.354547566315961,17.707820469168624,16.144587663478337,16.948284149169922,145056400
2020-03-19,16.595015263965774,17.56651556087602,15.994450341450612,17.319225311279297,105652800
2020-03-20,17.504685086534906,17.593003714845381,16.489025072308742,16.70098876953125,157840900
2020-03-23,16.42399685926814,16.566504284174471,15.577857537417124,15.72927188873291,144547900
2020-03-24,16.66447461902041,17.77781477364729,16.548687990421008,17.679841995239258,158551100
2020-03-25,17.938136709151163,18.908969496771149,17.270132590999193,18.160804748535156,162949600
2020-03-26,18.401282479029604,19.434461812307052,18.374561708767935,19.300861358642578,129753900
2020-03-27,18.517073081614438,19.300863752806968,18.30331029064887,18.713020324707031,109305600
2020-03-30,18.739738675708274,19.176167728101266,18.347842541363207,19.069286346435547,67297200
2020-03-31,18.891148468402896,19.104911199958188,18.383465803307846,18.543787002563477,83819900
2020-04-01,17.564053949328891,17.760002906930076,17.252320060094796,17.412639617919922,79185000
2020-04-02,17.305760923173015,17.99157891717697,17.243414141685815,17.849071502685547,68398300
2020-04-03,17.67983793057709,17.93813190368018,17.243408894158726,17.492795944213867,68418100
2020-04-06,18.365660100259035,18.900062020137511,18.232057921467145,18.748647689819336,69015100
2020-04-07,19.77292221456236,19.790734366281775,18.926783000876608,18.935689926147461,70950900
2020-04-08,19.22070465050432,19.888708753323733,19.006943541460782,19.764015197753906,80003400
2020-04-09,20.280604732145122,21.073302381264234,20.244977031643366,20.82391357421875,147845500
2020-04-13,20.761562237112891,20.779376083451151,19.888704152400827,20.066839218139648,66236300
2020-04-14,20.547798945307431,20.610145701896407,19.781820624193273,20.155902862548828,96169000
2020-04-15,19.354304236830846,19.470092560642115,19.185077761756226,19.283050537109375,63482000
2020-04-16,19.238520925947331,19.274146932534045,18.757557095857962,18.944599151611328,68907600
2020-04-17,19.683854177394299,20.057936535474091,19.523532924099783,19.942148208618164,88698600
2020-04-20,19.550248959967245,19.915424304470598,19.372113899751142,19.594781875610352,59063100
2020-04-21,18.998032152172172,19.336486737257232,18.89115077335369,18.962406158447266,71957900
2020-04-22,19.354299495195889,19.407741031010936,19.122724603129388,19.167259216308594,47507800
2020-04-23,19.220705282556011,19.470094100718825,19.060384020795802,19.087104797363281,71740200
2020-04-24,19.291958880488377,19.443373215882961,18.998037135172105,19.363212585449219,33825300
2020-04-27,19.559158451064203,20.12918974882065,19.523532450541918,20.022308349609375,109435100
2020-04-28,20.627966854537242,20.779381187964024,20.191537704971172,20.23607063293457,46452300
2020-04-29,20.859541274720502,21.073302381264234,20.645780168176774,20.82391357421875,70064400
2020-04-30,20.405290076508795,20.627958018591013,20.200435977510331,20.298410415649414,56745700
2020-05-01,19.817448185351406,19.870888019394638,19.514619627736931,19.648220062255859,37534300
2020-05-04,19.389935947013679,19.496815669293422,19.096014162510553,19.470096588134766,50177200
2020-05-05,19.737295018010851,19.844176425170925,19.407747268676758,19.407747268676758,65123000
2020-05-06,19.585878463001251,19.639318311115115,18.9713142638143,18.989128112792969,63738400
2020-05-07,19.238516265164183,19.755105976689627,19.238516265164183,19.434463500976562,61339000
2020-05-08,19.80854803092404,19.879801733599866,19.603693848083832,19.853082656860352,42218300
2020-05-11,19.576976310414508,19.639323098214785,19.363215167032465,19.470096588134766,54994900
2020-05-12,19.550249494894189,19.621503181165881,18.944592312173874,18.962406158447266,62202700
2020-05-13,18.8020921877559,18.828811268644198,18.258781558726675,18.401288986206055,86848300
2020-05-14,18.080643179785291,18.891154665159114,17.893602851847746,18.873342514038086,103763100
2020-05-15,18.695207837595945,18.908968945311788,18.525979656929216,18.748647689819336,70285000
2020-05-18,19.443364714943364,19.861979836210526,19.309764288906745,19.710565567016602,79548500
2020-05-19,19.594783918338976,19.692758381553716,19.220701611945078,19.229608535766602,56673200
2020-05-20,19.550253401065664,19.772921427506859,19.532439551233036,19.657133102416992,50402600
2020-05-21,19.594781875610352,19.781822159897605,19.487900499716321,19.594781875610352,49939900
2020-05-22,19.585871990035233,19.612592754672249,19.327578060497071,19.523525238037109,37584500
2020-05-26,20.262792470124889,20.752661498664885,20.244978618477734,20.538900375366211,108349200
2020-05-27,21.45628810797951,21.465195031627303,20.966419199104795,21.429567337036133,121521200
2020-05-28,21.670044647612166,21.67895156939742,21.028761568468394,21.091108322143555,101590100
2020-05-29,20.841724789867673,21.03767372021289,20.636870634344991,20.850631713867188,86969000
2020-06-01,20.930787127652206,21.189082762959742,20.788279776731368,21.091108322143555,52619200
2020-06-02,21.278155702344158,21.411757875001541,21.108929228269943,21.260343551635742,52572800
2020-06-03,21.73239519842646,22.151012101367151,21.678955357199406,22.053037643432617,77622900
2020-06-04,22.017408853065284,22.533998489379883,21.839275491576501,22.533998489379883,97575100
2020-06-05,23.852200573240061,23.896733500809098,23.29107617246536,23.371236801147461,135859300
2020-06-08,23.754221608281714,23.870008217389575,23.487020695680819,23.816568374633789,80298400
2020-06-09,23.255445731692927,23.513739720176059,23.086217581348961,23.30888557434082,92833100
2020-06-10,23.175289138573344,23.299982692656595,22.41821749130591,22.436031341552734,110848900
2020-06-11,21.376131390514928,21.696773904995784,20.565619877863686,20.601245880126953,233116600
2020-06-12,21.429570362882039,21.429570362882039,20.681405659046757,21.224716186523438,127502900
2020-06-15,20.494367813573476,21.589894227235892,20.449833183654825,21.518640518188477,92469500
2020-06-16,22.373685505512821,22.373685505512821,21.331599005756733,21.857095718383789,108121300
2020-06-17,21.919438266401873,21.919438266401873,21.491914419143804,21.527542114257812,56320900
2020-06-18,21.313779867320847,21.705675997902144,21.251433103123759,21.500820159912109,61206500
2020-06-19,21.910527997672219,21.919434920090954,21.117828890622292,21.358310699462891,99903900
2020-06-22,21.22564917272118,21.40491883019617,21.091196502200322,21.252538681030273,47929500
2020-06-23,21.575235142283766,21.709687866923371,21.333219212136992,21.351146697998047,47218900
2020-06-24,21.073273595619895,21.082237336887189,20.535461087194019,20.59820556640625,90217500
2020-06-25,20.526502481413061,21.189804114213565,20.490649217032654,21.144987106323242,110208900
2020-06-26,20.78643835814157,20.849182830243475,20.185881438559758,20.239662170410156,123959100
2020-06-29,20.454796631419985,20.598213125006321,20.284488904163915,20.463760375976562,69107100
2020-06-30,20.356188709651573,20.885037451570454,20.338262937631338,20.741621017456055,60653100
2020-07-01,20.831256612011611,20.92985605109418,20.499606750902732,20.562351226806641,60500300
2020-07-02,21.019495938119359,21.091204169107854,20.544427839283642,20.589244842529297,50841900
2020-07-06,21.046381332191949,21.207725247715707,20.867111644677916,20.983636856079102,60271700
2020-07-07,20.813328322553094,20.822292062999832,20.499605955210676,20.553386688232422,43810900
2020-07-08,20.544424328576692,20.82229346246643,20.472716109841961,20.768512725830078,53046100
2020-07-09,20.759549244550012,20.804366240697977,20.158992264009676,20.329299926757812,71163700
2020-07-10,20.320342771631211,21.055352688498626,20.320342771631211,21.028461456298828,94440600
2020-07-13,21.297366844772618,21.431819575060555,20.992606410968374,21.118095397949219,102487100
2020-07-14,21.028459485087076,21.288402909673188,20.840226006311649,21.225658416748047,102468300
2020-07-15,21.736579768440762,21.745543511648709,21.413891851591522,21.646944046020508,90561800
2020-07-16,21.45871056763125,21.871032497241544,21.378038588418942,21.646944046020508,74678500
2020-07-17,21.691754996979832,21.709680767319561,21.458702885977402,21.467666625976562,47033200
2020-07-20,21.351144476453484,21.494560929101414,21.288399992127388,21.369071960449219,40127600
2020-07-21,21.512486543227496,21.897918867339069,21.485595319571285,21.790355682373047,46491300
2020-07-22,21.68279420706585,21.808283164810522,21.611085986974778,21.790355682373047,44437400
2020-07-23,21.745538374200006,21.933771808118546,21.673830155136923,21.808282852172852,49916100
2020-07-24,21.826211472925838,21.942736693859878,21.682795027318303,21.75450325012207,41245600
2020-07-27,21.655905429896048,21.673832914358805,21.387000001590753,21.575233459472656,43060200
2020-07-28,21.494558819370432,21.620049485364458,21.422850600084764,21.521450042724609,35370500
2020-07-29,21.485597307150222,21.951701635689751,21.449744048617404,21.924810409545898,36491600
2020-07-30,21.512487098398701,21.575231578890278,21.252543725323459,21.530414581298828,53994600
2020-07-31,21.521451636309465,21.566268635559489,21.252544511832507,21.539379119873047,50115900
2020-08-03,21.629014685481376,21.772432854722329,21.476634483468228,21.60212516784668,42982100
2020-08-04,21.512487411499023,21.548342377821122,21.395962190269984,21.512487411499023,30754400
2020-08-05,21.655902672956451,21.862063589055463,21.629011449685745,21.808282852172852,34860700
2020-08-06,21.736575739779919,21.888955926754424,21.646940033972761,21.799320220947266,33115400
2020-08-07,21.691760799606815,22.283354120536178,21.646942087621834,22.265426635742188,63302800
2020-08-10,22.390912384819689,22.507439309537183,22.292314651972738,22.426767349243164,45436100
2020-08-11,22.848058129717217,23.05421909315427,22.6329334231317,22.686714172363281,73758600
2020-08-12,23.090070531461535,23.099034273237962,22.462622284383222,22.623966217041016,58793600
2020-08-13,22.453657634400997,22.641892784774328,22.346096156752406,22.480548858642578,35222500
2020-08-14,22.372987705275584,22.677748102417297,22.346098188248327,22.570186614990234,28276900
2020-08-17,22.489514611014307,22.507442095445061,22.18475421432759,22.193717956542969,53397000
2020-08-18,22.211644532101275,22.265425273533875,22.032373114447349,22.050300598144531,35502500
2020-08-19,22.130971765157224,22.355060174295062,21.97859157855714,22.041336059570312,59847200
2020-08-20,21.790353950666354,21.960661600970148,21.772428179312289,21.835172653198242,45586100
2020-08-21,21.799319423591783,21.987554569867612,21.718647462281975,21.790355682373047,35349200
2020-08-24,21.915845452348613,22.310239791870117,21.862063007238518,22.310239791870117,51010900
2020-08-25,22.498480347018095,22.561224838427055,22.229573185703636,22.372989654541016,55236900
2020-08-26,22.319207380465116,22.372988125188044,22.184754663828269,22.265426635742188,30646600
2020-08-27,22.247502924812341,22.749460616578332,22.247502924812341,22.641899108886719,66463900
2020-08-28,22.803235546481517,22.812199287437654,22.543292187729925,22.731527328491211,49170600
2020-08-31,22.713601322951785,22.713601322951785,22.462621688842773,22.462621688842773,52259000
2020-09-01,22.346098022547611,22.606039706618017,22.274389794908295,22.525367736816406,42036100
2020-09-02,22.516401225427916,22.928723024921613,22.453655042773139,22.848051071166992,48432500
2020-09-03,22.98250414206117,23.314155703007803,22.3550576919435,22.49847412109375,98405500
2020-09-04,22.901835544506607,23.0273262206548,22.310242260115945,22.668785095214844,111105500
2020-09-08,22.444697790614789,22.498478534681777,22.005482966814149,22.086154937744141,84687600
2020-09-09,22.292314019825504,22.471583707882893,22.148895875857342,22.310239791870117,52321200
2020-09-10,22.381955539133841,22.53433576556122,21.951706091453946,21.996524810791016,55515300
2020-09-11,22.032377644394547,22.265429851397563,21.960669404521258,22.148902893066406,69285700
2020-09-14,22.346095674939139,22.650856037803859,22.283351196053843,22.453657150268555,51021000
2020-09-15,22.498482058400576,22.516409545783723,22.130977115342557,22.148902893066406,48459900
2020-09-16,22.193722288051013,22.650862972300398,22.148903568226949,22.399883270263672,62119900
2020-09-17,22.095118021663314,22.301278959159635,22.032373537178255,22.166826248168945,47334200
2020-09-18,22.166828189060389,22.346099625850677,22.077192470665246,22.122011184692383,61707200
2020-09-21,21.657851047342419,21.784030233405023,21.234246547168002,21.567722320556641,72307300
2020-09-22,21.513641589209879,21.720936417169074,21.207205009156226,21.387460708618164,84561500
2020-09-23,21.432524928924217,21.585743211846101,20.909780502319336,20.909780502319336,54282500
2020-09-24,20.918791352276145,21.252267037816715,20.675446088840623,20.954843521118164,56512300
2020-09-25,20.80162784072574,21.24325664984768,20.756564343104777,21.171154022216797,46026600
2020-09-28,21.468579848584277,21.82909302489999,21.468579848584277,21.675874710083008,62803500
2020-09-29,21.612779965264856,21.648832133830538,21.288319043483813,21.405485153198242,53250800
2020-09-30,21.495619242396693,21.874158511888975,21.486606197996586,21.693901062011719,66732200
2020-10-01,21.784030314516968,21.928235590286164,21.558709356244787,21.729953765869141,65766100
2020-10-02,21.441546038183684,22.027380263033262,21.387467763351257,21.901199340820312,63368100
2020-10-05,22.108492801899381,22.333813757698778,22.054414534782548,22.261711120605469,58911700
2020-10-06,22.450972267782799,22.604190534413693,21.955267021127373,22.036382675170898,88404900
2020-10-07,22.243679171457721,22.514063559559105,22.243679171457721,22.405910491943359,53815200
2020-10-08,22.532091518217676,22.7664254762946,22.478014979911357,22.712348937988281,57646300
2020-10-09,22.838529270064619,22.865568400133665,22.559131802266798,22.739387512207031,52031600
2020-10-12,22.721360766800611,23.063849528164106,22.721360766800611,22.99174690246582,45931400
2020-10-13,22.919643654225204,22.991746277965039,22.478014868935947,22.550117492675781,60377800
2020-10-14,22.568146702987118,22.649260661745462,22.306773581328674,22.333812713623047,48982200
2020-10-15,22.1265189830827,22.51407133383147,22.090468521116303,22.505058288574219,41637200
2020-10-16,22.550123776588514,22.667289928167452,22.414931534285852,22.52308464050293,40103600
2020-10-19,22.60419623143077,22.613209275158514,22.144541315689601,22.180593490600586,42989000
2020-10-20,22.324798924366348,22.622222493427479,22.315785880569063,22.360849380493164,67293900
2020-10-21,22.324800449330862,22.469005721813172,22.243684768676758,22.243684768676758,44307200
2020-10-22,22.234672261309381,22.71235331235874,22.225659216678736,22.685314178466797,39511800
2020-10-23,22.829512665981149,22.901615282523821,22.577152648550808,22.757410049438477,45092700
2020-10-26,22.432953544161371,22.469005721813172,22.036389904366246,22.243684768676758,54015100
2020-10-27,22.234673452424232,22.234673452424232,21.820081972517187,21.838108062744141,46083300
2020-10-28,21.378452187791648,21.567722689182961,21.153131226507352,21.279312133789062,89288300
2020-10-29,21.225232054598703,21.594758262055102,20.954847611749461,21.44154167175293,60908400
2020-10-30,21.315356778032154,21.540677677840236,21.153125455120406,21.504627227783203,66221600
2020-11-02,21.865140441136912,22.00934568026388,21.594754328477308,21.91020393371582,65136000
2020-11-03,22.315788307763359,22.622224953951598,22.288749173430567,22.396903991699219,79834200
2020-11-04,22.000338240574724,22.53209583992188,21.802056416045907,22.135530471801758,87397400
2020-11-05,22.324799920363798,22.8385314062924,22.324799920363798,22.676300048828125,65942300
2020-11-06,22.784454504275427,22.811491917388889,22.423939618180381,22.496042251586914,60783500
2020-11-09,24.316628859654781,24.731220171106827,24.028218409459555,24.343667984008789,162966800
2020-11-10,24.370716207351421,24.559984991308742,24.145395244128405,24.469856262207031,85851200
2020-11-11,24.605046457178638,24.623072545317569,24.226507201573011,24.37071418762207,65062400
2020-11-12,24.073290579988491,24.127368848200515,23.748829566028871,23.965137481689453,62733800
2020-11-13,24.190457560360468,24.46084201531562,24.127367968808429,24.361701965332031,45031800
2020-11-16,24.974574180215505,24.992600269445401,24.659126214004726,24.902471542358398,67556100
2020-11-17,24.623068035683499,24.911478516835427,24.451823667851269,24.866415023803711,63679700
2020-11-18,24.983580122876464,25.181863609915339,24.623067036072143,24.632080078125,71578400
2020-11-19,24.505899098871282,24.740233017573523,24.352680833529892,24.713193893432617,47194800
2020-11-20,24.587019734734035,24.686159771884114,24.442814481550087,24.496891021728516,39974700
2020-11-23,24.812345317876503,25.028653238278547,24.686164408345068,24.956550598144531,51870500
2020-11-24,25.389158904052611,25.85782678536555,25.326069327541646,25.830787658691406,60983200
2020-11-25,25.686586984549209,25.75868961609422,25.434226914610495,25.740663528442383,45204600
2020-11-27,25.740661567629388,25.76770069704742,25.560405862029128,25.6595458984375,26981200
2020-11-30,25.506327762608464,25.578430389111656,25.082725046785008,25.127788543701172,72524200
2020-12-01,25.596458388162464,25.749676695813541,25.497318343726363,25.515342712402344,53972100
2020-12-02,25.479292916875004,25.839806085680848,25.434227696360281,25.794742584228516,57471800
2020-12-03,25.8127678509349,25.956973123471553,25.650536489565557,25.803754806518555,49566000
2020-12-04,25.974996403214806,26.164266877364366,25.95697031633156,26.11920166015625,52713100
2020-12-07,25.965988909350745,26.01105413619042,25.785733159179937,25.93895149230957,34631600
2020-12-08,25.695599569868165,25.993023134566968,25.695599569868165,25.929933547973633,31628500
2020-12-09,26.074137103452244,26.092163189603671,25.76770051512683,25.866842269897461,47589600
2020-12-10,25.668560176759289,25.938946326764089,25.587444503664081,25.911907196044922,41298300
2020-12-11,25.623501980940876,25.713630716261989,25.443244510298648,25.650539398193359,48216300
2020-12-14,25.99302362693432,25.99302362693432,25.335086898480544,25.353111267089844,38302900
2020-12-15,25.551392584950367,25.857829172633608,25.407187334165567,25.785726547241211,38604200
2020-12-16,25.830787658691406,25.848813743140834,25.704608505669473,25.830787658691406,55602800
2020-12-17,25.875855842178407,25.947960193049006,25.758689710138366,25.902894973754883,38510900
2020-12-18,25.938945346924626,25.938945346924626,25.524353953536639,25.677572250366211,56080100
2020-12-21,25.97840503883722,26.150567955412356,25.579712605609608,26.023710250854492,77688100
2020-12-22,26.041835209212465,26.078080764490011,25.751877680124899,25.770000457763672,42317900
2020-12-23,25.924042305974655,26.340855849217437,25.914980916562861,26.195877075195312,52681400
2020-12-24,26.250241562992549,26.259302951672403,26.014650642165869,26.232120513916016,16071000
2020-12-28,26.413341056371173,26.56738119542856,26.268362305291642,26.358974456787109,32824800
2020-12-29,26.467705472155448,26.476766859385659,26.241175976248812,26.268360137939453,23607000
2020-12-30,26.358970015451508,26.467703196298721,26.295542038576844,26.386154174804688,16616700
2020-12-31,26.34991537993994,26.748607844519185,26.277425998042187,26.712362289428711,26239300
2021-01-04,26.812033053144585,26.821094440976154,26.123383132492418,26.349912643432617,47086300
2021-01-05,26.340854506264169,26.585506823059475,26.204937128583406,26.467710494995117,35265400
2021-01-06,26.975136595102814,27.854070541107159,26.975136595102814,27.636602401733398,102254900
2021-01-07,28.044351151268334,28.325247230922198,27.980921443220069,28.035289764404297,64342700
2021-01-08,28.171210088799267,28.18027147662119,27.645661693108739,28.017169952392578,54266400
2021-01-11,27.745335489056863,28.153087575139807,27.627539174558681,28.107782363891602,56590400
2021-01-12,28.270887235960771,28.533660603213352,28.189336463434707,28.397743225097656,60546600
2021-01-13,28.352431443983182,28.452103243106396,28.171207162932706,28.379613876342773,55394700
2021-01-14,28.461172137884564,28.651457856012151,28.352438923197333,28.506477355957031,49828800
2021-01-15,28.089656357305696,28.261819251156762,27.82688132309708,28.035289764404297,68732700
2021-01-19,28.180271738858547,28.252761113825496,27.935619450238967,28.107782363891602,97457200
2021-01-20,28.19838912306119,28.19838912306119,27.890308906286695,27.989980697631836,56113100
2021-01-21,27.971865404098324,28.026232004034568,27.690967559814453,27.690967559814453,43713800
2021-01-22,27.410068355250658,27.600352297727866,27.36476314845595,27.491619110107422,37928000
2021-01-25,27.219787007694471,27.328520205680686,26.947950556162887,27.292276382446289,68321500
2021-01-26,27.401011190418767,27.437256744065849,27.056687072187124,27.074808120727539,55504600
2021-01-27,26.703296788322717,26.730480950454186,26.223055355313935,26.277421951293945,84059200
2021-01-28,26.612689209582932,27.074807917126225,26.531138442773383,26.766729354858398,62985900
2021-01-29,26.694239238606354,26.766730348045186,26.114324189361088,26.232120513916016,78260700
2021-02-01,26.522074215198597,26.612686360651598,26.29554471570756,26.576440811157227,41947400
2021-02-02,26.884523151985679,27.355704962226405,26.875461763909929,27.21978759765625,54263000
2021-02-03,27.183543009102998,27.382888368987828,27.129176407004064,27.37382698059082,46195200
2021-02-04,27.464439466808368,27.989987902177933,27.455378078302306,27.980926513671875,63061800
2021-02-05,28.180266350713822,28.207448780952181,27.926552722698737,27.989980697631836,38461900
2021-02-08,28.080601488847858,28.352437973022461,28.080601488847858,28.352437973022461,48756300
2021-02-09,28.261820354153688,28.452104300876368,28.162146823042058,28.361492156982422,33572000
2021-02-10,28.506470895899575,28.542716444770313,28.225574805282953,28.361492156982422,38899600
2021-02-11,28.379618671906965,28.488353604567752,28.080599767443697,28.270885467529297,31909500
2021-02-12,28.243700837964667,28.58802495054406,28.216516673175601,28.560842514038086,38271800
2021-02-16,28.850795236079382,29.186057904742022,28.72393927802139,29.050142288208008,71330600
2021-02-17,28.959531051915203,29.23136576624805,28.859859245077406,29.195123672485352,60460900
2021-02-18,28.986716838765421,29.177002532086348,28.787371485637692,29.022960662841797,45188200
2021-02-19,29.213244473791814,29.466956395817739,29.176998925912198,29.367282867431641,54361800
2021-02-22,29.267611845757941,29.747856754880637,29.258552186294942,29.639120101928711,65930200
2021-02-23,29.847527360359976,29.856590476548419,29.512264649274737,29.820344924926758,94331400
2021-02-24,29.865651119256917,30.481811690843081,29.847528342849539,30.400260925292969,66000600
2021-02-25,30.644915298106049,30.663038075741227,29.765979593915137,29.847530364990234,92189400
2021-02-26,29.802222862814098,29.892836744038256,29.167939520509528,29.276676177978516,103105700
2021-03-01,29.775037223144921,30.373074948615166,29.775037223144921,30.191850662231445,67590700
2021-03-02,30.155602257772568,30.327766868986945,30.055928736872758,30.083114624023438,49987000
2021-03-03,30.20090796500789,30.771759690883169,30.164662423394034,30.318700790405273,72541700
2021-03-04,30.237159742073356,30.527117254795041,29.539448396909862,29.974388122558594,101311800
2021-03-05,30.481808604803252,30.626787344818165,29.702546581010921,30.545236587524414,109299800
2021-03-08,30.771764445638905,31.333560057765251,30.644908486954126,30.934865951538086,90538200
2021-03-09,30.690214717591498,31.107031611345498,30.373074810288642,30.653972625732422,117224600
2021-03-10,30.798958076880716,31.396995929996532,30.744589742391462,31.279199600219727,73269300
2021-03-11,31.116107140859178,31.433247209918509,30.934882762867769,31.188594818115234,50904800
2021-03-12,31.551027252818123,31.668823556061884,31.406048516735691,31.505722045898438,68126000
2021-03-15,31.623521656357724,31.63258131606284,31.034543535108789,31.324501037597656,57836400
2021-03-16,31.161398258338366,31.19764380883468,30.753644456669694,30.998296737670898,67373600
2021-03-17,31.224822144206879,31.387923643462265,30.880499829392612,31.206699371337891,64051100
2021-03-18,31.523850074101652,31.97690913194192,31.261074990978386,31.369808197021484,96690500
2021-03-19,31.125157144124465,31.152343039154488,30.681161185242484,31.007364273071289,98510500
2021-03-22,30.780737122603888,30.844446236278909,30.498594282124287,30.607812881469727,68170600
2021-03-23,30.425784623687342,30.635115059575664,30.070832864055568,30.180047988891602,70441900
2021-03-24,30.398487109773807,30.762538747851515,30.289268493652344,30.289268493652344,63357100
2021-03-25,30.271055545945135,30.844440942497432,30.034422231748945,30.798934936523438,60532600
2021-03-26,31.117488501104436,31.335922246933901,30.899058227161575,31.281312942504883,53779900
2021-03-29,30.844451530466838,31.208506646999336,30.68973036266701,31.008275985717773,71777800
2021-03-30,31.172094345431443,31.372324967558971,31.135688146519851,31.226703643798828,55011400
2021-03-31,31.162998071547921,31.290416310326101,30.971867241494035,30.990070343017578,51138300
2021-04-01,30.94456548972876,31.372329711914062,30.94456548972876,31.372329711914062,51690100
2021-04-05,31.709080740877283,31.772789867320931,31.51795336154634,31.618068695068359,51790700
2021-04-06,31.545246271655987,31.699970866701698,31.445130969900394,31.554346084594727,41336800
2021-04-07,31.645366810961178,31.781884858952399,31.490642190307366,31.709075927734375,38660800
2021-04-08,31.590757653929092,31.754582089781213,31.372327387383923,31.718175888061523,39927400
2021-04-09,31.936613073118778,32.009422012529271,31.754585516762248,31.991222381591797,40133700
2021-04-12,32.05492621055587,32.136838423791332,31.982113811285991,32.127735137939453,44435500
2021-04-13,31.945707518765097,31.98211371829418,31.654464866304995,31.827392578125,39950900
2021-04-14,31.745492145300808,32.246065422977331,31.699986114946139,32.018531799316406,44065300
2021-04-15,32.091334239295371,32.127740444944045,31.690876392820492,31.991222381591797,55483500
2021-04-16,32.273355826486458,32.337064938644801,32.07312867622575,32.21875,39115700
2021-04-19,32.209647351174922,32.300662850262263,32.01852001092093,32.127735137939453,31172300
2021-04-20,31.936609195059432,31.954812295673371,31.417832979164725,31.527048110961914,50227700
2021-04-21,31.41782631935563,31.991211715548502,31.326810835578989,31.963905334472656,39680000
2021-04-22,31.927508239526567,31.973014253491694,31.554349898108104,31.608959197998047,43611200
2021-04-23,31.608950206334935,32.337056638314593,31.554340921979463,32.200538635253906,50437700
2021-04-26,32.318869124385458,32.628314941145625,32.291566204987703,32.327972412109375,43749700
2021-04-27,32.373475171528241,32.628311651916086,32.300666236511709,32.582805633544922,50852400
2021-04-28,32.710227966308594,32.801243486325063,32.610116102121111,32.710227966308594,35771700
2021-04-29,32.965064273544044,33.320016082299233,32.937757884641314,33.292713165283203,48573000
2021-04-30,33.110679621110812,33.228994554677961,32.946855204909767,33.001461029052734,43940900
2021-05-03,33.283620742111047,33.347329883867552,33.037883993098326,33.165302276611328,33317300
2021-05-04,33.019661103936734,33.429222106933594,32.801230883595579,33.429222106933594,66939700
2021-05-05,33.529342453316126,33.829684919481551,33.529342453316126,33.702266693115234,38954200
2021-05-06,33.838783892865592,34.21193871047744,33.638553293015292,34.202838897705078,43332900
2021-05-07,33.811490332392516,34.393975723698922,33.729578107247129,34.384872436523438,64616700
2021-05-10,34.566878097947914,34.821714427283986,34.330244859547925,34.357547760009766,56341100
2021-05-11,34.011708452478196,34.321154168136239,33.620350533502261,33.747772216796875,82723700
2021-05-12,34.011708465401611,34.139126676858773,33.265398822393202,33.401920318603516,97911900
2021-05-13,33.274498805465036,34.148226573234467,33.256295709650814,33.938896179199219,66882600
2021-05-14,34.130031525632134,34.566895512533861,34.093625325418735,34.475883483886719,44850200
2021-05-17,34.366661231527075,34.575995124567619,34.230143203062433,34.539588928222656,40376700
2021-05-18,34.512291429483177,34.630609862119904,34.039024642710025,34.057224273681641,40299200
2021-05-19,33.665861093632351,33.86608823003349,33.301806073453221,33.847885131835938,63573900
2021-05-20,33.90249124546947,34.102721834969614,33.62945174189651,33.866085052490234,59216100
2021-05-21,34.002608297854778,34.384862928238988,33.98440520042422,34.202838897705078,44950300
2021-05-24,34.348465258252546,34.448577101019275,34.175537543165838,34.366664886474609,29159600
2021-05-25,34.412170921648659,34.676107167035752,33.97530697851699,34.02081298828125,38755900
2021-05-26,34.148240266138714,34.275658516045432,33.875200663211892,34.120937347412109,38601900
2021-05-27,34.430378395040272,34.603302642872542,34.230147760370805,34.512287139892578,39789500
2021-05-28,34.667008421256618,34.667008421256618,34.321156487004458,34.575996398925781,39265000
2021-06-01,34.92184977879419,35.021965100587458,34.694316219040978,34.785331726074219,35710700
2021-06-02,34.894540782742148,34.930946979212173,34.648804164398456,34.839931488037109,37537500
2021-06-03,34.730713360649595,35.131171071457096,34.621498252590406,34.921840667724609,54877500
2021-06-04,34.967361291961872,35.040173709031919,34.703424959800792,35.012870788574219,27250900
2021-06-07,35.067471118160782,35.067471118160782,34.721622607094247,34.785331726074219,37401800
2021-06-08,34.594193932980403,34.803527821071889,34.339357508362454,34.694309234619141,47747700
2021-06-09,34.557795701669725,34.603301715997574,34.275652857818912,34.366664886474609,40776200
2021-06-10,34.657917267656856,34.74892931272862,33.938910307174226,33.966213226318359,53775500
2021-06-11,34.029910573024011,34.202838259444384,34.020810760421462,34.184635162353516,40416700
2021-06-14,34.120927490273885,34.175533311952115,33.629454263854349,33.829681396484375,50613400
2021-06-15,33.838796601505663,34.066330197012356,33.674972134989879,33.893405914306641,51315100
2021-06-16,33.784186029249952,34.084532030627884,33.438337476731562,33.856998443603516,84961100
2021-06-17,34.029916518682313,34.048119618953606,32.755730746669506,32.855842590332031,97659900
2021-06-18,32.418977644019193,32.52819624242801,32.018519865512381,32.06402587890625,180960000
2021-06-21,32.382919345820731,32.830653133856167,32.328097218953516,32.8123779296875,89831400
2021-06-22,32.885470328885418,32.99511804019285,32.556523709325234,32.867195129394531,42576400
2021-06-23,32.894617191328656,33.0865016217247,32.848930920135182,32.931167602539062,48094900
2021-06-24,33.123062399934767,33.424598158337993,32.967728332131998,33.342361450195312,42942800
2021-06-25,33.515957571595699,33.83576493013355,33.324073156472991,33.744392395019531,56845000
2021-06-28,33.680433046144991,33.707844111279123,33.305800051542839,33.497684478759766,70250700
2021-06-29,33.671298793085199,33.854047388109116,33.287529880610535,33.378902435302734,61051200
2021-06-30,33.278386840256033,33.598197717462611,33.269250980056597,33.525096893310547,42414100
2021-07-01,33.689569137136438,33.808356229597742,33.515959914030717,33.790081024169922,36615600
2021-07-02,33.790090460124922,33.826640881187338,33.616481188538437,33.7535400390625,27018400
2021-07-06,33.671290622493942,33.689565826125673,33.004261375309881,33.223560333251953,49225300
2021-07-07,33.022535137900704,33.342345959042014,32.949437812202298,33.269245147705078,43747100
2021-07-08,32.739284748445606,32.931169188080332,32.446884930323201,32.602222442626953,75084200
2021-07-09,33.077363777965061,33.589055561666392,32.976851895984062,33.543369293212891,70546500
2021-07-12,33.342354999190313,33.936283566962032,33.196156822516102,33.872322082519531,62953400
2021-07-13,33.762670069902917,33.817492200727663,33.378897725934465,33.506820678710938,44476200
2021-07-14,33.525091592811307,33.744390544956012,32.985985299662453,33.351482391357422,69632700
2021-07-15,33.022533840982483,33.671287830745428,33.022533840982483,33.461128234863281,53977600
2021-07-16,33.634751110696534,33.634751110696534,32.931171301248455,33.004268646240234,56160700
2021-07-19,32.364651207918357,32.53826394260669,31.889509738349112,32.081394195556641,89972200
2021-07-20,32.044840069492864,33.09564176031526,31.98087859116167,32.8763427734375,70635800
2021-07-21,33.141323688868972,33.607329182152441,33.113912626216617,33.442855834960938,59975000
2021-07-22,33.324072080152888,33.406308753354892,32.940299776663977,33.077362060546875,35292300
2021-07-23,33.397168289234799,33.488544303973228,33.040810545851294,33.132183074951172,36766900
2021-07-26,33.068220628749827,33.388031442411233,33.049945426343022,33.324069976806641,25396000
2021-07-27,33.068223749538213,33.461131924268791,32.912889742878527,33.314933776855469,38988400
2021-07-28,33.433718487574659,33.479404751840974,33.040810340734943,33.269245147705078,42908200
2021-07-29,33.488552193823935,33.78094853859794,33.34235402143694,33.634750366210938,41434200
2021-07-30,33.543371647216659,33.790081696945755,33.287525737411265,33.369762420654297,52385300
2021-08-02,33.598201446459349,33.981970358934007,33.333216157956635,33.378902435302734,47589900
2021-08-03,33.49769406290558,33.799229808210526,33.004273835482941,33.7535400390625,42169600
2021-08-04,33.433725465609257,33.826633694453811,33.287527298060532,33.47027587890625,52346400
2021-08-05,33.680432051250236,33.908866882324219,33.671292706049492,33.908866882324219,37168200
2021-08-06,34.228672511307998,34.658131087296873,34.219536652210643,34.594169616699219,58081000
2021-08-09,34.548491855661162,34.850024079052261,34.356603910987289,34.685550689697266,48015600
2021-08-10,34.658136237404193,35.151556357311648,34.621585824306031,35.051044464111328,40907400
2021-08-11,35.151550891256505,35.462222383003073,34.987077543529573,35.453083038330078,48372100
2021-08-12,35.489636816734844,35.562734152868479,35.270337837055877,35.517047882080078,44566400
2021-08-13,35.544463893746446,35.5901501664123,35.169830880863756,35.252067565917969,43077200
2021-08-16,35.023635294231148,35.197244537392436,34.712963737347124,35.160694122314453,48011800
2021-08-17,34.923114106121055,35.178959972333708,34.566756367999581,34.913974761962891,52414800
2021-08-18,34.776920079308965,35.023630116151303,34.457109223118266,34.484523773193359,39550400
2021-08-19,34.10988843280731,34.484521392001568,34.009376555963222,34.228672027587891,48961300
2021-08-20,34.228679301423405,34.493664581116569,34.100756334851376,34.438838958740234,33898600
2021-08-23,34.612443940231493,34.868289816115166,34.612443940231493,34.722091674804688,28807400
2021-08-24,34.786056635275287,35.014491471853475,34.758645570290376,34.932254791259766,37677300
2021-08-25,35.023633607093252,35.562736518146764,34.950532780458651,35.343441009521484,47904800
2021-08-26,35.498777421994831,35.544467184529921,35.133283721190622,35.169834136962891,38484300
2021-08-27,35.21552579562875,35.644981046845665,35.206386447469228,35.635845184326172,38511100
2021-08-30,35.654109031684342,35.672384236538875,35.115002688211874,35.133277893066406,30096500
2021-08-31,35.105864798586509,35.352574845893834,34.959666639327246,35.087593078613281,49876200
2021-09-01,35.114997143565596,35.133272345534479,34.76777527743355,34.886562347412109,43976200
2021-09-02,34.968797802893953,35.133271129281752,34.868285938363819,35.005348205566406,29611500
2021-09-03,34.94137869251157,35.014475995375136,34.703804615520703,34.786041259765625,34847500
2021-09-07,34.904840090207777,34.904840090207777,34.575893402099609,34.575893402099609,39214900
2021-09-08,34.493663787841797,34.658137165548879,34.310915203096222,34.493663787841797,32523900
2021-09-09,34.447971471670478,34.923116314423574,34.42055692310096,34.594169616699219,33421000
2021-09-10,34.786051953264405,34.822602358750792,34.329182341600166,34.338321685791016,39350500
2021-09-13,34.585037329288859,34.786061126838256,34.484528916153593,34.731235504150391,40357300
2021-09-14,34.850013183346015,34.977936116040993,34.15557291201393,34.265220642089844,45670600
2021-09-15,34.246947715141431,34.676406291130306,34.210397307474565,34.594169616699219,36371300
2021-09-16,34.722098647363929,34.895707885770584,34.338329756473627,34.493663787841797,42630200
2021-09-17,34.447969416611649,34.667264878252915,34.246945672075057,34.338321685791016,82987200
2021-09-20,33.578475777576813,33.670243919885287,33.064565078750753,33.541767120361328,95008800
2021-09-21,33.752833703583846,33.881310491899207,33.413287405788971,33.495880126953125,45837600
2021-09-22,33.918019801746546,34.294274760829573,33.844605993031074,34.055675506591797,58347800
2021-09-23,34.386042086589974,35.055959198006036,34.330979111409235,34.890773773193359,71805000
2021-09-24,34.863256001980133,35.193623464266985,34.817368423214873,35.074325561523438,48066100
2021-09-27,35.386335849373985,35.65246485455669,35.322097451495729,35.551521301269531,58794500
2021-09-28,35.542344365281068,35.716705240551846,34.909135764921615,34.964195251464844,96152700
2021-09-29,35.074322469802169,35.147736288039951,34.826544269380044,34.991729736328125,49882500
2021-09-30,35.193610887404482,35.20278980016964,34.431925662183097,34.44110107421875,73319300
2021-10-01,34.532880198594533,35.248681517647171,34.40440339781383,35.010082244873047,70444000
2021-10-04,34.955011561930867,35.413859178390595,34.652170454717293,34.707233428955078,69772700
2021-10-05,34.964187180685379,35.560690485901993,34.83571040743368,35.386329650878906,56058400
2021-10-06,35.065137862618194,35.450571723174995,34.808184289400252,35.423038482666016,63405900
2021-10-07,35.790123677529103,36.010372132789136,35.588229551934944,35.634117126464844,53295600
2021-10-08,35.670815981883017,35.936948463915783,35.505630544809563,35.8084716796875,38607500
2021-10-11,35.891062461009071,36.157194928677377,35.432214827400117,35.450569152832031,50748300
2021-10-12,35.404692189123814,35.579053064596174,35.248682142033537,35.340450286865234,58527700
2021-10-13,35.331272626414524,35.3679812823055,34.633825668136417,35.138557434082031,72105100
2021-10-14,35.533164489027676,35.735055082217684,35.193614694575146,35.725879669189453,51893500
2021-10-15,36.074604300492588,36.441680328166925,35.955302928651761,36.258140563964844,58411100
2021-10-18,36.184722202434088,36.478384387888298,36.083775169797441,36.267314910888672,56312700
2021-10-19,36.432502274628526,36.625217437744141,36.294846586271902,36.625217437744141,33082600
2021-10-20,36.560983643525724,36.91888427734375,36.460036592811917,36.91888427734375,44670200
2021-10-21,36.909705709744578,36.992298425931303,36.570155931682656,36.762874603271484,35067600
2021-10-22,36.937244260556788,37.341029024508572,36.900535599998292,37.276790618896484,41458200
2021-10-25,37.368563170229748,37.414447246667606,37.139139287309831,37.230907440185547,33121000
2021-10-26,37.322661234007356,37.497025558411352,37.203363381312222,37.2584228515625,41586900
2021-10-27,37.166663673248685,37.331849125188199,36.634398661281324,36.643577575683594,62449500
2021-10-28,36.790397447090598,37.111589338329814,36.762867713764109,37.093235015869141,44566600
2021-10-29,37.139137475010841,37.21255129358287,36.873004943635003,36.946418762207031,42092000
2021-11-01,37.203366367357184,37.285959080091011,36.817932541022785,36.964763641357422,37503800
2021-11-02,36.955594388180387,37.166663911292702,36.85464733348968,37.056541442871094,31436800
2021-11-03,36.937233615907694,37.331842851365813,36.863816315948256,37.194187164306641,42946800
2021-11-04,37.056538469141742,37.148306602007146,36.423326449888918,36.707813262939453,48279700
2021-11-05,37.001485187060361,37.157495254697572,36.606875810998403,36.726177215576172,57866300
2021-11-08,36.955584544159962,37.194183745638433,36.836283193056119,36.928054809570312,32864600
2021-11-09,36.73535263097564,36.854654035553409,36.487574406420627,36.726177215576172,48420400
2021-11-10,36.689463642170509,36.891357761246056,36.570162253559481,36.661933898925781,60695100
2021-11-11,36.71698703815575,36.882172470529191,36.560980519097342,36.762874603271484,31438900
2021-11-12,36.817948622468222,36.854657288767982,36.515110877322918,36.845481872558594,39218800
2021-11-15,36.946425453786297,37.038197119535702,36.772064539959061,36.845481872558594,30081100
2021-11-16,36.891354319438648,37.029006523550251,36.707814546559845,36.808761596679688,32599500
2021-11-17,36.75369558261692,36.75369558261692,36.285672526078834,36.386619567871094,53557200
2021-11-18,36.423324128766332,36.496741430963944,36.037893794417847,36.203079223632812,42990100
2021-11-19,35.891064398224223,36.019541182452507,35.533163784808345,35.8084716796875,71858100
2021-11-22,36.285675977969944,36.671106355228879,35.99201373794503,36.313205718994141,81965800
2021-11-23,36.551804274363434,36.909704869447928,36.395794258127076,36.882171630859375,61571200
2021-11-24,36.808762349291705,36.946414556217817,36.661931228132474,36.799583435058594,40410300
2021-11-26,35.643290370990087,35.799296912556763,35.175267245559837,35.579051971435547,76492200
2021-11-29,35.992008129702988,36.120484902103499,35.423034565172884,35.689167022705078,79316500
2021-11-30,35.25785914871696,35.404693788248288,34.780660573162102,34.835720062255859,121263700
2021-12-01,35.45056716093228,35.679990964845871,34.450279235839844,34.450279235839844,101946500
2021-12-02,34.771474028582212,35.670814994003351,34.642997247912007,35.478099822998047,98076400
2021-12-03,35.523985033106676,35.615756665637782,34.624644038680792,34.899951934814453,97178200
2021-12-06,35.450570970660195,35.771762930364638,35.175263076523557,35.432216644287109,69716600
2021-12-07,35.845180953376662,36.166372919510465,35.670816599706995,36.065425872802734,115475500
2021-12-08,36.083780690935754,36.230611806129325,35.780943047418369,35.872711181640625,53033200
2021-12-09,35.698334755952878,35.98281794839815,35.569854523058439,35.799278259277344,45521100
2021-12-10,36.047068020936038,36.056246933773593,35.606574724430885,35.83599853515625,38900900
2021-12-13,35.753406770634534,35.762585683715308,35.331267787889409,35.450569152832031,44343000
2021-12-14,35.395503901972795,35.92776880310533,35.367974165958842,35.661636352539062,51734400
2021-12-15,35.753413400890885,35.872714787957236,35.312920011026982,35.762592315673828,70424900
2021-12-16,36.175544920537931,36.469210619958076,35.992008671903463,36.212253570556641,71156600
2021-12-17,35.973662741298739,36.019546814164343,35.193619499662056,35.413867950439453,97654400
2021-12-20,34.864290205612896,34.910394089443209,34.311033047146559,34.725975036621094,85242300
2021-12-21,35.076367323092512,35.601959283884078,35.076367323092512,35.445201873779297,57667900
2021-12-22,35.343786798655159,35.638855946821451,35.288460014310836,35.611190795898438,49702700
2021-12-23,35.814050781248859,36.118339289722222,35.777166259766766,35.795608520507812,39057300
2021-12-27,35.906252068884903,36.164440155029297,35.7218365298544,36.164440155029297,36120300
2021-12-28,36.099907230450988,36.413418686092918,36.090684339622044,36.182895660400391,34055200
2021-12-29,36.256656542717778,36.358087223795096,36.090679704137038,36.136783599853516,27150500
2021-12-30,36.247434824306431,36.450292655828463,35.961585061364261,36.072235107421875,30089100
2021-12-31,35.998459616602204,36.182878653977326,35.933913481145993,36.007678985595703,28497800
2022-01-03,36.27509449004566,36.588605868132028,36.256652230452183,36.450290679931641,49884400
2022-01-04,36.87446348262597,37.529148009113058,36.856021219097897,37.409275054931641,74210200
2022-01-05,37.519921712009612,37.713563702721764,36.948225664554442,36.975887298583984,76288400
2022-01-06,37.363162606552073,37.547581682137483,37.021989603094902,37.519916534423828,57725200
2022-01-07,37.602905332866719,38.054731896865711,37.473813033867387,37.962520599365234,62185500
2022-01-10,38.202261723818694,38.229923350892129,37.436923878111777,37.833423614501953,73620000
2022-01-11,37.971747729820159,38.183828461511517,37.621351795177091,38.165386199951172,60706300
2022-01-12,38.266819435690024,38.414354020525131,38.008634791604067,38.193050384521484,51560600
2022-01-13,38.248370677138276,38.451232015897638,37.916417038259802,38.045509338378906,51659600
2022-01-14,37.436933082607212,37.68589833998314,37.197190714857292,37.649017333984375,81135500
2022-01-18,37.400047761270095,37.436928763013412,36.579383036832198,36.809906005859375,82526700
2022-01-19,37.08654235854187,37.104984621135856,36.16445033385412,36.192111968994141,85975100
2022-01-20,36.29354351277027,36.763808908780888,35.88782076111201,35.961589813232422,80314000
2022-01-21,35.814053417240352,35.915484100030852,35.076380520811981,35.223915100097656,117914300
2022-01-24,34.615325381724197,35.39910196771519,33.951418191472413,35.325336456298828,169153300
2022-01-25,34.92884688184521,35.731065958463731,34.357147293908405,35.472881317138672,97364900
2022-01-26,35.860151662116799,36.155220774184777,35.140921141138776,35.565082550048828,106682000
2022-01-27,35.906259156745534,36.275097342616711,35.011832359885602,35.242355346679688,91498900
2022-01-28,35.104042264098389,35.712622845227294,34.661438524868451,35.703403472900391,79753600
2022-01-31,35.454433936290073,36.044572184126665,35.242353223317643,36.016910552978516,58740900
2022-02-01,36.063019862086634,36.607054300577019,35.878600752555634,36.514842987060547,64601500
2022-02-02,36.496393820919614,36.828343902290243,36.265870879203348,36.763797760009766,46649400
2022-02-03,36.754585449633488,36.883677758989691,36.302758849385157,36.358085632324219,50677000
2022-02-04,36.422633512982429,37.289398715092005,36.404191251128807,36.975887298583984,77792400
2022-02-07,37.021990257500079,37.326278747718547,36.809906030452183,37.086536407470703,52710400
2022-02-08,37.344720675846887,37.695116570792237,37.252512895993476,37.6029052734375,56921200
2022-02-09,37.805766848013505,38.091616595359945,37.713559067579865,37.8426513671875,67505300
2022-02-10,37.667450335860408,38.165380774703173,37.353938968903989,37.510696411132812,67260800
2022-02-11,37.3908343128901,37.842660993958077,36.763811397429613,36.985115051269531,77962800
2022-02-14,36.966671227708943,37.095763554711084,36.26588280219643,36.570171356201172,71521600
2022-02-15,37.012773187983626,37.261738455941149,36.883680867746818,37.068099975585938,55439600
2022-02-16,36.883675816914632,37.261733353337945,36.837571925643772,37.095756530761719,41168800
2022-02-17,36.708475201649264,36.828344601015267,36.072229619240616,36.173660278320312,59107800
2022-02-18,36.13677501017397,36.468728608430382,35.980021098497858,36.164440155029297,47816500
2022-02-22,35.998472321810986,36.330426002744979,35.675738013124352,35.980030059814453,60719700
2022-02-23,36.247434746149175,36.358084791968196,35.260796670300806,35.353004455566406,64169800
2022-02-24,34.181952430655151,35.039498329055895,33.932987152006348,34.928848266601562,143075700
2022-02-25,35.159360595742605,36.145998520049353,35.150137708131702,36.053787231445312,99127100
2022-02-28,35.196255204322,35.749512597391764,35.150151300941772,35.518989562988281,107370200
2022-03-01,35.177813270853747,35.279240442102861,33.979090786524232,34.209613800048828,129873100
2022-03-02,34.49546823665343,35.297687446574898,34.477025970993999,35.094829559326172,88182500
2022-03-03,35.251580372818729,35.435999495335224,34.689103632019403,34.984172821044922,71952600
2022-03-04,34.366367554594383,34.37558692643551,33.932983210526658,34.329483032226562,105904100
2022-03-07,34.015973726543486,34.052858251187786,33.056997190802846,33.075439453125,116046200
2022-03-08,33.213755298381983,33.813113006581069,32.725047648734702,32.881801605224609,114915000
2022-03-09,33.979090988121321,34.375590855136203,33.840779289687184,34.089744567871094,88716400
2022-03-10,33.527267134491495,34.025197680251743,33.425836447299375,33.80389404296875,71547300
2022-03-11,34.098955568661587,34.31103626819138,33.545701875757871,33.564144134521484,76788200
2022-03-14,34.071304012496718,34.541569438749406,33.831558095189671,33.988315582275391,70969700
2022-03-15,34.32948113320635,34.523119588673318,34.034412005589594,34.467796325683594,51828700
2022-03-16,34.910404833355351,35.491323797401428,34.799754774609134,35.435997009277344,87007600
2022-03-17,35.233132197754522,35.887816631224588,35.002609212659294,35.878597259521484,58266400
2022-03-18,35.869382015583909,36.053797610880935,35.528205425780001,35.961589813232422,82342500
2022-03-21,36.120799115765628,36.231882079934415,35.741262417863801,35.926403045654297,46828600
2022-03-22,36.352226713651852,36.741018882708225,36.305942436087626,36.509593963623047,61053100
2022-03-23,36.278159461230253,36.361472551343333,35.815309745327149,35.833824157714844,42142600
2022-03-24,36.083778807147802,36.157836488262355,35.82458398577608,36.120807647705078,30421500
2022-03-25,36.241144596760442,36.657706635935995,36.185601343613783,36.583652496337891,48613100
2022-03-28,36.472567524810216,36.50959282695046,36.065257419892326,36.481822967529297,44761000
2022-03-29,36.926165956866782,37.037248948624701,36.352233046308804,36.565143585205078,67968600
2022-03-30,36.565133473549231,36.583647888933044,36.093028240684731,36.305938720703125,47405300
2022-03-31,36.259659893957796,36.407775253699462,35.463561022933575,35.472816467285156,66619600
2022-04-01,35.713501530921157,35.787555681881607,35.130309642824756,35.3802490234375,68422500
2022-04-04,35.296931360451865,35.509841872590293,34.97293433925185,35.222873687744141,134312400
2022-04-05,35.084026477921249,35.463563283288607,34.917400218856088,35.000713348388672,56165700
2022-04-06,34.723003808051907,34.908144505570235,34.630435224925293,34.760032653808594,55835100
2022-04-07,34.732258548696265,34.889625827069843,34.232379785748449,34.722999572753906,53346900
2022-04-08,34.861853725134942,35.232135051250758,34.769285159238208,35.074764251708984,44672300
2022-04-11,34.982199068754362,35.32470703321173,34.861857096439429,34.917400360107422,54435500
2022-04-12,34.889628106022684,35.213625191139997,34.389752841688214,34.537864685058594,67215400
2022-04-13,34.213867599941281,34.556379106888002,34.149068889170792,34.537864685058594,57445600
2022-04-14,34.463805015516478,34.704488954190694,34.13981148029891,34.149066925048828,68544200
2022-04-18,33.93616029560058,34.510093280410125,33.926904849783618,34.352725982666016,52748400
2022-04-19,34.445292285422617,34.880372366582314,34.436036840218414,34.8248291015625,41519100
2022-04-20,35.093283478159847,35.315453010514631,34.982200477614917,35.065513610839844,54635800
2022-04-21,35.306192324025147,35.472818582405324,34.445291166149147,34.510089874267578,54998100
2022-04-22,34.454550719384251,34.463806164442722,33.445537707300133,33.482563018798828,73170900
2022-04-25,33.204852501283298,33.612162693704633,32.704977267993428,33.538105010986328,91392800
2022-04-26,33.158570629503068,33.510337585497943,32.6772062505798,32.695720672607422,81457500
2022-04-27,32.649435255125731,33.001202198966979,32.547607703124463,32.667949676513672,81603000
2022-04-28,33.001197684007565,33.204849228883319,32.510574412512312,33.084510803222656,62680000
2022-04-29,32.917885656187465,33.03822408583796,31.871843909419546,31.945898056030273,74631700
2022-05-02,32.094007256712864,32.205093764443887,31.325678333526113,31.955154418945312,104408800
2022-05-03,32.17732353305334,32.6957166929338,32.066240545673416,32.371723175048828,73896300
2022-05-04,32.427262013183075,33.417760490693652,32.316179028851678,33.362220764160156,87794900
2022-05-05,32.973420319191156,33.038219011747771,31.992180956897364,32.390232086181641,101093900
2022-05-06,32.260637491057544,32.306925307322537,31.695963564029309,32.1588134765625,99281900
2022-05-09,31.723728678936599,31.918124765591052,31.242364418222667,31.390476226806641,85922800
2022-05-10,31.677457219560111,31.881108831733304,30.72398375540531,31.11277961730957,107581200
2022-05-11,31.149795035087678,31.779271087673663,30.779513757826287,30.825798034667969,110212200
2022-05-12,30.566605748238178,30.88134380015881,30.001928343504318,30.594375610351562,114304100
2022-05-13,30.964655501167041,31.297907956338779,30.761000438281183,31.03870964050293,64036200
2022-05-16,30.918370677036567,31.057223510064965,30.538833950069833,30.779514312744141,55662200
2022-05-17,31.381225665533577,31.695963749144912,31.205340437734396,31.603391647338867,62859300
2022-05-18,31.307165356131442,31.353449637517006,30.612890541555021,30.733232498168945,74279300
2022-05-19,30.316668631077707,30.751748669681024,30.270384347054154,30.529579162597656,71525400
2022-05-20,30.742490972681932,30.899861782424395,29.835305549285792,30.474037170410156,77984600
2022-05-23,31.057230274272332,31.695965451616008,30.899862989646373,31.464540481567383,78189300
2022-05-24,31.279396069504898,31.501562036752109,30.751747483212299,31.399734497070312,77871200
2022-05-25,31.325681846869969,31.844075013962879,31.233113277976205,31.649675369262695,72192600
2022-05-26,31.992192958814105,32.492068270170634,31.964419557824968,32.380985260009766,50803200
2022-05-27,32.519828902686072,32.991934158952908,32.464285653781332,32.927135467529297,43862500
2022-05-31,32.658686622784955,33.084511199014223,32.482804938455381,32.834571838378906,64778900
2022-06-01,32.751258371941759,32.834571491272797,32.001440297962404,32.306922912597656,48642400
2022-06-02,32.334697013538623,32.779032531123747,32.084757622784835,32.751262664794922,45334700
2022-06-03,32.445770498766066,32.584626852234557,32.242118986613029,32.279144287109375,36699400
2022-06-06,32.547604866005742,32.880857359410001,32.362464199529541,32.371723175048828,32829600
2022-06-07,32.14955326967933,32.649432003576486,32.121783405995423,32.621662139892578,32031400
2022-06-08,32.371718868843168,32.464287424135208,31.927383447166125,32.047721862792969,38251800
2022-06-09,32.010703192402914,32.029214082285762,31.223856184321143,31.24237060546875,49715100
2022-06-10,30.566608689859788,30.677691680267813,30.08524435640555,30.113014221191406,74190900
2022-06-13,29.353940603903013,29.714962970658753,29.039204287777686,29.215085983276367,104065100
2022-06-14,29.335426578005812,29.539079894363013,28.742977517056485,28.965147018432617,75592200
2022-06-15,29.270629953573952,29.705708246252666,28.789265609142817,29.289142608642578,87858800
2022-06-16,28.696695821558261,28.70595303208626,28.307901807544113,28.548583984375,100838500
2022-06-17,28.613378739460778,28.955888419149112,28.354182177382249,28.631893157958984,116937700
2022-06-21,29.287059609071999,29.389429945986286,29.026483151535974,29.203302383422852,58065800
2022-06-22,28.868277669830242,29.408045516346704,28.831051444187111,29.138160705566406,48035800
2022-06-23,29.156769850349313,29.212607406170765,28.551857966325915,29.026481628417969,69348900
2022-06-24,29.147466588343431,30.124631913318385,29.10093558240904,30.096714019775391,65489300
2022-06-27,30.329373645729049,30.329373645729049,29.854751688685365,29.994344711303711,47244800
2022-06-28,30.301454556955928,30.589948922383112,29.677927720219685,29.696540832519531,42459900
2022-06-29,29.72446207827354,29.836138982954573,29.426659365849687,29.529027938842773,64507500
2022-06-30,29.063707204924228,29.529024329979219,28.710066970901778,29.268447875976562,75294300
2022-07-01,29.175387889910837,29.761686762702819,28.979953748950713,29.668622970581055,77308400
2022-07-05,29.203303175423194,29.584864866530676,28.868276038784582,29.566251754760742,51536800
2022-07-06,29.501112587719675,29.733771198742559,29.212614632019374,29.491806030273438,48001700
2022-07-07,29.743068584958117,30.003648578565816,29.715150694606066,29.919891357421875,33120100
2022-07-08,30.003652940585699,30.096714955347363,29.73376812765326,29.854751586914062,29062200
2022-07-11,29.687234105734209,29.836137228233031,29.529026202183033,29.612783432006836,30564300
2022-07-12,29.389432404726438,29.966426476909618,29.370819291904112,29.426658630371094,38211000
2022-07-13,29.110239103847256,29.361508994759678,28.803129881581928,29.16607666015625,51441600
2022-07-14,28.57047399122132,28.700762226443974,28.263364740307864,28.607698440551758,57782300
2022-07-15,29.017178663652611,29.743072304280037,28.942727988330716,29.575559616088867,59650200
2022-07-18,29.994341783301618,30.199082456594699,29.333592310513186,29.46388053894043,38671600
2022-07-19,29.854751159971318,30.441048234744287,29.770992152804162,30.347986221313477,40568000
2022-07-20,30.282842237419484,30.515500822125986,30.189776673483923,30.459661483764648,38507700
2022-07-21,30.375902662353681,30.655092239379883,30.143244089817163,30.655092239379883,40561800
2022-07-22,30.701627186251375,30.859833313555427,30.245614816214292,30.478273391723633,25741200
2022-07-25,30.664399366841348,30.813300705417248,30.450353914518988,30.673704147338867,24699300
2022-07-26,30.524804587833934,30.701627378384003,30.171162556821947,30.245615005493164,26357800
2022-07-27,30.366598082347164,30.85983312335884,30.264227741739887,30.710931777954102,44817200
2022-07-28,30.738848318512638,30.943588990719981,30.245613299199981,30.934284210205078,40974600
2022-07-29,31.008734406563399,31.474051553780843,30.980816513758544,31.371681213378906,38724000
2022-08-01,31.073874931017517,31.287920367983251,30.897055713546958,31.111101150512695,35131300
2022-08-02,30.962203668018489,31.166944350582362,30.729545092409772,30.76677131652832,36806900
2022-08-03,30.999435195622436,31.306542721921083,30.822612375851982,31.232093811035156,27314900
2022-08-04,31.204171504051136,31.287928745297364,31.073883251021144,31.129722595214844,24505800
2022-08-05,31.045963711175364,31.501972572650679,30.934288578785878,31.353071212768555,34366100
2022-08-08,31.585729102277774,31.688099450546307,31.306539502510745,31.334457397460938,24369100
2022-08-09,31.390288294378401,31.576415827523004,31.334448969408793,31.492658615112305,26425400
2022-08-10,32.041741220407239,32.320930817706447,31.976597099373706,32.199947357177734,45366000
2022-08-11,32.497751398845075,32.7862493395887,32.460528721078546,32.581508636474609,46985200
2022-08-12,32.739707509221404,33.102654235631356,32.572193089326454,33.093349456787109,36370300
2022-08-15,32.758332411418877,33.177118611937459,32.693188285792495,33.084053039550781,25366000
2022-08-16,32.935143451449555,33.474912986271214,32.935143451449555,33.326011657714844,41300800
2022-08-17,32.944455211183609,33.307402015444879,32.925842099415327,33.158500671386719,33158000
2022-08-18,33.130580368917734,33.242259043370964,32.972374238574616,33.195724487304688,15966200
2022-08-19,33.000294147604514,33.000294147604514,32.42330182804303,32.534976959228516,33587400
2022-08-22,32.0603529887889,32.069657769936967,31.734628847195491,31.818386077880859,36810100
2022-08-23,31.781156820722163,32.013815352205967,31.688091278076172,31.688091278076172,23244000
2022-08-24,31.632261556228137,31.957982142605541,31.567113888864522,31.855611801147461,20682200
2022-08-25,31.920763041576933,32.376775514353128,31.837005793519626,32.348854064941406,26402600
2022-08-26,32.488440615817971,32.49774539601875,31.353065726580411,31.380987167358398,38230600
2022-08-29,31.148329954505417,31.380988520523321,30.971507172275498,31.157634735107422,34872100
2022-08-30,31.260002795681114,31.36237312528802,30.80399047745609,30.990118026733398,41870700
2022-08-31,31.148327851063492,31.26000296118605,30.710928640459176,30.75745964050293,39768200
2022-09-01,30.627173027638076,30.897057812178051,30.254917907576875,30.850526809692383,40604600
2022-09-02,31.204162037795523,31.464742014893258,30.459655424846773,30.608556747436523,43208800
2022-09-06,30.766769585467639,30.841218479427809,30.227000016382696,30.534111022949219,45877100
2022-09-07,30.441043372930725,31.194858341644373,30.394512373646897,31.139019012451172,35023000
2022-09-08,30.980810904403896,31.70670438660537,30.85052269478696,31.688091278076172,50760900
2022-09-09,31.827695478287019,32.060354065774369,31.818387146738072,31.976596832275391,41327100
2022-09-12,32.106886740050406,32.404689463487266,32.032434284146937,32.237174987792969,41969600
2022-09-13,31.604346855305469,31.716025551678047,30.934292427514464,31.036659240722656,60771600
2022-09-14,31.101794372452773,31.25069925786325,30.664398696867021,30.943588256835938,39233200
2022-09-15,30.980819165174925,31.446136352215383,30.897061929504105,31.045963287353516,47653000
2022-09-16,30.738849873395345,30.822607102618008,30.44104718062324,30.76677131652832,53893300
2022-09-19,30.404715916865285,31.134427956866002,30.404715916865285,31.115716934204102,36491400
2022-09-20,30.863133934312373,30.928620743854765,30.376657942880723,30.657316207885742,42193600
2022-09-21,30.853773477055732,30.966036057809244,30.002441471418454,30.021152496337891,49644600
2022-09-22,30.086640201899822,30.133415981220331,29.459835123344345,29.515966415405273,52299500
2022-09-23,29.225953694255857,29.291440501379206,28.627215132691912,29.048202514648438,56801000
2022-09-26,28.833028307690139,29.104332807672343,28.383974429493556,28.589790344238281,49969700
2022-09-27,28.814315169252708,28.963999784335993,28.178156447339429,28.468170166015625,60630400
2022-09-28,28.552372870549696,29.197887214405174,28.477530550202033,29.02949333190918,46088700
2022-09-29,28.720769692743474,28.83303228558999,28.309136022082193,28.664636611938477,41860000
2022-09-30,28.683347242724363,29.038849612052505,28.32784665777794,28.402688980102539,37984300
2022-10-03,28.683341087911437,29.319501583355379,28.346549817527862,29.169816970825195,47086100
2022-10-04,29.618874818810561,30.283100153801669,29.581454552801979,30.255035400390625,53441800
2022-10-05,29.787270037989593,30.18954815184971,29.684361185314248,30.021152496337891,41766800
2022-10-06,29.852759829355392,30.058577555310286,29.534679511408488,29.600166320800781,34717900
2022-10-07,29.338219733453194,29.431771300726005,28.73947935349296,28.898519515991211,36380700
2022-10-10,29.057557555723591,29.179177439304276,28.599148128924671,28.767543792724609,31011700
2022-10-11,28.580438380384894,28.879809454065011,28.281069091086493,28.402688980102539,50431900
2022-10-12,28.412040569434364,28.711409817386674,28.234289409319629,28.337198257446289,48265700
2022-10-13,27.76652486417294,29.581453183295157,27.682327039074696,29.506610870361328,83086100
2022-10-14,29.768560956719845,30.114706018422169,28.945295434709045,29.010782241821289,60886900
2022-10-17,29.628229411112262,29.936954179715315,29.54403158473129,29.740493774414062,47222200
2022-10-18,30.516986337013893,30.554408391967513,29.871471948500091,30.217617034912109,48150700
2022-10-19,29.955667060697653,30.208260555493915,29.553388928477297,29.721784591674805,35205700
2022-10-20,29.684361624345971,29.983730889958416,29.160465409524196,29.244663238525391,43124400
2022-10-21,29.32886256915198,30.142774363041628,29.113691121524045,30.114706039428711,54487300
2022-10-24,30.292461650977678,30.657317770962905,30.198906512030412,30.516986846923828,40117200
2022-10-25,30.357937803717281,30.937965186460058,30.301804740059957,30.881832122802734,33950300
2022-10-26,30.975398955548812,31.302833028937044,30.891201112568449,30.956687927246094,38012100
2022-10-27,31.246698249642943,31.55542124272759,31.153143123887642,31.20927619934082,41232200
2022-10-28,31.293464144929359,32.023176051544887,31.237331087204311,31.985754013061523,36421300
2022-10-31,31.779952911566955,32.004478096594738,31.742530857807836,31.789306640625,40083800
2022-11-01,32.051252123797596,32.135449955761928,31.733171821794929,31.873502731323242,38946100
2022-11-02,31.808011295314273,32.36932771419707,31.44315526616418,31.471220016479492,58039800
2022-11-03,31.078306203237101,31.396386530238672,30.947332580724144,31.153146743774414,40828100
2022-11-04,31.602188442488838,31.892203900457925,31.274754513138394,31.723808288574219,41825600
2022-11-07,31.957706601589656,32.060615478852938,31.751888847063096,32.041904449462891,30060300
2022-11-08,32.051250951513737,32.388042267052825,31.892212590710916,32.22900390625,34839600
2022-11-09,32.013833240356973,32.135449553745929,31.620908839851172,31.686395645141602,42126200
2022-11-10,32.649998822189637,33.332935302193555,32.565800978421272,33.286159515380859,67677700
2022-11-11,33.454540502815007,33.707133950074599,33.332924211320176,33.557449340820312,46076100
2022-11-14,33.463896919204757,33.491961667464345,33.052265146759936,33.080329895019531,38002700
2022-11-15,33.435832198551445,33.566805782221003,32.818382754993181,33.155170440673828,57802100
2022-11-16,33.136463037169001,33.220660859973606,32.88387313751808,32.996135711669922,32852400
2022-11-17,32.612568386268066,32.837093532788515,32.519013267915497,32.818386077880859,35706900
2022-11-18,33.258086827566487,33.304862608246061,32.818390206662528,33.089691162109375,39455400
2022-11-21,33.042923204766282,33.258094701847583,33.005501143857146,33.192607879638672,24630900
2022-11-22,33.370346504777636,33.566810476519841,33.370346504777636,33.529388427734375,29582300
2022-11-23,33.47325951458361,33.753921346592023,33.47325951458361,33.669723510742188,27916900
2022-11-25,33.707138323156471,33.828758199192549,33.641651521159282,33.781982421875,11266500
2022-11-28,33.594878547409969,33.735209459836611,33.145824623913391,33.201957702636719,34196600
2022-11-29,33.164535949533551,33.47325896339035,33.127113896713524,33.398418426513672,31489600
2022-11-30,33.351636215903902,33.978439420379637,32.874514056328536,33.969085693359375,58607000
2022-12-01,34.137488451817902,34.137488451817902,33.510681547810805,33.772628784179688,58157600
2022-12-02,33.417129814194503,33.641654996015255,33.314220952208572,33.613590240478516,40483300
2022-12-05,33.360995236283834,33.417128313600074,32.603214751949196,32.780967712402344,53402000
2022-12-06,32.743545027981952,32.930651713323059,32.229004319866306,32.490951538085938,45102200
2022-12-07,32.359973907470703,32.724829935723967,32.285129815130162,32.359973907470703,37775900
2022-12-08,32.453536898856193,32.612578866784531,32.275787470008289,32.388050079345703,46600900
2022-12-09,32.266429780589526,32.53773075580375,32.257072482513841,32.303848266601562,40885600
2022-12-12,32.322548932093397,32.771602739153224,32.172864329740115,32.734184265136719,72570900
2022-12-13,33.585520204557632,33.585520204557632,32.603211090051381,32.818386077880859,55659000
2022-12-14,32.734187276637563,33.052267531996527,32.266422405154543,32.406749725341797,54685100
2022-12-15,31.901569169669983,32.032546357566325,31.564781392798359,31.770595550537109,70330100
2022-12-16,31.433807678935036,31.620914399273762,31.237347228523106,31.527362823486328,59619300
2022-12-19,31.442632675170898,31.762707508072925,31.244936755480456,31.442632675170898,37456800
2022-12-20,31.565010678784471,31.790947327145108,31.45204415017475,31.574426651000977,45446400
2022-12-21,31.875673455905307,32.158091575964029,31.856845102415896,32.063953399658203,31318100
2022-12-22,31.856851438580662,31.885092178861104,31.263770754697767,31.781538009643555,25605100
2022-12-23,31.762703509327487,32.00746489607787,31.602664317453854,31.960395812988281,17116200
2022-12-27,32.026294549053389,32.101604366829072,31.81918626567353,31.950981140136719,25601100
2022-12-28,32.007466181501542,32.092191970921739,31.800357898220824,31.838014602661133,24395100
2022-12-29,32.007462299689465,32.336949445730042,31.932148899942725,32.280467987060547,26624200
2022-12-30,32.045124142959608,32.26164481527325,31.932154025207257,32.195747375488281,24735700
2023-01-03,32.431090667945675,32.657023681230136,32.073359207248032,32.308708190917969,37396500
2023-01-04,32.638204720847988,33.061833731550138,32.544066536754862,32.826484680175781,44669300
2023-01-05,32.71351714971469,32.71351714971469,32.355785596946411,32.581722259521484,45585700
2023-01-06,32.798243851902193,33.410152820229264,32.572307183109295,33.306598663330078,41229700
2023-01-09,33.419564592077379,33.607844547444131,33.099489745296331,33.184215545654297,48726600
2023-01-10,33.127721164026596,33.400726842964318,33.014754659036676,33.372486114501953,34663700
2023-01-11,33.457225770803227,33.683158874511719,33.391328316293091,33.683158874511719,32014700
2023-01-12,33.796119000217125,33.946742221758171,33.532525669164649,33.749046325683594,56642400
2023-01-13,33.316012227043252,34.050300142169199,33.193629710808381,34.003231048583984,65920900
2023-01-17,33.918493762498983,33.937322111788134,33.67373240402091,33.777286529541016,65345200
2023-01-18,33.58901418423055,33.796122481863421,33.118316119531286,33.146556854248047,53693000
2023-01-19,32.741745993182896,32.930025878416942,32.534641351451548,32.760574340820312,61169500
2023-01-20,32.854721690179531,33.297175366233922,32.704098474495773,33.278347015380859,42330100
2023-01-23,33.306586429940083,33.805525085041559,33.203032311075958,33.664314270019531,44997300
2023-01-24,33.607849036989535,33.833782140698027,33.231289075952802,33.683158874511719,34333500
2023-01-25,33.391322948064683,33.956159207670723,33.381906975424485,33.946746826171875,38458700
2023-01-26,34.031468369081971,34.182091592219734,33.805531738804859,34.125606536865234,29944200
2023-01-27,34.078537452973599,34.323298843894634,34.031468369081971,34.125606536865234,30787400
2023-01-30,33.946745303249585,34.200922686011779,33.899672624443063,33.956157684326172,31595000
2023-01-31,34.022054096830203,34.426854702569401,33.86201848537759,34.417442321777344,30282100
2023-02-01,34.05971080228062,34.718688783098457,33.984397391379794,34.417442321777344,51418700
2023-02-02,34.605719595910983,34.652792274558443,34.238575685764381,34.511581420898438,42107300
2023-02-03,34.238578031744225,34.737520448692898,34.229165650054519,34.445686340332031,43155000
2023-02-06,34.247991725940402,34.445684048543932,34.172678312867902,34.436271667480469,32273600
2023-02-07,34.219744730494583,34.935207734295055,34.219744730494583,34.831653594970703,33000500
2023-02-08,34.577476966099439,34.925792503920654,34.530407881173495,34.624546051025391,34555500
2023-02-09,34.765758087885928,34.869312232954982,34.163265161456309,34.238574981689453,44329600
2023-02-10,34.069129305418997,34.379791794500434,33.956162759908352,34.351551055908203,28108900
2023-02-13,34.332716186317356,34.746929168701172,34.304471861941806,34.746929168701172,32209000
2023-02-14,34.681029644318272,34.906966270027226,34.342126501325254,34.558647155761719,33525300
2023-02-15,34.285643417853862,34.615134199654378,34.238574332208373,34.596305847167969,28510000
2023-02-16,34.266825640259263,34.511587090184044,34.182099832373424,34.247997283935547,34379100
2023-02-17,34.078544151686543,34.304477235233698,33.974989992085085,34.257408142089844,35889800
2023-02-21,33.965570000193694,34.012639082792099,33.400730235590487,33.551353454589844,36425200
2023-02-22,33.551351463483897,33.683146323394368,33.334830823468039,33.513694763183594,31065200
2023-02-23,33.654912945570388,33.814948570095169,33.231283952502764,33.541946411132812,42357600
2023-02-24,33.250111779871325,33.673740766225954,33.193626717976933,33.570186614990234,48732600
2023-02-27,33.880846755403724,33.937328222300387,33.494874503331843,33.560771942138672,31664600
2023-02-28,33.607850109030245,33.796130095554467,33.523124294651453,33.626678466796875,32531400
2023-03-01,33.476041654023881,33.664317973244216,33.381899903273123,33.513694763183594,32790300
2023-03-02,33.316007691994443,33.391321104392276,32.958276165387062,33.353664398193359,38401900
2023-03-03,33.485459693208064,33.890260312003853,33.419562252114908,33.880847930908203,33091600
2023-03-06,33.899672162676104,34.116196427041352,33.805533988627765,33.909088134765625,30111100
2023-03-07,33.786704551059472,33.814945284139235,32.948862619043503,33.033588409423828,53804400
2023-03-08,32.995934905043732,33.174802474941174,32.741757509248473,32.911209106445312,50860300
2023-03-09,32.722927472672403,32.779412532547859,31.41438744359111,31.574426651000977,107108500
2023-03-10,31.207287618217006,31.743883201924259,30.623619348350857,31.000179290771484,166569400
2023-03-13,29.898742063633275,30.42592340706279,29.531598138191193,29.776359558105469,165965900
2023-03-14,30.915448338650794,30.924860719631205,30.00229476005148,30.378852844238281,128115500
2023-03-15,29.522184830655327,29.691636430640937,29.145624921544762,29.569253921508789,132235000
2023-03-16,29.371556231729219,30.44474710860154,29.089136351372549,30.134084701538086,133892600
2023-03-17,29.851670341261691,29.851670341261691,29.089139980743639,29.164451599121094,136760600
2023-03-20,29.394347335330384,29.744393466312548,29.347044633203094,29.488954544067383,75384500
2023-03-21,30.160657988509175,30.312030583551113,30.094433493199542,30.236343383789062,115899200
2023-03-22,30.23634528427576,30.321491584877723,29.517334886164946,29.5362548828125,67874100
2023-03-23,29.593020538505186,29.895762141234478,29.129447233765667,29.337581634521484,82366300
2023-03-24,28.978077405475823,29.347045348089839,28.751021181665447,29.318662643432617,76619100
2023-03-27,29.820076791368091,29.886301291517693,29.555176986287403,29.725469589233398,61393300
2023-03-28,29.687626437598365,29.820077244392035,29.536255633676156,29.716009140014648,42980100
2023-03-29,30.03767414430699,30.160662252342913,29.905225134963317,30.151203155517578,52147200
2023-03-30,30.368794086116708,30.387715887123729,29.914683493324024,30.08497428894043,45061700
2023-03-31,30.255271740518413,30.425564367923769,30.141744525236543,30.416105270385742,49034400
2023-04-03,30.387715943445198,30.595852145943677,30.293110547199269,30.472862243652344,51213500
2023-04-04,30.548550054048956,30.595852753110631,29.990369543606153,30.189043045043945,45939300
2023-04-05,29.961988738327403,30.236347658322501,29.952527837019652,30.151203155517578,57965300
2023-04-06,30.094435941786692,30.321492146100436,30.06605504404892,30.264728546142578,36762300
2023-04-10,30.151196308264286,30.340408878002396,30.084970014149842,30.330949783325195,27900700
2023-04-11,30.406637498269138,30.728300895450968,30.387715697380266,30.595851898193359,53912600
2023-04-12,30.747222139145542,30.908052030339682,30.453939644129573,30.529626846313477,63645800
2023-04-13,30.548546717908486,30.822907395054308,30.340410534009695,30.803985595703125,58550300
2023-04-14,31.125651308220892,31.362168404456721,30.955358710213936,31.106729507446289,65276200
2023-04-17,31.087807118367351,31.475695004495158,30.955358124416062,31.466232299804688,69670600
2023-04-18,31.532455899905095,31.627061279504662,31.295938841942281,31.560836791992188,49507500
2023-04-19,31.513543613678696,31.721676233409564,31.456778203407559,31.636529922485352,39478900
2023-04-20,31.428400115907383,31.627073656192138,31.418937408866029,31.541927337646484,39291800
2023-04-21,31.447316119253436,31.466234311915279,31.248639006657669,31.428394317626953,41545000
2023-04-24,31.40947231369352,31.52299951375656,31.27702331212587,31.352706909179688,32774200
2023-04-25,31.154033158711769,31.210798562773508,30.803988856075847,30.813447952270508,58534300
2023-04-26,30.728300689161905,30.898593287054027,30.387715493377662,30.520164489746094,54294200
2023-04-27,30.633699771606341,31.068890425840909,30.633699771606341,31.012125015258789,46398800
2023-04-28,30.860743836485923,31.409465127686691,30.79451935085325,31.381080627441406,54598700
2023-05-01,31.466235122310593,31.627068635795567,31.25810251698821,31.29594612121582,31950600
2023-05-02,31.172958646498692,31.182417743811964,30.302573726112172,30.586397171020508,76096700
2023-05-03,30.624231260158762,30.77560205071854,30.207962488360455,30.236343383789062,65642400
2023-05-04,29.971451069508973,30.132282790448834,29.57410221803887,29.848461151123047,76076600
2023-05-05,30.340417333295285,30.633699875516889,30.293114628798904,30.586397171020508,55019400
2023-05-08,30.756683810165342,30.860751917399519,30.595853905505063,30.633697509765625,34323600
2023-05-09,30.406637294139507,30.643154390215845,30.340412795955292,30.520164489746094,29736200
2023-05-10,30.718842507231091,30.785067007385663,30.084974794225719,30.349876403808594,39706100
2023-05-11,30.160664237721946,30.349880471850032,30.028215219659582,30.302574157714844,36693200
2023-05-12,30.501247811289478,30.501247811289478,29.980909091415221,30.179582595825195,36253000
2023-05-15,30.236343697804099,30.482323490621024,30.179580101875214,30.425558090209961,33208500
2023-05-16,30.36879327972775,30.453939577516181,30.122817091096977,30.141738891601562,31241400
2023-05-17,30.378258687480749,30.832371113103896,30.312034184304338,30.747224807739258,46818800
2023-05-18,30.690459790920816,31.012123214276027,30.576932585314506,30.974283218383789,42232500
2023-05-19,31.049963588672384,31.144568982007364,30.699919302575655,30.841827392578125,40132900
2023-05-22,30.945892780415392,31.012117271742888,30.709375708827448,30.898590087890625,35286200
2023-05-23,30.766145303182235,30.926975201504014,30.520165494147676,30.539087295532227,42217200
2023-05-24,30.31203148717842,30.340412383453085,30.075514394317722,30.141738891601562,46610700
2023-05-25,30.066055847264369,30.236346651687267,29.952526839833414,30.132280349731445,41658900
2023-05-26,30.198504245180029,30.453941348921028,30.151201545649336,30.378257751464844,44183000
2023-05-30,30.425562711278751,30.491787217334402,30.170123784079141,30.368797302246094,57900500
2023-05-31,30.189038557942933,30.217421255850702,29.79168980964436,30.047128677368164,67667900
2023-06-01,30.21742829160636,30.435021808301741,30.009292067451511,30.368797302246094,48643400
2023-06-02,30.662079778086746,31.144573122584248,30.662079778086746,31.031045913696289,65752900
2023-06-05,31.068887970167101,31.068887970167101,30.728302751524126,30.870214462280273,53591100
2023-06-06,30.841828107801653,31.305403207407995,30.822909915867481,31.258100509643555,46236100
2023-06-07,31.286475250527246,31.447308722037874,31.097260887735125,31.381080627441406,48467100
2023-06-08,31.27702331212587,31.400009608458905,31.106730707548998,31.352706909179688,36261200
2023-06-09,31.295944765699492,31.494618265842227,31.277022964405244,31.36216926574707,34021700
2023-06-12,31.390550512188909,31.475696814477345,31.11618980381899,31.352706909179688,33655200
2023-06-13,31.324331992244332,31.674376364502987,31.286488382009527,31.541927337646484,46054400
2023-06-14,31.61760738630533,31.778440907196988,31.314865756472113,31.418933868408203,57195400
2023-06-15,31.314860786333149,31.910884854391465,31.286479890842291,31.835201263427734,52241800
2023-06-16,31.977108789775972,32.005493293734013,31.73113261224664,31.768976211547852,49861100
2023-06-20,31.559907015026354,31.616927123850257,31.341335368938264,31.531398773193359,50683100
2023-06-21,31.455373814168425,31.64543722961837,31.360343919022519,31.493387222290039,35967600
2023-06-22,31.436366950919499,31.445868489227035,31.141768511178281,31.246303558349609,38690000
2023-06-23,31.008730924821045,31.217797432442474,30.904195858431155,31.113265991210938,35529600
2023-06-26,31.065744374304895,31.30332272914859,30.961212943306389,31.046737670898438,25728300
2023-06-27,31.103759820817107,31.360344895893405,31.084753116164244,31.2938232421875,34348100
2023-06-28,31.255802096185398,31.265307258738154,31.075243884413826,31.217788696289062,36663200
2023-06-29,31.379344941694733,31.759468078613281,31.341331540455634,31.759468078613281,47471000
2023-06-30,31.968546854282302,32.168111827324076,31.911530362075197,32.035068511962891,44762300
2023-07-03,32.03506389654202,32.310655653032256,31.987548951495619,32.215625762939453,19128000
2023-07-05,32.025559511058027,32.234625975711261,31.93052600425418,32.149101257324219,39831600
2023-07-06,31.883019530737243,31.911531402929221,31.597926184927509,31.873517990112305,45808400
2023-07-07,31.740471787811074,32.187116659791535,31.740471787811074,31.921030044555664,33488700
2023-07-10,31.930532622225279,32.244137821939837,31.902024376854268,32.063579559326172,27254400
2023-07-11,32.177612291213123,32.481712289079411,32.111090643252247,32.443698883056641,33744600
2023-07-12,32.709791304829395,32.880848037261693,32.567246444574863,32.652774810791016,46546000
2023-07-13,32.700282097234712,32.814318683732807,32.64326199140681,32.766803741455078,40453700
2023-07-14,33.004386884504065,33.013892049438503,32.500721897726393,32.548236846923828,47552700
2023-07-17,32.510220724368672,32.956869184897762,32.510220724368672,32.861839294433594,38568900
2023-07-18,32.937861569440969,33.260968263290678,32.890346625524984,33.232460021972656,47160800
2023-07-19,33.232458987386977,33.508047103583301,33.222953823804986,33.375003814697266,45599800
2023-07-20,33.317985605281365,33.631587109220376,33.308480442192497,33.622085571289062,45591500
2023-07-21,33.679105713867436,33.698112416955759,33.422520659911989,33.508049011230469,30615700
2023-07-24,33.527053887104969,33.935688918338585,33.51755234865761,33.831153869628906,32299800
2023-07-25,33.736124914568357,33.812151724874134,33.584074919114649,33.612583160400391,36218600
2023-07-26,33.574570722192654,33.916680466009133,33.527052156934829,33.812149047851562,35638700
2023-07-27,33.812151786133377,33.897676510145565,33.336995096334931,33.384510040283203,44072800
2023-07-28,33.650599502632694,33.660101042171306,33.270472668241403,33.451034545898438,32422700
2023-07-31,33.517561025322088,33.679112596852143,33.432032656524214,33.574581146240234,28627000
2023-08-01,33.508055859256388,33.603089394119969,33.394019242578779,33.574581146240234,26480300
2023-08-02,33.289478302001953,33.413020062980173,33.099418516076135,33.289478302001953,48923800
2023-08-03,33.089907692521862,33.384506110576403,32.994877815811329,33.308479309082031,31861600
2023-08-04,33.279976799412488,33.60308351106341,33.146933499054704,33.175441741943359,36195700
2023-08-07,33.384512952567739,33.698114510109541,33.375007787854194,33.641098022460938,33119300
2023-08-08,33.203947256558834,33.365502411688787,32.947362216169658,33.336994171142578,37254800
2023-08-09,33.317996908404886,33.413026820587092,33.051906629008919,33.089920043945312,38304200
2023-08-10,33.260971934554021,33.508051845283937,33.032895103361739,33.118423461914062,38097500
2023-08-11,33.01388727081487,33.241960444013216,32.937860462976943,33.184940338134766,27518700
2023-08-14,33.089915217449366,33.18494511577051,32.966373449505291,33.118423461914062,23773800
2023-08-15,32.842827575420024,32.880837350705917,32.472202358834053,32.510215759277344,57472100
2023-08-16,32.453205980038611,32.709787423079341,32.42469411124442,32.46270751953125,33566500
2023-08-17,32.567245536881757,32.614760488975627,32.206125375683079,32.301158905029297,38205400
2023-08-18,32.073084795736882,32.386690031593631,32.044576547080368,32.291656494140625,40860000
2023-08-21,32.339163757276523,32.405685405089713,31.997050354147003,32.253635406494141,32308300
2023-08-22,32.263140530740714,32.301153936632176,31.902020425087681,31.949535369873047,43133000
2023-08-23,32.006556571290773,32.272643171298327,31.959041624883426,32.263141632080078,30240500
2023-08-24,32.215622899508105,32.605251214509835,32.149101257324219,32.149101257324219,35784900
2023-08-25,32.282152199160052,32.424697055441669,32.035068648018367,32.301158905029297,40347200
2023-08-28,32.405689334909383,32.595752762492218,32.377181089577384,32.481716156005859,34905300
2023-08-29,32.453199496769948,32.785807689938238,32.405680933325257,32.77630615234375,43394300
2023-08-30,32.823822838737854,32.985374362549834,32.728789331944675,32.795310974121094,33799900
2023-08-31,32.890343625376268,32.899845163229628,32.633758601445358,32.671772003173828,27999700
2023-09-01,32.871343545299389,33.070908506833007,32.842835300839802,32.966373443603516,41075700
2023-09-05,32.928360819205118,33.061404115418803,32.624260820671566,32.633762359619141,38612300
2023-09-06,32.54823207898113,32.681275367307933,32.377175386801603,32.614753723144531,35672800
2023-09-07,32.481713264073477,32.671776674734467,32.434198317697742,32.529228210449219,47632600
2023-09-08,32.557743115818894,32.662278194332266,32.434204954992893,32.595756530761719,39720800
2023-09-11,32.747806549072266,32.918863291071034,32.662278178072881,32.747806549072266,28965100
2023-09-12,32.738300237610311,33.203951814522085,32.700286828225359,32.966373443603516,48615200
2023-09-13,33.118423455985067,33.156436865370019,32.842835300839802,32.966373443603516,31994900
2023-09-14,33.194457898547185,33.317999694843074,33.032902684135784,33.270481109619141,65685500
2023-09-15,33.051900068319114,33.298983591201647,33.032893364623682,33.099418640136719,51800200
2023-09-18,33.056463604884307,33.237828967144324,32.951461264126387,33.190101623535156,32458700
2023-09-19,33.218735509627493,33.285554515348736,32.941911833717946,33.15191650390625,36112900
2023-09-20,33.266456201810762,33.371458515918462,32.913269579108281,32.922817230224609,31618000
2023-09-21,32.808276532048353,32.808276532048353,32.37872314453125,32.37872314453125,48103300
2023-09-22,32.426454307074572,32.455089985943644,32.130538940429688,32.130538940429688,41688300
2023-09-25,32.063719688989828,32.225993389851489,31.958717345437933,32.206905364990234,40141700
2023-09-26,31.968270153098629,32.111452210819586,31.720082093533893,31.77735710144043,46165400
2023-09-27,31.863259897847154,31.863259897847154,31.452798212959522,31.729621887207031,49360900
2023-09-28,31.758254626721428,32.073257959621785,31.748706974637035,31.958711624145508,63638100
2023-09-29,32.111439054538437,32.159166387557867,31.586431108600511,31.66279411315918,52860500
2023-10-02,31.557800398703527,31.63416341526829,31.223701732315007,31.395523071289062,49350600
2023-10-03,31.242793527777454,31.328704197624653,30.775060490780369,30.899150848388672,52921800
2023-10-04,30.908699527018431,31.147339879917109,30.74642219353867,31.12824821472168,40136000
2023-10-05,31.04233258416188,31.328700233631118,30.975513587331132,31.271425247192383,41407800
2023-10-06,31.137791957588661,31.720074996248208,31.032789620602479,31.53870964050293,54057800
2023-10-09,31.252340945007798,31.624619297750041,31.223701627699629,31.55780029296875,61396600
2023-10-10,31.653255831420648,31.987350864380257,31.643711819634412,31.786893844604492,44743400
2023-10-11,31.882354323035823,32.006444691453375,31.595982971024846,31.834623336791992,35746400
2023-10-12,31.93008016065389,31.93008016065389,31.414616121002272,31.634164810180664,41991200
2023-10-13,31.834624890918178,32.130540269806332,31.529165499133128,31.700986862182617,53213800
2023-10-16,31.939625440344592,32.18781345804075,31.87280642974093,32.035083770751953,45589300
2023-10-17,31.891889889705002,32.397806165916037,31.882345879801527,32.18780517578125,41925200
2023-10-18,32.025534845909597,32.05417416457658,31.567345802229102,31.634164810180664,46942100
2023-10-19,31.576893369274273,31.748711073992414,31.195067346569289,31.21415901184082,66656200
2023-10-20,31.204612419033754,31.261887416794877,30.708240029192847,30.736879348754883,59921300
2023-10-23,30.670063028081813,30.88961174337328,30.517331508007715,30.545969009399414,55913700
2023-10-24,30.689149090177832,30.899150112632888,30.593690769641356,30.75596809387207,35825000
2023-10-25,30.641422271728516,30.851426964074371,30.555511592256405,30.641422271728516,59240100
2023-10-26,30.565060021512902,30.880063426658051,30.517330853550309,30.574604034423828,56046100
2023-10-27,30.536418236331787,30.574599744663221,29.935045369831307,30.020956039428711,73057300
2023-10-30,30.230956584084421,30.631872404771727,30.154591752557373,30.555505752563477,48978100
2023-10-31,30.61278658547246,30.899154303194056,30.555511585382902,30.889610290527344,41050100
2023-11-01,30.946881232177436,31.21416092096343,30.880062220321697,31.090066909790039,51764100
2023-11-02,31.376437677352452,31.844174447227971,31.319166313823928,31.825082778930664,47417000
2023-11-03,32.13053650706032,32.397812533231253,32.120992495281108,32.245082855224609,58801300
2023-11-06,32.330993037509785,32.378720378409213,31.977806345218774,32.149627685546875,40599700
2023-11-07,32.054174664684147,32.178265029180054,31.99689966781942,32.101902008056641,27442000
2023-11-08,32.092352158184951,32.168718815444763,31.939622485027954,32.140079498291016,30165800
2023-11-09,32.245079533874176,32.292810511942044,31.949167861482746,32.006439208984375,34336600
2023-11-10,32.159170296827213,32.397810632295581,31.968260941542546,32.369174957275391,35146100
2023-11-13,32.254634080539539,32.407363775460865,32.206906733632223,32.321453094482422,28327300
2023-11-14,32.674637209918892,33.11373459242084,32.646001532344414,32.932369232177734,54296300
2023-11-15,32.98964483297032,33.209193528242828,32.980097179362033,33.113735198974609,35000200
2023-11-16,33.209192158149271,33.285555177050448,33.104189820967719,33.24737548828125,33222500
2023-11-17,33.371477353477196,33.428752368419858,33.285566651745221,33.419204711914062,31336100
2023-11-20,33.371464566653657,33.629196573095342,33.304645562172034,33.552833557128906,37285400
2023-11-21,33.505101680899507,33.619651663834198,33.476466005847108,33.533740997314453,27285700
2023-11-22,33.610102483060658,33.734196471583004,33.552831135559863,33.667377471923828,32719200
2023-11-24,33.667378500082826,33.82965217810721,33.657830847632873,33.772380828857422,13168500
2023-11-27,33.64828908763927,33.715108093809249,33.581470081469284,33.657833099365234,35017000
2023-11-28,33.619653050573078,33.762835073103574,33.562378056743263,33.648288726806641,39329300
2023-11-29,33.743742896628433,34.087385571669152,33.743742896628433,33.886928558349609,36651300
2023-11-30,33.963297499514219,34.268756866455078,33.858295159372751,34.268756866455078,37334500
2023-12-01,34.211478282386253,34.564664955622568,34.154203291579343,34.526481628417969,51267600
2023-12-04,34.326030604662343,34.621945980023675,34.287847270803503,34.488307952880859,41366600
2023-12-05,34.383301549634822,34.39284556129217,34.163752867888903,34.316482543945312,39510900
2023-12-06,34.507403003604011,34.631493388768845,34.096941227779439,34.144668579101562,35616100
2023-12-07,34.230575146737962,34.326029837889671,34.144664468156201,34.306938171386719,26050900
2023-12-08,34.26875924523722,34.545579312305989,34.230575911378374,34.488307952880859,33213100
2023-12-11,34.49785000801463,34.765126047133144,34.49785000801463,34.698307037353516,31165700
2023-12-12,34.784213920139884,34.956035252655951,34.641031903951522,34.946491241455078,37245700
2023-12-13,34.956038145463225,35.547868847045883,34.889219137439838,35.509685516357422,56989000
2023-12-14,35.796050260185304,35.99650726771533,35.671956266368483,35.862869262695312,66865700
2023-12-15,35.566959498508453,35.73878085793686,35.500140485548854,35.652870178222656,69246200
2023-12-18,35.829378778383429,35.896528595858413,35.733451513245051,35.771823883056641,43434000
2023-12-19,35.752635098347554,36.050015453677055,35.656704180794328,36.040420532226562,32509000
2023-12-20,35.944494707419388,36.030830706964942,35.397701263427734,35.397701263427734,52985700
2023-12-21,35.551187466117952,35.75263691412529,35.416884174722547,35.7430419921875,27522200
2023-12-22,35.848567336042734,35.963684453096903,35.685490242635588,35.819789886474609,30331400
2023-12-26,35.848563163678136,36.030830081438026,35.791008271240621,35.963680267333984,17837600
2023-12-27,35.886934398045476,36.078792572021484,35.829375848035582,36.078792572021484,32640800
2023-12-28,36.021237796724812,36.261059624478492,36.011646533746564,36.184318542480469,25308000
2023-12-29,36.174728441571368,36.232287005284448,35.963687693405745,36.069206237792969,30218300
2024-01-02,35.973273680193991,36.241872952667769,35.906123862075546,36.222686767578125,31351900
2024-01-03,36.05960881894346,36.11716737283254,35.858159369417479,35.915714263916016,46909000
2024-01-04,36.040422275034224,36.347393907268113,35.992458643633398,36.059608459472656,36904200
2024-01-05,36.059603195546494,36.40494714624446,36.040417013908829,36.213088989257812,44852300
2024-01-08,36.222685750086733,36.462507567884785,36.030831223360707,36.443325042724609,39098300
2024-01-09,36.251461352533141,36.261052613656979,36.097975558821815,36.213088989257812,36338100
2024-01-10,36.155531861959254,36.299426400188658,36.040418427009797,36.270648956298828,37095500
2024-01-11,36.222688546510639,36.270655841285794,35.848567067365643,36.1363525390625,49043500
2024-01-12,36.309028097510719,36.443331412841239,35.925315317597018,36.069206237792969,41333900
2024-01-16,35.762231327947525,35.886939708394124,35.618340420716073,35.819789886474609,44042100
2024-01-17,35.512814145261288,35.89652684650585,35.493627961290493,35.752635955810547,38715900
2024-01-18,35.704666129624513,35.848556995349938,35.445658180051012,35.810188293457031,42064900
2024-01-19,35.944490057895663,36.433724885776186,35.829372967132002,36.385761260986328,59417700
2024-01-22,36.53925116346138,36.74070060585845,36.472101349329016,36.558437347412109,51828800
2024-01-23,36.539252420702837,36.64477460636747,36.462507682259272,36.615993499755859,46255500
2024-01-24,36.769486432912387,36.961340978274215,36.731114060083669,36.759891510009766,43975500
2024-01-25,36.903781407385416,36.980522483938593,36.711923226916845,36.942150115966797,50693800
2024-01-26,36.884592183245424,37.143600156621112,36.846219818436403,37.076450347900391,38620200
2024-01-29,36.961341773724605,37.201163619979013,36.865414498979227,37.172386169433594,44175600
2024-01-30,37.210749402707584,37.680798056645394,37.191563220593174,37.642429351806641,43229300
2024-01-31,37.565685016488651,37.843879170973906,37.162786166039751,37.181968688964844,65780900
2024-02-01,37.114816493973926,37.268302283235876,36.692731488351022,37.239524841308594,63445600
2024-02-02,37.114822632577024,37.565688814088048,37.095636448322246,37.393016815185547,61778400
2024-02-05,37.181977433151744,37.297094554115354,37.009309070488257,37.172386169433594,37351300
2024-02-06,37.124414262725494,37.306677507899593,37.07645063603654,37.249122619628906,41055700
2024-02-07,37.450572161363958,37.575276859256846,37.191564185186941,37.527313232421875,39018700
2024-02-08,37.354649371085458,37.498543942270452,37.143608635242686,37.383430480957031,47331500
2024-02-09,37.335459343538709,37.50813134744125,37.239532078877559,37.488948822021484,50680400
2024-02-12,37.488948934024904,37.824698020732619,37.402612931815696,37.661617279052734,39952700
2024-02-13,37.373826216577122,37.469757126520264,36.855810281054296,37.153190612792969,62948300
2024-02-14,37.373829493567115,37.536910225074578,37.229938605120914,37.508129119873047,58722500
2024-02-15,37.623252501616967,38.227600920865804,37.61365757848484,38.150859832763672,58107900
2024-02-16,38.112483050010972,38.189227788625935,37.93981104751785,38.016555786132812,37900000
2024-02-20,37.74794909209222,38.045329435452686,37.719171647679666,37.911029815673828,39952200
2024-02-21,37.8630688593638,38.026145935058594,37.728769230111517,38.026145935058594,40242400
2024-02-22,38.237187979611285,38.601718136447303,38.170038169061257,38.467414855957031,55188200
2024-02-23,38.611315234755814,38.822359619466354,38.582537785710109,38.659278869628906,42190500
2024-02-26,38.620900659984265,38.879908640415898,38.400265045407004,38.467414855957031,38370000
2024-02-27,38.505787201204662,38.582531932872321,38.313929031425737,38.57293701171875,42599500
2024-02-28,38.496199387749968,38.851134655030769,38.486604465736932,38.716835021972656,40040800
2024-02-29,38.812760537965431,38.899096535242172,38.534566362363655,38.697647094726562,37629700
2024-03-01,38.688049638010433,38.774381962073718,38.52496893175914,38.649677276611328,40794900
2024-03-04,38.582532216539839,38.851131460571011,38.572937295315732,38.745609283447266,53413200
2024-03-05,38.611308707386101,38.975838857699983,38.611308707386101,38.755203247070312,50770200
2024-03-06,38.812762852495702,39.071770859771419,38.640090847645226,38.956657409667969,58459500
2024-03-07,39.100546887841702,39.177291624718059,38.755206550069474,38.899097442626953,35505100
2024-03-08,38.956656296105372,39.167700664754577,38.918283927370886,38.96624755859375,47266600
2024-03-11,38.822356963677805,39.071770043590327,38.75520714757095,39.033397674560547,36233100
2024-03-12,39.119731249365401,39.311589423226643,38.985431625479627,39.196475982666016,53199300
2024-03-13,39.273216206463928,39.493851820841847,39.244438761794264,39.484260559082031,43471400
2024-03-14,39.493852039597449,39.570596771661926,38.956653552707067,39.167697906494141,65563400
2024-03-15,38.947058956221575,39.311589117786596,38.870317882907514,39.129325866699219,67568000
2024-03-18,39.267022409533595,39.401827689945648,39.074445536469753,39.353683471679688,39140600
2024-03-19,39.382573569089665,39.56552307068462,39.363315146842545,39.5462646484375,36748300
2024-03-20,39.498119115861357,40.046971275562157,39.430716476822191,40.018085479736328,52255300
2024-03-21,40.114376840198155,40.441762685051501,40.066232619254428,40.345474243164062,49209200
2024-03-22,40.393609173164243,40.480270220197454,39.854384472383387,39.883270263671875,32033000
2024-03-25,39.854391621249711,39.921794261791675,39.729213714599609,39.729213714599609,31784000
2024-03-26,39.873652490991603,39.989199357132492,39.738847201632453,39.864025115966797,30135500
2024-03-27,40.056600516014363,40.345473180404568,39.950684701995598,40.335842132568359,36670300
2024-03-28,40.383986068870961,40.653600308865379,40.316583427164474,40.557308197021484,41490200
2024-04-01,40.595825326618439,40.634342171626265,40.258812115721213,40.335842132568359,37537700
2024-04-02,40.210661608365037,40.268436872120205,40.056597911519511,40.124000549316406,36359800
2024-04-03,40.133633568929866,40.403244133367721,39.998828286710939,40.104747772216797,39715900
2024-04-04,40.441752685711741,40.518786358709782,39.604031694280387,39.652175903320312,52657500
2024-04-05,39.806239844628692,40.133625610743081,39.671434589140603,40.027706146240234,47540300
2024-04-08,40.03734347374251,40.268437184217738,40.018085052341519,40.201034545898438,35165700
2024-04-09,40.220296009528091,40.326215498661021,39.652185391316664,39.969940185546875,51953600
2024-04-10,39.584782857023669,39.738846567141216,39.247765965838141,39.372943878173828,59492800
2024-04-11,39.353683596196419,39.411458862199417,38.852975643675677,39.093700408935547,56870800
2024-04-12,38.833717447629802,38.997408510355058,38.429297967845379,38.573734283447266,81234800
2024-04-15,39.074445416425526,39.228509118304331,38.265610063269719,38.381156921386719,71800600
2024-04-16,38.410038997846833,38.496700051334088,38.063394783897799,38.121170043945312,66751300
2024-04-17,38.294498139130802,38.467820273208154,38.063400735971456,38.217464447021484,41561900
2024-04-18,38.390781386669204,38.689281393451623,38.265607163681061,38.352268218994141,48893400
2024-04-19,38.56410420732638,38.958892650317345,38.487074197389894,38.881862640380859,55513600
2024-04-22,39.093700285241418,39.575149814237832,38.930009208503471,39.353683471679688,50701200
2024-04-23,39.536627983688248,39.700319024572408,39.430708522801986,39.604030609130859,36488600
2024-04-24,39.498113891104332,39.652177570409989,39.392194422862715,39.594402313232422,33957500
2024-04-25,39.401824935597624,39.507744412279578,39.026294916938447,39.363311767578125,50365700
2024-04-26,39.29591461713084,39.527008350177212,39.209253548946286,39.3055419921875,35796900
2024-04-29,39.295904840818508,39.469226934067322,39.103324329078966,39.247756958007812,36596100
2024-04-30,39.161094713747687,39.247755757721805,38.862598419189453,38.862598419189453,34481600
2024-05-01,38.833712628920622,39.334416801695916,38.785564747582399,38.862598419189453,54717600
2024-05-02,39.132207273511384,39.189982524780639,38.679643654820907,38.958885192871094,37085100
2024-05-03,39.189991439189917,39.27665249922255,38.852974573210439,39.045555114746094,45012600
2024-05-06,39.344056724595426,39.5462646484375,39.257395661067605,39.5462646484375,42335600
2024-05-07,39.642547766387693,39.758098284363285,39.575145134152578,39.681064605712891,42601200
2024-05-08,39.642547340038178,39.892903119791455,39.536631542784946,39.82550048828125,28390900
2024-05-09,39.729212096576731,40.124000549316406,39.719584722535004,40.124000549316406,31594800
2024-05-10,40.268437495121468,40.355098555510843,40.220293277831445,40.278068542480469,34306800
2024-05-13,40.393613845398399,40.46101648164634,40.114372253417969,40.114372253417969,29570100
2024-05-14,40.268437508767882,40.34547119499269,40.114373809486594,40.316581726074219,30638300
2024-05-15,40.412866278928682,40.653590993626771,40.403235233366878,40.615074157714844,36138300
2024-05-16,40.653590993626771,40.807654664106842,40.595815739758876,40.615074157714844,36032700
2024-05-17,40.682480669073996,40.913578033447266,40.634336456170224,40.913578033447266,29813200
2024-05-20,40.826913152790091,40.884684733590419,40.335832676981376,40.355091094970703,35719600
2024-05-21,40.432124696884649,40.653590993626771,40.412866278928682,40.615074157714844,33413400
2024-05-22,40.528416106114364,40.701738207348498,40.297318746746214,40.383979797363281,38661100
2024-05-23,40.345466794075357,40.383979959818383,39.671436805805357,39.82550048828125,51768500
2024-05-24,39.902532223342163,40.075854332789788,39.902532223342163,40.066226959228516,23477300
2024-05-28,39.97956642743884,39.97956642743884,39.478858512837313,39.623294830322266,31004900
2024-05-29,39.3055419921875,39.430719906935998,39.189995125664311,39.3055419921875,40620200
2024-05-30,39.34405003376709,39.604033180137939,39.247757938906872,39.517372131347656,32769300
2024-05-31,39.594407717246973,40.133632504996413,39.478860860289366,40.095115661621094,38664000
2024-06-03,40.085485640221791,40.133629854677451,39.498116673625674,39.844760894775391,37855000
2024-06-04,39.632926031593875,39.960311866098287,39.478862325542885,39.661811828613281,27586400
2024-06-05,39.786982566973663,39.825499404836776,39.488482583286284,39.777355194091797,23817300
2024-06-06,39.844759654885635,39.960306500617243,39.604034916930104,39.758098602294922,39040200
2024-06-07,39.767733161352126,40.162521656007804,39.690703141334964,39.941055297851562,42273300
2024-06-10,39.767725070611903,39.835127701852109,39.527000338134627,39.786983489990234,31615200
2024-06-11,39.59440239859606,39.613660817696768,39.141842405816917,39.334419250488281,54584900
2024-06-12,39.738842544193531,39.78698676001229,39.238134618708358,39.295909881591797,46399800
2024-06-13,39.29590683028453,39.305534203433439,38.997406838317445,39.267017364501953,39497900
2024-06-14,38.997405583665554,39.2188718906445,38.872227697749516,39.141841888427734,29083000
2024-06-17,39.045554575455853,39.498118290838676,38.97815193782457,39.488487243652344,36076900
2024-06-18,39.440338213318462,39.738838195800781,39.401821375610844,39.738838195800781,38900300
2024-06-20,39.652183562972589,40.056599404830621,39.613666719033226,39.95068359375,42869100
2024-06-21,39.854394827567965,39.892911674738777,39.565525820124336,39.796623229980469,42530600
2024-06-24,39.963854195118721,40.45687544539156,39.86718451866107,40.205532073974609,45252000
2024-06-25,40.128196494750043,40.25387003406091,39.789848913196217,39.905853271484375,32845400
2024-06-26,39.72218001541134,39.741514690045776,39.461167439414631,39.654510498046875,37978500
2024-06-27,39.538504953656577,39.654509310276396,39.364496574870842,39.606174468994141,25466100
2024-06-28,39.693185078877953,39.992863355929011,39.577177015781473,39.741519927978516,44045100
2024-07-01,39.905852922763984,40.166865492415504,39.664175027276869,39.828517913818359,36131100
2024-07-02,39.751177893764478,40.292537689208984,39.731843220243753,40.292537689208984,27033100
2024-07-03,40.331205362041032,40.369871019765505,40.147527815074859,40.166862487792969,21113200
2024-07-05,40.253861894632557,40.253861894632557,39.925179872849689,40.157192230224609,21421100
2024-07-08,40.215196728039153,40.456874601856008,40.002522706724278,40.050857543945312,27779300
2024-07-09,40.089528554152629,40.621219161094146,40.04119002721189,40.360206604003906,33140000
2024-07-10,40.166860602170992,40.524542811385373,40.147525930360544,40.514877319335938,28445400
2024-07-11,40.553549408300142,40.901566149024681,40.427875876880314,40.833896636962891,45836600
2024-07-12,40.785553123535514,41.143239000942067,40.679217965948268,40.969230651855469,39041200
2024-07-15,41.114244059012485,41.607269050816726,41.085243890451828,41.568599700927734,46561200
2024-07-16,41.597595814242098,42.061616904537239,41.520260809715481,42.042285919189453,52243100
2024-07-17,41.993946205101601,42.438636297473181,41.926276695162564,42.361297607421875,54773300
2024-07-18,42.216297214918953,42.641652713443008,41.752276051930131,41.848949432373047,58731300
2024-07-19,41.829608561376617,41.916612747033845,41.375252959865328,41.423587799072266,47220000
2024-07-22,41.520266274643248,41.732940330867621,41.326923206311029,41.655605316162109,29071100
2024-07-23,41.761940713980877,41.945614585375004,41.66526734400081,41.732936859130859,23800400
2024-07-24,41.60726885596533,41.694273048952027,41.162582397460938,41.162582397460938,47786900
2024-07-25,41.239918226541576,41.92628260275589,41.230252732779107,41.317256927490234,44862000
2024-07-26,41.539595007516738,42.090620276419877,41.520260334678333,41.964946746826172,32636300
2024-07-29,42.061617975606048,42.090621829789931,41.694270241254699,41.906944274902344,35195700
2024-07-30,42.16795753278037,42.53530896091123,42.148622858909064,42.390300750732422,31418700
2024-07-31,42.486970777867015,42.641644468958134,42.254958397374487,42.283962249755859,38694800
2024-08-01,42.438642227288007,42.49664256521897,41.500930761806949,41.684604644775391,47060900
2024-08-02,41.210914511037998,41.355919031269678,40.408542152450771,40.659889221191406,78599800
2024-08-05,39.770511990761044,39.85751617648711,39.306490896126,39.480499267578125,107913600
2024-08-06,39.654505390417555,40.592216706990776,39.548166537481009,40.118526458740234,57668900
2024-08-07,40.563214059234859,40.949900138173568,40.108862157350387,40.166862487792969,43912600
2024-08-08,40.42787764732347,40.862898592279862,40.369873625425285,40.814563751220703,41260500
2024-08-09,40.804897410085339,41.094910164334905,40.64055820150508,40.988574981689453,23838800
2024-08-12,41.065899213753966,41.172238056193393,40.688882363440577,40.775886535644531,20509300
2024-08-13,41.017569064511989,41.143242591533543,40.717887173218038,41.114238739013672,24922000
2024-08-14,41.210914830235417,41.694270610175323,41.181910975794906,41.616931915283203,30673000
2024-08-15,42.013281825626464,42.235625032973481,41.868277310075875,42.003616333007812,33329000
2024-08-16,41.95528314868492,42.312965393066406,41.95528314868492,42.312965393066406,25338900
2024-08-19,42.3226320584889,42.554644461741262,42.3226320584889,42.544975280761719,24458600
2024-08-20,42.496645466417498,42.53531481948621,42.322637065320784,42.409641265869141,19620400
2024-08-21,42.477307574159184,42.525646105691862,42.119625304632976,42.341968536376953,19914100
2024-08-22,42.390298013728547,42.583641052246094,42.351632356194422,42.583641052246094,24738700
2024-08-23,42.709318500524311,43.057335264256359,42.622314309591303,42.950996398925781,32762500
2024-08-26,43.0960072248537,43.318350462332553,42.989668353078535,43.086338043212891,23716300
2024-08-27,43.173334840563363,43.328008530898416,43.095999839251668,43.308673858642578,21583500
2024-08-28,43.192669162050137,43.656690229286966,43.153999817852494,43.415012359619141,24726200
2024-08-29,43.560022710422913,43.946705108384784,43.260340809640212,43.801700592041016,33726600
2024-08-30,43.927367946698126,44.256049994586284,43.724359422690867,44.217384338378906,28967700
2024-09-03,43.98537588798839,44.352727312579283,43.685693977438987,43.888706207275391,39893900
2024-09-04,43.966042403784229,44.246389648233304,43.714699014503282,43.937042236328125,32006100
2024-09-05,44.12071541547656,44.140050089380395,43.260342709171645,43.453685760498047,39523500
2024-09-06,43.453684219998294,43.69536210366045,42.718981388546702,42.815654754638672,51331300
2024-09-09,43.221673361363969,43.695363652728055,43.163673027364432,43.453685760498047,41010900
2024-09-10,43.598689824001795,43.637359171402181,42.515973910774512,43.008998870849609,59115000
2024-09-11,42.844657660677406,42.873657828503738,41.935950087568905,42.805988311767578,59397500
2024-09-12,42.883325696010381,43.037999399199741,42.535308941906322,42.902660369873047,37732700
2024-09-13,43.028335571289062,43.202343969988348,42.931665877661651,43.028335571289062,32912300
2024-09-16,43.212006678622437,43.598689082917723,43.212006678622437,43.589023590087891,37063700
2024-09-17,43.685690771919312,43.966037988212726,43.637355935109468,43.821033477783203,27893300
2024-09-18,43.840369355876803,44.169051445668124,43.589025963783236,43.685695648193359,41783900
2024-09-19,44.130382650934926,44.285056347635354,43.830700750203945,44.169048309326172,46457700
2024-09-20,44.072375658756009,44.140045166015625,43.830697793482663,44.140045166015625,48699200
2024-09-23,44.135206657968716,44.309842446314683,44.009077315358937,44.086692810058594,31615300
2024-09-24,43.950852449054999,43.950852449054999,43.562767665827863,43.718002319335938,40341400
2024-09-25,43.737407210101395,43.795617892116475,43.320213383924902,43.456043243408203,32546900
2024-09-26,43.582171426493083,43.76651513331327,43.43664101178306,43.679195404052734,31445200
2024-09-27,43.776219322907565,44.086688674758314,43.708304383508128,43.805328369140625,23226100
2024-09-30,43.698604672016288,43.989669232312423,43.504560398123303,43.970264434814453,23593400
2024-10-01,43.853832750704768,43.960557270337702,43.446339466750494,43.737407684326172,32703000
2024-10-02,43.718011874412163,43.882947110587828,43.494862242540265,43.785926818847656,37709400
2024-10-03,43.620981187675639,43.708300917276794,43.339617203284547,43.553066253662109,23545700
2024-10-04,43.979962661043089,44.329237864913139,43.805323208564978,44.290431976318359,40432000
2024-10-07,44.290431607219631,44.309832700812244,43.562768461653611,43.747108459472656,26599300
2024-10-08,43.912047028050317,44.106091288623453,43.83443154447292,43.999366760253906,28763000
2024-10-09,43.999370811428214,44.494183906503181,43.912051071184798,44.406864166259766,28334300
2024-10-10,44.455370438890618,44.494180031415858,44.086686712073721,44.271030426025391,34127400
2024-10-11,44.552392154837023,45.212140444680998,44.523286810048383,45.124820709228516,52850300
2024-10-14,45.202432737328756,45.454687654745193,45.076303428077544,45.406177520751953,35850800
2024-10-15,45.716649688886868,45.978608870194662,45.444989960605987,45.503204345703125,42356800
2024-10-16,45.677844608582262,46.085334208217716,45.590524879933767,46.065929412841797,44973700
2024-10-17,46.25997731656242,46.386106645917451,46.162957033111823,46.192062377929688,45823400
2024-10-18,46.192062605118032,46.298787138090539,45.93980394516727,46.201763153076172,34279600
2024-10-21,46.12414482669972,46.23086935310215,45.745760561153908,45.833080291748047,26207400
2024-10-22,45.60022774915069,45.823377355707649,45.386778690232532,45.745761871337891,30018700
2024-10-23,45.697243078986261,45.813671844556566,45.483797744279514,45.706947326660156,20697200
2024-10-24,45.71665282624857,45.803972559343592,45.464397875688761,45.745761871337891,19617500
2024-10-25,45.930098840141433,46.007714319365526,45.134520747391818,45.241245269775391,25526500
2024-10-28,45.474100004127983,45.842783745688564,45.464399456151973,45.803974151611328,31415900
2024-10-29,45.687544804881661,45.813674123313419,45.483800006628542,45.522605895996094,27930900
2024-10-30,45.580822385970237,46.017421046016075,45.542012793724737,45.726356506347656,28704300
2024-10-31,45.668139250267792,45.803969113511243,45.095710754394531,45.095710754394531,53417100
2024-11-01,45.241241683997792,45.600221111765073,45.134517170073103,45.250942230224609,40139900
2024-11-04,45.221845969334353,45.260655564205031,44.659117946969516,44.90167236328125,41705600
2024-11-05,44.940474862809836,45.33826389471345,44.853155138680449,45.318859100341797,35221800
2024-11-06,47.579466678201314,48.200405280676044,47.249592583000862,48.074275970458984,153473400
2024-11-07,47.967559815445341,47.967559815445341,47.210791224402442,47.298110961914062,70611400
2024-11-08,47.637682556999565,47.996665732858176,47.395128157623631,47.725002288818359,60376500
2024-11-11,48.200410922370139,48.646710132500907,48.190706673709741,48.404155731201172,63654700
2024-11-12,48.384754478345066,48.452669419595722,48.11309471334247,48.258628845214844,58512400
2024-11-13,48.355642287594222,48.637006262140417,48.210108176322414,48.287727355957031,31880700
2024-11-14,48.394455877327246,48.501180407602781,48.07428228650064,48.161602020263672,38252800
2024-11-15,48.161600763768647,48.520580237168296,48.132495420302469,48.384750366210938,40741500
2024-11-18,48.423564159538266,48.617608435350007,48.219819335424965,48.530288696289062,27141600
2024-11-19,48.142194776894655,48.394453417649537,47.948150522718507,48.210109710693359,27014700
2024-11-20,48.404153676983654,48.433259019556758,47.831725166166038,48.064579010009766,33932500
2024-11-21,48.307135556279427,48.898968888913018,48.181006231024782,48.675815582275391,50881800
2024-11-22,48.646703018328587,49.26764160267502,48.637002472173258,49.219131469726562,42050800
2024-11-25,49.490800426915996,49.723654290118553,49.345270000865163,49.539314270019531,47492500
2024-11-26,49.558717980268419,49.733353747482496,49.248244935777848,49.636333465576172,28418400
2024-11-27,49.704251129878777,50.082635431592543,49.684846332215677,49.733356475830078,31803700
2024-11-29,49.9079944053125,50.034123735666157,49.723654384862236,49.81097412109375,15178400
2024-12-02,49.888586937138335,49.956505573758911,49.190032785774505,49.316162109375,55483600
2024-12-03,49.607223653942548,49.607223653942548,48.947475433349609,48.947475433349609,46924300
2024-12-04,48.898967572966228,48.937773463388638,48.598198790402826,48.763134002685547,41017400
2024-12-05,48.840753582916896,49.160923462752223,48.8019439910925,48.908668518066406,33599300
2024-12-06,48.898967742919922,49.063902955775902,48.763134172167142,48.898967742919922,23439400
2024-12-09,48.937773465865831,48.986287305797418,48.210110279928223,48.229515075683594,41998300
2024-12-10,48.268324439153162,48.491474037656069,47.919045519379445,48.219814300537109,38861800
2024-12-11,48.413865116955058,48.43326621416157,48.103395746435062,48.316841125488281,35035900
2024-12-12,48.442964415005747,48.481774006746484,48.103389739990234,48.103389739990234,23107300
2024-12-13,48.297429152767208,48.316833948178036,47.95785448579332,48.064579010009766,39160400
2024-12-16,48.093681840199089,48.151896223390509,47.889937050658254,47.977256774902344,35242800
2024-12-17,47.792918540238773,47.802622789089348,47.472748648813578,47.637683868408203,46103300
2024-12-18,47.725004909440116,47.831729443199691,46.172658148627967,46.211467742919922,72399500
2024-12-19,46.735379465366819,47.084658389429364,46.366699446488695,46.376399993896484,63641000
2024-12-20,46.279380323054056,47.433937936230564,46.182356342270467,47.065254211425781,56066100
2024-12-23,46.827511319155718,47.217251161285731,46.642381456039175,47.178276062011719,43033300
2024-12-24,47.27572108623017,47.753153116771514,47.188028957802281,47.733669281005859,18350500
2024-12-26,47.519305010642491,47.87007348812341,47.490075543142495,47.8505859375,20805600
2024-12-27,47.59725475214028,47.9090481497025,47.246489967535645,47.499820709228516,33852400
2024-12-30,47.012640649187539,47.256229460841361,46.632642697706821,47.0418701171875,34819800
2024-12-31,47.158792181191806,47.324430777632521,46.924945302656042,47.090587615966797,25170500
2025-01-02,47.334177430455831,47.519303580501315,46.710586979884987,46.973663330078125,35879100
2025-01-03,47.246491430146186,47.373154946478508,46.847005894848309,47.343925476074219,25198100
2025-01-06,47.548529979941947,47.762889299650332,47.110069424570177,47.197761535644531,54289900
2025-01-07,47.402380976101121,47.50955692369039,46.885970203421742,47.090587615966797,57682700
2025-01-08,47.100328089903442,47.256224765196308,46.788534739317726,47.246482849121094,36422000
2025-01-10,46.866487010230479,46.905462113087673,45.940852477029708,46.106491088867188,53128700
2025-01-13,45.872642965715677,46.457254578138688,45.833667867055482,46.437767028808594,36002800
2025-01-14,46.622894527846007,47.051613191834534,46.515718578718968,47.012638092041016,39353300
2025-01-15,48.016225922321318,48.337764941542204,47.753149556650683,48.211097717285156,61176900
2025-01-16,48.191608178766437,48.571606118996804,48.191608178766437,48.532634735107422,33830400
2025-01-17,48.630066839019818,49.029552313766267,48.454682609436496,48.941860198974609,43693100
2025-01-21,49.107496895931163,49.409544588103799,49.097751263807758,49.351085662841797,33267500
2025-01-22,49.351091600249831,49.360833516675676,48.922372940111615,49.117244720458984,37226400
2025-01-23,49.195197085234014,49.487502910189207,49.185451451509046,49.399810791015625,32048800
2025-01-24,49.234169902742224,49.594684023656171,49.1854528833099,49.545963287353516,39088700
2025-01-27,49.458262404996958,50.120824159152782,49.321853288000696,50.091594696044922,61707400
2025-01-28,50.033139532174502,50.22801132138661,49.799296358616154,50.003910064697266,39885300
2025-01-29,49.867505073160295,50.413145384943221,49.857759438610842,49.964939117431641,43612200
2025-01-30,50.42288381752676,50.705447730002341,50.111090437164137,50.442371368408203,64250500
2025-01-31,50.500831022332179,50.637240153532112,50.120829378013703,50.150062561035156,40424200
2025-02-03,49.448530273597747,50.081862689958491,49.117249330971731,49.945449829101562,77416200
2025-02-04,50.003905952697032,50.072110515782029,49.692112602345631,49.828521728515625,41742700
2025-02-05,50.042881937094698,50.364417209209194,49.828522611105043,50.35467529296875,34758600
2025-02-06,50.646987708868508,50.793142489638122,50.432628354905191,50.773654937744141,34355900
2025-02-07,50.832107878217016,50.919799992956762,50.452109953301445,50.491085052490234,40601400
2025-02-10,50.578772237814221,50.646976796312352,49.877235388268133,50.091594696044922,37921500
2025-02-11,50.013655642293109,50.315703384206095,49.711604183509898,50.218269348144531,45162900
2025-02-12,49.964934624755664,50.062372377136278,49.614166149925865,50.042884826660156,45473100
2025-02-13,50.179292797932831,50.442369147946408,49.964933464543229,50.374164581298828,36372200
2025-02-14,50.442370111698608,50.685958916342578,50.422882561302664,50.471599578857422,29574300
2025-02-18,50.549554955844876,50.861348360361823,50.422887723737816,50.832115173339844,33496800
2025-02-19,50.705449585319528,50.910063301756153,50.569040441028442,50.851600646972656,31748500
2025-02-20,50.773646101016915,50.812621198021588,49.731086415795787,50.072109222412109,47078900
2025-02-21,50.091594869082535,50.179286975578719,49.351086638457822,49.448520660400391,51789900
2025-02-24,49.682371307794412,50.091598691423755,49.380319869732297,49.662883758544922,56673900
2025-02-25,49.955196315312087,50.0916054616251,49.019816126133847,49.653144836425781,50132800
2025-02-26,49.662888594235497,50.003911447132111,49.44852924848886,49.545963287353516,31250500
2025-02-27,49.721345055512273,50.471599011405026,49.682373672028731,49.818782806396484,44378600
2025-02-28,50.072112603553776,50.919800577861871,49.857753272423189,50.841854095458984,63537100
2025-03-03,50.978267280135576,51.290060668275153,50.05262903296542,50.413143157958984,76100100
2025-03-04,49.906477272498996,49.964936208910622,48.366994187907316,48.639812469482422,99342400
2025-03-05,48.659298369803423,49.15622161366597,48.289046062189584,48.922374725341797,75561700
2025-03-06,48.347505895528315,48.67878682530602,47.801869340744048,48.113662719726562,55477700
2025-03-07,47.938282699055755,48.064949931938841,47.012644397594286,47.860332489013672,87351400
2025-03-10,47.051616251885171,47.363409636770946,46.242899604489331,46.788539886474609,78221400
2025-03-11,46.720338115324154,46.847005347045901,46.067518121254146,46.389057159423828,72972200
2025-03-12,46.885967417938751,46.954171979111742,46.009050038484666,46.457252502441406,60700100
2025-03-13,46.574182137499555,46.847004146282025,46.06751694046978,46.203926086425781,49986300
2025-03-14,46.642378742261691,47.353657536713165,46.398789961276805,47.275711059570312,49535700
2025-03-17,47.090595848012484,48.064951197979681,47.080850213065226,47.831104278564453,43570500
2025-03-18,47.870074168075284,48.025970858406708,47.597252172342579,47.772636413574219,32714200
2025-03-19,47.801870430467801,48.552124427269739,47.606998634943736,48.298789978027344,44290700
2025-03-20,48.025970107195633,48.698273876820693,47.938277987951473,48.366992950439453,46326000
2025-03-21,48.12340386070683,48.366992666413488,47.772635385790025,48.191608428955078,53382800
2025-03-24,48.689362149923539,49.158751005396603,48.562234835825308,49.041404724121094,43158200
2025-03-25,49.217420500007492,49.393438037025355,48.972946932009137,49.315208435058594,24873700
2025-03-26,49.461893141502699,49.784596305423051,48.982723315838491,49.168521881103516,39729200
2025-03-27,49.080513232965423,49.334767838205998,48.689357753906314,49.070735931396484,32299800
2025-03-28,48.924050143533961,49.188082049524596,47.936378551824397,48.122177124023438,45365400
2025-03-31,47.643010789891449,48.953389281858151,47.506106186761748,48.708915710449219,38042300
2025-04-01,48.523118351916693,48.865383624979039,48.11240450068712,48.650245666503906,37959100
2025-04-02,48.259082251940583,49.21742194944305,48.180852647669994,49.051177978515625,41792100
2025-04-03,47.134508543326817,47.574561748089046,46.547769693520209,46.635780334472656,101160600
2025-04-04,45.051588317547292,45.384072515588514,43.115358127908621,43.222927093505859,128135300
2025-04-07,41.892996079541113,44.640880675607683,41.276921565473593,43.115364074707031,179993200
2025-04-08,44.787558076872827,45.198275621592181,42.284151062852779,42.949115753173828,98804200
2025-04-09,42.284151243727564,46.557548297335067,42.117907272658151,46.185947418212891,177242900
2025-04-10,45.501419753182155,45.569872054500692,43.555412220777022,44.895126342773438,93318200
2025-04-11,44.591981872599455,45.931699848153066,44.367066614676162,45.638328552246094,63647400
2025-04-14,46.30329913511234,46.567331075246017,45.8339102627762,46.107723236083984,52008900
2025-04-15,46.371745228579577,46.841137768353327,46.185946657265021,46.225063323974609,41840100
2025-04-16,46.127274668812206,46.293518647996564,45.159161351951852,45.501422882080078,47934300
2025-04-17,45.472088764608898,46.166392880564423,45.403636456296162,45.6187744140625,61866600
2025-04-21,45.384067048283889,45.520971631507621,44.142141038458405,44.640869140625,43082300
2025-04-22,45.315619689297897,46.234838941264769,45.178715091172037,46.11749267578125,38154800
2025-04-23,46.97804122172213,47.652786919280793,46.5086524238069,46.665115356445312,50290900
2025-04-24,46.498872455602474,47.271409835209504,46.31307388458599,47.183399200439453,26817900
2025-04-25,46.948703617668102,47.163841557001952,46.64555877264754,46.958484649658203,28113000
2025-04-28,47.154061270332434,47.496322760905421,46.77268311501669,47.10516357421875,33922800
2025-04-29,47.114953844867742,47.682130673379696,46.899815876964304,47.594120025634766,42475300
2025-04-30,47.085612693745908,47.848369064663736,46.449979897733876,47.682125091552734,33759900
2025-05-01,47.506111580304186,47.985277745659609,47.369203231260123,47.672351837158203,34420200
2025-05-02,48.395998329568208,48.836047851023679,48.239535365626608,48.660026550292969,35032100
2025-05-05,48.249307546309637,48.728477420842204,48.014611260128781,48.347095489501953,24139900
2025-05-06,47.91682501100528,48.464447211207485,47.88748937308462,48.073287963867188,28949100
2025-05-07,48.229745258566673,48.6209044600174,48.171070259237879,48.35687255859375,30070100
2025-05-08,48.738254165511073,49.256536973169545,48.630685191007423,48.7578125,31294200
2025-05-09,48.855600442073758,48.93383378002946,48.620907888948395,48.7578125,22075000
2025-05-12,49.980179678414892,50.068190317110059,49.432557512048191,49.7454833984375,44274100
2025-05-13,49.872610474614639,50.185536359555108,49.784599836326954,49.950843811035156,33986100
2025-05-14,49.980182124483157,50.038853399570804,49.66725622277901,49.813938140869141,38764200
2025-05-15,49.745486787444698,50.224656681956283,49.706373846759504,50.14642333984375,34742500
2025-05-16,50.136640017316452,50.527795489799537,50.029071050013151,50.449565887451172,53401000
2025-05-19,50.18553337602917,50.625586541306447,50.107303774630196,50.478900909423828,26348400
2025-05-20,50.244210050978751,50.38111465577196,49.980178143004409,50.205093383789062,26903000
2025-05-21,49.892168990357348,50.038850901123631,49.139189911237182,49.178306579589844,40022000
2025-05-22,49.070734938653118,49.403219140830792,48.865378036523829,49.11962890625,33662800
2025-05-23,48.493780642308479,49.178307428817533,48.474222307794406,48.943611145019531,33645600
2025-05-27,49.324983628223094,49.833489075570192,49.148962368357928,49.804153442382812,38636400
2025-05-28,49.765039597713631,49.892166899346407,49.393438724678944,49.471672058105469,31730200
2025-05-29,49.637914806186572,49.735706477914896,49.246759310385841,49.725925445556641,34098400
2025-05-30,49.559686864452011,49.921506736077347,49.344548909791612,49.83349609375,37953200
2025-06-02,49.491234177778857,49.872612381483798,49.178308280873736,49.853054046630859,30142300
2025-06-03,49.696589198039277,49.999737781112579,49.29565267481113,49.950843811035156,33705400
2025-06-04,50.019294126064864,50.077965395676223,49.657470555065068,49.667251586914062,24600500
2025-06-05,49.677023991992193,49.755257317590505,49.334762518425279,49.530342102050781,42014400
2025-06-06,50.038854359624551,50.302886293697746,49.921508076826825,50.14642333984375,34982800
2025-06-09,50.205096228723299,50.224654563426441,49.569463407169394,49.872611999511719,28322100
2025-06-10,49.862833553449114,49.950844192408752,49.755264580235014,49.931285858154297,27728600
2025-06-11,49.980180975193541,50.205096228723299,49.686813415388244,49.872611999511719,39368400
2025-06-12,49.579244439706422,49.882389301677833,49.383664823045919,49.872611999511719,25500900
2025-06-13,49.236980475236699,49.344549453752713,48.708920345822385,48.855602264404297,54921900
2025-06-16,49.207641290030551,49.755263445554199,49.19786398831171,49.412998199462891,35632400
2025-06-17,49.158749241409787,49.364106158865759,48.982727960627265,49.129413604736328,31130700
2025-06-18,49.109855651855469,49.647696800484098,49.041403345504783,49.109855651855469,45728200
2025-06-20,49.256530993499034,49.461891615516834,49.109849098195369,49.246753692626953,44456100
2025-06-23,49.258533938223898,49.886530575202322,48.905284894134738,49.866905212402344,43022700
2025-06-24,50.357529658270849,50.799090977458725,50.318278931419627,50.612655639648438,41225000
2025-06-25,50.622463445415406,50.632274254968287,50.337901307365414,50.445838928222656,33123900
2025-06-26,50.475275911491877,50.857964866998458,50.445839739204899,50.818714141845703,37866000
2025-06-27,50.779461284530669,51.250458737121626,50.73039975172734,50.965896606445312,38954100
2025-06-30,51.201393518410832,51.456515716515291,51.162142797731761,51.387828826904297,42472900
2025-07-01,51.260276222610479,51.780335237761747,51.230836306719958,51.672397613525391,33844800
2025-07-02,51.760707359574809,51.77051816895807,51.358396798070189,51.633144378662109,40791100
2025-07-03,51.76070854901721,52.270956741238273,51.711647014663384,52.192455291748047,25904800
2025-07-07,52.133585548479083,52.251333985433185,51.43689825054193,51.692024230957031,34049000
2025-07-08,51.57426934723005,51.613516325872006,51.201394976470056,51.230831146240234,53715000
2025-07-09,51.495764541016072,51.515389900632961,51.162140913838172,51.417266845703125,36634900
2025-07-10,51.299522496953763,51.770519969991796,51.299522496953763,51.721458435058594,27992600
2025-07-11,51.378024022579545,51.427085557584562,51.103276432027307,51.181774139404297,30289900
2025-07-14,51.171964720531086,51.593900670721872,51.044401731526705,51.564460754394531,27636500
2025-07-15,51.358397414134124,51.466335034420005,50.681339263916016,50.681339263916016,47704600
2025-07-16,50.956086340718464,51.083649321891897,50.367340454488101,51.034584045410156,46726500
2025-07-17,50.897210901399838,51.613519777903178,50.838338557921958,51.52520751953125,48213900
2025-07-18,51.593900078910046,51.66258697762715,51.44671172842753,51.554649353027344,29791300
2025-07-21,51.584083776359805,51.947143620573321,51.387833896757456,51.407459259033203,36871400
2025-07-22,51.515399703948212,51.760711131109872,51.485963530498516,51.692024230957031,32289100
2025-07-23,51.809772089373041,52.104145050048828,51.574275218094527,52.104145050048828,32111300
2025-07-24,52.123768565764536,52.437766878443739,52.01583094393947,52.07470703125,32371900
2025-07-25,52.104143352735889,52.486832306618972,51.996209473756473,52.437767028808594,28964700
2025-07-28,52.378894534288357,52.437766878443739,51.966769409424934,52.07470703125,29119300
2025-07-29,52.251329960264293,52.300391493286114,51.692020248874428,51.809768676757812,37883200
2025-07-30,51.790144740055382,52.035456155069895,51.456521065909428,51.711647033691406,37260100
2025-07-31,51.495766437194362,51.996203767965639,51.289705768361365,51.387828826904297,46179400
2025-08-01,50.750029671481101,50.789276655355636,50.092593094774273,50.436031341552734,63060800
2025-08-04,50.632274898168681,50.93646240234375,50.524341019095424,50.93646240234375,40053100
2025-08-05,51.073834560486745,51.113085284249621,50.396776419774895,50.730400085449219,33551000
2025-08-06,50.838338031610093,51.054209527385979,50.691149688128974,50.975711822509766,34198700
2025-08-07,51.201399855991063,51.270086754103957,50.259404902024109,50.406589508056641,43119400
2025-08-08,50.700961845136277,50.995338539922749,50.53415187836876,50.877586364746094,39484400
2025-08-11,50.985522800752307,51.054209696429574,50.750025942188856,50.857963562011719,29351200
2025-08-12,51.073836124992539,51.564458957592187,51.064025315328813,51.476146697998047,37510000
2025-08-13,51.672396188077542,51.917707602518313,51.505586222972283,51.770519256591797,41154900
2025-08-14,51.721454250019875,52.05507790098774,51.54482974402778,52.015827178955078,35841500
2025-08-15,52.133583240122256,52.163019412268589,51.43689597303284,51.476146697998047,46108500
2025-08-18,51.407454692116673,51.574268385063625,51.309331632610082,51.515392303466797,25405100
2025-08-19,51.466333165131545,51.878454525994478,51.466333165131545,51.613517761230469,24870800
2025-08-20,51.65277006693124,52.015829906886559,51.525207085212585,51.878456115722656,39138800
2025-08-21,51.731272396071184,51.809770102435159,51.368208806778,51.711647033691406,29037000
2025-08-22,51.976584597688351,52.673268128515808,51.956959235011567,52.565330505371094,47249800
2025-08-25,52.467207166185197,52.575144788776605,52.241521111291888,52.261142730712891,24756500
2025-08-26,52.104142428349448,52.683077510582443,52.104142428349448,52.6634521484375,27907000
2025-08-27,52.535892151535649,52.928388159308511,52.506452237165284,52.771389007568359,39530100
2025-08-28,52.879323353130211,52.898948713777351,52.692888041714625,52.840072631835938,28837300
2025-08-29,52.889146687857483,53.124643568420368,52.791019868326764,52.977458953857422,36062400
2025-09-02,52.692894748523003,52.692894748523003,52.123770446781698,52.584957122802734,38733100
2025-09-03,52.49664306640625,52.594766135623452,52.133583218516414,52.49664306640625,36420100
2025-09-04,52.683078983028878,53.065767940818453,52.565330550023347,53.046142578125,32730000
2025-09-05,53.095203419034981,53.232577212937741,51.878457150036716,52.07470703125,58377100
2025-09-08,52.094331089470501,52.172828794097491,51.849019679884215,52.113956451416016,49490900
2025-09-09,51.986392548599163,52.584952976281699,51.966767187001622,52.339641571044922,38884500
2025-09-10,52.172828082210579,52.398517869926927,51.937331228387876,52.163017272949219,32915900
2025-09-11,52.19245801248735,53.055955286117381,52.182647202367214,53.016704559326172,36635400
2025-09-12,52.948014780474182,53.055952401704275,52.702703366098575,52.791015625,25705900
2025-09-15,52.879328054886528,53.075577935652618,52.614391277325588,52.673267364501953,31922000
2025-09-16,52.604576820307642,52.663449160246884,52.270953169084024,52.555515289306641,28482500
2025-09-17,52.663454865560901,53.311080620292408,52.643833245558689,53.065769195556641,47976100
2025-09-18,53.095204654196451,53.477889872729492,52.977456219991339,53.114830017089844,36609100
2025-09-19,53.242385272024642,53.389573611119495,52.90876161414392,53.232574462890625,46731400
2025-09-22,52.866351582021267,53.220763473384267,52.807281681635047,53.161693572998047,32393000
2025-09-23,53.112471664560076,53.644089512923195,52.797439700080581,52.925418853759766,28698900
2025-09-24,52.994337815477166,53.122316974466187,52.669458976172557,52.777751922607422,23893400
2025-09-25,52.639923095703125,52.876195188531682,52.413494108626921,52.639923095703125,24757500
2025-09-26,52.87619568477934,53.260140655837013,52.807282677434493,53.023868560791016,30686100
2025-09-29,53.201073693108377,53.309366633124206,52.905731701096151,53.289676666259766,20713800
2025-09-30,53.220767114047071,53.397973071850664,52.59069939992461,53.033714294433594,32442200
2025-10-01,52.77775074399004,52.925419867712918,52.541474888365187,52.561164855957031,33210100
2025-10-02,52.48240955576636,52.649768649679046,52.236290590263664,52.521785736083984,32443400
2025-10-03,52.590697790962203,53.132162509617267,52.551321611359633,52.886043548583984,32111600
2025-10-06,53.092781068368687,53.230607081761022,52.472560252625982,52.866352081298828,32001300
2025-10-07,53.043561349538372,53.210920446141955,52.689149432639681,52.935268402099609,31250500
2025-10-08,53.092784034329007,53.112474002410323,52.511943120101094,52.679302215576172,26848700
2025-10-09,52.797441217234038,52.974647171780489,52.364269437019445,52.492252349853516,33922400
2025-10-10,52.630079579583004,52.846665474672811,51.350261688232422,51.350261688232422,73596200
2025-10-13,51.734202026795245,52.000010940821298,51.527463012156232,51.842494964599609,39651900
2025-10-14,51.635753555854329,52.817125200480902,51.438857655837076,52.413490295410156,62588700
2025-10-15,52.600539334914231,52.925414377787305,52.039388460925075,52.413490295410156,39526600
2025-10-16,52.265821315053444,52.295354387833513,50.739884548622172,50.956466674804688,85420100
2025-10-17,51.094293514706045,51.547151463598837,50.926930682433586,51.369945526123047,52288900
2025-10-20,51.547153166074132,52.078770996059511,51.478240160943855,51.970478057861328,39479600
2025-10-21,51.842498276118796,52.305203128847218,51.842498276118796,51.911411285400391,31213600
2025-10-22,51.96063484353467,52.000014779366325,51.310880924221941,51.616069793701172,53727500
2025-10-23,51.773588278800105,51.862191260956308,51.478246256771932,51.724365234375,29483700
2025-10-24,52.029545202459481,52.452870102386768,51.99016902411153,52.285511016845703,31947800
2025-10-27,52.541470445175342,52.600540342955618,52.374111368013402,52.502094268798828,27154100
2025-10-28,52.502099414530825,52.571012424290139,52.118150674543713,52.167377471923828,33648000
2025-10-29,51.635757261803796,51.763740169322013,51.064759486320391,51.281345367431641,61846300
2025-10-30,51.212435163131872,52.000015107345497,51.212435163131872,51.419174194335938,48568700
2025-10-31,51.202583511236384,51.684978294393972,51.133670507282027,51.556995391845703,40425800
2025-11-03,51.517621904144647,51.527465010018908,50.848178040377007,51.340415954589844,38693200
2025-11-04,51.143519167598683,51.724360046705868,51.035226227438109,51.606220245361328,44675200
2025-11-05,51.675139003272406,52.000014080825878,51.369950137892921,51.783428192138672,38036300
2025-11-06,51.694824407656959,51.881877219682941,51.360102473769565,51.596378326416016,42625700
2025-11-07,51.468394416621443,51.980322291179903,51.281345363706258,51.96063232421875,46218700
2025-11-10,52.108306070057836,52.324891954775161,51.832654038946522,52.147686004638672,42010600
2025-11-11,52.246134701420765,52.511943639933754,52.059085636012711,52.383960723876953,29995800
2025-11-12,52.393803770585706,53.053400760161054,52.393803770585706,52.836814880371094,46052700
2025-11-13,52.738372658441335,52.92542172390808,52.059085652346639,52.15753173828125,50455300
2025-11-14,51.990173182807645,51.990173182807645,51.458555300075673,51.635761260986328,46154600
2025-11-17,51.655449082423381,51.675139050092547,50.454387342945871,50.651283264160156,70048500
2025-11-18,50.483918236770194,50.94662306832214,50.355939085662897,50.572521209716797,66043600
2025-11-19,50.582368941194474,50.848177864607841,50.395316130934745,50.759574890136719,46003900
2025-11-20,51.222278656407063,51.576690572850197,50.287029578043445,50.316562652587891,70096400
2025-11-21,50.661127484257044,51.163212282167805,50.346095505577807,50.867866516113281,68942900
2025-11-24,50.936776844482694,51.163205815823467,50.533141938096634,51.084445953369141,43789100
2025-11-25,51.301040292459525,51.842501292090752,51.104144359281555,51.724365234375,50989800
2025-11-26,51.852338758696995,52.324890449114704,51.783425752902154,52.127994537353516,35268500
2025-11-28,52.275661538379609,52.718676383039167,52.206748535374459,52.502094268798828,16136100
2025-12-01,52.246129892894643,52.571008706335782,52.019700911773739,52.068923950195312,29296300
2025-12-02,52.167379613321593,52.315048745091445,51.822810794903567,52.019706726074219,29771500
2025-12-03,52.118150462438528,52.767904377151638,52.059084314586563,52.718681335449219,32018000
2025-12-04,52.758059953667633,53.073091919269821,52.639923905436127,52.826972961425781,33678700
2025-12-05,52.708834604534182,53.092779561077641,52.620231633372072,52.846660614013672,28532300
2025-12-08,52.866350891090107,52.876193996620586,52.452869104744842,52.649765014648438,31164200
2025-12-09,52.669459123455866,53.112474016711253,52.423340155589251,52.452873229980469,46335400
2025-12-10,52.452874860579165,53.240458586617827,52.383961847872406,53.05340576171875,45437500
2025-12-11,53.122311857843513,54.126477597869574,53.092778786379434,54.018184661865234,51786500
2025-12-12,54.303689565155899,54.352912608218652,53.860674666636207,54.096950531005859,64428900
2025-12-15,54.323374886008686,54.451357791404625,53.968962997513543,54.136325836181641,35356800
2025-12-16,54.185551330579706,54.303687380272656,53.634243506217096,53.791759490966797,37342300
2025-12-17,53.94927666649069,54.215085600774771,53.732694529852743,53.781917572021484,41112400
2025-12-18,53.91974259279371,54.165861554552592,53.516107645728233,53.693313598632812,35021600
2025-12-19,53.713003057525469,54.16586104155833,53.713003057525469,53.988655090332031,46595300
2025-12-22,54.088438088331898,54.770099239049394,54.078560579743112,54.65155029296875,37987800
2025-12-23,54.641670632562487,54.888649792189433,54.641670632562487,54.760219573974609,24732900
2025-12-24,54.839251978115172,55.214661363026657,54.740461819845137,55.056594848632812,15685800
2025-12-26,55.036834400127105,55.125747047324516,54.770096458534866,54.947921752929688,20410100
2025-12-29,54.918288248102478,55.007200899813725,54.592273935626906,54.65155029296875,34223800
2025-12-30,54.730579852321497,54.730579852321497,54.473719431982182,54.513236999511719,16160900
2025-12-31,54.552755666003968,54.592269465726844,54.088433659684846,54.108192443847656,22996200
2026-01-02,54.167468088825146,54.335412099111288,53.683387304666063,54.266258239746094,36087100
2026-01-05,54.157587246763825,55.827164929770348,54.157587246763825,55.451759338378906,58044100
2026-01-06,55.362851438272081,55.837050990611942,55.313456358183082,55.718502044677734,38950800
2026-01-07,55.550552769413557,55.659224203874665,54.868891637706994,54.938045501708984,44720900
2026-01-08,54.779977476561321,55.570310020916004,54.740459907192879,55.224540710449219,35358300
2026-01-09,55.303574012910872,55.481399312679315,55.046717340247,55.056594848632812,29544900
2026-01-12,54.36504966702563,54.691063956203607,54.177346868427954,54.621910095214844,42021600
2026-01-13,54.483603736017841,54.56263510686631,53.495687104493335,53.574718475341797,77045100
2026-01-14,53.3968916558986,53.52532186953939,53.0412410757258,53.495685577392578,59754600
2026-01-15,53.564842715697488,54.039042262075924,53.554961438642081,53.713027954101562,48490800
2026-01-16,53.713023112692873,54.098309973859941,53.633991746388105,53.782176971435547,44363200
2026-01-20,52.962212732982223,53.456171062864762,52.458373126084361,52.557167053222656,57030800
2026-01-21,52.725109416884614,53.17955393021078,52.596682968551633,52.814022064208984,49360300
2026-01-22,53.00172734775736,53.396891728461988,52.991846071293153,53.159793853759766,46919300
2026-01-23,52.843660758664214,52.863415774356028,52.241031027789248,52.428733825683594,47057500
2026-01-26,52.458370046073469,52.902933270586516,52.448492538241069,52.764625549316406,31072700
2026-01-27,52.67571401137107,52.78438544282492,52.201514484792973,52.359580993652344,38633700
2026-01-28,52.290424576582367,52.567040011419742,52.122476799286353,52.349700927734375,45450800
2026-01-29,52.675714654354955,52.981970167772012,52.349704124616821,52.902935028076172,51975400
2026-01-30,52.734989348071032,53.011604791087819,52.379338767847855,52.794261932373047,42767000
2026-02-02,52.804142750410662,53.43640876816167,52.557163601689005,53.377132415771484,48031500
2026-02-03,53.070877635698238,53.515437062986464,52.517643017633915,52.883171081542969,66887100
2026-02-04,52.863416353746651,53.525322444759944,52.754748691839602,53.307979583740234,59506400
2026-02-05,53.288219727375676,53.406772432057906,52.53740477406857,52.646076202392578,64475000
2026-02-06,53.179554173243808,53.693267506129146,53.179554173243808,53.604354858398438,53073800
2026-02-09,53.426534764583685,53.732786517179491,53.248709464352508,53.288223266601562,31699900
2026-02-10,53.051124030704429,53.60435493416378,52.478130573718239,52.902935028076172,57920800
2026-02-11,53.021485003639405,53.278345444060193,52.05332713509074,52.102725982666016,60339900
2026-02-12,52.260792632428576,52.468254225813531,50.808553941527961,51.065410614013672,94645100
2026-02-13,50.927104050670728,51.302513443913895,50.630729800680044,51.025897979736328,56449300
2026-02-17,51.193835042587622,51.776705954678782,51.193835042587622,51.569244384765625,54064700
2026-02-18,51.717434785337531,52.142239243576384,51.648280921773342,51.954536437988281,45224000
2026-02-19,51.509970408251142,51.747072048076049,51.114806033346582,51.519851684570312,47344400
2026-02-20,51.411183971482679,51.86562473133057,51.095050941275183,51.855747222900391,52934100
2026-02-23,51.559365527624749,51.835984735754764,50.02809556529435,50.117008209228516,94600400
2026-02-24,49.840396160789126,50.561574869055484,49.632934567028187,50.363990783691406,64114100
2026-02-25,50.620851753964601,51.262995327351128,50.551694120052318,51.243236541748047,47652800
2026-02-26,51.44081901846387,52.023689985393347,51.351906370335549,51.865623474121094,60884300
2026-02-27,51.253115018602827,51.430940310711925,50.393624850541244,50.808551788330078,81998700
2026-03-02,49.998461257347998,51.006136672383327,49.850272255377,50.680122375488281,70107200
2026-03-03,49.682331672617117,50.927105054556456,49.47487007039441,50.591213226318359,94738700
2026-03-04,50.70976060821372,51.025893616987943,50.46278145957119,50.877704620361328,51472400
2026-03-05,50.620850820377839,51.193840517887594,50.294836516844143,50.610969543457031,58430700
2026-03-06,49.830512199471386,50.008337489859493,49.148851098718815,49.958942413330078,75632700
2026-03-09,49.316794300246379,49.909546514643289,48.585738135007041,49.721843719482422,78178700
2026-03-10,49.721842753889035,50.077489553297305,49.148849334626433,49.455104827880859,70834200
2026-03-11,49.376072006421538,49.514379729659801,48.625257036584024,49.040180206298828,56301200
2026-03-12,48.388152568760944,48.62525420091584,48.200449779398497,48.239967346191406,67871700
2026-03-13,48.516586793756581,48.862356110318132,48.259726356936945,48.299243927001953,47595200
2026-03-16,48.654893405518031,49.148851714203495,48.516585682062555,48.704288482666016,45720100
2026-03-17,49.099458852743702,49.583535906682592,48.911752275066874,48.961151123046875,46974000
2026-03-18,48.773445047334448,49.109336866599229,48.328881791160036,48.378280639648438,49239100
2026-03-19,48.180697891619843,48.585743587710844,47.933718716720378,48.398040771484375,58374000
2026-03-20,48.368397211877046,48.743806585799284,48.200453194013562,48.486949920654297,82914000
2026-03-23,49.351846193836607,49.510725222796459,48.875209106957051,48.924858093261719,81044800
2026-03-24,48.458150649972602,49.242617534741882,48.438290297297748,48.934787750244141,43296400
2026-03-25,49.242614402822802,49.600093152283904,48.646819012370777,48.994365692138672,40438800
2026-03-26,48.765979066607237,49.143318180895292,48.53759069921508,48.706398010253906,45035700
2026-03-27,48.448220732533613,48.497869718557645,47.336063748126151,47.475086212158203,64823900
2026-03-30,47.892142211017131,48.378711364894436,47.753123535044992,48.021232604980469,58128900
2026-03-31,48.577310003107229,49.113528172718397,48.170182234619126,49.024158477783203,85361900
2026-04-01,49.451144843709422,49.500793830694064,48.795768366777395,49.093666076660156,61558300
2026-04-02,48.487939635041045,49.461074119260999,48.25954748946139,49.183032989501953,39519800
2026-04-06,49.163175405523191,49.65967285121328,49.103598136344317,49.530586242675781,27345800
2026-04-07,49.272405449650996,49.669604921393024,49.153247123318344,49.530586242675781,31750000
2026-04-08,50.831407041164972,51.119376468298135,50.603018671086048,50.841339111328125,48175400
2026-04-09,50.583157285814806,51.178956480266194,50.444138610168594,50.970428466796875,30330500
2026-04-10,50.871125320676747,50.930706374890562,50.285258212152328,50.414348602294922,35427500
2026-04-13,50.146240880189339,51.308043058591558,50.06679947244826,51.298114776611328,33635900
2026-04-14,51.149161603958746,51.546361047866654,51.079652269471062,51.417270660400391,36498400
2026-04-15,51.705240758490604,51.963421536871792,51.45699204972582,51.804538726806641,33804700
2026-04-16,51.725100767735945,52.042858809815833,51.556289677145259,51.665519714355469,25432000
2026-04-17,52.003140196667403,52.608867672457961,51.933630858918463,52.062721252441406,45183400
2026-04-20,51.973348801142997,52.390404805476173,51.893907397665473,52.261318206787109,26160600
2026-04-21,52.340755805026902,52.817392861811015,51.834330115935849,51.933628082275391,34150100
2026-04-22,52.112370238455384,52.281181335828279,51.705242493935216,51.844261169433594,31838400
2026-04-23,51.715174930002455,51.80454083233424,50.940636351353454,51.4371337890625,44647900
2026-04-24,51.218678198351633,51.308044101915343,50.960497405917955,51.059795379638672,27225300
2026-04-27,50.95056980950622,51.536436953483658,50.910849104293355,51.447067260742188,25764300
2026-04-28,51.834332548422118,52.03293227839572,51.437133088474909,51.486782073974609,24337500
2026-04-29,51.764825295805252,51.933632610897433,51.337837184957472,51.556293487548828,22153100
2026-04-30,51.149164363504092,51.883982237985443,50.841338376443858,51.764823913574219,31406400
2026-05-01,52.032934373870717,52.241462394152208,51.556293487548828,51.556293487548828,39618200
2026-05-04,51.417273465566048,51.824401213194683,51.129307830395675,51.218677520751953,44456300
2026-05-05,51.208746825124962,51.407346563244147,51.020079157297957,51.228607177734375,27419600
2026-05-06,51.556290034074792,51.874051866329232,51.417271363199227,51.476852416992188,39084600
2026-05-07,51.417273100401495,51.715174591456623,51.059794341515186,51.188884735107422,36983100
2026-05-08,51.317974109230967,51.37755516385333,50.781755981553864,50.881057739257812,29627700
2026-05-11,50.90091359975721,51.099513324447216,50.603015906709544,50.821475982666016,30759200
2026-05-12,50.821478055174083,51.337835845235375,50.454071011698197,51.218677520751953,44193700
2026-05-13,50.781755638891489,50.970427083268511,50.603016264205209,50.632808685302734,33440200
2026-05-14,50.910849486111807,51.129309578446012,50.742038381678569,50.930709838867188,37059700
2026-05-15,50.960498820626725,51.139238208665887,50.682461456110246,50.742038726806641,29789800
2026-05-18,50.652666264199809,51.437133114607974,50.612949348564733,51.377555847167969,32974600
2026-05-19,51.268328608466391,51.427207643615091,50.692389738567982,50.742038726806641,35956300
2026-05-20,50.871126679940048,51.347763762462101,50.424278231333503,51.298114776611328,42148400
2026-05-21,51.099517110187215,51.466927953874723,50.851268382926712,51.367626190185547,33344200
2026-05-22,51.53643588509911,51.804541169790582,51.476854828514966,51.576152801513672,23308000
2026-05-26,51.63573281844851,51.864121182126979,51.357695469270332,51.486782073974609,24530200
2026-05-27,51.37755722908971,51.625805951366388,50.940637053578833,51.059795379638672,45239100
2026-05-28,50.831405303515091,51.139235072476644,50.662597996261013,50.910846710205078,40564600
2026-05-29,50.920776027581127,51.427205535591654,50.811545985148477,51.218677520751953,34240300
2026-06-01,50.871129110451804,51.238536168871185,50.831408404683494,51.069728851318359,34507600
2026-06-02,50.871125646912795,51.298113734913336,50.622876934725262,51.099514007568359,30988800
2026-06-03,50.781758061637035,50.801618413991328,50.166102290553496,50.513648986816406,44906700
2026-06-04,51.178957450874094,51.933631899255126,51.119376393906556,51.82440185546875,57368100
2026-06-05,52.013069485726717,52.112367452066259,51.695311447870637,51.933628082275391,42101700
2026-06-08,51.87405082719652,52.102439180199141,51.596009703040394,51.605941772460938,39102700
2026-06-09,51.814472870593974,52.330830660051859,51.675454194196632,52.092510223388672,41695100
2026-06-10,52.132229547054543,52.440059313765197,51.84426013187116,51.864120483398438,31128400
2026-06-11,51.983283277774923,52.400343119786434,51.675457272550425,52.251392364501953,41295600
2026-06-12,52.589007627898148,53.174874755188235,52.440060669554803,52.966346740722656,51023300
2026-06-15,53.383402768182791,53.591934570617461,53.105365415569679,53.184806823730469,37492400
2026-06-16,53.631654187788115,54.048714025687111,53.472775151439691,53.969272613525391,37478300
2026-06-17,53.909691893223282,54.505487294416966,53.522424503649901,53.671371459960938,49571900
2026-06-18,54.167867143504076,54.22744819689202,53.08550262879173,53.194732666015625,37816800
2026-06-22,53.430896614887949,53.82948745041152,53.381073710758479,53.510616302490234,27962800
2026-06-23,53.440865038745962,53.839452084677873,53.301359382607593,53.689983367919922,33375300
2026-06-24,53.670053752640015,53.90920522131924,53.351182593571679,53.530548095703125,30809600
2026-06-25,53.729837353620809,54.487159173998499,53.211674593880986,53.261497497558594,31634800
2026-06-26,53.371113751836859,53.749770886219785,53.012382739268496,53.381076812744141,26643000
2026-06-29,53.510618173105847,53.839452392850795,53.490688250508569,53.530548095703125,31628000
2026-06-30,53.470759491427962,53.660088058355782,53.211678094513879,53.420936584472656,27725300
2026-07-01,53.640160638010393,54.885752287959612,53.560440947816495,54.586807250976562,47809800
2026-07-02,55.085042312782697,55.443773305759315,54.81599406805023,55.423843383789062,46246100
2026-07-06,55.653034605514833,55.961942709845694,55.383990148389017,55.942012786865234,32043700
2026-07-07,56.111414448034296,56.390425763376278,55.812469408746082,55.852329254150391,27116500
2026-07-08,55.593246104406056,55.6032091648202,54.756208383591819,54.776138305664062,41648100
2026-07-09,54.875783990502256,55.493596368366646,54.77613818161069,55.344127655029297,26542000
2026-07-10,55.792542026786272,55.832398070046047,55.16476278020594,55.513526916503906,24046300
2026-07-13,55.782574484249054,55.961939981082971,55.413880430198873,55.872257232666016,33391000
2026-07-14,55.403916196659317,56.599684965192111,55.393953135804367,55.98187255859375,43208800
2026-07-15,56.101445668244359,56.619612237054668,55.981869937363193,56.360530853271484,49425400
2026-07-16,56.559824968787424,56.639544660391415,56.191130898229261,56.549861907958984,27591200
2026-07-17,56.230990731351739,56.739190460858175,55.922082628322109,56.061588287353516,42881800
2026-07-20,56.101446653224485,56.181166342707542,55.69289274773385,55.842365264892578,38162600
2026-07-21,55.792541273741165,56.141305405331778,55.523493028838146,55.912117004394531,26399000
2026-07-22,55.942012005688035,56.08151766335903,55.712823596479396,55.852329254150391,25430900
2026-07-23,55.483633716008917,55.662999214327968,55.254445312877678,55.633106231689453,24311000
2026-07-24,55.63310532767597,56.181164874192248,55.493595874727248,56.111412048339844,32212900
2026-07-27,56.559821866857234,56.928519718438892,56.390423233355321,56.679401397705078,29805900
2026-07-28,56.928522151876173,57.396862030029297,56.749156649181252,57.396862030029297,34204400
2026-07-29,57.087955668562408,57.267321164774465,56.390423605653737,56.480106353759766,49038800
2026-07-30,56.619615206539862,56.848803619933804,55.981872873401208,56.798980712890625,33184200
2026-07-31,56.609650353985565,56.918554648623228,56.490070819373535,56.739189147949219,32543500
